ano,edicao,id_usnews,universidade,bloco,area,indicador,tipo,valor,observacao
2026,2026-2027,500437,Universidade de São Paulo,Listagem,Geral,Best Universities in Brazil,posicao,1.0,
2026,2026-2027,500437,Universidade de São Paulo,Listagem,Geral,Best Global Universities,posicao,134.0,
2026,2026-2027,500437,Universidade de São Paulo,Listagem,Geral,Global Score,score,65.7,
2026,2026-2027,500437,Universidade de São Paulo,Listagem,Geral,Enrollment,valor,81876.0,
2026,2026-2027,500437,Universidade de São Paulo,Perfil institucional,Geral,Total number of students,valor,81876.0,
2026,2026-2027,500437,Universidade de São Paulo,Perfil institucional,Geral,Number of international students,valor,2491.0,
2026,2026-2027,500437,Universidade de São Paulo,Perfil institucional,Geral,Total number of academic staff,valor,6043.0,
2026,2026-2027,500437,Universidade de São Paulo,Perfil institucional,Geral,Number of international staff,valor,275.0,
2026,2026-2027,500437,Universidade de São Paulo,Perfil institucional,Geral,Number of undergraduate degrees awarded,valor,8989.0,
2026,2026-2027,500437,Universidade de São Paulo,Perfil institucional,Geral,Number of master's degrees awarded,valor,3991.0,
2026,2026-2027,500437,Universidade de São Paulo,Perfil institucional,Geral,Number of doctoral degrees awarded,valor,2920.0,
2026,2026-2027,500437,Universidade de São Paulo,Perfil institucional,Geral,Number of research only staff,valor,4205.0,
2026,2026-2027,500437,Universidade de São Paulo,Perfil institucional,Geral,Number of new undergraduate students,valor,10803.0,
2026,2026-2027,500437,Universidade de São Paulo,Perfil institucional,Geral,Number of new master's students,valor,4086.0,
2026,2026-2027,500437,Universidade de São Paulo,Perfil institucional,Geral,Number of new doctoral students,valor,2855.0,
2026,2026-2027,500437,Universidade de São Paulo,Ranking geral,Geral,Global score,score,65.7,
2026,2026-2027,500437,Universidade de São Paulo,Ranking geral,Geral,Best Global Universities,posicao,134.0,
2026,2026-2027,500437,Universidade de São Paulo,Ranking geral,Geral,Best Global Universities in Latin America,posicao,1.0,
2026,2026-2027,500437,Universidade de São Paulo,Ranking geral,Geral,Best Global Universities in Brazil,posicao,1.0,
2026,2026-2027,500437,Universidade de São Paulo,Ranking por area,Agricultural Sciences,Posicao na area,posicao,19.0,
2026,2026-2027,500437,Universidade de São Paulo,Ranking por area,Agricultural Sciences,Score na area,score,69.2,
2026,2026-2027,500437,Universidade de São Paulo,Ranking por area,Arts and Humanities,Posicao na area,posicao,217.0,empate
2026,2026-2027,500437,Universidade de São Paulo,Ranking por area,Arts and Humanities,Score na area,score,41.8,
2026,2026-2027,500437,Universidade de São Paulo,Ranking por area,Biology and Biochemistry,Posicao na area,posicao,76.0,empate
2026,2026-2027,500437,Universidade de São Paulo,Ranking por area,Biology and Biochemistry,Score na area,score,54.2,
2026,2026-2027,500437,Universidade de São Paulo,Ranking por area,Biotechnology and Applied Microbiology,Posicao na area,posicao,74.0,empate
2026,2026-2027,500437,Universidade de São Paulo,Ranking por area,Biotechnology and Applied Microbiology,Score na area,score,49.0,
2026,2026-2027,500437,Universidade de São Paulo,Ranking por area,Cardiac and Cardiovascular Systems,Posicao na area,posicao,106.0,
2026,2026-2027,500437,Universidade de São Paulo,Ranking por area,Cardiac and Cardiovascular Systems,Score na area,score,54.3,
2026,2026-2027,500437,Universidade de São Paulo,Ranking por area,Cell Biology,Posicao na area,posicao,188.0,
2026,2026-2027,500437,Universidade de São Paulo,Ranking por area,Cell Biology,Score na area,score,35.0,
2026,2026-2027,500437,Universidade de São Paulo,Ranking por area,Chemical Engineering,Posicao na area,posicao,272.0,
2026,2026-2027,500437,Universidade de São Paulo,Ranking por area,Chemical Engineering,Score na area,score,43.4,
2026,2026-2027,500437,Universidade de São Paulo,Ranking por area,Chemistry,Posicao na area,posicao,136.0,empate
2026,2026-2027,500437,Universidade de São Paulo,Ranking por area,Chemistry,Score na area,score,61.8,
2026,2026-2027,500437,Universidade de São Paulo,Ranking por area,Civil Engineering,Posicao na area,posicao,238.0,
2026,2026-2027,500437,Universidade de São Paulo,Ranking por area,Civil Engineering,Score na area,score,16.4,
2026,2026-2027,500437,Universidade de São Paulo,Ranking por area,Clinical Medicine,Posicao na area,posicao,76.0,
2026,2026-2027,500437,Universidade de São Paulo,Ranking por area,Clinical Medicine,Score na area,score,68.4,
2026,2026-2027,500437,Universidade de São Paulo,Ranking por area,Computer Science,Posicao na area,posicao,246.0,empate
2026,2026-2027,500437,Universidade de São Paulo,Ranking por area,Computer Science,Score na area,score,43.6,
2026,2026-2027,500437,Universidade de São Paulo,Ranking por area,Ecology,Posicao na area,posicao,33.0,empate
2026,2026-2027,500437,Universidade de São Paulo,Ranking por area,Ecology,Score na area,score,72.2,
2026,2026-2027,500437,Universidade de São Paulo,Ranking por area,Economics and Business,Posicao na area,posicao,299.0,empate
2026,2026-2027,500437,Universidade de São Paulo,Ranking por area,Economics and Business,Score na area,score,33.1,
2026,2026-2027,500437,Universidade de São Paulo,Ranking por area,Electrical and Electronic Engineering,Posicao na area,posicao,548.0,empate
2026,2026-2027,500437,Universidade de São Paulo,Ranking por area,Electrical and Electronic Engineering,Score na area,score,33.2,
2026,2026-2027,500437,Universidade de São Paulo,Ranking por area,Endocrinology and Metabolism,Posicao na area,posicao,95.0,empate
2026,2026-2027,500437,Universidade de São Paulo,Ranking por area,Endocrinology and Metabolism,Score na area,score,53.3,
2026,2026-2027,500437,Universidade de São Paulo,Ranking por area,Energy and Fuels,Posicao na area,posicao,340.0,empate
2026,2026-2027,500437,Universidade de São Paulo,Ranking por area,Energy and Fuels,Score na area,score,42.4,
2026,2026-2027,500437,Universidade de São Paulo,Ranking por area,Engineering,Posicao na area,posicao,221.0,empate
2026,2026-2027,500437,Universidade de São Paulo,Ranking por area,Engineering,Score na area,score,54.3,
2026,2026-2027,500437,Universidade de São Paulo,Ranking por area,Environmental Engineering,Posicao na area,posicao,231.0,
2026,2026-2027,500437,Universidade de São Paulo,Ranking por area,Environmental Engineering,Score na area,score,24.2,
2026,2026-2027,500437,Universidade de São Paulo,Ranking por area,Environment/Ecology,Posicao na area,posicao,36.0,
2026,2026-2027,500437,Universidade de São Paulo,Ranking por area,Environment/Ecology,Score na area,score,75.7,
2026,2026-2027,500437,Universidade de São Paulo,Ranking por area,Food Science and Technology,Posicao na area,posicao,51.0,
2026,2026-2027,500437,Universidade de São Paulo,Ranking por area,Food Science and Technology,Score na area,score,52.1,
2026,2026-2027,500437,Universidade de São Paulo,Ranking por area,Gastroenterology and Hepatology,Posicao na area,posicao,158.0,empate
2026,2026-2027,500437,Universidade de São Paulo,Ranking por area,Gastroenterology and Hepatology,Score na area,score,40.6,
2026,2026-2027,500437,Universidade de São Paulo,Ranking por area,Geosciences,Posicao na area,posicao,105.0,empate
2026,2026-2027,500437,Universidade de São Paulo,Ranking por area,Geosciences,Score na area,score,57.9,
2026,2026-2027,500437,Universidade de São Paulo,Ranking por area,Green and Sustainable Science and Technology,Posicao na area,posicao,140.0,empate
2026,2026-2027,500437,Universidade de São Paulo,Ranking por area,Green and Sustainable Science and Technology,Score na area,score,47.1,
2026,2026-2027,500437,Universidade de São Paulo,Ranking por area,Immunology,Posicao na area,posicao,83.0,
2026,2026-2027,500437,Universidade de São Paulo,Ranking por area,Immunology,Score na area,score,46.4,
2026,2026-2027,500437,Universidade de São Paulo,Ranking por area,Infectious Diseases,Posicao na area,posicao,74.0,
2026,2026-2027,500437,Universidade de São Paulo,Ranking por area,Infectious Diseases,Score na area,score,58.7,
2026,2026-2027,500437,Universidade de São Paulo,Ranking por area,Marine and Freshwater Biology,Posicao na area,posicao,26.0,
2026,2026-2027,500437,Universidade de São Paulo,Ranking por area,Marine and Freshwater Biology,Score na area,score,56.9,
2026,2026-2027,500437,Universidade de São Paulo,Ranking por area,Materials Science,Posicao na area,posicao,243.0,empate
2026,2026-2027,500437,Universidade de São Paulo,Ranking por area,Materials Science,Score na area,score,45.7,
2026,2026-2027,500437,Universidade de São Paulo,Ranking por area,Mathematics,Posicao na area,posicao,133.0,
2026,2026-2027,500437,Universidade de São Paulo,Ranking por area,Mathematics,Score na area,score,57.5,
2026,2026-2027,500437,Universidade de São Paulo,Ranking por area,Mechanical Engineering,Posicao na area,posicao,180.0,
2026,2026-2027,500437,Universidade de São Paulo,Ranking por area,Mechanical Engineering,Score na area,score,35.7,
2026,2026-2027,500437,Universidade de São Paulo,Ranking por area,Microbiology,Posicao na area,posicao,29.0,empate
2026,2026-2027,500437,Universidade de São Paulo,Ranking por area,Microbiology,Score na area,score,59.3,
2026,2026-2027,500437,Universidade de São Paulo,Ranking por area,Molecular Biology and Genetics,Posicao na area,posicao,165.0,empate
2026,2026-2027,500437,Universidade de São Paulo,Ranking por area,Molecular Biology and Genetics,Score na area,score,41.3,
2026,2026-2027,500437,Universidade de São Paulo,Ranking por area,Neuroscience and Behavior,Posicao na area,posicao,130.0,
2026,2026-2027,500437,Universidade de São Paulo,Ranking por area,Neuroscience and Behavior,Score na area,score,44.1,
2026,2026-2027,500437,Universidade de São Paulo,Ranking por area,Oncology,Posicao na area,posicao,234.0,
2026,2026-2027,500437,Universidade de São Paulo,Ranking por area,Oncology,Score na area,score,40.9,
2026,2026-2027,500437,Universidade de São Paulo,Ranking por area,Optics,Posicao na area,posicao,215.0,empate
2026,2026-2027,500437,Universidade de São Paulo,Ranking por area,Optics,Score na area,score,35.9,
2026,2026-2027,500437,Universidade de São Paulo,Ranking por area,Pharmacology and Toxicology,Posicao na area,posicao,48.0,
2026,2026-2027,500437,Universidade de São Paulo,Ranking por area,Pharmacology and Toxicology,Score na area,score,68.2,
2026,2026-2027,500437,Universidade de São Paulo,Ranking por area,Physical Chemistry,Posicao na area,posicao,443.0,empate
2026,2026-2027,500437,Universidade de São Paulo,Ranking por area,Physical Chemistry,Score na area,score,44.0,
2026,2026-2027,500437,Universidade de São Paulo,Ranking por area,Physics,Posicao na area,posicao,115.0,empate
2026,2026-2027,500437,Universidade de São Paulo,Ranking por area,Physics,Score na area,score,62.5,
2026,2026-2027,500437,Universidade de São Paulo,Ranking por area,Plant and Animal Science,Posicao na area,posicao,18.0,
2026,2026-2027,500437,Universidade de São Paulo,Ranking por area,Plant and Animal Science,Score na area,score,83.0,
2026,2026-2027,500437,Universidade de São Paulo,Ranking por area,Polymer Science,Posicao na area,posicao,110.0,
2026,2026-2027,500437,Universidade de São Paulo,Ranking por area,Polymer Science,Score na area,score,42.3,
2026,2026-2027,500437,Universidade de São Paulo,Ranking por area,Psychiatry/Psychology,Posicao na area,posicao,78.0,empate
2026,2026-2027,500437,Universidade de São Paulo,Ranking por area,Psychiatry/Psychology,Score na area,score,59.4,
2026,2026-2027,500437,Universidade de São Paulo,Ranking por area,"Public, Environmental and Occupational Health",Posicao na area,posicao,65.0,
2026,2026-2027,500437,Universidade de São Paulo,Ranking por area,"Public, Environmental and Occupational Health",Score na area,score,68.6,
2026,2026-2027,500437,Universidade de São Paulo,Ranking por area,"Radiology, Nuclear Medicine and Medical Imaging",Posicao na area,posicao,157.0,empate
2026,2026-2027,500437,Universidade de São Paulo,Ranking por area,"Radiology, Nuclear Medicine and Medical Imaging",Score na area,score,47.6,
2026,2026-2027,500437,Universidade de São Paulo,Ranking por area,Social Sciences and Public Health,Posicao na area,posicao,108.0,
2026,2026-2027,500437,Universidade de São Paulo,Ranking por area,Social Sciences and Public Health,Score na area,score,62.1,
2026,2026-2027,500437,Universidade de São Paulo,Ranking por area,Space Science,Posicao na area,posicao,138.0,
2026,2026-2027,500437,Universidade de São Paulo,Ranking por area,Space Science,Score na area,score,49.9,
2026,2026-2027,500437,Universidade de São Paulo,Ranking por area,Surgery,Posicao na area,posicao,166.0,empate
2026,2026-2027,500437,Universidade de São Paulo,Ranking por area,Surgery,Score na area,score,44.7,
2026,2026-2027,500437,Universidade de São Paulo,Ranking por area,Water Resources,Posicao na area,posicao,124.0,empate
2026,2026-2027,500437,Universidade de São Paulo,Ranking por area,Water Resources,Score na area,score,35.2,
2026,2026-2027,500437,Universidade de São Paulo,Indicador,Geral,Global research reputation,posicao,85.0,
2026,2026-2027,500437,Universidade de São Paulo,Indicador,Geral,Regional research reputation,posicao,1.0,
2026,2026-2027,500437,Universidade de São Paulo,Indicador,Geral,Publications,posicao,19.0,
2026,2026-2027,500437,Universidade de São Paulo,Indicador,Geral,Books,posicao,265.0,
2026,2026-2027,500437,Universidade de São Paulo,Indicador,Geral,Conferences,posicao,129.0,
2026,2026-2027,500437,Universidade de São Paulo,Indicador,Geral,Normalized citation impact,posicao,1717.0,
2026,2026-2027,500437,Universidade de São Paulo,Indicador,Geral,Total citations,posicao,66.0,
2026,2026-2027,500437,Universidade de São Paulo,Indicador,Geral,Number of publications that are among the 10% most cited,posicao,122.0,
2026,2026-2027,500437,Universidade de São Paulo,Indicador,Geral,Percentage of total publications that are among the 10% most cited,posicao,2081.0,
2026,2026-2027,500437,Universidade de São Paulo,Indicador,Geral,International collaboration - relative to country,posicao,247.0,
2026,2026-2027,500437,Universidade de São Paulo,Indicador,Geral,International collaboration,posicao,934.0,
2026,2026-2027,500437,Universidade de São Paulo,Indicador,Geral,Number of highly cited papers that are among the top 1% most cited,posicao,138.0,
2026,2026-2027,500437,Universidade de São Paulo,Indicador,Geral,Percentage of highly cited papers that are among the top 1% most cited,posicao,1706.0,
2026,2026-2027,500437,Universidade de São Paulo,Indicador,Agricultural Sciences,Global research reputation,posicao,39.0,
2026,2026-2027,500437,Universidade de São Paulo,Indicador,Agricultural Sciences,Regional research reputation,posicao,1.0,
2026,2026-2027,500437,Universidade de São Paulo,Indicador,Agricultural Sciences,Publications,posicao,9.0,
2026,2026-2027,500437,Universidade de São Paulo,Indicador,Agricultural Sciences,Normalized citation impact,posicao,448.0,
2026,2026-2027,500437,Universidade de São Paulo,Indicador,Agricultural Sciences,Total citations,posicao,22.0,
2026,2026-2027,500437,Universidade de São Paulo,Indicador,Agricultural Sciences,Number of publications that are among the 10% most cited,posicao,47.0,
2026,2026-2027,500437,Universidade de São Paulo,Indicador,Agricultural Sciences,Percentage of total publications that are among the 10% most cited,posicao,424.0,
2026,2026-2027,500437,Universidade de São Paulo,Indicador,Agricultural Sciences,International collaboration - relative to country,posicao,26.0,
2026,2026-2027,500437,Universidade de São Paulo,Indicador,Agricultural Sciences,International collaboration,posicao,301.0,
2026,2026-2027,500437,Universidade de São Paulo,Indicador,Agricultural Sciences,Number of highly cited papers that are among the top 1% most cited,posicao,111.0,
2026,2026-2027,500437,Universidade de São Paulo,Indicador,Agricultural Sciences,Percentage of highly cited papers that are among the top 1% most cited,posicao,441.0,
2026,2026-2027,500437,Universidade de São Paulo,Indicador,Arts and Humanities,Global research reputation,posicao,88.0,
2026,2026-2027,500437,Universidade de São Paulo,Indicador,Arts and Humanities,Regional research reputation,posicao,2.0,
2026,2026-2027,500437,Universidade de São Paulo,Indicador,Arts and Humanities,Publications,posicao,194.0,
2026,2026-2027,500437,Universidade de São Paulo,Indicador,Arts and Humanities,Books,posicao,295.0,
2026,2026-2027,500437,Universidade de São Paulo,Indicador,Arts and Humanities,Conferences,posicao,92.0,
2026,2026-2027,500437,Universidade de São Paulo,Indicador,Arts and Humanities,Normalized citation impact,posicao,365.0,
2026,2026-2027,500437,Universidade de São Paulo,Indicador,Arts and Humanities,Total citations,posicao,343.0,
2026,2026-2027,500437,Universidade de São Paulo,Indicador,Arts and Humanities,Number of publications that are among the 10% most cited,posicao,348.0,
2026,2026-2027,500437,Universidade de São Paulo,Indicador,Arts and Humanities,Percentage of total publications that are among the 10% most cited,posicao,366.0,
2026,2026-2027,500437,Universidade de São Paulo,Indicador,Arts and Humanities,International collaboration - relative to country,posicao,67.0,
2026,2026-2027,500437,Universidade de São Paulo,Indicador,Arts and Humanities,International collaboration,posicao,86.0,
2026,2026-2027,500437,Universidade de São Paulo,Indicador,Biology and Biochemistry,Global research reputation,posicao,59.0,
2026,2026-2027,500437,Universidade de São Paulo,Indicador,Biology and Biochemistry,Regional research reputation,posicao,1.0,
2026,2026-2027,500437,Universidade de São Paulo,Indicador,Biology and Biochemistry,Publications,posicao,7.0,
2026,2026-2027,500437,Universidade de São Paulo,Indicador,Biology and Biochemistry,Normalized citation impact,posicao,765.0,
2026,2026-2027,500437,Universidade de São Paulo,Indicador,Biology and Biochemistry,Total citations,posicao,58.0,
2026,2026-2027,500437,Universidade de São Paulo,Indicador,Biology and Biochemistry,Number of publications that are among the 10% most cited,posicao,110.0,
2026,2026-2027,500437,Universidade de São Paulo,Indicador,Biology and Biochemistry,Percentage of total publications that are among the 10% most cited,posicao,778.0,
2026,2026-2027,500437,Universidade de São Paulo,Indicador,Biology and Biochemistry,International collaboration - relative to country,posicao,78.0,
2026,2026-2027,500437,Universidade de São Paulo,Indicador,Biology and Biochemistry,International collaboration,posicao,346.0,
2026,2026-2027,500437,Universidade de São Paulo,Indicador,Biology and Biochemistry,Number of highly cited papers that are among the top 1% most cited,posicao,94.0,
2026,2026-2027,500437,Universidade de São Paulo,Indicador,Biology and Biochemistry,Percentage of highly cited papers that are among the top 1% most cited,posicao,637.0,
2026,2026-2027,500437,Universidade de São Paulo,Indicador,Biotechnology and Applied Microbiology,Publications,posicao,11.0,
2026,2026-2027,500437,Universidade de São Paulo,Indicador,Biotechnology and Applied Microbiology,Conferences,posicao,62.0,substituto
2026,2026-2027,500437,Universidade de São Paulo,Indicador,Biotechnology and Applied Microbiology,Normalized citation impact,posicao,275.0,
2026,2026-2027,500437,Universidade de São Paulo,Indicador,Biotechnology and Applied Microbiology,Total citations,posicao,49.0,
2026,2026-2027,500437,Universidade de São Paulo,Indicador,Biotechnology and Applied Microbiology,Number of publications that are among the 10% most cited,posicao,99.0,
2026,2026-2027,500437,Universidade de São Paulo,Indicador,Biotechnology and Applied Microbiology,Percentage of total publications that are among the 10% most cited,posicao,281.0,
2026,2026-2027,500437,Universidade de São Paulo,Indicador,Biotechnology and Applied Microbiology,International collaboration - relative to country,posicao,31.0,
2026,2026-2027,500437,Universidade de São Paulo,Indicador,Biotechnology and Applied Microbiology,International collaboration,posicao,121.0,
2026,2026-2027,500437,Universidade de São Paulo,Indicador,Biotechnology and Applied Microbiology,Number of highly cited papers that are among the top 1% most cited,posicao,104.0,
2026,2026-2027,500437,Universidade de São Paulo,Indicador,Biotechnology and Applied Microbiology,Percentage of highly cited papers that are among the top 1% most cited,posicao,220.0,
2026,2026-2027,500437,Universidade de São Paulo,Indicador,Cardiac and Cardiovascular Systems,Publications,posicao,67.0,
2026,2026-2027,500437,Universidade de São Paulo,Indicador,Cardiac and Cardiovascular Systems,Conferences,posicao,82.0,
2026,2026-2027,500437,Universidade de São Paulo,Indicador,Cardiac and Cardiovascular Systems,Normalized citation impact,posicao,138.0,
2026,2026-2027,500437,Universidade de São Paulo,Indicador,Cardiac and Cardiovascular Systems,Total citations,posicao,70.0,
2026,2026-2027,500437,Universidade de São Paulo,Indicador,Cardiac and Cardiovascular Systems,Number of publications that are among the 10% most cited,posicao,109.0,
2026,2026-2027,500437,Universidade de São Paulo,Indicador,Cardiac and Cardiovascular Systems,Percentage of total publications that are among the 10% most cited,posicao,247.0,
2026,2026-2027,500437,Universidade de São Paulo,Indicador,Cardiac and Cardiovascular Systems,International collaboration - relative to country,posicao,118.0,
2026,2026-2027,500437,Universidade de São Paulo,Indicador,Cardiac and Cardiovascular Systems,International collaboration,posicao,141.0,
2026,2026-2027,500437,Universidade de São Paulo,Indicador,Cardiac and Cardiovascular Systems,Number of highly cited papers that are among the top 1% most cited,posicao,90.0,
2026,2026-2027,500437,Universidade de São Paulo,Indicador,Cardiac and Cardiovascular Systems,Percentage of highly cited papers that are among the top 1% most cited,posicao,184.0,
2026,2026-2027,500437,Universidade de São Paulo,Indicador,Cell Biology,Publications,posicao,68.0,
2026,2026-2027,500437,Universidade de São Paulo,Indicador,Cell Biology,Conferences,posicao,11.0,substituto
2026,2026-2027,500437,Universidade de São Paulo,Indicador,Cell Biology,Normalized citation impact,posicao,340.0,
2026,2026-2027,500437,Universidade de São Paulo,Indicador,Cell Biology,Total citations,posicao,149.0,
2026,2026-2027,500437,Universidade de São Paulo,Indicador,Cell Biology,Number of publications that are among the 10% most cited,posicao,172.0,
2026,2026-2027,500437,Universidade de São Paulo,Indicador,Cell Biology,Percentage of total publications that are among the 10% most cited,posicao,342.0,
2026,2026-2027,500437,Universidade de São Paulo,Indicador,Cell Biology,International collaboration - relative to country,posicao,86.0,
2026,2026-2027,500437,Universidade de São Paulo,Indicador,Cell Biology,International collaboration,posicao,170.0,
2026,2026-2027,500437,Universidade de São Paulo,Indicador,Cell Biology,Number of highly cited papers that are among the top 1% most cited,posicao,163.0,
2026,2026-2027,500437,Universidade de São Paulo,Indicador,Cell Biology,Percentage of highly cited papers that are among the top 1% most cited,posicao,292.0,
2026,2026-2027,500437,Universidade de São Paulo,Indicador,Chemical Engineering,Publications,posicao,79.0,
2026,2026-2027,500437,Universidade de São Paulo,Indicador,Chemical Engineering,Conferences,posicao,67.0,
2026,2026-2027,500437,Universidade de São Paulo,Indicador,Chemical Engineering,Normalized citation impact,posicao,414.0,
2026,2026-2027,500437,Universidade de São Paulo,Indicador,Chemical Engineering,Total citations,posicao,194.0,
2026,2026-2027,500437,Universidade de São Paulo,Indicador,Chemical Engineering,Number of publications that are among the 10% most cited,posicao,307.0,
2026,2026-2027,500437,Universidade de São Paulo,Indicador,Chemical Engineering,Percentage of total publications that are among the 10% most cited,posicao,418.0,
2026,2026-2027,500437,Universidade de São Paulo,Indicador,Chemical Engineering,International collaboration - relative to country,posicao,72.0,
2026,2026-2027,500437,Universidade de São Paulo,Indicador,Chemical Engineering,International collaboration,posicao,200.0,
2026,2026-2027,500437,Universidade de São Paulo,Indicador,Chemical Engineering,Number of highly cited papers that are among the top 1% most cited,posicao,388.0,
2026,2026-2027,500437,Universidade de São Paulo,Indicador,Chemical Engineering,Percentage of highly cited papers that are among the top 1% most cited,posicao,423.0,
2026,2026-2027,500437,Universidade de São Paulo,Indicador,Chemistry,Global research reputation,posicao,96.0,
2026,2026-2027,500437,Universidade de São Paulo,Indicador,Chemistry,Regional research reputation,posicao,1.0,
2026,2026-2027,500437,Universidade de São Paulo,Indicador,Chemistry,Publications,posicao,42.0,
2026,2026-2027,500437,Universidade de São Paulo,Indicador,Chemistry,Normalized citation impact,posicao,1417.0,
2026,2026-2027,500437,Universidade de São Paulo,Indicador,Chemistry,Total citations,posicao,128.0,
2026,2026-2027,500437,Universidade de São Paulo,Indicador,Chemistry,Number of publications that are among the 10% most cited,posicao,220.0,
2026,2026-2027,500437,Universidade de São Paulo,Indicador,Chemistry,Percentage of total publications that are among the 10% most cited,posicao,1362.0,
2026,2026-2027,500437,Universidade de São Paulo,Indicador,Chemistry,International collaboration - relative to country,posicao,192.0,
2026,2026-2027,500437,Universidade de São Paulo,Indicador,Chemistry,International collaboration,posicao,694.0,
2026,2026-2027,500437,Universidade de São Paulo,Indicador,Chemistry,Number of highly cited papers that are among the top 1% most cited,posicao,312.0,
2026,2026-2027,500437,Universidade de São Paulo,Indicador,Chemistry,Percentage of highly cited papers that are among the top 1% most cited,posicao,1233.0,
2026,2026-2027,500437,Universidade de São Paulo,Indicador,Civil Engineering,Publications,posicao,123.0,
2026,2026-2027,500437,Universidade de São Paulo,Indicador,Civil Engineering,Conferences,posicao,70.0,
2026,2026-2027,500437,Universidade de São Paulo,Indicador,Civil Engineering,Normalized citation impact,posicao,267.0,
2026,2026-2027,500437,Universidade de São Paulo,Indicador,Civil Engineering,Total citations,posicao,228.0,
2026,2026-2027,500437,Universidade de São Paulo,Indicador,Civil Engineering,Number of publications that are among the 10% most cited,posicao,262.0,
2026,2026-2027,500437,Universidade de São Paulo,Indicador,Civil Engineering,Percentage of total publications that are among the 10% most cited,posicao,267.0,
2026,2026-2027,500437,Universidade de São Paulo,Indicador,Civil Engineering,International collaboration - relative to country,posicao,19.0,
2026,2026-2027,500437,Universidade de São Paulo,Indicador,Civil Engineering,International collaboration,posicao,97.0,
2026,2026-2027,500437,Universidade de São Paulo,Indicador,Civil Engineering,Number of highly cited papers that are among the top 1% most cited,posicao,195.0,substituto
2026,2026-2027,500437,Universidade de São Paulo,Indicador,Civil Engineering,Percentage of highly cited papers that are among the top 1% most cited,posicao,240.0,substituto
2026,2026-2027,500437,Universidade de São Paulo,Indicador,Clinical Medicine,Global research reputation,posicao,71.0,
2026,2026-2027,500437,Universidade de São Paulo,Indicador,Clinical Medicine,Regional research reputation,posicao,1.0,
2026,2026-2027,500437,Universidade de São Paulo,Indicador,Clinical Medicine,Publications,posicao,40.0,
2026,2026-2027,500437,Universidade de São Paulo,Indicador,Clinical Medicine,Normalized citation impact,posicao,750.0,
2026,2026-2027,500437,Universidade de São Paulo,Indicador,Clinical Medicine,Total citations,posicao,64.0,
2026,2026-2027,500437,Universidade de São Paulo,Indicador,Clinical Medicine,Number of publications that are among the 10% most cited,posicao,116.0,
2026,2026-2027,500437,Universidade de São Paulo,Indicador,Clinical Medicine,Percentage of total publications that are among the 10% most cited,posicao,1030.0,
2026,2026-2027,500437,Universidade de São Paulo,Indicador,Clinical Medicine,International collaboration - relative to country,posicao,294.0,
2026,2026-2027,500437,Universidade de São Paulo,Indicador,Clinical Medicine,International collaboration,posicao,566.0,
2026,2026-2027,500437,Universidade de São Paulo,Indicador,Clinical Medicine,Number of highly cited papers that are among the top 1% most cited,posicao,96.0,
2026,2026-2027,500437,Universidade de São Paulo,Indicador,Clinical Medicine,Percentage of highly cited papers that are among the top 1% most cited,posicao,740.0,
2026,2026-2027,500437,Universidade de São Paulo,Indicador,Computer Science,Global research reputation,posicao,134.0,
2026,2026-2027,500437,Universidade de São Paulo,Indicador,Computer Science,Regional research reputation,posicao,1.0,
2026,2026-2027,500437,Universidade de São Paulo,Indicador,Computer Science,Publications,posicao,133.0,
2026,2026-2027,500437,Universidade de São Paulo,Indicador,Computer Science,Conferences,posicao,171.0,
2026,2026-2027,500437,Universidade de São Paulo,Indicador,Computer Science,Normalized citation impact,posicao,1006.0,
2026,2026-2027,500437,Universidade de São Paulo,Indicador,Computer Science,Total citations,posicao,337.0,
2026,2026-2027,500437,Universidade de São Paulo,Indicador,Computer Science,Number of publications that are among the 10% most cited,posicao,416.0,
2026,2026-2027,500437,Universidade de São Paulo,Indicador,Computer Science,Percentage of total publications that are among the 10% most cited,posicao,1024.0,
2026,2026-2027,500437,Universidade de São Paulo,Indicador,Computer Science,International collaboration - relative to country,posicao,318.0,
2026,2026-2027,500437,Universidade de São Paulo,Indicador,Computer Science,International collaboration,posicao,501.0,
2026,2026-2027,500437,Universidade de São Paulo,Indicador,Computer Science,Number of highly cited papers that are among the top 1% most cited,posicao,627.0,
2026,2026-2027,500437,Universidade de São Paulo,Indicador,Computer Science,Percentage of highly cited papers that are among the top 1% most cited,posicao,953.0,
2026,2026-2027,500437,Universidade de São Paulo,Indicador,Ecology,Publications,posicao,10.0,
2026,2026-2027,500437,Universidade de São Paulo,Indicador,Ecology,Conferences,posicao,21.0,substituto
2026,2026-2027,500437,Universidade de São Paulo,Indicador,Ecology,Normalized citation impact,posicao,229.0,
2026,2026-2027,500437,Universidade de São Paulo,Indicador,Ecology,Total citations,posicao,23.0,
2026,2026-2027,500437,Universidade de São Paulo,Indicador,Ecology,Number of publications that are among the 10% most cited,posicao,31.0,
2026,2026-2027,500437,Universidade de São Paulo,Indicador,Ecology,Percentage of total publications that are among the 10% most cited,posicao,262.0,
2026,2026-2027,500437,Universidade de São Paulo,Indicador,Ecology,International collaboration - relative to country,posicao,25.0,
2026,2026-2027,500437,Universidade de São Paulo,Indicador,Ecology,International collaboration,posicao,159.0,
2026,2026-2027,500437,Universidade de São Paulo,Indicador,Ecology,Number of highly cited papers that are among the top 1% most cited,posicao,30.0,
2026,2026-2027,500437,Universidade de São Paulo,Indicador,Ecology,Percentage of highly cited papers that are among the top 1% most cited,posicao,196.0,
2026,2026-2027,500437,Universidade de São Paulo,Indicador,Economics and Business,Global research reputation,posicao,113.0,
2026,2026-2027,500437,Universidade de São Paulo,Indicador,Economics and Business,Regional research reputation,posicao,1.0,
2026,2026-2027,500437,Universidade de São Paulo,Indicador,Economics and Business,Publications,posicao,196.0,
2026,2026-2027,500437,Universidade de São Paulo,Indicador,Economics and Business,Normalized citation impact,posicao,475.0,
2026,2026-2027,500437,Universidade de São Paulo,Indicador,Economics and Business,Total citations,posicao,403.0,
2026,2026-2027,500437,Universidade de São Paulo,Indicador,Economics and Business,Number of publications that are among the 10% most cited,posicao,417.0,
2026,2026-2027,500437,Universidade de São Paulo,Indicador,Economics and Business,Percentage of total publications that are among the 10% most cited,posicao,459.0,
2026,2026-2027,500437,Universidade de São Paulo,Indicador,Economics and Business,International collaboration - relative to country,posicao,231.0,
2026,2026-2027,500437,Universidade de São Paulo,Indicador,Economics and Business,International collaboration,posicao,383.0,
2026,2026-2027,500437,Universidade de São Paulo,Indicador,Economics and Business,Number of highly cited papers that are among the top 1% most cited,posicao,378.0,
2026,2026-2027,500437,Universidade de São Paulo,Indicador,Economics and Business,Percentage of highly cited papers that are among the top 1% most cited,posicao,427.0,
2026,2026-2027,500437,Universidade de São Paulo,Indicador,Electrical and Electronic Engineering,Publications,posicao,218.0,
2026,2026-2027,500437,Universidade de São Paulo,Indicador,Electrical and Electronic Engineering,Conferences,posicao,171.0,
2026,2026-2027,500437,Universidade de São Paulo,Indicador,Electrical and Electronic Engineering,Normalized citation impact,posicao,791.0,
2026,2026-2027,500437,Universidade de São Paulo,Indicador,Electrical and Electronic Engineering,Total citations,posicao,430.0,
2026,2026-2027,500437,Universidade de São Paulo,Indicador,Electrical and Electronic Engineering,Number of publications that are among the 10% most cited,posicao,563.0,
2026,2026-2027,500437,Universidade de São Paulo,Indicador,Electrical and Electronic Engineering,Percentage of total publications that are among the 10% most cited,posicao,791.0,
2026,2026-2027,500437,Universidade de São Paulo,Indicador,Electrical and Electronic Engineering,International collaboration - relative to country,posicao,430.0,
2026,2026-2027,500437,Universidade de São Paulo,Indicador,Electrical and Electronic Engineering,International collaboration,posicao,448.0,
2026,2026-2027,500437,Universidade de São Paulo,Indicador,Electrical and Electronic Engineering,Number of highly cited papers that are among the top 1% most cited,posicao,663.0,
2026,2026-2027,500437,Universidade de São Paulo,Indicador,Electrical and Electronic Engineering,Percentage of highly cited papers that are among the top 1% most cited,posicao,747.0,
2026,2026-2027,500437,Universidade de São Paulo,Indicador,Endocrinology and Metabolism,Publications,posicao,26.0,
2026,2026-2027,500437,Universidade de São Paulo,Indicador,Endocrinology and Metabolism,Conferences,posicao,2.0,substituto
2026,2026-2027,500437,Universidade de São Paulo,Indicador,Endocrinology and Metabolism,Normalized citation impact,posicao,220.0,
2026,2026-2027,500437,Universidade de São Paulo,Indicador,Endocrinology and Metabolism,Total citations,posicao,64.0,
2026,2026-2027,500437,Universidade de São Paulo,Indicador,Endocrinology and Metabolism,Number of publications that are among the 10% most cited,posicao,85.0,
2026,2026-2027,500437,Universidade de São Paulo,Indicador,Endocrinology and Metabolism,Percentage of total publications that are among the 10% most cited,posicao,234.0,
2026,2026-2027,500437,Universidade de São Paulo,Indicador,Endocrinology and Metabolism,International collaboration - relative to country,posicao,36.0,
2026,2026-2027,500437,Universidade de São Paulo,Indicador,Endocrinology and Metabolism,International collaboration,posicao,122.0,
2026,2026-2027,500437,Universidade de São Paulo,Indicador,Endocrinology and Metabolism,Number of highly cited papers that are among the top 1% most cited,posicao,83.0,
2026,2026-2027,500437,Universidade de São Paulo,Indicador,Endocrinology and Metabolism,Percentage of highly cited papers that are among the top 1% most cited,posicao,182.0,
2026,2026-2027,500437,Universidade de São Paulo,Indicador,Energy and Fuels,Publications,posicao,123.0,
2026,2026-2027,500437,Universidade de São Paulo,Indicador,Energy and Fuels,Conferences,posicao,83.0,
2026,2026-2027,500437,Universidade de São Paulo,Indicador,Energy and Fuels,Normalized citation impact,posicao,488.0,
2026,2026-2027,500437,Universidade de São Paulo,Indicador,Energy and Fuels,Total citations,posicao,277.0,
2026,2026-2027,500437,Universidade de São Paulo,Indicador,Energy and Fuels,Number of publications that are among the 10% most cited,posicao,405.0,
2026,2026-2027,500437,Universidade de São Paulo,Indicador,Energy and Fuels,Percentage of total publications that are among the 10% most cited,posicao,488.0,
2026,2026-2027,500437,Universidade de São Paulo,Indicador,Energy and Fuels,International collaboration - relative to country,posicao,70.0,
2026,2026-2027,500437,Universidade de São Paulo,Indicador,Energy and Fuels,International collaboration,posicao,257.0,
2026,2026-2027,500437,Universidade de São Paulo,Indicador,Energy and Fuels,Number of highly cited papers that are among the top 1% most cited,posicao,332.0,
2026,2026-2027,500437,Universidade de São Paulo,Indicador,Energy and Fuels,Percentage of highly cited papers that are among the top 1% most cited,posicao,444.0,
2026,2026-2027,500437,Universidade de São Paulo,Indicador,Engineering,Global research reputation,posicao,126.0,
2026,2026-2027,500437,Universidade de São Paulo,Indicador,Engineering,Regional research reputation,posicao,1.0,
2026,2026-2027,500437,Universidade de São Paulo,Indicador,Engineering,Publications,posicao,131.0,
2026,2026-2027,500437,Universidade de São Paulo,Indicador,Engineering,Conferences,posicao,148.0,
2026,2026-2027,500437,Universidade de São Paulo,Indicador,Engineering,Normalized citation impact,posicao,1422.0,
2026,2026-2027,500437,Universidade de São Paulo,Indicador,Engineering,Total citations,posicao,246.0,
2026,2026-2027,500437,Universidade de São Paulo,Indicador,Engineering,Number of publications that are among the 10% most cited,posicao,426.0,
2026,2026-2027,500437,Universidade de São Paulo,Indicador,Engineering,Percentage of total publications that are among the 10% most cited,posicao,1503.0,
2026,2026-2027,500437,Universidade de São Paulo,Indicador,Engineering,International collaboration - relative to country,posicao,453.0,
2026,2026-2027,500437,Universidade de São Paulo,Indicador,Engineering,International collaboration,posicao,851.0,
2026,2026-2027,500437,Universidade de São Paulo,Indicador,Engineering,Number of highly cited papers that are among the top 1% most cited,posicao,582.0,
2026,2026-2027,500437,Universidade de São Paulo,Indicador,Engineering,Percentage of highly cited papers that are among the top 1% most cited,posicao,1382.0,
2026,2026-2027,500437,Universidade de São Paulo,Indicador,Environmental Engineering,Publications,posicao,107.0,
2026,2026-2027,500437,Universidade de São Paulo,Indicador,Environmental Engineering,Conferences,posicao,31.0,
2026,2026-2027,500437,Universidade de São Paulo,Indicador,Environmental Engineering,Normalized citation impact,posicao,261.0,
2026,2026-2027,500437,Universidade de São Paulo,Indicador,Environmental Engineering,Total citations,posicao,186.0,
2026,2026-2027,500437,Universidade de São Paulo,Indicador,Environmental Engineering,Number of publications that are among the 10% most cited,posicao,254.0,
2026,2026-2027,500437,Universidade de São Paulo,Indicador,Environmental Engineering,Percentage of total publications that are among the 10% most cited,posicao,262.0,
2026,2026-2027,500437,Universidade de São Paulo,Indicador,Environmental Engineering,International collaboration - relative to country,posicao,94.0,
2026,2026-2027,500437,Universidade de São Paulo,Indicador,Environmental Engineering,International collaboration,posicao,110.0,
2026,2026-2027,500437,Universidade de São Paulo,Indicador,Environmental Engineering,Number of highly cited papers that are among the top 1% most cited,posicao,235.0,
2026,2026-2027,500437,Universidade de São Paulo,Indicador,Environmental Engineering,Percentage of highly cited papers that are among the top 1% most cited,posicao,257.0,
2026,2026-2027,500437,Universidade de São Paulo,Indicador,Environment/Ecology,Global research reputation,posicao,48.0,
2026,2026-2027,500437,Universidade de São Paulo,Indicador,Environment/Ecology,Regional research reputation,posicao,1.0,
2026,2026-2027,500437,Universidade de São Paulo,Indicador,Environment/Ecology,Publications,posicao,9.0,
2026,2026-2027,500437,Universidade de São Paulo,Indicador,Environment/Ecology,Normalized citation impact,posicao,879.0,
2026,2026-2027,500437,Universidade de São Paulo,Indicador,Environment/Ecology,Total citations,posicao,34.0,
2026,2026-2027,500437,Universidade de São Paulo,Indicador,Environment/Ecology,Number of publications that are among the 10% most cited,posicao,93.0,
2026,2026-2027,500437,Universidade de São Paulo,Indicador,Environment/Ecology,Percentage of total publications that are among the 10% most cited,posicao,962.0,
2026,2026-2027,500437,Universidade de São Paulo,Indicador,Environment/Ecology,International collaboration - relative to country,posicao,95.0,
2026,2026-2027,500437,Universidade de São Paulo,Indicador,Environment/Ecology,International collaboration,posicao,542.0,
2026,2026-2027,500437,Universidade de São Paulo,Indicador,Environment/Ecology,Number of highly cited papers that are among the top 1% most cited,posicao,85.0,
2026,2026-2027,500437,Universidade de São Paulo,Indicador,Environment/Ecology,Percentage of highly cited papers that are among the top 1% most cited,posicao,743.0,
2026,2026-2027,500437,Universidade de São Paulo,Indicador,Food Science and Technology,Publications,posicao,4.0,
2026,2026-2027,500437,Universidade de São Paulo,Indicador,Food Science and Technology,Conferences,posicao,87.0,
2026,2026-2027,500437,Universidade de São Paulo,Indicador,Food Science and Technology,Normalized citation impact,posicao,305.0,
2026,2026-2027,500437,Universidade de São Paulo,Indicador,Food Science and Technology,Total citations,posicao,34.0,
2026,2026-2027,500437,Universidade de São Paulo,Indicador,Food Science and Technology,Number of publications that are among the 10% most cited,posicao,60.0,
2026,2026-2027,500437,Universidade de São Paulo,Indicador,Food Science and Technology,Percentage of total publications that are among the 10% most cited,posicao,297.0,
2026,2026-2027,500437,Universidade de São Paulo,Indicador,Food Science and Technology,International collaboration - relative to country,posicao,7.0,
2026,2026-2027,500437,Universidade de São Paulo,Indicador,Food Science and Technology,International collaboration,posicao,33.0,
2026,2026-2027,500437,Universidade de São Paulo,Indicador,Food Science and Technology,Number of highly cited papers that are among the top 1% most cited,posicao,128.0,
2026,2026-2027,500437,Universidade de São Paulo,Indicador,Food Science and Technology,Percentage of highly cited papers that are among the top 1% most cited,posicao,287.0,
2026,2026-2027,500437,Universidade de São Paulo,Indicador,Gastroenterology and Hepatology,Publications,posicao,152.0,
2026,2026-2027,500437,Universidade de São Paulo,Indicador,Gastroenterology and Hepatology,Conferences,posicao,4.0,substituto
2026,2026-2027,500437,Universidade de São Paulo,Indicador,Gastroenterology and Hepatology,Normalized citation impact,posicao,135.0,
2026,2026-2027,500437,Universidade de São Paulo,Indicador,Gastroenterology and Hepatology,Total citations,posicao,141.0,
2026,2026-2027,500437,Universidade de São Paulo,Indicador,Gastroenterology and Hepatology,Number of publications that are among the 10% most cited,posicao,170.0,
2026,2026-2027,500437,Universidade de São Paulo,Indicador,Gastroenterology and Hepatology,Percentage of total publications that are among the 10% most cited,posicao,182.0,
2026,2026-2027,500437,Universidade de São Paulo,Indicador,Gastroenterology and Hepatology,International collaboration - relative to country,posicao,148.0,
2026,2026-2027,500437,Universidade de São Paulo,Indicador,Gastroenterology and Hepatology,International collaboration,posicao,101.0,
2026,2026-2027,500437,Universidade de São Paulo,Indicador,Gastroenterology and Hepatology,Number of highly cited papers that are among the top 1% most cited,posicao,171.0,
2026,2026-2027,500437,Universidade de São Paulo,Indicador,Gastroenterology and Hepatology,Percentage of highly cited papers that are among the top 1% most cited,posicao,178.0,
2026,2026-2027,500437,Universidade de São Paulo,Indicador,Geosciences,Global research reputation,posicao,52.0,
2026,2026-2027,500437,Universidade de São Paulo,Indicador,Geosciences,Regional research reputation,posicao,1.0,
2026,2026-2027,500437,Universidade de São Paulo,Indicador,Geosciences,Publications,posicao,42.0,
2026,2026-2027,500437,Universidade de São Paulo,Indicador,Geosciences,Normalized citation impact,posicao,511.0,
2026,2026-2027,500437,Universidade de São Paulo,Indicador,Geosciences,Total citations,posicao,107.0,
2026,2026-2027,500437,Universidade de São Paulo,Indicador,Geosciences,Number of publications that are among the 10% most cited,posicao,139.0,
2026,2026-2027,500437,Universidade de São Paulo,Indicador,Geosciences,Percentage of total publications that are among the 10% most cited,posicao,512.0,
2026,2026-2027,500437,Universidade de São Paulo,Indicador,Geosciences,International collaboration - relative to country,posicao,42.0,
2026,2026-2027,500437,Universidade de São Paulo,Indicador,Geosciences,International collaboration,posicao,282.0,
2026,2026-2027,500437,Universidade de São Paulo,Indicador,Geosciences,Number of highly cited papers that are among the top 1% most cited,posicao,218.0,
2026,2026-2027,500437,Universidade de São Paulo,Indicador,Geosciences,Percentage of highly cited papers that are among the top 1% most cited,posicao,494.0,
2026,2026-2027,500437,Universidade de São Paulo,Indicador,Green and Sustainable Science and Technology,Publications,posicao,50.0,
2026,2026-2027,500437,Universidade de São Paulo,Indicador,Green and Sustainable Science and Technology,Conferences,posicao,62.0,
2026,2026-2027,500437,Universidade de São Paulo,Indicador,Green and Sustainable Science and Technology,Normalized citation impact,posicao,235.0,
2026,2026-2027,500437,Universidade de São Paulo,Indicador,Green and Sustainable Science and Technology,Total citations,posicao,104.0,
2026,2026-2027,500437,Universidade de São Paulo,Indicador,Green and Sustainable Science and Technology,Number of publications that are among the 10% most cited,posicao,138.0,
2026,2026-2027,500437,Universidade de São Paulo,Indicador,Green and Sustainable Science and Technology,Percentage of total publications that are among the 10% most cited,posicao,235.0,
2026,2026-2027,500437,Universidade de São Paulo,Indicador,Green and Sustainable Science and Technology,International collaboration - relative to country,posicao,82.0,
2026,2026-2027,500437,Universidade de São Paulo,Indicador,Green and Sustainable Science and Technology,International collaboration,posicao,114.0,
2026,2026-2027,500437,Universidade de São Paulo,Indicador,Green and Sustainable Science and Technology,Number of highly cited papers that are among the top 1% most cited,posicao,182.0,
2026,2026-2027,500437,Universidade de São Paulo,Indicador,Green and Sustainable Science and Technology,Percentage of highly cited papers that are among the top 1% most cited,posicao,230.0,
2026,2026-2027,500437,Universidade de São Paulo,Indicador,Immunology,Global research reputation,posicao,42.0,
2026,2026-2027,500437,Universidade de São Paulo,Indicador,Immunology,Regional research reputation,posicao,1.0,
2026,2026-2027,500437,Universidade de São Paulo,Indicador,Immunology,Publications,posicao,34.0,
2026,2026-2027,500437,Universidade de São Paulo,Indicador,Immunology,Normalized citation impact,posicao,343.0,
2026,2026-2027,500437,Universidade de São Paulo,Indicador,Immunology,Total citations,posicao,88.0,
2026,2026-2027,500437,Universidade de São Paulo,Indicador,Immunology,Number of publications that are among the 10% most cited,posicao,112.0,
2026,2026-2027,500437,Universidade de São Paulo,Indicador,Immunology,Percentage of total publications that are among the 10% most cited,posicao,342.0,
2026,2026-2027,500437,Universidade de São Paulo,Indicador,Immunology,International collaboration - relative to country,posicao,113.0,
2026,2026-2027,500437,Universidade de São Paulo,Indicador,Immunology,International collaboration,posicao,168.0,
2026,2026-2027,500437,Universidade de São Paulo,Indicador,Immunology,Number of highly cited papers that are among the top 1% most cited,posicao,96.0,
2026,2026-2027,500437,Universidade de São Paulo,Indicador,Immunology,Percentage of highly cited papers that are among the top 1% most cited,posicao,258.0,
2026,2026-2027,500437,Universidade de São Paulo,Indicador,Infectious Diseases,Publications,posicao,15.0,
2026,2026-2027,500437,Universidade de São Paulo,Indicador,Infectious Diseases,Conferences,posicao,1.0,substituto
2026,2026-2027,500437,Universidade de São Paulo,Indicador,Infectious Diseases,Normalized citation impact,posicao,109.0,
2026,2026-2027,500437,Universidade de São Paulo,Indicador,Infectious Diseases,Total citations,posicao,29.0,
2026,2026-2027,500437,Universidade de São Paulo,Indicador,Infectious Diseases,Number of publications that are among the 10% most cited,posicao,77.0,
2026,2026-2027,500437,Universidade de São Paulo,Indicador,Infectious Diseases,Percentage of total publications that are among the 10% most cited,posicao,257.0,
2026,2026-2027,500437,Universidade de São Paulo,Indicador,Infectious Diseases,International collaboration - relative to country,posicao,103.0,
2026,2026-2027,500437,Universidade de São Paulo,Indicador,Infectious Diseases,International collaboration,posicao,165.0,
2026,2026-2027,500437,Universidade de São Paulo,Indicador,Infectious Diseases,Number of highly cited papers that are among the top 1% most cited,posicao,101.0,
2026,2026-2027,500437,Universidade de São Paulo,Indicador,Infectious Diseases,Percentage of highly cited papers that are among the top 1% most cited,posicao,235.0,
2026,2026-2027,500437,Universidade de São Paulo,Indicador,Marine and Freshwater Biology,Publications,posicao,4.0,
2026,2026-2027,500437,Universidade de São Paulo,Indicador,Marine and Freshwater Biology,Conferences,posicao,11.0,
2026,2026-2027,500437,Universidade de São Paulo,Indicador,Marine and Freshwater Biology,Normalized citation impact,posicao,118.0,
2026,2026-2027,500437,Universidade de São Paulo,Indicador,Marine and Freshwater Biology,Total citations,posicao,10.0,
2026,2026-2027,500437,Universidade de São Paulo,Indicador,Marine and Freshwater Biology,Number of publications that are among the 10% most cited,posicao,19.0,
2026,2026-2027,500437,Universidade de São Paulo,Indicador,Marine and Freshwater Biology,Percentage of total publications that are among the 10% most cited,posicao,103.0,
2026,2026-2027,500437,Universidade de São Paulo,Indicador,Marine and Freshwater Biology,International collaboration - relative to country,posicao,19.0,
2026,2026-2027,500437,Universidade de São Paulo,Indicador,Marine and Freshwater Biology,International collaboration,posicao,89.0,
2026,2026-2027,500437,Universidade de São Paulo,Indicador,Marine and Freshwater Biology,Number of highly cited papers that are among the top 1% most cited,posicao,42.0,
2026,2026-2027,500437,Universidade de São Paulo,Indicador,Marine and Freshwater Biology,Percentage of highly cited papers that are among the top 1% most cited,posicao,88.0,
2026,2026-2027,500437,Universidade de São Paulo,Indicador,Materials Science,Global research reputation,posicao,115.0,
2026,2026-2027,500437,Universidade de São Paulo,Indicador,Materials Science,Regional research reputation,posicao,1.0,
2026,2026-2027,500437,Universidade de São Paulo,Indicador,Materials Science,Publications,posicao,116.0,
2026,2026-2027,500437,Universidade de São Paulo,Indicador,Materials Science,Normalized citation impact,posicao,1107.0,
2026,2026-2027,500437,Universidade de São Paulo,Indicador,Materials Science,Total citations,posicao,299.0,
2026,2026-2027,500437,Universidade de São Paulo,Indicador,Materials Science,Number of publications that are among the 10% most cited,posicao,564.0,
2026,2026-2027,500437,Universidade de São Paulo,Indicador,Materials Science,Percentage of total publications that are among the 10% most cited,posicao,1098.0,
2026,2026-2027,500437,Universidade de São Paulo,Indicador,Materials Science,International collaboration - relative to country,posicao,167.0,
2026,2026-2027,500437,Universidade de São Paulo,Indicador,Materials Science,International collaboration,posicao,533.0,
2026,2026-2027,500437,Universidade de São Paulo,Indicador,Materials Science,Number of highly cited papers that are among the top 1% most cited,posicao,788.0,
2026,2026-2027,500437,Universidade de São Paulo,Indicador,Materials Science,Percentage of highly cited papers that are among the top 1% most cited,posicao,1022.0,
2026,2026-2027,500437,Universidade de São Paulo,Indicador,Mathematics,Global research reputation,posicao,115.0,
2026,2026-2027,500437,Universidade de São Paulo,Indicador,Mathematics,Regional research reputation,posicao,1.0,
2026,2026-2027,500437,Universidade de São Paulo,Indicador,Mathematics,Publications,posicao,13.0,
2026,2026-2027,500437,Universidade de São Paulo,Indicador,Mathematics,Normalized citation impact,posicao,529.0,
2026,2026-2027,500437,Universidade de São Paulo,Indicador,Mathematics,Total citations,posicao,110.0,
2026,2026-2027,500437,Universidade de São Paulo,Indicador,Mathematics,Number of publications that are among the 10% most cited,posicao,376.0,
2026,2026-2027,500437,Universidade de São Paulo,Indicador,Mathematics,Percentage of total publications that are among the 10% most cited,posicao,554.0,
2026,2026-2027,500437,Universidade de São Paulo,Indicador,Mathematics,International collaboration - relative to country,posicao,106.0,
2026,2026-2027,500437,Universidade de São Paulo,Indicador,Mathematics,International collaboration,posicao,245.0,
2026,2026-2027,500437,Universidade de São Paulo,Indicador,Mathematics,Number of highly cited papers that are among the top 1% most cited,posicao,418.0,
2026,2026-2027,500437,Universidade de São Paulo,Indicador,Mathematics,Percentage of highly cited papers that are among the top 1% most cited,posicao,495.0,
2026,2026-2027,500437,Universidade de São Paulo,Indicador,Mechanical Engineering,Publications,posicao,68.0,
2026,2026-2027,500437,Universidade de São Paulo,Indicador,Mechanical Engineering,Conferences,posicao,81.0,
2026,2026-2027,500437,Universidade de São Paulo,Indicador,Mechanical Engineering,Normalized citation impact,posicao,242.0,
2026,2026-2027,500437,Universidade de São Paulo,Indicador,Mechanical Engineering,Total citations,posicao,153.0,
2026,2026-2027,500437,Universidade de São Paulo,Indicador,Mechanical Engineering,Number of publications that are among the 10% most cited,posicao,195.0,
2026,2026-2027,500437,Universidade de São Paulo,Indicador,Mechanical Engineering,Percentage of total publications that are among the 10% most cited,posicao,240.0,
2026,2026-2027,500437,Universidade de São Paulo,Indicador,Mechanical Engineering,International collaboration - relative to country,posicao,46.0,
2026,2026-2027,500437,Universidade de São Paulo,Indicador,Mechanical Engineering,International collaboration,posicao,104.0,
2026,2026-2027,500437,Universidade de São Paulo,Indicador,Mechanical Engineering,Number of highly cited papers that are among the top 1% most cited,posicao,167.0,substituto
2026,2026-2027,500437,Universidade de São Paulo,Indicador,Mechanical Engineering,Percentage of highly cited papers that are among the top 1% most cited,posicao,212.0,substituto
2026,2026-2027,500437,Universidade de São Paulo,Indicador,Microbiology,Global research reputation,posicao,49.0,
2026,2026-2027,500437,Universidade de São Paulo,Indicador,Microbiology,Regional research reputation,posicao,1.0,
2026,2026-2027,500437,Universidade de São Paulo,Indicador,Microbiology,Publications,posicao,4.0,
2026,2026-2027,500437,Universidade de São Paulo,Indicador,Microbiology,Normalized citation impact,posicao,270.0,
2026,2026-2027,500437,Universidade de São Paulo,Indicador,Microbiology,Total citations,posicao,26.0,
2026,2026-2027,500437,Universidade de São Paulo,Indicador,Microbiology,Number of publications that are among the 10% most cited,posicao,51.0,
2026,2026-2027,500437,Universidade de São Paulo,Indicador,Microbiology,Percentage of total publications that are among the 10% most cited,posicao,270.0,
2026,2026-2027,500437,Universidade de São Paulo,Indicador,Microbiology,International collaboration - relative to country,posicao,19.0,
2026,2026-2027,500437,Universidade de São Paulo,Indicador,Microbiology,International collaboration,posicao,150.0,
2026,2026-2027,500437,Universidade de São Paulo,Indicador,Microbiology,Number of highly cited papers that are among the top 1% most cited,posicao,96.0,
2026,2026-2027,500437,Universidade de São Paulo,Indicador,Microbiology,Percentage of highly cited papers that are among the top 1% most cited,posicao,252.0,
2026,2026-2027,500437,Universidade de São Paulo,Indicador,Molecular Biology and Genetics,Global research reputation,posicao,110.0,substituto
2026,2026-2027,500437,Universidade de São Paulo,Indicador,Molecular Biology and Genetics,Regional research reputation,posicao,2.0,
2026,2026-2027,500437,Universidade de São Paulo,Indicador,Molecular Biology and Genetics,Publications,posicao,55.0,
2026,2026-2027,500437,Universidade de São Paulo,Indicador,Molecular Biology and Genetics,Normalized citation impact,posicao,397.0,
2026,2026-2027,500437,Universidade de São Paulo,Indicador,Molecular Biology and Genetics,Total citations,posicao,138.0,
2026,2026-2027,500437,Universidade de São Paulo,Indicador,Molecular Biology and Genetics,Number of publications that are among the 10% most cited,posicao,173.0,
2026,2026-2027,500437,Universidade de São Paulo,Indicador,Molecular Biology and Genetics,Percentage of total publications that are among the 10% most cited,posicao,432.0,
2026,2026-2027,500437,Universidade de São Paulo,Indicador,Molecular Biology and Genetics,International collaboration - relative to country,posicao,53.0,
2026,2026-2027,500437,Universidade de São Paulo,Indicador,Molecular Biology and Genetics,International collaboration,posicao,182.0,
2026,2026-2027,500437,Universidade de São Paulo,Indicador,Molecular Biology and Genetics,Number of highly cited papers that are among the top 1% most cited,posicao,161.0,
2026,2026-2027,500437,Universidade de São Paulo,Indicador,Molecular Biology and Genetics,Percentage of highly cited papers that are among the top 1% most cited,posicao,353.0,
2026,2026-2027,500437,Universidade de São Paulo,Indicador,Neuroscience and Behavior,Global research reputation,posicao,182.0,substituto
2026,2026-2027,500437,Universidade de São Paulo,Indicador,Neuroscience and Behavior,Regional research reputation,posicao,2.0,
2026,2026-2027,500437,Universidade de São Paulo,Indicador,Neuroscience and Behavior,Publications,posicao,50.0,
2026,2026-2027,500437,Universidade de São Paulo,Indicador,Neuroscience and Behavior,Normalized citation impact,posicao,347.0,
2026,2026-2027,500437,Universidade de São Paulo,Indicador,Neuroscience and Behavior,Total citations,posicao,73.0,
2026,2026-2027,500437,Universidade de São Paulo,Indicador,Neuroscience and Behavior,Number of publications that are among the 10% most cited,posicao,96.0,
2026,2026-2027,500437,Universidade de São Paulo,Indicador,Neuroscience and Behavior,Percentage of total publications that are among the 10% most cited,posicao,407.0,
2026,2026-2027,500437,Universidade de São Paulo,Indicador,Neuroscience and Behavior,International collaboration - relative to country,posicao,64.0,
2026,2026-2027,500437,Universidade de São Paulo,Indicador,Neuroscience and Behavior,International collaboration,posicao,198.0,
2026,2026-2027,500437,Universidade de São Paulo,Indicador,Neuroscience and Behavior,Number of highly cited papers that are among the top 1% most cited,posicao,107.0,
2026,2026-2027,500437,Universidade de São Paulo,Indicador,Neuroscience and Behavior,Percentage of highly cited papers that are among the top 1% most cited,posicao,378.0,
2026,2026-2027,500437,Universidade de São Paulo,Indicador,Oncology,Publications,posicao,157.0,
2026,2026-2027,500437,Universidade de São Paulo,Indicador,Oncology,Conferences,posicao,16.0,substituto
2026,2026-2027,500437,Universidade de São Paulo,Indicador,Oncology,Normalized citation impact,posicao,364.0,
2026,2026-2027,500437,Universidade de São Paulo,Indicador,Oncology,Total citations,posicao,205.0,
2026,2026-2027,500437,Universidade de São Paulo,Indicador,Oncology,Number of publications that are among the 10% most cited,posicao,254.0,
2026,2026-2027,500437,Universidade de São Paulo,Indicador,Oncology,Percentage of total publications that are among the 10% most cited,posicao,456.0,
2026,2026-2027,500437,Universidade de São Paulo,Indicador,Oncology,International collaboration - relative to country,posicao,170.0,
2026,2026-2027,500437,Universidade de São Paulo,Indicador,Oncology,International collaboration,posicao,141.0,
2026,2026-2027,500437,Universidade de São Paulo,Indicador,Oncology,Number of highly cited papers that are among the top 1% most cited,posicao,195.0,
2026,2026-2027,500437,Universidade de São Paulo,Indicador,Oncology,Percentage of highly cited papers that are among the top 1% most cited,posicao,301.0,
2026,2026-2027,500437,Universidade de São Paulo,Indicador,Optics,Publications,posicao,111.0,
2026,2026-2027,500437,Universidade de São Paulo,Indicador,Optics,Conferences,posicao,81.0,
2026,2026-2027,500437,Universidade de São Paulo,Indicador,Optics,Normalized citation impact,posicao,267.0,
2026,2026-2027,500437,Universidade de São Paulo,Indicador,Optics,Total citations,posicao,210.0,
2026,2026-2027,500437,Universidade de São Paulo,Indicador,Optics,Number of publications that are among the 10% most cited,posicao,240.0,
2026,2026-2027,500437,Universidade de São Paulo,Indicador,Optics,Percentage of total publications that are among the 10% most cited,posicao,265.0,
2026,2026-2027,500437,Universidade de São Paulo,Indicador,Optics,International collaboration - relative to country,posicao,63.0,
2026,2026-2027,500437,Universidade de São Paulo,Indicador,Optics,International collaboration,posicao,95.0,
2026,2026-2027,500437,Universidade de São Paulo,Indicador,Optics,Number of highly cited papers that are among the top 1% most cited,posicao,197.0,
2026,2026-2027,500437,Universidade de São Paulo,Indicador,Optics,Percentage of highly cited papers that are among the top 1% most cited,posicao,218.0,
2026,2026-2027,500437,Universidade de São Paulo,Indicador,Pharmacology and Toxicology,Global research reputation,posicao,57.0,
2026,2026-2027,500437,Universidade de São Paulo,Indicador,Pharmacology and Toxicology,Regional research reputation,posicao,1.0,
2026,2026-2027,500437,Universidade de São Paulo,Indicador,Pharmacology and Toxicology,Publications,posicao,1.0,
2026,2026-2027,500437,Universidade de São Paulo,Indicador,Pharmacology and Toxicology,Normalized citation impact,posicao,552.0,
2026,2026-2027,500437,Universidade de São Paulo,Indicador,Pharmacology and Toxicology,Total citations,posicao,48.0,
2026,2026-2027,500437,Universidade de São Paulo,Indicador,Pharmacology and Toxicology,Number of publications that are among the 10% most cited,posicao,95.0,
2026,2026-2027,500437,Universidade de São Paulo,Indicador,Pharmacology and Toxicology,Percentage of total publications that are among the 10% most cited,posicao,543.0,
2026,2026-2027,500437,Universidade de São Paulo,Indicador,Pharmacology and Toxicology,International collaboration - relative to country,posicao,25.0,
2026,2026-2027,500437,Universidade de São Paulo,Indicador,Pharmacology and Toxicology,International collaboration,posicao,106.0,
2026,2026-2027,500437,Universidade de São Paulo,Indicador,Pharmacology and Toxicology,Number of highly cited papers that are among the top 1% most cited,posicao,151.0,
2026,2026-2027,500437,Universidade de São Paulo,Indicador,Pharmacology and Toxicology,Percentage of highly cited papers that are among the top 1% most cited,posicao,499.0,
2026,2026-2027,500437,Universidade de São Paulo,Indicador,Physical Chemistry,Publications,posicao,99.0,
2026,2026-2027,500437,Universidade de São Paulo,Indicador,Physical Chemistry,Conferences,posicao,17.0,
2026,2026-2027,500437,Universidade de São Paulo,Indicador,Physical Chemistry,Normalized citation impact,posicao,791.0,
2026,2026-2027,500437,Universidade de São Paulo,Indicador,Physical Chemistry,Total citations,posicao,283.0,
2026,2026-2027,500437,Universidade de São Paulo,Indicador,Physical Chemistry,Number of publications that are among the 10% most cited,posicao,509.0,
2026,2026-2027,500437,Universidade de São Paulo,Indicador,Physical Chemistry,Percentage of total publications that are among the 10% most cited,posicao,795.0,
2026,2026-2027,500437,Universidade de São Paulo,Indicador,Physical Chemistry,International collaboration - relative to country,posicao,178.0,
2026,2026-2027,500437,Universidade de São Paulo,Indicador,Physical Chemistry,International collaboration,posicao,381.0,
2026,2026-2027,500437,Universidade de São Paulo,Indicador,Physical Chemistry,Number of highly cited papers that are among the top 1% most cited,posicao,632.0,
2026,2026-2027,500437,Universidade de São Paulo,Indicador,Physical Chemistry,Percentage of highly cited papers that are among the top 1% most cited,posicao,786.0,
2026,2026-2027,500437,Universidade de São Paulo,Indicador,Physics,Global research reputation,posicao,116.0,
2026,2026-2027,500437,Universidade de São Paulo,Indicador,Physics,Regional research reputation,posicao,2.0,
2026,2026-2027,500437,Universidade de São Paulo,Indicador,Physics,Publications,posicao,58.0,
2026,2026-2027,500437,Universidade de São Paulo,Indicador,Physics,Normalized citation impact,posicao,726.0,
2026,2026-2027,500437,Universidade de São Paulo,Indicador,Physics,Total citations,posicao,136.0,
2026,2026-2027,500437,Universidade de São Paulo,Indicador,Physics,Number of publications that are among the 10% most cited,posicao,136.0,
2026,2026-2027,500437,Universidade de São Paulo,Indicador,Physics,Percentage of total publications that are among the 10% most cited,posicao,700.0,
2026,2026-2027,500437,Universidade de São Paulo,Indicador,Physics,International collaboration - relative to country,posicao,241.0,
2026,2026-2027,500437,Universidade de São Paulo,Indicador,Physics,International collaboration,posicao,482.0,
2026,2026-2027,500437,Universidade de São Paulo,Indicador,Physics,Number of highly cited papers that are among the top 1% most cited,posicao,183.0,
2026,2026-2027,500437,Universidade de São Paulo,Indicador,Physics,Percentage of highly cited papers that are among the top 1% most cited,posicao,614.0,
2026,2026-2027,500437,Universidade de São Paulo,Indicador,Plant and Animal Science,Global research reputation,posicao,28.0,
2026,2026-2027,500437,Universidade de São Paulo,Indicador,Plant and Animal Science,Regional research reputation,posicao,1.0,
2026,2026-2027,500437,Universidade de São Paulo,Indicador,Plant and Animal Science,Publications,posicao,2.0,
2026,2026-2027,500437,Universidade de São Paulo,Indicador,Plant and Animal Science,Normalized citation impact,posicao,672.0,
2026,2026-2027,500437,Universidade de São Paulo,Indicador,Plant and Animal Science,Total citations,posicao,14.0,
2026,2026-2027,500437,Universidade de São Paulo,Indicador,Plant and Animal Science,Number of publications that are among the 10% most cited,posicao,25.0,
2026,2026-2027,500437,Universidade de São Paulo,Indicador,Plant and Animal Science,Percentage of total publications that are among the 10% most cited,posicao,644.0,
2026,2026-2027,500437,Universidade de São Paulo,Indicador,Plant and Animal Science,International collaboration - relative to country,posicao,62.0,
2026,2026-2027,500437,Universidade de São Paulo,Indicador,Plant and Animal Science,International collaboration,posicao,451.0,
2026,2026-2027,500437,Universidade de São Paulo,Indicador,Plant and Animal Science,Number of highly cited papers that are among the top 1% most cited,posicao,75.0,
2026,2026-2027,500437,Universidade de São Paulo,Indicador,Plant and Animal Science,Percentage of highly cited papers that are among the top 1% most cited,posicao,672.0,
2026,2026-2027,500437,Universidade de São Paulo,Indicador,Polymer Science,Publications,posicao,53.0,
2026,2026-2027,500437,Universidade de São Paulo,Indicador,Polymer Science,Conferences,posicao,27.0,
2026,2026-2027,500437,Universidade de São Paulo,Indicador,Polymer Science,Normalized citation impact,posicao,243.0,
2026,2026-2027,500437,Universidade de São Paulo,Indicador,Polymer Science,Total citations,posicao,102.0,
2026,2026-2027,500437,Universidade de São Paulo,Indicador,Polymer Science,Number of publications that are among the 10% most cited,posicao,133.0,
2026,2026-2027,500437,Universidade de São Paulo,Indicador,Polymer Science,Percentage of total publications that are among the 10% most cited,posicao,220.0,
2026,2026-2027,500437,Universidade de São Paulo,Indicador,Polymer Science,International collaboration - relative to country,posicao,32.0,
2026,2026-2027,500437,Universidade de São Paulo,Indicador,Polymer Science,International collaboration,posicao,113.0,
2026,2026-2027,500437,Universidade de São Paulo,Indicador,Polymer Science,Number of highly cited papers that are among the top 1% most cited,posicao,90.0,
2026,2026-2027,500437,Universidade de São Paulo,Indicador,Polymer Science,Percentage of highly cited papers that are among the top 1% most cited,posicao,136.0,
2026,2026-2027,500437,Universidade de São Paulo,Indicador,Psychiatry/Psychology,Global research reputation,posicao,93.0,
2026,2026-2027,500437,Universidade de São Paulo,Indicador,Psychiatry/Psychology,Regional research reputation,posicao,1.0,
2026,2026-2027,500437,Universidade de São Paulo,Indicador,Psychiatry/Psychology,Publications,posicao,88.0,
2026,2026-2027,500437,Universidade de São Paulo,Indicador,Psychiatry/Psychology,Normalized citation impact,posicao,297.0,
2026,2026-2027,500437,Universidade de São Paulo,Indicador,Psychiatry/Psychology,Total citations,posicao,101.0,
2026,2026-2027,500437,Universidade de São Paulo,Indicador,Psychiatry/Psychology,Number of publications that are among the 10% most cited,posicao,111.0,
2026,2026-2027,500437,Universidade de São Paulo,Indicador,Psychiatry/Psychology,Percentage of total publications that are among the 10% most cited,posicao,323.0,
2026,2026-2027,500437,Universidade de São Paulo,Indicador,Psychiatry/Psychology,International collaboration - relative to country,posicao,119.0,
2026,2026-2027,500437,Universidade de São Paulo,Indicador,Psychiatry/Psychology,International collaboration,posicao,69.0,
2026,2026-2027,500437,Universidade de São Paulo,Indicador,Psychiatry/Psychology,Number of highly cited papers that are among the top 1% most cited,posicao,82.0,
2026,2026-2027,500437,Universidade de São Paulo,Indicador,Psychiatry/Psychology,Percentage of highly cited papers that are among the top 1% most cited,posicao,195.0,
2026,2026-2027,500437,Universidade de São Paulo,Indicador,"Public, Environmental and Occupational Health",Publications,posicao,23.0,
2026,2026-2027,500437,Universidade de São Paulo,Indicador,"Public, Environmental and Occupational Health",Conferences,posicao,93.0,
2026,2026-2027,500437,Universidade de São Paulo,Indicador,"Public, Environmental and Occupational Health",Normalized citation impact,posicao,331.0,
2026,2026-2027,500437,Universidade de São Paulo,Indicador,"Public, Environmental and Occupational Health",Total citations,posicao,32.0,
2026,2026-2027,500437,Universidade de São Paulo,Indicador,"Public, Environmental and Occupational Health",Number of publications that are among the 10% most cited,posicao,66.0,
2026,2026-2027,500437,Universidade de São Paulo,Indicador,"Public, Environmental and Occupational Health",Percentage of total publications that are among the 10% most cited,posicao,489.0,
2026,2026-2027,500437,Universidade de São Paulo,Indicador,"Public, Environmental and Occupational Health",International collaboration - relative to country,posicao,39.0,
2026,2026-2027,500437,Universidade de São Paulo,Indicador,"Public, Environmental and Occupational Health",International collaboration,posicao,261.0,
2026,2026-2027,500437,Universidade de São Paulo,Indicador,"Public, Environmental and Occupational Health",Number of highly cited papers that are among the top 1% most cited,posicao,37.0,
2026,2026-2027,500437,Universidade de São Paulo,Indicador,"Public, Environmental and Occupational Health",Percentage of highly cited papers that are among the top 1% most cited,posicao,295.0,
2026,2026-2027,500437,Universidade de São Paulo,Indicador,"Radiology, Nuclear Medicine and Medical Imaging",Publications,posicao,122.0,
2026,2026-2027,500437,Universidade de São Paulo,Indicador,"Radiology, Nuclear Medicine and Medical Imaging",Conferences,posicao,120.0,
2026,2026-2027,500437,Universidade de São Paulo,Indicador,"Radiology, Nuclear Medicine and Medical Imaging",Normalized citation impact,posicao,208.0,
2026,2026-2027,500437,Universidade de São Paulo,Indicador,"Radiology, Nuclear Medicine and Medical Imaging",Total citations,posicao,144.0,
2026,2026-2027,500437,Universidade de São Paulo,Indicador,"Radiology, Nuclear Medicine and Medical Imaging",Number of publications that are among the 10% most cited,posicao,164.0,
2026,2026-2027,500437,Universidade de São Paulo,Indicador,"Radiology, Nuclear Medicine and Medical Imaging",Percentage of total publications that are among the 10% most cited,posicao,222.0,
2026,2026-2027,500437,Universidade de São Paulo,Indicador,"Radiology, Nuclear Medicine and Medical Imaging",International collaboration - relative to country,posicao,38.0,
2026,2026-2027,500437,Universidade de São Paulo,Indicador,"Radiology, Nuclear Medicine and Medical Imaging",International collaboration,posicao,59.0,
2026,2026-2027,500437,Universidade de São Paulo,Indicador,"Radiology, Nuclear Medicine and Medical Imaging",Number of highly cited papers that are among the top 1% most cited,posicao,140.0,
2026,2026-2027,500437,Universidade de São Paulo,Indicador,"Radiology, Nuclear Medicine and Medical Imaging",Percentage of highly cited papers that are among the top 1% most cited,posicao,170.0,
2026,2026-2027,500437,Universidade de São Paulo,Indicador,Social Sciences and Public Health,Global research reputation,posicao,72.0,
2026,2026-2027,500437,Universidade de São Paulo,Indicador,Social Sciences and Public Health,Regional research reputation,posicao,1.0,
2026,2026-2027,500437,Universidade de São Paulo,Indicador,Social Sciences and Public Health,Publications,posicao,67.0,
2026,2026-2027,500437,Universidade de São Paulo,Indicador,Social Sciences and Public Health,Normalized citation impact,posicao,756.0,
2026,2026-2027,500437,Universidade de São Paulo,Indicador,Social Sciences and Public Health,Total citations,posicao,138.0,
2026,2026-2027,500437,Universidade de São Paulo,Indicador,Social Sciences and Public Health,Number of publications that are among the 10% most cited,posicao,176.0,
2026,2026-2027,500437,Universidade de São Paulo,Indicador,Social Sciences and Public Health,Percentage of total publications that are among the 10% most cited,posicao,825.0,
2026,2026-2027,500437,Universidade de São Paulo,Indicador,Social Sciences and Public Health,International collaboration - relative to country,posicao,129.0,
2026,2026-2027,500437,Universidade de São Paulo,Indicador,Social Sciences and Public Health,International collaboration,posicao,390.0,
2026,2026-2027,500437,Universidade de São Paulo,Indicador,Social Sciences and Public Health,Number of highly cited papers that are among the top 1% most cited,posicao,292.0,
2026,2026-2027,500437,Universidade de São Paulo,Indicador,Social Sciences and Public Health,Percentage of highly cited papers that are among the top 1% most cited,posicao,776.0,
2026,2026-2027,500437,Universidade de São Paulo,Indicador,Space Science,Global research reputation,posicao,74.0,
2026,2026-2027,500437,Universidade de São Paulo,Indicador,Space Science,Regional research reputation,posicao,2.0,
2026,2026-2027,500437,Universidade de São Paulo,Indicador,Space Science,Publications,posicao,85.0,
2026,2026-2027,500437,Universidade de São Paulo,Indicador,Space Science,Normalized citation impact,posicao,206.0,
2026,2026-2027,500437,Universidade de São Paulo,Indicador,Space Science,Total citations,posicao,131.0,
2026,2026-2027,500437,Universidade de São Paulo,Indicador,Space Science,Number of publications that are among the 10% most cited,posicao,170.0,
2026,2026-2027,500437,Universidade de São Paulo,Indicador,Space Science,Percentage of total publications that are among the 10% most cited,posicao,258.0,
2026,2026-2027,500437,Universidade de São Paulo,Indicador,Space Science,International collaboration - relative to country,posicao,83.0,
2026,2026-2027,500437,Universidade de São Paulo,Indicador,Space Science,International collaboration,posicao,176.0,
2026,2026-2027,500437,Universidade de São Paulo,Indicador,Space Science,Number of highly cited papers that are among the top 1% most cited,posicao,156.0,
2026,2026-2027,500437,Universidade de São Paulo,Indicador,Space Science,Percentage of highly cited papers that are among the top 1% most cited,posicao,208.0,
2026,2026-2027,500437,Universidade de São Paulo,Indicador,Surgery,Publications,posicao,43.0,
2026,2026-2027,500437,Universidade de São Paulo,Indicador,Surgery,Conferences,posicao,30.0,
2026,2026-2027,500437,Universidade de São Paulo,Indicador,Surgery,Normalized citation impact,posicao,348.0,
2026,2026-2027,500437,Universidade de São Paulo,Indicador,Surgery,Total citations,posicao,105.0,
2026,2026-2027,500437,Universidade de São Paulo,Indicador,Surgery,Number of publications that are among the 10% most cited,posicao,130.0,
2026,2026-2027,500437,Universidade de São Paulo,Indicador,Surgery,Percentage of total publications that are among the 10% most cited,posicao,358.0,
2026,2026-2027,500437,Universidade de São Paulo,Indicador,Surgery,International collaboration - relative to country,posicao,226.0,
2026,2026-2027,500437,Universidade de São Paulo,Indicador,Surgery,International collaboration,posicao,169.0,
2026,2026-2027,500437,Universidade de São Paulo,Indicador,Surgery,Number of highly cited papers that are among the top 1% most cited,posicao,159.0,
2026,2026-2027,500437,Universidade de São Paulo,Indicador,Surgery,Percentage of highly cited papers that are among the top 1% most cited,posicao,306.0,
2026,2026-2027,500437,Universidade de São Paulo,Indicador,Water Resources,Publications,posicao,33.0,
2026,2026-2027,500437,Universidade de São Paulo,Indicador,Water Resources,Conferences,posicao,26.0,
2026,2026-2027,500437,Universidade de São Paulo,Indicador,Water Resources,Normalized citation impact,posicao,211.0,
2026,2026-2027,500437,Universidade de São Paulo,Indicador,Water Resources,Total citations,posicao,98.0,
2026,2026-2027,500437,Universidade de São Paulo,Indicador,Water Resources,Number of publications that are among the 10% most cited,posicao,169.0,
2026,2026-2027,500437,Universidade de São Paulo,Indicador,Water Resources,Percentage of total publications that are among the 10% most cited,posicao,211.0,
2026,2026-2027,500437,Universidade de São Paulo,Indicador,Water Resources,International collaboration - relative to country,posicao,41.0,
2026,2026-2027,500437,Universidade de São Paulo,Indicador,Water Resources,International collaboration,posicao,130.0,
2026,2026-2027,500437,Universidade de São Paulo,Indicador,Water Resources,Number of highly cited papers that are among the top 1% most cited,posicao,123.0,
2026,2026-2027,500437,Universidade de São Paulo,Indicador,Water Resources,Percentage of highly cited papers that are among the top 1% most cited,posicao,175.0,
2026,2026-2027,504975,State University of Campinas,Listagem,Geral,Best Universities in Brazil,posicao,2.0,
2026,2026-2027,504975,State University of Campinas,Listagem,Geral,Best Global Universities,posicao,359.0,empate
2026,2026-2027,504975,State University of Campinas,Listagem,Geral,Global Score,score,53.9,
2026,2026-2027,504975,State University of Campinas,Listagem,Geral,Enrollment,valor,32735.0,
2026,2026-2027,504975,State University of Campinas,Perfil institucional,Geral,Total number of students,valor,32735.0,
2026,2026-2027,504975,State University of Campinas,Perfil institucional,Geral,Number of international students,valor,856.0,
2026,2026-2027,504975,State University of Campinas,Perfil institucional,Geral,Total number of academic staff,valor,1684.0,
2026,2026-2027,504975,State University of Campinas,Perfil institucional,Geral,Number of international staff,valor,117.0,
2026,2026-2027,504975,State University of Campinas,Perfil institucional,Geral,Number of undergraduate degrees awarded,valor,2763.0,
2026,2026-2027,504975,State University of Campinas,Perfil institucional,Geral,Number of master's degrees awarded,valor,1419.0,
2026,2026-2027,504975,State University of Campinas,Perfil institucional,Geral,Number of doctoral degrees awarded,valor,989.0,
2026,2026-2027,504975,State University of Campinas,Perfil institucional,Geral,Number of research only staff,valor,90.0,
2026,2026-2027,504975,State University of Campinas,Perfil institucional,Geral,Number of new undergraduate students,valor,3890.0,
2026,2026-2027,504975,State University of Campinas,Perfil institucional,Geral,Number of new master's students,valor,1833.0,
2026,2026-2027,504975,State University of Campinas,Perfil institucional,Geral,Number of new doctoral students,valor,1319.0,
2026,2026-2027,504975,State University of Campinas,Ranking geral,Geral,Global score,score,53.9,
2026,2026-2027,504975,State University of Campinas,Ranking geral,Geral,Best Global Universities,posicao,359.0,empate
2026,2026-2027,504975,State University of Campinas,Ranking geral,Geral,Best Global Universities in Latin America,posicao,5.0,
2026,2026-2027,504975,State University of Campinas,Ranking geral,Geral,Best Global Universities in Brazil,posicao,2.0,
2026,2026-2027,504975,State University of Campinas,Ranking por area,Agricultural Sciences,Posicao na area,posicao,25.0,empate
2026,2026-2027,504975,State University of Campinas,Ranking por area,Agricultural Sciences,Score na area,score,67.0,
2026,2026-2027,504975,State University of Campinas,Ranking por area,Biology and Biochemistry,Posicao na area,posicao,255.0,empate
2026,2026-2027,504975,State University of Campinas,Ranking por area,Biology and Biochemistry,Score na area,score,38.0,
2026,2026-2027,504975,State University of Campinas,Ranking por area,Biotechnology and Applied Microbiology,Posicao na area,posicao,186.0,empate
2026,2026-2027,504975,State University of Campinas,Ranking por area,Biotechnology and Applied Microbiology,Score na area,score,32.7,
2026,2026-2027,504975,State University of Campinas,Ranking por area,Chemical Engineering,Posicao na area,posicao,341.0,empate
2026,2026-2027,504975,State University of Campinas,Ranking por area,Chemical Engineering,Score na area,score,36.8,
2026,2026-2027,504975,State University of Campinas,Ranking por area,Chemistry,Posicao na area,posicao,214.0,empate
2026,2026-2027,504975,State University of Campinas,Ranking por area,Chemistry,Score na area,score,55.1,
2026,2026-2027,504975,State University of Campinas,Ranking por area,Clinical Medicine,Posicao na area,posicao,268.0,empate
2026,2026-2027,504975,State University of Campinas,Ranking por area,Clinical Medicine,Score na area,score,51.9,
2026,2026-2027,504975,State University of Campinas,Ranking por area,Computer Science,Posicao na area,posicao,360.0,empate
2026,2026-2027,504975,State University of Campinas,Ranking por area,Computer Science,Score na area,score,37.2,
2026,2026-2027,504975,State University of Campinas,Ranking por area,Ecology,Posicao na area,posicao,115.0,
2026,2026-2027,504975,State University of Campinas,Ranking por area,Ecology,Score na area,score,55.9,
2026,2026-2027,504975,State University of Campinas,Ranking por area,Electrical and Electronic Engineering,Posicao na area,posicao,587.0,
2026,2026-2027,504975,State University of Campinas,Ranking por area,Electrical and Electronic Engineering,Score na area,score,31.1,
2026,2026-2027,504975,State University of Campinas,Ranking por area,Endocrinology and Metabolism,Posicao na area,posicao,244.0,
2026,2026-2027,504975,State University of Campinas,Ranking por area,Endocrinology and Metabolism,Score na area,score,22.6,
2026,2026-2027,504975,State University of Campinas,Ranking por area,Energy and Fuels,Posicao na area,posicao,384.0,empate
2026,2026-2027,504975,State University of Campinas,Ranking por area,Energy and Fuels,Score na area,score,38.5,
2026,2026-2027,504975,State University of Campinas,Ranking por area,Engineering,Posicao na area,posicao,372.0,empate
2026,2026-2027,504975,State University of Campinas,Ranking por area,Engineering,Score na area,score,47.0,
2026,2026-2027,504975,State University of Campinas,Ranking por area,Environment/Ecology,Posicao na area,posicao,149.0,empate
2026,2026-2027,504975,State University of Campinas,Ranking por area,Environment/Ecology,Score na area,score,57.6,
2026,2026-2027,504975,State University of Campinas,Ranking por area,Food Science and Technology,Posicao na area,posicao,38.0,
2026,2026-2027,504975,State University of Campinas,Ranking por area,Food Science and Technology,Score na area,score,55.6,
2026,2026-2027,504975,State University of Campinas,Ranking por area,Geosciences,Posicao na area,posicao,361.0,
2026,2026-2027,504975,State University of Campinas,Ranking por area,Geosciences,Score na area,score,29.2,
2026,2026-2027,504975,State University of Campinas,Ranking por area,Green and Sustainable Science and Technology,Posicao na area,posicao,201.0,
2026,2026-2027,504975,State University of Campinas,Ranking por area,Green and Sustainable Science and Technology,Score na area,score,37.1,
2026,2026-2027,504975,State University of Campinas,Ranking por area,Materials Science,Posicao na area,posicao,484.0,empate
2026,2026-2027,504975,State University of Campinas,Ranking por area,Materials Science,Score na area,score,35.4,
2026,2026-2027,504975,State University of Campinas,Ranking por area,Mathematics,Posicao na area,posicao,185.0,empate
2026,2026-2027,504975,State University of Campinas,Ranking por area,Mathematics,Score na area,score,51.7,
2026,2026-2027,504975,State University of Campinas,Ranking por area,Microbiology,Posicao na area,posicao,224.0,empate
2026,2026-2027,504975,State University of Campinas,Ranking por area,Microbiology,Score na area,score,17.6,
2026,2026-2027,504975,State University of Campinas,Ranking por area,Molecular Biology and Genetics,Posicao na area,posicao,397.0,
2026,2026-2027,504975,State University of Campinas,Ranking por area,Molecular Biology and Genetics,Score na area,score,22.5,
2026,2026-2027,504975,State University of Campinas,Ranking por area,Neuroscience and Behavior,Posicao na area,posicao,362.0,empate
2026,2026-2027,504975,State University of Campinas,Ranking por area,Neuroscience and Behavior,Score na area,score,26.0,
2026,2026-2027,504975,State University of Campinas,Ranking por area,Oncology,Posicao na area,posicao,492.0,
2026,2026-2027,504975,State University of Campinas,Ranking por area,Oncology,Score na area,score,15.2,
2026,2026-2027,504975,State University of Campinas,Ranking por area,Pharmacology and Toxicology,Posicao na area,posicao,282.0,empate
2026,2026-2027,504975,State University of Campinas,Ranking por area,Pharmacology and Toxicology,Score na area,score,39.6,
2026,2026-2027,504975,State University of Campinas,Ranking por area,Physical Chemistry,Posicao na area,posicao,589.0,empate
2026,2026-2027,504975,State University of Campinas,Ranking por area,Physical Chemistry,Score na area,score,38.6,
2026,2026-2027,504975,State University of Campinas,Ranking por area,Physics,Posicao na area,posicao,177.0,empate
2026,2026-2027,504975,State University of Campinas,Ranking por area,Physics,Score na area,score,57.0,
2026,2026-2027,504975,State University of Campinas,Ranking por area,Plant and Animal Science,Posicao na area,posicao,198.0,empate
2026,2026-2027,504975,State University of Campinas,Ranking por area,Plant and Animal Science,Score na area,score,52.6,
2026,2026-2027,504975,State University of Campinas,Ranking por area,Polymer Science,Posicao na area,posicao,188.0,
2026,2026-2027,504975,State University of Campinas,Ranking por area,Polymer Science,Score na area,score,27.3,
2026,2026-2027,504975,State University of Campinas,Ranking por area,"Public, Environmental and Occupational Health",Posicao na area,posicao,465.0,empate
2026,2026-2027,504975,State University of Campinas,Ranking por area,"Public, Environmental and Occupational Health",Score na area,score,33.5,
2026,2026-2027,504975,State University of Campinas,Ranking por area,Social Sciences and Public Health,Posicao na area,posicao,543.0,empate
2026,2026-2027,504975,State University of Campinas,Ranking por area,Social Sciences and Public Health,Score na area,score,34.2,
2026,2026-2027,504975,State University of Campinas,Indicador,Geral,Global research reputation,posicao,150.0,
2026,2026-2027,504975,State University of Campinas,Indicador,Geral,Regional research reputation,posicao,3.0,
2026,2026-2027,504975,State University of Campinas,Indicador,Geral,Publications,posicao,225.0,
2026,2026-2027,504975,State University of Campinas,Indicador,Geral,Books,posicao,496.0,
2026,2026-2027,504975,State University of Campinas,Indicador,Geral,Conferences,posicao,244.0,
2026,2026-2027,504975,State University of Campinas,Indicador,Geral,Normalized citation impact,posicao,1950.0,
2026,2026-2027,504975,State University of Campinas,Indicador,Geral,Total citations,posicao,374.0,
2026,2026-2027,504975,State University of Campinas,Indicador,Geral,Number of publications that are among the 10% most cited,posicao,432.0,
2026,2026-2027,504975,State University of Campinas,Indicador,Geral,Percentage of total publications that are among the 10% most cited,posicao,2018.0,
2026,2026-2027,504975,State University of Campinas,Indicador,Geral,International collaboration - relative to country,posicao,512.0,
2026,2026-2027,504975,State University of Campinas,Indicador,Geral,International collaboration,posicao,1147.0,
2026,2026-2027,504975,State University of Campinas,Indicador,Geral,Number of highly cited papers that are among the top 1% most cited,posicao,599.0,
2026,2026-2027,504975,State University of Campinas,Indicador,Geral,Percentage of highly cited papers that are among the top 1% most cited,posicao,2068.0,
2026,2026-2027,504975,State University of Campinas,Indicador,Agricultural Sciences,Global research reputation,posicao,67.0,
2026,2026-2027,504975,State University of Campinas,Indicador,Agricultural Sciences,Regional research reputation,posicao,2.0,
2026,2026-2027,504975,State University of Campinas,Indicador,Agricultural Sciences,Publications,posicao,23.0,
2026,2026-2027,504975,State University of Campinas,Indicador,Agricultural Sciences,Normalized citation impact,posicao,223.0,
2026,2026-2027,504975,State University of Campinas,Indicador,Agricultural Sciences,Total citations,posicao,30.0,
2026,2026-2027,504975,State University of Campinas,Indicador,Agricultural Sciences,Number of publications that are among the 10% most cited,posicao,37.0,
2026,2026-2027,504975,State University of Campinas,Indicador,Agricultural Sciences,Percentage of total publications that are among the 10% most cited,posicao,213.0,
2026,2026-2027,504975,State University of Campinas,Indicador,Agricultural Sciences,International collaboration - relative to country,posicao,40.0,
2026,2026-2027,504975,State University of Campinas,Indicador,Agricultural Sciences,International collaboration,posicao,327.0,
2026,2026-2027,504975,State University of Campinas,Indicador,Agricultural Sciences,Number of highly cited papers that are among the top 1% most cited,posicao,67.0,
2026,2026-2027,504975,State University of Campinas,Indicador,Agricultural Sciences,Percentage of highly cited papers that are among the top 1% most cited,posicao,304.0,
2026,2026-2027,504975,State University of Campinas,Indicador,Biology and Biochemistry,Global research reputation,posicao,177.0,
2026,2026-2027,504975,State University of Campinas,Indicador,Biology and Biochemistry,Regional research reputation,posicao,6.0,
2026,2026-2027,504975,State University of Campinas,Indicador,Biology and Biochemistry,Publications,posicao,161.0,
2026,2026-2027,504975,State University of Campinas,Indicador,Biology and Biochemistry,Normalized citation impact,posicao,727.0,
2026,2026-2027,504975,State University of Campinas,Indicador,Biology and Biochemistry,Total citations,posicao,266.0,
2026,2026-2027,504975,State University of Campinas,Indicador,Biology and Biochemistry,Number of publications that are among the 10% most cited,posicao,357.0,
2026,2026-2027,504975,State University of Campinas,Indicador,Biology and Biochemistry,Percentage of total publications that are among the 10% most cited,posicao,740.0,
2026,2026-2027,504975,State University of Campinas,Indicador,Biology and Biochemistry,International collaboration - relative to country,posicao,190.0,
2026,2026-2027,504975,State University of Campinas,Indicador,Biology and Biochemistry,International collaboration,posicao,427.0,
2026,2026-2027,504975,State University of Campinas,Indicador,Biology and Biochemistry,Number of highly cited papers that are among the top 1% most cited,posicao,381.0,
2026,2026-2027,504975,State University of Campinas,Indicador,Biology and Biochemistry,Percentage of highly cited papers that are among the top 1% most cited,posicao,678.0,
2026,2026-2027,504975,State University of Campinas,Indicador,Biotechnology and Applied Microbiology,Publications,posicao,99.0,
2026,2026-2027,504975,State University of Campinas,Indicador,Biotechnology and Applied Microbiology,Conferences,posicao,19.0,
2026,2026-2027,504975,State University of Campinas,Indicador,Biotechnology and Applied Microbiology,Normalized citation impact,posicao,248.0,
2026,2026-2027,504975,State University of Campinas,Indicador,Biotechnology and Applied Microbiology,Total citations,posicao,159.0,
2026,2026-2027,504975,State University of Campinas,Indicador,Biotechnology and Applied Microbiology,Number of publications that are among the 10% most cited,posicao,236.0,
2026,2026-2027,504975,State University of Campinas,Indicador,Biotechnology and Applied Microbiology,Percentage of total publications that are among the 10% most cited,posicao,278.0,
2026,2026-2027,504975,State University of Campinas,Indicador,Biotechnology and Applied Microbiology,International collaboration - relative to country,posicao,70.0,
2026,2026-2027,504975,State University of Campinas,Indicador,Biotechnology and Applied Microbiology,International collaboration,posicao,143.0,
2026,2026-2027,504975,State University of Campinas,Indicador,Biotechnology and Applied Microbiology,Number of highly cited papers that are among the top 1% most cited,posicao,197.0,
2026,2026-2027,504975,State University of Campinas,Indicador,Biotechnology and Applied Microbiology,Percentage of highly cited papers that are among the top 1% most cited,posicao,234.0,
2026,2026-2027,504975,State University of Campinas,Indicador,Chemical Engineering,Publications,posicao,107.0,
2026,2026-2027,504975,State University of Campinas,Indicador,Chemical Engineering,Conferences,posicao,50.0,
2026,2026-2027,504975,State University of Campinas,Indicador,Chemical Engineering,Normalized citation impact,posicao,415.0,
2026,2026-2027,504975,State University of Campinas,Indicador,Chemical Engineering,Total citations,posicao,247.0,
2026,2026-2027,504975,State University of Campinas,Indicador,Chemical Engineering,Number of publications that are among the 10% most cited,posicao,377.0,
2026,2026-2027,504975,State University of Campinas,Indicador,Chemical Engineering,Percentage of total publications that are among the 10% most cited,posicao,428.0,
2026,2026-2027,504975,State University of Campinas,Indicador,Chemical Engineering,International collaboration - relative to country,posicao,197.0,
2026,2026-2027,504975,State University of Campinas,Indicador,Chemical Engineering,International collaboration,posicao,228.0,
2026,2026-2027,504975,State University of Campinas,Indicador,Chemical Engineering,Number of highly cited papers that are among the top 1% most cited,posicao,411.0,
2026,2026-2027,504975,State University of Campinas,Indicador,Chemical Engineering,Percentage of highly cited papers that are among the top 1% most cited,posicao,427.0,
2026,2026-2027,504975,State University of Campinas,Indicador,Chemistry,Global research reputation,posicao,189.0,
2026,2026-2027,504975,State University of Campinas,Indicador,Chemistry,Regional research reputation,posicao,1.0,
2026,2026-2027,504975,State University of Campinas,Indicador,Chemistry,Publications,posicao,150.0,
2026,2026-2027,504975,State University of Campinas,Indicador,Chemistry,Normalized citation impact,posicao,1243.0,
2026,2026-2027,504975,State University of Campinas,Indicador,Chemistry,Total citations,posicao,277.0,
2026,2026-2027,504975,State University of Campinas,Indicador,Chemistry,Number of publications that are among the 10% most cited,posicao,402.0,
2026,2026-2027,504975,State University of Campinas,Indicador,Chemistry,Percentage of total publications that are among the 10% most cited,posicao,1250.0,
2026,2026-2027,504975,State University of Campinas,Indicador,Chemistry,International collaboration - relative to country,posicao,532.0,
2026,2026-2027,504975,State University of Campinas,Indicador,Chemistry,International collaboration,posicao,827.0,
2026,2026-2027,504975,State University of Campinas,Indicador,Chemistry,Number of highly cited papers that are among the top 1% most cited,posicao,496.0,
2026,2026-2027,504975,State University of Campinas,Indicador,Chemistry,Percentage of highly cited papers that are among the top 1% most cited,posicao,1198.0,
2026,2026-2027,504975,State University of Campinas,Indicador,Clinical Medicine,Global research reputation,posicao,99.0,
2026,2026-2027,504975,State University of Campinas,Indicador,Clinical Medicine,Regional research reputation,posicao,2.0,
2026,2026-2027,504975,State University of Campinas,Indicador,Clinical Medicine,Publications,posicao,259.0,
2026,2026-2027,504975,State University of Campinas,Indicador,Clinical Medicine,Normalized citation impact,posicao,1091.0,
2026,2026-2027,504975,State University of Campinas,Indicador,Clinical Medicine,Total citations,posicao,437.0,
2026,2026-2027,504975,State University of Campinas,Indicador,Clinical Medicine,Number of publications that are among the 10% most cited,posicao,434.0,
2026,2026-2027,504975,State University of Campinas,Indicador,Clinical Medicine,Percentage of total publications that are among the 10% most cited,posicao,1233.0,
2026,2026-2027,504975,State University of Campinas,Indicador,Clinical Medicine,International collaboration - relative to country,posicao,552.0,
2026,2026-2027,504975,State University of Campinas,Indicador,Clinical Medicine,International collaboration,posicao,666.0,
2026,2026-2027,504975,State University of Campinas,Indicador,Clinical Medicine,Number of highly cited papers that are among the top 1% most cited,posicao,532.0,
2026,2026-2027,504975,State University of Campinas,Indicador,Clinical Medicine,Percentage of highly cited papers that are among the top 1% most cited,posicao,1162.0,
2026,2026-2027,504975,State University of Campinas,Indicador,Computer Science,Global research reputation,posicao,123.0,
2026,2026-2027,504975,State University of Campinas,Indicador,Computer Science,Regional research reputation,posicao,2.0,
2026,2026-2027,504975,State University of Campinas,Indicador,Computer Science,Publications,posicao,297.0,
2026,2026-2027,504975,State University of Campinas,Indicador,Computer Science,Conferences,posicao,267.0,
2026,2026-2027,504975,State University of Campinas,Indicador,Computer Science,Normalized citation impact,posicao,1012.0,
2026,2026-2027,504975,State University of Campinas,Indicador,Computer Science,Total citations,posicao,541.0,
2026,2026-2027,504975,State University of Campinas,Indicador,Computer Science,Number of publications that are among the 10% most cited,posicao,597.0,
2026,2026-2027,504975,State University of Campinas,Indicador,Computer Science,Percentage of total publications that are among the 10% most cited,posicao,1025.0,
2026,2026-2027,504975,State University of Campinas,Indicador,Computer Science,International collaboration - relative to country,posicao,462.0,
2026,2026-2027,504975,State University of Campinas,Indicador,Computer Science,International collaboration,posicao,550.0,
2026,2026-2027,504975,State University of Campinas,Indicador,Computer Science,Number of highly cited papers that are among the top 1% most cited,posicao,859.0,
2026,2026-2027,504975,State University of Campinas,Indicador,Computer Science,Percentage of highly cited papers that are among the top 1% most cited,posicao,993.0,
2026,2026-2027,504975,State University of Campinas,Indicador,Ecology,Publications,posicao,107.0,
2026,2026-2027,504975,State University of Campinas,Indicador,Ecology,Conferences,posicao,21.0,substituto
2026,2026-2027,504975,State University of Campinas,Indicador,Ecology,Normalized citation impact,posicao,116.0,
2026,2026-2027,504975,State University of Campinas,Indicador,Ecology,Total citations,posicao,109.0,
2026,2026-2027,504975,State University of Campinas,Indicador,Ecology,Number of publications that are among the 10% most cited,posicao,128.0,
2026,2026-2027,504975,State University of Campinas,Indicador,Ecology,Percentage of total publications that are among the 10% most cited,posicao,173.0,
2026,2026-2027,504975,State University of Campinas,Indicador,Ecology,International collaboration - relative to country,posicao,27.0,
2026,2026-2027,504975,State University of Campinas,Indicador,Ecology,International collaboration,posicao,161.0,
2026,2026-2027,504975,State University of Campinas,Indicador,Ecology,Number of highly cited papers that are among the top 1% most cited,posicao,126.0,
2026,2026-2027,504975,State University of Campinas,Indicador,Ecology,Percentage of highly cited papers that are among the top 1% most cited,posicao,165.0,
2026,2026-2027,504975,State University of Campinas,Indicador,Electrical and Electronic Engineering,Publications,posicao,339.0,
2026,2026-2027,504975,State University of Campinas,Indicador,Electrical and Electronic Engineering,Conferences,posicao,186.0,
2026,2026-2027,504975,State University of Campinas,Indicador,Electrical and Electronic Engineering,Normalized citation impact,posicao,774.0,
2026,2026-2027,504975,State University of Campinas,Indicador,Electrical and Electronic Engineering,Total citations,posicao,551.0,
2026,2026-2027,504975,State University of Campinas,Indicador,Electrical and Electronic Engineering,Number of publications that are among the 10% most cited,posicao,677.0,
2026,2026-2027,504975,State University of Campinas,Indicador,Electrical and Electronic Engineering,Percentage of total publications that are among the 10% most cited,posicao,779.0,
2026,2026-2027,504975,State University of Campinas,Indicador,Electrical and Electronic Engineering,International collaboration - relative to country,posicao,191.0,
2026,2026-2027,504975,State University of Campinas,Indicador,Electrical and Electronic Engineering,International collaboration,posicao,383.0,
2026,2026-2027,504975,State University of Campinas,Indicador,Electrical and Electronic Engineering,Number of highly cited papers that are among the top 1% most cited,posicao,663.0,
2026,2026-2027,504975,State University of Campinas,Indicador,Electrical and Electronic Engineering,Percentage of highly cited papers that are among the top 1% most cited,posicao,739.0,
2026,2026-2027,504975,State University of Campinas,Indicador,Endocrinology and Metabolism,Publications,posicao,225.0,
2026,2026-2027,504975,State University of Campinas,Indicador,Endocrinology and Metabolism,Conferences,posicao,2.0,substituto
2026,2026-2027,504975,State University of Campinas,Indicador,Endocrinology and Metabolism,Normalized citation impact,posicao,246.0,
2026,2026-2027,504975,State University of Campinas,Indicador,Endocrinology and Metabolism,Total citations,posicao,249.0,
2026,2026-2027,504975,State University of Campinas,Indicador,Endocrinology and Metabolism,Number of publications that are among the 10% most cited,posicao,249.0,
2026,2026-2027,504975,State University of Campinas,Indicador,Endocrinology and Metabolism,Percentage of total publications that are among the 10% most cited,posicao,247.0,
2026,2026-2027,504975,State University of Campinas,Indicador,Endocrinology and Metabolism,International collaboration - relative to country,posicao,73.0,
2026,2026-2027,504975,State University of Campinas,Indicador,Endocrinology and Metabolism,International collaboration,posicao,147.0,
2026,2026-2027,504975,State University of Campinas,Indicador,Endocrinology and Metabolism,Number of highly cited papers that are among the top 1% most cited,posicao,243.0,
2026,2026-2027,504975,State University of Campinas,Indicador,Endocrinology and Metabolism,Percentage of highly cited papers that are among the top 1% most cited,posicao,242.0,
2026,2026-2027,504975,State University of Campinas,Indicador,Energy and Fuels,Publications,posicao,168.0,
2026,2026-2027,504975,State University of Campinas,Indicador,Energy and Fuels,Conferences,posicao,91.0,
2026,2026-2027,504975,State University of Campinas,Indicador,Energy and Fuels,Normalized citation impact,posicao,479.0,
2026,2026-2027,504975,State University of Campinas,Indicador,Energy and Fuels,Total citations,posicao,305.0,
2026,2026-2027,504975,State University of Campinas,Indicador,Energy and Fuels,Number of publications that are among the 10% most cited,posicao,411.0,
2026,2026-2027,504975,State University of Campinas,Indicador,Energy and Fuels,Percentage of total publications that are among the 10% most cited,posicao,483.0,
2026,2026-2027,504975,State University of Campinas,Indicador,Energy and Fuels,International collaboration - relative to country,posicao,282.0,
2026,2026-2027,504975,State University of Campinas,Indicador,Energy and Fuels,International collaboration,posicao,314.0,
2026,2026-2027,504975,State University of Campinas,Indicador,Energy and Fuels,Number of highly cited papers that are among the top 1% most cited,posicao,386.0,
2026,2026-2027,504975,State University of Campinas,Indicador,Energy and Fuels,Percentage of highly cited papers that are among the top 1% most cited,posicao,452.0,
2026,2026-2027,504975,State University of Campinas,Indicador,Engineering,Global research reputation,posicao,162.0,
2026,2026-2027,504975,State University of Campinas,Indicador,Engineering,Regional research reputation,posicao,2.0,
2026,2026-2027,504975,State University of Campinas,Indicador,Engineering,Publications,posicao,307.0,
2026,2026-2027,504975,State University of Campinas,Indicador,Engineering,Conferences,posicao,236.0,
2026,2026-2027,504975,State University of Campinas,Indicador,Engineering,Normalized citation impact,posicao,1372.0,
2026,2026-2027,504975,State University of Campinas,Indicador,Engineering,Total citations,posicao,453.0,
2026,2026-2027,504975,State University of Campinas,Indicador,Engineering,Number of publications that are among the 10% most cited,posicao,690.0,
2026,2026-2027,504975,State University of Campinas,Indicador,Engineering,Percentage of total publications that are among the 10% most cited,posicao,1465.0,
2026,2026-2027,504975,State University of Campinas,Indicador,Engineering,International collaboration - relative to country,posicao,890.0,
2026,2026-2027,504975,State University of Campinas,Indicador,Engineering,International collaboration,posicao,974.0,
2026,2026-2027,504975,State University of Campinas,Indicador,Engineering,Number of highly cited papers that are among the top 1% most cited,posicao,855.0,
2026,2026-2027,504975,State University of Campinas,Indicador,Engineering,Percentage of highly cited papers that are among the top 1% most cited,posicao,1366.0,
2026,2026-2027,504975,State University of Campinas,Indicador,Environment/Ecology,Global research reputation,posicao,120.0,
2026,2026-2027,504975,State University of Campinas,Indicador,Environment/Ecology,Regional research reputation,posicao,2.0,
2026,2026-2027,504975,State University of Campinas,Indicador,Environment/Ecology,Publications,posicao,168.0,
2026,2026-2027,504975,State University of Campinas,Indicador,Environment/Ecology,Normalized citation impact,posicao,699.0,
2026,2026-2027,504975,State University of Campinas,Indicador,Environment/Ecology,Total citations,posicao,236.0,
2026,2026-2027,504975,State University of Campinas,Indicador,Environment/Ecology,Number of publications that are among the 10% most cited,posicao,295.0,
2026,2026-2027,504975,State University of Campinas,Indicador,Environment/Ecology,Percentage of total publications that are among the 10% most cited,posicao,788.0,
2026,2026-2027,504975,State University of Campinas,Indicador,Environment/Ecology,International collaboration - relative to country,posicao,100.0,
2026,2026-2027,504975,State University of Campinas,Indicador,Environment/Ecology,International collaboration,posicao,547.0,
2026,2026-2027,504975,State University of Campinas,Indicador,Environment/Ecology,Number of highly cited papers that are among the top 1% most cited,posicao,362.0,
2026,2026-2027,504975,State University of Campinas,Indicador,Environment/Ecology,Percentage of highly cited papers that are among the top 1% most cited,posicao,731.0,
2026,2026-2027,504975,State University of Campinas,Indicador,Food Science and Technology,Publications,posicao,15.0,
2026,2026-2027,504975,State University of Campinas,Indicador,Food Science and Technology,Conferences,posicao,87.0,substituto
2026,2026-2027,504975,State University of Campinas,Indicador,Food Science and Technology,Normalized citation impact,posicao,162.0,
2026,2026-2027,504975,State University of Campinas,Indicador,Food Science and Technology,Total citations,posicao,17.0,
2026,2026-2027,504975,State University of Campinas,Indicador,Food Science and Technology,Number of publications that are among the 10% most cited,posicao,29.0,
2026,2026-2027,504975,State University of Campinas,Indicador,Food Science and Technology,Percentage of total publications that are among the 10% most cited,posicao,187.0,
2026,2026-2027,504975,State University of Campinas,Indicador,Food Science and Technology,International collaboration - relative to country,posicao,137.0,
2026,2026-2027,504975,State University of Campinas,Indicador,Food Science and Technology,International collaboration,posicao,166.0,
2026,2026-2027,504975,State University of Campinas,Indicador,Food Science and Technology,Number of highly cited papers that are among the top 1% most cited,posicao,47.0,
2026,2026-2027,504975,State University of Campinas,Indicador,Food Science and Technology,Percentage of highly cited papers that are among the top 1% most cited,posicao,192.0,
2026,2026-2027,504975,State University of Campinas,Indicador,Geosciences,Global research reputation,posicao,185.0,
2026,2026-2027,504975,State University of Campinas,Indicador,Geosciences,Regional research reputation,posicao,6.0,
2026,2026-2027,504975,State University of Campinas,Indicador,Geosciences,Publications,posicao,303.0,
2026,2026-2027,504975,State University of Campinas,Indicador,Geosciences,Normalized citation impact,posicao,527.0,
2026,2026-2027,504975,State University of Campinas,Indicador,Geosciences,Total citations,posicao,413.0,
2026,2026-2027,504975,State University of Campinas,Indicador,Geosciences,Number of publications that are among the 10% most cited,posicao,473.0,
2026,2026-2027,504975,State University of Campinas,Indicador,Geosciences,Percentage of total publications that are among the 10% most cited,posicao,535.0,
2026,2026-2027,504975,State University of Campinas,Indicador,Geosciences,International collaboration - relative to country,posicao,457.0,
2026,2026-2027,504975,State University of Campinas,Indicador,Geosciences,International collaboration,posicao,437.0,
2026,2026-2027,504975,State University of Campinas,Indicador,Geosciences,Number of highly cited papers that are among the top 1% most cited,posicao,355.0,
2026,2026-2027,504975,State University of Campinas,Indicador,Geosciences,Percentage of highly cited papers that are among the top 1% most cited,posicao,379.0,
2026,2026-2027,504975,State University of Campinas,Indicador,Green and Sustainable Science and Technology,Publications,posicao,185.0,
2026,2026-2027,504975,State University of Campinas,Indicador,Green and Sustainable Science and Technology,Conferences,posicao,102.0,
2026,2026-2027,504975,State University of Campinas,Indicador,Green and Sustainable Science and Technology,Normalized citation impact,posicao,202.0,
2026,2026-2027,504975,State University of Campinas,Indicador,Green and Sustainable Science and Technology,Total citations,posicao,209.0,
2026,2026-2027,504975,State University of Campinas,Indicador,Green and Sustainable Science and Technology,Number of publications that are among the 10% most cited,posicao,225.0,
2026,2026-2027,504975,State University of Campinas,Indicador,Green and Sustainable Science and Technology,Percentage of total publications that are among the 10% most cited,posicao,223.0,
2026,2026-2027,504975,State University of Campinas,Indicador,Green and Sustainable Science and Technology,International collaboration - relative to country,posicao,52.0,
2026,2026-2027,504975,State University of Campinas,Indicador,Green and Sustainable Science and Technology,International collaboration,posicao,106.0,
2026,2026-2027,504975,State University of Campinas,Indicador,Green and Sustainable Science and Technology,Number of highly cited papers that are among the top 1% most cited,posicao,202.0,
2026,2026-2027,504975,State University of Campinas,Indicador,Green and Sustainable Science and Technology,Percentage of highly cited papers that are among the top 1% most cited,posicao,207.0,
2026,2026-2027,504975,State University of Campinas,Indicador,Materials Science,Global research reputation,posicao,344.0,
2026,2026-2027,504975,State University of Campinas,Indicador,Materials Science,Regional research reputation,posicao,2.0,
2026,2026-2027,504975,State University of Campinas,Indicador,Materials Science,Publications,posicao,339.0,
2026,2026-2027,504975,State University of Campinas,Indicador,Materials Science,Normalized citation impact,posicao,1023.0,
2026,2026-2027,504975,State University of Campinas,Indicador,Materials Science,Total citations,posicao,535.0,
2026,2026-2027,504975,State University of Campinas,Indicador,Materials Science,Number of publications that are among the 10% most cited,posicao,718.0,
2026,2026-2027,504975,State University of Campinas,Indicador,Materials Science,Percentage of total publications that are among the 10% most cited,posicao,1024.0,
2026,2026-2027,504975,State University of Campinas,Indicador,Materials Science,International collaboration - relative to country,posicao,247.0,
2026,2026-2027,504975,State University of Campinas,Indicador,Materials Science,International collaboration,posicao,578.0,
2026,2026-2027,504975,State University of Campinas,Indicador,Materials Science,Number of highly cited papers that are among the top 1% most cited,posicao,788.0,
2026,2026-2027,504975,State University of Campinas,Indicador,Materials Science,Percentage of highly cited papers that are among the top 1% most cited,posicao,993.0,
2026,2026-2027,504975,State University of Campinas,Indicador,Mathematics,Global research reputation,posicao,166.0,
2026,2026-2027,504975,State University of Campinas,Indicador,Mathematics,Regional research reputation,posicao,2.0,
2026,2026-2027,504975,State University of Campinas,Indicador,Mathematics,Publications,posicao,142.0,
2026,2026-2027,504975,State University of Campinas,Indicador,Mathematics,Normalized citation impact,posicao,427.0,
2026,2026-2027,504975,State University of Campinas,Indicador,Mathematics,Total citations,posicao,237.0,
2026,2026-2027,504975,State University of Campinas,Indicador,Mathematics,Number of publications that are among the 10% most cited,posicao,258.0,
2026,2026-2027,504975,State University of Campinas,Indicador,Mathematics,Percentage of total publications that are among the 10% most cited,posicao,402.0,
2026,2026-2027,504975,State University of Campinas,Indicador,Mathematics,International collaboration - relative to country,posicao,226.0,
2026,2026-2027,504975,State University of Campinas,Indicador,Mathematics,International collaboration,posicao,293.0,
2026,2026-2027,504975,State University of Campinas,Indicador,Mathematics,Number of highly cited papers that are among the top 1% most cited,posicao,300.0,
2026,2026-2027,504975,State University of Campinas,Indicador,Mathematics,Percentage of highly cited papers that are among the top 1% most cited,posicao,379.0,
2026,2026-2027,504975,State University of Campinas,Indicador,Microbiology,Global research reputation,posicao,86.0,
2026,2026-2027,504975,State University of Campinas,Indicador,Microbiology,Regional research reputation,posicao,3.0,
2026,2026-2027,504975,State University of Campinas,Indicador,Microbiology,Publications,posicao,224.0,
2026,2026-2027,504975,State University of Campinas,Indicador,Microbiology,Normalized citation impact,posicao,258.0,
2026,2026-2027,504975,State University of Campinas,Indicador,Microbiology,Total citations,posicao,266.0,
2026,2026-2027,504975,State University of Campinas,Indicador,Microbiology,Number of publications that are among the 10% most cited,posicao,254.0,
2026,2026-2027,504975,State University of Campinas,Indicador,Microbiology,Percentage of total publications that are among the 10% most cited,posicao,242.0,
2026,2026-2027,504975,State University of Campinas,Indicador,Microbiology,International collaboration - relative to country,posicao,72.0,
2026,2026-2027,504975,State University of Campinas,Indicador,Microbiology,International collaboration,posicao,186.0,
2026,2026-2027,504975,State University of Campinas,Indicador,Microbiology,Number of highly cited papers that are among the top 1% most cited,posicao,262.0,
2026,2026-2027,504975,State University of Campinas,Indicador,Microbiology,Percentage of highly cited papers that are among the top 1% most cited,posicao,272.0,
2026,2026-2027,504975,State University of Campinas,Indicador,Molecular Biology and Genetics,Global research reputation,posicao,110.0,substituto
2026,2026-2027,504975,State University of Campinas,Indicador,Molecular Biology and Genetics,Regional research reputation,posicao,5.0,
2026,2026-2027,504975,State University of Campinas,Indicador,Molecular Biology and Genetics,Publications,posicao,316.0,
2026,2026-2027,504975,State University of Campinas,Indicador,Molecular Biology and Genetics,Normalized citation impact,posicao,391.0,
2026,2026-2027,504975,State University of Campinas,Indicador,Molecular Biology and Genetics,Total citations,posicao,386.0,
2026,2026-2027,504975,State University of Campinas,Indicador,Molecular Biology and Genetics,Number of publications that are among the 10% most cited,posicao,430.0,
2026,2026-2027,504975,State University of Campinas,Indicador,Molecular Biology and Genetics,Percentage of total publications that are among the 10% most cited,posicao,442.0,
2026,2026-2027,504975,State University of Campinas,Indicador,Molecular Biology and Genetics,International collaboration - relative to country,posicao,277.0,
2026,2026-2027,504975,State University of Campinas,Indicador,Molecular Biology and Genetics,International collaboration,posicao,248.0,
2026,2026-2027,504975,State University of Campinas,Indicador,Molecular Biology and Genetics,Number of highly cited papers that are among the top 1% most cited,posicao,366.0,
2026,2026-2027,504975,State University of Campinas,Indicador,Molecular Biology and Genetics,Percentage of highly cited papers that are among the top 1% most cited,posicao,360.0,
2026,2026-2027,504975,State University of Campinas,Indicador,Neuroscience and Behavior,Global research reputation,posicao,93.0,
2026,2026-2027,504975,State University of Campinas,Indicador,Neuroscience and Behavior,Regional research reputation,posicao,4.0,substituto
2026,2026-2027,504975,State University of Campinas,Indicador,Neuroscience and Behavior,Publications,posicao,345.0,
2026,2026-2027,504975,State University of Campinas,Indicador,Neuroscience and Behavior,Normalized citation impact,posicao,439.0,
2026,2026-2027,504975,State University of Campinas,Indicador,Neuroscience and Behavior,Total citations,posicao,417.0,
2026,2026-2027,504975,State University of Campinas,Indicador,Neuroscience and Behavior,Number of publications that are among the 10% most cited,posicao,362.0,
2026,2026-2027,504975,State University of Campinas,Indicador,Neuroscience and Behavior,Percentage of total publications that are among the 10% most cited,posicao,373.0,
2026,2026-2027,504975,State University of Campinas,Indicador,Neuroscience and Behavior,International collaboration - relative to country,posicao,51.0,
2026,2026-2027,504975,State University of Campinas,Indicador,Neuroscience and Behavior,International collaboration,posicao,187.0,
2026,2026-2027,504975,State University of Campinas,Indicador,Neuroscience and Behavior,Number of highly cited papers that are among the top 1% most cited,posicao,423.0,
2026,2026-2027,504975,State University of Campinas,Indicador,Neuroscience and Behavior,Percentage of highly cited papers that are among the top 1% most cited,posicao,461.0,
2026,2026-2027,504975,State University of Campinas,Indicador,Oncology,Publications,posicao,497.0,
2026,2026-2027,504975,State University of Campinas,Indicador,Oncology,Conferences,posicao,16.0,substituto
2026,2026-2027,504975,State University of Campinas,Indicador,Oncology,Normalized citation impact,posicao,506.0,
2026,2026-2027,504975,State University of Campinas,Indicador,Oncology,Total citations,posicao,529.0,
2026,2026-2027,504975,State University of Campinas,Indicador,Oncology,Number of publications that are among the 10% most cited,posicao,511.0,
2026,2026-2027,504975,State University of Campinas,Indicador,Oncology,Percentage of total publications that are among the 10% most cited,posicao,475.0,
2026,2026-2027,504975,State University of Campinas,Indicador,Oncology,International collaboration - relative to country,posicao,277.0,
2026,2026-2027,504975,State University of Campinas,Indicador,Oncology,International collaboration,posicao,185.0,
2026,2026-2027,504975,State University of Campinas,Indicador,Oncology,Number of highly cited papers that are among the top 1% most cited,posicao,494.0,
2026,2026-2027,504975,State University of Campinas,Indicador,Oncology,Percentage of highly cited papers that are among the top 1% most cited,posicao,459.0,
2026,2026-2027,504975,State University of Campinas,Indicador,Pharmacology and Toxicology,Global research reputation,posicao,88.0,
2026,2026-2027,504975,State University of Campinas,Indicador,Pharmacology and Toxicology,Regional research reputation,posicao,2.0,
2026,2026-2027,504975,State University of Campinas,Indicador,Pharmacology and Toxicology,Publications,posicao,210.0,
2026,2026-2027,504975,State University of Campinas,Indicador,Pharmacology and Toxicology,Normalized citation impact,posicao,504.0,
2026,2026-2027,504975,State University of Campinas,Indicador,Pharmacology and Toxicology,Total citations,posicao,320.0,
2026,2026-2027,504975,State University of Campinas,Indicador,Pharmacology and Toxicology,Number of publications that are among the 10% most cited,posicao,401.0,
2026,2026-2027,504975,State University of Campinas,Indicador,Pharmacology and Toxicology,Percentage of total publications that are among the 10% most cited,posicao,507.0,
2026,2026-2027,504975,State University of Campinas,Indicador,Pharmacology and Toxicology,International collaboration - relative to country,posicao,207.0,
2026,2026-2027,504975,State University of Campinas,Indicador,Pharmacology and Toxicology,International collaboration,posicao,283.0,
2026,2026-2027,504975,State University of Campinas,Indicador,Pharmacology and Toxicology,Number of highly cited papers that are among the top 1% most cited,posicao,494.0,substituto
2026,2026-2027,504975,State University of Campinas,Indicador,Pharmacology and Toxicology,Percentage of highly cited papers that are among the top 1% most cited,posicao,536.0,substituto
2026,2026-2027,504975,State University of Campinas,Indicador,Physical Chemistry,Publications,posicao,257.0,
2026,2026-2027,504975,State University of Campinas,Indicador,Physical Chemistry,Conferences,posicao,17.0,substituto
2026,2026-2027,504975,State University of Campinas,Indicador,Physical Chemistry,Normalized citation impact,posicao,754.0,
2026,2026-2027,504975,State University of Campinas,Indicador,Physical Chemistry,Total citations,posicao,452.0,
2026,2026-2027,504975,State University of Campinas,Indicador,Physical Chemistry,Number of publications that are among the 10% most cited,posicao,614.0,
2026,2026-2027,504975,State University of Campinas,Indicador,Physical Chemistry,Percentage of total publications that are among the 10% most cited,posicao,767.0,
2026,2026-2027,504975,State University of Campinas,Indicador,Physical Chemistry,International collaboration - relative to country,posicao,313.0,
2026,2026-2027,504975,State University of Campinas,Indicador,Physical Chemistry,International collaboration,posicao,411.0,
2026,2026-2027,504975,State University of Campinas,Indicador,Physical Chemistry,Number of highly cited papers that are among the top 1% most cited,posicao,632.0,
2026,2026-2027,504975,State University of Campinas,Indicador,Physical Chemistry,Percentage of highly cited papers that are among the top 1% most cited,posicao,736.0,
2026,2026-2027,504975,State University of Campinas,Indicador,Physics,Global research reputation,posicao,116.0,
2026,2026-2027,504975,State University of Campinas,Indicador,Physics,Regional research reputation,posicao,1.0,
2026,2026-2027,504975,State University of Campinas,Indicador,Physics,Publications,posicao,236.0,
2026,2026-2027,504975,State University of Campinas,Indicador,Physics,Normalized citation impact,posicao,558.0,
2026,2026-2027,504975,State University of Campinas,Indicador,Physics,Total citations,posicao,288.0,
2026,2026-2027,504975,State University of Campinas,Indicador,Physics,Number of publications that are among the 10% most cited,posicao,277.0,
2026,2026-2027,504975,State University of Campinas,Indicador,Physics,Percentage of total publications that are among the 10% most cited,posicao,553.0,
2026,2026-2027,504975,State University of Campinas,Indicador,Physics,International collaboration - relative to country,posicao,183.0,
2026,2026-2027,504975,State University of Campinas,Indicador,Physics,International collaboration,posicao,372.0,
2026,2026-2027,504975,State University of Campinas,Indicador,Physics,Number of highly cited papers that are among the top 1% most cited,posicao,442.0,
2026,2026-2027,504975,State University of Campinas,Indicador,Physics,Percentage of highly cited papers that are among the top 1% most cited,posicao,747.0,
2026,2026-2027,504975,State University of Campinas,Indicador,Plant and Animal Science,Global research reputation,posicao,196.0,
2026,2026-2027,504975,State University of Campinas,Indicador,Plant and Animal Science,Regional research reputation,posicao,3.0,
2026,2026-2027,504975,State University of Campinas,Indicador,Plant and Animal Science,Publications,posicao,146.0,
2026,2026-2027,504975,State University of Campinas,Indicador,Plant and Animal Science,Normalized citation impact,posicao,611.0,
2026,2026-2027,504975,State University of Campinas,Indicador,Plant and Animal Science,Total citations,posicao,225.0,
2026,2026-2027,504975,State University of Campinas,Indicador,Plant and Animal Science,Number of publications that are among the 10% most cited,posicao,325.0,
2026,2026-2027,504975,State University of Campinas,Indicador,Plant and Animal Science,Percentage of total publications that are among the 10% most cited,posicao,612.0,
2026,2026-2027,504975,State University of Campinas,Indicador,Plant and Animal Science,International collaboration - relative to country,posicao,78.0,
2026,2026-2027,504975,State University of Campinas,Indicador,Plant and Animal Science,International collaboration,posicao,482.0,
2026,2026-2027,504975,State University of Campinas,Indicador,Plant and Animal Science,Number of highly cited papers that are among the top 1% most cited,posicao,262.0,
2026,2026-2027,504975,State University of Campinas,Indicador,Plant and Animal Science,Percentage of highly cited papers that are among the top 1% most cited,posicao,486.0,
2026,2026-2027,504975,State University of Campinas,Indicador,Polymer Science,Publications,posicao,158.0,
2026,2026-2027,504975,State University of Campinas,Indicador,Polymer Science,Conferences,posicao,54.0,
2026,2026-2027,504975,State University of Campinas,Indicador,Polymer Science,Normalized citation impact,posicao,218.0,
2026,2026-2027,504975,State University of Campinas,Indicador,Polymer Science,Total citations,posicao,201.0,
2026,2026-2027,504975,State University of Campinas,Indicador,Polymer Science,Number of publications that are among the 10% most cited,posicao,173.0,
2026,2026-2027,504975,State University of Campinas,Indicador,Polymer Science,Percentage of total publications that are among the 10% most cited,posicao,170.0,
2026,2026-2027,504975,State University of Campinas,Indicador,Polymer Science,International collaboration - relative to country,posicao,78.0,
2026,2026-2027,504975,State University of Campinas,Indicador,Polymer Science,International collaboration,posicao,124.0,
2026,2026-2027,504975,State University of Campinas,Indicador,Polymer Science,Number of highly cited papers that are among the top 1% most cited,posicao,163.0,
2026,2026-2027,504975,State University of Campinas,Indicador,Polymer Science,Percentage of highly cited papers that are among the top 1% most cited,posicao,180.0,
2026,2026-2027,504975,State University of Campinas,Indicador,"Public, Environmental and Occupational Health",Publications,posicao,292.0,
2026,2026-2027,504975,State University of Campinas,Indicador,"Public, Environmental and Occupational Health",Conferences,posicao,186.0,substituto
2026,2026-2027,504975,State University of Campinas,Indicador,"Public, Environmental and Occupational Health",Normalized citation impact,posicao,380.0,
2026,2026-2027,504975,State University of Campinas,Indicador,"Public, Environmental and Occupational Health",Total citations,posicao,368.0,
2026,2026-2027,504975,State University of Campinas,Indicador,"Public, Environmental and Occupational Health",Number of publications that are among the 10% most cited,posicao,497.0,
2026,2026-2027,504975,State University of Campinas,Indicador,"Public, Environmental and Occupational Health",Percentage of total publications that are among the 10% most cited,posicao,521.0,
2026,2026-2027,504975,State University of Campinas,Indicador,"Public, Environmental and Occupational Health",International collaboration - relative to country,posicao,388.0,
2026,2026-2027,504975,State University of Campinas,Indicador,"Public, Environmental and Occupational Health",International collaboration,posicao,416.0,
2026,2026-2027,504975,State University of Campinas,Indicador,"Public, Environmental and Occupational Health",Number of highly cited papers that are among the top 1% most cited,posicao,416.0,
2026,2026-2027,504975,State University of Campinas,Indicador,"Public, Environmental and Occupational Health",Percentage of highly cited papers that are among the top 1% most cited,posicao,456.0,
2026,2026-2027,504975,State University of Campinas,Indicador,Social Sciences and Public Health,Global research reputation,posicao,215.0,
2026,2026-2027,504975,State University of Campinas,Indicador,Social Sciences and Public Health,Regional research reputation,posicao,7.0,
2026,2026-2027,504975,State University of Campinas,Indicador,Social Sciences and Public Health,Publications,posicao,405.0,
2026,2026-2027,504975,State University of Campinas,Indicador,Social Sciences and Public Health,Normalized citation impact,posicao,946.0,
2026,2026-2027,504975,State University of Campinas,Indicador,Social Sciences and Public Health,Total citations,posicao,682.0,
2026,2026-2027,504975,State University of Campinas,Indicador,Social Sciences and Public Health,Number of publications that are among the 10% most cited,posicao,717.0,
2026,2026-2027,504975,State University of Campinas,Indicador,Social Sciences and Public Health,Percentage of total publications that are among the 10% most cited,posicao,917.0,
2026,2026-2027,504975,State University of Campinas,Indicador,Social Sciences and Public Health,International collaboration - relative to country,posicao,327.0,
2026,2026-2027,504975,State University of Campinas,Indicador,Social Sciences and Public Health,International collaboration,posicao,526.0,
2026,2026-2027,504975,State University of Campinas,Indicador,Social Sciences and Public Health,Number of highly cited papers that are among the top 1% most cited,posicao,872.0,
2026,2026-2027,504975,State University of Campinas,Indicador,Social Sciences and Public Health,Percentage of highly cited papers that are among the top 1% most cited,posicao,932.0,
2026,2026-2027,500468,Federal University of Rio Grande do Sul,Listagem,Geral,Best Universities in Brazil,posicao,3.0,
2026,2026-2027,500468,Federal University of Rio Grande do Sul,Listagem,Geral,Best Global Universities,posicao,429.0,empate
2026,2026-2027,500468,Federal University of Rio Grande do Sul,Listagem,Geral,Global Score,score,51.4,
2026,2026-2027,500468,Federal University of Rio Grande do Sul,Listagem,Geral,Enrollment,valor,39203.0,
2026,2026-2027,500468,Federal University of Rio Grande do Sul,Perfil institucional,Geral,Total number of students,valor,39203.0,
2026,2026-2027,500468,Federal University of Rio Grande do Sul,Perfil institucional,Geral,Number of international students,valor,570.0,
2026,2026-2027,500468,Federal University of Rio Grande do Sul,Perfil institucional,Geral,Total number of academic staff,valor,2861.0,
2026,2026-2027,500468,Federal University of Rio Grande do Sul,Perfil institucional,Geral,Number of international staff,valor,50.0,
2026,2026-2027,500468,Federal University of Rio Grande do Sul,Perfil institucional,Geral,Number of undergraduate degrees awarded,valor,2958.0,
2026,2026-2027,500468,Federal University of Rio Grande do Sul,Perfil institucional,Geral,Number of master's degrees awarded,valor,,sem dado
2026,2026-2027,500468,Federal University of Rio Grande do Sul,Perfil institucional,Geral,Number of doctoral degrees awarded,valor,824.0,
2026,2026-2027,500468,Federal University of Rio Grande do Sul,Perfil institucional,Geral,Number of research only staff,valor,650.0,
2026,2026-2027,500468,Federal University of Rio Grande do Sul,Perfil institucional,Geral,Number of new undergraduate students,valor,5928.0,
2026,2026-2027,500468,Federal University of Rio Grande do Sul,Perfil institucional,Geral,Number of new master's students,valor,,sem dado
2026,2026-2027,500468,Federal University of Rio Grande do Sul,Perfil institucional,Geral,Number of new doctoral students,valor,1030.0,
2026,2026-2027,500468,Federal University of Rio Grande do Sul,Ranking geral,Geral,Global score,score,51.4,
2026,2026-2027,500468,Federal University of Rio Grande do Sul,Ranking geral,Geral,Best Global Universities,posicao,429.0,empate
2026,2026-2027,500468,Federal University of Rio Grande do Sul,Ranking geral,Geral,Best Global Universities in Latin America,posicao,7.0,
2026,2026-2027,500468,Federal University of Rio Grande do Sul,Ranking geral,Geral,Best Global Universities in Brazil,posicao,3.0,
2026,2026-2027,500468,Federal University of Rio Grande do Sul,Ranking por area,Agricultural Sciences,Posicao na area,posicao,190.0,
2026,2026-2027,500468,Federal University of Rio Grande do Sul,Ranking por area,Agricultural Sciences,Score na area,score,43.1,
2026,2026-2027,500468,Federal University of Rio Grande do Sul,Ranking por area,Biology and Biochemistry,Posicao na area,posicao,648.0,empate
2026,2026-2027,500468,Federal University of Rio Grande do Sul,Ranking por area,Biology and Biochemistry,Score na area,score,21.4,
2026,2026-2027,500468,Federal University of Rio Grande do Sul,Ranking por area,Chemical Engineering,Posicao na area,posicao,368.0,
2026,2026-2027,500468,Federal University of Rio Grande do Sul,Ranking por area,Chemical Engineering,Score na area,score,33.8,
2026,2026-2027,500468,Federal University of Rio Grande do Sul,Ranking por area,Chemistry,Posicao na area,posicao,704.0,empate
2026,2026-2027,500468,Federal University of Rio Grande do Sul,Ranking por area,Chemistry,Score na area,score,40.2,
2026,2026-2027,500468,Federal University of Rio Grande do Sul,Ranking por area,Clinical Medicine,Posicao na area,posicao,268.0,empate
2026,2026-2027,500468,Federal University of Rio Grande do Sul,Ranking por area,Clinical Medicine,Score na area,score,51.9,
2026,2026-2027,500468,Federal University of Rio Grande do Sul,Ranking por area,Computer Science,Posicao na area,posicao,479.0,empate
2026,2026-2027,500468,Federal University of Rio Grande do Sul,Ranking por area,Computer Science,Score na area,score,32.0,
2026,2026-2027,500468,Federal University of Rio Grande do Sul,Ranking por area,Ecology,Posicao na area,posicao,211.0,empate
2026,2026-2027,500468,Federal University of Rio Grande do Sul,Ranking por area,Ecology,Score na area,score,40.2,
2026,2026-2027,500468,Federal University of Rio Grande do Sul,Ranking por area,Electrical and Electronic Engineering,Posicao na area,posicao,660.0,empate
2026,2026-2027,500468,Federal University of Rio Grande do Sul,Ranking por area,Electrical and Electronic Engineering,Score na area,score,27.7,
2026,2026-2027,500468,Federal University of Rio Grande do Sul,Ranking por area,Endocrinology and Metabolism,Posicao na area,posicao,152.0,empate
2026,2026-2027,500468,Federal University of Rio Grande do Sul,Ranking por area,Endocrinology and Metabolism,Score na area,score,42.6,
2026,2026-2027,500468,Federal University of Rio Grande do Sul,Ranking por area,Engineering,Posicao na area,posicao,492.0,empate
2026,2026-2027,500468,Federal University of Rio Grande do Sul,Ranking por area,Engineering,Score na area,score,42.6,
2026,2026-2027,500468,Federal University of Rio Grande do Sul,Ranking por area,Environment/Ecology,Posicao na area,posicao,372.0,empate
2026,2026-2027,500468,Federal University of Rio Grande do Sul,Ranking por area,Environment/Ecology,Score na area,score,43.1,
2026,2026-2027,500468,Federal University of Rio Grande do Sul,Ranking por area,Food Science and Technology,Posicao na area,posicao,245.0,
2026,2026-2027,500468,Federal University of Rio Grande do Sul,Ranking por area,Food Science and Technology,Score na area,score,22.7,
2026,2026-2027,500468,Federal University of Rio Grande do Sul,Ranking por area,Geosciences,Posicao na area,posicao,433.0,
2026,2026-2027,500468,Federal University of Rio Grande do Sul,Ranking por area,Geosciences,Score na area,score,23.4,
2026,2026-2027,500468,Federal University of Rio Grande do Sul,Ranking por area,Materials Science,Posicao na area,posicao,945.0,empate
2026,2026-2027,500468,Federal University of Rio Grande do Sul,Ranking por area,Materials Science,Score na area,score,20.7,
2026,2026-2027,500468,Federal University of Rio Grande do Sul,Ranking por area,Neuroscience and Behavior,Posicao na area,posicao,186.0,empate
2026,2026-2027,500468,Federal University of Rio Grande do Sul,Ranking por area,Neuroscience and Behavior,Score na area,score,37.6,
2026,2026-2027,500468,Federal University of Rio Grande do Sul,Ranking por area,Pharmacology and Toxicology,Posicao na area,posicao,495.0,
2026,2026-2027,500468,Federal University of Rio Grande do Sul,Ranking por area,Pharmacology and Toxicology,Score na area,score,23.3,
2026,2026-2027,500468,Federal University of Rio Grande do Sul,Ranking por area,Physical Chemistry,Posicao na area,posicao,712.0,empate
2026,2026-2027,500468,Federal University of Rio Grande do Sul,Ranking por area,Physical Chemistry,Score na area,score,31.5,
2026,2026-2027,500468,Federal University of Rio Grande do Sul,Ranking por area,Physics,Posicao na area,posicao,372.0,empate
2026,2026-2027,500468,Federal University of Rio Grande do Sul,Ranking por area,Physics,Score na area,score,45.6,
2026,2026-2027,500468,Federal University of Rio Grande do Sul,Ranking por area,Plant and Animal Science,Posicao na area,posicao,249.0,empate
2026,2026-2027,500468,Federal University of Rio Grande do Sul,Ranking por area,Plant and Animal Science,Score na area,score,49.7,
2026,2026-2027,500468,Federal University of Rio Grande do Sul,Ranking por area,Psychiatry/Psychology,Posicao na area,posicao,138.0,empate
2026,2026-2027,500468,Federal University of Rio Grande do Sul,Ranking por area,Psychiatry/Psychology,Score na area,score,50.4,
2026,2026-2027,500468,Federal University of Rio Grande do Sul,Ranking por area,"Public, Environmental and Occupational Health",Posicao na area,posicao,312.0,empate
2026,2026-2027,500468,Federal University of Rio Grande do Sul,Ranking por area,"Public, Environmental and Occupational Health",Score na area,score,48.1,
2026,2026-2027,500468,Federal University of Rio Grande do Sul,Ranking por area,Social Sciences and Public Health,Posicao na area,posicao,453.0,empate
2026,2026-2027,500468,Federal University of Rio Grande do Sul,Ranking por area,Social Sciences and Public Health,Score na area,score,39.0,
2026,2026-2027,500468,Federal University of Rio Grande do Sul,Ranking por area,Space Science,Posicao na area,posicao,245.0,empate
2026,2026-2027,500468,Federal University of Rio Grande do Sul,Ranking por area,Space Science,Score na area,score,31.1,
2026,2026-2027,500468,Federal University of Rio Grande do Sul,Indicador,Geral,Global research reputation,posicao,417.0,
2026,2026-2027,500468,Federal University of Rio Grande do Sul,Indicador,Geral,Regional research reputation,posicao,10.0,
2026,2026-2027,500468,Federal University of Rio Grande do Sul,Indicador,Geral,Publications,posicao,317.0,
2026,2026-2027,500468,Federal University of Rio Grande do Sul,Indicador,Geral,Books,posicao,702.0,
2026,2026-2027,500468,Federal University of Rio Grande do Sul,Indicador,Geral,Conferences,posicao,395.0,
2026,2026-2027,500468,Federal University of Rio Grande do Sul,Indicador,Geral,Normalized citation impact,posicao,1270.0,
2026,2026-2027,500468,Federal University of Rio Grande do Sul,Indicador,Geral,Total citations,posicao,377.0,
2026,2026-2027,500468,Federal University of Rio Grande do Sul,Indicador,Geral,Number of publications that are among the 10% most cited,posicao,576.0,
2026,2026-2027,500468,Federal University of Rio Grande do Sul,Indicador,Geral,Percentage of total publications that are among the 10% most cited,posicao,2085.0,
2026,2026-2027,500468,Federal University of Rio Grande do Sul,Indicador,Geral,International collaboration - relative to country,posicao,488.0,
2026,2026-2027,500468,Federal University of Rio Grande do Sul,Indicador,Geral,International collaboration,posicao,1129.0,
2026,2026-2027,500468,Federal University of Rio Grande do Sul,Indicador,Geral,Number of highly cited papers that are among the top 1% most cited,posicao,481.0,
2026,2026-2027,500468,Federal University of Rio Grande do Sul,Indicador,Geral,Percentage of highly cited papers that are among the top 1% most cited,posicao,1490.0,
2026,2026-2027,500468,Federal University of Rio Grande do Sul,Indicador,Agricultural Sciences,Global research reputation,posicao,204.0,
2026,2026-2027,500468,Federal University of Rio Grande do Sul,Indicador,Agricultural Sciences,Regional research reputation,posicao,6.0,
2026,2026-2027,500468,Federal University of Rio Grande do Sul,Indicador,Agricultural Sciences,Publications,posicao,100.0,
2026,2026-2027,500468,Federal University of Rio Grande do Sul,Indicador,Agricultural Sciences,Normalized citation impact,posicao,474.0,
2026,2026-2027,500468,Federal University of Rio Grande do Sul,Indicador,Agricultural Sciences,Total citations,posicao,182.0,
2026,2026-2027,500468,Federal University of Rio Grande do Sul,Indicador,Agricultural Sciences,Number of publications that are among the 10% most cited,posicao,227.0,
2026,2026-2027,500468,Federal University of Rio Grande do Sul,Indicador,Agricultural Sciences,Percentage of total publications that are among the 10% most cited,posicao,434.0,
2026,2026-2027,500468,Federal University of Rio Grande do Sul,Indicador,Agricultural Sciences,International collaboration - relative to country,posicao,94.0,
2026,2026-2027,500468,Federal University of Rio Grande do Sul,Indicador,Agricultural Sciences,International collaboration,posicao,364.0,
2026,2026-2027,500468,Federal University of Rio Grande do Sul,Indicador,Agricultural Sciences,Number of highly cited papers that are among the top 1% most cited,posicao,204.0,
2026,2026-2027,500468,Federal University of Rio Grande do Sul,Indicador,Agricultural Sciences,Percentage of highly cited papers that are among the top 1% most cited,posicao,369.0,
2026,2026-2027,500468,Federal University of Rio Grande do Sul,Indicador,Biology and Biochemistry,Global research reputation,posicao,407.0,substituto
2026,2026-2027,500468,Federal University of Rio Grande do Sul,Indicador,Biology and Biochemistry,Regional research reputation,posicao,9.0,
2026,2026-2027,500468,Federal University of Rio Grande do Sul,Indicador,Biology and Biochemistry,Publications,posicao,371.0,
2026,2026-2027,500468,Federal University of Rio Grande do Sul,Indicador,Biology and Biochemistry,Normalized citation impact,posicao,815.0,
2026,2026-2027,500468,Federal University of Rio Grande do Sul,Indicador,Biology and Biochemistry,Total citations,posicao,629.0,
2026,2026-2027,500468,Federal University of Rio Grande do Sul,Indicador,Biology and Biochemistry,Number of publications that are among the 10% most cited,posicao,734.0,
2026,2026-2027,500468,Federal University of Rio Grande do Sul,Indicador,Biology and Biochemistry,Percentage of total publications that are among the 10% most cited,posicao,807.0,
2026,2026-2027,500468,Federal University of Rio Grande do Sul,Indicador,Biology and Biochemistry,International collaboration - relative to country,posicao,380.0,
2026,2026-2027,500468,Federal University of Rio Grande do Sul,Indicador,Biology and Biochemistry,International collaboration,posicao,486.0,
2026,2026-2027,500468,Federal University of Rio Grande do Sul,Indicador,Biology and Biochemistry,Number of highly cited papers that are among the top 1% most cited,posicao,637.0,
2026,2026-2027,500468,Federal University of Rio Grande do Sul,Indicador,Biology and Biochemistry,Percentage of highly cited papers that are among the top 1% most cited,posicao,715.0,
2026,2026-2027,500468,Federal University of Rio Grande do Sul,Indicador,Chemical Engineering,Publications,posicao,285.0,
2026,2026-2027,500468,Federal University of Rio Grande do Sul,Indicador,Chemical Engineering,Conferences,posicao,82.0,
2026,2026-2027,500468,Federal University of Rio Grande do Sul,Indicador,Chemical Engineering,Normalized citation impact,posicao,381.0,
2026,2026-2027,500468,Federal University of Rio Grande do Sul,Indicador,Chemical Engineering,Total citations,posicao,367.0,
2026,2026-2027,500468,Federal University of Rio Grande do Sul,Indicador,Chemical Engineering,Number of publications that are among the 10% most cited,posicao,365.0,
2026,2026-2027,500468,Federal University of Rio Grande do Sul,Indicador,Chemical Engineering,Percentage of total publications that are among the 10% most cited,posicao,360.0,
2026,2026-2027,500468,Federal University of Rio Grande do Sul,Indicador,Chemical Engineering,International collaboration - relative to country,posicao,120.0,
2026,2026-2027,500468,Federal University of Rio Grande do Sul,Indicador,Chemical Engineering,International collaboration,posicao,215.0,
2026,2026-2027,500468,Federal University of Rio Grande do Sul,Indicador,Chemical Engineering,Number of highly cited papers that are among the top 1% most cited,posicao,388.0,
2026,2026-2027,500468,Federal University of Rio Grande do Sul,Indicador,Chemical Engineering,Percentage of highly cited papers that are among the top 1% most cited,posicao,399.0,
2026,2026-2027,500468,Federal University of Rio Grande do Sul,Indicador,Chemistry,Global research reputation,posicao,569.0,
2026,2026-2027,500468,Federal University of Rio Grande do Sul,Indicador,Chemistry,Regional research reputation,posicao,16.0,
2026,2026-2027,500468,Federal University of Rio Grande do Sul,Indicador,Chemistry,Publications,posicao,516.0,
2026,2026-2027,500468,Federal University of Rio Grande do Sul,Indicador,Chemistry,Normalized citation impact,posicao,1274.0,
2026,2026-2027,500468,Federal University of Rio Grande do Sul,Indicador,Chemistry,Total citations,posicao,685.0,
2026,2026-2027,500468,Federal University of Rio Grande do Sul,Indicador,Chemistry,Number of publications that are among the 10% most cited,posicao,778.0,
2026,2026-2027,500468,Federal University of Rio Grande do Sul,Indicador,Chemistry,Percentage of total publications that are among the 10% most cited,posicao,1221.0,
2026,2026-2027,500468,Federal University of Rio Grande do Sul,Indicador,Chemistry,International collaboration - relative to country,posicao,318.0,
2026,2026-2027,500468,Federal University of Rio Grande do Sul,Indicador,Chemistry,International collaboration,posicao,757.0,
2026,2026-2027,500468,Federal University of Rio Grande do Sul,Indicador,Chemistry,Number of highly cited papers that are among the top 1% most cited,posicao,854.0,
2026,2026-2027,500468,Federal University of Rio Grande do Sul,Indicador,Chemistry,Percentage of highly cited papers that are among the top 1% most cited,posicao,1208.0,
2026,2026-2027,500468,Federal University of Rio Grande do Sul,Indicador,Clinical Medicine,Global research reputation,posicao,263.0,
2026,2026-2027,500468,Federal University of Rio Grande do Sul,Indicador,Clinical Medicine,Regional research reputation,posicao,6.0,
2026,2026-2027,500468,Federal University of Rio Grande do Sul,Indicador,Clinical Medicine,Publications,posicao,376.0,
2026,2026-2027,500468,Federal University of Rio Grande do Sul,Indicador,Clinical Medicine,Normalized citation impact,posicao,303.0,
2026,2026-2027,500468,Federal University of Rio Grande do Sul,Indicador,Clinical Medicine,Total citations,posicao,284.0,
2026,2026-2027,500468,Federal University of Rio Grande do Sul,Indicador,Clinical Medicine,Number of publications that are among the 10% most cited,posicao,481.0,
2026,2026-2027,500468,Federal University of Rio Grande do Sul,Indicador,Clinical Medicine,Percentage of total publications that are among the 10% most cited,posicao,1094.0,
2026,2026-2027,500468,Federal University of Rio Grande do Sul,Indicador,Clinical Medicine,International collaboration - relative to country,posicao,632.0,
2026,2026-2027,500468,Federal University of Rio Grande do Sul,Indicador,Clinical Medicine,International collaboration,posicao,687.0,
2026,2026-2027,500468,Federal University of Rio Grande do Sul,Indicador,Clinical Medicine,Number of highly cited papers that are among the top 1% most cited,posicao,356.0,
2026,2026-2027,500468,Federal University of Rio Grande do Sul,Indicador,Clinical Medicine,Percentage of highly cited papers that are among the top 1% most cited,posicao,624.0,
2026,2026-2027,500468,Federal University of Rio Grande do Sul,Indicador,Computer Science,Global research reputation,posicao,213.0,
2026,2026-2027,500468,Federal University of Rio Grande do Sul,Indicador,Computer Science,Regional research reputation,posicao,4.0,
2026,2026-2027,500468,Federal University of Rio Grande do Sul,Indicador,Computer Science,Publications,posicao,562.0,
2026,2026-2027,500468,Federal University of Rio Grande do Sul,Indicador,Computer Science,Conferences,posicao,356.0,
2026,2026-2027,500468,Federal University of Rio Grande do Sul,Indicador,Computer Science,Normalized citation impact,posicao,977.0,
2026,2026-2027,500468,Federal University of Rio Grande do Sul,Indicador,Computer Science,Total citations,posicao,808.0,
2026,2026-2027,500468,Federal University of Rio Grande do Sul,Indicador,Computer Science,Number of publications that are among the 10% most cited,posicao,679.0,
2026,2026-2027,500468,Federal University of Rio Grande do Sul,Indicador,Computer Science,Percentage of total publications that are among the 10% most cited,posicao,964.0,
2026,2026-2027,500468,Federal University of Rio Grande do Sul,Indicador,Computer Science,International collaboration - relative to country,posicao,595.0,
2026,2026-2027,500468,Federal University of Rio Grande do Sul,Indicador,Computer Science,International collaboration,posicao,594.0,
2026,2026-2027,500468,Federal University of Rio Grande do Sul,Indicador,Computer Science,Number of highly cited papers that are among the top 1% most cited,posicao,627.0,
2026,2026-2027,500468,Federal University of Rio Grande do Sul,Indicador,Computer Science,Percentage of highly cited papers that are among the top 1% most cited,posicao,732.0,
2026,2026-2027,500468,Federal University of Rio Grande do Sul,Indicador,Ecology,Publications,posicao,189.0,
2026,2026-2027,500468,Federal University of Rio Grande do Sul,Indicador,Ecology,Conferences,posicao,21.0,substituto
2026,2026-2027,500468,Federal University of Rio Grande do Sul,Indicador,Ecology,Normalized citation impact,posicao,209.0,
2026,2026-2027,500468,Federal University of Rio Grande do Sul,Indicador,Ecology,Total citations,posicao,204.0,
2026,2026-2027,500468,Federal University of Rio Grande do Sul,Indicador,Ecology,Number of publications that are among the 10% most cited,posicao,272.0,
2026,2026-2027,500468,Federal University of Rio Grande do Sul,Indicador,Ecology,Percentage of total publications that are among the 10% most cited,posicao,273.0,
2026,2026-2027,500468,Federal University of Rio Grande do Sul,Indicador,Ecology,International collaboration - relative to country,posicao,107.0,
2026,2026-2027,500468,Federal University of Rio Grande do Sul,Indicador,Ecology,International collaboration,posicao,219.0,
2026,2026-2027,500468,Federal University of Rio Grande do Sul,Indicador,Ecology,Number of highly cited papers that are among the top 1% most cited,posicao,126.0,
2026,2026-2027,500468,Federal University of Rio Grande do Sul,Indicador,Ecology,Percentage of highly cited papers that are among the top 1% most cited,posicao,70.0,
2026,2026-2027,500468,Federal University of Rio Grande do Sul,Indicador,Electrical and Electronic Engineering,Publications,posicao,676.0,
2026,2026-2027,500468,Federal University of Rio Grande do Sul,Indicador,Electrical and Electronic Engineering,Conferences,posicao,244.0,
2026,2026-2027,500468,Federal University of Rio Grande do Sul,Indicador,Electrical and Electronic Engineering,Normalized citation impact,posicao,775.0,
2026,2026-2027,500468,Federal University of Rio Grande do Sul,Indicador,Electrical and Electronic Engineering,Total citations,posicao,794.0,
2026,2026-2027,500468,Federal University of Rio Grande do Sul,Indicador,Electrical and Electronic Engineering,Number of publications that are among the 10% most cited,posicao,747.0,
2026,2026-2027,500468,Federal University of Rio Grande do Sul,Indicador,Electrical and Electronic Engineering,Percentage of total publications that are among the 10% most cited,posicao,687.0,
2026,2026-2027,500468,Federal University of Rio Grande do Sul,Indicador,Electrical and Electronic Engineering,International collaboration - relative to country,posicao,98.0,
2026,2026-2027,500468,Federal University of Rio Grande do Sul,Indicador,Electrical and Electronic Engineering,International collaboration,posicao,324.0,
2026,2026-2027,500468,Federal University of Rio Grande do Sul,Indicador,Electrical and Electronic Engineering,Number of highly cited papers that are among the top 1% most cited,posicao,570.0,
2026,2026-2027,500468,Federal University of Rio Grande do Sul,Indicador,Electrical and Electronic Engineering,Percentage of highly cited papers that are among the top 1% most cited,posicao,536.0,
2026,2026-2027,500468,Federal University of Rio Grande do Sul,Indicador,Endocrinology and Metabolism,Publications,posicao,183.0,
2026,2026-2027,500468,Federal University of Rio Grande do Sul,Indicador,Endocrinology and Metabolism,Conferences,posicao,2.0,substituto
2026,2026-2027,500468,Federal University of Rio Grande do Sul,Indicador,Endocrinology and Metabolism,Normalized citation impact,posicao,10.0,
2026,2026-2027,500468,Federal University of Rio Grande do Sul,Indicador,Endocrinology and Metabolism,Total citations,posicao,84.0,
2026,2026-2027,500468,Federal University of Rio Grande do Sul,Indicador,Endocrinology and Metabolism,Number of publications that are among the 10% most cited,posicao,239.0,
2026,2026-2027,500468,Federal University of Rio Grande do Sul,Indicador,Endocrinology and Metabolism,Percentage of total publications that are among the 10% most cited,posicao,252.0,
2026,2026-2027,500468,Federal University of Rio Grande do Sul,Indicador,Endocrinology and Metabolism,International collaboration - relative to country,posicao,215.0,
2026,2026-2027,500468,Federal University of Rio Grande do Sul,Indicador,Endocrinology and Metabolism,International collaboration,posicao,186.0,
2026,2026-2027,500468,Federal University of Rio Grande do Sul,Indicador,Endocrinology and Metabolism,Number of highly cited papers that are among the top 1% most cited,posicao,181.0,
2026,2026-2027,500468,Federal University of Rio Grande do Sul,Indicador,Endocrinology and Metabolism,Percentage of highly cited papers that are among the top 1% most cited,posicao,158.0,
2026,2026-2027,500468,Federal University of Rio Grande do Sul,Indicador,Engineering,Global research reputation,posicao,564.0,
2026,2026-2027,500468,Federal University of Rio Grande do Sul,Indicador,Engineering,Regional research reputation,posicao,6.0,
2026,2026-2027,500468,Federal University of Rio Grande do Sul,Indicador,Engineering,Publications,posicao,488.0,
2026,2026-2027,500468,Federal University of Rio Grande do Sul,Indicador,Engineering,Conferences,posicao,341.0,
2026,2026-2027,500468,Federal University of Rio Grande do Sul,Indicador,Engineering,Normalized citation impact,posicao,1182.0,
2026,2026-2027,500468,Federal University of Rio Grande do Sul,Indicador,Engineering,Total citations,posicao,612.0,
2026,2026-2027,500468,Federal University of Rio Grande do Sul,Indicador,Engineering,Number of publications that are among the 10% most cited,posicao,766.0,
2026,2026-2027,500468,Federal University of Rio Grande do Sul,Indicador,Engineering,Percentage of total publications that are among the 10% most cited,posicao,1266.0,
2026,2026-2027,500468,Federal University of Rio Grande do Sul,Indicador,Engineering,International collaboration - relative to country,posicao,289.0,
2026,2026-2027,500468,Federal University of Rio Grande do Sul,Indicador,Engineering,International collaboration,posicao,766.0,
2026,2026-2027,500468,Federal University of Rio Grande do Sul,Indicador,Engineering,Number of highly cited papers that are among the top 1% most cited,posicao,671.0,
2026,2026-2027,500468,Federal University of Rio Grande do Sul,Indicador,Engineering,Percentage of highly cited papers that are among the top 1% most cited,posicao,990.0,
2026,2026-2027,500468,Federal University of Rio Grande do Sul,Indicador,Environment/Ecology,Global research reputation,posicao,281.0,substituto
2026,2026-2027,500468,Federal University of Rio Grande do Sul,Indicador,Environment/Ecology,Regional research reputation,posicao,16.0,
2026,2026-2027,500468,Federal University of Rio Grande do Sul,Indicador,Environment/Ecology,Publications,posicao,222.0,
2026,2026-2027,500468,Federal University of Rio Grande do Sul,Indicador,Environment/Ecology,Normalized citation impact,posicao,882.0,
2026,2026-2027,500468,Federal University of Rio Grande do Sul,Indicador,Environment/Ecology,Total citations,posicao,341.0,
2026,2026-2027,500468,Federal University of Rio Grande do Sul,Indicador,Environment/Ecology,Number of publications that are among the 10% most cited,posicao,442.0,
2026,2026-2027,500468,Federal University of Rio Grande do Sul,Indicador,Environment/Ecology,Percentage of total publications that are among the 10% most cited,posicao,890.0,
2026,2026-2027,500468,Federal University of Rio Grande do Sul,Indicador,Environment/Ecology,International collaboration - relative to country,posicao,164.0,
2026,2026-2027,500468,Federal University of Rio Grande do Sul,Indicador,Environment/Ecology,International collaboration,posicao,623.0,
2026,2026-2027,500468,Federal University of Rio Grande do Sul,Indicador,Environment/Ecology,Number of highly cited papers that are among the top 1% most cited,posicao,338.0,
2026,2026-2027,500468,Federal University of Rio Grande do Sul,Indicador,Environment/Ecology,Percentage of highly cited papers that are among the top 1% most cited,posicao,614.0,
2026,2026-2027,500468,Federal University of Rio Grande do Sul,Indicador,Food Science and Technology,Publications,posicao,179.0,
2026,2026-2027,500468,Federal University of Rio Grande do Sul,Indicador,Food Science and Technology,Conferences,posicao,60.0,
2026,2026-2027,500468,Federal University of Rio Grande do Sul,Indicador,Food Science and Technology,Normalized citation impact,posicao,256.0,
2026,2026-2027,500468,Federal University of Rio Grande do Sul,Indicador,Food Science and Technology,Total citations,posicao,220.0,
2026,2026-2027,500468,Federal University of Rio Grande do Sul,Indicador,Food Science and Technology,Number of publications that are among the 10% most cited,posicao,250.0,
2026,2026-2027,500468,Federal University of Rio Grande do Sul,Indicador,Food Science and Technology,Percentage of total publications that are among the 10% most cited,posicao,263.0,
2026,2026-2027,500468,Federal University of Rio Grande do Sul,Indicador,Food Science and Technology,International collaboration - relative to country,posicao,293.0,
2026,2026-2027,500468,Federal University of Rio Grande do Sul,Indicador,Food Science and Technology,International collaboration,posicao,225.0,
2026,2026-2027,500468,Federal University of Rio Grande do Sul,Indicador,Food Science and Technology,Number of highly cited papers that are among the top 1% most cited,posicao,166.0,
2026,2026-2027,500468,Federal University of Rio Grande do Sul,Indicador,Food Science and Technology,Percentage of highly cited papers that are among the top 1% most cited,posicao,163.0,
2026,2026-2027,500468,Federal University of Rio Grande do Sul,Indicador,Geosciences,Global research reputation,posicao,292.0,
2026,2026-2027,500468,Federal University of Rio Grande do Sul,Indicador,Geosciences,Regional research reputation,posicao,17.0,
2026,2026-2027,500468,Federal University of Rio Grande do Sul,Indicador,Geosciences,Publications,posicao,210.0,
2026,2026-2027,500468,Federal University of Rio Grande do Sul,Indicador,Geosciences,Normalized citation impact,posicao,563.0,
2026,2026-2027,500468,Federal University of Rio Grande do Sul,Indicador,Geosciences,Total citations,posicao,360.0,
2026,2026-2027,500468,Federal University of Rio Grande do Sul,Indicador,Geosciences,Number of publications that are among the 10% most cited,posicao,429.0,
2026,2026-2027,500468,Federal University of Rio Grande do Sul,Indicador,Geosciences,Percentage of total publications that are among the 10% most cited,posicao,552.0,
2026,2026-2027,500468,Federal University of Rio Grande do Sul,Indicador,Geosciences,International collaboration - relative to country,posicao,372.0,
2026,2026-2027,500468,Federal University of Rio Grande do Sul,Indicador,Geosciences,International collaboration,posicao,419.0,
2026,2026-2027,500468,Federal University of Rio Grande do Sul,Indicador,Geosciences,Number of highly cited papers that are among the top 1% most cited,posicao,487.0,
2026,2026-2027,500468,Federal University of Rio Grande do Sul,Indicador,Geosciences,Percentage of highly cited papers that are among the top 1% most cited,posicao,542.0,
2026,2026-2027,500468,Federal University of Rio Grande do Sul,Indicador,Materials Science,Global research reputation,posicao,391.0,substituto
2026,2026-2027,500468,Federal University of Rio Grande do Sul,Indicador,Materials Science,Regional research reputation,posicao,15.0,
2026,2026-2027,500468,Federal University of Rio Grande do Sul,Indicador,Materials Science,Publications,posicao,432.0,
2026,2026-2027,500468,Federal University of Rio Grande do Sul,Indicador,Materials Science,Normalized citation impact,posicao,1127.0,
2026,2026-2027,500468,Federal University of Rio Grande do Sul,Indicador,Materials Science,Total citations,posicao,767.0,
2026,2026-2027,500468,Federal University of Rio Grande do Sul,Indicador,Materials Science,Number of publications that are among the 10% most cited,posicao,991.0,
2026,2026-2027,500468,Federal University of Rio Grande do Sul,Indicador,Materials Science,Percentage of total publications that are among the 10% most cited,posicao,1118.0,
2026,2026-2027,500468,Federal University of Rio Grande do Sul,Indicador,Materials Science,International collaboration - relative to country,posicao,590.0,
2026,2026-2027,500468,Federal University of Rio Grande do Sul,Indicador,Materials Science,International collaboration,posicao,662.0,
2026,2026-2027,500468,Federal University of Rio Grande do Sul,Indicador,Materials Science,Number of highly cited papers that are among the top 1% most cited,posicao,895.0,substituto
2026,2026-2027,500468,Federal University of Rio Grande do Sul,Indicador,Materials Science,Percentage of highly cited papers that are among the top 1% most cited,posicao,1025.0,substituto
2026,2026-2027,500468,Federal University of Rio Grande do Sul,Indicador,Neuroscience and Behavior,Global research reputation,posicao,182.0,substituto
2026,2026-2027,500468,Federal University of Rio Grande do Sul,Indicador,Neuroscience and Behavior,Regional research reputation,posicao,4.0,
2026,2026-2027,500468,Federal University of Rio Grande do Sul,Indicador,Neuroscience and Behavior,Publications,posicao,239.0,
2026,2026-2027,500468,Federal University of Rio Grande do Sul,Indicador,Neuroscience and Behavior,Normalized citation impact,posicao,43.0,
2026,2026-2027,500468,Federal University of Rio Grande do Sul,Indicador,Neuroscience and Behavior,Total citations,posicao,146.0,
2026,2026-2027,500468,Federal University of Rio Grande do Sul,Indicador,Neuroscience and Behavior,Number of publications that are among the 10% most cited,posicao,255.0,
2026,2026-2027,500468,Federal University of Rio Grande do Sul,Indicador,Neuroscience and Behavior,Percentage of total publications that are among the 10% most cited,posicao,330.0,
2026,2026-2027,500468,Federal University of Rio Grande do Sul,Indicador,Neuroscience and Behavior,International collaboration - relative to country,posicao,307.0,
2026,2026-2027,500468,Federal University of Rio Grande do Sul,Indicador,Neuroscience and Behavior,International collaboration,posicao,281.0,
2026,2026-2027,500468,Federal University of Rio Grande do Sul,Indicador,Neuroscience and Behavior,Number of highly cited papers that are among the top 1% most cited,posicao,155.0,
2026,2026-2027,500468,Federal University of Rio Grande do Sul,Indicador,Neuroscience and Behavior,Percentage of highly cited papers that are among the top 1% most cited,posicao,87.0,
2026,2026-2027,500468,Federal University of Rio Grande do Sul,Indicador,Pharmacology and Toxicology,Global research reputation,posicao,139.0,
2026,2026-2027,500468,Federal University of Rio Grande do Sul,Indicador,Pharmacology and Toxicology,Regional research reputation,posicao,6.0,
2026,2026-2027,500468,Federal University of Rio Grande do Sul,Indicador,Pharmacology and Toxicology,Publications,posicao,315.0,
2026,2026-2027,500468,Federal University of Rio Grande do Sul,Indicador,Pharmacology and Toxicology,Normalized citation impact,posicao,539.0,
2026,2026-2027,500468,Federal University of Rio Grande do Sul,Indicador,Pharmacology and Toxicology,Total citations,posicao,502.0,
2026,2026-2027,500468,Federal University of Rio Grande do Sul,Indicador,Pharmacology and Toxicology,Number of publications that are among the 10% most cited,posicao,546.0,
2026,2026-2027,500468,Federal University of Rio Grande do Sul,Indicador,Pharmacology and Toxicology,Percentage of total publications that are among the 10% most cited,posicao,547.0,
2026,2026-2027,500468,Federal University of Rio Grande do Sul,Indicador,Pharmacology and Toxicology,International collaboration - relative to country,posicao,498.0,
2026,2026-2027,500468,Federal University of Rio Grande do Sul,Indicador,Pharmacology and Toxicology,International collaboration,posicao,383.0,
2026,2026-2027,500468,Federal University of Rio Grande do Sul,Indicador,Pharmacology and Toxicology,Number of highly cited papers that are among the top 1% most cited,posicao,494.0,substituto
2026,2026-2027,500468,Federal University of Rio Grande do Sul,Indicador,Pharmacology and Toxicology,Percentage of highly cited papers that are among the top 1% most cited,posicao,536.0,substituto
2026,2026-2027,500468,Federal University of Rio Grande do Sul,Indicador,Physical Chemistry,Publications,posicao,537.0,
2026,2026-2027,500468,Federal University of Rio Grande do Sul,Indicador,Physical Chemistry,Conferences,posicao,17.0,substituto
2026,2026-2027,500468,Federal University of Rio Grande do Sul,Indicador,Physical Chemistry,Normalized citation impact,posicao,757.0,
2026,2026-2027,500468,Federal University of Rio Grande do Sul,Indicador,Physical Chemistry,Total citations,posicao,723.0,
2026,2026-2027,500468,Federal University of Rio Grande do Sul,Indicador,Physical Chemistry,Number of publications that are among the 10% most cited,posicao,753.0,
2026,2026-2027,500468,Federal University of Rio Grande do Sul,Indicador,Physical Chemistry,Percentage of total publications that are among the 10% most cited,posicao,764.0,
2026,2026-2027,500468,Federal University of Rio Grande do Sul,Indicador,Physical Chemistry,International collaboration - relative to country,posicao,102.0,
2026,2026-2027,500468,Federal University of Rio Grande do Sul,Indicador,Physical Chemistry,International collaboration,posicao,344.0,
2026,2026-2027,500468,Federal University of Rio Grande do Sul,Indicador,Physical Chemistry,Number of highly cited papers that are among the top 1% most cited,posicao,692.0,
2026,2026-2027,500468,Federal University of Rio Grande do Sul,Indicador,Physical Chemistry,Percentage of highly cited papers that are among the top 1% most cited,posicao,714.0,
2026,2026-2027,500468,Federal University of Rio Grande do Sul,Indicador,Physics,Global research reputation,posicao,380.0,substituto
2026,2026-2027,500468,Federal University of Rio Grande do Sul,Indicador,Physics,Regional research reputation,posicao,13.0,
2026,2026-2027,500468,Federal University of Rio Grande do Sul,Indicador,Physics,Publications,posicao,351.0,
2026,2026-2027,500468,Federal University of Rio Grande do Sul,Indicador,Physics,Normalized citation impact,posicao,517.0,
2026,2026-2027,500468,Federal University of Rio Grande do Sul,Indicador,Physics,Total citations,posicao,365.0,
2026,2026-2027,500468,Federal University of Rio Grande do Sul,Indicador,Physics,Number of publications that are among the 10% most cited,posicao,312.0,
2026,2026-2027,500468,Federal University of Rio Grande do Sul,Indicador,Physics,Percentage of total publications that are among the 10% most cited,posicao,397.0,
2026,2026-2027,500468,Federal University of Rio Grande do Sul,Indicador,Physics,International collaboration - relative to country,posicao,160.0,
2026,2026-2027,500468,Federal University of Rio Grande do Sul,Indicador,Physics,International collaboration,posicao,313.0,
2026,2026-2027,500468,Federal University of Rio Grande do Sul,Indicador,Physics,Number of highly cited papers that are among the top 1% most cited,posicao,457.0,
2026,2026-2027,500468,Federal University of Rio Grande do Sul,Indicador,Physics,Percentage of highly cited papers that are among the top 1% most cited,posicao,622.0,
2026,2026-2027,500468,Federal University of Rio Grande do Sul,Indicador,Plant and Animal Science,Global research reputation,posicao,130.0,
2026,2026-2027,500468,Federal University of Rio Grande do Sul,Indicador,Plant and Animal Science,Regional research reputation,posicao,7.0,
2026,2026-2027,500468,Federal University of Rio Grande do Sul,Indicador,Plant and Animal Science,Publications,posicao,66.0,
2026,2026-2027,500468,Federal University of Rio Grande do Sul,Indicador,Plant and Animal Science,Normalized citation impact,posicao,745.0,
2026,2026-2027,500468,Federal University of Rio Grande do Sul,Indicador,Plant and Animal Science,Total citations,posicao,204.0,
2026,2026-2027,500468,Federal University of Rio Grande do Sul,Indicador,Plant and Animal Science,Number of publications that are among the 10% most cited,posicao,445.0,
2026,2026-2027,500468,Federal University of Rio Grande do Sul,Indicador,Plant and Animal Science,Percentage of total publications that are among the 10% most cited,posicao,752.0,
2026,2026-2027,500468,Federal University of Rio Grande do Sul,Indicador,Plant and Animal Science,International collaboration - relative to country,posicao,288.0,
2026,2026-2027,500468,Federal University of Rio Grande do Sul,Indicador,Plant and Animal Science,International collaboration,posicao,560.0,
2026,2026-2027,500468,Federal University of Rio Grande do Sul,Indicador,Plant and Animal Science,Number of highly cited papers that are among the top 1% most cited,posicao,363.0,
2026,2026-2027,500468,Federal University of Rio Grande do Sul,Indicador,Plant and Animal Science,Percentage of highly cited papers that are among the top 1% most cited,posicao,667.0,
2026,2026-2027,500468,Federal University of Rio Grande do Sul,Indicador,Psychiatry/Psychology,Global research reputation,posicao,223.0,
2026,2026-2027,500468,Federal University of Rio Grande do Sul,Indicador,Psychiatry/Psychology,Regional research reputation,posicao,6.0,
2026,2026-2027,500468,Federal University of Rio Grande do Sul,Indicador,Psychiatry/Psychology,Publications,posicao,297.0,
2026,2026-2027,500468,Federal University of Rio Grande do Sul,Indicador,Psychiatry/Psychology,Normalized citation impact,posicao,12.0,
2026,2026-2027,500468,Federal University of Rio Grande do Sul,Indicador,Psychiatry/Psychology,Total citations,posicao,170.0,
2026,2026-2027,500468,Federal University of Rio Grande do Sul,Indicador,Psychiatry/Psychology,Number of publications that are among the 10% most cited,posicao,364.0,
2026,2026-2027,500468,Federal University of Rio Grande do Sul,Indicador,Psychiatry/Psychology,Percentage of total publications that are among the 10% most cited,posicao,459.0,
2026,2026-2027,500468,Federal University of Rio Grande do Sul,Indicador,Psychiatry/Psychology,International collaboration - relative to country,posicao,92.0,
2026,2026-2027,500468,Federal University of Rio Grande do Sul,Indicador,Psychiatry/Psychology,International collaboration,posicao,55.0,
2026,2026-2027,500468,Federal University of Rio Grande do Sul,Indicador,Psychiatry/Psychology,Number of highly cited papers that are among the top 1% most cited,posicao,169.0,
2026,2026-2027,500468,Federal University of Rio Grande do Sul,Indicador,Psychiatry/Psychology,Percentage of highly cited papers that are among the top 1% most cited,posicao,56.0,
2026,2026-2027,500468,Federal University of Rio Grande do Sul,Indicador,"Public, Environmental and Occupational Health",Publications,posicao,232.0,
2026,2026-2027,500468,Federal University of Rio Grande do Sul,Indicador,"Public, Environmental and Occupational Health",Conferences,posicao,186.0,substituto
2026,2026-2027,500468,Federal University of Rio Grande do Sul,Indicador,"Public, Environmental and Occupational Health",Normalized citation impact,posicao,212.0,
2026,2026-2027,500468,Federal University of Rio Grande do Sul,Indicador,"Public, Environmental and Occupational Health",Total citations,posicao,256.0,
2026,2026-2027,500468,Federal University of Rio Grande do Sul,Indicador,"Public, Environmental and Occupational Health",Number of publications that are among the 10% most cited,posicao,385.0,
2026,2026-2027,500468,Federal University of Rio Grande do Sul,Indicador,"Public, Environmental and Occupational Health",Percentage of total publications that are among the 10% most cited,posicao,495.0,
2026,2026-2027,500468,Federal University of Rio Grande do Sul,Indicador,"Public, Environmental and Occupational Health",International collaboration - relative to country,posicao,77.0,
2026,2026-2027,500468,Federal University of Rio Grande do Sul,Indicador,"Public, Environmental and Occupational Health",International collaboration,posicao,302.0,
2026,2026-2027,500468,Federal University of Rio Grande do Sul,Indicador,"Public, Environmental and Occupational Health",Number of highly cited papers that are among the top 1% most cited,posicao,189.0,
2026,2026-2027,500468,Federal University of Rio Grande do Sul,Indicador,"Public, Environmental and Occupational Health",Percentage of highly cited papers that are among the top 1% most cited,posicao,145.0,
2026,2026-2027,500468,Federal University of Rio Grande do Sul,Indicador,Social Sciences and Public Health,Global research reputation,posicao,299.0,
2026,2026-2027,500468,Federal University of Rio Grande do Sul,Indicador,Social Sciences and Public Health,Regional research reputation,posicao,12.0,
2026,2026-2027,500468,Federal University of Rio Grande do Sul,Indicador,Social Sciences and Public Health,Publications,posicao,398.0,
2026,2026-2027,500468,Federal University of Rio Grande do Sul,Indicador,Social Sciences and Public Health,Normalized citation impact,posicao,818.0,
2026,2026-2027,500468,Federal University of Rio Grande do Sul,Indicador,Social Sciences and Public Health,Total citations,posicao,571.0,
2026,2026-2027,500468,Federal University of Rio Grande do Sul,Indicador,Social Sciences and Public Health,Number of publications that are among the 10% most cited,posicao,584.0,
2026,2026-2027,500468,Federal University of Rio Grande do Sul,Indicador,Social Sciences and Public Health,Percentage of total publications that are among the 10% most cited,posicao,776.0,
2026,2026-2027,500468,Federal University of Rio Grande do Sul,Indicador,Social Sciences and Public Health,International collaboration - relative to country,posicao,388.0,
2026,2026-2027,500468,Federal University of Rio Grande do Sul,Indicador,Social Sciences and Public Health,International collaboration,posicao,545.0,
2026,2026-2027,500468,Federal University of Rio Grande do Sul,Indicador,Social Sciences and Public Health,Number of highly cited papers that are among the top 1% most cited,posicao,448.0,
2026,2026-2027,500468,Federal University of Rio Grande do Sul,Indicador,Social Sciences and Public Health,Percentage of highly cited papers that are among the top 1% most cited,posicao,483.0,
2026,2026-2027,500468,Federal University of Rio Grande do Sul,Indicador,Space Science,Global research reputation,posicao,122.0,
2026,2026-2027,500468,Federal University of Rio Grande do Sul,Indicador,Space Science,Regional research reputation,posicao,4.0,
2026,2026-2027,500468,Federal University of Rio Grande do Sul,Indicador,Space Science,Publications,posicao,250.0,
2026,2026-2027,500468,Federal University of Rio Grande do Sul,Indicador,Space Science,Normalized citation impact,posicao,235.0,
2026,2026-2027,500468,Federal University of Rio Grande do Sul,Indicador,Space Science,Total citations,posicao,259.0,
2026,2026-2027,500468,Federal University of Rio Grande do Sul,Indicador,Space Science,Number of publications that are among the 10% most cited,posicao,264.0,
2026,2026-2027,500468,Federal University of Rio Grande do Sul,Indicador,Space Science,Percentage of total publications that are among the 10% most cited,posicao,249.0,
2026,2026-2027,500468,Federal University of Rio Grande do Sul,Indicador,Space Science,International collaboration - relative to country,posicao,51.0,
2026,2026-2027,500468,Federal University of Rio Grande do Sul,Indicador,Space Science,International collaboration,posicao,108.0,
2026,2026-2027,500468,Federal University of Rio Grande do Sul,Indicador,Space Science,Number of highly cited papers that are among the top 1% most cited,posicao,246.0,
2026,2026-2027,500468,Federal University of Rio Grande do Sul,Indicador,Space Science,Percentage of highly cited papers that are among the top 1% most cited,posicao,229.0,
2026,2026-2027,504608,Federal University of Rio de Janeiro,Listagem,Geral,Best Universities in Brazil,posicao,4.0,
2026,2026-2027,504608,Federal University of Rio de Janeiro,Listagem,Geral,Best Global Universities,posicao,488.0,empate
2026,2026-2027,504608,Federal University of Rio de Janeiro,Listagem,Geral,Global Score,score,49.6,
2026,2026-2027,504608,Federal University of Rio de Janeiro,Listagem,Geral,Enrollment,valor,56174.0,
2026,2026-2027,504608,Federal University of Rio de Janeiro,Perfil institucional,Geral,Total number of students,valor,56174.0,
2026,2026-2027,504608,Federal University of Rio de Janeiro,Perfil institucional,Geral,Number of international students,valor,635.0,
2026,2026-2027,504608,Federal University of Rio de Janeiro,Perfil institucional,Geral,Total number of academic staff,valor,3860.0,
2026,2026-2027,504608,Federal University of Rio de Janeiro,Perfil institucional,Geral,Number of international staff,valor,146.0,
2026,2026-2027,504608,Federal University of Rio de Janeiro,Perfil institucional,Geral,Number of undergraduate degrees awarded,valor,2893.0,
2026,2026-2027,504608,Federal University of Rio de Janeiro,Perfil institucional,Geral,Number of master's degrees awarded,valor,1770.0,
2026,2026-2027,504608,Federal University of Rio de Janeiro,Perfil institucional,Geral,Number of doctoral degrees awarded,valor,819.0,
2026,2026-2027,504608,Federal University of Rio de Janeiro,Perfil institucional,Geral,Number of research only staff,valor,265.0,
2026,2026-2027,504608,Federal University of Rio de Janeiro,Perfil institucional,Geral,Number of new undergraduate students,valor,8105.0,
2026,2026-2027,504608,Federal University of Rio de Janeiro,Perfil institucional,Geral,Number of new master's students,valor,2056.0,
2026,2026-2027,504608,Federal University of Rio de Janeiro,Perfil institucional,Geral,Number of new doctoral students,valor,1264.0,
2026,2026-2027,504608,Federal University of Rio de Janeiro,Ranking geral,Geral,Global score,score,49.6,
2026,2026-2027,504608,Federal University of Rio de Janeiro,Ranking geral,Geral,Best Global Universities,posicao,488.0,empate
2026,2026-2027,504608,Federal University of Rio de Janeiro,Ranking geral,Geral,Best Global Universities in Latin America,posicao,8.0,
2026,2026-2027,504608,Federal University of Rio de Janeiro,Ranking geral,Geral,Best Global Universities in Brazil,posicao,4.0,
2026,2026-2027,504608,Federal University of Rio de Janeiro,Ranking por area,Agricultural Sciences,Posicao na area,posicao,348.0,empate
2026,2026-2027,504608,Federal University of Rio de Janeiro,Ranking por area,Agricultural Sciences,Score na area,score,31.9,
2026,2026-2027,504608,Federal University of Rio de Janeiro,Ranking por area,Biology and Biochemistry,Posicao na area,posicao,411.0,empate
2026,2026-2027,504608,Federal University of Rio de Janeiro,Ranking por area,Biology and Biochemistry,Score na area,score,31.0,
2026,2026-2027,504608,Federal University of Rio de Janeiro,Ranking por area,Chemistry,Posicao na area,posicao,520.0,empate
2026,2026-2027,504608,Federal University of Rio de Janeiro,Ranking por area,Chemistry,Score na area,score,44.3,
2026,2026-2027,504608,Federal University of Rio de Janeiro,Ranking por area,Clinical Medicine,Posicao na area,posicao,405.0,
2026,2026-2027,504608,Federal University of Rio de Janeiro,Ranking por area,Clinical Medicine,Score na area,score,46.0,
2026,2026-2027,504608,Federal University of Rio de Janeiro,Ranking por area,Computer Science,Posicao na area,posicao,594.0,empate
2026,2026-2027,504608,Federal University of Rio de Janeiro,Ranking por area,Computer Science,Score na area,score,28.1,
2026,2026-2027,504608,Federal University of Rio de Janeiro,Ranking por area,Ecology,Posicao na area,posicao,236.0,empate
2026,2026-2027,504608,Federal University of Rio de Janeiro,Ranking por area,Ecology,Score na area,score,36.6,
2026,2026-2027,504608,Federal University of Rio de Janeiro,Ranking por area,Endocrinology and Metabolism,Posicao na area,posicao,217.0,
2026,2026-2027,504608,Federal University of Rio de Janeiro,Ranking por area,Endocrinology and Metabolism,Score na area,score,31.2,
2026,2026-2027,504608,Federal University of Rio de Janeiro,Ranking por area,Energy and Fuels,Posicao na area,posicao,477.0,
2026,2026-2027,504608,Federal University of Rio de Janeiro,Ranking por area,Energy and Fuels,Score na area,score,26.8,
2026,2026-2027,504608,Federal University of Rio de Janeiro,Ranking por area,Engineering,Posicao na area,posicao,583.0,empate
2026,2026-2027,504608,Federal University of Rio de Janeiro,Ranking por area,Engineering,Score na area,score,39.9,
2026,2026-2027,504608,Federal University of Rio de Janeiro,Ranking por area,Environment/Ecology,Posicao na area,posicao,226.0,empate
2026,2026-2027,504608,Federal University of Rio de Janeiro,Ranking por area,Environment/Ecology,Score na area,score,51.4,
2026,2026-2027,504608,Federal University of Rio de Janeiro,Ranking por area,Geosciences,Posicao na area,posicao,336.0,empate
2026,2026-2027,504608,Federal University of Rio de Janeiro,Ranking por area,Geosciences,Score na area,score,31.7,
2026,2026-2027,504608,Federal University of Rio de Janeiro,Ranking por area,Immunology,Posicao na area,posicao,224.0,
2026,2026-2027,504608,Federal University of Rio de Janeiro,Ranking por area,Immunology,Score na area,score,24.4,
2026,2026-2027,504608,Federal University of Rio de Janeiro,Ranking por area,Infectious Diseases,Posicao na area,posicao,128.0,empate
2026,2026-2027,504608,Federal University of Rio de Janeiro,Ranking por area,Infectious Diseases,Score na area,score,43.7,
2026,2026-2027,504608,Federal University of Rio de Janeiro,Ranking por area,Marine and Freshwater Biology,Posicao na area,posicao,57.0,empate
2026,2026-2027,504608,Federal University of Rio de Janeiro,Ranking por area,Marine and Freshwater Biology,Score na area,score,39.7,
2026,2026-2027,504608,Federal University of Rio de Janeiro,Ranking por area,Materials Science,Posicao na area,posicao,862.0,empate
2026,2026-2027,504608,Federal University of Rio de Janeiro,Ranking por area,Materials Science,Score na area,score,23.9,
2026,2026-2027,504608,Federal University of Rio de Janeiro,Ranking por area,Mathematics,Posicao na area,posicao,449.0,empate
2026,2026-2027,504608,Federal University of Rio de Janeiro,Ranking por area,Mathematics,Score na area,score,28.3,
2026,2026-2027,504608,Federal University of Rio de Janeiro,Ranking por area,Microbiology,Posicao na area,posicao,191.0,empate
2026,2026-2027,504608,Federal University of Rio de Janeiro,Ranking por area,Microbiology,Score na area,score,21.7,
2026,2026-2027,504608,Federal University of Rio de Janeiro,Ranking por area,Molecular Biology and Genetics,Posicao na area,posicao,395.0,empate
2026,2026-2027,504608,Federal University of Rio de Janeiro,Ranking por area,Molecular Biology and Genetics,Score na area,score,22.7,
2026,2026-2027,504608,Federal University of Rio de Janeiro,Ranking por area,Neuroscience and Behavior,Posicao na area,posicao,396.0,empate
2026,2026-2027,504608,Federal University of Rio de Janeiro,Ranking por area,Neuroscience and Behavior,Score na area,score,23.3,
2026,2026-2027,504608,Federal University of Rio de Janeiro,Ranking por area,Pharmacology and Toxicology,Posicao na area,posicao,431.0,empate
2026,2026-2027,504608,Federal University of Rio de Janeiro,Ranking por area,Pharmacology and Toxicology,Score na area,score,29.1,
2026,2026-2027,504608,Federal University of Rio de Janeiro,Ranking por area,Physics,Posicao na area,posicao,213.0,empate
2026,2026-2027,504608,Federal University of Rio de Janeiro,Ranking por area,Physics,Score na area,score,54.0,
2026,2026-2027,504608,Federal University of Rio de Janeiro,Ranking por area,Plant and Animal Science,Posicao na area,posicao,208.0,empate
2026,2026-2027,504608,Federal University of Rio de Janeiro,Ranking por area,Plant and Animal Science,Score na area,score,51.9,
2026,2026-2027,504608,Federal University of Rio de Janeiro,Ranking por area,"Public, Environmental and Occupational Health",Posicao na area,posicao,467.0,empate
2026,2026-2027,504608,Federal University of Rio de Janeiro,Ranking por area,"Public, Environmental and Occupational Health",Score na area,score,33.4,
2026,2026-2027,504608,Federal University of Rio de Janeiro,Ranking por area,Social Sciences and Public Health,Posicao na area,posicao,469.0,empate
2026,2026-2027,504608,Federal University of Rio de Janeiro,Ranking por area,Social Sciences and Public Health,Score na area,score,38.6,
2026,2026-2027,504608,Federal University of Rio de Janeiro,Indicador,Geral,Global research reputation,posicao,348.0,
2026,2026-2027,504608,Federal University of Rio de Janeiro,Indicador,Geral,Regional research reputation,posicao,5.0,
2026,2026-2027,504608,Federal University of Rio de Janeiro,Indicador,Geral,Publications,posicao,302.0,
2026,2026-2027,504608,Federal University of Rio de Janeiro,Indicador,Geral,Books,posicao,522.0,
2026,2026-2027,504608,Federal University of Rio de Janeiro,Indicador,Geral,Conferences,posicao,459.0,
2026,2026-2027,504608,Federal University of Rio de Janeiro,Indicador,Geral,Normalized citation impact,posicao,2040.0,
2026,2026-2027,504608,Federal University of Rio de Janeiro,Indicador,Geral,Total citations,posicao,466.0,
2026,2026-2027,504608,Federal University of Rio de Janeiro,Indicador,Geral,Number of publications that are among the 10% most cited,posicao,604.0,
2026,2026-2027,504608,Federal University of Rio de Janeiro,Indicador,Geral,Percentage of total publications that are among the 10% most cited,posicao,2196.0,
2026,2026-2027,504608,Federal University of Rio de Janeiro,Indicador,Geral,International collaboration - relative to country,posicao,518.0,
2026,2026-2027,504608,Federal University of Rio de Janeiro,Indicador,Geral,International collaboration,posicao,1148.0,
2026,2026-2027,504608,Federal University of Rio de Janeiro,Indicador,Geral,Number of highly cited papers that are among the top 1% most cited,posicao,551.0,
2026,2026-2027,504608,Federal University of Rio de Janeiro,Indicador,Geral,Percentage of highly cited papers that are among the top 1% most cited,posicao,1757.0,
2026,2026-2027,504608,Federal University of Rio de Janeiro,Indicador,Agricultural Sciences,Global research reputation,posicao,270.0,substituto
2026,2026-2027,504608,Federal University of Rio de Janeiro,Indicador,Agricultural Sciences,Regional research reputation,posicao,19.0,
2026,2026-2027,504608,Federal University of Rio de Janeiro,Indicador,Agricultural Sciences,Publications,posicao,278.0,
2026,2026-2027,504608,Federal University of Rio de Janeiro,Indicador,Agricultural Sciences,Normalized citation impact,posicao,414.0,
2026,2026-2027,504608,Federal University of Rio de Janeiro,Indicador,Agricultural Sciences,Total citations,posicao,334.0,
2026,2026-2027,504608,Federal University of Rio de Janeiro,Indicador,Agricultural Sciences,Number of publications that are among the 10% most cited,posicao,356.0,
2026,2026-2027,504608,Federal University of Rio de Janeiro,Indicador,Agricultural Sciences,Percentage of total publications that are among the 10% most cited,posicao,400.0,
2026,2026-2027,504608,Federal University of Rio de Janeiro,Indicador,Agricultural Sciences,International collaboration - relative to country,posicao,194.0,
2026,2026-2027,504608,Federal University of Rio de Janeiro,Indicador,Agricultural Sciences,International collaboration,posicao,392.0,
2026,2026-2027,504608,Federal University of Rio de Janeiro,Indicador,Agricultural Sciences,Number of highly cited papers that are among the top 1% most cited,posicao,204.0,
2026,2026-2027,504608,Federal University of Rio de Janeiro,Indicador,Agricultural Sciences,Percentage of highly cited papers that are among the top 1% most cited,posicao,188.0,
2026,2026-2027,504608,Federal University of Rio de Janeiro,Indicador,Biology and Biochemistry,Global research reputation,posicao,295.0,
2026,2026-2027,504608,Federal University of Rio de Janeiro,Indicador,Biology and Biochemistry,Regional research reputation,posicao,7.0,
2026,2026-2027,504608,Federal University of Rio de Janeiro,Indicador,Biology and Biochemistry,Publications,posicao,212.0,
2026,2026-2027,504608,Federal University of Rio de Janeiro,Indicador,Biology and Biochemistry,Normalized citation impact,posicao,788.0,
2026,2026-2027,504608,Federal University of Rio de Janeiro,Indicador,Biology and Biochemistry,Total citations,posicao,381.0,
2026,2026-2027,504608,Federal University of Rio de Janeiro,Indicador,Biology and Biochemistry,Number of publications that are among the 10% most cited,posicao,610.0,
2026,2026-2027,504608,Federal University of Rio de Janeiro,Indicador,Biology and Biochemistry,Percentage of total publications that are among the 10% most cited,posicao,803.0,
2026,2026-2027,504608,Federal University of Rio de Janeiro,Indicador,Biology and Biochemistry,International collaboration - relative to country,posicao,379.0,
2026,2026-2027,504608,Federal University of Rio de Janeiro,Indicador,Biology and Biochemistry,International collaboration,posicao,485.0,
2026,2026-2027,504608,Federal University of Rio de Janeiro,Indicador,Biology and Biochemistry,Number of highly cited papers that are among the top 1% most cited,posicao,381.0,
2026,2026-2027,504608,Federal University of Rio de Janeiro,Indicador,Biology and Biochemistry,Percentage of highly cited papers that are among the top 1% most cited,posicao,624.0,
2026,2026-2027,504608,Federal University of Rio de Janeiro,Indicador,Chemistry,Global research reputation,posicao,323.0,
2026,2026-2027,504608,Federal University of Rio de Janeiro,Indicador,Chemistry,Regional research reputation,posicao,3.0,
2026,2026-2027,504608,Federal University of Rio de Janeiro,Indicador,Chemistry,Publications,posicao,272.0,
2026,2026-2027,504608,Federal University of Rio de Janeiro,Indicador,Chemistry,Normalized citation impact,posicao,1550.0,
2026,2026-2027,504608,Federal University of Rio de Janeiro,Indicador,Chemistry,Total citations,posicao,604.0,
2026,2026-2027,504608,Federal University of Rio de Janeiro,Indicador,Chemistry,Number of publications that are among the 10% most cited,posicao,929.0,
2026,2026-2027,504608,Federal University of Rio de Janeiro,Indicador,Chemistry,Percentage of total publications that are among the 10% most cited,posicao,1535.0,
2026,2026-2027,504608,Federal University of Rio de Janeiro,Indicador,Chemistry,International collaboration - relative to country,posicao,1081.0,
2026,2026-2027,504608,Federal University of Rio de Janeiro,Indicador,Chemistry,International collaboration,posicao,972.0,
2026,2026-2027,504608,Federal University of Rio de Janeiro,Indicador,Chemistry,Number of highly cited papers that are among the top 1% most cited,posicao,775.0,
2026,2026-2027,504608,Federal University of Rio de Janeiro,Indicador,Chemistry,Percentage of highly cited papers that are among the top 1% most cited,posicao,1276.0,
2026,2026-2027,504608,Federal University of Rio de Janeiro,Indicador,Clinical Medicine,Global research reputation,posicao,355.0,
2026,2026-2027,504608,Federal University of Rio de Janeiro,Indicador,Clinical Medicine,Regional research reputation,posicao,9.0,
2026,2026-2027,504608,Federal University of Rio de Janeiro,Indicador,Clinical Medicine,Publications,posicao,423.0,
2026,2026-2027,504608,Federal University of Rio de Janeiro,Indicador,Clinical Medicine,Normalized citation impact,posicao,830.0,
2026,2026-2027,504608,Federal University of Rio de Janeiro,Indicador,Clinical Medicine,Total citations,posicao,513.0,
2026,2026-2027,504608,Federal University of Rio de Janeiro,Indicador,Clinical Medicine,Number of publications that are among the 10% most cited,posicao,519.0,
2026,2026-2027,504608,Federal University of Rio de Janeiro,Indicador,Clinical Medicine,Percentage of total publications that are among the 10% most cited,posicao,1056.0,
2026,2026-2027,504608,Federal University of Rio de Janeiro,Indicador,Clinical Medicine,International collaboration - relative to country,posicao,403.0,
2026,2026-2027,504608,Federal University of Rio de Janeiro,Indicador,Clinical Medicine,International collaboration,posicao,611.0,
2026,2026-2027,504608,Federal University of Rio de Janeiro,Indicador,Clinical Medicine,Number of highly cited papers that are among the top 1% most cited,posicao,454.0,
2026,2026-2027,504608,Federal University of Rio de Janeiro,Indicador,Clinical Medicine,Percentage of highly cited papers that are among the top 1% most cited,posicao,790.0,
2026,2026-2027,504608,Federal University of Rio de Janeiro,Indicador,Computer Science,Global research reputation,posicao,449.0,
2026,2026-2027,504608,Federal University of Rio de Janeiro,Indicador,Computer Science,Regional research reputation,posicao,5.0,
2026,2026-2027,504608,Federal University of Rio de Janeiro,Indicador,Computer Science,Publications,posicao,619.0,
2026,2026-2027,504608,Federal University of Rio de Janeiro,Indicador,Computer Science,Conferences,posicao,478.0,
2026,2026-2027,504608,Federal University of Rio de Janeiro,Indicador,Computer Science,Normalized citation impact,posicao,923.0,
2026,2026-2027,504608,Federal University of Rio de Janeiro,Indicador,Computer Science,Total citations,posicao,803.0,
2026,2026-2027,504608,Federal University of Rio de Janeiro,Indicador,Computer Science,Number of publications that are among the 10% most cited,posicao,928.0,
2026,2026-2027,504608,Federal University of Rio de Janeiro,Indicador,Computer Science,Percentage of total publications that are among the 10% most cited,posicao,1050.0,
2026,2026-2027,504608,Federal University of Rio de Janeiro,Indicador,Computer Science,International collaboration - relative to country,posicao,147.0,
2026,2026-2027,504608,Federal University of Rio de Janeiro,Indicador,Computer Science,International collaboration,posicao,415.0,
2026,2026-2027,504608,Federal University of Rio de Janeiro,Indicador,Computer Science,Number of highly cited papers that are among the top 1% most cited,posicao,627.0,
2026,2026-2027,504608,Federal University of Rio de Janeiro,Indicador,Computer Science,Percentage of highly cited papers that are among the top 1% most cited,posicao,640.0,
2026,2026-2027,504608,Federal University of Rio de Janeiro,Indicador,Ecology,Publications,posicao,168.0,
2026,2026-2027,504608,Federal University of Rio de Janeiro,Indicador,Ecology,Conferences,posicao,21.0,substituto
2026,2026-2027,504608,Federal University of Rio de Janeiro,Indicador,Ecology,Normalized citation impact,posicao,261.0,
2026,2026-2027,504608,Federal University of Rio de Janeiro,Indicador,Ecology,Total citations,posicao,224.0,
2026,2026-2027,504608,Federal University of Rio de Janeiro,Indicador,Ecology,Number of publications that are among the 10% most cited,posicao,283.0,
2026,2026-2027,504608,Federal University of Rio de Janeiro,Indicador,Ecology,Percentage of total publications that are among the 10% most cited,posicao,293.0,
2026,2026-2027,504608,Federal University of Rio de Janeiro,Indicador,Ecology,International collaboration - relative to country,posicao,74.0,
2026,2026-2027,504608,Federal University of Rio de Janeiro,Indicador,Ecology,International collaboration,posicao,207.0,
2026,2026-2027,504608,Federal University of Rio de Janeiro,Indicador,Ecology,Number of highly cited papers that are among the top 1% most cited,posicao,161.0,
2026,2026-2027,504608,Federal University of Rio de Janeiro,Indicador,Ecology,Percentage of highly cited papers that are among the top 1% most cited,posicao,151.0,
2026,2026-2027,504608,Federal University of Rio de Janeiro,Indicador,Endocrinology and Metabolism,Publications,posicao,237.0,
2026,2026-2027,504608,Federal University of Rio de Janeiro,Indicador,Endocrinology and Metabolism,Conferences,posicao,2.0,substituto
2026,2026-2027,504608,Federal University of Rio de Janeiro,Indicador,Endocrinology and Metabolism,Normalized citation impact,posicao,186.0,
2026,2026-2027,504608,Federal University of Rio de Janeiro,Indicador,Endocrinology and Metabolism,Total citations,posicao,233.0,
2026,2026-2027,504608,Federal University of Rio de Janeiro,Indicador,Endocrinology and Metabolism,Number of publications that are among the 10% most cited,posicao,237.0,
2026,2026-2027,504608,Federal University of Rio de Janeiro,Indicador,Endocrinology and Metabolism,Percentage of total publications that are among the 10% most cited,posicao,223.0,
2026,2026-2027,504608,Federal University of Rio de Janeiro,Indicador,Endocrinology and Metabolism,International collaboration - relative to country,posicao,190.0,
2026,2026-2027,504608,Federal University of Rio de Janeiro,Indicador,Endocrinology and Metabolism,International collaboration,posicao,180.0,
2026,2026-2027,504608,Federal University of Rio de Janeiro,Indicador,Endocrinology and Metabolism,Number of highly cited papers that are among the top 1% most cited,posicao,142.0,
2026,2026-2027,504608,Federal University of Rio de Janeiro,Indicador,Endocrinology and Metabolism,Percentage of highly cited papers that are among the top 1% most cited,posicao,44.0,
2026,2026-2027,504608,Federal University of Rio de Janeiro,Indicador,Energy and Fuels,Publications,posicao,276.0,
2026,2026-2027,504608,Federal University of Rio de Janeiro,Indicador,Energy and Fuels,Conferences,posicao,372.0,
2026,2026-2027,504608,Federal University of Rio de Janeiro,Indicador,Energy and Fuels,Normalized citation impact,posicao,491.0,
2026,2026-2027,504608,Federal University of Rio de Janeiro,Indicador,Energy and Fuels,Total citations,posicao,457.0,
2026,2026-2027,504608,Federal University of Rio de Janeiro,Indicador,Energy and Fuels,Number of publications that are among the 10% most cited,posicao,487.0,
2026,2026-2027,504608,Federal University of Rio de Janeiro,Indicador,Energy and Fuels,Percentage of total publications that are among the 10% most cited,posicao,493.0,
2026,2026-2027,504608,Federal University of Rio de Janeiro,Indicador,Energy and Fuels,International collaboration - relative to country,posicao,220.0,
2026,2026-2027,504608,Federal University of Rio de Janeiro,Indicador,Energy and Fuels,International collaboration,posicao,301.0,
2026,2026-2027,504608,Federal University of Rio de Janeiro,Indicador,Energy and Fuels,Number of highly cited papers that are among the top 1% most cited,posicao,412.0,
2026,2026-2027,504608,Federal University of Rio de Janeiro,Indicador,Energy and Fuels,Percentage of highly cited papers that are among the top 1% most cited,posicao,428.0,
2026,2026-2027,504608,Federal University of Rio de Janeiro,Indicador,Engineering,Global research reputation,posicao,365.0,
2026,2026-2027,504608,Federal University of Rio de Janeiro,Indicador,Engineering,Regional research reputation,posicao,3.0,
2026,2026-2027,504608,Federal University of Rio de Janeiro,Indicador,Engineering,Publications,posicao,364.0,
2026,2026-2027,504608,Federal University of Rio de Janeiro,Indicador,Engineering,Conferences,posicao,467.0,
2026,2026-2027,504608,Federal University of Rio de Janeiro,Indicador,Engineering,Normalized citation impact,posicao,1533.0,
2026,2026-2027,504608,Federal University of Rio de Janeiro,Indicador,Engineering,Total citations,posicao,632.0,
2026,2026-2027,504608,Federal University of Rio de Janeiro,Indicador,Engineering,Number of publications that are among the 10% most cited,posicao,1009.0,
2026,2026-2027,504608,Federal University of Rio de Janeiro,Indicador,Engineering,Percentage of total publications that are among the 10% most cited,posicao,1563.0,
2026,2026-2027,504608,Federal University of Rio de Janeiro,Indicador,Engineering,International collaboration - relative to country,posicao,557.0,
2026,2026-2027,504608,Federal University of Rio de Janeiro,Indicador,Engineering,International collaboration,posicao,885.0,
2026,2026-2027,504608,Federal University of Rio de Janeiro,Indicador,Engineering,Number of highly cited papers that are among the top 1% most cited,posicao,1009.0,
2026,2026-2027,504608,Federal University of Rio de Janeiro,Indicador,Engineering,Percentage of highly cited papers that are among the top 1% most cited,posicao,1418.0,
2026,2026-2027,504608,Federal University of Rio de Janeiro,Indicador,Environment/Ecology,Global research reputation,posicao,157.0,
2026,2026-2027,504608,Federal University of Rio de Janeiro,Indicador,Environment/Ecology,Regional research reputation,posicao,8.0,
2026,2026-2027,504608,Federal University of Rio de Janeiro,Indicador,Environment/Ecology,Publications,posicao,165.0,
2026,2026-2027,504608,Federal University of Rio de Janeiro,Indicador,Environment/Ecology,Normalized citation impact,posicao,946.0,
2026,2026-2027,504608,Federal University of Rio de Janeiro,Indicador,Environment/Ecology,Total citations,posicao,293.0,
2026,2026-2027,504608,Federal University of Rio de Janeiro,Indicador,Environment/Ecology,Number of publications that are among the 10% most cited,posicao,422.0,
2026,2026-2027,504608,Federal University of Rio de Janeiro,Indicador,Environment/Ecology,Percentage of total publications that are among the 10% most cited,posicao,953.0,
2026,2026-2027,504608,Federal University of Rio de Janeiro,Indicador,Environment/Ecology,International collaboration - relative to country,posicao,229.0,
2026,2026-2027,504608,Federal University of Rio de Janeiro,Indicador,Environment/Ecology,International collaboration,posicao,647.0,
2026,2026-2027,504608,Federal University of Rio de Janeiro,Indicador,Environment/Ecology,Number of highly cited papers that are among the top 1% most cited,posicao,276.0,
2026,2026-2027,504608,Federal University of Rio de Janeiro,Indicador,Environment/Ecology,Percentage of highly cited papers that are among the top 1% most cited,posicao,594.0,
2026,2026-2027,504608,Federal University of Rio de Janeiro,Indicador,Geosciences,Global research reputation,posicao,158.0,
2026,2026-2027,504608,Federal University of Rio de Janeiro,Indicador,Geosciences,Regional research reputation,posicao,5.0,
2026,2026-2027,504608,Federal University of Rio de Janeiro,Indicador,Geosciences,Publications,posicao,212.0,
2026,2026-2027,504608,Federal University of Rio de Janeiro,Indicador,Geosciences,Normalized citation impact,posicao,559.0,
2026,2026-2027,504608,Federal University of Rio de Janeiro,Indicador,Geosciences,Total citations,posicao,352.0,
2026,2026-2027,504608,Federal University of Rio de Janeiro,Indicador,Geosciences,Number of publications that are among the 10% most cited,posicao,481.0,
2026,2026-2027,504608,Federal University of Rio de Janeiro,Indicador,Geosciences,Percentage of total publications that are among the 10% most cited,posicao,566.0,
2026,2026-2027,504608,Federal University of Rio de Janeiro,Indicador,Geosciences,International collaboration - relative to country,posicao,394.0,
2026,2026-2027,504608,Federal University of Rio de Janeiro,Indicador,Geosciences,International collaboration,posicao,425.0,
2026,2026-2027,504608,Federal University of Rio de Janeiro,Indicador,Geosciences,Number of highly cited papers that are among the top 1% most cited,posicao,385.0,
2026,2026-2027,504608,Federal University of Rio de Janeiro,Indicador,Geosciences,Percentage of highly cited papers that are among the top 1% most cited,posicao,477.0,
2026,2026-2027,504608,Federal University of Rio de Janeiro,Indicador,Immunology,Global research reputation,posicao,144.0,substituto
2026,2026-2027,504608,Federal University of Rio de Janeiro,Indicador,Immunology,Regional research reputation,posicao,3.0,
2026,2026-2027,504608,Federal University of Rio de Janeiro,Indicador,Immunology,Publications,posicao,222.0,
2026,2026-2027,504608,Federal University of Rio de Janeiro,Indicador,Immunology,Normalized citation impact,posicao,233.0,
2026,2026-2027,504608,Federal University of Rio de Janeiro,Indicador,Immunology,Total citations,posicao,243.0,
2026,2026-2027,504608,Federal University of Rio de Janeiro,Indicador,Immunology,Number of publications that are among the 10% most cited,posicao,315.0,
2026,2026-2027,504608,Federal University of Rio de Janeiro,Indicador,Immunology,Percentage of total publications that are among the 10% most cited,posicao,335.0,
2026,2026-2027,504608,Federal University of Rio de Janeiro,Indicador,Immunology,International collaboration - relative to country,posicao,70.0,
2026,2026-2027,504608,Federal University of Rio de Janeiro,Indicador,Immunology,International collaboration,posicao,158.0,
2026,2026-2027,504608,Federal University of Rio de Janeiro,Indicador,Immunology,Number of highly cited papers that are among the top 1% most cited,posicao,205.0,
2026,2026-2027,504608,Federal University of Rio de Janeiro,Indicador,Immunology,Percentage of highly cited papers that are among the top 1% most cited,posicao,170.0,
2026,2026-2027,504608,Federal University of Rio de Janeiro,Indicador,Infectious Diseases,Publications,posicao,129.0,
2026,2026-2027,504608,Federal University of Rio de Janeiro,Indicador,Infectious Diseases,Conferences,posicao,1.0,substituto
2026,2026-2027,504608,Federal University of Rio de Janeiro,Indicador,Infectious Diseases,Normalized citation impact,posicao,136.0,
2026,2026-2027,504608,Federal University of Rio de Janeiro,Indicador,Infectious Diseases,Total citations,posicao,143.0,
2026,2026-2027,504608,Federal University of Rio de Janeiro,Indicador,Infectious Diseases,Number of publications that are among the 10% most cited,posicao,166.0,
2026,2026-2027,504608,Federal University of Rio de Janeiro,Indicador,Infectious Diseases,Percentage of total publications that are among the 10% most cited,posicao,187.0,
2026,2026-2027,504608,Federal University of Rio de Janeiro,Indicador,Infectious Diseases,International collaboration - relative to country,posicao,35.0,
2026,2026-2027,504608,Federal University of Rio de Janeiro,Indicador,Infectious Diseases,International collaboration,posicao,129.0,
2026,2026-2027,504608,Federal University of Rio de Janeiro,Indicador,Infectious Diseases,Number of highly cited papers that are among the top 1% most cited,posicao,113.0,
2026,2026-2027,504608,Federal University of Rio de Janeiro,Indicador,Infectious Diseases,Percentage of highly cited papers that are among the top 1% most cited,posicao,87.0,
2026,2026-2027,504608,Federal University of Rio de Janeiro,Indicador,Marine and Freshwater Biology,Publications,posicao,33.0,
2026,2026-2027,504608,Federal University of Rio de Janeiro,Indicador,Marine and Freshwater Biology,Conferences,posicao,11.0,substituto
2026,2026-2027,504608,Federal University of Rio de Janeiro,Indicador,Marine and Freshwater Biology,Normalized citation impact,posicao,111.0,
2026,2026-2027,504608,Federal University of Rio de Janeiro,Indicador,Marine and Freshwater Biology,Total citations,posicao,60.0,
2026,2026-2027,504608,Federal University of Rio de Janeiro,Indicador,Marine and Freshwater Biology,Number of publications that are among the 10% most cited,posicao,67.0,
2026,2026-2027,504608,Federal University of Rio de Janeiro,Indicador,Marine and Freshwater Biology,Percentage of total publications that are among the 10% most cited,posicao,105.0,
2026,2026-2027,504608,Federal University of Rio de Janeiro,Indicador,Marine and Freshwater Biology,International collaboration - relative to country,posicao,20.0,
2026,2026-2027,504608,Federal University of Rio de Janeiro,Indicador,Marine and Freshwater Biology,International collaboration,posicao,91.0,
2026,2026-2027,504608,Federal University of Rio de Janeiro,Indicador,Marine and Freshwater Biology,Number of highly cited papers that are among the top 1% most cited,posicao,19.0,
2026,2026-2027,504608,Federal University of Rio de Janeiro,Indicador,Marine and Freshwater Biology,Percentage of highly cited papers that are among the top 1% most cited,posicao,29.0,
2026,2026-2027,504608,Federal University of Rio de Janeiro,Indicador,Materials Science,Global research reputation,posicao,344.0,
2026,2026-2027,504608,Federal University of Rio de Janeiro,Indicador,Materials Science,Regional research reputation,posicao,3.0,
2026,2026-2027,504608,Federal University of Rio de Janeiro,Indicador,Materials Science,Publications,posicao,552.0,
2026,2026-2027,504608,Federal University of Rio de Janeiro,Indicador,Materials Science,Normalized citation impact,posicao,1148.0,
2026,2026-2027,504608,Federal University of Rio de Janeiro,Indicador,Materials Science,Total citations,posicao,948.0,
2026,2026-2027,504608,Federal University of Rio de Janeiro,Indicador,Materials Science,Number of publications that are among the 10% most cited,posicao,1024.0,
2026,2026-2027,504608,Federal University of Rio de Janeiro,Indicador,Materials Science,Percentage of total publications that are among the 10% most cited,posicao,1105.0,
2026,2026-2027,504608,Federal University of Rio de Janeiro,Indicador,Materials Science,International collaboration - relative to country,posicao,862.0,
2026,2026-2027,504608,Federal University of Rio de Janeiro,Indicador,Materials Science,International collaboration,posicao,744.0,
2026,2026-2027,504608,Federal University of Rio de Janeiro,Indicador,Materials Science,Number of highly cited papers that are among the top 1% most cited,posicao,895.0,substituto
2026,2026-2027,504608,Federal University of Rio de Janeiro,Indicador,Materials Science,Percentage of highly cited papers that are among the top 1% most cited,posicao,1025.0,substituto
2026,2026-2027,504608,Federal University of Rio de Janeiro,Indicador,Mathematics,Global research reputation,posicao,255.0,
2026,2026-2027,504608,Federal University of Rio de Janeiro,Indicador,Mathematics,Regional research reputation,posicao,5.0,
2026,2026-2027,504608,Federal University of Rio de Janeiro,Indicador,Mathematics,Publications,posicao,327.0,
2026,2026-2027,504608,Federal University of Rio de Janeiro,Indicador,Mathematics,Normalized citation impact,posicao,534.0,
2026,2026-2027,504608,Federal University of Rio de Janeiro,Indicador,Mathematics,Total citations,posicao,515.0,
2026,2026-2027,504608,Federal University of Rio de Janeiro,Indicador,Mathematics,Number of publications that are among the 10% most cited,posicao,530.0,
2026,2026-2027,504608,Federal University of Rio de Janeiro,Indicador,Mathematics,Percentage of total publications that are among the 10% most cited,posicao,542.0,
2026,2026-2027,504608,Federal University of Rio de Janeiro,Indicador,Mathematics,International collaboration - relative to country,posicao,77.0,
2026,2026-2027,504608,Federal University of Rio de Janeiro,Indicador,Mathematics,International collaboration,posicao,221.0,
2026,2026-2027,504608,Federal University of Rio de Janeiro,Indicador,Mathematics,Number of highly cited papers that are among the top 1% most cited,posicao,418.0,
2026,2026-2027,504608,Federal University of Rio de Janeiro,Indicador,Mathematics,Percentage of highly cited papers that are among the top 1% most cited,posicao,451.0,
2026,2026-2027,504608,Federal University of Rio de Janeiro,Indicador,Microbiology,Global research reputation,posicao,107.0,
2026,2026-2027,504608,Federal University of Rio de Janeiro,Indicador,Microbiology,Regional research reputation,posicao,5.0,
2026,2026-2027,504608,Federal University of Rio de Janeiro,Indicador,Microbiology,Publications,posicao,76.0,
2026,2026-2027,504608,Federal University of Rio de Janeiro,Indicador,Microbiology,Normalized citation impact,posicao,278.0,
2026,2026-2027,504608,Federal University of Rio de Janeiro,Indicador,Microbiology,Total citations,posicao,189.0,
2026,2026-2027,504608,Federal University of Rio de Janeiro,Indicador,Microbiology,Number of publications that are among the 10% most cited,posicao,215.0,
2026,2026-2027,504608,Federal University of Rio de Janeiro,Indicador,Microbiology,Percentage of total publications that are among the 10% most cited,posicao,269.0,
2026,2026-2027,504608,Federal University of Rio de Janeiro,Indicador,Microbiology,International collaboration - relative to country,posicao,69.0,
2026,2026-2027,504608,Federal University of Rio de Janeiro,Indicador,Microbiology,International collaboration,posicao,184.0,
2026,2026-2027,504608,Federal University of Rio de Janeiro,Indicador,Microbiology,Number of highly cited papers that are among the top 1% most cited,posicao,262.0,
2026,2026-2027,504608,Federal University of Rio de Janeiro,Indicador,Microbiology,Percentage of highly cited papers that are among the top 1% most cited,posicao,281.0,
2026,2026-2027,504608,Federal University of Rio de Janeiro,Indicador,Molecular Biology and Genetics,Global research reputation,posicao,110.0,substituto
2026,2026-2027,504608,Federal University of Rio de Janeiro,Indicador,Molecular Biology and Genetics,Regional research reputation,posicao,2.0,
2026,2026-2027,504608,Federal University of Rio de Janeiro,Indicador,Molecular Biology and Genetics,Publications,posicao,358.0,
2026,2026-2027,504608,Federal University of Rio de Janeiro,Indicador,Molecular Biology and Genetics,Normalized citation impact,posicao,394.0,
2026,2026-2027,504608,Federal University of Rio de Janeiro,Indicador,Molecular Biology and Genetics,Total citations,posicao,409.0,
2026,2026-2027,504608,Federal University of Rio de Janeiro,Indicador,Molecular Biology and Genetics,Number of publications that are among the 10% most cited,posicao,413.0,
2026,2026-2027,504608,Federal University of Rio de Janeiro,Indicador,Molecular Biology and Genetics,Percentage of total publications that are among the 10% most cited,posicao,412.0,
2026,2026-2027,504608,Federal University of Rio de Janeiro,Indicador,Molecular Biology and Genetics,International collaboration - relative to country,posicao,298.0,
2026,2026-2027,504608,Federal University of Rio de Janeiro,Indicador,Molecular Biology and Genetics,International collaboration,posicao,253.0,
2026,2026-2027,504608,Federal University of Rio de Janeiro,Indicador,Molecular Biology and Genetics,Number of highly cited papers that are among the top 1% most cited,posicao,432.0,
2026,2026-2027,504608,Federal University of Rio de Janeiro,Indicador,Molecular Biology and Genetics,Percentage of highly cited papers that are among the top 1% most cited,posicao,434.0,
2026,2026-2027,504608,Federal University of Rio de Janeiro,Indicador,Neuroscience and Behavior,Global research reputation,posicao,182.0,substituto
2026,2026-2027,504608,Federal University of Rio de Janeiro,Indicador,Neuroscience and Behavior,Regional research reputation,posicao,4.0,substituto
2026,2026-2027,504608,Federal University of Rio de Janeiro,Indicador,Neuroscience and Behavior,Publications,posicao,334.0,
2026,2026-2027,504608,Federal University of Rio de Janeiro,Indicador,Neuroscience and Behavior,Normalized citation impact,posicao,249.0,
2026,2026-2027,504608,Federal University of Rio de Janeiro,Indicador,Neuroscience and Behavior,Total citations,posicao,345.0,
2026,2026-2027,504608,Federal University of Rio de Janeiro,Indicador,Neuroscience and Behavior,Number of publications that are among the 10% most cited,posicao,460.0,
2026,2026-2027,504608,Federal University of Rio de Janeiro,Indicador,Neuroscience and Behavior,Percentage of total publications that are among the 10% most cited,posicao,514.0,
2026,2026-2027,504608,Federal University of Rio de Janeiro,Indicador,Neuroscience and Behavior,International collaboration - relative to country,posicao,132.0,
2026,2026-2027,504608,Federal University of Rio de Janeiro,Indicador,Neuroscience and Behavior,International collaboration,posicao,234.0,
2026,2026-2027,504608,Federal University of Rio de Janeiro,Indicador,Neuroscience and Behavior,Number of highly cited papers that are among the top 1% most cited,posicao,374.0,
2026,2026-2027,504608,Federal University of Rio de Janeiro,Indicador,Neuroscience and Behavior,Percentage of highly cited papers that are among the top 1% most cited,posicao,391.0,
2026,2026-2027,504608,Federal University of Rio de Janeiro,Indicador,Pharmacology and Toxicology,Global research reputation,posicao,217.0,
2026,2026-2027,504608,Federal University of Rio de Janeiro,Indicador,Pharmacology and Toxicology,Regional research reputation,posicao,8.0,
2026,2026-2027,504608,Federal University of Rio de Janeiro,Indicador,Pharmacology and Toxicology,Publications,posicao,227.0,
2026,2026-2027,504608,Federal University of Rio de Janeiro,Indicador,Pharmacology and Toxicology,Normalized citation impact,posicao,537.0,
2026,2026-2027,504608,Federal University of Rio de Janeiro,Indicador,Pharmacology and Toxicology,Total citations,posicao,416.0,
2026,2026-2027,504608,Federal University of Rio de Janeiro,Indicador,Pharmacology and Toxicology,Number of publications that are among the 10% most cited,posicao,514.0,
2026,2026-2027,504608,Federal University of Rio de Janeiro,Indicador,Pharmacology and Toxicology,Percentage of total publications that are among the 10% most cited,posicao,542.0,
2026,2026-2027,504608,Federal University of Rio de Janeiro,Indicador,Pharmacology and Toxicology,International collaboration - relative to country,posicao,416.0,
2026,2026-2027,504608,Federal University of Rio de Janeiro,Indicador,Pharmacology and Toxicology,International collaboration,posicao,348.0,
2026,2026-2027,504608,Federal University of Rio de Janeiro,Indicador,Pharmacology and Toxicology,Number of highly cited papers that are among the top 1% most cited,posicao,409.0,
2026,2026-2027,504608,Federal University of Rio de Janeiro,Indicador,Pharmacology and Toxicology,Percentage of highly cited papers that are among the top 1% most cited,posicao,467.0,
2026,2026-2027,504608,Federal University of Rio de Janeiro,Indicador,Physics,Global research reputation,posicao,339.0,
2026,2026-2027,504608,Federal University of Rio de Janeiro,Indicador,Physics,Regional research reputation,posicao,4.0,
2026,2026-2027,504608,Federal University of Rio de Janeiro,Indicador,Physics,Publications,posicao,248.0,
2026,2026-2027,504608,Federal University of Rio de Janeiro,Indicador,Physics,Normalized citation impact,posicao,512.0,
2026,2026-2027,504608,Federal University of Rio de Janeiro,Indicador,Physics,Total citations,posicao,283.0,
2026,2026-2027,504608,Federal University of Rio de Janeiro,Indicador,Physics,Number of publications that are among the 10% most cited,posicao,255.0,
2026,2026-2027,504608,Federal University of Rio de Janeiro,Indicador,Physics,Percentage of total publications that are among the 10% most cited,posicao,466.0,
2026,2026-2027,504608,Federal University of Rio de Janeiro,Indicador,Physics,International collaboration - relative to country,posicao,222.0,
2026,2026-2027,504608,Federal University of Rio de Janeiro,Indicador,Physics,International collaboration,posicao,447.0,
2026,2026-2027,504608,Federal University of Rio de Janeiro,Indicador,Physics,Number of highly cited papers that are among the top 1% most cited,posicao,243.0,
2026,2026-2027,504608,Federal University of Rio de Janeiro,Indicador,Physics,Percentage of highly cited papers that are among the top 1% most cited,posicao,373.0,
2026,2026-2027,504608,Federal University of Rio de Janeiro,Indicador,Plant and Animal Science,Global research reputation,posicao,204.0,
2026,2026-2027,504608,Federal University of Rio de Janeiro,Indicador,Plant and Animal Science,Regional research reputation,posicao,4.0,
2026,2026-2027,504608,Federal University of Rio de Janeiro,Indicador,Plant and Animal Science,Publications,posicao,78.0,
2026,2026-2027,504608,Federal University of Rio de Janeiro,Indicador,Plant and Animal Science,Normalized citation impact,posicao,701.0,
2026,2026-2027,504608,Federal University of Rio de Janeiro,Indicador,Plant and Animal Science,Total citations,posicao,192.0,
2026,2026-2027,504608,Federal University of Rio de Janeiro,Indicador,Plant and Animal Science,Number of publications that are among the 10% most cited,posicao,309.0,
2026,2026-2027,504608,Federal University of Rio de Janeiro,Indicador,Plant and Animal Science,Percentage of total publications that are among the 10% most cited,posicao,680.0,
2026,2026-2027,504608,Federal University of Rio de Janeiro,Indicador,Plant and Animal Science,International collaboration - relative to country,posicao,114.0,
2026,2026-2027,504608,Federal University of Rio de Janeiro,Indicador,Plant and Animal Science,International collaboration,posicao,504.0,
2026,2026-2027,504608,Federal University of Rio de Janeiro,Indicador,Plant and Animal Science,Number of highly cited papers that are among the top 1% most cited,posicao,281.0,
2026,2026-2027,504608,Federal University of Rio de Janeiro,Indicador,Plant and Animal Science,Percentage of highly cited papers that are among the top 1% most cited,posicao,600.0,
2026,2026-2027,504608,Federal University of Rio de Janeiro,Indicador,"Public, Environmental and Occupational Health",Publications,posicao,236.0,
2026,2026-2027,504608,Federal University of Rio de Janeiro,Indicador,"Public, Environmental and Occupational Health",Conferences,posicao,186.0,
2026,2026-2027,504608,Federal University of Rio de Janeiro,Indicador,"Public, Environmental and Occupational Health",Normalized citation impact,posicao,509.0,
2026,2026-2027,504608,Federal University of Rio de Janeiro,Indicador,"Public, Environmental and Occupational Health",Total citations,posicao,414.0,
2026,2026-2027,504608,Federal University of Rio de Janeiro,Indicador,"Public, Environmental and Occupational Health",Number of publications that are among the 10% most cited,posicao,459.0,
2026,2026-2027,504608,Federal University of Rio de Janeiro,Indicador,"Public, Environmental and Occupational Health",Percentage of total publications that are among the 10% most cited,posicao,519.0,
2026,2026-2027,504608,Federal University of Rio de Janeiro,Indicador,"Public, Environmental and Occupational Health",International collaboration - relative to country,posicao,293.0,
2026,2026-2027,504608,Federal University of Rio de Janeiro,Indicador,"Public, Environmental and Occupational Health",International collaboration,posicao,376.0,
2026,2026-2027,504608,Federal University of Rio de Janeiro,Indicador,"Public, Environmental and Occupational Health",Number of highly cited papers that are among the top 1% most cited,posicao,416.0,
2026,2026-2027,504608,Federal University of Rio de Janeiro,Indicador,"Public, Environmental and Occupational Health",Percentage of highly cited papers that are among the top 1% most cited,posicao,477.0,
2026,2026-2027,504608,Federal University of Rio de Janeiro,Indicador,Social Sciences and Public Health,Global research reputation,posicao,222.0,
2026,2026-2027,504608,Federal University of Rio de Janeiro,Indicador,Social Sciences and Public Health,Regional research reputation,posicao,8.0,
2026,2026-2027,504608,Federal University of Rio de Janeiro,Indicador,Social Sciences and Public Health,Publications,posicao,370.0,
2026,2026-2027,504608,Federal University of Rio de Janeiro,Indicador,Social Sciences and Public Health,Normalized citation impact,posicao,890.0,
2026,2026-2027,504608,Federal University of Rio de Janeiro,Indicador,Social Sciences and Public Health,Total citations,posicao,586.0,
2026,2026-2027,504608,Federal University of Rio de Janeiro,Indicador,Social Sciences and Public Health,Number of publications that are among the 10% most cited,posicao,619.0,
2026,2026-2027,504608,Federal University of Rio de Janeiro,Indicador,Social Sciences and Public Health,Percentage of total publications that are among the 10% most cited,posicao,865.0,
2026,2026-2027,504608,Federal University of Rio de Janeiro,Indicador,Social Sciences and Public Health,International collaboration - relative to country,posicao,502.0,
2026,2026-2027,504608,Federal University of Rio de Janeiro,Indicador,Social Sciences and Public Health,International collaboration,posicao,586.0,
2026,2026-2027,504608,Federal University of Rio de Janeiro,Indicador,Social Sciences and Public Health,Number of highly cited papers that are among the top 1% most cited,posicao,577.0,
2026,2026-2027,504608,Federal University of Rio de Janeiro,Indicador,Social Sciences and Public Health,Percentage of highly cited papers that are among the top 1% most cited,posicao,712.0,
2026,2026-2027,506043,Federal University of Minas Gerais,Listagem,Geral,Best Universities in Brazil,posicao,5.0,
2026,2026-2027,506043,Federal University of Minas Gerais,Listagem,Geral,Best Global Universities,posicao,494.0,empate
2026,2026-2027,506043,Federal University of Minas Gerais,Listagem,Geral,Global Score,score,49.4,
2026,2026-2027,506043,Federal University of Minas Gerais,Listagem,Geral,Enrollment,valor,,sem dado
2026,2026-2027,506043,Federal University of Minas Gerais,Perfil institucional,Geral,Total number of students,valor,,sem dado
2026,2026-2027,506043,Federal University of Minas Gerais,Perfil institucional,Geral,Number of international students,valor,,sem dado
2026,2026-2027,506043,Federal University of Minas Gerais,Perfil institucional,Geral,Total number of academic staff,valor,,sem dado
2026,2026-2027,506043,Federal University of Minas Gerais,Perfil institucional,Geral,Number of international staff,valor,,sem dado
2026,2026-2027,506043,Federal University of Minas Gerais,Perfil institucional,Geral,Number of undergraduate degrees awarded,valor,,sem dado
2026,2026-2027,506043,Federal University of Minas Gerais,Perfil institucional,Geral,Number of master's degrees awarded,valor,,sem dado
2026,2026-2027,506043,Federal University of Minas Gerais,Perfil institucional,Geral,Number of doctoral degrees awarded,valor,,sem dado
2026,2026-2027,506043,Federal University of Minas Gerais,Perfil institucional,Geral,Number of research only staff,valor,,sem dado
2026,2026-2027,506043,Federal University of Minas Gerais,Perfil institucional,Geral,Number of new undergraduate students,valor,,sem dado
2026,2026-2027,506043,Federal University of Minas Gerais,Perfil institucional,Geral,Number of new master's students,valor,,sem dado
2026,2026-2027,506043,Federal University of Minas Gerais,Perfil institucional,Geral,Number of new doctoral students,valor,,sem dado
2026,2026-2027,506043,Federal University of Minas Gerais,Ranking geral,Geral,Global score,score,49.4,
2026,2026-2027,506043,Federal University of Minas Gerais,Ranking geral,Geral,Best Global Universities,posicao,494.0,empate
2026,2026-2027,506043,Federal University of Minas Gerais,Ranking geral,Geral,Best Global Universities in Latin America,posicao,9.0,
2026,2026-2027,506043,Federal University of Minas Gerais,Ranking geral,Geral,Best Global Universities in Brazil,posicao,5.0,
2026,2026-2027,506043,Federal University of Minas Gerais,Ranking por area,Agricultural Sciences,Posicao na area,posicao,436.0,empate
2026,2026-2027,506043,Federal University of Minas Gerais,Ranking por area,Agricultural Sciences,Score na area,score,25.9,
2026,2026-2027,506043,Federal University of Minas Gerais,Ranking por area,Biology and Biochemistry,Posicao na area,posicao,280.0,empate
2026,2026-2027,506043,Federal University of Minas Gerais,Ranking por area,Biology and Biochemistry,Score na area,score,36.6,
2026,2026-2027,506043,Federal University of Minas Gerais,Ranking por area,Chemistry,Posicao na area,posicao,858.0,empate
2026,2026-2027,506043,Federal University of Minas Gerais,Ranking por area,Chemistry,Score na area,score,37.1,
2026,2026-2027,506043,Federal University of Minas Gerais,Ranking por area,Clinical Medicine,Posicao na area,posicao,288.0,empate
2026,2026-2027,506043,Federal University of Minas Gerais,Ranking por area,Clinical Medicine,Score na area,score,50.8,
2026,2026-2027,506043,Federal University of Minas Gerais,Ranking por area,Computer Science,Posicao na area,posicao,443.0,empate
2026,2026-2027,506043,Federal University of Minas Gerais,Ranking por area,Computer Science,Score na area,score,33.2,
2026,2026-2027,506043,Federal University of Minas Gerais,Ranking por area,Ecology,Posicao na area,posicao,187.0,
2026,2026-2027,506043,Federal University of Minas Gerais,Ranking por area,Ecology,Score na area,score,44.0,
2026,2026-2027,506043,Federal University of Minas Gerais,Ranking por area,Engineering,Posicao na area,posicao,786.0,empate
2026,2026-2027,506043,Federal University of Minas Gerais,Ranking por area,Engineering,Score na area,score,34.1,
2026,2026-2027,506043,Federal University of Minas Gerais,Ranking por area,Environment/Ecology,Posicao na area,posicao,311.0,empate
2026,2026-2027,506043,Federal University of Minas Gerais,Ranking por area,Environment/Ecology,Score na area,score,46.5,
2026,2026-2027,506043,Federal University of Minas Gerais,Ranking por area,Immunology,Posicao na area,posicao,241.0,empate
2026,2026-2027,506043,Federal University of Minas Gerais,Ranking por area,Immunology,Score na area,score,23.0,
2026,2026-2027,506043,Federal University of Minas Gerais,Ranking por area,Infectious Diseases,Posicao na area,posicao,170.0,
2026,2026-2027,506043,Federal University of Minas Gerais,Ranking por area,Infectious Diseases,Score na area,score,37.6,
2026,2026-2027,506043,Federal University of Minas Gerais,Ranking por area,Materials Science,Posicao na area,posicao,680.0,empate
2026,2026-2027,506043,Federal University of Minas Gerais,Ranking por area,Materials Science,Score na area,score,29.0,
2026,2026-2027,506043,Federal University of Minas Gerais,Ranking por area,Mathematics,Posicao na area,posicao,478.0,empate
2026,2026-2027,506043,Federal University of Minas Gerais,Ranking por area,Mathematics,Score na area,score,25.4,
2026,2026-2027,506043,Federal University of Minas Gerais,Ranking por area,Microbiology,Posicao na area,posicao,120.0,empate
2026,2026-2027,506043,Federal University of Minas Gerais,Ranking por area,Microbiology,Score na area,score,33.3,
2026,2026-2027,506043,Federal University of Minas Gerais,Ranking por area,Molecular Biology and Genetics,Posicao na area,posicao,335.0,
2026,2026-2027,506043,Federal University of Minas Gerais,Ranking por area,Molecular Biology and Genetics,Score na area,score,28.0,
2026,2026-2027,506043,Federal University of Minas Gerais,Ranking por area,Neuroscience and Behavior,Posicao na area,posicao,288.0,empate
2026,2026-2027,506043,Federal University of Minas Gerais,Ranking por area,Neuroscience and Behavior,Score na area,score,30.3,
2026,2026-2027,506043,Federal University of Minas Gerais,Ranking por area,Pharmacology and Toxicology,Posicao na area,posicao,294.0,empate
2026,2026-2027,506043,Federal University of Minas Gerais,Ranking por area,Pharmacology and Toxicology,Score na area,score,38.7,
2026,2026-2027,506043,Federal University of Minas Gerais,Ranking por area,Physics,Posicao na area,posicao,944.0,
2026,2026-2027,506043,Federal University of Minas Gerais,Ranking por area,Physics,Score na area,score,17.9,
2026,2026-2027,506043,Federal University of Minas Gerais,Ranking por area,Plant and Animal Science,Posicao na area,posicao,253.0,empate
2026,2026-2027,506043,Federal University of Minas Gerais,Ranking por area,Plant and Animal Science,Score na area,score,49.5,
2026,2026-2027,506043,Federal University of Minas Gerais,Ranking por area,"Public, Environmental and Occupational Health",Posicao na area,posicao,302.0,empate
2026,2026-2027,506043,Federal University of Minas Gerais,Ranking por area,"Public, Environmental and Occupational Health",Score na area,score,48.4,
2026,2026-2027,506043,Federal University of Minas Gerais,Ranking por area,Social Sciences and Public Health,Posicao na area,posicao,426.0,empate
2026,2026-2027,506043,Federal University of Minas Gerais,Ranking por area,Social Sciences and Public Health,Score na area,score,40.4,
2026,2026-2027,506043,Federal University of Minas Gerais,Indicador,Geral,Global research reputation,posicao,339.0,
2026,2026-2027,506043,Federal University of Minas Gerais,Indicador,Geral,Regional research reputation,posicao,8.0,
2026,2026-2027,506043,Federal University of Minas Gerais,Indicador,Geral,Publications,posicao,313.0,
2026,2026-2027,506043,Federal University of Minas Gerais,Indicador,Geral,Books,posicao,275.0,
2026,2026-2027,506043,Federal University of Minas Gerais,Indicador,Geral,Conferences,posicao,436.0,
2026,2026-2027,506043,Federal University of Minas Gerais,Indicador,Geral,Normalized citation impact,posicao,1464.0,
2026,2026-2027,506043,Federal University of Minas Gerais,Indicador,Geral,Total citations,posicao,393.0,
2026,2026-2027,506043,Federal University of Minas Gerais,Indicador,Geral,Number of publications that are among the 10% most cited,posicao,642.0,
2026,2026-2027,506043,Federal University of Minas Gerais,Indicador,Geral,Percentage of total publications that are among the 10% most cited,posicao,2238.0,
2026,2026-2027,506043,Federal University of Minas Gerais,Indicador,Geral,International collaboration - relative to country,posicao,1210.0,
2026,2026-2027,506043,Federal University of Minas Gerais,Indicador,Geral,International collaboration,posicao,1348.0,
2026,2026-2027,506043,Federal University of Minas Gerais,Indicador,Geral,Number of highly cited papers that are among the top 1% most cited,posicao,655.0,
2026,2026-2027,506043,Federal University of Minas Gerais,Indicador,Geral,Percentage of highly cited papers that are among the top 1% most cited,posicao,1957.0,
2026,2026-2027,506043,Federal University of Minas Gerais,Indicador,Agricultural Sciences,Global research reputation,posicao,270.0,substituto
2026,2026-2027,506043,Federal University of Minas Gerais,Indicador,Agricultural Sciences,Regional research reputation,posicao,7.0,
2026,2026-2027,506043,Federal University of Minas Gerais,Indicador,Agricultural Sciences,Publications,posicao,163.0,
2026,2026-2027,506043,Federal University of Minas Gerais,Indicador,Agricultural Sciences,Normalized citation impact,posicao,509.0,
2026,2026-2027,506043,Federal University of Minas Gerais,Indicador,Agricultural Sciences,Total citations,posicao,350.0,
2026,2026-2027,506043,Federal University of Minas Gerais,Indicador,Agricultural Sciences,Number of publications that are among the 10% most cited,posicao,471.0,
2026,2026-2027,506043,Federal University of Minas Gerais,Indicador,Agricultural Sciences,Percentage of total publications that are among the 10% most cited,posicao,524.0,
2026,2026-2027,506043,Federal University of Minas Gerais,Indicador,Agricultural Sciences,International collaboration - relative to country,posicao,401.0,
2026,2026-2027,506043,Federal University of Minas Gerais,Indicador,Agricultural Sciences,International collaboration,posicao,447.0,
2026,2026-2027,506043,Federal University of Minas Gerais,Indicador,Agricultural Sciences,Number of highly cited papers that are among the top 1% most cited,posicao,461.0,substituto
2026,2026-2027,506043,Federal University of Minas Gerais,Indicador,Agricultural Sciences,Percentage of highly cited papers that are among the top 1% most cited,posicao,510.0,substituto
2026,2026-2027,506043,Federal University of Minas Gerais,Indicador,Biology and Biochemistry,Global research reputation,posicao,407.0,substituto
2026,2026-2027,506043,Federal University of Minas Gerais,Indicador,Biology and Biochemistry,Regional research reputation,posicao,12.0,
2026,2026-2027,506043,Federal University of Minas Gerais,Indicador,Biology and Biochemistry,Publications,posicao,305.0,
2026,2026-2027,506043,Federal University of Minas Gerais,Indicador,Biology and Biochemistry,Normalized citation impact,posicao,15.0,
2026,2026-2027,506043,Federal University of Minas Gerais,Indicador,Biology and Biochemistry,Total citations,posicao,135.0,
2026,2026-2027,506043,Federal University of Minas Gerais,Indicador,Biology and Biochemistry,Number of publications that are among the 10% most cited,posicao,712.0,
2026,2026-2027,506043,Federal University of Minas Gerais,Indicador,Biology and Biochemistry,Percentage of total publications that are among the 10% most cited,posicao,812.0,
2026,2026-2027,506043,Federal University of Minas Gerais,Indicador,Biology and Biochemistry,International collaboration - relative to country,posicao,153.0,
2026,2026-2027,506043,Federal University of Minas Gerais,Indicador,Biology and Biochemistry,International collaboration,posicao,412.0,
2026,2026-2027,506043,Federal University of Minas Gerais,Indicador,Biology and Biochemistry,Number of highly cited papers that are among the top 1% most cited,posicao,571.0,
2026,2026-2027,506043,Federal University of Minas Gerais,Indicador,Biology and Biochemistry,Percentage of highly cited papers that are among the top 1% most cited,posicao,695.0,
2026,2026-2027,506043,Federal University of Minas Gerais,Indicador,Chemistry,Global research reputation,posicao,498.0,
2026,2026-2027,506043,Federal University of Minas Gerais,Indicador,Chemistry,Regional research reputation,posicao,6.0,
2026,2026-2027,506043,Federal University of Minas Gerais,Indicador,Chemistry,Publications,posicao,499.0,
2026,2026-2027,506043,Federal University of Minas Gerais,Indicador,Chemistry,Normalized citation impact,posicao,1538.0,
2026,2026-2027,506043,Federal University of Minas Gerais,Indicador,Chemistry,Total citations,posicao,825.0,
2026,2026-2027,506043,Federal University of Minas Gerais,Indicador,Chemistry,Number of publications that are among the 10% most cited,posicao,1160.0,
2026,2026-2027,506043,Federal University of Minas Gerais,Indicador,Chemistry,Percentage of total publications that are among the 10% most cited,posicao,1537.0,
2026,2026-2027,506043,Federal University of Minas Gerais,Indicador,Chemistry,International collaboration - relative to country,posicao,1076.0,
2026,2026-2027,506043,Federal University of Minas Gerais,Indicador,Chemistry,International collaboration,posicao,970.0,
2026,2026-2027,506043,Federal University of Minas Gerais,Indicador,Chemistry,Number of highly cited papers that are among the top 1% most cited,posicao,1213.0,
2026,2026-2027,506043,Federal University of Minas Gerais,Indicador,Chemistry,Percentage of highly cited papers that are among the top 1% most cited,posicao,1462.0,
2026,2026-2027,506043,Federal University of Minas Gerais,Indicador,Clinical Medicine,Global research reputation,posicao,332.0,
2026,2026-2027,506043,Federal University of Minas Gerais,Indicador,Clinical Medicine,Regional research reputation,posicao,5.0,
2026,2026-2027,506043,Federal University of Minas Gerais,Indicador,Clinical Medicine,Publications,posicao,317.0,
2026,2026-2027,506043,Federal University of Minas Gerais,Indicador,Clinical Medicine,Normalized citation impact,posicao,521.0,
2026,2026-2027,506043,Federal University of Minas Gerais,Indicador,Clinical Medicine,Total citations,posicao,292.0,
2026,2026-2027,506043,Federal University of Minas Gerais,Indicador,Clinical Medicine,Number of publications that are among the 10% most cited,posicao,468.0,
2026,2026-2027,506043,Federal University of Minas Gerais,Indicador,Clinical Medicine,Percentage of total publications that are among the 10% most cited,posicao,1209.0,
2026,2026-2027,506043,Federal University of Minas Gerais,Indicador,Clinical Medicine,International collaboration - relative to country,posicao,592.0,
2026,2026-2027,506043,Federal University of Minas Gerais,Indicador,Clinical Medicine,International collaboration,posicao,678.0,
2026,2026-2027,506043,Federal University of Minas Gerais,Indicador,Clinical Medicine,Number of highly cited papers that are among the top 1% most cited,posicao,363.0,
2026,2026-2027,506043,Federal University of Minas Gerais,Indicador,Clinical Medicine,Percentage of highly cited papers that are among the top 1% most cited,posicao,771.0,
2026,2026-2027,506043,Federal University of Minas Gerais,Indicador,Computer Science,Global research reputation,posicao,187.0,
2026,2026-2027,506043,Federal University of Minas Gerais,Indicador,Computer Science,Regional research reputation,posicao,3.0,
2026,2026-2027,506043,Federal University of Minas Gerais,Indicador,Computer Science,Publications,posicao,411.0,
2026,2026-2027,506043,Federal University of Minas Gerais,Indicador,Computer Science,Conferences,posicao,379.0,
2026,2026-2027,506043,Federal University of Minas Gerais,Indicador,Computer Science,Normalized citation impact,posicao,910.0,
2026,2026-2027,506043,Federal University of Minas Gerais,Indicador,Computer Science,Total citations,posicao,575.0,
2026,2026-2027,506043,Federal University of Minas Gerais,Indicador,Computer Science,Number of publications that are among the 10% most cited,posicao,629.0,
2026,2026-2027,506043,Federal University of Minas Gerais,Indicador,Computer Science,Percentage of total publications that are among the 10% most cited,posicao,953.0,
2026,2026-2027,506043,Federal University of Minas Gerais,Indicador,Computer Science,International collaboration - relative to country,posicao,602.0,
2026,2026-2027,506043,Federal University of Minas Gerais,Indicador,Computer Science,International collaboration,posicao,599.0,
2026,2026-2027,506043,Federal University of Minas Gerais,Indicador,Computer Science,Number of highly cited papers that are among the top 1% most cited,posicao,939.0,substituto
2026,2026-2027,506043,Federal University of Minas Gerais,Indicador,Computer Science,Percentage of highly cited papers that are among the top 1% most cited,posicao,1015.0,substituto
2026,2026-2027,506043,Federal University of Minas Gerais,Indicador,Ecology,Publications,posicao,148.0,
2026,2026-2027,506043,Federal University of Minas Gerais,Indicador,Ecology,Conferences,posicao,21.0,substituto
2026,2026-2027,506043,Federal University of Minas Gerais,Indicador,Ecology,Normalized citation impact,posicao,191.0,
2026,2026-2027,506043,Federal University of Minas Gerais,Indicador,Ecology,Total citations,posicao,165.0,
2026,2026-2027,506043,Federal University of Minas Gerais,Indicador,Ecology,Number of publications that are among the 10% most cited,posicao,171.0,
2026,2026-2027,506043,Federal University of Minas Gerais,Indicador,Ecology,Percentage of total publications that are among the 10% most cited,posicao,214.0,
2026,2026-2027,506043,Federal University of Minas Gerais,Indicador,Ecology,International collaboration - relative to country,posicao,64.0,
2026,2026-2027,506043,Federal University of Minas Gerais,Indicador,Ecology,International collaboration,posicao,198.0,
2026,2026-2027,506043,Federal University of Minas Gerais,Indicador,Ecology,Number of highly cited papers that are among the top 1% most cited,posicao,219.0,
2026,2026-2027,506043,Federal University of Minas Gerais,Indicador,Ecology,Percentage of highly cited papers that are among the top 1% most cited,posicao,250.0,
2026,2026-2027,506043,Federal University of Minas Gerais,Indicador,Engineering,Global research reputation,posicao,364.0,
2026,2026-2027,506043,Federal University of Minas Gerais,Indicador,Engineering,Regional research reputation,posicao,9.0,
2026,2026-2027,506043,Federal University of Minas Gerais,Indicador,Engineering,Publications,posicao,476.0,
2026,2026-2027,506043,Federal University of Minas Gerais,Indicador,Engineering,Conferences,posicao,454.0,
2026,2026-2027,506043,Federal University of Minas Gerais,Indicador,Engineering,Normalized citation impact,posicao,1525.0,
2026,2026-2027,506043,Federal University of Minas Gerais,Indicador,Engineering,Total citations,posicao,771.0,
2026,2026-2027,506043,Federal University of Minas Gerais,Indicador,Engineering,Number of publications that are among the 10% most cited,posicao,1009.0,
2026,2026-2027,506043,Federal University of Minas Gerais,Indicador,Engineering,Percentage of total publications that are among the 10% most cited,posicao,1501.0,
2026,2026-2027,506043,Federal University of Minas Gerais,Indicador,Engineering,International collaboration - relative to country,posicao,1329.0,
2026,2026-2027,506043,Federal University of Minas Gerais,Indicador,Engineering,International collaboration,posicao,1127.0,
2026,2026-2027,506043,Federal University of Minas Gerais,Indicador,Engineering,Number of highly cited papers that are among the top 1% most cited,posicao,1438.0,
2026,2026-2027,506043,Federal University of Minas Gerais,Indicador,Engineering,Percentage of highly cited papers that are among the top 1% most cited,posicao,1548.0,
2026,2026-2027,506043,Federal University of Minas Gerais,Indicador,Environment/Ecology,Global research reputation,posicao,212.0,
2026,2026-2027,506043,Federal University of Minas Gerais,Indicador,Environment/Ecology,Regional research reputation,posicao,8.0,
2026,2026-2027,506043,Federal University of Minas Gerais,Indicador,Environment/Ecology,Publications,posicao,204.0,
2026,2026-2027,506043,Federal University of Minas Gerais,Indicador,Environment/Ecology,Normalized citation impact,posicao,935.0,
2026,2026-2027,506043,Federal University of Minas Gerais,Indicador,Environment/Ecology,Total citations,posicao,330.0,
2026,2026-2027,506043,Federal University of Minas Gerais,Indicador,Environment/Ecology,Number of publications that are among the 10% most cited,posicao,397.0,
2026,2026-2027,506043,Federal University of Minas Gerais,Indicador,Environment/Ecology,Percentage of total publications that are among the 10% most cited,posicao,876.0,
2026,2026-2027,506043,Federal University of Minas Gerais,Indicador,Environment/Ecology,International collaboration - relative to country,posicao,385.0,
2026,2026-2027,506043,Federal University of Minas Gerais,Indicador,Environment/Ecology,International collaboration,posicao,705.0,
2026,2026-2027,506043,Federal University of Minas Gerais,Indicador,Environment/Ecology,Number of highly cited papers that are among the top 1% most cited,posicao,578.0,
2026,2026-2027,506043,Federal University of Minas Gerais,Indicador,Environment/Ecology,Percentage of highly cited papers that are among the top 1% most cited,posicao,940.0,
2026,2026-2027,506043,Federal University of Minas Gerais,Indicador,Immunology,Global research reputation,posicao,144.0,substituto
2026,2026-2027,506043,Federal University of Minas Gerais,Indicador,Immunology,Regional research reputation,posicao,4.0,
2026,2026-2027,506043,Federal University of Minas Gerais,Indicador,Immunology,Publications,posicao,151.0,
2026,2026-2027,506043,Federal University of Minas Gerais,Indicador,Immunology,Normalized citation impact,posicao,342.0,
2026,2026-2027,506043,Federal University of Minas Gerais,Indicador,Immunology,Total citations,posicao,238.0,
2026,2026-2027,506043,Federal University of Minas Gerais,Indicador,Immunology,Number of publications that are among the 10% most cited,posicao,287.0,
2026,2026-2027,506043,Federal University of Minas Gerais,Indicador,Immunology,Percentage of total publications that are among the 10% most cited,posicao,348.0,
2026,2026-2027,506043,Federal University of Minas Gerais,Indicador,Immunology,International collaboration - relative to country,posicao,48.0,
2026,2026-2027,506043,Federal University of Minas Gerais,Indicador,Immunology,International collaboration,posicao,135.0,
2026,2026-2027,506043,Federal University of Minas Gerais,Indicador,Immunology,Number of highly cited papers that are among the top 1% most cited,posicao,271.0,
2026,2026-2027,506043,Federal University of Minas Gerais,Indicador,Immunology,Percentage of highly cited papers that are among the top 1% most cited,posicao,318.0,
2026,2026-2027,506043,Federal University of Minas Gerais,Indicador,Infectious Diseases,Publications,posicao,122.0,
2026,2026-2027,506043,Federal University of Minas Gerais,Indicador,Infectious Diseases,Conferences,posicao,1.0,substituto
2026,2026-2027,506043,Federal University of Minas Gerais,Indicador,Infectious Diseases,Normalized citation impact,posicao,203.0,
2026,2026-2027,506043,Federal University of Minas Gerais,Indicador,Infectious Diseases,Total citations,posicao,166.0,
2026,2026-2027,506043,Federal University of Minas Gerais,Indicador,Infectious Diseases,Number of publications that are among the 10% most cited,posicao,152.0,
2026,2026-2027,506043,Federal University of Minas Gerais,Indicador,Infectious Diseases,Percentage of total publications that are among the 10% most cited,posicao,167.0,
2026,2026-2027,506043,Federal University of Minas Gerais,Indicador,Infectious Diseases,International collaboration - relative to country,posicao,43.0,
2026,2026-2027,506043,Federal University of Minas Gerais,Indicador,Infectious Diseases,International collaboration,posicao,142.0,
2026,2026-2027,506043,Federal University of Minas Gerais,Indicador,Infectious Diseases,Number of highly cited papers that are among the top 1% most cited,posicao,191.0,
2026,2026-2027,506043,Federal University of Minas Gerais,Indicador,Infectious Diseases,Percentage of highly cited papers that are among the top 1% most cited,posicao,221.0,
2026,2026-2027,506043,Federal University of Minas Gerais,Indicador,Materials Science,Global research reputation,posicao,228.0,
2026,2026-2027,506043,Federal University of Minas Gerais,Indicador,Materials Science,Regional research reputation,posicao,6.0,
2026,2026-2027,506043,Federal University of Minas Gerais,Indicador,Materials Science,Publications,posicao,505.0,
2026,2026-2027,506043,Federal University of Minas Gerais,Indicador,Materials Science,Normalized citation impact,posicao,1084.0,
2026,2026-2027,506043,Federal University of Minas Gerais,Indicador,Materials Science,Total citations,posicao,797.0,
2026,2026-2027,506043,Federal University of Minas Gerais,Indicador,Materials Science,Number of publications that are among the 10% most cited,posicao,950.0,
2026,2026-2027,506043,Federal University of Minas Gerais,Indicador,Materials Science,Percentage of total publications that are among the 10% most cited,posicao,1067.0,
2026,2026-2027,506043,Federal University of Minas Gerais,Indicador,Materials Science,International collaboration - relative to country,posicao,746.0,
2026,2026-2027,506043,Federal University of Minas Gerais,Indicador,Materials Science,International collaboration,posicao,713.0,
2026,2026-2027,506043,Federal University of Minas Gerais,Indicador,Materials Science,Number of highly cited papers that are among the top 1% most cited,posicao,622.0,
2026,2026-2027,506043,Federal University of Minas Gerais,Indicador,Materials Science,Percentage of highly cited papers that are among the top 1% most cited,posicao,715.0,
2026,2026-2027,506043,Federal University of Minas Gerais,Indicador,Mathematics,Global research reputation,posicao,299.0,
2026,2026-2027,506043,Federal University of Minas Gerais,Indicador,Mathematics,Regional research reputation,posicao,7.0,
2026,2026-2027,506043,Federal University of Minas Gerais,Indicador,Mathematics,Publications,posicao,278.0,
2026,2026-2027,506043,Federal University of Minas Gerais,Indicador,Mathematics,Normalized citation impact,posicao,526.0,
2026,2026-2027,506043,Federal University of Minas Gerais,Indicador,Mathematics,Total citations,posicao,465.0,
2026,2026-2027,506043,Federal University of Minas Gerais,Indicador,Mathematics,Number of publications that are among the 10% most cited,posicao,522.0,
2026,2026-2027,506043,Federal University of Minas Gerais,Indicador,Mathematics,Percentage of total publications that are among the 10% most cited,posicao,538.0,
2026,2026-2027,506043,Federal University of Minas Gerais,Indicador,Mathematics,International collaboration - relative to country,posicao,462.0,
2026,2026-2027,506043,Federal University of Minas Gerais,Indicador,Mathematics,International collaboration,posicao,365.0,
2026,2026-2027,506043,Federal University of Minas Gerais,Indicador,Mathematics,Number of highly cited papers that are among the top 1% most cited,posicao,418.0,
2026,2026-2027,506043,Federal University of Minas Gerais,Indicador,Mathematics,Percentage of highly cited papers that are among the top 1% most cited,posicao,462.0,
2026,2026-2027,506043,Federal University of Minas Gerais,Indicador,Microbiology,Global research reputation,posicao,86.0,
2026,2026-2027,506043,Federal University of Minas Gerais,Indicador,Microbiology,Regional research reputation,posicao,3.0,
2026,2026-2027,506043,Federal University of Minas Gerais,Indicador,Microbiology,Publications,posicao,34.0,
2026,2026-2027,506043,Federal University of Minas Gerais,Indicador,Microbiology,Normalized citation impact,posicao,276.0,
2026,2026-2027,506043,Federal University of Minas Gerais,Indicador,Microbiology,Total citations,posicao,127.0,
2026,2026-2027,506043,Federal University of Minas Gerais,Indicador,Microbiology,Number of publications that are among the 10% most cited,posicao,200.0,
2026,2026-2027,506043,Federal University of Minas Gerais,Indicador,Microbiology,Percentage of total publications that are among the 10% most cited,posicao,280.0,
2026,2026-2027,506043,Federal University of Minas Gerais,Indicador,Microbiology,International collaboration - relative to country,posicao,28.0,
2026,2026-2027,506043,Federal University of Minas Gerais,Indicador,Microbiology,International collaboration,posicao,157.0,
2026,2026-2027,506043,Federal University of Minas Gerais,Indicador,Microbiology,Number of highly cited papers that are among the top 1% most cited,posicao,184.0,
2026,2026-2027,506043,Federal University of Minas Gerais,Indicador,Microbiology,Percentage of highly cited papers that are among the top 1% most cited,posicao,253.0,
2026,2026-2027,506043,Federal University of Minas Gerais,Indicador,Molecular Biology and Genetics,Global research reputation,posicao,110.0,substituto
2026,2026-2027,506043,Federal University of Minas Gerais,Indicador,Molecular Biology and Genetics,Regional research reputation,posicao,2.0,
2026,2026-2027,506043,Federal University of Minas Gerais,Indicador,Molecular Biology and Genetics,Publications,posicao,335.0,
2026,2026-2027,506043,Federal University of Minas Gerais,Indicador,Molecular Biology and Genetics,Normalized citation impact,posicao,301.0,
2026,2026-2027,506043,Federal University of Minas Gerais,Indicador,Molecular Biology and Genetics,Total citations,posicao,353.0,
2026,2026-2027,506043,Federal University of Minas Gerais,Indicador,Molecular Biology and Genetics,Number of publications that are among the 10% most cited,posicao,392.0,
2026,2026-2027,506043,Federal University of Minas Gerais,Indicador,Molecular Biology and Genetics,Percentage of total publications that are among the 10% most cited,posicao,395.0,
2026,2026-2027,506043,Federal University of Minas Gerais,Indicador,Molecular Biology and Genetics,International collaboration - relative to country,posicao,75.0,
2026,2026-2027,506043,Federal University of Minas Gerais,Indicador,Molecular Biology and Genetics,International collaboration,posicao,195.0,
2026,2026-2027,506043,Federal University of Minas Gerais,Indicador,Molecular Biology and Genetics,Number of highly cited papers that are among the top 1% most cited,posicao,366.0,
2026,2026-2027,506043,Federal University of Minas Gerais,Indicador,Molecular Biology and Genetics,Percentage of highly cited papers that are among the top 1% most cited,posicao,350.0,
2026,2026-2027,506043,Federal University of Minas Gerais,Indicador,Neuroscience and Behavior,Global research reputation,posicao,182.0,substituto
2026,2026-2027,506043,Federal University of Minas Gerais,Indicador,Neuroscience and Behavior,Regional research reputation,posicao,4.0,substituto
2026,2026-2027,506043,Federal University of Minas Gerais,Indicador,Neuroscience and Behavior,Publications,posicao,319.0,
2026,2026-2027,506043,Federal University of Minas Gerais,Indicador,Neuroscience and Behavior,Normalized citation impact,posicao,62.0,
2026,2026-2027,506043,Federal University of Minas Gerais,Indicador,Neuroscience and Behavior,Total citations,posicao,243.0,
2026,2026-2027,506043,Federal University of Minas Gerais,Indicador,Neuroscience and Behavior,Number of publications that are among the 10% most cited,posicao,396.0,
2026,2026-2027,506043,Federal University of Minas Gerais,Indicador,Neuroscience and Behavior,Percentage of total publications that are among the 10% most cited,posicao,458.0,
2026,2026-2027,506043,Federal University of Minas Gerais,Indicador,Neuroscience and Behavior,International collaboration - relative to country,posicao,204.0,
2026,2026-2027,506043,Federal University of Minas Gerais,Indicador,Neuroscience and Behavior,International collaboration,posicao,250.0,
2026,2026-2027,506043,Federal University of Minas Gerais,Indicador,Neuroscience and Behavior,Number of highly cited papers that are among the top 1% most cited,posicao,271.0,
2026,2026-2027,506043,Federal University of Minas Gerais,Indicador,Neuroscience and Behavior,Percentage of highly cited papers that are among the top 1% most cited,posicao,186.0,
2026,2026-2027,506043,Federal University of Minas Gerais,Indicador,Pharmacology and Toxicology,Global research reputation,posicao,173.0,
2026,2026-2027,506043,Federal University of Minas Gerais,Indicador,Pharmacology and Toxicology,Regional research reputation,posicao,6.0,
2026,2026-2027,506043,Federal University of Minas Gerais,Indicador,Pharmacology and Toxicology,Publications,posicao,180.0,
2026,2026-2027,506043,Federal University of Minas Gerais,Indicador,Pharmacology and Toxicology,Normalized citation impact,posicao,500.0,
2026,2026-2027,506043,Federal University of Minas Gerais,Indicador,Pharmacology and Toxicology,Total citations,posicao,281.0,
2026,2026-2027,506043,Federal University of Minas Gerais,Indicador,Pharmacology and Toxicology,Number of publications that are among the 10% most cited,posicao,275.0,
2026,2026-2027,506043,Federal University of Minas Gerais,Indicador,Pharmacology and Toxicology,Percentage of total publications that are among the 10% most cited,posicao,424.0,
2026,2026-2027,506043,Federal University of Minas Gerais,Indicador,Pharmacology and Toxicology,International collaboration - relative to country,posicao,376.0,
2026,2026-2027,506043,Federal University of Minas Gerais,Indicador,Pharmacology and Toxicology,International collaboration,posicao,329.0,
2026,2026-2027,506043,Federal University of Minas Gerais,Indicador,Pharmacology and Toxicology,Number of highly cited papers that are among the top 1% most cited,posicao,456.0,
2026,2026-2027,506043,Federal University of Minas Gerais,Indicador,Pharmacology and Toxicology,Percentage of highly cited papers that are among the top 1% most cited,posicao,510.0,
2026,2026-2027,506043,Federal University of Minas Gerais,Indicador,Physics,Global research reputation,posicao,339.0,
2026,2026-2027,506043,Federal University of Minas Gerais,Indicador,Physics,Regional research reputation,posicao,5.0,
2026,2026-2027,506043,Federal University of Minas Gerais,Indicador,Physics,Publications,posicao,883.0,
2026,2026-2027,506043,Federal University of Minas Gerais,Indicador,Physics,Normalized citation impact,posicao,1029.0,
2026,2026-2027,506043,Federal University of Minas Gerais,Indicador,Physics,Total citations,posicao,1030.0,
2026,2026-2027,506043,Federal University of Minas Gerais,Indicador,Physics,Number of publications that are among the 10% most cited,posicao,1034.0,
2026,2026-2027,506043,Federal University of Minas Gerais,Indicador,Physics,Percentage of total publications that are among the 10% most cited,posicao,1036.0,
2026,2026-2027,506043,Federal University of Minas Gerais,Indicador,Physics,International collaboration - relative to country,posicao,921.0,
2026,2026-2027,506043,Federal University of Minas Gerais,Indicador,Physics,International collaboration,posicao,773.0,
2026,2026-2027,506043,Federal University of Minas Gerais,Indicador,Physics,Number of highly cited papers that are among the top 1% most cited,posicao,862.0,
2026,2026-2027,506043,Federal University of Minas Gerais,Indicador,Physics,Percentage of highly cited papers that are among the top 1% most cited,posicao,823.0,
2026,2026-2027,506043,Federal University of Minas Gerais,Indicador,Plant and Animal Science,Global research reputation,posicao,204.0,
2026,2026-2027,506043,Federal University of Minas Gerais,Indicador,Plant and Animal Science,Regional research reputation,posicao,4.0,
2026,2026-2027,506043,Federal University of Minas Gerais,Indicador,Plant and Animal Science,Publications,posicao,74.0,
2026,2026-2027,506043,Federal University of Minas Gerais,Indicador,Plant and Animal Science,Normalized citation impact,posicao,693.0,
2026,2026-2027,506043,Federal University of Minas Gerais,Indicador,Plant and Animal Science,Total citations,posicao,177.0,
2026,2026-2027,506043,Federal University of Minas Gerais,Indicador,Plant and Animal Science,Number of publications that are among the 10% most cited,posicao,337.0,
2026,2026-2027,506043,Federal University of Minas Gerais,Indicador,Plant and Animal Science,Percentage of total publications that are among the 10% most cited,posicao,703.0,
2026,2026-2027,506043,Federal University of Minas Gerais,Indicador,Plant and Animal Science,International collaboration - relative to country,posicao,420.0,
2026,2026-2027,506043,Federal University of Minas Gerais,Indicador,Plant and Animal Science,International collaboration,posicao,582.0,
2026,2026-2027,506043,Federal University of Minas Gerais,Indicador,Plant and Animal Science,Number of highly cited papers that are among the top 1% most cited,posicao,483.0,
2026,2026-2027,506043,Federal University of Minas Gerais,Indicador,Plant and Animal Science,Percentage of highly cited papers that are among the top 1% most cited,posicao,701.0,
2026,2026-2027,506043,Federal University of Minas Gerais,Indicador,"Public, Environmental and Occupational Health",Publications,posicao,114.0,
2026,2026-2027,506043,Federal University of Minas Gerais,Indicador,"Public, Environmental and Occupational Health",Conferences,posicao,186.0,substituto
2026,2026-2027,506043,Federal University of Minas Gerais,Indicador,"Public, Environmental and Occupational Health",Normalized citation impact,posicao,315.0,
2026,2026-2027,506043,Federal University of Minas Gerais,Indicador,"Public, Environmental and Occupational Health",Total citations,posicao,164.0,
2026,2026-2027,506043,Federal University of Minas Gerais,Indicador,"Public, Environmental and Occupational Health",Number of publications that are among the 10% most cited,posicao,250.0,
2026,2026-2027,506043,Federal University of Minas Gerais,Indicador,"Public, Environmental and Occupational Health",Percentage of total publications that are among the 10% most cited,posicao,505.0,
2026,2026-2027,506043,Federal University of Minas Gerais,Indicador,"Public, Environmental and Occupational Health",International collaboration - relative to country,posicao,365.0,
2026,2026-2027,506043,Federal University of Minas Gerais,Indicador,"Public, Environmental and Occupational Health",International collaboration,posicao,405.0,
2026,2026-2027,506043,Federal University of Minas Gerais,Indicador,"Public, Environmental and Occupational Health",Number of highly cited papers that are among the top 1% most cited,posicao,189.0,
2026,2026-2027,506043,Federal University of Minas Gerais,Indicador,"Public, Environmental and Occupational Health",Percentage of highly cited papers that are among the top 1% most cited,posicao,353.0,
2026,2026-2027,506043,Federal University of Minas Gerais,Indicador,Social Sciences and Public Health,Global research reputation,posicao,268.0,
2026,2026-2027,506043,Federal University of Minas Gerais,Indicador,Social Sciences and Public Health,Regional research reputation,posicao,11.0,
2026,2026-2027,506043,Federal University of Minas Gerais,Indicador,Social Sciences and Public Health,Publications,posicao,243.0,
2026,2026-2027,506043,Federal University of Minas Gerais,Indicador,Social Sciences and Public Health,Normalized citation impact,posicao,896.0,
2026,2026-2027,506043,Federal University of Minas Gerais,Indicador,Social Sciences and Public Health,Total citations,posicao,421.0,
2026,2026-2027,506043,Federal University of Minas Gerais,Indicador,Social Sciences and Public Health,Number of publications that are among the 10% most cited,posicao,504.0,
2026,2026-2027,506043,Federal University of Minas Gerais,Indicador,Social Sciences and Public Health,Percentage of total publications that are among the 10% most cited,posicao,902.0,
2026,2026-2027,506043,Federal University of Minas Gerais,Indicador,Social Sciences and Public Health,International collaboration - relative to country,posicao,637.0,
2026,2026-2027,506043,Federal University of Minas Gerais,Indicador,Social Sciences and Public Health,International collaboration,posicao,632.0,
2026,2026-2027,506043,Federal University of Minas Gerais,Indicador,Social Sciences and Public Health,Number of highly cited papers that are among the top 1% most cited,posicao,670.0,
2026,2026-2027,506043,Federal University of Minas Gerais,Indicador,Social Sciences and Public Health,Percentage of highly cited papers that are among the top 1% most cited,posicao,868.0,
2026,2026-2027,503331,UNESP - Universidade Estadual Paulista,Listagem,Geral,Best Universities in Brazil,posicao,6.0,
2026,2026-2027,503331,UNESP - Universidade Estadual Paulista,Listagem,Geral,Best Global Universities,posicao,578.0,empate
2026,2026-2027,503331,UNESP - Universidade Estadual Paulista,Listagem,Geral,Global Score,score,46.7,
2026,2026-2027,503331,UNESP - Universidade Estadual Paulista,Listagem,Geral,Enrollment,valor,35255.0,
2026,2026-2027,503331,UNESP - Universidade Estadual Paulista,Perfil institucional,Geral,Total number of students,valor,35255.0,
2026,2026-2027,503331,UNESP - Universidade Estadual Paulista,Perfil institucional,Geral,Number of international students,valor,1385.0,
2026,2026-2027,503331,UNESP - Universidade Estadual Paulista,Perfil institucional,Geral,Total number of academic staff,valor,3008.0,
2026,2026-2027,503331,UNESP - Universidade Estadual Paulista,Perfil institucional,Geral,Number of international staff,valor,139.0,
2026,2026-2027,503331,UNESP - Universidade Estadual Paulista,Perfil institucional,Geral,Number of undergraduate degrees awarded,valor,4622.0,
2026,2026-2027,503331,UNESP - Universidade Estadual Paulista,Perfil institucional,Geral,Number of master's degrees awarded,valor,1090.0,
2026,2026-2027,503331,UNESP - Universidade Estadual Paulista,Perfil institucional,Geral,Number of doctoral degrees awarded,valor,683.0,
2026,2026-2027,503331,UNESP - Universidade Estadual Paulista,Perfil institucional,Geral,Number of research only staff,valor,828.0,
2026,2026-2027,503331,UNESP - Universidade Estadual Paulista,Perfil institucional,Geral,Number of new undergraduate students,valor,5667.0,
2026,2026-2027,503331,UNESP - Universidade Estadual Paulista,Perfil institucional,Geral,Number of new master's students,valor,1532.0,
2026,2026-2027,503331,UNESP - Universidade Estadual Paulista,Perfil institucional,Geral,Number of new doctoral students,valor,835.0,
2026,2026-2027,503331,UNESP - Universidade Estadual Paulista,Ranking geral,Geral,Global score,score,46.7,
2026,2026-2027,503331,UNESP - Universidade Estadual Paulista,Ranking geral,Geral,Best Global Universities,posicao,578.0,empate
2026,2026-2027,503331,UNESP - Universidade Estadual Paulista,Ranking geral,Geral,Best Global Universities in Latin America,posicao,11.0,
2026,2026-2027,503331,UNESP - Universidade Estadual Paulista,Ranking geral,Geral,Best Global Universities in Brazil,posicao,6.0,
2026,2026-2027,503331,UNESP - Universidade Estadual Paulista,Ranking por area,Agricultural Sciences,Posicao na area,posicao,123.0,empate
2026,2026-2027,503331,UNESP - Universidade Estadual Paulista,Ranking por area,Agricultural Sciences,Score na area,score,49.4,
2026,2026-2027,503331,UNESP - Universidade Estadual Paulista,Ranking por area,Biology and Biochemistry,Posicao na area,posicao,369.0,empate
2026,2026-2027,503331,UNESP - Universidade Estadual Paulista,Ranking por area,Biology and Biochemistry,Score na area,score,32.4,
2026,2026-2027,503331,UNESP - Universidade Estadual Paulista,Ranking por area,Biotechnology and Applied Microbiology,Posicao na area,posicao,214.0,
2026,2026-2027,503331,UNESP - Universidade Estadual Paulista,Ranking por area,Biotechnology and Applied Microbiology,Score na area,score,28.7,
2026,2026-2027,503331,UNESP - Universidade Estadual Paulista,Ranking por area,Chemical Engineering,Posicao na area,posicao,388.0,
2026,2026-2027,503331,UNESP - Universidade Estadual Paulista,Ranking por area,Chemical Engineering,Score na area,score,30.6,
2026,2026-2027,503331,UNESP - Universidade Estadual Paulista,Ranking por area,Chemistry,Posicao na area,posicao,512.0,empate
2026,2026-2027,503331,UNESP - Universidade Estadual Paulista,Ranking por area,Chemistry,Score na area,score,44.5,
2026,2026-2027,503331,UNESP - Universidade Estadual Paulista,Ranking por area,Clinical Medicine,Posicao na area,posicao,426.0,empate
2026,2026-2027,503331,UNESP - Universidade Estadual Paulista,Ranking por area,Clinical Medicine,Score na area,score,45.3,
2026,2026-2027,503331,UNESP - Universidade Estadual Paulista,Ranking por area,Computer Science,Posicao na area,posicao,708.0,empate
2026,2026-2027,503331,UNESP - Universidade Estadual Paulista,Ranking por area,Computer Science,Score na area,score,24.4,
2026,2026-2027,503331,UNESP - Universidade Estadual Paulista,Ranking por area,Ecology,Posicao na area,posicao,200.0,
2026,2026-2027,503331,UNESP - Universidade Estadual Paulista,Ranking por area,Ecology,Score na area,score,42.4,
2026,2026-2027,503331,UNESP - Universidade Estadual Paulista,Ranking por area,Electrical and Electronic Engineering,Posicao na area,posicao,718.0,empate
2026,2026-2027,503331,UNESP - Universidade Estadual Paulista,Ranking por area,Electrical and Electronic Engineering,Score na area,score,23.8,
2026,2026-2027,503331,UNESP - Universidade Estadual Paulista,Ranking por area,Energy and Fuels,Posicao na area,posicao,478.0,
2026,2026-2027,503331,UNESP - Universidade Estadual Paulista,Ranking por area,Energy and Fuels,Score na area,score,26.5,
2026,2026-2027,503331,UNESP - Universidade Estadual Paulista,Ranking por area,Engineering,Posicao na area,posicao,560.0,empate
2026,2026-2027,503331,UNESP - Universidade Estadual Paulista,Ranking por area,Engineering,Score na area,score,40.3,
2026,2026-2027,503331,UNESP - Universidade Estadual Paulista,Ranking por area,Environment/Ecology,Posicao na area,posicao,159.0,empate
2026,2026-2027,503331,UNESP - Universidade Estadual Paulista,Ranking por area,Environment/Ecology,Score na area,score,56.6,
2026,2026-2027,503331,UNESP - Universidade Estadual Paulista,Ranking por area,Food Science and Technology,Posicao na area,posicao,192.0,
2026,2026-2027,503331,UNESP - Universidade Estadual Paulista,Ranking por area,Food Science and Technology,Score na area,score,30.4,
2026,2026-2027,503331,UNESP - Universidade Estadual Paulista,Ranking por area,Geosciences,Posicao na area,posicao,353.0,empate
2026,2026-2027,503331,UNESP - Universidade Estadual Paulista,Ranking por area,Geosciences,Score na area,score,30.2,
2026,2026-2027,503331,UNESP - Universidade Estadual Paulista,Ranking por area,Green and Sustainable Science and Technology,Posicao na area,posicao,234.0,empate
2026,2026-2027,503331,UNESP - Universidade Estadual Paulista,Ranking por area,Green and Sustainable Science and Technology,Score na area,score,29.3,
2026,2026-2027,503331,UNESP - Universidade Estadual Paulista,Ranking por area,Materials Science,Posicao na area,posicao,631.0,empate
2026,2026-2027,503331,UNESP - Universidade Estadual Paulista,Ranking por area,Materials Science,Score na area,score,30.3,
2026,2026-2027,503331,UNESP - Universidade Estadual Paulista,Ranking por area,Microbiology,Posicao na area,posicao,181.0,empate
2026,2026-2027,503331,UNESP - Universidade Estadual Paulista,Ranking por area,Microbiology,Score na area,score,22.7,
2026,2026-2027,503331,UNESP - Universidade Estadual Paulista,Ranking por area,Pharmacology and Toxicology,Posicao na area,posicao,312.0,
2026,2026-2027,503331,UNESP - Universidade Estadual Paulista,Ranking por area,Pharmacology and Toxicology,Score na area,score,37.7,
2026,2026-2027,503331,UNESP - Universidade Estadual Paulista,Ranking por area,Physical Chemistry,Posicao na area,posicao,678.0,empate
2026,2026-2027,503331,UNESP - Universidade Estadual Paulista,Ranking por area,Physical Chemistry,Score na area,score,33.8,
2026,2026-2027,503331,UNESP - Universidade Estadual Paulista,Ranking por area,Physics,Posicao na area,posicao,359.0,empate
2026,2026-2027,503331,UNESP - Universidade Estadual Paulista,Ranking por area,Physics,Score na area,score,46.1,
2026,2026-2027,503331,UNESP - Universidade Estadual Paulista,Ranking por area,Plant and Animal Science,Posicao na area,posicao,45.0,
2026,2026-2027,503331,UNESP - Universidade Estadual Paulista,Ranking por area,Plant and Animal Science,Score na area,score,72.4,
2026,2026-2027,503331,UNESP - Universidade Estadual Paulista,Ranking por area,Polymer Science,Posicao na area,posicao,190.0,
2026,2026-2027,503331,UNESP - Universidade Estadual Paulista,Ranking por area,Polymer Science,Score na area,score,27.1,
2026,2026-2027,503331,UNESP - Universidade Estadual Paulista,Ranking por area,"Public, Environmental and Occupational Health",Posicao na area,posicao,490.0,
2026,2026-2027,503331,UNESP - Universidade Estadual Paulista,Ranking por area,"Public, Environmental and Occupational Health",Score na area,score,29.8,
2026,2026-2027,503331,UNESP - Universidade Estadual Paulista,Ranking por area,Social Sciences and Public Health,Posicao na area,posicao,730.0,empate
2026,2026-2027,503331,UNESP - Universidade Estadual Paulista,Ranking por area,Social Sciences and Public Health,Score na area,score,25.4,
2026,2026-2027,503331,UNESP - Universidade Estadual Paulista,Indicador,Geral,Global research reputation,posicao,304.0,
2026,2026-2027,503331,UNESP - Universidade Estadual Paulista,Indicador,Geral,Regional research reputation,posicao,11.0,
2026,2026-2027,503331,UNESP - Universidade Estadual Paulista,Indicador,Geral,Publications,posicao,195.0,
2026,2026-2027,503331,UNESP - Universidade Estadual Paulista,Indicador,Geral,Books,posicao,934.0,
2026,2026-2027,503331,UNESP - Universidade Estadual Paulista,Indicador,Geral,Conferences,posicao,543.0,
2026,2026-2027,503331,UNESP - Universidade Estadual Paulista,Indicador,Geral,Normalized citation impact,posicao,2287.0,
2026,2026-2027,503331,UNESP - Universidade Estadual Paulista,Indicador,Geral,Total citations,posicao,410.0,
2026,2026-2027,503331,UNESP - Universidade Estadual Paulista,Indicador,Geral,Number of publications that are among the 10% most cited,posicao,544.0,
2026,2026-2027,503331,UNESP - Universidade Estadual Paulista,Indicador,Geral,Percentage of total publications that are among the 10% most cited,posicao,2319.0,
2026,2026-2027,503331,UNESP - Universidade Estadual Paulista,Indicador,Geral,International collaboration - relative to country,posicao,758.0,
2026,2026-2027,503331,UNESP - Universidade Estadual Paulista,Indicador,Geral,International collaboration,posicao,1229.0,
2026,2026-2027,503331,UNESP - Universidade Estadual Paulista,Indicador,Geral,Number of highly cited papers that are among the top 1% most cited,posicao,832.0,
2026,2026-2027,503331,UNESP - Universidade Estadual Paulista,Indicador,Geral,Percentage of highly cited papers that are among the top 1% most cited,posicao,2342.0,
2026,2026-2027,503331,UNESP - Universidade Estadual Paulista,Indicador,Agricultural Sciences,Global research reputation,posicao,190.0,
2026,2026-2027,503331,UNESP - Universidade Estadual Paulista,Indicador,Agricultural Sciences,Regional research reputation,posicao,10.0,
2026,2026-2027,503331,UNESP - Universidade Estadual Paulista,Indicador,Agricultural Sciences,Publications,posicao,16.0,
2026,2026-2027,503331,UNESP - Universidade Estadual Paulista,Indicador,Agricultural Sciences,Normalized citation impact,posicao,517.0,
2026,2026-2027,503331,UNESP - Universidade Estadual Paulista,Indicador,Agricultural Sciences,Total citations,posicao,83.0,
2026,2026-2027,503331,UNESP - Universidade Estadual Paulista,Indicador,Agricultural Sciences,Number of publications that are among the 10% most cited,posicao,179.0,
2026,2026-2027,503331,UNESP - Universidade Estadual Paulista,Indicador,Agricultural Sciences,Percentage of total publications that are among the 10% most cited,posicao,511.0,
2026,2026-2027,503331,UNESP - Universidade Estadual Paulista,Indicador,Agricultural Sciences,International collaboration - relative to country,posicao,67.0,
2026,2026-2027,503331,UNESP - Universidade Estadual Paulista,Indicador,Agricultural Sciences,International collaboration,posicao,351.0,
2026,2026-2027,503331,UNESP - Universidade Estadual Paulista,Indicador,Agricultural Sciences,Number of highly cited papers that are among the top 1% most cited,posicao,237.0,
2026,2026-2027,503331,UNESP - Universidade Estadual Paulista,Indicador,Agricultural Sciences,Percentage of highly cited papers that are among the top 1% most cited,posicao,490.0,
2026,2026-2027,503331,UNESP - Universidade Estadual Paulista,Indicador,Biology and Biochemistry,Global research reputation,posicao,151.0,
2026,2026-2027,503331,UNESP - Universidade Estadual Paulista,Indicador,Biology and Biochemistry,Regional research reputation,posicao,10.0,
2026,2026-2027,503331,UNESP - Universidade Estadual Paulista,Indicador,Biology and Biochemistry,Publications,posicao,151.0,
2026,2026-2027,503331,UNESP - Universidade Estadual Paulista,Indicador,Biology and Biochemistry,Normalized citation impact,posicao,801.0,
2026,2026-2027,503331,UNESP - Universidade Estadual Paulista,Indicador,Biology and Biochemistry,Total citations,posicao,322.0,
2026,2026-2027,503331,UNESP - Universidade Estadual Paulista,Indicador,Biology and Biochemistry,Number of publications that are among the 10% most cited,posicao,519.0,
2026,2026-2027,503331,UNESP - Universidade Estadual Paulista,Indicador,Biology and Biochemistry,Percentage of total publications that are among the 10% most cited,posicao,804.0,
2026,2026-2027,503331,UNESP - Universidade Estadual Paulista,Indicador,Biology and Biochemistry,International collaboration - relative to country,posicao,274.0,
2026,2026-2027,503331,UNESP - Universidade Estadual Paulista,Indicador,Biology and Biochemistry,International collaboration,posicao,463.0,
2026,2026-2027,503331,UNESP - Universidade Estadual Paulista,Indicador,Biology and Biochemistry,Number of highly cited papers that are among the top 1% most cited,posicao,685.0,
2026,2026-2027,503331,UNESP - Universidade Estadual Paulista,Indicador,Biology and Biochemistry,Percentage of highly cited papers that are among the top 1% most cited,posicao,809.0,
2026,2026-2027,503331,UNESP - Universidade Estadual Paulista,Indicador,Biotechnology and Applied Microbiology,Publications,posicao,86.0,
2026,2026-2027,503331,UNESP - Universidade Estadual Paulista,Indicador,Biotechnology and Applied Microbiology,Conferences,posicao,62.0,substituto
2026,2026-2027,503331,UNESP - Universidade Estadual Paulista,Indicador,Biotechnology and Applied Microbiology,Normalized citation impact,posicao,293.0,
2026,2026-2027,503331,UNESP - Universidade Estadual Paulista,Indicador,Biotechnology and Applied Microbiology,Total citations,posicao,193.0,
2026,2026-2027,503331,UNESP - Universidade Estadual Paulista,Indicador,Biotechnology and Applied Microbiology,Number of publications that are among the 10% most cited,posicao,266.0,
2026,2026-2027,503331,UNESP - Universidade Estadual Paulista,Indicador,Biotechnology and Applied Microbiology,Percentage of total publications that are among the 10% most cited,posicao,297.0,
2026,2026-2027,503331,UNESP - Universidade Estadual Paulista,Indicador,Biotechnology and Applied Microbiology,International collaboration - relative to country,posicao,44.0,
2026,2026-2027,503331,UNESP - Universidade Estadual Paulista,Indicador,Biotechnology and Applied Microbiology,International collaboration,posicao,128.0,
2026,2026-2027,503331,UNESP - Universidade Estadual Paulista,Indicador,Biotechnology and Applied Microbiology,Number of highly cited papers that are among the top 1% most cited,posicao,197.0,
2026,2026-2027,503331,UNESP - Universidade Estadual Paulista,Indicador,Biotechnology and Applied Microbiology,Percentage of highly cited papers that are among the top 1% most cited,posicao,245.0,
2026,2026-2027,503331,UNESP - Universidade Estadual Paulista,Indicador,Chemical Engineering,Publications,posicao,293.0,
2026,2026-2027,503331,UNESP - Universidade Estadual Paulista,Indicador,Chemical Engineering,Conferences,posicao,125.0,
2026,2026-2027,503331,UNESP - Universidade Estadual Paulista,Indicador,Chemical Engineering,Normalized citation impact,posicao,404.0,
2026,2026-2027,503331,UNESP - Universidade Estadual Paulista,Indicador,Chemical Engineering,Total citations,posicao,401.0,
2026,2026-2027,503331,UNESP - Universidade Estadual Paulista,Indicador,Chemical Engineering,Number of publications that are among the 10% most cited,posicao,382.0,
2026,2026-2027,503331,UNESP - Universidade Estadual Paulista,Indicador,Chemical Engineering,Percentage of total publications that are among the 10% most cited,posicao,379.0,
2026,2026-2027,503331,UNESP - Universidade Estadual Paulista,Indicador,Chemical Engineering,International collaboration - relative to country,posicao,34.0,
2026,2026-2027,503331,UNESP - Universidade Estadual Paulista,Indicador,Chemical Engineering,International collaboration,posicao,187.0,
2026,2026-2027,503331,UNESP - Universidade Estadual Paulista,Indicador,Chemical Engineering,Number of highly cited papers that are among the top 1% most cited,posicao,388.0,
2026,2026-2027,503331,UNESP - Universidade Estadual Paulista,Indicador,Chemical Engineering,Percentage of highly cited papers that are among the top 1% most cited,posicao,398.0,
2026,2026-2027,503331,UNESP - Universidade Estadual Paulista,Indicador,Chemistry,Global research reputation,posicao,569.0,substituto
2026,2026-2027,503331,UNESP - Universidade Estadual Paulista,Indicador,Chemistry,Regional research reputation,posicao,10.0,
2026,2026-2027,503331,UNESP - Universidade Estadual Paulista,Indicador,Chemistry,Publications,posicao,241.0,
2026,2026-2027,503331,UNESP - Universidade Estadual Paulista,Indicador,Chemistry,Normalized citation impact,posicao,1381.0,
2026,2026-2027,503331,UNESP - Universidade Estadual Paulista,Indicador,Chemistry,Total citations,posicao,436.0,
2026,2026-2027,503331,UNESP - Universidade Estadual Paulista,Indicador,Chemistry,Number of publications that are among the 10% most cited,posicao,626.0,
2026,2026-2027,503331,UNESP - Universidade Estadual Paulista,Indicador,Chemistry,Percentage of total publications that are among the 10% most cited,posicao,1372.0,
2026,2026-2027,503331,UNESP - Universidade Estadual Paulista,Indicador,Chemistry,International collaboration - relative to country,posicao,286.0,
2026,2026-2027,503331,UNESP - Universidade Estadual Paulista,Indicador,Chemistry,International collaboration,posicao,748.0,
2026,2026-2027,503331,UNESP - Universidade Estadual Paulista,Indicador,Chemistry,Number of highly cited papers that are among the top 1% most cited,posicao,636.0,
2026,2026-2027,503331,UNESP - Universidade Estadual Paulista,Indicador,Chemistry,Percentage of highly cited papers that are among the top 1% most cited,posicao,1217.0,
2026,2026-2027,503331,UNESP - Universidade Estadual Paulista,Indicador,Clinical Medicine,Global research reputation,posicao,126.0,
2026,2026-2027,503331,UNESP - Universidade Estadual Paulista,Indicador,Clinical Medicine,Regional research reputation,posicao,4.0,
2026,2026-2027,503331,UNESP - Universidade Estadual Paulista,Indicador,Clinical Medicine,Publications,posicao,330.0,
2026,2026-2027,503331,UNESP - Universidade Estadual Paulista,Indicador,Clinical Medicine,Normalized citation impact,posicao,1258.0,
2026,2026-2027,503331,UNESP - Universidade Estadual Paulista,Indicador,Clinical Medicine,Total citations,posicao,603.0,
2026,2026-2027,503331,UNESP - Universidade Estadual Paulista,Indicador,Clinical Medicine,Number of publications that are among the 10% most cited,posicao,625.0,
2026,2026-2027,503331,UNESP - Universidade Estadual Paulista,Indicador,Clinical Medicine,Percentage of total publications that are among the 10% most cited,posicao,1375.0,
2026,2026-2027,503331,UNESP - Universidade Estadual Paulista,Indicador,Clinical Medicine,International collaboration - relative to country,posicao,841.0,
2026,2026-2027,503331,UNESP - Universidade Estadual Paulista,Indicador,Clinical Medicine,International collaboration,posicao,745.0,
2026,2026-2027,503331,UNESP - Universidade Estadual Paulista,Indicador,Clinical Medicine,Number of highly cited papers that are among the top 1% most cited,posicao,916.0,
2026,2026-2027,503331,UNESP - Universidade Estadual Paulista,Indicador,Clinical Medicine,Percentage of highly cited papers that are among the top 1% most cited,posicao,1323.0,
2026,2026-2027,503331,UNESP - Universidade Estadual Paulista,Indicador,Computer Science,Global research reputation,posicao,360.0,
2026,2026-2027,503331,UNESP - Universidade Estadual Paulista,Indicador,Computer Science,Regional research reputation,posicao,12.0,
2026,2026-2027,503331,UNESP - Universidade Estadual Paulista,Indicador,Computer Science,Publications,posicao,547.0,
2026,2026-2027,503331,UNESP - Universidade Estadual Paulista,Indicador,Computer Science,Conferences,posicao,546.0,
2026,2026-2027,503331,UNESP - Universidade Estadual Paulista,Indicador,Computer Science,Normalized citation impact,posicao,1005.0,
2026,2026-2027,503331,UNESP - Universidade Estadual Paulista,Indicador,Computer Science,Total citations,posicao,824.0,
2026,2026-2027,503331,UNESP - Universidade Estadual Paulista,Indicador,Computer Science,Number of publications that are among the 10% most cited,posicao,919.0,
2026,2026-2027,503331,UNESP - Universidade Estadual Paulista,Indicador,Computer Science,Percentage of total publications that are among the 10% most cited,posicao,1042.0,
2026,2026-2027,503331,UNESP - Universidade Estadual Paulista,Indicador,Computer Science,International collaboration - relative to country,posicao,339.0,
2026,2026-2027,503331,UNESP - Universidade Estadual Paulista,Indicador,Computer Science,International collaboration,posicao,510.0,
2026,2026-2027,503331,UNESP - Universidade Estadual Paulista,Indicador,Computer Science,Number of highly cited papers that are among the top 1% most cited,posicao,859.0,
2026,2026-2027,503331,UNESP - Universidade Estadual Paulista,Indicador,Computer Science,Percentage of highly cited papers that are among the top 1% most cited,posicao,920.0,
2026,2026-2027,503331,UNESP - Universidade Estadual Paulista,Indicador,Ecology,Publications,posicao,56.0,
2026,2026-2027,503331,UNESP - Universidade Estadual Paulista,Indicador,Ecology,Conferences,posicao,21.0,substituto
2026,2026-2027,503331,UNESP - Universidade Estadual Paulista,Indicador,Ecology,Normalized citation impact,posicao,286.0,
2026,2026-2027,503331,UNESP - Universidade Estadual Paulista,Indicador,Ecology,Total citations,posicao,130.0,
2026,2026-2027,503331,UNESP - Universidade Estadual Paulista,Indicador,Ecology,Number of publications that are among the 10% most cited,posicao,152.0,
2026,2026-2027,503331,UNESP - Universidade Estadual Paulista,Indicador,Ecology,Percentage of total publications that are among the 10% most cited,posicao,282.0,
2026,2026-2027,503331,UNESP - Universidade Estadual Paulista,Indicador,Ecology,International collaboration - relative to country,posicao,114.0,
2026,2026-2027,503331,UNESP - Universidade Estadual Paulista,Indicador,Ecology,International collaboration,posicao,223.0,
2026,2026-2027,503331,UNESP - Universidade Estadual Paulista,Indicador,Ecology,Number of highly cited papers that are among the top 1% most cited,posicao,236.0,
2026,2026-2027,503331,UNESP - Universidade Estadual Paulista,Indicador,Ecology,Percentage of highly cited papers that are among the top 1% most cited,posicao,301.0,
2026,2026-2027,503331,UNESP - Universidade Estadual Paulista,Indicador,Electrical and Electronic Engineering,Publications,posicao,540.0,
2026,2026-2027,503331,UNESP - Universidade Estadual Paulista,Indicador,Electrical and Electronic Engineering,Conferences,posicao,414.0,
2026,2026-2027,503331,UNESP - Universidade Estadual Paulista,Indicador,Electrical and Electronic Engineering,Normalized citation impact,posicao,793.0,
2026,2026-2027,503331,UNESP - Universidade Estadual Paulista,Indicador,Electrical and Electronic Engineering,Total citations,posicao,755.0,
2026,2026-2027,503331,UNESP - Universidade Estadual Paulista,Indicador,Electrical and Electronic Engineering,Number of publications that are among the 10% most cited,posicao,765.0,
2026,2026-2027,503331,UNESP - Universidade Estadual Paulista,Indicador,Electrical and Electronic Engineering,Percentage of total publications that are among the 10% most cited,posicao,787.0,
2026,2026-2027,503331,UNESP - Universidade Estadual Paulista,Indicador,Electrical and Electronic Engineering,International collaboration - relative to country,posicao,202.0,
2026,2026-2027,503331,UNESP - Universidade Estadual Paulista,Indicador,Electrical and Electronic Engineering,International collaboration,posicao,386.0,
2026,2026-2027,503331,UNESP - Universidade Estadual Paulista,Indicador,Electrical and Electronic Engineering,Number of highly cited papers that are among the top 1% most cited,posicao,663.0,substituto
2026,2026-2027,503331,UNESP - Universidade Estadual Paulista,Indicador,Electrical and Electronic Engineering,Percentage of highly cited papers that are among the top 1% most cited,posicao,754.0,substituto
2026,2026-2027,503331,UNESP - Universidade Estadual Paulista,Indicador,Energy and Fuels,Publications,posicao,353.0,
2026,2026-2027,503331,UNESP - Universidade Estadual Paulista,Indicador,Energy and Fuels,Conferences,posicao,200.0,
2026,2026-2027,503331,UNESP - Universidade Estadual Paulista,Indicador,Energy and Fuels,Normalized citation impact,posicao,484.0,
2026,2026-2027,503331,UNESP - Universidade Estadual Paulista,Indicador,Energy and Fuels,Total citations,posicao,481.0,
2026,2026-2027,503331,UNESP - Universidade Estadual Paulista,Indicador,Energy and Fuels,Number of publications that are among the 10% most cited,posicao,481.0,
2026,2026-2027,503331,UNESP - Universidade Estadual Paulista,Indicador,Energy and Fuels,Percentage of total publications that are among the 10% most cited,posicao,482.0,
2026,2026-2027,503331,UNESP - Universidade Estadual Paulista,Indicador,Energy and Fuels,International collaboration - relative to country,posicao,189.0,
2026,2026-2027,503331,UNESP - Universidade Estadual Paulista,Indicador,Energy and Fuels,International collaboration,posicao,293.0,
2026,2026-2027,503331,UNESP - Universidade Estadual Paulista,Indicador,Energy and Fuels,Number of highly cited papers that are among the top 1% most cited,posicao,477.0,
2026,2026-2027,503331,UNESP - Universidade Estadual Paulista,Indicador,Energy and Fuels,Percentage of highly cited papers that are among the top 1% most cited,posicao,487.0,
2026,2026-2027,503331,UNESP - Universidade Estadual Paulista,Indicador,Engineering,Global research reputation,posicao,440.0,
2026,2026-2027,503331,UNESP - Universidade Estadual Paulista,Indicador,Engineering,Regional research reputation,posicao,13.0,
2026,2026-2027,503331,UNESP - Universidade Estadual Paulista,Indicador,Engineering,Publications,posicao,411.0,
2026,2026-2027,503331,UNESP - Universidade Estadual Paulista,Indicador,Engineering,Conferences,posicao,537.0,
2026,2026-2027,503331,UNESP - Universidade Estadual Paulista,Indicador,Engineering,Normalized citation impact,posicao,1345.0,
2026,2026-2027,503331,UNESP - Universidade Estadual Paulista,Indicador,Engineering,Total citations,posicao,569.0,
2026,2026-2027,503331,UNESP - Universidade Estadual Paulista,Indicador,Engineering,Number of publications that are among the 10% most cited,posicao,707.0,
2026,2026-2027,503331,UNESP - Universidade Estadual Paulista,Indicador,Engineering,Percentage of total publications that are among the 10% most cited,posicao,1333.0,
2026,2026-2027,503331,UNESP - Universidade Estadual Paulista,Indicador,Engineering,International collaboration - relative to country,posicao,378.0,
2026,2026-2027,503331,UNESP - Universidade Estadual Paulista,Indicador,Engineering,International collaboration,posicao,821.0,
2026,2026-2027,503331,UNESP - Universidade Estadual Paulista,Indicador,Engineering,Number of highly cited papers that are among the top 1% most cited,posicao,922.0,
2026,2026-2027,503331,UNESP - Universidade Estadual Paulista,Indicador,Engineering,Percentage of highly cited papers that are among the top 1% most cited,posicao,1346.0,
2026,2026-2027,503331,UNESP - Universidade Estadual Paulista,Indicador,Environment/Ecology,Global research reputation,posicao,63.0,
2026,2026-2027,503331,UNESP - Universidade Estadual Paulista,Indicador,Environment/Ecology,Regional research reputation,posicao,5.0,
2026,2026-2027,503331,UNESP - Universidade Estadual Paulista,Indicador,Environment/Ecology,Publications,posicao,70.0,
2026,2026-2027,503331,UNESP - Universidade Estadual Paulista,Indicador,Environment/Ecology,Normalized citation impact,posicao,1035.0,
2026,2026-2027,503331,UNESP - Universidade Estadual Paulista,Indicador,Environment/Ecology,Total citations,posicao,199.0,
2026,2026-2027,503331,UNESP - Universidade Estadual Paulista,Indicador,Environment/Ecology,Number of publications that are among the 10% most cited,posicao,357.0,
2026,2026-2027,503331,UNESP - Universidade Estadual Paulista,Indicador,Environment/Ecology,Percentage of total publications that are among the 10% most cited,posicao,1041.0,
2026,2026-2027,503331,UNESP - Universidade Estadual Paulista,Indicador,Environment/Ecology,International collaboration - relative to country,posicao,279.0,
2026,2026-2027,503331,UNESP - Universidade Estadual Paulista,Indicador,Environment/Ecology,International collaboration,posicao,671.0,
2026,2026-2027,503331,UNESP - Universidade Estadual Paulista,Indicador,Environment/Ecology,Number of highly cited papers that are among the top 1% most cited,posicao,480.0,
2026,2026-2027,503331,UNESP - Universidade Estadual Paulista,Indicador,Environment/Ecology,Percentage of highly cited papers that are among the top 1% most cited,posicao,993.0,
2026,2026-2027,503331,UNESP - Universidade Estadual Paulista,Indicador,Food Science and Technology,Publications,posicao,89.0,
2026,2026-2027,503331,UNESP - Universidade Estadual Paulista,Indicador,Food Science and Technology,Conferences,posicao,35.0,
2026,2026-2027,503331,UNESP - Universidade Estadual Paulista,Indicador,Food Science and Technology,Normalized citation impact,posicao,290.0,
2026,2026-2027,503331,UNESP - Universidade Estadual Paulista,Indicador,Food Science and Technology,Total citations,posicao,154.0,
2026,2026-2027,503331,UNESP - Universidade Estadual Paulista,Indicador,Food Science and Technology,Number of publications that are among the 10% most cited,posicao,227.0,
2026,2026-2027,503331,UNESP - Universidade Estadual Paulista,Indicador,Food Science and Technology,Percentage of total publications that are among the 10% most cited,posicao,285.0,
2026,2026-2027,503331,UNESP - Universidade Estadual Paulista,Indicador,Food Science and Technology,International collaboration - relative to country,posicao,71.0,
2026,2026-2027,503331,UNESP - Universidade Estadual Paulista,Indicador,Food Science and Technology,International collaboration,posicao,145.0,
2026,2026-2027,503331,UNESP - Universidade Estadual Paulista,Indicador,Food Science and Technology,Number of highly cited papers that are among the top 1% most cited,posicao,215.0,
2026,2026-2027,503331,UNESP - Universidade Estadual Paulista,Indicador,Food Science and Technology,Percentage of highly cited papers that are among the top 1% most cited,posicao,263.0,
2026,2026-2027,503331,UNESP - Universidade Estadual Paulista,Indicador,Geosciences,Global research reputation,posicao,158.0,
2026,2026-2027,503331,UNESP - Universidade Estadual Paulista,Indicador,Geosciences,Regional research reputation,posicao,9.0,
2026,2026-2027,503331,UNESP - Universidade Estadual Paulista,Indicador,Geosciences,Publications,posicao,323.0,
2026,2026-2027,503331,UNESP - Universidade Estadual Paulista,Indicador,Geosciences,Normalized citation impact,posicao,480.0,
2026,2026-2027,503331,UNESP - Universidade Estadual Paulista,Indicador,Geosciences,Total citations,posicao,402.0,
2026,2026-2027,503331,UNESP - Universidade Estadual Paulista,Indicador,Geosciences,Number of publications that are among the 10% most cited,posicao,437.0,
2026,2026-2027,503331,UNESP - Universidade Estadual Paulista,Indicador,Geosciences,Percentage of total publications that are among the 10% most cited,posicao,488.0,
2026,2026-2027,503331,UNESP - Universidade Estadual Paulista,Indicador,Geosciences,International collaboration - relative to country,posicao,324.0,
2026,2026-2027,503331,UNESP - Universidade Estadual Paulista,Indicador,Geosciences,International collaboration,posicao,413.0,
2026,2026-2027,503331,UNESP - Universidade Estadual Paulista,Indicador,Geosciences,Number of highly cited papers that are among the top 1% most cited,posicao,355.0,
2026,2026-2027,503331,UNESP - Universidade Estadual Paulista,Indicador,Geosciences,Percentage of highly cited papers that are among the top 1% most cited,posicao,366.0,
2026,2026-2027,503331,UNESP - Universidade Estadual Paulista,Indicador,Green and Sustainable Science and Technology,Publications,posicao,221.0,
2026,2026-2027,503331,UNESP - Universidade Estadual Paulista,Indicador,Green and Sustainable Science and Technology,Conferences,posicao,102.0,
2026,2026-2027,503331,UNESP - Universidade Estadual Paulista,Indicador,Green and Sustainable Science and Technology,Normalized citation impact,posicao,219.0,
2026,2026-2027,503331,UNESP - Universidade Estadual Paulista,Indicador,Green and Sustainable Science and Technology,Total citations,posicao,234.0,
2026,2026-2027,503331,UNESP - Universidade Estadual Paulista,Indicador,Green and Sustainable Science and Technology,Number of publications that are among the 10% most cited,posicao,246.0,
2026,2026-2027,503331,UNESP - Universidade Estadual Paulista,Indicador,Green and Sustainable Science and Technology,Percentage of total publications that are among the 10% most cited,posicao,241.0,
2026,2026-2027,503331,UNESP - Universidade Estadual Paulista,Indicador,Green and Sustainable Science and Technology,International collaboration - relative to country,posicao,112.0,
2026,2026-2027,503331,UNESP - Universidade Estadual Paulista,Indicador,Green and Sustainable Science and Technology,International collaboration,posicao,118.0,
2026,2026-2027,503331,UNESP - Universidade Estadual Paulista,Indicador,Green and Sustainable Science and Technology,Number of highly cited papers that are among the top 1% most cited,posicao,223.0,
2026,2026-2027,503331,UNESP - Universidade Estadual Paulista,Indicador,Green and Sustainable Science and Technology,Percentage of highly cited papers that are among the top 1% most cited,posicao,218.0,
2026,2026-2027,503331,UNESP - Universidade Estadual Paulista,Indicador,Materials Science,Global research reputation,posicao,391.0,
2026,2026-2027,503331,UNESP - Universidade Estadual Paulista,Indicador,Materials Science,Regional research reputation,posicao,5.0,
2026,2026-2027,503331,UNESP - Universidade Estadual Paulista,Indicador,Materials Science,Publications,posicao,225.0,
2026,2026-2027,503331,UNESP - Universidade Estadual Paulista,Indicador,Materials Science,Normalized citation impact,posicao,1126.0,
2026,2026-2027,503331,UNESP - Universidade Estadual Paulista,Indicador,Materials Science,Total citations,posicao,475.0,
2026,2026-2027,503331,UNESP - Universidade Estadual Paulista,Indicador,Materials Science,Number of publications that are among the 10% most cited,posicao,923.0,
2026,2026-2027,503331,UNESP - Universidade Estadual Paulista,Indicador,Materials Science,Percentage of total publications that are among the 10% most cited,posicao,1137.0,
2026,2026-2027,503331,UNESP - Universidade Estadual Paulista,Indicador,Materials Science,International collaboration - relative to country,posicao,335.0,
2026,2026-2027,503331,UNESP - Universidade Estadual Paulista,Indicador,Materials Science,International collaboration,posicao,610.0,
2026,2026-2027,503331,UNESP - Universidade Estadual Paulista,Indicador,Materials Science,Number of highly cited papers that are among the top 1% most cited,posicao,895.0,substituto
2026,2026-2027,503331,UNESP - Universidade Estadual Paulista,Indicador,Materials Science,Percentage of highly cited papers that are among the top 1% most cited,posicao,1025.0,substituto
2026,2026-2027,503331,UNESP - Universidade Estadual Paulista,Indicador,Microbiology,Global research reputation,posicao,107.0,
2026,2026-2027,503331,UNESP - Universidade Estadual Paulista,Indicador,Microbiology,Regional research reputation,posicao,6.0,
2026,2026-2027,503331,UNESP - Universidade Estadual Paulista,Indicador,Microbiology,Publications,posicao,54.0,
2026,2026-2027,503331,UNESP - Universidade Estadual Paulista,Indicador,Microbiology,Normalized citation impact,posicao,279.0,
2026,2026-2027,503331,UNESP - Universidade Estadual Paulista,Indicador,Microbiology,Total citations,posicao,156.0,
2026,2026-2027,503331,UNESP - Universidade Estadual Paulista,Indicador,Microbiology,Number of publications that are among the 10% most cited,posicao,221.0,
2026,2026-2027,503331,UNESP - Universidade Estadual Paulista,Indicador,Microbiology,Percentage of total publications that are among the 10% most cited,posicao,279.0,
2026,2026-2027,503331,UNESP - Universidade Estadual Paulista,Indicador,Microbiology,International collaboration - relative to country,posicao,83.0,
2026,2026-2027,503331,UNESP - Universidade Estadual Paulista,Indicador,Microbiology,International collaboration,posicao,189.0,
2026,2026-2027,503331,UNESP - Universidade Estadual Paulista,Indicador,Microbiology,Number of highly cited papers that are among the top 1% most cited,posicao,237.0,
2026,2026-2027,503331,UNESP - Universidade Estadual Paulista,Indicador,Microbiology,Percentage of highly cited papers that are among the top 1% most cited,posicao,275.0,
2026,2026-2027,503331,UNESP - Universidade Estadual Paulista,Indicador,Pharmacology and Toxicology,Global research reputation,posicao,162.0,
2026,2026-2027,503331,UNESP - Universidade Estadual Paulista,Indicador,Pharmacology and Toxicology,Regional research reputation,posicao,3.0,
2026,2026-2027,503331,UNESP - Universidade Estadual Paulista,Indicador,Pharmacology and Toxicology,Publications,posicao,138.0,
2026,2026-2027,503331,UNESP - Universidade Estadual Paulista,Indicador,Pharmacology and Toxicology,Normalized citation impact,posicao,507.0,
2026,2026-2027,503331,UNESP - Universidade Estadual Paulista,Indicador,Pharmacology and Toxicology,Total citations,posicao,237.0,
2026,2026-2027,503331,UNESP - Universidade Estadual Paulista,Indicador,Pharmacology and Toxicology,Number of publications that are among the 10% most cited,posicao,401.0,
2026,2026-2027,503331,UNESP - Universidade Estadual Paulista,Indicador,Pharmacology and Toxicology,Percentage of total publications that are among the 10% most cited,posicao,527.0,
2026,2026-2027,503331,UNESP - Universidade Estadual Paulista,Indicador,Pharmacology and Toxicology,International collaboration - relative to country,posicao,372.0,
2026,2026-2027,503331,UNESP - Universidade Estadual Paulista,Indicador,Pharmacology and Toxicology,International collaboration,posicao,328.0,
2026,2026-2027,503331,UNESP - Universidade Estadual Paulista,Indicador,Pharmacology and Toxicology,Number of highly cited papers that are among the top 1% most cited,posicao,494.0,
2026,2026-2027,503331,UNESP - Universidade Estadual Paulista,Indicador,Pharmacology and Toxicology,Percentage of highly cited papers that are among the top 1% most cited,posicao,532.0,
2026,2026-2027,503331,UNESP - Universidade Estadual Paulista,Indicador,Physical Chemistry,Publications,posicao,325.0,
2026,2026-2027,503331,UNESP - Universidade Estadual Paulista,Indicador,Physical Chemistry,Conferences,posicao,17.0,substituto
2026,2026-2027,503331,UNESP - Universidade Estadual Paulista,Indicador,Physical Chemistry,Normalized citation impact,posicao,774.0,
2026,2026-2027,503331,UNESP - Universidade Estadual Paulista,Indicador,Physical Chemistry,Total citations,posicao,590.0,
2026,2026-2027,503331,UNESP - Universidade Estadual Paulista,Indicador,Physical Chemistry,Number of publications that are among the 10% most cited,posicao,693.0,
2026,2026-2027,503331,UNESP - Universidade Estadual Paulista,Indicador,Physical Chemistry,Percentage of total publications that are among the 10% most cited,posicao,771.0,
2026,2026-2027,503331,UNESP - Universidade Estadual Paulista,Indicador,Physical Chemistry,International collaboration - relative to country,posicao,419.0,
2026,2026-2027,503331,UNESP - Universidade Estadual Paulista,Indicador,Physical Chemistry,International collaboration,posicao,439.0,
2026,2026-2027,503331,UNESP - Universidade Estadual Paulista,Indicador,Physical Chemistry,Number of highly cited papers that are among the top 1% most cited,posicao,692.0,
2026,2026-2027,503331,UNESP - Universidade Estadual Paulista,Indicador,Physical Chemistry,Percentage of highly cited papers that are among the top 1% most cited,posicao,756.0,
2026,2026-2027,503331,UNESP - Universidade Estadual Paulista,Indicador,Physics,Global research reputation,posicao,278.0,
2026,2026-2027,503331,UNESP - Universidade Estadual Paulista,Indicador,Physics,Regional research reputation,posicao,6.0,
2026,2026-2027,503331,UNESP - Universidade Estadual Paulista,Indicador,Physics,Publications,posicao,261.0,
2026,2026-2027,503331,UNESP - Universidade Estadual Paulista,Indicador,Physics,Normalized citation impact,posicao,767.0,
2026,2026-2027,503331,UNESP - Universidade Estadual Paulista,Indicador,Physics,Total citations,posicao,379.0,
2026,2026-2027,503331,UNESP - Universidade Estadual Paulista,Indicador,Physics,Number of publications that are among the 10% most cited,posicao,425.0,
2026,2026-2027,503331,UNESP - Universidade Estadual Paulista,Indicador,Physics,Percentage of total publications that are among the 10% most cited,posicao,791.0,
2026,2026-2027,503331,UNESP - Universidade Estadual Paulista,Indicador,Physics,International collaboration - relative to country,posicao,302.0,
2026,2026-2027,503331,UNESP - Universidade Estadual Paulista,Indicador,Physics,International collaboration,posicao,524.0,
2026,2026-2027,503331,UNESP - Universidade Estadual Paulista,Indicador,Physics,Number of highly cited papers that are among the top 1% most cited,posicao,505.0,
2026,2026-2027,503331,UNESP - Universidade Estadual Paulista,Indicador,Physics,Percentage of highly cited papers that are among the top 1% most cited,posicao,803.0,
2026,2026-2027,503331,UNESP - Universidade Estadual Paulista,Indicador,Plant and Animal Science,Global research reputation,posicao,49.0,
2026,2026-2027,503331,UNESP - Universidade Estadual Paulista,Indicador,Plant and Animal Science,Regional research reputation,posicao,2.0,
2026,2026-2027,503331,UNESP - Universidade Estadual Paulista,Indicador,Plant and Animal Science,Publications,posicao,5.0,
2026,2026-2027,503331,UNESP - Universidade Estadual Paulista,Indicador,Plant and Animal Science,Normalized citation impact,posicao,717.0,
2026,2026-2027,503331,UNESP - Universidade Estadual Paulista,Indicador,Plant and Animal Science,Total citations,posicao,28.0,
2026,2026-2027,503331,UNESP - Universidade Estadual Paulista,Indicador,Plant and Animal Science,Number of publications that are among the 10% most cited,posicao,87.0,
2026,2026-2027,503331,UNESP - Universidade Estadual Paulista,Indicador,Plant and Animal Science,Percentage of total publications that are among the 10% most cited,posicao,708.0,
2026,2026-2027,503331,UNESP - Universidade Estadual Paulista,Indicador,Plant and Animal Science,International collaboration - relative to country,posicao,215.0,
2026,2026-2027,503331,UNESP - Universidade Estadual Paulista,Indicador,Plant and Animal Science,International collaboration,posicao,542.0,
2026,2026-2027,503331,UNESP - Universidade Estadual Paulista,Indicador,Plant and Animal Science,Number of highly cited papers that are among the top 1% most cited,posicao,215.0,
2026,2026-2027,503331,UNESP - Universidade Estadual Paulista,Indicador,Plant and Animal Science,Percentage of highly cited papers that are among the top 1% most cited,posicao,711.0,
2026,2026-2027,503331,UNESP - Universidade Estadual Paulista,Indicador,Polymer Science,Publications,posicao,130.0,
2026,2026-2027,503331,UNESP - Universidade Estadual Paulista,Indicador,Polymer Science,Conferences,posicao,54.0,
2026,2026-2027,503331,UNESP - Universidade Estadual Paulista,Indicador,Polymer Science,Normalized citation impact,posicao,229.0,
2026,2026-2027,503331,UNESP - Universidade Estadual Paulista,Indicador,Polymer Science,Total citations,posicao,190.0,
2026,2026-2027,503331,UNESP - Universidade Estadual Paulista,Indicador,Polymer Science,Number of publications that are among the 10% most cited,posicao,194.0,
2026,2026-2027,503331,UNESP - Universidade Estadual Paulista,Indicador,Polymer Science,Percentage of total publications that are among the 10% most cited,posicao,210.0,
2026,2026-2027,503331,UNESP - Universidade Estadual Paulista,Indicador,Polymer Science,International collaboration - relative to country,posicao,34.0,
2026,2026-2027,503331,UNESP - Universidade Estadual Paulista,Indicador,Polymer Science,International collaboration,posicao,115.0,
2026,2026-2027,503331,UNESP - Universidade Estadual Paulista,Indicador,Polymer Science,Number of highly cited papers that are among the top 1% most cited,posicao,163.0,substituto
2026,2026-2027,503331,UNESP - Universidade Estadual Paulista,Indicador,Polymer Science,Percentage of highly cited papers that are among the top 1% most cited,posicao,227.0,substituto
2026,2026-2027,503331,UNESP - Universidade Estadual Paulista,Indicador,"Public, Environmental and Occupational Health",Publications,posicao,306.0,
2026,2026-2027,503331,UNESP - Universidade Estadual Paulista,Indicador,"Public, Environmental and Occupational Health",Conferences,posicao,186.0,
2026,2026-2027,503331,UNESP - Universidade Estadual Paulista,Indicador,"Public, Environmental and Occupational Health",Normalized citation impact,posicao,530.0,
2026,2026-2027,503331,UNESP - Universidade Estadual Paulista,Indicador,"Public, Environmental and Occupational Health",Total citations,posicao,497.0,
2026,2026-2027,503331,UNESP - Universidade Estadual Paulista,Indicador,"Public, Environmental and Occupational Health",Number of publications that are among the 10% most cited,posicao,490.0,
2026,2026-2027,503331,UNESP - Universidade Estadual Paulista,Indicador,"Public, Environmental and Occupational Health",Percentage of total publications that are among the 10% most cited,posicao,512.0,
2026,2026-2027,503331,UNESP - Universidade Estadual Paulista,Indicador,"Public, Environmental and Occupational Health",International collaboration - relative to country,posicao,35.0,
2026,2026-2027,503331,UNESP - Universidade Estadual Paulista,Indicador,"Public, Environmental and Occupational Health",International collaboration,posicao,257.0,
2026,2026-2027,503331,UNESP - Universidade Estadual Paulista,Indicador,"Public, Environmental and Occupational Health",Number of highly cited papers that are among the top 1% most cited,posicao,503.0,
2026,2026-2027,503331,UNESP - Universidade Estadual Paulista,Indicador,"Public, Environmental and Occupational Health",Percentage of highly cited papers that are among the top 1% most cited,posicao,526.0,
2026,2026-2027,503331,UNESP - Universidade Estadual Paulista,Indicador,Social Sciences and Public Health,Global research reputation,posicao,712.0,
2026,2026-2027,503331,UNESP - Universidade Estadual Paulista,Indicador,Social Sciences and Public Health,Regional research reputation,posicao,23.0,
2026,2026-2027,503331,UNESP - Universidade Estadual Paulista,Indicador,Social Sciences and Public Health,Publications,posicao,566.0,
2026,2026-2027,503331,UNESP - Universidade Estadual Paulista,Indicador,Social Sciences and Public Health,Normalized citation impact,posicao,915.0,
2026,2026-2027,503331,UNESP - Universidade Estadual Paulista,Indicador,Social Sciences and Public Health,Total citations,posicao,777.0,
2026,2026-2027,503331,UNESP - Universidade Estadual Paulista,Indicador,Social Sciences and Public Health,Number of publications that are among the 10% most cited,posicao,752.0,
2026,2026-2027,503331,UNESP - Universidade Estadual Paulista,Indicador,Social Sciences and Public Health,Percentage of total publications that are among the 10% most cited,posicao,823.0,
2026,2026-2027,503331,UNESP - Universidade Estadual Paulista,Indicador,Social Sciences and Public Health,International collaboration - relative to country,posicao,43.0,
2026,2026-2027,503331,UNESP - Universidade Estadual Paulista,Indicador,Social Sciences and Public Health,International collaboration,posicao,273.0,
2026,2026-2027,503331,UNESP - Universidade Estadual Paulista,Indicador,Social Sciences and Public Health,Number of highly cited papers that are among the top 1% most cited,posicao,872.0,
2026,2026-2027,503331,UNESP - Universidade Estadual Paulista,Indicador,Social Sciences and Public Health,Percentage of highly cited papers that are among the top 1% most cited,posicao,922.0,
2026,2026-2027,501953,Federal University of São Paulo,Listagem,Geral,Best Universities in Brazil,posicao,7.0,
2026,2026-2027,501953,Federal University of São Paulo,Listagem,Geral,Best Global Universities,posicao,583.0,empate
2026,2026-2027,501953,Federal University of São Paulo,Listagem,Geral,Global Score,score,46.6,
2026,2026-2027,501953,Federal University of São Paulo,Listagem,Geral,Enrollment,valor,,sem dado
2026,2026-2027,501953,Federal University of São Paulo,Perfil institucional,Geral,Total number of students,valor,,sem dado
2026,2026-2027,501953,Federal University of São Paulo,Perfil institucional,Geral,Number of international students,valor,,sem dado
2026,2026-2027,501953,Federal University of São Paulo,Perfil institucional,Geral,Total number of academic staff,valor,,sem dado
2026,2026-2027,501953,Federal University of São Paulo,Perfil institucional,Geral,Number of international staff,valor,,sem dado
2026,2026-2027,501953,Federal University of São Paulo,Perfil institucional,Geral,Number of undergraduate degrees awarded,valor,,sem dado
2026,2026-2027,501953,Federal University of São Paulo,Perfil institucional,Geral,Number of master's degrees awarded,valor,,sem dado
2026,2026-2027,501953,Federal University of São Paulo,Perfil institucional,Geral,Number of doctoral degrees awarded,valor,,sem dado
2026,2026-2027,501953,Federal University of São Paulo,Perfil institucional,Geral,Number of research only staff,valor,,sem dado
2026,2026-2027,501953,Federal University of São Paulo,Perfil institucional,Geral,Number of new undergraduate students,valor,,sem dado
2026,2026-2027,501953,Federal University of São Paulo,Perfil institucional,Geral,Number of new master's students,valor,,sem dado
2026,2026-2027,501953,Federal University of São Paulo,Perfil institucional,Geral,Number of new doctoral students,valor,,sem dado
2026,2026-2027,501953,Federal University of São Paulo,Ranking geral,Geral,Global score,score,46.6,
2026,2026-2027,501953,Federal University of São Paulo,Ranking geral,Geral,Best Global Universities,posicao,583.0,empate
2026,2026-2027,501953,Federal University of São Paulo,Ranking geral,Geral,Best Global Universities in Latin America,posicao,12.0,
2026,2026-2027,501953,Federal University of São Paulo,Ranking geral,Geral,Best Global Universities in Brazil,posicao,7.0,
2026,2026-2027,501953,Federal University of São Paulo,Ranking por area,Agricultural Sciences,Posicao na area,posicao,396.0,empate
2026,2026-2027,501953,Federal University of São Paulo,Ranking por area,Agricultural Sciences,Score na area,score,28.6,
2026,2026-2027,501953,Federal University of São Paulo,Ranking por area,Biology and Biochemistry,Posicao na area,posicao,440.0,empate
2026,2026-2027,501953,Federal University of São Paulo,Ranking por area,Biology and Biochemistry,Score na area,score,29.8,
2026,2026-2027,501953,Federal University of São Paulo,Ranking por area,Chemistry,Posicao na area,posicao,1037.0,empate
2026,2026-2027,501953,Federal University of São Paulo,Ranking por area,Chemistry,Score na area,score,33.3,
2026,2026-2027,501953,Federal University of São Paulo,Ranking por area,Clinical Medicine,Posicao na area,posicao,226.0,empate
2026,2026-2027,501953,Federal University of São Paulo,Ranking por area,Clinical Medicine,Score na area,score,53.9,
2026,2026-2027,501953,Federal University of São Paulo,Ranking por area,Endocrinology and Metabolism,Posicao na area,posicao,246.0,
2026,2026-2027,501953,Federal University of São Paulo,Ranking por area,Endocrinology and Metabolism,Score na area,score,21.5,
2026,2026-2027,501953,Federal University of São Paulo,Ranking por area,Environment/Ecology,Posicao na area,posicao,902.0,empate
2026,2026-2027,501953,Federal University of São Paulo,Ranking por area,Environment/Ecology,Score na area,score,25.3,
2026,2026-2027,501953,Federal University of São Paulo,Ranking por area,Immunology,Posicao na area,posicao,234.0,empate
2026,2026-2027,501953,Federal University of São Paulo,Ranking por area,Immunology,Score na area,score,23.6,
2026,2026-2027,501953,Federal University of São Paulo,Ranking por area,Infectious Diseases,Posicao na area,posicao,45.0,
2026,2026-2027,501953,Federal University of São Paulo,Ranking por area,Infectious Diseases,Score na area,score,66.7,
2026,2026-2027,501953,Federal University of São Paulo,Ranking por area,Neuroscience and Behavior,Posicao na area,posicao,398.0,empate
2026,2026-2027,501953,Federal University of São Paulo,Ranking por area,Neuroscience and Behavior,Score na area,score,23.2,
2026,2026-2027,501953,Federal University of São Paulo,Ranking por area,Pharmacology and Toxicology,Posicao na area,posicao,402.0,empate
2026,2026-2027,501953,Federal University of São Paulo,Ranking por area,Pharmacology and Toxicology,Score na area,score,31.8,
2026,2026-2027,501953,Federal University of São Paulo,Ranking por area,Plant and Animal Science,Posicao na area,posicao,519.0,empate
2026,2026-2027,501953,Federal University of São Paulo,Ranking por area,Plant and Animal Science,Score na area,score,33.2,
2026,2026-2027,501953,Federal University of São Paulo,Ranking por area,Psychiatry/Psychology,Posicao na area,posicao,353.0,
2026,2026-2027,501953,Federal University of São Paulo,Ranking por area,Psychiatry/Psychology,Score na area,score,33.1,
2026,2026-2027,501953,Federal University of São Paulo,Ranking por area,"Public, Environmental and Occupational Health",Posicao na area,posicao,360.0,empate
2026,2026-2027,501953,Federal University of São Paulo,Ranking por area,"Public, Environmental and Occupational Health",Score na area,score,44.4,
2026,2026-2027,501953,Federal University of São Paulo,Ranking por area,Social Sciences and Public Health,Posicao na area,posicao,581.0,empate
2026,2026-2027,501953,Federal University of São Paulo,Ranking por area,Social Sciences and Public Health,Score na area,score,32.2,
2026,2026-2027,501953,Federal University of São Paulo,Indicador,Geral,Global research reputation,posicao,363.0,
2026,2026-2027,501953,Federal University of São Paulo,Indicador,Geral,Regional research reputation,posicao,13.0,
2026,2026-2027,501953,Federal University of São Paulo,Indicador,Geral,Publications,posicao,439.0,
2026,2026-2027,501953,Federal University of São Paulo,Indicador,Geral,Books,posicao,1152.0,
2026,2026-2027,501953,Federal University of São Paulo,Indicador,Geral,Conferences,posicao,1171.0,
2026,2026-2027,501953,Federal University of São Paulo,Indicador,Geral,Normalized citation impact,posicao,1519.0,
2026,2026-2027,501953,Federal University of São Paulo,Indicador,Geral,Total citations,posicao,532.0,
2026,2026-2027,501953,Federal University of São Paulo,Indicador,Geral,Number of publications that are among the 10% most cited,posicao,746.0,
2026,2026-2027,501953,Federal University of São Paulo,Indicador,Geral,Percentage of total publications that are among the 10% most cited,posicao,2147.0,
2026,2026-2027,501953,Federal University of São Paulo,Indicador,Geral,International collaboration - relative to country,posicao,603.0,
2026,2026-2027,501953,Federal University of São Paulo,Indicador,Geral,International collaboration,posicao,1181.0,
2026,2026-2027,501953,Federal University of São Paulo,Indicador,Geral,Number of highly cited papers that are among the top 1% most cited,posicao,687.0,
2026,2026-2027,501953,Federal University of São Paulo,Indicador,Geral,Percentage of highly cited papers that are among the top 1% most cited,posicao,1739.0,
2026,2026-2027,501953,Federal University of São Paulo,Indicador,Agricultural Sciences,Global research reputation,posicao,105.0,
2026,2026-2027,501953,Federal University of São Paulo,Indicador,Agricultural Sciences,Regional research reputation,posicao,15.0,
2026,2026-2027,501953,Federal University of São Paulo,Indicador,Agricultural Sciences,Publications,posicao,434.0,
2026,2026-2027,501953,Federal University of São Paulo,Indicador,Agricultural Sciences,Normalized citation impact,posicao,434.0,
2026,2026-2027,501953,Federal University of São Paulo,Indicador,Agricultural Sciences,Total citations,posicao,474.0,
2026,2026-2027,501953,Federal University of São Paulo,Indicador,Agricultural Sciences,Number of publications that are among the 10% most cited,posicao,480.0,
2026,2026-2027,501953,Federal University of São Paulo,Indicador,Agricultural Sciences,Percentage of total publications that are among the 10% most cited,posicao,449.0,
2026,2026-2027,501953,Federal University of São Paulo,Indicador,Agricultural Sciences,International collaboration - relative to country,posicao,71.0,
2026,2026-2027,501953,Federal University of São Paulo,Indicador,Agricultural Sciences,International collaboration,posicao,353.0,
2026,2026-2027,501953,Federal University of São Paulo,Indicador,Agricultural Sciences,Number of highly cited papers that are among the top 1% most cited,posicao,461.0,
2026,2026-2027,501953,Federal University of São Paulo,Indicador,Agricultural Sciences,Percentage of highly cited papers that are among the top 1% most cited,posicao,477.0,
2026,2026-2027,501953,Federal University of São Paulo,Indicador,Biology and Biochemistry,Global research reputation,posicao,285.0,
2026,2026-2027,501953,Federal University of São Paulo,Indicador,Biology and Biochemistry,Regional research reputation,posicao,8.0,
2026,2026-2027,501953,Federal University of São Paulo,Indicador,Biology and Biochemistry,Publications,posicao,321.0,
2026,2026-2027,501953,Federal University of São Paulo,Indicador,Biology and Biochemistry,Normalized citation impact,posicao,434.0,
2026,2026-2027,501953,Federal University of São Paulo,Indicador,Biology and Biochemistry,Total citations,posicao,345.0,
2026,2026-2027,501953,Federal University of São Paulo,Indicador,Biology and Biochemistry,Number of publications that are among the 10% most cited,posicao,789.0,
2026,2026-2027,501953,Federal University of São Paulo,Indicador,Biology and Biochemistry,Percentage of total publications that are among the 10% most cited,posicao,824.0,
2026,2026-2027,501953,Federal University of São Paulo,Indicador,Biology and Biochemistry,International collaboration - relative to country,posicao,256.0,
2026,2026-2027,501953,Federal University of São Paulo,Indicador,Biology and Biochemistry,International collaboration,posicao,453.0,
2026,2026-2027,501953,Federal University of São Paulo,Indicador,Biology and Biochemistry,Number of highly cited papers that are among the top 1% most cited,posicao,571.0,
2026,2026-2027,501953,Federal University of São Paulo,Indicador,Biology and Biochemistry,Percentage of highly cited papers that are among the top 1% most cited,posicao,683.0,
2026,2026-2027,501953,Federal University of São Paulo,Indicador,Chemistry,Global research reputation,posicao,422.0,
2026,2026-2027,501953,Federal University of São Paulo,Indicador,Chemistry,Regional research reputation,posicao,16.0,
2026,2026-2027,501953,Federal University of São Paulo,Indicador,Chemistry,Publications,posicao,798.0,
2026,2026-2027,501953,Federal University of São Paulo,Indicador,Chemistry,Normalized citation impact,posicao,1505.0,
2026,2026-2027,501953,Federal University of São Paulo,Indicador,Chemistry,Total citations,posicao,1099.0,
2026,2026-2027,501953,Federal University of São Paulo,Indicador,Chemistry,Number of publications that are among the 10% most cited,posicao,1438.0,
2026,2026-2027,501953,Federal University of São Paulo,Indicador,Chemistry,Percentage of total publications that are among the 10% most cited,posicao,1550.0,
2026,2026-2027,501953,Federal University of São Paulo,Indicador,Chemistry,International collaboration - relative to country,posicao,909.0,
2026,2026-2027,501953,Federal University of São Paulo,Indicador,Chemistry,International collaboration,posicao,927.0,
2026,2026-2027,501953,Federal University of São Paulo,Indicador,Chemistry,Number of highly cited papers that are among the top 1% most cited,posicao,1213.0,
2026,2026-2027,501953,Federal University of São Paulo,Indicador,Chemistry,Percentage of highly cited papers that are among the top 1% most cited,posicao,1367.0,
2026,2026-2027,501953,Federal University of São Paulo,Indicador,Clinical Medicine,Global research reputation,posicao,160.0,
2026,2026-2027,501953,Federal University of São Paulo,Indicador,Clinical Medicine,Regional research reputation,posicao,8.0,
2026,2026-2027,501953,Federal University of São Paulo,Indicador,Clinical Medicine,Publications,posicao,213.0,
2026,2026-2027,501953,Federal University of São Paulo,Indicador,Clinical Medicine,Normalized citation impact,posicao,805.0,
2026,2026-2027,501953,Federal University of São Paulo,Indicador,Clinical Medicine,Total citations,posicao,272.0,
2026,2026-2027,501953,Federal University of São Paulo,Indicador,Clinical Medicine,Number of publications that are among the 10% most cited,posicao,348.0,
2026,2026-2027,501953,Federal University of São Paulo,Indicador,Clinical Medicine,Percentage of total publications that are among the 10% most cited,posicao,1147.0,
2026,2026-2027,501953,Federal University of São Paulo,Indicador,Clinical Medicine,International collaboration - relative to country,posicao,509.0,
2026,2026-2027,501953,Federal University of São Paulo,Indicador,Clinical Medicine,International collaboration,posicao,648.0,
2026,2026-2027,501953,Federal University of São Paulo,Indicador,Clinical Medicine,Number of highly cited papers that are among the top 1% most cited,posicao,318.0,
2026,2026-2027,501953,Federal University of São Paulo,Indicador,Clinical Medicine,Percentage of highly cited papers that are among the top 1% most cited,posicao,907.0,
2026,2026-2027,501953,Federal University of São Paulo,Indicador,Endocrinology and Metabolism,Publications,posicao,150.0,
2026,2026-2027,501953,Federal University of São Paulo,Indicador,Endocrinology and Metabolism,Conferences,posicao,2.0,substituto
2026,2026-2027,501953,Federal University of São Paulo,Indicador,Endocrinology and Metabolism,Normalized citation impact,posicao,255.0,
2026,2026-2027,501953,Federal University of São Paulo,Indicador,Endocrinology and Metabolism,Total citations,posicao,243.0,
2026,2026-2027,501953,Federal University of São Paulo,Indicador,Endocrinology and Metabolism,Number of publications that are among the 10% most cited,posicao,254.0,
2026,2026-2027,501953,Federal University of São Paulo,Indicador,Endocrinology and Metabolism,Percentage of total publications that are among the 10% most cited,posicao,256.0,
2026,2026-2027,501953,Federal University of São Paulo,Indicador,Endocrinology and Metabolism,International collaboration - relative to country,posicao,197.0,
2026,2026-2027,501953,Federal University of São Paulo,Indicador,Endocrinology and Metabolism,International collaboration,posicao,182.0,
2026,2026-2027,501953,Federal University of São Paulo,Indicador,Endocrinology and Metabolism,Number of highly cited papers that are among the top 1% most cited,posicao,229.0,
2026,2026-2027,501953,Federal University of São Paulo,Indicador,Endocrinology and Metabolism,Percentage of highly cited papers that are among the top 1% most cited,posicao,246.0,
2026,2026-2027,501953,Federal University of São Paulo,Indicador,Environment/Ecology,Global research reputation,posicao,281.0,substituto
2026,2026-2027,501953,Federal University of São Paulo,Indicador,Environment/Ecology,Regional research reputation,posicao,25.0,
2026,2026-2027,501953,Federal University of São Paulo,Indicador,Environment/Ecology,Publications,posicao,561.0,
2026,2026-2027,501953,Federal University of São Paulo,Indicador,Environment/Ecology,Normalized citation impact,posicao,1004.0,
2026,2026-2027,501953,Federal University of São Paulo,Indicador,Environment/Ecology,Total citations,posicao,789.0,
2026,2026-2027,501953,Federal University of São Paulo,Indicador,Environment/Ecology,Number of publications that are among the 10% most cited,posicao,831.0,
2026,2026-2027,501953,Federal University of São Paulo,Indicador,Environment/Ecology,Percentage of total publications that are among the 10% most cited,posicao,957.0,
2026,2026-2027,501953,Federal University of São Paulo,Indicador,Environment/Ecology,International collaboration - relative to country,posicao,273.0,
2026,2026-2027,501953,Federal University of São Paulo,Indicador,Environment/Ecology,International collaboration,posicao,670.0,
2026,2026-2027,501953,Federal University of São Paulo,Indicador,Environment/Ecology,Number of highly cited papers that are among the top 1% most cited,posicao,1027.0,
2026,2026-2027,501953,Federal University of São Paulo,Indicador,Environment/Ecology,Percentage of highly cited papers that are among the top 1% most cited,posicao,1067.0,
2026,2026-2027,501953,Federal University of São Paulo,Indicador,Immunology,Global research reputation,posicao,144.0,
2026,2026-2027,501953,Federal University of São Paulo,Indicador,Immunology,Regional research reputation,posicao,5.0,
2026,2026-2027,501953,Federal University of São Paulo,Indicador,Immunology,Publications,posicao,180.0,
2026,2026-2027,501953,Federal University of São Paulo,Indicador,Immunology,Normalized citation impact,posicao,306.0,
2026,2026-2027,501953,Federal University of São Paulo,Indicador,Immunology,Total citations,posicao,237.0,
2026,2026-2027,501953,Federal University of São Paulo,Indicador,Immunology,Number of publications that are among the 10% most cited,posicao,284.0,
2026,2026-2027,501953,Federal University of São Paulo,Indicador,Immunology,Percentage of total publications that are among the 10% most cited,posicao,333.0,
2026,2026-2027,501953,Federal University of São Paulo,Indicador,Immunology,International collaboration - relative to country,posicao,115.0,
2026,2026-2027,501953,Federal University of São Paulo,Indicador,Immunology,International collaboration,posicao,170.0,
2026,2026-2027,501953,Federal University of São Paulo,Indicador,Immunology,Number of highly cited papers that are among the top 1% most cited,posicao,180.0,
2026,2026-2027,501953,Federal University of São Paulo,Indicador,Immunology,Percentage of highly cited papers that are among the top 1% most cited,posicao,190.0,
2026,2026-2027,501953,Federal University of São Paulo,Indicador,Infectious Diseases,Publications,posicao,160.0,
2026,2026-2027,501953,Federal University of São Paulo,Indicador,Infectious Diseases,Conferences,posicao,1.0,substituto
2026,2026-2027,501953,Federal University of São Paulo,Indicador,Infectious Diseases,Normalized citation impact,posicao,5.0,
2026,2026-2027,501953,Federal University of São Paulo,Indicador,Infectious Diseases,Total citations,posicao,51.0,
2026,2026-2027,501953,Federal University of São Paulo,Indicador,Infectious Diseases,Number of publications that are among the 10% most cited,posicao,171.0,
2026,2026-2027,501953,Federal University of São Paulo,Indicador,Infectious Diseases,Percentage of total publications that are among the 10% most cited,posicao,147.0,
2026,2026-2027,501953,Federal University of São Paulo,Indicador,Infectious Diseases,International collaboration - relative to country,posicao,53.0,
2026,2026-2027,501953,Federal University of São Paulo,Indicador,Infectious Diseases,International collaboration,posicao,149.0,
2026,2026-2027,501953,Federal University of São Paulo,Indicador,Infectious Diseases,Number of highly cited papers that are among the top 1% most cited,posicao,78.0,
2026,2026-2027,501953,Federal University of São Paulo,Indicador,Infectious Diseases,Percentage of highly cited papers that are among the top 1% most cited,posicao,19.0,
2026,2026-2027,501953,Federal University of São Paulo,Indicador,Neuroscience and Behavior,Global research reputation,posicao,182.0,substituto
2026,2026-2027,501953,Federal University of São Paulo,Indicador,Neuroscience and Behavior,Regional research reputation,posicao,4.0,
2026,2026-2027,501953,Federal University of São Paulo,Indicador,Neuroscience and Behavior,Publications,posicao,183.0,
2026,2026-2027,501953,Federal University of São Paulo,Indicador,Neuroscience and Behavior,Normalized citation impact,posicao,498.0,
2026,2026-2027,501953,Federal University of São Paulo,Indicador,Neuroscience and Behavior,Total citations,posicao,332.0,
2026,2026-2027,501953,Federal University of São Paulo,Indicador,Neuroscience and Behavior,Number of publications that are among the 10% most cited,posicao,341.0,
2026,2026-2027,501953,Federal University of São Paulo,Indicador,Neuroscience and Behavior,Percentage of total publications that are among the 10% most cited,posicao,519.0,
2026,2026-2027,501953,Federal University of São Paulo,Indicador,Neuroscience and Behavior,International collaboration - relative to country,posicao,268.0,
2026,2026-2027,501953,Federal University of São Paulo,Indicador,Neuroscience and Behavior,International collaboration,posicao,267.0,
2026,2026-2027,501953,Federal University of São Paulo,Indicador,Neuroscience and Behavior,Number of highly cited papers that are among the top 1% most cited,posicao,394.0,
2026,2026-2027,501953,Federal University of São Paulo,Indicador,Neuroscience and Behavior,Percentage of highly cited papers that are among the top 1% most cited,posicao,500.0,
2026,2026-2027,501953,Federal University of São Paulo,Indicador,Pharmacology and Toxicology,Global research reputation,posicao,174.0,
2026,2026-2027,501953,Federal University of São Paulo,Indicador,Pharmacology and Toxicology,Regional research reputation,posicao,3.0,
2026,2026-2027,501953,Federal University of São Paulo,Indicador,Pharmacology and Toxicology,Publications,posicao,240.0,
2026,2026-2027,501953,Federal University of São Paulo,Indicador,Pharmacology and Toxicology,Normalized citation impact,posicao,530.0,
2026,2026-2027,501953,Federal University of São Paulo,Indicador,Pharmacology and Toxicology,Total citations,posicao,421.0,
2026,2026-2027,501953,Federal University of São Paulo,Indicador,Pharmacology and Toxicology,Number of publications that are among the 10% most cited,posicao,504.0,
2026,2026-2027,501953,Federal University of São Paulo,Indicador,Pharmacology and Toxicology,Percentage of total publications that are among the 10% most cited,posicao,534.0,
2026,2026-2027,501953,Federal University of São Paulo,Indicador,Pharmacology and Toxicology,International collaboration - relative to country,posicao,203.0,
2026,2026-2027,501953,Federal University of São Paulo,Indicador,Pharmacology and Toxicology,International collaboration,posicao,282.0,
2026,2026-2027,501953,Federal University of São Paulo,Indicador,Pharmacology and Toxicology,Number of highly cited papers that are among the top 1% most cited,posicao,456.0,
2026,2026-2027,501953,Federal University of São Paulo,Indicador,Pharmacology and Toxicology,Percentage of highly cited papers that are among the top 1% most cited,posicao,485.0,
2026,2026-2027,501953,Federal University of São Paulo,Indicador,Plant and Animal Science,Global research reputation,posicao,309.0,substituto
2026,2026-2027,501953,Federal University of São Paulo,Indicador,Plant and Animal Science,Regional research reputation,posicao,43.0,substituto
2026,2026-2027,501953,Federal University of São Paulo,Indicador,Plant and Animal Science,Publications,posicao,485.0,
2026,2026-2027,501953,Federal University of São Paulo,Indicador,Plant and Animal Science,Normalized citation impact,posicao,473.0,
2026,2026-2027,501953,Federal University of São Paulo,Indicador,Plant and Animal Science,Total citations,posicao,512.0,
2026,2026-2027,501953,Federal University of São Paulo,Indicador,Plant and Animal Science,Number of publications that are among the 10% most cited,posicao,526.0,
2026,2026-2027,501953,Federal University of São Paulo,Indicador,Plant and Animal Science,Percentage of total publications that are among the 10% most cited,posicao,504.0,
2026,2026-2027,501953,Federal University of São Paulo,Indicador,Plant and Animal Science,International collaboration - relative to country,posicao,48.0,
2026,2026-2027,501953,Federal University of São Paulo,Indicador,Plant and Animal Science,International collaboration,posicao,433.0,
2026,2026-2027,501953,Federal University of São Paulo,Indicador,Plant and Animal Science,Number of highly cited papers that are among the top 1% most cited,posicao,442.0,
2026,2026-2027,501953,Federal University of São Paulo,Indicador,Plant and Animal Science,Percentage of highly cited papers that are among the top 1% most cited,posicao,369.0,
2026,2026-2027,501953,Federal University of São Paulo,Indicador,Psychiatry/Psychology,Global research reputation,posicao,263.0,
2026,2026-2027,501953,Federal University of São Paulo,Indicador,Psychiatry/Psychology,Regional research reputation,posicao,5.0,
2026,2026-2027,501953,Federal University of São Paulo,Indicador,Psychiatry/Psychology,Publications,posicao,367.0,
2026,2026-2027,501953,Federal University of São Paulo,Indicador,Psychiatry/Psychology,Normalized citation impact,posicao,517.0,
2026,2026-2027,501953,Federal University of São Paulo,Indicador,Psychiatry/Psychology,Total citations,posicao,430.0,
2026,2026-2027,501953,Federal University of São Paulo,Indicador,Psychiatry/Psychology,Number of publications that are among the 10% most cited,posicao,448.0,
2026,2026-2027,501953,Federal University of São Paulo,Indicador,Psychiatry/Psychology,Percentage of total publications that are among the 10% most cited,posicao,506.0,
2026,2026-2027,501953,Federal University of São Paulo,Indicador,Psychiatry/Psychology,International collaboration - relative to country,posicao,76.0,
2026,2026-2027,501953,Federal University of São Paulo,Indicador,Psychiatry/Psychology,International collaboration,posicao,42.0,
2026,2026-2027,501953,Federal University of São Paulo,Indicador,Psychiatry/Psychology,Number of highly cited papers that are among the top 1% most cited,posicao,458.0,
2026,2026-2027,501953,Federal University of São Paulo,Indicador,Psychiatry/Psychology,Percentage of highly cited papers that are among the top 1% most cited,posicao,515.0,
2026,2026-2027,501953,Federal University of São Paulo,Indicador,"Public, Environmental and Occupational Health",Publications,posicao,229.0,
2026,2026-2027,501953,Federal University of São Paulo,Indicador,"Public, Environmental and Occupational Health",Conferences,posicao,186.0,
2026,2026-2027,501953,Federal University of São Paulo,Indicador,"Public, Environmental and Occupational Health",Normalized citation impact,posicao,401.0,
2026,2026-2027,501953,Federal University of São Paulo,Indicador,"Public, Environmental and Occupational Health",Total citations,posicao,333.0,
2026,2026-2027,501953,Federal University of São Paulo,Indicador,"Public, Environmental and Occupational Health",Number of publications that are among the 10% most cited,posicao,360.0,
2026,2026-2027,501953,Federal University of São Paulo,Indicador,"Public, Environmental and Occupational Health",Percentage of total publications that are among the 10% most cited,posicao,485.0,
2026,2026-2027,501953,Federal University of São Paulo,Indicador,"Public, Environmental and Occupational Health",International collaboration - relative to country,posicao,47.0,
2026,2026-2027,501953,Federal University of São Paulo,Indicador,"Public, Environmental and Occupational Health",International collaboration,posicao,271.0,
2026,2026-2027,501953,Federal University of São Paulo,Indicador,"Public, Environmental and Occupational Health",Number of highly cited papers that are among the top 1% most cited,posicao,286.0,
2026,2026-2027,501953,Federal University of São Paulo,Indicador,"Public, Environmental and Occupational Health",Percentage of highly cited papers that are among the top 1% most cited,posicao,323.0,
2026,2026-2027,501953,Federal University of São Paulo,Indicador,Social Sciences and Public Health,Global research reputation,posicao,333.0,
2026,2026-2027,501953,Federal University of São Paulo,Indicador,Social Sciences and Public Health,Regional research reputation,posicao,18.0,
2026,2026-2027,501953,Federal University of São Paulo,Indicador,Social Sciences and Public Health,Publications,posicao,474.0,
2026,2026-2027,501953,Federal University of São Paulo,Indicador,Social Sciences and Public Health,Normalized citation impact,posicao,929.0,
2026,2026-2027,501953,Federal University of São Paulo,Indicador,Social Sciences and Public Health,Total citations,posicao,721.0,
2026,2026-2027,501953,Federal University of São Paulo,Indicador,Social Sciences and Public Health,Number of publications that are among the 10% most cited,posicao,787.0,
2026,2026-2027,501953,Federal University of São Paulo,Indicador,Social Sciences and Public Health,Percentage of total publications that are among the 10% most cited,posicao,931.0,
2026,2026-2027,501953,Federal University of São Paulo,Indicador,Social Sciences and Public Health,International collaboration - relative to country,posicao,178.0,
2026,2026-2027,501953,Federal University of São Paulo,Indicador,Social Sciences and Public Health,International collaboration,posicao,439.0,
2026,2026-2027,501953,Federal University of São Paulo,Indicador,Social Sciences and Public Health,Number of highly cited papers that are among the top 1% most cited,posicao,670.0,
2026,2026-2027,501953,Federal University of São Paulo,Indicador,Social Sciences and Public Health,Percentage of highly cited papers that are among the top 1% most cited,posicao,760.0,
2026,2026-2027,500204,Federal University of Santa Catarina,Listagem,Geral,Best Universities in Brazil,posicao,8.0,
2026,2026-2027,500204,Federal University of Santa Catarina,Listagem,Geral,Best Global Universities,posicao,736.0,empate
2026,2026-2027,500204,Federal University of Santa Catarina,Listagem,Geral,Global Score,score,42.8,
2026,2026-2027,500204,Federal University of Santa Catarina,Listagem,Geral,Enrollment,valor,,sem dado
2026,2026-2027,500204,Federal University of Santa Catarina,Perfil institucional,Geral,Total number of students,valor,,sem dado
2026,2026-2027,500204,Federal University of Santa Catarina,Perfil institucional,Geral,Number of international students,valor,,sem dado
2026,2026-2027,500204,Federal University of Santa Catarina,Perfil institucional,Geral,Total number of academic staff,valor,,sem dado
2026,2026-2027,500204,Federal University of Santa Catarina,Perfil institucional,Geral,Number of international staff,valor,,sem dado
2026,2026-2027,500204,Federal University of Santa Catarina,Perfil institucional,Geral,Number of undergraduate degrees awarded,valor,,sem dado
2026,2026-2027,500204,Federal University of Santa Catarina,Perfil institucional,Geral,Number of master's degrees awarded,valor,,sem dado
2026,2026-2027,500204,Federal University of Santa Catarina,Perfil institucional,Geral,Number of doctoral degrees awarded,valor,,sem dado
2026,2026-2027,500204,Federal University of Santa Catarina,Perfil institucional,Geral,Number of research only staff,valor,,sem dado
2026,2026-2027,500204,Federal University of Santa Catarina,Perfil institucional,Geral,Number of new undergraduate students,valor,,sem dado
2026,2026-2027,500204,Federal University of Santa Catarina,Perfil institucional,Geral,Number of new master's students,valor,,sem dado
2026,2026-2027,500204,Federal University of Santa Catarina,Perfil institucional,Geral,Number of new doctoral students,valor,,sem dado
2026,2026-2027,500204,Federal University of Santa Catarina,Ranking geral,Geral,Global score,score,42.8,
2026,2026-2027,500204,Federal University of Santa Catarina,Ranking geral,Geral,Best Global Universities,posicao,736.0,empate
2026,2026-2027,500204,Federal University of Santa Catarina,Ranking geral,Geral,Best Global Universities in Latin America,posicao,17.0,
2026,2026-2027,500204,Federal University of Santa Catarina,Ranking geral,Geral,Best Global Universities in Brazil,posicao,8.0,
2026,2026-2027,500204,Federal University of Santa Catarina,Ranking por area,Agricultural Sciences,Posicao na area,posicao,299.0,
2026,2026-2027,500204,Federal University of Santa Catarina,Ranking por area,Agricultural Sciences,Score na area,score,35.4,
2026,2026-2027,500204,Federal University of Santa Catarina,Ranking por area,Biology and Biochemistry,Posicao na area,posicao,689.0,empate
2026,2026-2027,500204,Federal University of Santa Catarina,Ranking por area,Biology and Biochemistry,Score na area,score,19.3,
2026,2026-2027,500204,Federal University of Santa Catarina,Ranking por area,Chemistry,Posicao na area,posicao,975.0,empate
2026,2026-2027,500204,Federal University of Santa Catarina,Ranking por area,Chemistry,Score na area,score,34.7,
2026,2026-2027,500204,Federal University of Santa Catarina,Ranking por area,Clinical Medicine,Posicao na area,posicao,585.0,empate
2026,2026-2027,500204,Federal University of Santa Catarina,Ranking por area,Clinical Medicine,Score na area,score,40.4,
2026,2026-2027,500204,Federal University of Santa Catarina,Ranking por area,Computer Science,Posicao na area,posicao,765.0,empate
2026,2026-2027,500204,Federal University of Santa Catarina,Ranking por area,Computer Science,Score na area,score,22.3,
2026,2026-2027,500204,Federal University of Santa Catarina,Ranking por area,Ecology,Posicao na area,posicao,203.0,empate
2026,2026-2027,500204,Federal University of Santa Catarina,Ranking por area,Ecology,Score na area,score,41.6,
2026,2026-2027,500204,Federal University of Santa Catarina,Ranking por area,Electrical and Electronic Engineering,Posicao na area,posicao,706.0,
2026,2026-2027,500204,Federal University of Santa Catarina,Ranking por area,Electrical and Electronic Engineering,Score na area,score,24.8,
2026,2026-2027,500204,Federal University of Santa Catarina,Ranking por area,Energy and Fuels,Posicao na area,posicao,488.0,
2026,2026-2027,500204,Federal University of Santa Catarina,Ranking por area,Energy and Fuels,Score na area,score,23.8,
2026,2026-2027,500204,Federal University of Santa Catarina,Ranking por area,Engineering,Posicao na area,posicao,528.0,empate
2026,2026-2027,500204,Federal University of Santa Catarina,Ranking por area,Engineering,Score na area,score,41.4,
2026,2026-2027,500204,Federal University of Santa Catarina,Ranking por area,Environment/Ecology,Posicao na area,posicao,565.0,empate
2026,2026-2027,500204,Federal University of Santa Catarina,Ranking por area,Environment/Ecology,Score na area,score,36.3,
2026,2026-2027,500204,Federal University of Santa Catarina,Ranking por area,Food Science and Technology,Posicao na area,posicao,210.0,empate
2026,2026-2027,500204,Federal University of Santa Catarina,Ranking por area,Food Science and Technology,Score na area,score,27.3,
2026,2026-2027,500204,Federal University of Santa Catarina,Ranking por area,Marine and Freshwater Biology,Posicao na area,posicao,77.0,
2026,2026-2027,500204,Federal University of Santa Catarina,Ranking por area,Marine and Freshwater Biology,Score na area,score,35.4,
2026,2026-2027,500204,Federal University of Santa Catarina,Ranking por area,Neuroscience and Behavior,Posicao na area,posicao,451.0,
2026,2026-2027,500204,Federal University of Santa Catarina,Ranking por area,Neuroscience and Behavior,Score na area,score,18.2,
2026,2026-2027,500204,Federal University of Santa Catarina,Ranking por area,Physics,Posicao na area,posicao,980.0,empate
2026,2026-2027,500204,Federal University of Santa Catarina,Ranking por area,Physics,Score na area,score,15.7,
2026,2026-2027,500204,Federal University of Santa Catarina,Ranking por area,Plant and Animal Science,Posicao na area,posicao,385.0,empate
2026,2026-2027,500204,Federal University of Santa Catarina,Ranking por area,Plant and Animal Science,Score na area,score,39.7,
2026,2026-2027,500204,Federal University of Santa Catarina,Ranking por area,"Public, Environmental and Occupational Health",Posicao na area,posicao,350.0,
2026,2026-2027,500204,Federal University of Santa Catarina,Ranking por area,"Public, Environmental and Occupational Health",Score na area,score,45.2,
2026,2026-2027,500204,Federal University of Santa Catarina,Ranking por area,Social Sciences and Public Health,Posicao na area,posicao,511.0,empate
2026,2026-2027,500204,Federal University of Santa Catarina,Ranking por area,Social Sciences and Public Health,Score na area,score,36.3,
2026,2026-2027,500204,Federal University of Santa Catarina,Indicador,Geral,Global research reputation,posicao,565.0,
2026,2026-2027,500204,Federal University of Santa Catarina,Indicador,Geral,Regional research reputation,posicao,17.0,
2026,2026-2027,500204,Federal University of Santa Catarina,Indicador,Geral,Publications,posicao,521.0,
2026,2026-2027,500204,Federal University of Santa Catarina,Indicador,Geral,Books,posicao,760.0,
2026,2026-2027,500204,Federal University of Santa Catarina,Indicador,Geral,Conferences,posicao,471.0,
2026,2026-2027,500204,Federal University of Santa Catarina,Indicador,Geral,Normalized citation impact,posicao,1614.0,
2026,2026-2027,500204,Federal University of Santa Catarina,Indicador,Geral,Total citations,posicao,628.0,
2026,2026-2027,500204,Federal University of Santa Catarina,Indicador,Geral,Number of publications that are among the 10% most cited,posicao,934.0,
2026,2026-2027,500204,Federal University of Santa Catarina,Indicador,Geral,Percentage of total publications that are among the 10% most cited,posicao,2295.0,
2026,2026-2027,500204,Federal University of Santa Catarina,Indicador,Geral,International collaboration - relative to country,posicao,921.0,
2026,2026-2027,500204,Federal University of Santa Catarina,Indicador,Geral,International collaboration,posicao,1270.0,
2026,2026-2027,500204,Federal University of Santa Catarina,Indicador,Geral,Number of highly cited papers that are among the top 1% most cited,posicao,863.0,
2026,2026-2027,500204,Federal University of Santa Catarina,Indicador,Geral,Percentage of highly cited papers that are among the top 1% most cited,posicao,1900.0,
2026,2026-2027,500204,Federal University of Santa Catarina,Indicador,Agricultural Sciences,Global research reputation,posicao,242.0,
2026,2026-2027,500204,Federal University of Santa Catarina,Indicador,Agricultural Sciences,Regional research reputation,posicao,20.0,
2026,2026-2027,500204,Federal University of Santa Catarina,Indicador,Agricultural Sciences,Publications,posicao,125.0,
2026,2026-2027,500204,Federal University of Santa Catarina,Indicador,Agricultural Sciences,Normalized citation impact,posicao,479.0,
2026,2026-2027,500204,Federal University of Santa Catarina,Indicador,Agricultural Sciences,Total citations,posicao,221.0,
2026,2026-2027,500204,Federal University of Santa Catarina,Indicador,Agricultural Sciences,Number of publications that are among the 10% most cited,posicao,304.0,
2026,2026-2027,500204,Federal University of Santa Catarina,Indicador,Agricultural Sciences,Percentage of total publications that are among the 10% most cited,posicao,467.0,
2026,2026-2027,500204,Federal University of Santa Catarina,Indicador,Agricultural Sciences,International collaboration - relative to country,posicao,242.0,
2026,2026-2027,500204,Federal University of Santa Catarina,Indicador,Agricultural Sciences,International collaboration,posicao,408.0,
2026,2026-2027,500204,Federal University of Santa Catarina,Indicador,Agricultural Sciences,Number of highly cited papers that are among the top 1% most cited,posicao,237.0,
2026,2026-2027,500204,Federal University of Santa Catarina,Indicador,Agricultural Sciences,Percentage of highly cited papers that are among the top 1% most cited,posicao,369.0,
2026,2026-2027,500204,Federal University of Santa Catarina,Indicador,Biology and Biochemistry,Global research reputation,posicao,407.0,substituto
2026,2026-2027,500204,Federal University of Santa Catarina,Indicador,Biology and Biochemistry,Regional research reputation,posicao,16.0,
2026,2026-2027,500204,Federal University of Santa Catarina,Indicador,Biology and Biochemistry,Publications,posicao,531.0,
2026,2026-2027,500204,Federal University of Santa Catarina,Indicador,Biology and Biochemistry,Normalized citation impact,posicao,738.0,
2026,2026-2027,500204,Federal University of Santa Catarina,Indicador,Biology and Biochemistry,Total citations,posicao,654.0,
2026,2026-2027,500204,Federal University of Santa Catarina,Indicador,Biology and Biochemistry,Number of publications that are among the 10% most cited,posicao,667.0,
2026,2026-2027,500204,Federal University of Santa Catarina,Indicador,Biology and Biochemistry,Percentage of total publications that are among the 10% most cited,posicao,698.0,
2026,2026-2027,500204,Federal University of Santa Catarina,Indicador,Biology and Biochemistry,International collaboration - relative to country,posicao,382.0,
2026,2026-2027,500204,Federal University of Santa Catarina,Indicador,Biology and Biochemistry,International collaboration,posicao,488.0,
2026,2026-2027,500204,Federal University of Santa Catarina,Indicador,Biology and Biochemistry,Number of highly cited papers that are among the top 1% most cited,posicao,685.0,
2026,2026-2027,500204,Federal University of Santa Catarina,Indicador,Biology and Biochemistry,Percentage of highly cited papers that are among the top 1% most cited,posicao,727.0,
2026,2026-2027,500204,Federal University of Santa Catarina,Indicador,Chemistry,Global research reputation,posicao,569.0,
2026,2026-2027,500204,Federal University of Santa Catarina,Indicador,Chemistry,Regional research reputation,posicao,20.0,
2026,2026-2027,500204,Federal University of Santa Catarina,Indicador,Chemistry,Publications,posicao,603.0,
2026,2026-2027,500204,Federal University of Santa Catarina,Indicador,Chemistry,Normalized citation impact,posicao,1462.0,
2026,2026-2027,500204,Federal University of Santa Catarina,Indicador,Chemistry,Total citations,posicao,849.0,
2026,2026-2027,500204,Federal University of Santa Catarina,Indicador,Chemistry,Number of publications that are among the 10% most cited,posicao,1117.0,
2026,2026-2027,500204,Federal University of Santa Catarina,Indicador,Chemistry,Percentage of total publications that are among the 10% most cited,posicao,1464.0,
2026,2026-2027,500204,Federal University of Santa Catarina,Indicador,Chemistry,International collaboration - relative to country,posicao,733.0,
2026,2026-2027,500204,Federal University of Santa Catarina,Indicador,Chemistry,International collaboration,posicao,881.0,
2026,2026-2027,500204,Federal University of Santa Catarina,Indicador,Chemistry,Number of highly cited papers that are among the top 1% most cited,posicao,1213.0,
2026,2026-2027,500204,Federal University of Santa Catarina,Indicador,Chemistry,Percentage of highly cited papers that are among the top 1% most cited,posicao,1438.0,
2026,2026-2027,500204,Federal University of Santa Catarina,Indicador,Clinical Medicine,Global research reputation,posicao,605.0,
2026,2026-2027,500204,Federal University of Santa Catarina,Indicador,Clinical Medicine,Regional research reputation,posicao,14.0,
2026,2026-2027,500204,Federal University of Santa Catarina,Indicador,Clinical Medicine,Publications,posicao,610.0,
2026,2026-2027,500204,Federal University of Santa Catarina,Indicador,Clinical Medicine,Normalized citation impact,posicao,275.0,
2026,2026-2027,500204,Federal University of Santa Catarina,Indicador,Clinical Medicine,Total citations,posicao,497.0,
2026,2026-2027,500204,Federal University of Santa Catarina,Indicador,Clinical Medicine,Number of publications that are among the 10% most cited,posicao,772.0,
2026,2026-2027,500204,Federal University of Santa Catarina,Indicador,Clinical Medicine,Percentage of total publications that are among the 10% most cited,posicao,1230.0,
2026,2026-2027,500204,Federal University of Santa Catarina,Indicador,Clinical Medicine,International collaboration - relative to country,posicao,511.0,
2026,2026-2027,500204,Federal University of Santa Catarina,Indicador,Clinical Medicine,International collaboration,posicao,649.0,
2026,2026-2027,500204,Federal University of Santa Catarina,Indicador,Clinical Medicine,Number of highly cited papers that are among the top 1% most cited,posicao,554.0,
2026,2026-2027,500204,Federal University of Santa Catarina,Indicador,Clinical Medicine,Percentage of highly cited papers that are among the top 1% most cited,posicao,617.0,
2026,2026-2027,500204,Federal University of Santa Catarina,Indicador,Computer Science,Global research reputation,posicao,194.0,
2026,2026-2027,500204,Federal University of Santa Catarina,Indicador,Computer Science,Regional research reputation,posicao,16.0,
2026,2026-2027,500204,Federal University of Santa Catarina,Indicador,Computer Science,Publications,posicao,775.0,
2026,2026-2027,500204,Federal University of Santa Catarina,Indicador,Computer Science,Conferences,posicao,467.0,
2026,2026-2027,500204,Federal University of Santa Catarina,Indicador,Computer Science,Normalized citation impact,posicao,1061.0,
2026,2026-2027,500204,Federal University of Santa Catarina,Indicador,Computer Science,Total citations,posicao,1035.0,
2026,2026-2027,500204,Federal University of Santa Catarina,Indicador,Computer Science,Number of publications that are among the 10% most cited,posicao,989.0,
2026,2026-2027,500204,Federal University of Santa Catarina,Indicador,Computer Science,Percentage of total publications that are among the 10% most cited,posicao,1057.0,
2026,2026-2027,500204,Federal University of Santa Catarina,Indicador,Computer Science,International collaboration - relative to country,posicao,286.0,
2026,2026-2027,500204,Federal University of Santa Catarina,Indicador,Computer Science,International collaboration,posicao,493.0,
2026,2026-2027,500204,Federal University of Santa Catarina,Indicador,Computer Science,Number of highly cited papers that are among the top 1% most cited,posicao,859.0,
2026,2026-2027,500204,Federal University of Santa Catarina,Indicador,Computer Science,Percentage of highly cited papers that are among the top 1% most cited,posicao,912.0,
2026,2026-2027,500204,Federal University of Santa Catarina,Indicador,Ecology,Publications,posicao,277.0,
2026,2026-2027,500204,Federal University of Santa Catarina,Indicador,Ecology,Conferences,posicao,21.0,
2026,2026-2027,500204,Federal University of Santa Catarina,Indicador,Ecology,Normalized citation impact,posicao,81.0,
2026,2026-2027,500204,Federal University of Santa Catarina,Indicador,Ecology,Total citations,posicao,225.0,
2026,2026-2027,500204,Federal University of Santa Catarina,Indicador,Ecology,Number of publications that are among the 10% most cited,posicao,257.0,
2026,2026-2027,500204,Federal University of Santa Catarina,Indicador,Ecology,Percentage of total publications that are among the 10% most cited,posicao,178.0,
2026,2026-2027,500204,Federal University of Santa Catarina,Indicador,Ecology,International collaboration - relative to country,posicao,33.0,
2026,2026-2027,500204,Federal University of Santa Catarina,Indicador,Ecology,International collaboration,posicao,173.0,
2026,2026-2027,500204,Federal University of Santa Catarina,Indicador,Ecology,Number of highly cited papers that are among the top 1% most cited,posicao,219.0,
2026,2026-2027,500204,Federal University of Santa Catarina,Indicador,Ecology,Percentage of highly cited papers that are among the top 1% most cited,posicao,153.0,
2026,2026-2027,500204,Federal University of Santa Catarina,Indicador,Electrical and Electronic Engineering,Publications,posicao,473.0,
2026,2026-2027,500204,Federal University of Santa Catarina,Indicador,Electrical and Electronic Engineering,Conferences,posicao,370.0,
2026,2026-2027,500204,Federal University of Santa Catarina,Indicador,Electrical and Electronic Engineering,Normalized citation impact,posicao,785.0,
2026,2026-2027,500204,Federal University of Santa Catarina,Indicador,Electrical and Electronic Engineering,Total citations,posicao,710.0,
2026,2026-2027,500204,Federal University of Santa Catarina,Indicador,Electrical and Electronic Engineering,Number of publications that are among the 10% most cited,posicao,770.0,
2026,2026-2027,500204,Federal University of Santa Catarina,Indicador,Electrical and Electronic Engineering,Percentage of total publications that are among the 10% most cited,posicao,805.0,
2026,2026-2027,500204,Federal University of Santa Catarina,Indicador,Electrical and Electronic Engineering,International collaboration - relative to country,posicao,220.0,
2026,2026-2027,500204,Federal University of Santa Catarina,Indicador,Electrical and Electronic Engineering,International collaboration,posicao,390.0,
2026,2026-2027,500204,Federal University of Santa Catarina,Indicador,Electrical and Electronic Engineering,Number of highly cited papers that are among the top 1% most cited,posicao,663.0,substituto
2026,2026-2027,500204,Federal University of Santa Catarina,Indicador,Electrical and Electronic Engineering,Percentage of highly cited papers that are among the top 1% most cited,posicao,754.0,substituto
2026,2026-2027,500204,Federal University of Santa Catarina,Indicador,Energy and Fuels,Publications,posicao,352.0,
2026,2026-2027,500204,Federal University of Santa Catarina,Indicador,Energy and Fuels,Conferences,posicao,232.0,
2026,2026-2027,500204,Federal University of Santa Catarina,Indicador,Energy and Fuels,Normalized citation impact,posicao,489.0,
2026,2026-2027,500204,Federal University of Santa Catarina,Indicador,Energy and Fuels,Total citations,posicao,484.0,
2026,2026-2027,500204,Federal University of Santa Catarina,Indicador,Energy and Fuels,Number of publications that are among the 10% most cited,posicao,481.0,
2026,2026-2027,500204,Federal University of Santa Catarina,Indicador,Energy and Fuels,Percentage of total publications that are among the 10% most cited,posicao,483.0,
2026,2026-2027,500204,Federal University of Santa Catarina,Indicador,Energy and Fuels,International collaboration - relative to country,posicao,225.0,
2026,2026-2027,500204,Federal University of Santa Catarina,Indicador,Energy and Fuels,International collaboration,posicao,303.0,
2026,2026-2027,500204,Federal University of Santa Catarina,Indicador,Energy and Fuels,Number of highly cited papers that are among the top 1% most cited,posicao,491.0,
2026,2026-2027,500204,Federal University of Santa Catarina,Indicador,Energy and Fuels,Percentage of highly cited papers that are among the top 1% most cited,posicao,498.0,
2026,2026-2027,500204,Federal University of Santa Catarina,Indicador,Engineering,Global research reputation,posicao,323.0,
2026,2026-2027,500204,Federal University of Santa Catarina,Indicador,Engineering,Regional research reputation,posicao,10.0,
2026,2026-2027,500204,Federal University of Santa Catarina,Indicador,Engineering,Publications,posicao,381.0,
2026,2026-2027,500204,Federal University of Santa Catarina,Indicador,Engineering,Conferences,posicao,392.0,
2026,2026-2027,500204,Federal University of Santa Catarina,Indicador,Engineering,Normalized citation impact,posicao,1397.0,
2026,2026-2027,500204,Federal University of Santa Catarina,Indicador,Engineering,Total citations,posicao,554.0,
2026,2026-2027,500204,Federal University of Santa Catarina,Indicador,Engineering,Number of publications that are among the 10% most cited,posicao,755.0,
2026,2026-2027,500204,Federal University of Santa Catarina,Indicador,Engineering,Percentage of total publications that are among the 10% most cited,posicao,1416.0,
2026,2026-2027,500204,Federal University of Santa Catarina,Indicador,Engineering,International collaboration - relative to country,posicao,457.0,
2026,2026-2027,500204,Federal University of Santa Catarina,Indicador,Engineering,International collaboration,posicao,855.0,
2026,2026-2027,500204,Federal University of Santa Catarina,Indicador,Engineering,Number of highly cited papers that are among the top 1% most cited,posicao,1206.0,
2026,2026-2027,500204,Federal University of Santa Catarina,Indicador,Engineering,Percentage of highly cited papers that are among the top 1% most cited,posicao,1502.0,
2026,2026-2027,500204,Federal University of Santa Catarina,Indicador,Environment/Ecology,Global research reputation,posicao,281.0,substituto
2026,2026-2027,500204,Federal University of Santa Catarina,Indicador,Environment/Ecology,Regional research reputation,posicao,25.0,substituto
2026,2026-2027,500204,Federal University of Santa Catarina,Indicador,Environment/Ecology,Publications,posicao,270.0,
2026,2026-2027,500204,Federal University of Santa Catarina,Indicador,Environment/Ecology,Normalized citation impact,posicao,931.0,
2026,2026-2027,500204,Federal University of Santa Catarina,Indicador,Environment/Ecology,Total citations,posicao,403.0,
2026,2026-2027,500204,Federal University of Santa Catarina,Indicador,Environment/Ecology,Number of publications that are among the 10% most cited,posicao,566.0,
2026,2026-2027,500204,Federal University of Santa Catarina,Indicador,Environment/Ecology,Percentage of total publications that are among the 10% most cited,posicao,963.0,
2026,2026-2027,500204,Federal University of Santa Catarina,Indicador,Environment/Ecology,International collaboration - relative to country,posicao,134.0,
2026,2026-2027,500204,Federal University of Santa Catarina,Indicador,Environment/Ecology,International collaboration,posicao,601.0,
2026,2026-2027,500204,Federal University of Santa Catarina,Indicador,Environment/Ecology,Number of highly cited papers that are among the top 1% most cited,posicao,534.0,
2026,2026-2027,500204,Federal University of Santa Catarina,Indicador,Environment/Ecology,Percentage of highly cited papers that are among the top 1% most cited,posicao,837.0,
2026,2026-2027,500204,Federal University of Santa Catarina,Indicador,Food Science and Technology,Publications,posicao,127.0,
2026,2026-2027,500204,Federal University of Santa Catarina,Indicador,Food Science and Technology,Conferences,posicao,44.0,
2026,2026-2027,500204,Federal University of Santa Catarina,Indicador,Food Science and Technology,Normalized citation impact,posicao,266.0,
2026,2026-2027,500204,Federal University of Santa Catarina,Indicador,Food Science and Technology,Total citations,posicao,172.0,
2026,2026-2027,500204,Federal University of Santa Catarina,Indicador,Food Science and Technology,Number of publications that are among the 10% most cited,posicao,228.0,
2026,2026-2027,500204,Federal University of Santa Catarina,Indicador,Food Science and Technology,Percentage of total publications that are among the 10% most cited,posicao,268.0,
2026,2026-2027,500204,Federal University of Santa Catarina,Indicador,Food Science and Technology,International collaboration - relative to country,posicao,260.0,
2026,2026-2027,500204,Federal University of Santa Catarina,Indicador,Food Science and Technology,International collaboration,posicao,207.0,
2026,2026-2027,500204,Federal University of Santa Catarina,Indicador,Food Science and Technology,Number of highly cited papers that are among the top 1% most cited,posicao,147.0,
2026,2026-2027,500204,Federal University of Santa Catarina,Indicador,Food Science and Technology,Percentage of highly cited papers that are among the top 1% most cited,posicao,167.0,
2026,2026-2027,500204,Federal University of Santa Catarina,Indicador,Marine and Freshwater Biology,Publications,posicao,77.0,
2026,2026-2027,500204,Federal University of Santa Catarina,Indicador,Marine and Freshwater Biology,Conferences,posicao,11.0,substituto
2026,2026-2027,500204,Federal University of Santa Catarina,Indicador,Marine and Freshwater Biology,Normalized citation impact,posicao,82.0,
2026,2026-2027,500204,Federal University of Santa Catarina,Indicador,Marine and Freshwater Biology,Total citations,posicao,77.0,
2026,2026-2027,500204,Federal University of Santa Catarina,Indicador,Marine and Freshwater Biology,Number of publications that are among the 10% most cited,posicao,87.0,
2026,2026-2027,500204,Federal University of Santa Catarina,Indicador,Marine and Freshwater Biology,Percentage of total publications that are among the 10% most cited,posicao,89.0,
2026,2026-2027,500204,Federal University of Santa Catarina,Indicador,Marine and Freshwater Biology,International collaboration - relative to country,posicao,8.0,
2026,2026-2027,500204,Federal University of Santa Catarina,Indicador,Marine and Freshwater Biology,International collaboration,posicao,81.0,
2026,2026-2027,500204,Federal University of Santa Catarina,Indicador,Marine and Freshwater Biology,Number of highly cited papers that are among the top 1% most cited,posicao,42.0,
2026,2026-2027,500204,Federal University of Santa Catarina,Indicador,Marine and Freshwater Biology,Percentage of highly cited papers that are among the top 1% most cited,posicao,37.0,
2026,2026-2027,500204,Federal University of Santa Catarina,Indicador,Neuroscience and Behavior,Global research reputation,posicao,182.0,substituto
2026,2026-2027,500204,Federal University of Santa Catarina,Indicador,Neuroscience and Behavior,Regional research reputation,posicao,4.0,
2026,2026-2027,500204,Federal University of Santa Catarina,Indicador,Neuroscience and Behavior,Publications,posicao,443.0,
2026,2026-2027,500204,Federal University of Santa Catarina,Indicador,Neuroscience and Behavior,Normalized citation impact,posicao,104.0,
2026,2026-2027,500204,Federal University of Santa Catarina,Indicador,Neuroscience and Behavior,Total citations,posicao,371.0,
2026,2026-2027,500204,Federal University of Santa Catarina,Indicador,Neuroscience and Behavior,Number of publications that are among the 10% most cited,posicao,534.0,
2026,2026-2027,500204,Federal University of Santa Catarina,Indicador,Neuroscience and Behavior,Percentage of total publications that are among the 10% most cited,posicao,537.0,
2026,2026-2027,500204,Federal University of Santa Catarina,Indicador,Neuroscience and Behavior,International collaboration - relative to country,posicao,403.0,
2026,2026-2027,500204,Federal University of Santa Catarina,Indicador,Neuroscience and Behavior,International collaboration,posicao,311.0,
2026,2026-2027,500204,Federal University of Santa Catarina,Indicador,Neuroscience and Behavior,Number of highly cited papers that are among the top 1% most cited,posicao,450.0,
2026,2026-2027,500204,Federal University of Santa Catarina,Indicador,Neuroscience and Behavior,Percentage of highly cited papers that are among the top 1% most cited,posicao,434.0,
2026,2026-2027,500204,Federal University of Santa Catarina,Indicador,Physics,Global research reputation,posicao,380.0,
2026,2026-2027,500204,Federal University of Santa Catarina,Indicador,Physics,Regional research reputation,posicao,16.0,
2026,2026-2027,500204,Federal University of Santa Catarina,Indicador,Physics,Publications,posicao,881.0,
2026,2026-2027,500204,Federal University of Santa Catarina,Indicador,Physics,Normalized citation impact,posicao,1010.0,
2026,2026-2027,500204,Federal University of Santa Catarina,Indicador,Physics,Total citations,posicao,1007.0,
2026,2026-2027,500204,Federal University of Santa Catarina,Indicador,Physics,Number of publications that are among the 10% most cited,posicao,994.0,
2026,2026-2027,500204,Federal University of Santa Catarina,Indicador,Physics,Percentage of total publications that are among the 10% most cited,posicao,988.0,
2026,2026-2027,500204,Federal University of Santa Catarina,Indicador,Physics,International collaboration - relative to country,posicao,866.0,
2026,2026-2027,500204,Federal University of Santa Catarina,Indicador,Physics,International collaboration,posicao,755.0,
2026,2026-2027,500204,Federal University of Santa Catarina,Indicador,Physics,Number of highly cited papers that are among the top 1% most cited,posicao,959.0,substituto
2026,2026-2027,500204,Federal University of Santa Catarina,Indicador,Physics,Percentage of highly cited papers that are among the top 1% most cited,posicao,1002.0,substituto
2026,2026-2027,500204,Federal University of Santa Catarina,Indicador,Plant and Animal Science,Global research reputation,posicao,309.0,substituto
2026,2026-2027,500204,Federal University of Santa Catarina,Indicador,Plant and Animal Science,Regional research reputation,posicao,43.0,substituto
2026,2026-2027,500204,Federal University of Santa Catarina,Indicador,Plant and Animal Science,Publications,posicao,171.0,
2026,2026-2027,500204,Federal University of Santa Catarina,Indicador,Plant and Animal Science,Normalized citation impact,posicao,596.0,
2026,2026-2027,500204,Federal University of Santa Catarina,Indicador,Plant and Animal Science,Total citations,posicao,261.0,
2026,2026-2027,500204,Federal University of Santa Catarina,Indicador,Plant and Animal Science,Number of publications that are among the 10% most cited,posicao,355.0,
2026,2026-2027,500204,Federal University of Santa Catarina,Indicador,Plant and Animal Science,Percentage of total publications that are among the 10% most cited,posicao,608.0,
2026,2026-2027,500204,Federal University of Santa Catarina,Indicador,Plant and Animal Science,International collaboration - relative to country,posicao,181.0,
2026,2026-2027,500204,Federal University of Santa Catarina,Indicador,Plant and Animal Science,International collaboration,posicao,533.0,
2026,2026-2027,500204,Federal University of Santa Catarina,Indicador,Plant and Animal Science,Number of highly cited papers that are among the top 1% most cited,posicao,281.0,
2026,2026-2027,500204,Federal University of Santa Catarina,Indicador,Plant and Animal Science,Percentage of highly cited papers that are among the top 1% most cited,posicao,471.0,
2026,2026-2027,500204,Federal University of Santa Catarina,Indicador,"Public, Environmental and Occupational Health",Publications,posicao,301.0,
2026,2026-2027,500204,Federal University of Santa Catarina,Indicador,"Public, Environmental and Occupational Health",Conferences,posicao,66.0,
2026,2026-2027,500204,Federal University of Santa Catarina,Indicador,"Public, Environmental and Occupational Health",Normalized citation impact,posicao,85.0,
2026,2026-2027,500204,Federal University of Santa Catarina,Indicador,"Public, Environmental and Occupational Health",Total citations,posicao,250.0,
2026,2026-2027,500204,Federal University of Santa Catarina,Indicador,"Public, Environmental and Occupational Health",Number of publications that are among the 10% most cited,posicao,511.0,
2026,2026-2027,500204,Federal University of Santa Catarina,Indicador,"Public, Environmental and Occupational Health",Percentage of total publications that are among the 10% most cited,posicao,526.0,
2026,2026-2027,500204,Federal University of Santa Catarina,Indicador,"Public, Environmental and Occupational Health",International collaboration - relative to country,posicao,205.0,
2026,2026-2027,500204,Federal University of Santa Catarina,Indicador,"Public, Environmental and Occupational Health",International collaboration,posicao,359.0,
2026,2026-2027,500204,Federal University of Santa Catarina,Indicador,"Public, Environmental and Occupational Health",Number of highly cited papers that are among the top 1% most cited,posicao,340.0,
2026,2026-2027,500204,Federal University of Santa Catarina,Indicador,"Public, Environmental and Occupational Health",Percentage of highly cited papers that are among the top 1% most cited,posicao,330.0,
2026,2026-2027,500204,Federal University of Santa Catarina,Indicador,Social Sciences and Public Health,Global research reputation,posicao,575.0,
2026,2026-2027,500204,Federal University of Santa Catarina,Indicador,Social Sciences and Public Health,Regional research reputation,posicao,21.0,
2026,2026-2027,500204,Federal University of Santa Catarina,Indicador,Social Sciences and Public Health,Publications,posicao,421.0,
2026,2026-2027,500204,Federal University of Santa Catarina,Indicador,Social Sciences and Public Health,Normalized citation impact,posicao,449.0,
2026,2026-2027,500204,Federal University of Santa Catarina,Indicador,Social Sciences and Public Health,Total citations,posicao,453.0,
2026,2026-2027,500204,Federal University of Santa Catarina,Indicador,Social Sciences and Public Health,Number of publications that are among the 10% most cited,posicao,673.0,
2026,2026-2027,500204,Federal University of Santa Catarina,Indicador,Social Sciences and Public Health,Percentage of total publications that are among the 10% most cited,posicao,871.0,
2026,2026-2027,500204,Federal University of Santa Catarina,Indicador,Social Sciences and Public Health,International collaboration - relative to country,posicao,294.0,
2026,2026-2027,500204,Federal University of Santa Catarina,Indicador,Social Sciences and Public Health,International collaboration,posicao,502.0,
2026,2026-2027,500204,Federal University of Santa Catarina,Indicador,Social Sciences and Public Health,Number of highly cited papers that are among the top 1% most cited,posicao,524.0,
2026,2026-2027,500204,Federal University of Santa Catarina,Indicador,Social Sciences and Public Health,Percentage of highly cited papers that are among the top 1% most cited,posicao,592.0,
2026,2026-2027,504217,University of Brasilia,Listagem,Geral,Best Universities in Brazil,posicao,9.0,
2026,2026-2027,504217,University of Brasilia,Listagem,Geral,Best Global Universities,posicao,875.0,empate
2026,2026-2027,504217,University of Brasilia,Listagem,Geral,Global Score,score,40.0,
2026,2026-2027,504217,University of Brasilia,Listagem,Geral,Enrollment,valor,,sem dado
2026,2026-2027,504217,University of Brasilia,Perfil institucional,Geral,Total number of students,valor,,sem dado
2026,2026-2027,504217,University of Brasilia,Perfil institucional,Geral,Number of international students,valor,,sem dado
2026,2026-2027,504217,University of Brasilia,Perfil institucional,Geral,Total number of academic staff,valor,,sem dado
2026,2026-2027,504217,University of Brasilia,Perfil institucional,Geral,Number of international staff,valor,,sem dado
2026,2026-2027,504217,University of Brasilia,Perfil institucional,Geral,Number of undergraduate degrees awarded,valor,,sem dado
2026,2026-2027,504217,University of Brasilia,Perfil institucional,Geral,Number of master's degrees awarded,valor,,sem dado
2026,2026-2027,504217,University of Brasilia,Perfil institucional,Geral,Number of doctoral degrees awarded,valor,,sem dado
2026,2026-2027,504217,University of Brasilia,Perfil institucional,Geral,Number of research only staff,valor,,sem dado
2026,2026-2027,504217,University of Brasilia,Perfil institucional,Geral,Number of new undergraduate students,valor,,sem dado
2026,2026-2027,504217,University of Brasilia,Perfil institucional,Geral,Number of new master's students,valor,,sem dado
2026,2026-2027,504217,University of Brasilia,Perfil institucional,Geral,Number of new doctoral students,valor,,sem dado
2026,2026-2027,504217,University of Brasilia,Ranking geral,Geral,Global score,score,40.0,
2026,2026-2027,504217,University of Brasilia,Ranking geral,Geral,Best Global Universities,posicao,875.0,empate
2026,2026-2027,504217,University of Brasilia,Ranking geral,Geral,Best Global Universities in Latin America,posicao,20.0,
2026,2026-2027,504217,University of Brasilia,Ranking geral,Geral,Best Global Universities in Brazil,posicao,9.0,
2026,2026-2027,504217,University of Brasilia,Ranking por area,Agricultural Sciences,Posicao na area,posicao,428.0,empate
2026,2026-2027,504217,University of Brasilia,Ranking por area,Agricultural Sciences,Score na area,score,26.2,
2026,2026-2027,504217,University of Brasilia,Ranking por area,Chemistry,Posicao na area,posicao,1123.0,empate
2026,2026-2027,504217,University of Brasilia,Ranking por area,Chemistry,Score na area,score,31.6,
2026,2026-2027,504217,University of Brasilia,Ranking por area,Clinical Medicine,Posicao na area,posicao,898.0,empate
2026,2026-2027,504217,University of Brasilia,Ranking por area,Clinical Medicine,Score na area,score,30.9,
2026,2026-2027,504217,University of Brasilia,Ranking por area,Computer Science,Posicao na area,posicao,724.0,
2026,2026-2027,504217,University of Brasilia,Ranking por area,Computer Science,Score na area,score,23.8,
2026,2026-2027,504217,University of Brasilia,Ranking por area,Engineering,Posicao na area,posicao,1038.0,empate
2026,2026-2027,504217,University of Brasilia,Ranking por area,Engineering,Score na area,score,28.6,
2026,2026-2027,504217,University of Brasilia,Ranking por area,Environment/Ecology,Posicao na area,posicao,480.0,empate
2026,2026-2027,504217,University of Brasilia,Ranking por area,Environment/Ecology,Score na area,score,39.4,
2026,2026-2027,504217,University of Brasilia,Ranking por area,Geosciences,Posicao na area,posicao,477.0,empate
2026,2026-2027,504217,University of Brasilia,Ranking por area,Geosciences,Score na area,score,20.8,
2026,2026-2027,504217,University of Brasilia,Ranking por area,Mathematics,Posicao na area,posicao,424.0,empate
2026,2026-2027,504217,University of Brasilia,Ranking por area,Mathematics,Score na area,score,30.3,
2026,2026-2027,504217,University of Brasilia,Ranking por area,Physics,Posicao na area,posicao,902.0,empate
2026,2026-2027,504217,University of Brasilia,Ranking por area,Physics,Score na area,score,21.5,
2026,2026-2027,504217,University of Brasilia,Ranking por area,Plant and Animal Science,Posicao na area,posicao,419.0,empate
2026,2026-2027,504217,University of Brasilia,Ranking por area,Plant and Animal Science,Score na area,score,38.1,
2026,2026-2027,504217,University of Brasilia,Ranking por area,"Public, Environmental and Occupational Health",Posicao na area,posicao,456.0,
2026,2026-2027,504217,University of Brasilia,Ranking por area,"Public, Environmental and Occupational Health",Score na area,score,35.1,
2026,2026-2027,504217,University of Brasilia,Ranking por area,Social Sciences and Public Health,Posicao na area,posicao,584.0,
2026,2026-2027,504217,University of Brasilia,Ranking por area,Social Sciences and Public Health,Score na area,score,32.1,
2026,2026-2027,504217,University of Brasilia,Indicador,Geral,Global research reputation,posicao,527.0,
2026,2026-2027,504217,University of Brasilia,Indicador,Geral,Regional research reputation,posicao,19.0,
2026,2026-2027,504217,University of Brasilia,Indicador,Geral,Publications,posicao,569.0,
2026,2026-2027,504217,University of Brasilia,Indicador,Geral,Books,posicao,682.0,
2026,2026-2027,504217,University of Brasilia,Indicador,Geral,Conferences,posicao,517.0,
2026,2026-2027,504217,University of Brasilia,Indicador,Geral,Normalized citation impact,posicao,2196.0,
2026,2026-2027,504217,University of Brasilia,Indicador,Geral,Total citations,posicao,812.0,
2026,2026-2027,504217,University of Brasilia,Indicador,Geral,Number of publications that are among the 10% most cited,posicao,996.0,
2026,2026-2027,504217,University of Brasilia,Indicador,Geral,Percentage of total publications that are among the 10% most cited,posicao,2306.0,
2026,2026-2027,504217,University of Brasilia,Indicador,Geral,International collaboration - relative to country,posicao,787.0,
2026,2026-2027,504217,University of Brasilia,Indicador,Geral,International collaboration,posicao,1239.0,
2026,2026-2027,504217,University of Brasilia,Indicador,Geral,Number of highly cited papers that are among the top 1% most cited,posicao,1150.0,
2026,2026-2027,504217,University of Brasilia,Indicador,Geral,Percentage of highly cited papers that are among the top 1% most cited,posicao,2216.0,
2026,2026-2027,504217,University of Brasilia,Indicador,Agricultural Sciences,Global research reputation,posicao,190.0,
2026,2026-2027,504217,University of Brasilia,Indicador,Agricultural Sciences,Regional research reputation,posicao,24.0,
2026,2026-2027,504217,University of Brasilia,Indicador,Agricultural Sciences,Publications,posicao,267.0,
2026,2026-2027,504217,University of Brasilia,Indicador,Agricultural Sciences,Normalized citation impact,posicao,510.0,
2026,2026-2027,504217,University of Brasilia,Indicador,Agricultural Sciences,Total citations,posicao,455.0,
2026,2026-2027,504217,University of Brasilia,Indicador,Agricultural Sciences,Number of publications that are among the 10% most cited,posicao,488.0,
2026,2026-2027,504217,University of Brasilia,Indicador,Agricultural Sciences,Percentage of total publications that are among the 10% most cited,posicao,509.0,
2026,2026-2027,504217,University of Brasilia,Indicador,Agricultural Sciences,International collaboration - relative to country,posicao,49.0,
2026,2026-2027,504217,University of Brasilia,Indicador,Agricultural Sciences,International collaboration,posicao,338.0,
2026,2026-2027,504217,University of Brasilia,Indicador,Agricultural Sciences,Number of highly cited papers that are among the top 1% most cited,posicao,413.0,
2026,2026-2027,504217,University of Brasilia,Indicador,Agricultural Sciences,Percentage of highly cited papers that are among the top 1% most cited,posicao,441.0,
2026,2026-2027,504217,University of Brasilia,Indicador,Chemistry,Global research reputation,posicao,498.0,
2026,2026-2027,504217,University of Brasilia,Indicador,Chemistry,Regional research reputation,posicao,20.0,
2026,2026-2027,504217,University of Brasilia,Indicador,Chemistry,Publications,posicao,905.0,
2026,2026-2027,504217,University of Brasilia,Indicador,Chemistry,Normalized citation impact,posicao,1516.0,
2026,2026-2027,504217,University of Brasilia,Indicador,Chemistry,Total citations,posicao,1230.0,
2026,2026-2027,504217,University of Brasilia,Indicador,Chemistry,Number of publications that are among the 10% most cited,posicao,1239.0,
2026,2026-2027,504217,University of Brasilia,Indicador,Chemistry,Percentage of total publications that are among the 10% most cited,posicao,1366.0,
2026,2026-2027,504217,University of Brasilia,Indicador,Chemistry,International collaboration - relative to country,posicao,677.0,
2026,2026-2027,504217,University of Brasilia,Indicador,Chemistry,International collaboration,posicao,870.0,
2026,2026-2027,504217,University of Brasilia,Indicador,Chemistry,Number of highly cited papers that are among the top 1% most cited,posicao,1352.0,
2026,2026-2027,504217,University of Brasilia,Indicador,Chemistry,Percentage of highly cited papers that are among the top 1% most cited,posicao,1476.0,
2026,2026-2027,504217,University of Brasilia,Indicador,Clinical Medicine,Global research reputation,posicao,697.0,substituto
2026,2026-2027,504217,University of Brasilia,Indicador,Clinical Medicine,Regional research reputation,posicao,28.0,
2026,2026-2027,504217,University of Brasilia,Indicador,Clinical Medicine,Publications,posicao,658.0,
2026,2026-2027,504217,University of Brasilia,Indicador,Clinical Medicine,Normalized citation impact,posicao,968.0,
2026,2026-2027,504217,University of Brasilia,Indicador,Clinical Medicine,Total citations,posicao,845.0,
2026,2026-2027,504217,University of Brasilia,Indicador,Clinical Medicine,Number of publications that are among the 10% most cited,posicao,895.0,
2026,2026-2027,504217,University of Brasilia,Indicador,Clinical Medicine,Percentage of total publications that are among the 10% most cited,posicao,1325.0,
2026,2026-2027,504217,University of Brasilia,Indicador,Clinical Medicine,International collaboration - relative to country,posicao,538.0,
2026,2026-2027,504217,University of Brasilia,Indicador,Clinical Medicine,International collaboration,posicao,660.0,
2026,2026-2027,504217,University of Brasilia,Indicador,Clinical Medicine,Number of highly cited papers that are among the top 1% most cited,posicao,822.0,
2026,2026-2027,504217,University of Brasilia,Indicador,Clinical Medicine,Percentage of highly cited papers that are among the top 1% most cited,posicao,979.0,
2026,2026-2027,504217,University of Brasilia,Indicador,Computer Science,Global research reputation,posicao,294.0,
2026,2026-2027,504217,University of Brasilia,Indicador,Computer Science,Regional research reputation,posicao,14.0,
2026,2026-2027,504217,University of Brasilia,Indicador,Computer Science,Publications,posicao,728.0,
2026,2026-2027,504217,University of Brasilia,Indicador,Computer Science,Conferences,posicao,435.0,
2026,2026-2027,504217,University of Brasilia,Indicador,Computer Science,Normalized citation impact,posicao,1024.0,
2026,2026-2027,504217,University of Brasilia,Indicador,Computer Science,Total citations,posicao,970.0,
2026,2026-2027,504217,University of Brasilia,Indicador,Computer Science,Number of publications that are among the 10% most cited,posicao,823.0,
2026,2026-2027,504217,University of Brasilia,Indicador,Computer Science,Percentage of total publications that are among the 10% most cited,posicao,1000.0,
2026,2026-2027,504217,University of Brasilia,Indicador,Computer Science,International collaboration - relative to country,posicao,692.0,
2026,2026-2027,504217,University of Brasilia,Indicador,Computer Science,International collaboration,posicao,642.0,
2026,2026-2027,504217,University of Brasilia,Indicador,Computer Science,Number of highly cited papers that are among the top 1% most cited,posicao,774.0,
2026,2026-2027,504217,University of Brasilia,Indicador,Computer Science,Percentage of highly cited papers that are among the top 1% most cited,posicao,826.0,
2026,2026-2027,504217,University of Brasilia,Indicador,Engineering,Global research reputation,posicao,652.0,
2026,2026-2027,504217,University of Brasilia,Indicador,Engineering,Regional research reputation,posicao,17.0,
2026,2026-2027,504217,University of Brasilia,Indicador,Engineering,Publications,posicao,748.0,
2026,2026-2027,504217,University of Brasilia,Indicador,Engineering,Conferences,posicao,594.0,
2026,2026-2027,504217,University of Brasilia,Indicador,Engineering,Normalized citation impact,posicao,1537.0,
2026,2026-2027,504217,University of Brasilia,Indicador,Engineering,Total citations,posicao,1090.0,
2026,2026-2027,504217,University of Brasilia,Indicador,Engineering,Number of publications that are among the 10% most cited,posicao,1308.0,
2026,2026-2027,504217,University of Brasilia,Indicador,Engineering,Percentage of total publications that are among the 10% most cited,posicao,1534.0,
2026,2026-2027,504217,University of Brasilia,Indicador,Engineering,International collaboration - relative to country,posicao,312.0,
2026,2026-2027,504217,University of Brasilia,Indicador,Engineering,International collaboration,posicao,780.0,
2026,2026-2027,504217,University of Brasilia,Indicador,Engineering,Number of highly cited papers that are among the top 1% most cited,posicao,1438.0,
2026,2026-2027,504217,University of Brasilia,Indicador,Engineering,Percentage of highly cited papers that are among the top 1% most cited,posicao,1536.0,
2026,2026-2027,504217,University of Brasilia,Indicador,Environment/Ecology,Global research reputation,posicao,215.0,
2026,2026-2027,504217,University of Brasilia,Indicador,Environment/Ecology,Regional research reputation,posicao,20.0,
2026,2026-2027,504217,University of Brasilia,Indicador,Environment/Ecology,Publications,posicao,279.0,
2026,2026-2027,504217,University of Brasilia,Indicador,Environment/Ecology,Normalized citation impact,posicao,958.0,
2026,2026-2027,504217,University of Brasilia,Indicador,Environment/Ecology,Total citations,posicao,441.0,
2026,2026-2027,504217,University of Brasilia,Indicador,Environment/Ecology,Number of publications that are among the 10% most cited,posicao,547.0,
2026,2026-2027,504217,University of Brasilia,Indicador,Environment/Ecology,Percentage of total publications that are among the 10% most cited,posicao,925.0,
2026,2026-2027,504217,University of Brasilia,Indicador,Environment/Ecology,International collaboration - relative to country,posicao,308.0,
2026,2026-2027,504217,University of Brasilia,Indicador,Environment/Ecology,International collaboration,posicao,681.0,
2026,2026-2027,504217,University of Brasilia,Indicador,Environment/Ecology,Number of highly cited papers that are among the top 1% most cited,posicao,480.0,
2026,2026-2027,504217,University of Brasilia,Indicador,Environment/Ecology,Percentage of highly cited papers that are among the top 1% most cited,posicao,775.0,
2026,2026-2027,504217,University of Brasilia,Indicador,Geosciences,Global research reputation,posicao,328.0,
2026,2026-2027,504217,University of Brasilia,Indicador,Geosciences,Regional research reputation,posicao,9.0,
2026,2026-2027,504217,University of Brasilia,Indicador,Geosciences,Publications,posicao,273.0,
2026,2026-2027,504217,University of Brasilia,Indicador,Geosciences,Normalized citation impact,posicao,557.0,
2026,2026-2027,504217,University of Brasilia,Indicador,Geosciences,Total citations,posicao,422.0,
2026,2026-2027,504217,University of Brasilia,Indicador,Geosciences,Number of publications that are among the 10% most cited,posicao,521.0,
2026,2026-2027,504217,University of Brasilia,Indicador,Geosciences,Percentage of total publications that are among the 10% most cited,posicao,566.0,
2026,2026-2027,504217,University of Brasilia,Indicador,Geosciences,International collaboration - relative to country,posicao,175.0,
2026,2026-2027,504217,University of Brasilia,Indicador,Geosciences,International collaboration,posicao,384.0,
2026,2026-2027,504217,University of Brasilia,Indicador,Geosciences,Number of highly cited papers that are among the top 1% most cited,posicao,487.0,
2026,2026-2027,504217,University of Brasilia,Indicador,Geosciences,Percentage of highly cited papers that are among the top 1% most cited,posicao,534.0,
2026,2026-2027,504217,University of Brasilia,Indicador,Mathematics,Global research reputation,posicao,324.0,
2026,2026-2027,504217,University of Brasilia,Indicador,Mathematics,Regional research reputation,posicao,11.0,
2026,2026-2027,504217,University of Brasilia,Indicador,Mathematics,Publications,posicao,215.0,
2026,2026-2027,504217,University of Brasilia,Indicador,Mathematics,Normalized citation impact,posicao,485.0,
2026,2026-2027,504217,University of Brasilia,Indicador,Mathematics,Total citations,posicao,358.0,
2026,2026-2027,504217,University of Brasilia,Indicador,Mathematics,Number of publications that are among the 10% most cited,posicao,381.0,
2026,2026-2027,504217,University of Brasilia,Indicador,Mathematics,Percentage of total publications that are among the 10% most cited,posicao,480.0,
2026,2026-2027,504217,University of Brasilia,Indicador,Mathematics,International collaboration - relative to country,posicao,426.0,
2026,2026-2027,504217,University of Brasilia,Indicador,Mathematics,International collaboration,posicao,344.0,
2026,2026-2027,504217,University of Brasilia,Indicador,Mathematics,Number of highly cited papers that are among the top 1% most cited,posicao,418.0,
2026,2026-2027,504217,University of Brasilia,Indicador,Mathematics,Percentage of highly cited papers that are among the top 1% most cited,posicao,477.0,
2026,2026-2027,504217,University of Brasilia,Indicador,Physics,Global research reputation,posicao,380.0,substituto
2026,2026-2027,504217,University of Brasilia,Indicador,Physics,Regional research reputation,posicao,20.0,
2026,2026-2027,504217,University of Brasilia,Indicador,Physics,Publications,posicao,715.0,
2026,2026-2027,504217,University of Brasilia,Indicador,Physics,Normalized citation impact,posicao,994.0,
2026,2026-2027,504217,University of Brasilia,Indicador,Physics,Total citations,posicao,925.0,
2026,2026-2027,504217,University of Brasilia,Indicador,Physics,Number of publications that are among the 10% most cited,posicao,960.0,
2026,2026-2027,504217,University of Brasilia,Indicador,Physics,Percentage of total publications that are among the 10% most cited,posicao,983.0,
2026,2026-2027,504217,University of Brasilia,Indicador,Physics,International collaboration - relative to country,posicao,528.0,
2026,2026-2027,504217,University of Brasilia,Indicador,Physics,International collaboration,posicao,657.0,
2026,2026-2027,504217,University of Brasilia,Indicador,Physics,Number of highly cited papers that are among the top 1% most cited,posicao,804.0,
2026,2026-2027,504217,University of Brasilia,Indicador,Physics,Percentage of highly cited papers that are among the top 1% most cited,posicao,817.0,
2026,2026-2027,504217,University of Brasilia,Indicador,Plant and Animal Science,Global research reputation,posicao,309.0,
2026,2026-2027,504217,University of Brasilia,Indicador,Plant and Animal Science,Regional research reputation,posicao,24.0,
2026,2026-2027,504217,University of Brasilia,Indicador,Plant and Animal Science,Publications,posicao,128.0,
2026,2026-2027,504217,University of Brasilia,Indicador,Plant and Animal Science,Normalized citation impact,posicao,698.0,
2026,2026-2027,504217,University of Brasilia,Indicador,Plant and Animal Science,Total citations,posicao,264.0,
2026,2026-2027,504217,University of Brasilia,Indicador,Plant and Animal Science,Number of publications that are among the 10% most cited,posicao,397.0,
2026,2026-2027,504217,University of Brasilia,Indicador,Plant and Animal Science,Percentage of total publications that are among the 10% most cited,posicao,686.0,
2026,2026-2027,504217,University of Brasilia,Indicador,Plant and Animal Science,International collaboration - relative to country,posicao,424.0,
2026,2026-2027,504217,University of Brasilia,Indicador,Plant and Animal Science,International collaboration,posicao,583.0,
2026,2026-2027,504217,University of Brasilia,Indicador,Plant and Animal Science,Number of highly cited papers that are among the top 1% most cited,posicao,573.0,
2026,2026-2027,504217,University of Brasilia,Indicador,Plant and Animal Science,Percentage of highly cited papers that are among the top 1% most cited,posicao,717.0,
2026,2026-2027,504217,University of Brasilia,Indicador,"Public, Environmental and Occupational Health",Publications,posicao,259.0,
2026,2026-2027,504217,University of Brasilia,Indicador,"Public, Environmental and Occupational Health",Conferences,posicao,186.0,substituto
2026,2026-2027,504217,University of Brasilia,Indicador,"Public, Environmental and Occupational Health",Normalized citation impact,posicao,405.0,
2026,2026-2027,504217,University of Brasilia,Indicador,"Public, Environmental and Occupational Health",Total citations,posicao,363.0,
2026,2026-2027,504217,University of Brasilia,Indicador,"Public, Environmental and Occupational Health",Number of publications that are among the 10% most cited,posicao,497.0,
2026,2026-2027,504217,University of Brasilia,Indicador,"Public, Environmental and Occupational Health",Percentage of total publications that are among the 10% most cited,posicao,525.0,
2026,2026-2027,504217,University of Brasilia,Indicador,"Public, Environmental and Occupational Health",International collaboration - relative to country,posicao,189.0,
2026,2026-2027,504217,University of Brasilia,Indicador,"Public, Environmental and Occupational Health",International collaboration,posicao,355.0,
2026,2026-2027,504217,University of Brasilia,Indicador,"Public, Environmental and Occupational Health",Number of highly cited papers that are among the top 1% most cited,posicao,416.0,
2026,2026-2027,504217,University of Brasilia,Indicador,"Public, Environmental and Occupational Health",Percentage of highly cited papers that are among the top 1% most cited,posicao,461.0,
2026,2026-2027,504217,University of Brasilia,Indicador,Social Sciences and Public Health,Global research reputation,posicao,265.0,
2026,2026-2027,504217,University of Brasilia,Indicador,Social Sciences and Public Health,Regional research reputation,posicao,13.0,
2026,2026-2027,504217,University of Brasilia,Indicador,Social Sciences and Public Health,Publications,posicao,383.0,
2026,2026-2027,504217,University of Brasilia,Indicador,Social Sciences and Public Health,Normalized citation impact,posicao,957.0,
2026,2026-2027,504217,University of Brasilia,Indicador,Social Sciences and Public Health,Total citations,posicao,707.0,
2026,2026-2027,504217,University of Brasilia,Indicador,Social Sciences and Public Health,Number of publications that are among the 10% most cited,posicao,817.0,
2026,2026-2027,504217,University of Brasilia,Indicador,Social Sciences and Public Health,Percentage of total publications that are among the 10% most cited,posicao,956.0,
2026,2026-2027,504217,University of Brasilia,Indicador,Social Sciences and Public Health,International collaboration - relative to country,posicao,557.0,
2026,2026-2027,504217,University of Brasilia,Indicador,Social Sciences and Public Health,International collaboration,posicao,604.0,
2026,2026-2027,504217,University of Brasilia,Indicador,Social Sciences and Public Health,Number of highly cited papers that are among the top 1% most cited,posicao,670.0,
2026,2026-2027,504217,University of Brasilia,Indicador,Social Sciences and Public Health,Percentage of highly cited papers that are among the top 1% most cited,posicao,809.0,
2026,2026-2027,503933,Federal University of Paraná,Listagem,Geral,Best Universities in Brazil,posicao,10.0,
2026,2026-2027,503933,Federal University of Paraná,Listagem,Geral,Best Global Universities,posicao,975.0,empate
2026,2026-2027,503933,Federal University of Paraná,Listagem,Geral,Global Score,score,38.1,
2026,2026-2027,503933,Federal University of Paraná,Listagem,Geral,Enrollment,valor,,sem dado
2026,2026-2027,503933,Federal University of Paraná,Perfil institucional,Geral,Total number of students,valor,,sem dado
2026,2026-2027,503933,Federal University of Paraná,Perfil institucional,Geral,Number of international students,valor,,sem dado
2026,2026-2027,503933,Federal University of Paraná,Perfil institucional,Geral,Total number of academic staff,valor,,sem dado
2026,2026-2027,503933,Federal University of Paraná,Perfil institucional,Geral,Number of international staff,valor,,sem dado
2026,2026-2027,503933,Federal University of Paraná,Perfil institucional,Geral,Number of undergraduate degrees awarded,valor,,sem dado
2026,2026-2027,503933,Federal University of Paraná,Perfil institucional,Geral,Number of master's degrees awarded,valor,,sem dado
2026,2026-2027,503933,Federal University of Paraná,Perfil institucional,Geral,Number of doctoral degrees awarded,valor,,sem dado
2026,2026-2027,503933,Federal University of Paraná,Perfil institucional,Geral,Number of research only staff,valor,,sem dado
2026,2026-2027,503933,Federal University of Paraná,Perfil institucional,Geral,Number of new undergraduate students,valor,,sem dado
2026,2026-2027,503933,Federal University of Paraná,Perfil institucional,Geral,Number of new master's students,valor,,sem dado
2026,2026-2027,503933,Federal University of Paraná,Perfil institucional,Geral,Number of new doctoral students,valor,,sem dado
2026,2026-2027,503933,Federal University of Paraná,Ranking geral,Geral,Global score,score,38.1,
2026,2026-2027,503933,Federal University of Paraná,Ranking geral,Geral,Best Global Universities,posicao,975.0,empate
2026,2026-2027,503933,Federal University of Paraná,Ranking geral,Geral,Best Global Universities in Latin America,posicao,23.0,empate
2026,2026-2027,503933,Federal University of Paraná,Ranking geral,Geral,Best Global Universities in Brazil,posicao,10.0,
2026,2026-2027,503933,Federal University of Paraná,Ranking por area,Agricultural Sciences,Posicao na area,posicao,311.0,empate
2026,2026-2027,503933,Federal University of Paraná,Ranking por area,Agricultural Sciences,Score na area,score,34.3,
2026,2026-2027,503933,Federal University of Paraná,Ranking por area,Biology and Biochemistry,Posicao na area,posicao,712.0,empate
2026,2026-2027,503933,Federal University of Paraná,Ranking por area,Biology and Biochemistry,Score na area,score,18.3,
2026,2026-2027,503933,Federal University of Paraná,Ranking por area,Chemistry,Posicao na area,posicao,1022.0,empate
2026,2026-2027,503933,Federal University of Paraná,Ranking por area,Chemistry,Score na area,score,33.7,
2026,2026-2027,503933,Federal University of Paraná,Ranking por area,Clinical Medicine,Posicao na area,posicao,800.0,empate
2026,2026-2027,503933,Federal University of Paraná,Ranking por area,Clinical Medicine,Score na area,score,34.0,
2026,2026-2027,503933,Federal University of Paraná,Ranking por area,Computer Science,Posicao na area,posicao,699.0,empate
2026,2026-2027,503933,Federal University of Paraná,Ranking por area,Computer Science,Score na area,score,24.6,
2026,2026-2027,503933,Federal University of Paraná,Ranking por area,Engineering,Posicao na area,posicao,986.0,empate
2026,2026-2027,503933,Federal University of Paraná,Ranking por area,Engineering,Score na area,score,29.7,
2026,2026-2027,503933,Federal University of Paraná,Ranking por area,Environment/Ecology,Posicao na area,posicao,748.0,empate
2026,2026-2027,503933,Federal University of Paraná,Ranking por area,Environment/Ecology,Score na area,score,30.3,
2026,2026-2027,503933,Federal University of Paraná,Ranking por area,Plant and Animal Science,Posicao na area,posicao,200.0,empate
2026,2026-2027,503933,Federal University of Paraná,Ranking por area,Plant and Animal Science,Score na area,score,52.4,
2026,2026-2027,503933,Federal University of Paraná,Indicador,Geral,Global research reputation,posicao,664.0,
2026,2026-2027,503933,Federal University of Paraná,Indicador,Geral,Regional research reputation,posicao,27.0,
2026,2026-2027,503933,Federal University of Paraná,Indicador,Geral,Publications,posicao,520.0,
2026,2026-2027,503933,Federal University of Paraná,Indicador,Geral,Books,posicao,834.0,
2026,2026-2027,503933,Federal University of Paraná,Indicador,Geral,Conferences,posicao,625.0,
2026,2026-2027,503933,Federal University of Paraná,Indicador,Geral,Normalized citation impact,posicao,2248.0,
2026,2026-2027,503933,Federal University of Paraná,Indicador,Geral,Total citations,posicao,782.0,
2026,2026-2027,503933,Federal University of Paraná,Indicador,Geral,Number of publications that are among the 10% most cited,posicao,1000.0,
2026,2026-2027,503933,Federal University of Paraná,Indicador,Geral,Percentage of total publications that are among the 10% most cited,posicao,2356.0,
2026,2026-2027,503933,Federal University of Paraná,Indicador,Geral,International collaboration - relative to country,posicao,1564.0,
2026,2026-2027,503933,Federal University of Paraná,Indicador,Geral,International collaboration,posicao,1481.0,
2026,2026-2027,503933,Federal University of Paraná,Indicador,Geral,Number of highly cited papers that are among the top 1% most cited,posicao,986.0,
2026,2026-2027,503933,Federal University of Paraná,Indicador,Geral,Percentage of highly cited papers that are among the top 1% most cited,posicao,2097.0,
2026,2026-2027,503933,Federal University of Paraná,Indicador,Agricultural Sciences,Global research reputation,posicao,242.0,
2026,2026-2027,503933,Federal University of Paraná,Indicador,Agricultural Sciences,Regional research reputation,posicao,13.0,
2026,2026-2027,503933,Federal University of Paraná,Indicador,Agricultural Sciences,Publications,posicao,112.0,
2026,2026-2027,503933,Federal University of Paraná,Indicador,Agricultural Sciences,Normalized citation impact,posicao,505.0,
2026,2026-2027,503933,Federal University of Paraná,Indicador,Agricultural Sciences,Total citations,posicao,237.0,
2026,2026-2027,503933,Federal University of Paraná,Indicador,Agricultural Sciences,Number of publications that are among the 10% most cited,posicao,287.0,
2026,2026-2027,503933,Federal University of Paraná,Indicador,Agricultural Sciences,Percentage of total publications that are among the 10% most cited,posicao,471.0,
2026,2026-2027,503933,Federal University of Paraná,Indicador,Agricultural Sciences,International collaboration - relative to country,posicao,398.0,
2026,2026-2027,503933,Federal University of Paraná,Indicador,Agricultural Sciences,International collaboration,posicao,443.0,
2026,2026-2027,503933,Federal University of Paraná,Indicador,Agricultural Sciences,Number of highly cited papers that are among the top 1% most cited,posicao,364.0,
2026,2026-2027,503933,Federal University of Paraná,Indicador,Agricultural Sciences,Percentage of highly cited papers that are among the top 1% most cited,posicao,465.0,
2026,2026-2027,503933,Federal University of Paraná,Indicador,Biology and Biochemistry,Global research reputation,posicao,407.0,substituto
2026,2026-2027,503933,Federal University of Paraná,Indicador,Biology and Biochemistry,Regional research reputation,posicao,16.0,
2026,2026-2027,503933,Federal University of Paraná,Indicador,Biology and Biochemistry,Publications,posicao,437.0,
2026,2026-2027,503933,Federal University of Paraná,Indicador,Biology and Biochemistry,Normalized citation impact,posicao,754.0,
2026,2026-2027,503933,Federal University of Paraná,Indicador,Biology and Biochemistry,Total citations,posicao,590.0,
2026,2026-2027,503933,Federal University of Paraná,Indicador,Biology and Biochemistry,Number of publications that are among the 10% most cited,posicao,747.0,
2026,2026-2027,503933,Federal University of Paraná,Indicador,Biology and Biochemistry,Percentage of total publications that are among the 10% most cited,posicao,799.0,
2026,2026-2027,503933,Federal University of Paraná,Indicador,Biology and Biochemistry,International collaboration - relative to country,posicao,723.0,
2026,2026-2027,503933,Federal University of Paraná,Indicador,Biology and Biochemistry,International collaboration,posicao,596.0,
2026,2026-2027,503933,Federal University of Paraná,Indicador,Biology and Biochemistry,Number of highly cited papers that are among the top 1% most cited,posicao,637.0,
2026,2026-2027,503933,Federal University of Paraná,Indicador,Biology and Biochemistry,Percentage of highly cited papers that are among the top 1% most cited,posicao,686.0,
2026,2026-2027,503933,Federal University of Paraná,Indicador,Chemistry,Global research reputation,posicao,569.0,
2026,2026-2027,503933,Federal University of Paraná,Indicador,Chemistry,Regional research reputation,posicao,27.0,
2026,2026-2027,503933,Federal University of Paraná,Indicador,Chemistry,Publications,posicao,659.0,
2026,2026-2027,503933,Federal University of Paraná,Indicador,Chemistry,Normalized citation impact,posicao,1470.0,
2026,2026-2027,503933,Federal University of Paraná,Indicador,Chemistry,Total citations,posicao,925.0,
2026,2026-2027,503933,Federal University of Paraná,Indicador,Chemistry,Number of publications that are among the 10% most cited,posicao,1083.0,
2026,2026-2027,503933,Federal University of Paraná,Indicador,Chemistry,Percentage of total publications that are among the 10% most cited,posicao,1397.0,
2026,2026-2027,503933,Federal University of Paraná,Indicador,Chemistry,International collaboration - relative to country,posicao,848.0,
2026,2026-2027,503933,Federal University of Paraná,Indicador,Chemistry,International collaboration,posicao,912.0,
2026,2026-2027,503933,Federal University of Paraná,Indicador,Chemistry,Number of highly cited papers that are among the top 1% most cited,posicao,1067.0,
2026,2026-2027,503933,Federal University of Paraná,Indicador,Chemistry,Percentage of highly cited papers that are among the top 1% most cited,posicao,1286.0,
2026,2026-2027,503933,Federal University of Paraná,Indicador,Clinical Medicine,Global research reputation,posicao,697.0,
2026,2026-2027,503933,Federal University of Paraná,Indicador,Clinical Medicine,Regional research reputation,posicao,20.0,
2026,2026-2027,503933,Federal University of Paraná,Indicador,Clinical Medicine,Publications,posicao,628.0,
2026,2026-2027,503933,Federal University of Paraná,Indicador,Clinical Medicine,Normalized citation impact,posicao,776.0,
2026,2026-2027,503933,Federal University of Paraná,Indicador,Clinical Medicine,Total citations,posicao,741.0,
2026,2026-2027,503933,Federal University of Paraná,Indicador,Clinical Medicine,Number of publications that are among the 10% most cited,posicao,793.0,
2026,2026-2027,503933,Federal University of Paraná,Indicador,Clinical Medicine,Percentage of total publications that are among the 10% most cited,posicao,1233.0,
2026,2026-2027,503933,Federal University of Paraná,Indicador,Clinical Medicine,International collaboration - relative to country,posicao,854.0,
2026,2026-2027,503933,Federal University of Paraná,Indicador,Clinical Medicine,International collaboration,posicao,753.0,
2026,2026-2027,503933,Federal University of Paraná,Indicador,Clinical Medicine,Number of highly cited papers that are among the top 1% most cited,posicao,693.0,
2026,2026-2027,503933,Federal University of Paraná,Indicador,Clinical Medicine,Percentage of highly cited papers that are among the top 1% most cited,posicao,848.0,
2026,2026-2027,503933,Federal University of Paraná,Indicador,Computer Science,Global research reputation,posicao,449.0,
2026,2026-2027,503933,Federal University of Paraná,Indicador,Computer Science,Regional research reputation,posicao,11.0,
2026,2026-2027,503933,Federal University of Paraná,Indicador,Computer Science,Publications,posicao,812.0,
2026,2026-2027,503933,Federal University of Paraná,Indicador,Computer Science,Conferences,posicao,512.0,
2026,2026-2027,503933,Federal University of Paraná,Indicador,Computer Science,Normalized citation impact,posicao,891.0,
2026,2026-2027,503933,Federal University of Paraná,Indicador,Computer Science,Total citations,posicao,920.0,
2026,2026-2027,503933,Federal University of Paraná,Indicador,Computer Science,Number of publications that are among the 10% most cited,posicao,765.0,
2026,2026-2027,503933,Federal University of Paraná,Indicador,Computer Science,Percentage of total publications that are among the 10% most cited,posicao,874.0,
2026,2026-2027,503933,Federal University of Paraná,Indicador,Computer Science,International collaboration - relative to country,posicao,600.0,
2026,2026-2027,503933,Federal University of Paraná,Indicador,Computer Science,International collaboration,posicao,598.0,
2026,2026-2027,503933,Federal University of Paraná,Indicador,Computer Science,Number of highly cited papers that are among the top 1% most cited,posicao,774.0,
2026,2026-2027,503933,Federal University of Paraná,Indicador,Computer Science,Percentage of highly cited papers that are among the top 1% most cited,posicao,782.0,
2026,2026-2027,503933,Federal University of Paraná,Indicador,Engineering,Global research reputation,posicao,876.0,substituto
2026,2026-2027,503933,Federal University of Paraná,Indicador,Engineering,Regional research reputation,posicao,22.0,
2026,2026-2027,503933,Federal University of Paraná,Indicador,Engineering,Publications,posicao,826.0,
2026,2026-2027,503933,Federal University of Paraná,Indicador,Engineering,Conferences,posicao,630.0,
2026,2026-2027,503933,Federal University of Paraná,Indicador,Engineering,Normalized citation impact,posicao,1342.0,
2026,2026-2027,503933,Federal University of Paraná,Indicador,Engineering,Total citations,posicao,1036.0,
2026,2026-2027,503933,Federal University of Paraná,Indicador,Engineering,Number of publications that are among the 10% most cited,posicao,1084.0,
2026,2026-2027,503933,Federal University of Paraná,Indicador,Engineering,Percentage of total publications that are among the 10% most cited,posicao,1253.0,
2026,2026-2027,503933,Federal University of Paraná,Indicador,Engineering,International collaboration - relative to country,posicao,1153.0,
2026,2026-2027,503933,Federal University of Paraná,Indicador,Engineering,International collaboration,posicao,1059.0,
2026,2026-2027,503933,Federal University of Paraná,Indicador,Engineering,Number of highly cited papers that are among the top 1% most cited,posicao,671.0,
2026,2026-2027,503933,Federal University of Paraná,Indicador,Engineering,Percentage of highly cited papers that are among the top 1% most cited,posicao,535.0,
2026,2026-2027,503933,Federal University of Paraná,Indicador,Environment/Ecology,Global research reputation,posicao,281.0,substituto
2026,2026-2027,503933,Federal University of Paraná,Indicador,Environment/Ecology,Regional research reputation,posicao,25.0,
2026,2026-2027,503933,Federal University of Paraná,Indicador,Environment/Ecology,Publications,posicao,255.0,
2026,2026-2027,503933,Federal University of Paraná,Indicador,Environment/Ecology,Normalized citation impact,posicao,1065.0,
2026,2026-2027,503933,Federal University of Paraná,Indicador,Environment/Ecology,Total citations,posicao,528.0,
2026,2026-2027,503933,Federal University of Paraná,Indicador,Environment/Ecology,Number of publications that are among the 10% most cited,posicao,716.0,
2026,2026-2027,503933,Federal University of Paraná,Indicador,Environment/Ecology,Percentage of total publications that are among the 10% most cited,posicao,1044.0,
2026,2026-2027,503933,Federal University of Paraná,Indicador,Environment/Ecology,International collaboration - relative to country,posicao,712.0,
2026,2026-2027,503933,Federal University of Paraná,Indicador,Environment/Ecology,International collaboration,posicao,770.0,
2026,2026-2027,503933,Federal University of Paraná,Indicador,Environment/Ecology,Number of highly cited papers that are among the top 1% most cited,posicao,790.0,
2026,2026-2027,503933,Federal University of Paraná,Indicador,Environment/Ecology,Percentage of highly cited papers that are among the top 1% most cited,posicao,1002.0,
2026,2026-2027,503933,Federal University of Paraná,Indicador,Plant and Animal Science,Global research reputation,posicao,130.0,
2026,2026-2027,503933,Federal University of Paraná,Indicador,Plant and Animal Science,Regional research reputation,posicao,11.0,
2026,2026-2027,503933,Federal University of Paraná,Indicador,Plant and Animal Science,Publications,posicao,42.0,
2026,2026-2027,503933,Federal University of Paraná,Indicador,Plant and Animal Science,Normalized citation impact,posicao,738.0,
2026,2026-2027,503933,Federal University of Paraná,Indicador,Plant and Animal Science,Total citations,posicao,147.0,
2026,2026-2027,503933,Federal University of Paraná,Indicador,Plant and Animal Science,Number of publications that are among the 10% most cited,posicao,309.0,
2026,2026-2027,503933,Federal University of Paraná,Indicador,Plant and Animal Science,Percentage of total publications that are among the 10% most cited,posicao,730.0,
2026,2026-2027,503933,Federal University of Paraná,Indicador,Plant and Animal Science,International collaboration - relative to country,posicao,311.0,
2026,2026-2027,503933,Federal University of Paraná,Indicador,Plant and Animal Science,International collaboration,posicao,565.0,
2026,2026-2027,503933,Federal University of Paraná,Indicador,Plant and Animal Science,Number of highly cited papers that are among the top 1% most cited,posicao,363.0,
2026,2026-2027,503933,Federal University of Paraná,Indicador,Plant and Animal Science,Percentage of highly cited papers that are among the top 1% most cited,posicao,689.0,
2026,2026-2027,505014,Federal University of Sao Carlos,Listagem,Geral,Best Universities in Brazil,posicao,11.0,
2026,2026-2027,505014,Federal University of Sao Carlos,Listagem,Geral,Best Global Universities,posicao,1015.0,empate
2026,2026-2027,505014,Federal University of Sao Carlos,Listagem,Geral,Global Score,score,37.3,
2026,2026-2027,505014,Federal University of Sao Carlos,Listagem,Geral,Enrollment,valor,,sem dado
2026,2026-2027,505014,Federal University of Sao Carlos,Perfil institucional,Geral,Total number of students,valor,,sem dado
2026,2026-2027,505014,Federal University of Sao Carlos,Perfil institucional,Geral,Number of international students,valor,,sem dado
2026,2026-2027,505014,Federal University of Sao Carlos,Perfil institucional,Geral,Total number of academic staff,valor,,sem dado
2026,2026-2027,505014,Federal University of Sao Carlos,Perfil institucional,Geral,Number of international staff,valor,,sem dado
2026,2026-2027,505014,Federal University of Sao Carlos,Perfil institucional,Geral,Number of undergraduate degrees awarded,valor,,sem dado
2026,2026-2027,505014,Federal University of Sao Carlos,Perfil institucional,Geral,Number of master's degrees awarded,valor,,sem dado
2026,2026-2027,505014,Federal University of Sao Carlos,Perfil institucional,Geral,Number of doctoral degrees awarded,valor,,sem dado
2026,2026-2027,505014,Federal University of Sao Carlos,Perfil institucional,Geral,Number of research only staff,valor,,sem dado
2026,2026-2027,505014,Federal University of Sao Carlos,Perfil institucional,Geral,Number of new undergraduate students,valor,,sem dado
2026,2026-2027,505014,Federal University of Sao Carlos,Perfil institucional,Geral,Number of new master's students,valor,,sem dado
2026,2026-2027,505014,Federal University of Sao Carlos,Perfil institucional,Geral,Number of new doctoral students,valor,,sem dado
2026,2026-2027,505014,Federal University of Sao Carlos,Ranking geral,Geral,Global score,score,37.3,
2026,2026-2027,505014,Federal University of Sao Carlos,Ranking geral,Geral,Best Global Universities,posicao,1015.0,empate
2026,2026-2027,505014,Federal University of Sao Carlos,Ranking geral,Geral,Best Global Universities in Latin America,posicao,26.0,empate
2026,2026-2027,505014,Federal University of Sao Carlos,Ranking geral,Geral,Best Global Universities in Brazil,posicao,11.0,
2026,2026-2027,505014,Federal University of Sao Carlos,Ranking por area,Agricultural Sciences,Posicao na area,posicao,461.0,empate
2026,2026-2027,505014,Federal University of Sao Carlos,Ranking por area,Agricultural Sciences,Score na area,score,23.9,
2026,2026-2027,505014,Federal University of Sao Carlos,Ranking por area,Biology and Biochemistry,Posicao na area,posicao,717.0,empate
2026,2026-2027,505014,Federal University of Sao Carlos,Ranking por area,Biology and Biochemistry,Score na area,score,18.1,
2026,2026-2027,505014,Federal University of Sao Carlos,Ranking por area,Chemistry,Posicao na area,posicao,322.0,empate
2026,2026-2027,505014,Federal University of Sao Carlos,Ranking por area,Chemistry,Score na area,score,50.8,
2026,2026-2027,505014,Federal University of Sao Carlos,Ranking por area,Clinical Medicine,Posicao na area,posicao,956.0,empate
2026,2026-2027,505014,Federal University of Sao Carlos,Ranking por area,Clinical Medicine,Score na area,score,29.1,
2026,2026-2027,505014,Federal University of Sao Carlos,Ranking por area,Engineering,Posicao na area,posicao,1115.0,empate
2026,2026-2027,505014,Federal University of Sao Carlos,Ranking por area,Engineering,Score na area,score,27.2,
2026,2026-2027,505014,Federal University of Sao Carlos,Ranking por area,Environment/Ecology,Posicao na area,posicao,748.0,empate
2026,2026-2027,505014,Federal University of Sao Carlos,Ranking por area,Environment/Ecology,Score na area,score,30.3,
2026,2026-2027,505014,Federal University of Sao Carlos,Ranking por area,Materials Science,Posicao na area,posicao,389.0,empate
2026,2026-2027,505014,Federal University of Sao Carlos,Ranking por area,Materials Science,Score na area,score,38.8,
2026,2026-2027,505014,Federal University of Sao Carlos,Ranking por area,Physical Chemistry,Posicao na area,posicao,620.0,empate
2026,2026-2027,505014,Federal University of Sao Carlos,Ranking por area,Physical Chemistry,Score na area,score,37.0,
2026,2026-2027,505014,Federal University of Sao Carlos,Ranking por area,Physics,Posicao na area,posicao,930.0,empate
2026,2026-2027,505014,Federal University of Sao Carlos,Ranking por area,Physics,Score na area,score,18.8,
2026,2026-2027,505014,Federal University of Sao Carlos,Ranking por area,Plant and Animal Science,Posicao na area,posicao,516.0,empate
2026,2026-2027,505014,Federal University of Sao Carlos,Ranking por area,Plant and Animal Science,Score na area,score,33.3,
2026,2026-2027,505014,Federal University of Sao Carlos,Ranking por area,Polymer Science,Posicao na area,posicao,235.0,
2026,2026-2027,505014,Federal University of Sao Carlos,Ranking por area,Polymer Science,Score na area,score,19.9,
2026,2026-2027,505014,Federal University of Sao Carlos,Indicador,Geral,Global research reputation,posicao,578.0,
2026,2026-2027,505014,Federal University of Sao Carlos,Indicador,Geral,Regional research reputation,posicao,24.0,
2026,2026-2027,505014,Federal University of Sao Carlos,Indicador,Geral,Publications,posicao,625.0,
2026,2026-2027,505014,Federal University of Sao Carlos,Indicador,Geral,Books,posicao,992.0,
2026,2026-2027,505014,Federal University of Sao Carlos,Indicador,Geral,Conferences,posicao,850.0,
2026,2026-2027,505014,Federal University of Sao Carlos,Indicador,Geral,Normalized citation impact,posicao,2284.0,
2026,2026-2027,505014,Federal University of Sao Carlos,Indicador,Geral,Total citations,posicao,930.0,
2026,2026-2027,505014,Federal University of Sao Carlos,Indicador,Geral,Number of publications that are among the 10% most cited,posicao,1080.0,
2026,2026-2027,505014,Federal University of Sao Carlos,Indicador,Geral,Percentage of total publications that are among the 10% most cited,posicao,2329.0,
2026,2026-2027,505014,Federal University of Sao Carlos,Indicador,Geral,International collaboration - relative to country,posicao,1056.0,
2026,2026-2027,505014,Federal University of Sao Carlos,Indicador,Geral,International collaboration,posicao,1309.0,
2026,2026-2027,505014,Federal University of Sao Carlos,Indicador,Geral,Number of highly cited papers that are among the top 1% most cited,posicao,1246.0,
2026,2026-2027,505014,Federal University of Sao Carlos,Indicador,Geral,Percentage of highly cited papers that are among the top 1% most cited,posicao,2244.0,
2026,2026-2027,505014,Federal University of Sao Carlos,Indicador,Agricultural Sciences,Global research reputation,posicao,270.0,
2026,2026-2027,505014,Federal University of Sao Carlos,Indicador,Agricultural Sciences,Regional research reputation,posicao,29.0,
2026,2026-2027,505014,Federal University of Sao Carlos,Indicador,Agricultural Sciences,Publications,posicao,335.0,
2026,2026-2027,505014,Federal University of Sao Carlos,Indicador,Agricultural Sciences,Normalized citation impact,posicao,457.0,
2026,2026-2027,505014,Federal University of Sao Carlos,Indicador,Agricultural Sciences,Total citations,posicao,421.0,
2026,2026-2027,505014,Federal University of Sao Carlos,Indicador,Agricultural Sciences,Number of publications that are among the 10% most cited,posicao,406.0,
2026,2026-2027,505014,Federal University of Sao Carlos,Indicador,Agricultural Sciences,Percentage of total publications that are among the 10% most cited,posicao,409.0,
2026,2026-2027,505014,Federal University of Sao Carlos,Indicador,Agricultural Sciences,International collaboration - relative to country,posicao,95.0,
2026,2026-2027,505014,Federal University of Sao Carlos,Indicador,Agricultural Sciences,International collaboration,posicao,365.0,
2026,2026-2027,505014,Federal University of Sao Carlos,Indicador,Agricultural Sciences,Number of highly cited papers that are among the top 1% most cited,posicao,364.0,
2026,2026-2027,505014,Federal University of Sao Carlos,Indicador,Agricultural Sciences,Percentage of highly cited papers that are among the top 1% most cited,posicao,369.0,
2026,2026-2027,505014,Federal University of Sao Carlos,Indicador,Biology and Biochemistry,Global research reputation,posicao,407.0,substituto
2026,2026-2027,505014,Federal University of Sao Carlos,Indicador,Biology and Biochemistry,Regional research reputation,posicao,19.0,substituto
2026,2026-2027,505014,Federal University of Sao Carlos,Indicador,Biology and Biochemistry,Publications,posicao,534.0,
2026,2026-2027,505014,Federal University of Sao Carlos,Indicador,Biology and Biochemistry,Normalized citation impact,posicao,777.0,
2026,2026-2027,505014,Federal University of Sao Carlos,Indicador,Biology and Biochemistry,Total citations,posicao,702.0,
2026,2026-2027,505014,Federal University of Sao Carlos,Indicador,Biology and Biochemistry,Number of publications that are among the 10% most cited,posicao,761.0,
2026,2026-2027,505014,Federal University of Sao Carlos,Indicador,Biology and Biochemistry,Percentage of total publications that are among the 10% most cited,posicao,787.0,
2026,2026-2027,505014,Federal University of Sao Carlos,Indicador,Biology and Biochemistry,International collaboration - relative to country,posicao,101.0,
2026,2026-2027,505014,Federal University of Sao Carlos,Indicador,Biology and Biochemistry,International collaboration,posicao,369.0,
2026,2026-2027,505014,Federal University of Sao Carlos,Indicador,Biology and Biochemistry,Number of highly cited papers that are among the top 1% most cited,posicao,571.0,
2026,2026-2027,505014,Federal University of Sao Carlos,Indicador,Biology and Biochemistry,Percentage of highly cited papers that are among the top 1% most cited,posicao,547.0,
2026,2026-2027,505014,Federal University of Sao Carlos,Indicador,Chemistry,Global research reputation,posicao,323.0,
2026,2026-2027,505014,Federal University of Sao Carlos,Indicador,Chemistry,Regional research reputation,posicao,6.0,
2026,2026-2027,505014,Federal University of Sao Carlos,Indicador,Chemistry,Publications,posicao,288.0,
2026,2026-2027,505014,Federal University of Sao Carlos,Indicador,Chemistry,Normalized citation impact,posicao,927.0,
2026,2026-2027,505014,Federal University of Sao Carlos,Indicador,Chemistry,Total citations,posicao,391.0,
2026,2026-2027,505014,Federal University of Sao Carlos,Indicador,Chemistry,Number of publications that are among the 10% most cited,posicao,418.0,
2026,2026-2027,505014,Federal University of Sao Carlos,Indicador,Chemistry,Percentage of total publications that are among the 10% most cited,posicao,884.0,
2026,2026-2027,505014,Federal University of Sao Carlos,Indicador,Chemistry,International collaboration - relative to country,posicao,666.0,
2026,2026-2027,505014,Federal University of Sao Carlos,Indicador,Chemistry,International collaboration,posicao,864.0,
2026,2026-2027,505014,Federal University of Sao Carlos,Indicador,Chemistry,Number of highly cited papers that are among the top 1% most cited,posicao,469.0,
2026,2026-2027,505014,Federal University of Sao Carlos,Indicador,Chemistry,Percentage of highly cited papers that are among the top 1% most cited,posicao,867.0,
2026,2026-2027,505014,Federal University of Sao Carlos,Indicador,Clinical Medicine,Global research reputation,posicao,300.0,
2026,2026-2027,505014,Federal University of Sao Carlos,Indicador,Clinical Medicine,Regional research reputation,posicao,11.0,
2026,2026-2027,505014,Federal University of Sao Carlos,Indicador,Clinical Medicine,Publications,posicao,779.0,
2026,2026-2027,505014,Federal University of Sao Carlos,Indicador,Clinical Medicine,Normalized citation impact,posicao,1377.0,
2026,2026-2027,505014,Federal University of Sao Carlos,Indicador,Clinical Medicine,Total citations,posicao,1166.0,
2026,2026-2027,505014,Federal University of Sao Carlos,Indicador,Clinical Medicine,Number of publications that are among the 10% most cited,posicao,1147.0,
2026,2026-2027,505014,Federal University of Sao Carlos,Indicador,Clinical Medicine,Percentage of total publications that are among the 10% most cited,posicao,1365.0,
2026,2026-2027,505014,Federal University of Sao Carlos,Indicador,Clinical Medicine,International collaboration - relative to country,posicao,887.0,
2026,2026-2027,505014,Federal University of Sao Carlos,Indicador,Clinical Medicine,International collaboration,posicao,762.0,
2026,2026-2027,505014,Federal University of Sao Carlos,Indicador,Clinical Medicine,Number of highly cited papers that are among the top 1% most cited,posicao,1306.0,
2026,2026-2027,505014,Federal University of Sao Carlos,Indicador,Clinical Medicine,Percentage of highly cited papers that are among the top 1% most cited,posicao,1381.0,
2026,2026-2027,505014,Federal University of Sao Carlos,Indicador,Engineering,Global research reputation,posicao,676.0,
2026,2026-2027,505014,Federal University of Sao Carlos,Indicador,Engineering,Regional research reputation,posicao,17.0,
2026,2026-2027,505014,Federal University of Sao Carlos,Indicador,Engineering,Publications,posicao,808.0,
2026,2026-2027,505014,Federal University of Sao Carlos,Indicador,Engineering,Conferences,posicao,914.0,
2026,2026-2027,505014,Federal University of Sao Carlos,Indicador,Engineering,Normalized citation impact,posicao,1297.0,
2026,2026-2027,505014,Federal University of Sao Carlos,Indicador,Engineering,Total citations,posicao,997.0,
2026,2026-2027,505014,Federal University of Sao Carlos,Indicador,Engineering,Number of publications that are among the 10% most cited,posicao,1275.0,
2026,2026-2027,505014,Federal University of Sao Carlos,Indicador,Engineering,Percentage of total publications that are among the 10% most cited,posicao,1479.0,
2026,2026-2027,505014,Federal University of Sao Carlos,Indicador,Engineering,International collaboration - relative to country,posicao,1100.0,
2026,2026-2027,505014,Federal University of Sao Carlos,Indicador,Engineering,International collaboration,posicao,1034.0,
2026,2026-2027,505014,Federal University of Sao Carlos,Indicador,Engineering,Number of highly cited papers that are among the top 1% most cited,posicao,1438.0,
2026,2026-2027,505014,Federal University of Sao Carlos,Indicador,Engineering,Percentage of highly cited papers that are among the top 1% most cited,posicao,1533.0,
2026,2026-2027,505014,Federal University of Sao Carlos,Indicador,Environment/Ecology,Global research reputation,posicao,281.0,
2026,2026-2027,505014,Federal University of Sao Carlos,Indicador,Environment/Ecology,Regional research reputation,posicao,20.0,
2026,2026-2027,505014,Federal University of Sao Carlos,Indicador,Environment/Ecology,Publications,posicao,363.0,
2026,2026-2027,505014,Federal University of Sao Carlos,Indicador,Environment/Ecology,Normalized citation impact,posicao,1042.0,
2026,2026-2027,505014,Federal University of Sao Carlos,Indicador,Environment/Ecology,Total citations,posicao,615.0,
2026,2026-2027,505014,Federal University of Sao Carlos,Indicador,Environment/Ecology,Number of publications that are among the 10% most cited,posicao,902.0,
2026,2026-2027,505014,Federal University of Sao Carlos,Indicador,Environment/Ecology,Percentage of total publications that are among the 10% most cited,posicao,1063.0,
2026,2026-2027,505014,Federal University of Sao Carlos,Indicador,Environment/Ecology,International collaboration - relative to country,posicao,715.0,
2026,2026-2027,505014,Federal University of Sao Carlos,Indicador,Environment/Ecology,International collaboration,posicao,773.0,
2026,2026-2027,505014,Federal University of Sao Carlos,Indicador,Environment/Ecology,Number of highly cited papers that are among the top 1% most cited,posicao,713.0,
2026,2026-2027,505014,Federal University of Sao Carlos,Indicador,Environment/Ecology,Percentage of highly cited papers that are among the top 1% most cited,posicao,928.0,
2026,2026-2027,505014,Federal University of Sao Carlos,Indicador,Materials Science,Global research reputation,posicao,219.0,
2026,2026-2027,505014,Federal University of Sao Carlos,Indicador,Materials Science,Regional research reputation,posicao,4.0,
2026,2026-2027,505014,Federal University of Sao Carlos,Indicador,Materials Science,Publications,posicao,234.0,
2026,2026-2027,505014,Federal University of Sao Carlos,Indicador,Materials Science,Normalized citation impact,posicao,1047.0,
2026,2026-2027,505014,Federal University of Sao Carlos,Indicador,Materials Science,Total citations,posicao,411.0,
2026,2026-2027,505014,Federal University of Sao Carlos,Indicador,Materials Science,Number of publications that are among the 10% most cited,posicao,718.0,
2026,2026-2027,505014,Federal University of Sao Carlos,Indicador,Materials Science,Percentage of total publications that are among the 10% most cited,posicao,1087.0,
2026,2026-2027,505014,Federal University of Sao Carlos,Indicador,Materials Science,International collaboration - relative to country,posicao,274.0,
2026,2026-2027,505014,Federal University of Sao Carlos,Indicador,Materials Science,International collaboration,posicao,589.0,
2026,2026-2027,505014,Federal University of Sao Carlos,Indicador,Materials Science,Number of highly cited papers that are among the top 1% most cited,posicao,505.0,
2026,2026-2027,505014,Federal University of Sao Carlos,Indicador,Materials Science,Percentage of highly cited papers that are among the top 1% most cited,posicao,813.0,
2026,2026-2027,505014,Federal University of Sao Carlos,Indicador,Physical Chemistry,Publications,posicao,352.0,
2026,2026-2027,505014,Federal University of Sao Carlos,Indicador,Physical Chemistry,Conferences,posicao,17.0,
2026,2026-2027,505014,Federal University of Sao Carlos,Indicador,Physical Chemistry,Normalized citation impact,posicao,714.0,
2026,2026-2027,505014,Federal University of Sao Carlos,Indicador,Physical Chemistry,Total citations,posicao,521.0,
2026,2026-2027,505014,Federal University of Sao Carlos,Indicador,Physical Chemistry,Number of publications that are among the 10% most cited,posicao,700.0,
2026,2026-2027,505014,Federal University of Sao Carlos,Indicador,Physical Chemistry,Percentage of total publications that are among the 10% most cited,posicao,771.0,
2026,2026-2027,505014,Federal University of Sao Carlos,Indicador,Physical Chemistry,International collaboration - relative to country,posicao,237.0,
2026,2026-2027,505014,Federal University of Sao Carlos,Indicador,Physical Chemistry,International collaboration,posicao,400.0,
2026,2026-2027,505014,Federal University of Sao Carlos,Indicador,Physical Chemistry,Number of highly cited papers that are among the top 1% most cited,posicao,581.0,
2026,2026-2027,505014,Federal University of Sao Carlos,Indicador,Physical Chemistry,Percentage of highly cited papers that are among the top 1% most cited,posicao,663.0,
2026,2026-2027,505014,Federal University of Sao Carlos,Indicador,Physics,Global research reputation,posicao,380.0,substituto
2026,2026-2027,505014,Federal University of Sao Carlos,Indicador,Physics,Regional research reputation,posicao,20.0,
2026,2026-2027,505014,Federal University of Sao Carlos,Indicador,Physics,Publications,posicao,747.0,
2026,2026-2027,505014,Federal University of Sao Carlos,Indicador,Physics,Normalized citation impact,posicao,996.0,
2026,2026-2027,505014,Federal University of Sao Carlos,Indicador,Physics,Total citations,posicao,939.0,
2026,2026-2027,505014,Federal University of Sao Carlos,Indicador,Physics,Number of publications that are among the 10% most cited,posicao,943.0,
2026,2026-2027,505014,Federal University of Sao Carlos,Indicador,Physics,Percentage of total publications that are among the 10% most cited,posicao,957.0,
2026,2026-2027,505014,Federal University of Sao Carlos,Indicador,Physics,International collaboration - relative to country,posicao,789.0,
2026,2026-2027,505014,Federal University of Sao Carlos,Indicador,Physics,International collaboration,posicao,731.0,
2026,2026-2027,505014,Federal University of Sao Carlos,Indicador,Physics,Number of highly cited papers that are among the top 1% most cited,posicao,959.0,
2026,2026-2027,505014,Federal University of Sao Carlos,Indicador,Physics,Percentage of highly cited papers that are among the top 1% most cited,posicao,994.0,
2026,2026-2027,505014,Federal University of Sao Carlos,Indicador,Plant and Animal Science,Global research reputation,posicao,309.0,substituto
2026,2026-2027,505014,Federal University of Sao Carlos,Indicador,Plant and Animal Science,Regional research reputation,posicao,24.0,
2026,2026-2027,505014,Federal University of Sao Carlos,Indicador,Plant and Animal Science,Publications,posicao,237.0,
2026,2026-2027,505014,Federal University of Sao Carlos,Indicador,Plant and Animal Science,Normalized citation impact,posicao,688.0,
2026,2026-2027,505014,Federal University of Sao Carlos,Indicador,Plant and Animal Science,Total citations,posicao,449.0,
2026,2026-2027,505014,Federal University of Sao Carlos,Indicador,Plant and Animal Science,Number of publications that are among the 10% most cited,posicao,559.0,
2026,2026-2027,505014,Federal University of Sao Carlos,Indicador,Plant and Animal Science,Percentage of total publications that are among the 10% most cited,posicao,692.0,
2026,2026-2027,505014,Federal University of Sao Carlos,Indicador,Plant and Animal Science,International collaboration - relative to country,posicao,199.0,
2026,2026-2027,505014,Federal University of Sao Carlos,Indicador,Plant and Animal Science,International collaboration,posicao,541.0,
2026,2026-2027,505014,Federal University of Sao Carlos,Indicador,Plant and Animal Science,Number of highly cited papers that are among the top 1% most cited,posicao,524.0,
2026,2026-2027,505014,Federal University of Sao Carlos,Indicador,Plant and Animal Science,Percentage of highly cited papers that are among the top 1% most cited,posicao,636.0,
2026,2026-2027,505014,Federal University of Sao Carlos,Indicador,Polymer Science,Publications,posicao,162.0,
2026,2026-2027,505014,Federal University of Sao Carlos,Indicador,Polymer Science,Conferences,posicao,11.0,
2026,2026-2027,505014,Federal University of Sao Carlos,Indicador,Polymer Science,Normalized citation impact,posicao,246.0,
2026,2026-2027,505014,Federal University of Sao Carlos,Indicador,Polymer Science,Total citations,posicao,235.0,
2026,2026-2027,505014,Federal University of Sao Carlos,Indicador,Polymer Science,Number of publications that are among the 10% most cited,posicao,225.0,
2026,2026-2027,505014,Federal University of Sao Carlos,Indicador,Polymer Science,Percentage of total publications that are among the 10% most cited,posicao,226.0,
2026,2026-2027,505014,Federal University of Sao Carlos,Indicador,Polymer Science,International collaboration - relative to country,posicao,230.0,
2026,2026-2027,505014,Federal University of Sao Carlos,Indicador,Polymer Science,International collaboration,posicao,165.0,
2026,2026-2027,505014,Federal University of Sao Carlos,Indicador,Polymer Science,Number of highly cited papers that are among the top 1% most cited,posicao,163.0,
2026,2026-2027,505014,Federal University of Sao Carlos,Indicador,Polymer Science,Percentage of highly cited papers that are among the top 1% most cited,posicao,180.0,
2026,2026-2027,506633,Federal University of Pernambuco,Listagem,Geral,Best Universities in Brazil,posicao,12.0,
2026,2026-2027,506633,Federal University of Pernambuco,Listagem,Geral,Best Global Universities,posicao,1033.0,empate
2026,2026-2027,506633,Federal University of Pernambuco,Listagem,Geral,Global Score,score,37.0,
2026,2026-2027,506633,Federal University of Pernambuco,Listagem,Geral,Enrollment,valor,,sem dado
2026,2026-2027,506633,Federal University of Pernambuco,Perfil institucional,Geral,Total number of students,valor,,sem dado
2026,2026-2027,506633,Federal University of Pernambuco,Perfil institucional,Geral,Number of international students,valor,,sem dado
2026,2026-2027,506633,Federal University of Pernambuco,Perfil institucional,Geral,Total number of academic staff,valor,,sem dado
2026,2026-2027,506633,Federal University of Pernambuco,Perfil institucional,Geral,Number of international staff,valor,,sem dado
2026,2026-2027,506633,Federal University of Pernambuco,Perfil institucional,Geral,Number of undergraduate degrees awarded,valor,,sem dado
2026,2026-2027,506633,Federal University of Pernambuco,Perfil institucional,Geral,Number of master's degrees awarded,valor,,sem dado
2026,2026-2027,506633,Federal University of Pernambuco,Perfil institucional,Geral,Number of doctoral degrees awarded,valor,,sem dado
2026,2026-2027,506633,Federal University of Pernambuco,Perfil institucional,Geral,Number of research only staff,valor,,sem dado
2026,2026-2027,506633,Federal University of Pernambuco,Perfil institucional,Geral,Number of new undergraduate students,valor,,sem dado
2026,2026-2027,506633,Federal University of Pernambuco,Perfil institucional,Geral,Number of new master's students,valor,,sem dado
2026,2026-2027,506633,Federal University of Pernambuco,Perfil institucional,Geral,Number of new doctoral students,valor,,sem dado
2026,2026-2027,506633,Federal University of Pernambuco,Ranking geral,Geral,Global score,score,37.0,
2026,2026-2027,506633,Federal University of Pernambuco,Ranking geral,Geral,Best Global Universities,posicao,1033.0,empate
2026,2026-2027,506633,Federal University of Pernambuco,Ranking geral,Geral,Best Global Universities in Latin America,posicao,28.0,empate
2026,2026-2027,506633,Federal University of Pernambuco,Ranking geral,Geral,Best Global Universities in Brazil,posicao,12.0,
2026,2026-2027,506633,Federal University of Pernambuco,Ranking por area,Agricultural Sciences,Posicao na area,posicao,456.0,empate
2026,2026-2027,506633,Federal University of Pernambuco,Ranking por area,Agricultural Sciences,Score na area,score,24.4,
2026,2026-2027,506633,Federal University of Pernambuco,Ranking por area,Chemistry,Posicao na area,posicao,995.0,empate
2026,2026-2027,506633,Federal University of Pernambuco,Ranking por area,Chemistry,Score na area,score,34.4,
2026,2026-2027,506633,Federal University of Pernambuco,Ranking por area,Clinical Medicine,Posicao na area,posicao,948.0,empate
2026,2026-2027,506633,Federal University of Pernambuco,Ranking por area,Clinical Medicine,Score na area,score,29.3,
2026,2026-2027,506633,Federal University of Pernambuco,Ranking por area,Computer Science,Posicao na area,posicao,645.0,empate
2026,2026-2027,506633,Federal University of Pernambuco,Ranking por area,Computer Science,Score na area,score,26.6,
2026,2026-2027,506633,Federal University of Pernambuco,Ranking por area,Engineering,Posicao na area,posicao,1155.0,empate
2026,2026-2027,506633,Federal University of Pernambuco,Ranking por area,Engineering,Score na area,score,26.4,
2026,2026-2027,506633,Federal University of Pernambuco,Ranking por area,Environment/Ecology,Posicao na area,posicao,636.0,empate
2026,2026-2027,506633,Federal University of Pernambuco,Ranking por area,Environment/Ecology,Score na area,score,33.9,
2026,2026-2027,506633,Federal University of Pernambuco,Ranking por area,Physics,Posicao na area,posicao,855.0,empate
2026,2026-2027,506633,Federal University of Pernambuco,Ranking por area,Physics,Score na area,score,23.7,
2026,2026-2027,506633,Federal University of Pernambuco,Ranking por area,Plant and Animal Science,Posicao na area,posicao,269.0,empate
2026,2026-2027,506633,Federal University of Pernambuco,Ranking por area,Plant and Animal Science,Score na area,score,48.4,
2026,2026-2027,506633,Federal University of Pernambuco,Indicador,Geral,Global research reputation,posicao,877.0,
2026,2026-2027,506633,Federal University of Pernambuco,Indicador,Geral,Regional research reputation,posicao,18.0,
2026,2026-2027,506633,Federal University of Pernambuco,Indicador,Geral,Publications,posicao,640.0,
2026,2026-2027,506633,Federal University of Pernambuco,Indicador,Geral,Books,posicao,876.0,
2026,2026-2027,506633,Federal University of Pernambuco,Indicador,Geral,Conferences,posicao,481.0,
2026,2026-2027,506633,Federal University of Pernambuco,Indicador,Geral,Normalized citation impact,posicao,2089.0,
2026,2026-2027,506633,Federal University of Pernambuco,Indicador,Geral,Total citations,posicao,852.0,
2026,2026-2027,506633,Federal University of Pernambuco,Indicador,Geral,Number of publications that are among the 10% most cited,posicao,1092.0,
2026,2026-2027,506633,Federal University of Pernambuco,Indicador,Geral,Percentage of total publications that are among the 10% most cited,posicao,2325.0,
2026,2026-2027,506633,Federal University of Pernambuco,Indicador,Geral,International collaboration - relative to country,posicao,1667.0,
2026,2026-2027,506633,Federal University of Pernambuco,Indicador,Geral,International collaboration,posicao,1520.0,
2026,2026-2027,506633,Federal University of Pernambuco,Indicador,Geral,Number of highly cited papers that are among the top 1% most cited,posicao,1098.0,
2026,2026-2027,506633,Federal University of Pernambuco,Indicador,Geral,Percentage of highly cited papers that are among the top 1% most cited,posicao,2076.0,
2026,2026-2027,506633,Federal University of Pernambuco,Indicador,Agricultural Sciences,Global research reputation,posicao,270.0,
2026,2026-2027,506633,Federal University of Pernambuco,Indicador,Agricultural Sciences,Regional research reputation,posicao,20.0,
2026,2026-2027,506633,Federal University of Pernambuco,Indicador,Agricultural Sciences,Publications,posicao,434.0,
2026,2026-2027,506633,Federal University of Pernambuco,Indicador,Agricultural Sciences,Normalized citation impact,posicao,436.0,
2026,2026-2027,506633,Federal University of Pernambuco,Indicador,Agricultural Sciences,Total citations,posicao,476.0,
2026,2026-2027,506633,Federal University of Pernambuco,Indicador,Agricultural Sciences,Number of publications that are among the 10% most cited,posicao,448.0,
2026,2026-2027,506633,Federal University of Pernambuco,Indicador,Agricultural Sciences,Percentage of total publications that are among the 10% most cited,posicao,404.0,
2026,2026-2027,506633,Federal University of Pernambuco,Indicador,Agricultural Sciences,International collaboration - relative to country,posicao,90.0,
2026,2026-2027,506633,Federal University of Pernambuco,Indicador,Agricultural Sciences,International collaboration,posicao,359.0,
2026,2026-2027,506633,Federal University of Pernambuco,Indicador,Agricultural Sciences,Number of highly cited papers that are among the top 1% most cited,posicao,364.0,
2026,2026-2027,506633,Federal University of Pernambuco,Indicador,Agricultural Sciences,Percentage of highly cited papers that are among the top 1% most cited,posicao,316.0,
2026,2026-2027,506633,Federal University of Pernambuco,Indicador,Chemistry,Global research reputation,posicao,569.0,substituto
2026,2026-2027,506633,Federal University of Pernambuco,Indicador,Chemistry,Regional research reputation,posicao,12.0,
2026,2026-2027,506633,Federal University of Pernambuco,Indicador,Chemistry,Publications,posicao,835.0,
2026,2026-2027,506633,Federal University of Pernambuco,Indicador,Chemistry,Normalized citation impact,posicao,1397.0,
2026,2026-2027,506633,Federal University of Pernambuco,Indicador,Chemistry,Total citations,posicao,1056.0,
2026,2026-2027,506633,Federal University of Pernambuco,Indicador,Chemistry,Number of publications that are among the 10% most cited,posicao,1177.0,
2026,2026-2027,506633,Federal University of Pernambuco,Indicador,Chemistry,Percentage of total publications that are among the 10% most cited,posicao,1370.0,
2026,2026-2027,506633,Federal University of Pernambuco,Indicador,Chemistry,International collaboration - relative to country,posicao,701.0,
2026,2026-2027,506633,Federal University of Pernambuco,Indicador,Chemistry,International collaboration,posicao,875.0,
2026,2026-2027,506633,Federal University of Pernambuco,Indicador,Chemistry,Number of highly cited papers that are among the top 1% most cited,posicao,957.0,
2026,2026-2027,506633,Federal University of Pernambuco,Indicador,Chemistry,Percentage of highly cited papers that are among the top 1% most cited,posicao,1063.0,
2026,2026-2027,506633,Federal University of Pernambuco,Indicador,Clinical Medicine,Global research reputation,posicao,697.0,substituto
2026,2026-2027,506633,Federal University of Pernambuco,Indicador,Clinical Medicine,Regional research reputation,posicao,28.0,
2026,2026-2027,506633,Federal University of Pernambuco,Indicador,Clinical Medicine,Publications,posicao,689.0,
2026,2026-2027,506633,Federal University of Pernambuco,Indicador,Clinical Medicine,Normalized citation impact,posicao,650.0,
2026,2026-2027,506633,Federal University of Pernambuco,Indicador,Clinical Medicine,Total citations,posicao,739.0,
2026,2026-2027,506633,Federal University of Pernambuco,Indicador,Clinical Medicine,Number of publications that are among the 10% most cited,posicao,1053.0,
2026,2026-2027,506633,Federal University of Pernambuco,Indicador,Clinical Medicine,Percentage of total publications that are among the 10% most cited,posicao,1374.0,
2026,2026-2027,506633,Federal University of Pernambuco,Indicador,Clinical Medicine,International collaboration - relative to country,posicao,1213.0,
2026,2026-2027,506633,Federal University of Pernambuco,Indicador,Clinical Medicine,International collaboration,posicao,931.0,
2026,2026-2027,506633,Federal University of Pernambuco,Indicador,Clinical Medicine,Number of highly cited papers that are among the top 1% most cited,posicao,940.0,
2026,2026-2027,506633,Federal University of Pernambuco,Indicador,Clinical Medicine,Percentage of highly cited papers that are among the top 1% most cited,posicao,1105.0,
2026,2026-2027,506633,Federal University of Pernambuco,Indicador,Computer Science,Global research reputation,posicao,343.0,
2026,2026-2027,506633,Federal University of Pernambuco,Indicador,Computer Science,Regional research reputation,posicao,7.0,
2026,2026-2027,506633,Federal University of Pernambuco,Indicador,Computer Science,Publications,posicao,513.0,
2026,2026-2027,506633,Federal University of Pernambuco,Indicador,Computer Science,Conferences,posicao,368.0,
2026,2026-2027,506633,Federal University of Pernambuco,Indicador,Computer Science,Normalized citation impact,posicao,1021.0,
2026,2026-2027,506633,Federal University of Pernambuco,Indicador,Computer Science,Total citations,posicao,809.0,
2026,2026-2027,506633,Federal University of Pernambuco,Indicador,Computer Science,Number of publications that are among the 10% most cited,posicao,775.0,
2026,2026-2027,506633,Federal University of Pernambuco,Indicador,Computer Science,Percentage of total publications that are among the 10% most cited,posicao,1033.0,
2026,2026-2027,506633,Federal University of Pernambuco,Indicador,Computer Science,International collaboration - relative to country,posicao,715.0,
2026,2026-2027,506633,Federal University of Pernambuco,Indicador,Computer Science,International collaboration,posicao,650.0,
2026,2026-2027,506633,Federal University of Pernambuco,Indicador,Computer Science,Number of highly cited papers that are among the top 1% most cited,posicao,939.0,substituto
2026,2026-2027,506633,Federal University of Pernambuco,Indicador,Computer Science,Percentage of highly cited papers that are among the top 1% most cited,posicao,1015.0,substituto
2026,2026-2027,506633,Federal University of Pernambuco,Indicador,Engineering,Global research reputation,posicao,652.0,
2026,2026-2027,506633,Federal University of Pernambuco,Indicador,Engineering,Regional research reputation,posicao,19.0,
2026,2026-2027,506633,Federal University of Pernambuco,Indicador,Engineering,Publications,posicao,878.0,
2026,2026-2027,506633,Federal University of Pernambuco,Indicador,Engineering,Conferences,posicao,571.0,
2026,2026-2027,506633,Federal University of Pernambuco,Indicador,Engineering,Normalized citation impact,posicao,1528.0,
2026,2026-2027,506633,Federal University of Pernambuco,Indicador,Engineering,Total citations,posicao,1208.0,
2026,2026-2027,506633,Federal University of Pernambuco,Indicador,Engineering,Number of publications that are among the 10% most cited,posicao,1456.0,
2026,2026-2027,506633,Federal University of Pernambuco,Indicador,Engineering,Percentage of total publications that are among the 10% most cited,posicao,1569.0,
2026,2026-2027,506633,Federal University of Pernambuco,Indicador,Engineering,International collaboration - relative to country,posicao,941.0,
2026,2026-2027,506633,Federal University of Pernambuco,Indicador,Engineering,International collaboration,posicao,996.0,
2026,2026-2027,506633,Federal University of Pernambuco,Indicador,Engineering,Number of highly cited papers that are among the top 1% most cited,posicao,1206.0,
2026,2026-2027,506633,Federal University of Pernambuco,Indicador,Engineering,Percentage of highly cited papers that are among the top 1% most cited,posicao,1327.0,
2026,2026-2027,506633,Federal University of Pernambuco,Indicador,Environment/Ecology,Global research reputation,posicao,281.0,substituto
2026,2026-2027,506633,Federal University of Pernambuco,Indicador,Environment/Ecology,Regional research reputation,posicao,16.0,
2026,2026-2027,506633,Federal University of Pernambuco,Indicador,Environment/Ecology,Publications,posicao,290.0,
2026,2026-2027,506633,Federal University of Pernambuco,Indicador,Environment/Ecology,Normalized citation impact,posicao,1032.0,
2026,2026-2027,506633,Federal University of Pernambuco,Indicador,Environment/Ecology,Total citations,posicao,517.0,
2026,2026-2027,506633,Federal University of Pernambuco,Indicador,Environment/Ecology,Number of publications that are among the 10% most cited,posicao,747.0,
2026,2026-2027,506633,Federal University of Pernambuco,Indicador,Environment/Ecology,Percentage of total publications that are among the 10% most cited,posicao,1040.0,
2026,2026-2027,506633,Federal University of Pernambuco,Indicador,Environment/Ecology,International collaboration - relative to country,posicao,756.0,
2026,2026-2027,506633,Federal University of Pernambuco,Indicador,Environment/Ecology,International collaboration,posicao,783.0,
2026,2026-2027,506633,Federal University of Pernambuco,Indicador,Environment/Ecology,Number of highly cited papers that are among the top 1% most cited,posicao,713.0,
2026,2026-2027,506633,Federal University of Pernambuco,Indicador,Environment/Ecology,Percentage of highly cited papers that are among the top 1% most cited,posicao,973.0,
2026,2026-2027,506633,Federal University of Pernambuco,Indicador,Physics,Global research reputation,posicao,380.0,
2026,2026-2027,506633,Federal University of Pernambuco,Indicador,Physics,Regional research reputation,posicao,10.0,
2026,2026-2027,506633,Federal University of Pernambuco,Indicador,Physics,Publications,posicao,636.0,
2026,2026-2027,506633,Federal University of Pernambuco,Indicador,Physics,Normalized citation impact,posicao,975.0,
2026,2026-2027,506633,Federal University of Pernambuco,Indicador,Physics,Total citations,posicao,869.0,
2026,2026-2027,506633,Federal University of Pernambuco,Indicador,Physics,Number of publications that are among the 10% most cited,posicao,951.0,
2026,2026-2027,506633,Federal University of Pernambuco,Indicador,Physics,Percentage of total publications that are among the 10% most cited,posicao,1002.0,
2026,2026-2027,506633,Federal University of Pernambuco,Indicador,Physics,International collaboration - relative to country,posicao,835.0,
2026,2026-2027,506633,Federal University of Pernambuco,Indicador,Physics,International collaboration,posicao,745.0,
2026,2026-2027,506633,Federal University of Pernambuco,Indicador,Physics,Number of highly cited papers that are among the top 1% most cited,posicao,908.0,
2026,2026-2027,506633,Federal University of Pernambuco,Indicador,Physics,Percentage of highly cited papers that are among the top 1% most cited,posicao,942.0,
2026,2026-2027,506633,Federal University of Pernambuco,Indicador,Plant and Animal Science,Global research reputation,posicao,309.0,
2026,2026-2027,506633,Federal University of Pernambuco,Indicador,Plant and Animal Science,Regional research reputation,posicao,16.0,
2026,2026-2027,506633,Federal University of Pernambuco,Indicador,Plant and Animal Science,Publications,posicao,147.0,
2026,2026-2027,506633,Federal University of Pernambuco,Indicador,Plant and Animal Science,Normalized citation impact,posicao,412.0,
2026,2026-2027,506633,Federal University of Pernambuco,Indicador,Plant and Animal Science,Total citations,posicao,149.0,
2026,2026-2027,506633,Federal University of Pernambuco,Indicador,Plant and Animal Science,Number of publications that are among the 10% most cited,posicao,358.0,
2026,2026-2027,506633,Federal University of Pernambuco,Indicador,Plant and Animal Science,Percentage of total publications that are among the 10% most cited,posicao,632.0,
2026,2026-2027,506633,Federal University of Pernambuco,Indicador,Plant and Animal Science,International collaboration - relative to country,posicao,173.0,
2026,2026-2027,506633,Federal University of Pernambuco,Indicador,Plant and Animal Science,International collaboration,posicao,529.0,
2026,2026-2027,506633,Federal University of Pernambuco,Indicador,Plant and Animal Science,Number of highly cited papers that are among the top 1% most cited,posicao,122.0,
2026,2026-2027,506633,Federal University of Pernambuco,Indicador,Plant and Animal Science,Percentage of highly cited papers that are among the top 1% most cited,posicao,262.0,
2026,2026-2027,528977,Universidade Federal da Bahia,Listagem,Geral,Best Universities in Brazil,posicao,13.0,empate
2026,2026-2027,528977,Universidade Federal da Bahia,Listagem,Geral,Best Global Universities,posicao,1112.0,empate
2026,2026-2027,528977,Universidade Federal da Bahia,Listagem,Geral,Global Score,score,35.8,
2026,2026-2027,528977,Universidade Federal da Bahia,Listagem,Geral,Enrollment,valor,,sem dado
2026,2026-2027,528977,Universidade Federal da Bahia,Perfil institucional,Geral,Total number of students,valor,,sem dado
2026,2026-2027,528977,Universidade Federal da Bahia,Perfil institucional,Geral,Number of international students,valor,,sem dado
2026,2026-2027,528977,Universidade Federal da Bahia,Perfil institucional,Geral,Total number of academic staff,valor,,sem dado
2026,2026-2027,528977,Universidade Federal da Bahia,Perfil institucional,Geral,Number of international staff,valor,,sem dado
2026,2026-2027,528977,Universidade Federal da Bahia,Perfil institucional,Geral,Number of undergraduate degrees awarded,valor,,sem dado
2026,2026-2027,528977,Universidade Federal da Bahia,Perfil institucional,Geral,Number of master's degrees awarded,valor,,sem dado
2026,2026-2027,528977,Universidade Federal da Bahia,Perfil institucional,Geral,Number of doctoral degrees awarded,valor,,sem dado
2026,2026-2027,528977,Universidade Federal da Bahia,Perfil institucional,Geral,Number of research only staff,valor,,sem dado
2026,2026-2027,528977,Universidade Federal da Bahia,Perfil institucional,Geral,Number of new undergraduate students,valor,,sem dado
2026,2026-2027,528977,Universidade Federal da Bahia,Perfil institucional,Geral,Number of new master's students,valor,,sem dado
2026,2026-2027,528977,Universidade Federal da Bahia,Perfil institucional,Geral,Number of new doctoral students,valor,,sem dado
2026,2026-2027,528977,Universidade Federal da Bahia,Ranking geral,Geral,Global score,score,35.8,
2026,2026-2027,528977,Universidade Federal da Bahia,Ranking geral,Geral,Best Global Universities,posicao,1112.0,empate
2026,2026-2027,528977,Universidade Federal da Bahia,Ranking geral,Geral,Best Global Universities in Latin America,posicao,31.0,empate
2026,2026-2027,528977,Universidade Federal da Bahia,Ranking geral,Geral,Best Global Universities in Brazil,posicao,13.0,empate
2026,2026-2027,528977,Universidade Federal da Bahia,Ranking por area,Chemistry,Posicao na area,posicao,1447.0,empate
2026,2026-2027,528977,Universidade Federal da Bahia,Ranking por area,Chemistry,Score na area,score,24.3,
2026,2026-2027,528977,Universidade Federal da Bahia,Ranking por area,Clinical Medicine,Posicao na area,posicao,707.0,empate
2026,2026-2027,528977,Universidade Federal da Bahia,Ranking por area,Clinical Medicine,Score na area,score,36.4,
2026,2026-2027,528977,Universidade Federal da Bahia,Ranking por area,Environment/Ecology,Posicao na area,posicao,928.0,empate
2026,2026-2027,528977,Universidade Federal da Bahia,Ranking por area,Environment/Ecology,Score na area,score,24.5,
2026,2026-2027,528977,Universidade Federal da Bahia,Ranking por area,Infectious Diseases,Posicao na area,posicao,248.0,
2026,2026-2027,528977,Universidade Federal da Bahia,Ranking por area,Infectious Diseases,Score na area,score,16.7,
2026,2026-2027,528977,Universidade Federal da Bahia,Ranking por area,Plant and Animal Science,Posicao na area,posicao,566.0,empate
2026,2026-2027,528977,Universidade Federal da Bahia,Ranking por area,Plant and Animal Science,Score na area,score,30.5,
2026,2026-2027,528977,Universidade Federal da Bahia,Ranking por area,"Public, Environmental and Occupational Health",Posicao na area,posicao,309.0,empate
2026,2026-2027,528977,Universidade Federal da Bahia,Ranking por area,"Public, Environmental and Occupational Health",Score na area,score,48.2,
2026,2026-2027,528977,Universidade Federal da Bahia,Ranking por area,Social Sciences and Public Health,Posicao na area,posicao,638.0,empate
2026,2026-2027,528977,Universidade Federal da Bahia,Ranking por area,Social Sciences and Public Health,Score na area,score,29.6,
2026,2026-2027,528977,Universidade Federal da Bahia,Indicador,Geral,Global research reputation,posicao,1189.0,
2026,2026-2027,528977,Universidade Federal da Bahia,Indicador,Geral,Regional research reputation,posicao,40.0,
2026,2026-2027,528977,Universidade Federal da Bahia,Indicador,Geral,Publications,posicao,809.0,
2026,2026-2027,528977,Universidade Federal da Bahia,Indicador,Geral,Books,posicao,934.0,
2026,2026-2027,528977,Universidade Federal da Bahia,Indicador,Geral,Conferences,posicao,997.0,
2026,2026-2027,528977,Universidade Federal da Bahia,Indicador,Geral,Normalized citation impact,posicao,1443.0,
2026,2026-2027,528977,Universidade Federal da Bahia,Indicador,Geral,Total citations,posicao,853.0,
2026,2026-2027,528977,Universidade Federal da Bahia,Indicador,Geral,Number of publications that are among the 10% most cited,posicao,1282.0,
2026,2026-2027,528977,Universidade Federal da Bahia,Indicador,Geral,Percentage of total publications that are among the 10% most cited,posicao,2315.0,
2026,2026-2027,528977,Universidade Federal da Bahia,Indicador,Geral,International collaboration - relative to country,posicao,1285.0,
2026,2026-2027,528977,Universidade Federal da Bahia,Indicador,Geral,International collaboration,posicao,1364.0,
2026,2026-2027,528977,Universidade Federal da Bahia,Indicador,Geral,Number of highly cited papers that are among the top 1% most cited,posicao,1074.0,
2026,2026-2027,528977,Universidade Federal da Bahia,Indicador,Geral,Percentage of highly cited papers that are among the top 1% most cited,posicao,1794.0,
2026,2026-2027,528977,Universidade Federal da Bahia,Indicador,Chemistry,Global research reputation,posicao,569.0,
2026,2026-2027,528977,Universidade Federal da Bahia,Indicador,Chemistry,Regional research reputation,posicao,27.0,
2026,2026-2027,528977,Universidade Federal da Bahia,Indicador,Chemistry,Publications,posicao,1003.0,
2026,2026-2027,528977,Universidade Federal da Bahia,Indicador,Chemistry,Normalized citation impact,posicao,1580.0,
2026,2026-2027,528977,Universidade Federal da Bahia,Indicador,Chemistry,Total citations,posicao,1429.0,
2026,2026-2027,528977,Universidade Federal da Bahia,Indicador,Chemistry,Number of publications that are among the 10% most cited,posicao,1549.0,
2026,2026-2027,528977,Universidade Federal da Bahia,Indicador,Chemistry,Percentage of total publications that are among the 10% most cited,posicao,1579.0,
2026,2026-2027,528977,Universidade Federal da Bahia,Indicador,Chemistry,International collaboration - relative to country,posicao,1162.0,
2026,2026-2027,528977,Universidade Federal da Bahia,Indicador,Chemistry,International collaboration,posicao,998.0,
2026,2026-2027,528977,Universidade Federal da Bahia,Indicador,Chemistry,Number of highly cited papers that are among the top 1% most cited,posicao,1352.0,substituto
2026,2026-2027,528977,Universidade Federal da Bahia,Indicador,Chemistry,Percentage of highly cited papers that are among the top 1% most cited,posicao,1509.0,substituto
2026,2026-2027,528977,Universidade Federal da Bahia,Indicador,Clinical Medicine,Global research reputation,posicao,697.0,substituto
2026,2026-2027,528977,Universidade Federal da Bahia,Indicador,Clinical Medicine,Regional research reputation,posicao,48.0,
2026,2026-2027,528977,Universidade Federal da Bahia,Indicador,Clinical Medicine,Publications,posicao,675.0,
2026,2026-2027,528977,Universidade Federal da Bahia,Indicador,Clinical Medicine,Normalized citation impact,posicao,180.0,
2026,2026-2027,528977,Universidade Federal da Bahia,Indicador,Clinical Medicine,Total citations,posicao,451.0,
2026,2026-2027,528977,Universidade Federal da Bahia,Indicador,Clinical Medicine,Number of publications that are among the 10% most cited,posicao,724.0,
2026,2026-2027,528977,Universidade Federal da Bahia,Indicador,Clinical Medicine,Percentage of total publications that are among the 10% most cited,posicao,1020.0,
2026,2026-2027,528977,Universidade Federal da Bahia,Indicador,Clinical Medicine,International collaboration - relative to country,posicao,703.0,
2026,2026-2027,528977,Universidade Federal da Bahia,Indicador,Clinical Medicine,International collaboration,posicao,709.0,
2026,2026-2027,528977,Universidade Federal da Bahia,Indicador,Clinical Medicine,Number of highly cited papers that are among the top 1% most cited,posicao,565.0,
2026,2026-2027,528977,Universidade Federal da Bahia,Indicador,Clinical Medicine,Percentage of highly cited papers that are among the top 1% most cited,posicao,527.0,
2026,2026-2027,528977,Universidade Federal da Bahia,Indicador,Environment/Ecology,Global research reputation,posicao,281.0,substituto
2026,2026-2027,528977,Universidade Federal da Bahia,Indicador,Environment/Ecology,Regional research reputation,posicao,25.0,
2026,2026-2027,528977,Universidade Federal da Bahia,Indicador,Environment/Ecology,Publications,posicao,573.0,
2026,2026-2027,528977,Universidade Federal da Bahia,Indicador,Environment/Ecology,Normalized citation impact,posicao,997.0,
2026,2026-2027,528977,Universidade Federal da Bahia,Indicador,Environment/Ecology,Total citations,posicao,800.0,
2026,2026-2027,528977,Universidade Federal da Bahia,Indicador,Environment/Ecology,Number of publications that are among the 10% most cited,posicao,953.0,
2026,2026-2027,528977,Universidade Federal da Bahia,Indicador,Environment/Ecology,Percentage of total publications that are among the 10% most cited,posicao,1032.0,
2026,2026-2027,528977,Universidade Federal da Bahia,Indicador,Environment/Ecology,International collaboration - relative to country,posicao,464.0,
2026,2026-2027,528977,Universidade Federal da Bahia,Indicador,Environment/Ecology,International collaboration,posicao,723.0,
2026,2026-2027,528977,Universidade Federal da Bahia,Indicador,Environment/Ecology,Number of highly cited papers that are among the top 1% most cited,posicao,958.0,
2026,2026-2027,528977,Universidade Federal da Bahia,Indicador,Environment/Ecology,Percentage of highly cited papers that are among the top 1% most cited,posicao,1014.0,
2026,2026-2027,528977,Universidade Federal da Bahia,Indicador,Infectious Diseases,Publications,posicao,235.0,
2026,2026-2027,528977,Universidade Federal da Bahia,Indicador,Infectious Diseases,Conferences,posicao,1.0,substituto
2026,2026-2027,528977,Universidade Federal da Bahia,Indicador,Infectious Diseases,Normalized citation impact,posicao,259.0,
2026,2026-2027,528977,Universidade Federal da Bahia,Indicador,Infectious Diseases,Total citations,posicao,259.0,
2026,2026-2027,528977,Universidade Federal da Bahia,Indicador,Infectious Diseases,Number of publications that are among the 10% most cited,posicao,256.0,
2026,2026-2027,528977,Universidade Federal da Bahia,Indicador,Infectious Diseases,Percentage of total publications that are among the 10% most cited,posicao,253.0,
2026,2026-2027,528977,Universidade Federal da Bahia,Indicador,Infectious Diseases,International collaboration - relative to country,posicao,10.0,
2026,2026-2027,528977,Universidade Federal da Bahia,Indicador,Infectious Diseases,International collaboration,posicao,82.0,
2026,2026-2027,528977,Universidade Federal da Bahia,Indicador,Infectious Diseases,Number of highly cited papers that are among the top 1% most cited,posicao,245.0,
2026,2026-2027,528977,Universidade Federal da Bahia,Indicador,Infectious Diseases,Percentage of highly cited papers that are among the top 1% most cited,posicao,247.0,
2026,2026-2027,528977,Universidade Federal da Bahia,Indicador,Plant and Animal Science,Global research reputation,posicao,309.0,substituto
2026,2026-2027,528977,Universidade Federal da Bahia,Indicador,Plant and Animal Science,Regional research reputation,posicao,43.0,substituto
2026,2026-2027,528977,Universidade Federal da Bahia,Indicador,Plant and Animal Science,Publications,posicao,235.0,
2026,2026-2027,528977,Universidade Federal da Bahia,Indicador,Plant and Animal Science,Normalized citation impact,posicao,668.0,
2026,2026-2027,528977,Universidade Federal da Bahia,Indicador,Plant and Animal Science,Total citations,posicao,414.0,
2026,2026-2027,528977,Universidade Federal da Bahia,Indicador,Plant and Animal Science,Number of publications that are among the 10% most cited,posicao,609.0,
2026,2026-2027,528977,Universidade Federal da Bahia,Indicador,Plant and Animal Science,Percentage of total publications that are among the 10% most cited,posicao,718.0,
2026,2026-2027,528977,Universidade Federal da Bahia,Indicador,Plant and Animal Science,International collaboration - relative to country,posicao,456.0,
2026,2026-2027,528977,Universidade Federal da Bahia,Indicador,Plant and Animal Science,International collaboration,posicao,592.0,
2026,2026-2027,528977,Universidade Federal da Bahia,Indicador,Plant and Animal Science,Number of highly cited papers that are among the top 1% most cited,posicao,483.0,
2026,2026-2027,528977,Universidade Federal da Bahia,Indicador,Plant and Animal Science,Percentage of highly cited papers that are among the top 1% most cited,posicao,606.0,
2026,2026-2027,528977,Universidade Federal da Bahia,Indicador,"Public, Environmental and Occupational Health",Publications,posicao,205.0,
2026,2026-2027,528977,Universidade Federal da Bahia,Indicador,"Public, Environmental and Occupational Health",Conferences,posicao,186.0,
2026,2026-2027,528977,Universidade Federal da Bahia,Indicador,"Public, Environmental and Occupational Health",Normalized citation impact,posicao,219.0,
2026,2026-2027,528977,Universidade Federal da Bahia,Indicador,"Public, Environmental and Occupational Health",Total citations,posicao,224.0,
2026,2026-2027,528977,Universidade Federal da Bahia,Indicador,"Public, Environmental and Occupational Health",Number of publications that are among the 10% most cited,posicao,377.0,
2026,2026-2027,528977,Universidade Federal da Bahia,Indicador,"Public, Environmental and Occupational Health",Percentage of total publications that are among the 10% most cited,posicao,507.0,
2026,2026-2027,528977,Universidade Federal da Bahia,Indicador,"Public, Environmental and Occupational Health",International collaboration - relative to country,posicao,92.0,
2026,2026-2027,528977,Universidade Federal da Bahia,Indicador,"Public, Environmental and Occupational Health",International collaboration,posicao,311.0,
2026,2026-2027,528977,Universidade Federal da Bahia,Indicador,"Public, Environmental and Occupational Health",Number of highly cited papers that are among the top 1% most cited,posicao,189.0,
2026,2026-2027,528977,Universidade Federal da Bahia,Indicador,"Public, Environmental and Occupational Health",Percentage of highly cited papers that are among the top 1% most cited,posicao,191.0,
2026,2026-2027,528977,Universidade Federal da Bahia,Indicador,Social Sciences and Public Health,Global research reputation,posicao,575.0,
2026,2026-2027,528977,Universidade Federal da Bahia,Indicador,Social Sciences and Public Health,Regional research reputation,posicao,21.0,
2026,2026-2027,528977,Universidade Federal da Bahia,Indicador,Social Sciences and Public Health,Publications,posicao,478.0,
2026,2026-2027,528977,Universidade Federal da Bahia,Indicador,Social Sciences and Public Health,Normalized citation impact,posicao,910.0,
2026,2026-2027,528977,Universidade Federal da Bahia,Indicador,Social Sciences and Public Health,Total citations,posicao,704.0,
2026,2026-2027,528977,Universidade Federal da Bahia,Indicador,Social Sciences and Public Health,Number of publications that are among the 10% most cited,posicao,734.0,
2026,2026-2027,528977,Universidade Federal da Bahia,Indicador,Social Sciences and Public Health,Percentage of total publications that are among the 10% most cited,posicao,888.0,
2026,2026-2027,528977,Universidade Federal da Bahia,Indicador,Social Sciences and Public Health,International collaboration - relative to country,posicao,630.0,
2026,2026-2027,528977,Universidade Federal da Bahia,Indicador,Social Sciences and Public Health,International collaboration,posicao,628.0,
2026,2026-2027,528977,Universidade Federal da Bahia,Indicador,Social Sciences and Public Health,Number of highly cited papers that are among the top 1% most cited,posicao,577.0,
2026,2026-2027,528977,Universidade Federal da Bahia,Indicador,Social Sciences and Public Health,Percentage of highly cited papers that are among the top 1% most cited,posicao,600.0,
2026,2026-2027,529407,Universidade Federal do Rio Grande do Norte,Listagem,Geral,Best Universities in Brazil,posicao,13.0,empate
2026,2026-2027,529407,Universidade Federal do Rio Grande do Norte,Listagem,Geral,Best Global Universities,posicao,1112.0,empate
2026,2026-2027,529407,Universidade Federal do Rio Grande do Norte,Listagem,Geral,Global Score,score,35.8,
2026,2026-2027,529407,Universidade Federal do Rio Grande do Norte,Listagem,Geral,Enrollment,valor,,sem dado
2026,2026-2027,529407,Universidade Federal do Rio Grande do Norte,Perfil institucional,Geral,Total number of students,valor,,sem dado
2026,2026-2027,529407,Universidade Federal do Rio Grande do Norte,Perfil institucional,Geral,Number of international students,valor,,sem dado
2026,2026-2027,529407,Universidade Federal do Rio Grande do Norte,Perfil institucional,Geral,Total number of academic staff,valor,,sem dado
2026,2026-2027,529407,Universidade Federal do Rio Grande do Norte,Perfil institucional,Geral,Number of international staff,valor,,sem dado
2026,2026-2027,529407,Universidade Federal do Rio Grande do Norte,Perfil institucional,Geral,Number of undergraduate degrees awarded,valor,,sem dado
2026,2026-2027,529407,Universidade Federal do Rio Grande do Norte,Perfil institucional,Geral,Number of master's degrees awarded,valor,,sem dado
2026,2026-2027,529407,Universidade Federal do Rio Grande do Norte,Perfil institucional,Geral,Number of doctoral degrees awarded,valor,,sem dado
2026,2026-2027,529407,Universidade Federal do Rio Grande do Norte,Perfil institucional,Geral,Number of research only staff,valor,,sem dado
2026,2026-2027,529407,Universidade Federal do Rio Grande do Norte,Perfil institucional,Geral,Number of new undergraduate students,valor,,sem dado
2026,2026-2027,529407,Universidade Federal do Rio Grande do Norte,Perfil institucional,Geral,Number of new master's students,valor,,sem dado
2026,2026-2027,529407,Universidade Federal do Rio Grande do Norte,Perfil institucional,Geral,Number of new doctoral students,valor,,sem dado
2026,2026-2027,529407,Universidade Federal do Rio Grande do Norte,Ranking geral,Geral,Global score,score,35.8,
2026,2026-2027,529407,Universidade Federal do Rio Grande do Norte,Ranking geral,Geral,Best Global Universities,posicao,1112.0,empate
2026,2026-2027,529407,Universidade Federal do Rio Grande do Norte,Ranking geral,Geral,Best Global Universities in Latin America,posicao,31.0,empate
2026,2026-2027,529407,Universidade Federal do Rio Grande do Norte,Ranking geral,Geral,Best Global Universities in Brazil,posicao,13.0,empate
2026,2026-2027,529407,Universidade Federal do Rio Grande do Norte,Ranking por area,Chemistry,Posicao na area,posicao,1140.0,empate
2026,2026-2027,529407,Universidade Federal do Rio Grande do Norte,Ranking por area,Chemistry,Score na area,score,31.3,
2026,2026-2027,529407,Universidade Federal do Rio Grande do Norte,Ranking por area,Clinical Medicine,Posicao na area,posicao,1075.0,empate
2026,2026-2027,529407,Universidade Federal do Rio Grande do Norte,Ranking por area,Clinical Medicine,Score na area,score,25.5,
2026,2026-2027,529407,Universidade Federal do Rio Grande do Norte,Ranking por area,Computer Science,Posicao na area,posicao,948.0,empate
2026,2026-2027,529407,Universidade Federal do Rio Grande do Norte,Ranking por area,Computer Science,Score na area,score,16.1,
2026,2026-2027,529407,Universidade Federal do Rio Grande do Norte,Ranking por area,Engineering,Posicao na area,posicao,1495.0,empate
2026,2026-2027,529407,Universidade Federal do Rio Grande do Norte,Ranking por area,Engineering,Score na area,score,16.6,
2026,2026-2027,529407,Universidade Federal do Rio Grande do Norte,Ranking por area,Environment/Ecology,Posicao na area,posicao,679.0,empate
2026,2026-2027,529407,Universidade Federal do Rio Grande do Norte,Ranking por area,Environment/Ecology,Score na area,score,32.5,
2026,2026-2027,529407,Universidade Federal do Rio Grande do Norte,Ranking por area,Physics,Posicao na area,posicao,503.0,
2026,2026-2027,529407,Universidade Federal do Rio Grande do Norte,Ranking por area,Physics,Score na area,score,40.4,
2026,2026-2027,529407,Universidade Federal do Rio Grande do Norte,Ranking por area,Plant and Animal Science,Posicao na area,posicao,405.0,empate
2026,2026-2027,529407,Universidade Federal do Rio Grande do Norte,Ranking por area,Plant and Animal Science,Score na area,score,38.8,
2026,2026-2027,529407,Universidade Federal do Rio Grande do Norte,Indicador,Geral,Global research reputation,posicao,1204.0,
2026,2026-2027,529407,Universidade Federal do Rio Grande do Norte,Indicador,Geral,Regional research reputation,posicao,37.0,
2026,2026-2027,529407,Universidade Federal do Rio Grande do Norte,Indicador,Geral,Publications,posicao,794.0,
2026,2026-2027,529407,Universidade Federal do Rio Grande do Norte,Indicador,Geral,Books,posicao,1064.0,
2026,2026-2027,529407,Universidade Federal do Rio Grande do Norte,Indicador,Geral,Conferences,posicao,842.0,
2026,2026-2027,529407,Universidade Federal do Rio Grande do Norte,Indicador,Geral,Normalized citation impact,posicao,1888.0,
2026,2026-2027,529407,Universidade Federal do Rio Grande do Norte,Indicador,Geral,Total citations,posicao,962.0,
2026,2026-2027,529407,Universidade Federal do Rio Grande do Norte,Indicador,Geral,Number of publications that are among the 10% most cited,posicao,1175.0,
2026,2026-2027,529407,Universidade Federal do Rio Grande do Norte,Indicador,Geral,Percentage of total publications that are among the 10% most cited,posicao,2240.0,
2026,2026-2027,529407,Universidade Federal do Rio Grande do Norte,Indicador,Geral,International collaboration - relative to country,posicao,947.0,
2026,2026-2027,529407,Universidade Federal do Rio Grande do Norte,Indicador,Geral,International collaboration,posicao,1279.0,
2026,2026-2027,529407,Universidade Federal do Rio Grande do Norte,Indicador,Geral,Number of highly cited papers that are among the top 1% most cited,posicao,1048.0,
2026,2026-2027,529407,Universidade Federal do Rio Grande do Norte,Indicador,Geral,Percentage of highly cited papers that are among the top 1% most cited,posicao,1766.0,
2026,2026-2027,529407,Universidade Federal do Rio Grande do Norte,Indicador,Chemistry,Global research reputation,posicao,569.0,substituto
2026,2026-2027,529407,Universidade Federal do Rio Grande do Norte,Indicador,Chemistry,Regional research reputation,posicao,23.0,
2026,2026-2027,529407,Universidade Federal do Rio Grande do Norte,Indicador,Chemistry,Publications,posicao,906.0,
2026,2026-2027,529407,Universidade Federal do Rio Grande do Norte,Indicador,Chemistry,Normalized citation impact,posicao,1442.0,
2026,2026-2027,529407,Universidade Federal do Rio Grande do Norte,Indicador,Chemistry,Total citations,posicao,1153.0,
2026,2026-2027,529407,Universidade Federal do Rio Grande do Norte,Indicador,Chemistry,Number of publications that are among the 10% most cited,posicao,1273.0,
2026,2026-2027,529407,Universidade Federal do Rio Grande do Norte,Indicador,Chemistry,Percentage of total publications that are among the 10% most cited,posicao,1391.0,
2026,2026-2027,529407,Universidade Federal do Rio Grande do Norte,Indicador,Chemistry,International collaboration - relative to country,posicao,934.0,
2026,2026-2027,529407,Universidade Federal do Rio Grande do Norte,Indicador,Chemistry,International collaboration,posicao,932.0,
2026,2026-2027,529407,Universidade Federal do Rio Grande do Norte,Indicador,Chemistry,Number of highly cited papers that are among the top 1% most cited,posicao,1067.0,
2026,2026-2027,529407,Universidade Federal do Rio Grande do Norte,Indicador,Chemistry,Percentage of highly cited papers that are among the top 1% most cited,posicao,1160.0,
2026,2026-2027,529407,Universidade Federal do Rio Grande do Norte,Indicador,Clinical Medicine,Global research reputation,posicao,697.0,substituto
2026,2026-2027,529407,Universidade Federal do Rio Grande do Norte,Indicador,Clinical Medicine,Regional research reputation,posicao,35.0,
2026,2026-2027,529407,Universidade Federal do Rio Grande do Norte,Indicador,Clinical Medicine,Publications,posicao,680.0,
2026,2026-2027,529407,Universidade Federal do Rio Grande do Norte,Indicador,Clinical Medicine,Normalized citation impact,posicao,1082.0,
2026,2026-2027,529407,Universidade Federal do Rio Grande do Norte,Indicador,Clinical Medicine,Total citations,posicao,922.0,
2026,2026-2027,529407,Universidade Federal do Rio Grande do Norte,Indicador,Clinical Medicine,Number of publications that are among the 10% most cited,posicao,1110.0,
2026,2026-2027,529407,Universidade Federal do Rio Grande do Norte,Indicador,Clinical Medicine,Percentage of total publications that are among the 10% most cited,posicao,1396.0,
2026,2026-2027,529407,Universidade Federal do Rio Grande do Norte,Indicador,Clinical Medicine,International collaboration - relative to country,posicao,1137.0,
2026,2026-2027,529407,Universidade Federal do Rio Grande do Norte,Indicador,Clinical Medicine,International collaboration,posicao,891.0,
2026,2026-2027,529407,Universidade Federal do Rio Grande do Norte,Indicador,Clinical Medicine,Number of highly cited papers that are among the top 1% most cited,posicao,1143.0,
2026,2026-2027,529407,Universidade Federal do Rio Grande do Norte,Indicador,Clinical Medicine,Percentage of highly cited papers that are among the top 1% most cited,posicao,1297.0,
2026,2026-2027,529407,Universidade Federal do Rio Grande do Norte,Indicador,Computer Science,Global research reputation,posicao,496.0,substituto
2026,2026-2027,529407,Universidade Federal do Rio Grande do Norte,Indicador,Computer Science,Regional research reputation,posicao,18.0,
2026,2026-2027,529407,Universidade Federal do Rio Grande do Norte,Indicador,Computer Science,Publications,posicao,957.0,
2026,2026-2027,529407,Universidade Federal do Rio Grande do Norte,Indicador,Computer Science,Conferences,posicao,644.0,
2026,2026-2027,529407,Universidade Federal do Rio Grande do Norte,Indicador,Computer Science,Normalized citation impact,posicao,1038.0,
2026,2026-2027,529407,Universidade Federal do Rio Grande do Norte,Indicador,Computer Science,Total citations,posicao,1044.0,
2026,2026-2027,529407,Universidade Federal do Rio Grande do Norte,Indicador,Computer Science,Number of publications that are among the 10% most cited,posicao,1033.0,
2026,2026-2027,529407,Universidade Federal do Rio Grande do Norte,Indicador,Computer Science,Percentage of total publications that are among the 10% most cited,posicao,1043.0,
2026,2026-2027,529407,Universidade Federal do Rio Grande do Norte,Indicador,Computer Science,International collaboration - relative to country,posicao,164.0,
2026,2026-2027,529407,Universidade Federal do Rio Grande do Norte,Indicador,Computer Science,International collaboration,posicao,425.0,
2026,2026-2027,529407,Universidade Federal do Rio Grande do Norte,Indicador,Computer Science,Number of highly cited papers that are among the top 1% most cited,posicao,859.0,
2026,2026-2027,529407,Universidade Federal do Rio Grande do Norte,Indicador,Computer Science,Percentage of highly cited papers that are among the top 1% most cited,posicao,804.0,
2026,2026-2027,529407,Universidade Federal do Rio Grande do Norte,Indicador,Engineering,Global research reputation,posicao,585.0,
2026,2026-2027,529407,Universidade Federal do Rio Grande do Norte,Indicador,Engineering,Regional research reputation,posicao,38.0,
2026,2026-2027,529407,Universidade Federal do Rio Grande do Norte,Indicador,Engineering,Publications,posicao,1219.0,
2026,2026-2027,529407,Universidade Federal do Rio Grande do Norte,Indicador,Engineering,Conferences,posicao,769.0,
2026,2026-2027,529407,Universidade Federal do Rio Grande do Norte,Indicador,Engineering,Normalized citation impact,posicao,1512.0,
2026,2026-2027,529407,Universidade Federal do Rio Grande do Norte,Indicador,Engineering,Total citations,posicao,1481.0,
2026,2026-2027,529407,Universidade Federal do Rio Grande do Norte,Indicador,Engineering,Number of publications that are among the 10% most cited,posicao,1586.0,
2026,2026-2027,529407,Universidade Federal do Rio Grande do Norte,Indicador,Engineering,Percentage of total publications that are among the 10% most cited,posicao,1589.0,
2026,2026-2027,529407,Universidade Federal do Rio Grande do Norte,Indicador,Engineering,International collaboration - relative to country,posicao,904.0,
2026,2026-2027,529407,Universidade Federal do Rio Grande do Norte,Indicador,Engineering,International collaboration,posicao,987.0,
2026,2026-2027,529407,Universidade Federal do Rio Grande do Norte,Indicador,Engineering,Number of highly cited papers that are among the top 1% most cited,posicao,1438.0,substituto
2026,2026-2027,529407,Universidade Federal do Rio Grande do Norte,Indicador,Engineering,Percentage of highly cited papers that are among the top 1% most cited,posicao,1550.0,substituto
2026,2026-2027,529407,Universidade Federal do Rio Grande do Norte,Indicador,Environment/Ecology,Global research reputation,posicao,281.0,substituto
2026,2026-2027,529407,Universidade Federal do Rio Grande do Norte,Indicador,Environment/Ecology,Regional research reputation,posicao,25.0,
2026,2026-2027,529407,Universidade Federal do Rio Grande do Norte,Indicador,Environment/Ecology,Publications,posicao,505.0,
2026,2026-2027,529407,Universidade Federal do Rio Grande do Norte,Indicador,Environment/Ecology,Normalized citation impact,posicao,839.0,
2026,2026-2027,529407,Universidade Federal do Rio Grande do Norte,Indicador,Environment/Ecology,Total citations,posicao,620.0,
2026,2026-2027,529407,Universidade Federal do Rio Grande do Norte,Indicador,Environment/Ecology,Number of publications that are among the 10% most cited,posicao,671.0,
2026,2026-2027,529407,Universidade Federal do Rio Grande do Norte,Indicador,Environment/Ecology,Percentage of total publications that are among the 10% most cited,posicao,827.0,
2026,2026-2027,529407,Universidade Federal do Rio Grande do Norte,Indicador,Environment/Ecology,International collaboration - relative to country,posicao,215.0,
2026,2026-2027,529407,Universidade Federal do Rio Grande do Norte,Indicador,Environment/Ecology,International collaboration,posicao,641.0,
2026,2026-2027,529407,Universidade Federal do Rio Grande do Norte,Indicador,Environment/Ecology,Number of highly cited papers that are among the top 1% most cited,posicao,578.0,
2026,2026-2027,529407,Universidade Federal do Rio Grande do Norte,Indicador,Environment/Ecology,Percentage of highly cited papers that are among the top 1% most cited,posicao,677.0,
2026,2026-2027,529407,Universidade Federal do Rio Grande do Norte,Indicador,Physics,Global research reputation,posicao,380.0,substituto
2026,2026-2027,529407,Universidade Federal do Rio Grande do Norte,Indicador,Physics,Regional research reputation,posicao,13.0,
2026,2026-2027,529407,Universidade Federal do Rio Grande do Norte,Indicador,Physics,Publications,posicao,664.0,
2026,2026-2027,529407,Universidade Federal do Rio Grande do Norte,Indicador,Physics,Normalized citation impact,posicao,102.0,
2026,2026-2027,529407,Universidade Federal do Rio Grande do Norte,Indicador,Physics,Total citations,posicao,501.0,
2026,2026-2027,529407,Universidade Federal do Rio Grande do Norte,Indicador,Physics,Number of publications that are among the 10% most cited,posicao,765.0,
2026,2026-2027,529407,Universidade Federal do Rio Grande do Norte,Indicador,Physics,Percentage of total publications that are among the 10% most cited,posicao,728.0,
2026,2026-2027,529407,Universidade Federal do Rio Grande do Norte,Indicador,Physics,International collaboration - relative to country,posicao,491.0,
2026,2026-2027,529407,Universidade Federal do Rio Grande do Norte,Indicador,Physics,International collaboration,posicao,643.0,
2026,2026-2027,529407,Universidade Federal do Rio Grande do Norte,Indicador,Physics,Number of highly cited papers that are among the top 1% most cited,posicao,423.0,
2026,2026-2027,529407,Universidade Federal do Rio Grande do Norte,Indicador,Physics,Percentage of highly cited papers that are among the top 1% most cited,posicao,145.0,
2026,2026-2027,529407,Universidade Federal do Rio Grande do Norte,Indicador,Plant and Animal Science,Global research reputation,posicao,309.0,substituto
2026,2026-2027,529407,Universidade Federal do Rio Grande do Norte,Indicador,Plant and Animal Science,Regional research reputation,posicao,43.0,substituto
2026,2026-2027,529407,Universidade Federal do Rio Grande do Norte,Indicador,Plant and Animal Science,Publications,posicao,324.0,
2026,2026-2027,529407,Universidade Federal do Rio Grande do Norte,Indicador,Plant and Animal Science,Normalized citation impact,posicao,356.0,
2026,2026-2027,529407,Universidade Federal do Rio Grande do Norte,Indicador,Plant and Animal Science,Total citations,posicao,336.0,
2026,2026-2027,529407,Universidade Federal do Rio Grande do Norte,Indicador,Plant and Animal Science,Number of publications that are among the 10% most cited,posicao,484.0,
2026,2026-2027,529407,Universidade Federal do Rio Grande do Norte,Indicador,Plant and Animal Science,Percentage of total publications that are among the 10% most cited,posicao,579.0,
2026,2026-2027,529407,Universidade Federal do Rio Grande do Norte,Indicador,Plant and Animal Science,International collaboration - relative to country,posicao,171.0,
2026,2026-2027,529407,Universidade Federal do Rio Grande do Norte,Indicador,Plant and Animal Science,International collaboration,posicao,526.0,
2026,2026-2027,529407,Universidade Federal do Rio Grande do Norte,Indicador,Plant and Animal Science,Number of highly cited papers that are among the top 1% most cited,posicao,215.0,
2026,2026-2027,529407,Universidade Federal do Rio Grande do Norte,Indicador,Plant and Animal Science,Percentage of highly cited papers that are among the top 1% most cited,posicao,169.0,
2026,2026-2027,529583,Pontificia Universidade Catolica Do Rio Grande Do Sul,Listagem,Geral,Best Universities in Brazil,posicao,15.0,
2026,2026-2027,529583,Pontificia Universidade Catolica Do Rio Grande Do Sul,Listagem,Geral,Best Global Universities,posicao,1132.0,empate
2026,2026-2027,529583,Pontificia Universidade Catolica Do Rio Grande Do Sul,Listagem,Geral,Global Score,score,35.3,
2026,2026-2027,529583,Pontificia Universidade Catolica Do Rio Grande Do Sul,Listagem,Geral,Enrollment,valor,15175.0,
2026,2026-2027,529583,Pontificia Universidade Catolica Do Rio Grande Do Sul,Perfil institucional,Geral,Total number of students,valor,15175.0,
2026,2026-2027,529583,Pontificia Universidade Catolica Do Rio Grande Do Sul,Perfil institucional,Geral,Number of international students,valor,220.0,
2026,2026-2027,529583,Pontificia Universidade Catolica Do Rio Grande Do Sul,Perfil institucional,Geral,Total number of academic staff,valor,544.0,
2026,2026-2027,529583,Pontificia Universidade Catolica Do Rio Grande Do Sul,Perfil institucional,Geral,Number of international staff,valor,7.0,
2026,2026-2027,529583,Pontificia Universidade Catolica Do Rio Grande Do Sul,Perfil institucional,Geral,Number of undergraduate degrees awarded,valor,1821.0,
2026,2026-2027,529583,Pontificia Universidade Catolica Do Rio Grande Do Sul,Perfil institucional,Geral,Number of master's degrees awarded,valor,302.0,
2026,2026-2027,529583,Pontificia Universidade Catolica Do Rio Grande Do Sul,Perfil institucional,Geral,Number of doctoral degrees awarded,valor,196.0,
2026,2026-2027,529583,Pontificia Universidade Catolica Do Rio Grande Do Sul,Perfil institucional,Geral,Number of research only staff,valor,606.0,
2026,2026-2027,529583,Pontificia Universidade Catolica Do Rio Grande Do Sul,Perfil institucional,Geral,Number of new undergraduate students,valor,4426.0,
2026,2026-2027,529583,Pontificia Universidade Catolica Do Rio Grande Do Sul,Perfil institucional,Geral,Number of new master's students,valor,593.0,
2026,2026-2027,529583,Pontificia Universidade Catolica Do Rio Grande Do Sul,Perfil institucional,Geral,Number of new doctoral students,valor,274.0,
2026,2026-2027,529583,Pontificia Universidade Catolica Do Rio Grande Do Sul,Ranking geral,Geral,Global score,score,35.3,
2026,2026-2027,529583,Pontificia Universidade Catolica Do Rio Grande Do Sul,Ranking geral,Geral,Best Global Universities,posicao,1132.0,empate
2026,2026-2027,529583,Pontificia Universidade Catolica Do Rio Grande Do Sul,Ranking geral,Geral,Best Global Universities in Latin America,posicao,34.0,
2026,2026-2027,529583,Pontificia Universidade Catolica Do Rio Grande Do Sul,Ranking geral,Geral,Best Global Universities in Brazil,posicao,15.0,
2026,2026-2027,529583,Pontificia Universidade Catolica Do Rio Grande Do Sul,Ranking por area,Clinical Medicine,Posicao na area,posicao,707.0,empate
2026,2026-2027,529583,Pontificia Universidade Catolica Do Rio Grande Do Sul,Ranking por area,Clinical Medicine,Score na area,score,36.4,
2026,2026-2027,529583,Pontificia Universidade Catolica Do Rio Grande Do Sul,Indicador,Geral,Global research reputation,posicao,802.0,
2026,2026-2027,529583,Pontificia Universidade Catolica Do Rio Grande Do Sul,Indicador,Geral,Regional research reputation,posicao,34.0,
2026,2026-2027,529583,Pontificia Universidade Catolica Do Rio Grande Do Sul,Indicador,Geral,Publications,posicao,1712.0,
2026,2026-2027,529583,Pontificia Universidade Catolica Do Rio Grande Do Sul,Indicador,Geral,Books,posicao,992.0,
2026,2026-2027,529583,Pontificia Universidade Catolica Do Rio Grande Do Sul,Indicador,Geral,Conferences,posicao,993.0,
2026,2026-2027,529583,Pontificia Universidade Catolica Do Rio Grande Do Sul,Indicador,Geral,Normalized citation impact,posicao,1322.0,
2026,2026-2027,529583,Pontificia Universidade Catolica Do Rio Grande Do Sul,Indicador,Geral,Total citations,posicao,1694.0,
2026,2026-2027,529583,Pontificia Universidade Catolica Do Rio Grande Do Sul,Indicador,Geral,Number of publications that are among the 10% most cited,posicao,1898.0,
2026,2026-2027,529583,Pontificia Universidade Catolica Do Rio Grande Do Sul,Indicador,Geral,Percentage of total publications that are among the 10% most cited,posicao,1930.0,
2026,2026-2027,529583,Pontificia Universidade Catolica Do Rio Grande Do Sul,Indicador,Geral,International collaboration - relative to country,posicao,508.0,
2026,2026-2027,529583,Pontificia Universidade Catolica Do Rio Grande Do Sul,Indicador,Geral,International collaboration,posicao,1140.0,
2026,2026-2027,529583,Pontificia Universidade Catolica Do Rio Grande Do Sul,Indicador,Geral,Number of highly cited papers that are among the top 1% most cited,posicao,1337.0,
2026,2026-2027,529583,Pontificia Universidade Catolica Do Rio Grande Do Sul,Indicador,Geral,Percentage of highly cited papers that are among the top 1% most cited,posicao,638.0,
2026,2026-2027,529583,Pontificia Universidade Catolica Do Rio Grande Do Sul,Indicador,Clinical Medicine,Global research reputation,posicao,417.0,
2026,2026-2027,529583,Pontificia Universidade Catolica Do Rio Grande Do Sul,Indicador,Clinical Medicine,Regional research reputation,posicao,35.0,
2026,2026-2027,529583,Pontificia Universidade Catolica Do Rio Grande Do Sul,Indicador,Clinical Medicine,Publications,posicao,878.0,
2026,2026-2027,529583,Pontificia Universidade Catolica Do Rio Grande Do Sul,Indicador,Clinical Medicine,Normalized citation impact,posicao,582.0,
2026,2026-2027,529583,Pontificia Universidade Catolica Do Rio Grande Do Sul,Indicador,Clinical Medicine,Total citations,posicao,887.0,
2026,2026-2027,529583,Pontificia Universidade Catolica Do Rio Grande Do Sul,Indicador,Clinical Medicine,Number of publications that are among the 10% most cited,posicao,860.0,
2026,2026-2027,529583,Pontificia Universidade Catolica Do Rio Grande Do Sul,Indicador,Clinical Medicine,Percentage of total publications that are among the 10% most cited,posicao,794.0,
2026,2026-2027,529583,Pontificia Universidade Catolica Do Rio Grande Do Sul,Indicador,Clinical Medicine,International collaboration - relative to country,posicao,249.0,
2026,2026-2027,529583,Pontificia Universidade Catolica Do Rio Grande Do Sul,Indicador,Clinical Medicine,International collaboration,posicao,546.0,
2026,2026-2027,529583,Pontificia Universidade Catolica Do Rio Grande Do Sul,Indicador,Clinical Medicine,Number of highly cited papers that are among the top 1% most cited,posicao,574.0,
2026,2026-2027,529583,Pontificia Universidade Catolica Do Rio Grande Do Sul,Indicador,Clinical Medicine,Percentage of highly cited papers that are among the top 1% most cited,posicao,144.0,
2026,2026-2027,528920,Universidade Federal do ABC (UFABC),Listagem,Geral,Best Universities in Brazil,posicao,16.0,
2026,2026-2027,528920,Universidade Federal do ABC (UFABC),Listagem,Geral,Best Global Universities,posicao,1138.0,empate
2026,2026-2027,528920,Universidade Federal do ABC (UFABC),Listagem,Geral,Global Score,score,35.1,
2026,2026-2027,528920,Universidade Federal do ABC (UFABC),Listagem,Geral,Enrollment,valor,,sem dado
2026,2026-2027,528920,Universidade Federal do ABC (UFABC),Perfil institucional,Geral,Total number of students,valor,,sem dado
2026,2026-2027,528920,Universidade Federal do ABC (UFABC),Perfil institucional,Geral,Number of international students,valor,,sem dado
2026,2026-2027,528920,Universidade Federal do ABC (UFABC),Perfil institucional,Geral,Total number of academic staff,valor,,sem dado
2026,2026-2027,528920,Universidade Federal do ABC (UFABC),Perfil institucional,Geral,Number of international staff,valor,,sem dado
2026,2026-2027,528920,Universidade Federal do ABC (UFABC),Perfil institucional,Geral,Number of undergraduate degrees awarded,valor,,sem dado
2026,2026-2027,528920,Universidade Federal do ABC (UFABC),Perfil institucional,Geral,Number of master's degrees awarded,valor,,sem dado
2026,2026-2027,528920,Universidade Federal do ABC (UFABC),Perfil institucional,Geral,Number of doctoral degrees awarded,valor,,sem dado
2026,2026-2027,528920,Universidade Federal do ABC (UFABC),Perfil institucional,Geral,Number of research only staff,valor,,sem dado
2026,2026-2027,528920,Universidade Federal do ABC (UFABC),Perfil institucional,Geral,Number of new undergraduate students,valor,,sem dado
2026,2026-2027,528920,Universidade Federal do ABC (UFABC),Perfil institucional,Geral,Number of new master's students,valor,,sem dado
2026,2026-2027,528920,Universidade Federal do ABC (UFABC),Perfil institucional,Geral,Number of new doctoral students,valor,,sem dado
2026,2026-2027,528920,Universidade Federal do ABC (UFABC),Ranking geral,Geral,Global score,score,35.1,
2026,2026-2027,528920,Universidade Federal do ABC (UFABC),Ranking geral,Geral,Best Global Universities,posicao,1138.0,empate
2026,2026-2027,528920,Universidade Federal do ABC (UFABC),Ranking geral,Geral,Best Global Universities in Latin America,posicao,35.0,
2026,2026-2027,528920,Universidade Federal do ABC (UFABC),Ranking geral,Geral,Best Global Universities in Brazil,posicao,16.0,
2026,2026-2027,528920,Universidade Federal do ABC (UFABC),Ranking por area,Chemistry,Posicao na area,posicao,1100.0,empate
2026,2026-2027,528920,Universidade Federal do ABC (UFABC),Ranking por area,Chemistry,Score na area,score,32.0,
2026,2026-2027,528920,Universidade Federal do ABC (UFABC),Ranking por area,Engineering,Posicao na area,posicao,1335.0,empate
2026,2026-2027,528920,Universidade Federal do ABC (UFABC),Ranking por area,Engineering,Score na area,score,21.7,
2026,2026-2027,528920,Universidade Federal do ABC (UFABC),Ranking por area,Materials Science,Posicao na area,posicao,832.0,empate
2026,2026-2027,528920,Universidade Federal do ABC (UFABC),Ranking por area,Materials Science,Score na area,score,24.9,
2026,2026-2027,528920,Universidade Federal do ABC (UFABC),Ranking por area,Physics,Posicao na area,posicao,383.0,empate
2026,2026-2027,528920,Universidade Federal do ABC (UFABC),Ranking por area,Physics,Score na area,score,45.1,
2026,2026-2027,528920,Universidade Federal do ABC (UFABC),Indicador,Geral,Global research reputation,posicao,1204.0,
2026,2026-2027,528920,Universidade Federal do ABC (UFABC),Indicador,Geral,Regional research reputation,posicao,65.0,
2026,2026-2027,528920,Universidade Federal do ABC (UFABC),Indicador,Geral,Publications,posicao,1062.0,
2026,2026-2027,528920,Universidade Federal do ABC (UFABC),Indicador,Geral,Books,posicao,1152.0,
2026,2026-2027,528920,Universidade Federal do ABC (UFABC),Indicador,Geral,Conferences,posicao,902.0,
2026,2026-2027,528920,Universidade Federal do ABC (UFABC),Indicador,Geral,Normalized citation impact,posicao,1870.0,
2026,2026-2027,528920,Universidade Federal do ABC (UFABC),Indicador,Geral,Total citations,posicao,1233.0,
2026,2026-2027,528920,Universidade Federal do ABC (UFABC),Indicador,Geral,Number of publications that are among the 10% most cited,posicao,1160.0,
2026,2026-2027,528920,Universidade Federal do ABC (UFABC),Indicador,Geral,Percentage of total publications that are among the 10% most cited,posicao,1684.0,
2026,2026-2027,528920,Universidade Federal do ABC (UFABC),Indicador,Geral,International collaboration - relative to country,posicao,190.0,
2026,2026-2027,528920,Universidade Federal do ABC (UFABC),Indicador,Geral,International collaboration,posicao,868.0,
2026,2026-2027,528920,Universidade Federal do ABC (UFABC),Indicador,Geral,Number of highly cited papers that are among the top 1% most cited,posicao,1747.0,
2026,2026-2027,528920,Universidade Federal do ABC (UFABC),Indicador,Geral,Percentage of highly cited papers that are among the top 1% most cited,posicao,2244.0,
2026,2026-2027,528920,Universidade Federal do ABC (UFABC),Indicador,Chemistry,Global research reputation,posicao,569.0,
2026,2026-2027,528920,Universidade Federal do ABC (UFABC),Indicador,Chemistry,Regional research reputation,posicao,38.0,
2026,2026-2027,528920,Universidade Federal do ABC (UFABC),Indicador,Chemistry,Publications,posicao,781.0,
2026,2026-2027,528920,Universidade Federal do ABC (UFABC),Indicador,Chemistry,Normalized citation impact,posicao,1376.0,
2026,2026-2027,528920,Universidade Federal do ABC (UFABC),Indicador,Chemistry,Total citations,posicao,973.0,
2026,2026-2027,528920,Universidade Federal do ABC (UFABC),Indicador,Chemistry,Number of publications that are among the 10% most cited,posicao,1083.0,
2026,2026-2027,528920,Universidade Federal do ABC (UFABC),Indicador,Chemistry,Percentage of total publications that are among the 10% most cited,posicao,1311.0,
2026,2026-2027,528920,Universidade Federal do ABC (UFABC),Indicador,Chemistry,International collaboration - relative to country,posicao,593.0,
2026,2026-2027,528920,Universidade Federal do ABC (UFABC),Indicador,Chemistry,International collaboration,posicao,842.0,
2026,2026-2027,528920,Universidade Federal do ABC (UFABC),Indicador,Chemistry,Number of highly cited papers that are among the top 1% most cited,posicao,1213.0,
2026,2026-2027,528920,Universidade Federal do ABC (UFABC),Indicador,Chemistry,Percentage of highly cited papers that are among the top 1% most cited,posicao,1374.0,
2026,2026-2027,528920,Universidade Federal do ABC (UFABC),Indicador,Engineering,Global research reputation,posicao,876.0,substituto
2026,2026-2027,528920,Universidade Federal do ABC (UFABC),Indicador,Engineering,Regional research reputation,posicao,32.0,
2026,2026-2027,528920,Universidade Federal do ABC (UFABC),Indicador,Engineering,Publications,posicao,1221.0,
2026,2026-2027,528920,Universidade Federal do ABC (UFABC),Indicador,Engineering,Conferences,posicao,875.0,
2026,2026-2027,528920,Universidade Federal do ABC (UFABC),Indicador,Engineering,Normalized citation impact,posicao,1245.0,
2026,2026-2027,528920,Universidade Federal do ABC (UFABC),Indicador,Engineering,Total citations,posicao,1343.0,
2026,2026-2027,528920,Universidade Federal do ABC (UFABC),Indicador,Engineering,Number of publications that are among the 10% most cited,posicao,1363.0,
2026,2026-2027,528920,Universidade Federal do ABC (UFABC),Indicador,Engineering,Percentage of total publications that are among the 10% most cited,posicao,1262.0,
2026,2026-2027,528920,Universidade Federal do ABC (UFABC),Indicador,Engineering,International collaboration - relative to country,posicao,899.0,
2026,2026-2027,528920,Universidade Federal do ABC (UFABC),Indicador,Engineering,International collaboration,posicao,978.0,
2026,2026-2027,528920,Universidade Federal do ABC (UFABC),Indicador,Engineering,Number of highly cited papers that are among the top 1% most cited,posicao,1206.0,
2026,2026-2027,528920,Universidade Federal do ABC (UFABC),Indicador,Engineering,Percentage of highly cited papers that are among the top 1% most cited,posicao,1092.0,
2026,2026-2027,528920,Universidade Federal do ABC (UFABC),Indicador,Materials Science,Global research reputation,posicao,228.0,
2026,2026-2027,528920,Universidade Federal do ABC (UFABC),Indicador,Materials Science,Regional research reputation,posicao,9.0,
2026,2026-2027,528920,Universidade Federal do ABC (UFABC),Indicador,Materials Science,Publications,posicao,786.0,
2026,2026-2027,528920,Universidade Federal do ABC (UFABC),Indicador,Materials Science,Normalized citation impact,posicao,975.0,
2026,2026-2027,528920,Universidade Federal do ABC (UFABC),Indicador,Materials Science,Total citations,posicao,938.0,
2026,2026-2027,528920,Universidade Federal do ABC (UFABC),Indicador,Materials Science,Number of publications that are among the 10% most cited,posicao,1041.0,
2026,2026-2027,528920,Universidade Federal do ABC (UFABC),Indicador,Materials Science,Percentage of total publications that are among the 10% most cited,posicao,1056.0,
2026,2026-2027,528920,Universidade Federal do ABC (UFABC),Indicador,Materials Science,International collaboration - relative to country,posicao,251.0,
2026,2026-2027,528920,Universidade Federal do ABC (UFABC),Indicador,Materials Science,International collaboration,posicao,580.0,
2026,2026-2027,528920,Universidade Federal do ABC (UFABC),Indicador,Materials Science,Number of highly cited papers that are among the top 1% most cited,posicao,788.0,
2026,2026-2027,528920,Universidade Federal do ABC (UFABC),Indicador,Materials Science,Percentage of highly cited papers that are among the top 1% most cited,posicao,798.0,
2026,2026-2027,528920,Universidade Federal do ABC (UFABC),Indicador,Physics,Global research reputation,posicao,380.0,substituto
2026,2026-2027,528920,Universidade Federal do ABC (UFABC),Indicador,Physics,Regional research reputation,posicao,20.0,
2026,2026-2027,528920,Universidade Federal do ABC (UFABC),Indicador,Physics,Publications,posicao,288.0,
2026,2026-2027,528920,Universidade Federal do ABC (UFABC),Indicador,Physics,Normalized citation impact,posicao,492.0,
2026,2026-2027,528920,Universidade Federal do ABC (UFABC),Indicador,Physics,Total citations,posicao,305.0,
2026,2026-2027,528920,Universidade Federal do ABC (UFABC),Indicador,Physics,Number of publications that are among the 10% most cited,posicao,262.0,
2026,2026-2027,528920,Universidade Federal do ABC (UFABC),Indicador,Physics,Percentage of total publications that are among the 10% most cited,posicao,378.0,
2026,2026-2027,528920,Universidade Federal do ABC (UFABC),Indicador,Physics,International collaboration - relative to country,posicao,170.0,
2026,2026-2027,528920,Universidade Federal do ABC (UFABC),Indicador,Physics,International collaboration,posicao,349.0,
2026,2026-2027,528920,Universidade Federal do ABC (UFABC),Indicador,Physics,Number of highly cited papers that are among the top 1% most cited,posicao,561.0,
2026,2026-2027,528920,Universidade Federal do ABC (UFABC),Indicador,Physics,Percentage of highly cited papers that are among the top 1% most cited,posicao,840.0,
2026,2026-2027,528834,Universidade Federal de Pelotas,Listagem,Geral,Best Universities in Brazil,posicao,17.0,
2026,2026-2027,528834,Universidade Federal de Pelotas,Listagem,Geral,Best Global Universities,posicao,1216.0,empate
2026,2026-2027,528834,Universidade Federal de Pelotas,Listagem,Geral,Global Score,score,33.8,
2026,2026-2027,528834,Universidade Federal de Pelotas,Listagem,Geral,Enrollment,valor,,sem dado
2026,2026-2027,528834,Universidade Federal de Pelotas,Perfil institucional,Geral,Total number of students,valor,,sem dado
2026,2026-2027,528834,Universidade Federal de Pelotas,Perfil institucional,Geral,Number of international students,valor,,sem dado
2026,2026-2027,528834,Universidade Federal de Pelotas,Perfil institucional,Geral,Total number of academic staff,valor,,sem dado
2026,2026-2027,528834,Universidade Federal de Pelotas,Perfil institucional,Geral,Number of international staff,valor,,sem dado
2026,2026-2027,528834,Universidade Federal de Pelotas,Perfil institucional,Geral,Number of undergraduate degrees awarded,valor,,sem dado
2026,2026-2027,528834,Universidade Federal de Pelotas,Perfil institucional,Geral,Number of master's degrees awarded,valor,,sem dado
2026,2026-2027,528834,Universidade Federal de Pelotas,Perfil institucional,Geral,Number of doctoral degrees awarded,valor,,sem dado
2026,2026-2027,528834,Universidade Federal de Pelotas,Perfil institucional,Geral,Number of research only staff,valor,,sem dado
2026,2026-2027,528834,Universidade Federal de Pelotas,Perfil institucional,Geral,Number of new undergraduate students,valor,,sem dado
2026,2026-2027,528834,Universidade Federal de Pelotas,Perfil institucional,Geral,Number of new master's students,valor,,sem dado
2026,2026-2027,528834,Universidade Federal de Pelotas,Perfil institucional,Geral,Number of new doctoral students,valor,,sem dado
2026,2026-2027,528834,Universidade Federal de Pelotas,Ranking geral,Geral,Global score,score,33.8,
2026,2026-2027,528834,Universidade Federal de Pelotas,Ranking geral,Geral,Best Global Universities,posicao,1216.0,empate
2026,2026-2027,528834,Universidade Federal de Pelotas,Ranking geral,Geral,Best Global Universities in Latin America,posicao,41.0,
2026,2026-2027,528834,Universidade Federal de Pelotas,Ranking geral,Geral,Best Global Universities in Brazil,posicao,17.0,
2026,2026-2027,528834,Universidade Federal de Pelotas,Ranking por area,Agricultural Sciences,Posicao na area,posicao,390.0,
2026,2026-2027,528834,Universidade Federal de Pelotas,Ranking por area,Agricultural Sciences,Score na area,score,29.3,
2026,2026-2027,528834,Universidade Federal de Pelotas,Ranking por area,Chemistry,Posicao na area,posicao,1351.0,empate
2026,2026-2027,528834,Universidade Federal de Pelotas,Ranking por area,Chemistry,Score na area,score,26.9,
2026,2026-2027,528834,Universidade Federal de Pelotas,Ranking por area,Clinical Medicine,Posicao na area,posicao,484.0,empate
2026,2026-2027,528834,Universidade Federal de Pelotas,Ranking por area,Clinical Medicine,Score na area,score,43.3,
2026,2026-2027,528834,Universidade Federal de Pelotas,Ranking por area,Plant and Animal Science,Posicao na area,posicao,645.0,empate
2026,2026-2027,528834,Universidade Federal de Pelotas,Ranking por area,Plant and Animal Science,Score na area,score,26.2,
2026,2026-2027,528834,Universidade Federal de Pelotas,Ranking por area,"Public, Environmental and Occupational Health",Posicao na area,posicao,374.0,
2026,2026-2027,528834,Universidade Federal de Pelotas,Ranking por area,"Public, Environmental and Occupational Health",Score na area,score,43.4,
2026,2026-2027,528834,Universidade Federal de Pelotas,Ranking por area,Social Sciences and Public Health,Posicao na area,posicao,638.0,empate
2026,2026-2027,528834,Universidade Federal de Pelotas,Ranking por area,Social Sciences and Public Health,Score na area,score,29.6,
2026,2026-2027,528834,Universidade Federal de Pelotas,Indicador,Geral,Global research reputation,posicao,640.0,
2026,2026-2027,528834,Universidade Federal de Pelotas,Indicador,Geral,Regional research reputation,posicao,48.0,
2026,2026-2027,528834,Universidade Federal de Pelotas,Indicador,Geral,Publications,posicao,992.0,
2026,2026-2027,528834,Universidade Federal de Pelotas,Indicador,Geral,Books,posicao,1276.0,
2026,2026-2027,528834,Universidade Federal de Pelotas,Indicador,Geral,Conferences,posicao,1068.0,
2026,2026-2027,528834,Universidade Federal de Pelotas,Indicador,Geral,Normalized citation impact,posicao,2053.0,
2026,2026-2027,528834,Universidade Federal de Pelotas,Indicador,Geral,Total citations,posicao,1220.0,
2026,2026-2027,528834,Universidade Federal de Pelotas,Indicador,Geral,Number of publications that are among the 10% most cited,posicao,1370.0,
2026,2026-2027,528834,Universidade Federal de Pelotas,Indicador,Geral,Percentage of total publications that are among the 10% most cited,posicao,2221.0,
2026,2026-2027,528834,Universidade Federal de Pelotas,Indicador,Geral,International collaboration - relative to country,posicao,1501.0,
2026,2026-2027,528834,Universidade Federal de Pelotas,Indicador,Geral,International collaboration,posicao,1454.0,
2026,2026-2027,528834,Universidade Federal de Pelotas,Indicador,Geral,Number of highly cited papers that are among the top 1% most cited,posicao,1246.0,
2026,2026-2027,528834,Universidade Federal de Pelotas,Indicador,Geral,Percentage of highly cited papers that are among the top 1% most cited,posicao,1777.0,
2026,2026-2027,528834,Universidade Federal de Pelotas,Indicador,Agricultural Sciences,Global research reputation,posicao,250.0,
2026,2026-2027,528834,Universidade Federal de Pelotas,Indicador,Agricultural Sciences,Regional research reputation,posicao,15.0,
2026,2026-2027,528834,Universidade Federal de Pelotas,Indicador,Agricultural Sciences,Publications,posicao,134.0,
2026,2026-2027,528834,Universidade Federal de Pelotas,Indicador,Agricultural Sciences,Normalized citation impact,posicao,512.0,
2026,2026-2027,528834,Universidade Federal de Pelotas,Indicador,Agricultural Sciences,Total citations,posicao,309.0,
2026,2026-2027,528834,Universidade Federal de Pelotas,Indicador,Agricultural Sciences,Number of publications that are among the 10% most cited,posicao,372.0,
2026,2026-2027,528834,Universidade Federal de Pelotas,Indicador,Agricultural Sciences,Percentage of total publications that are among the 10% most cited,posicao,497.0,
2026,2026-2027,528834,Universidade Federal de Pelotas,Indicador,Agricultural Sciences,International collaboration - relative to country,posicao,382.0,
2026,2026-2027,528834,Universidade Federal de Pelotas,Indicador,Agricultural Sciences,International collaboration,posicao,437.0,
2026,2026-2027,528834,Universidade Federal de Pelotas,Indicador,Agricultural Sciences,Number of highly cited papers that are among the top 1% most cited,posicao,461.0,
2026,2026-2027,528834,Universidade Federal de Pelotas,Indicador,Agricultural Sciences,Percentage of highly cited papers that are among the top 1% most cited,posicao,507.0,
2026,2026-2027,528834,Universidade Federal de Pelotas,Indicador,Chemistry,Global research reputation,posicao,569.0,
2026,2026-2027,528834,Universidade Federal de Pelotas,Indicador,Chemistry,Regional research reputation,posicao,43.0,
2026,2026-2027,528834,Universidade Federal de Pelotas,Indicador,Chemistry,Publications,posicao,1297.0,
2026,2026-2027,528834,Universidade Federal de Pelotas,Indicador,Chemistry,Normalized citation impact,posicao,1276.0,
2026,2026-2027,528834,Universidade Federal de Pelotas,Indicador,Chemistry,Total citations,posicao,1377.0,
2026,2026-2027,528834,Universidade Federal de Pelotas,Indicador,Chemistry,Number of publications that are among the 10% most cited,posicao,1332.0,
2026,2026-2027,528834,Universidade Federal de Pelotas,Indicador,Chemistry,Percentage of total publications that are among the 10% most cited,posicao,1192.0,
2026,2026-2027,528834,Universidade Federal de Pelotas,Indicador,Chemistry,International collaboration - relative to country,posicao,1033.0,
2026,2026-2027,528834,Universidade Federal de Pelotas,Indicador,Chemistry,International collaboration,posicao,959.0,
2026,2026-2027,528834,Universidade Federal de Pelotas,Indicador,Chemistry,Number of highly cited papers that are among the top 1% most cited,posicao,957.0,
2026,2026-2027,528834,Universidade Federal de Pelotas,Indicador,Chemistry,Percentage of highly cited papers that are among the top 1% most cited,posicao,664.0,
2026,2026-2027,528834,Universidade Federal de Pelotas,Indicador,Clinical Medicine,Global research reputation,posicao,131.0,
2026,2026-2027,528834,Universidade Federal de Pelotas,Indicador,Clinical Medicine,Regional research reputation,posicao,11.0,
2026,2026-2027,528834,Universidade Federal de Pelotas,Indicador,Clinical Medicine,Publications,posicao,774.0,
2026,2026-2027,528834,Universidade Federal de Pelotas,Indicador,Clinical Medicine,Normalized citation impact,posicao,667.0,
2026,2026-2027,528834,Universidade Federal de Pelotas,Indicador,Clinical Medicine,Total citations,posicao,823.0,
2026,2026-2027,528834,Universidade Federal de Pelotas,Indicador,Clinical Medicine,Number of publications that are among the 10% most cited,posicao,766.0,
2026,2026-2027,528834,Universidade Federal de Pelotas,Indicador,Clinical Medicine,Percentage of total publications that are among the 10% most cited,posicao,833.0,
2026,2026-2027,528834,Universidade Federal de Pelotas,Indicador,Clinical Medicine,International collaboration - relative to country,posicao,125.0,
2026,2026-2027,528834,Universidade Federal de Pelotas,Indicador,Clinical Medicine,International collaboration,posicao,421.0,
2026,2026-2027,528834,Universidade Federal de Pelotas,Indicador,Clinical Medicine,Number of highly cited papers that are among the top 1% most cited,posicao,714.0,
2026,2026-2027,528834,Universidade Federal de Pelotas,Indicador,Clinical Medicine,Percentage of highly cited papers that are among the top 1% most cited,posicao,624.0,
2026,2026-2027,528834,Universidade Federal de Pelotas,Indicador,Plant and Animal Science,Global research reputation,posicao,309.0,
2026,2026-2027,528834,Universidade Federal de Pelotas,Indicador,Plant and Animal Science,Regional research reputation,posicao,43.0,
2026,2026-2027,528834,Universidade Federal de Pelotas,Indicador,Plant and Animal Science,Publications,posicao,245.0,
2026,2026-2027,528834,Universidade Federal de Pelotas,Indicador,Plant and Animal Science,Normalized citation impact,posicao,748.0,
2026,2026-2027,528834,Universidade Federal de Pelotas,Indicador,Plant and Animal Science,Total citations,posicao,535.0,
2026,2026-2027,528834,Universidade Federal de Pelotas,Indicador,Plant and Animal Science,Number of publications that are among the 10% most cited,posicao,659.0,
2026,2026-2027,528834,Universidade Federal de Pelotas,Indicador,Plant and Animal Science,Percentage of total publications that are among the 10% most cited,posicao,737.0,
2026,2026-2027,528834,Universidade Federal de Pelotas,Indicador,Plant and Animal Science,International collaboration - relative to country,posicao,625.0,
2026,2026-2027,528834,Universidade Federal de Pelotas,Indicador,Plant and Animal Science,International collaboration,posicao,640.0,
2026,2026-2027,528834,Universidade Federal de Pelotas,Indicador,Plant and Animal Science,Number of highly cited papers that are among the top 1% most cited,posicao,483.0,
2026,2026-2027,528834,Universidade Federal de Pelotas,Indicador,Plant and Animal Science,Percentage of highly cited papers that are among the top 1% most cited,posicao,590.0,
2026,2026-2027,528834,Universidade Federal de Pelotas,Indicador,"Public, Environmental and Occupational Health",Publications,posicao,232.0,
2026,2026-2027,528834,Universidade Federal de Pelotas,Indicador,"Public, Environmental and Occupational Health",Conferences,posicao,186.0,substituto
2026,2026-2027,528834,Universidade Federal de Pelotas,Indicador,"Public, Environmental and Occupational Health",Normalized citation impact,posicao,472.0,
2026,2026-2027,528834,Universidade Federal de Pelotas,Indicador,"Public, Environmental and Occupational Health",Total citations,posicao,377.0,
2026,2026-2027,528834,Universidade Federal de Pelotas,Indicador,"Public, Environmental and Occupational Health",Number of publications that are among the 10% most cited,posicao,400.0,
2026,2026-2027,528834,Universidade Federal de Pelotas,Indicador,"Public, Environmental and Occupational Health",Percentage of total publications that are among the 10% most cited,posicao,500.0,
2026,2026-2027,528834,Universidade Federal de Pelotas,Indicador,"Public, Environmental and Occupational Health",International collaboration - relative to country,posicao,21.0,
2026,2026-2027,528834,Universidade Federal de Pelotas,Indicador,"Public, Environmental and Occupational Health",International collaboration,posicao,238.0,
2026,2026-2027,528834,Universidade Federal de Pelotas,Indicador,"Public, Environmental and Occupational Health",Number of highly cited papers that are among the top 1% most cited,posicao,268.0,
2026,2026-2027,528834,Universidade Federal de Pelotas,Indicador,"Public, Environmental and Occupational Health",Percentage of highly cited papers that are among the top 1% most cited,posicao,275.0,
2026,2026-2027,528834,Universidade Federal de Pelotas,Indicador,Social Sciences and Public Health,Global research reputation,posicao,602.0,
2026,2026-2027,528834,Universidade Federal de Pelotas,Indicador,Social Sciences and Public Health,Regional research reputation,posicao,32.0,
2026,2026-2027,528834,Universidade Federal de Pelotas,Indicador,Social Sciences and Public Health,Publications,posicao,576.0,
2026,2026-2027,528834,Universidade Federal de Pelotas,Indicador,Social Sciences and Public Health,Normalized citation impact,posicao,767.0,
2026,2026-2027,528834,Universidade Federal de Pelotas,Indicador,Social Sciences and Public Health,Total citations,posicao,712.0,
2026,2026-2027,528834,Universidade Federal de Pelotas,Indicador,Social Sciences and Public Health,Number of publications that are among the 10% most cited,posicao,752.0,
2026,2026-2027,528834,Universidade Federal de Pelotas,Indicador,Social Sciences and Public Health,Percentage of total publications that are among the 10% most cited,posicao,810.0,
2026,2026-2027,528834,Universidade Federal de Pelotas,Indicador,Social Sciences and Public Health,International collaboration - relative to country,posicao,76.0,
2026,2026-2027,528834,Universidade Federal de Pelotas,Indicador,Social Sciences and Public Health,International collaboration,posicao,327.0,
2026,2026-2027,528834,Universidade Federal de Pelotas,Indicador,Social Sciences and Public Health,Number of highly cited papers that are among the top 1% most cited,posicao,625.0,
2026,2026-2027,528834,Universidade Federal de Pelotas,Indicador,Social Sciences and Public Health,Percentage of highly cited papers that are among the top 1% most cited,posicao,581.0,
2026,2026-2027,502771,Rio de Janeiro State University,Listagem,Geral,Best Universities in Brazil,posicao,18.0,empate
2026,2026-2027,502771,Rio de Janeiro State University,Listagem,Geral,Best Global Universities,posicao,1278.0,empate
2026,2026-2027,502771,Rio de Janeiro State University,Listagem,Geral,Global Score,score,32.8,
2026,2026-2027,502771,Rio de Janeiro State University,Listagem,Geral,Enrollment,valor,,sem dado
2026,2026-2027,502771,Rio de Janeiro State University,Perfil institucional,Geral,Total number of students,valor,,sem dado
2026,2026-2027,502771,Rio de Janeiro State University,Perfil institucional,Geral,Number of international students,valor,,sem dado
2026,2026-2027,502771,Rio de Janeiro State University,Perfil institucional,Geral,Total number of academic staff,valor,,sem dado
2026,2026-2027,502771,Rio de Janeiro State University,Perfil institucional,Geral,Number of international staff,valor,,sem dado
2026,2026-2027,502771,Rio de Janeiro State University,Perfil institucional,Geral,Number of undergraduate degrees awarded,valor,,sem dado
2026,2026-2027,502771,Rio de Janeiro State University,Perfil institucional,Geral,Number of master's degrees awarded,valor,,sem dado
2026,2026-2027,502771,Rio de Janeiro State University,Perfil institucional,Geral,Number of doctoral degrees awarded,valor,,sem dado
2026,2026-2027,502771,Rio de Janeiro State University,Perfil institucional,Geral,Number of research only staff,valor,,sem dado
2026,2026-2027,502771,Rio de Janeiro State University,Perfil institucional,Geral,Number of new undergraduate students,valor,,sem dado
2026,2026-2027,502771,Rio de Janeiro State University,Perfil institucional,Geral,Number of new master's students,valor,,sem dado
2026,2026-2027,502771,Rio de Janeiro State University,Perfil institucional,Geral,Number of new doctoral students,valor,,sem dado
2026,2026-2027,502771,Rio de Janeiro State University,Ranking geral,Geral,Global score,score,32.8,
2026,2026-2027,502771,Rio de Janeiro State University,Ranking geral,Geral,Best Global Universities,posicao,1278.0,empate
2026,2026-2027,502771,Rio de Janeiro State University,Ranking geral,Geral,Best Global Universities in Latin America,posicao,44.0,empate
2026,2026-2027,502771,Rio de Janeiro State University,Ranking geral,Geral,Best Global Universities in Brazil,posicao,18.0,empate
2026,2026-2027,502771,Rio de Janeiro State University,Ranking por area,Clinical Medicine,Posicao na area,posicao,946.0,empate
2026,2026-2027,502771,Rio de Janeiro State University,Ranking por area,Clinical Medicine,Score na area,score,29.4,
2026,2026-2027,502771,Rio de Janeiro State University,Ranking por area,Environment/Ecology,Posicao na area,posicao,958.0,
2026,2026-2027,502771,Rio de Janeiro State University,Ranking por area,Environment/Ecology,Score na area,score,23.2,
2026,2026-2027,502771,Rio de Janeiro State University,Ranking por area,Physics,Posicao na area,posicao,466.0,empate
2026,2026-2027,502771,Rio de Janeiro State University,Ranking por area,Physics,Score na area,score,42.2,
2026,2026-2027,502771,Rio de Janeiro State University,Ranking por area,Plant and Animal Science,Posicao na area,posicao,691.0,
2026,2026-2027,502771,Rio de Janeiro State University,Ranking por area,Plant and Animal Science,Score na area,score,23.0,
2026,2026-2027,502771,Rio de Janeiro State University,Indicador,Geral,Global research reputation,posicao,1661.0,
2026,2026-2027,502771,Rio de Janeiro State University,Indicador,Geral,Regional research reputation,posicao,43.0,
2026,2026-2027,502771,Rio de Janeiro State University,Indicador,Geral,Publications,posicao,836.0,
2026,2026-2027,502771,Rio de Janeiro State University,Indicador,Geral,Books,posicao,582.0,
2026,2026-2027,502771,Rio de Janeiro State University,Indicador,Geral,Conferences,posicao,1137.0,
2026,2026-2027,502771,Rio de Janeiro State University,Indicador,Geral,Normalized citation impact,posicao,2217.0,
2026,2026-2027,502771,Rio de Janeiro State University,Indicador,Geral,Total citations,posicao,1111.0,
2026,2026-2027,502771,Rio de Janeiro State University,Indicador,Geral,Number of publications that are among the 10% most cited,posicao,1207.0,
2026,2026-2027,502771,Rio de Janeiro State University,Indicador,Geral,Percentage of total publications that are among the 10% most cited,posicao,2228.0,
2026,2026-2027,502771,Rio de Janeiro State University,Indicador,Geral,International collaboration - relative to country,posicao,947.0,
2026,2026-2027,502771,Rio de Janeiro State University,Indicador,Geral,International collaboration,posicao,1279.0,
2026,2026-2027,502771,Rio de Janeiro State University,Indicador,Geral,Number of highly cited papers that are among the top 1% most cited,posicao,1318.0,
2026,2026-2027,502771,Rio de Janeiro State University,Indicador,Geral,Percentage of highly cited papers that are among the top 1% most cited,posicao,2087.0,
2026,2026-2027,502771,Rio de Janeiro State University,Indicador,Clinical Medicine,Global research reputation,posicao,697.0,substituto
2026,2026-2027,502771,Rio de Janeiro State University,Indicador,Clinical Medicine,Regional research reputation,posicao,28.0,
2026,2026-2027,502771,Rio de Janeiro State University,Indicador,Clinical Medicine,Publications,posicao,601.0,
2026,2026-2027,502771,Rio de Janeiro State University,Indicador,Clinical Medicine,Normalized citation impact,posicao,1272.0,
2026,2026-2027,502771,Rio de Janeiro State University,Indicador,Clinical Medicine,Total citations,posicao,942.0,
2026,2026-2027,502771,Rio de Janeiro State University,Indicador,Clinical Medicine,Number of publications that are among the 10% most cited,posicao,782.0,
2026,2026-2027,502771,Rio de Janeiro State University,Indicador,Clinical Medicine,Percentage of total publications that are among the 10% most cited,posicao,1256.0,
2026,2026-2027,502771,Rio de Janeiro State University,Indicador,Clinical Medicine,International collaboration - relative to country,posicao,1076.0,
2026,2026-2027,502771,Rio de Janeiro State University,Indicador,Clinical Medicine,International collaboration,posicao,859.0,
2026,2026-2027,502771,Rio de Janeiro State University,Indicador,Clinical Medicine,Number of highly cited papers that are among the top 1% most cited,posicao,857.0,
2026,2026-2027,502771,Rio de Janeiro State University,Indicador,Clinical Medicine,Percentage of highly cited papers that are among the top 1% most cited,posicao,1093.0,
2026,2026-2027,502771,Rio de Janeiro State University,Indicador,Environment/Ecology,Global research reputation,posicao,281.0,substituto
2026,2026-2027,502771,Rio de Janeiro State University,Indicador,Environment/Ecology,Regional research reputation,posicao,20.0,
2026,2026-2027,502771,Rio de Janeiro State University,Indicador,Environment/Ecology,Publications,posicao,612.0,
2026,2026-2027,502771,Rio de Janeiro State University,Indicador,Environment/Ecology,Normalized citation impact,posicao,1067.0,
2026,2026-2027,502771,Rio de Janeiro State University,Indicador,Environment/Ecology,Total citations,posicao,936.0,
2026,2026-2027,502771,Rio de Janeiro State University,Indicador,Environment/Ecology,Number of publications that are among the 10% most cited,posicao,933.0,
2026,2026-2027,502771,Rio de Janeiro State University,Indicador,Environment/Ecology,Percentage of total publications that are among the 10% most cited,posicao,997.0,
2026,2026-2027,502771,Rio de Janeiro State University,Indicador,Environment/Ecology,International collaboration - relative to country,posicao,794.0,
2026,2026-2027,502771,Rio de Janeiro State University,Indicador,Environment/Ecology,International collaboration,posicao,795.0,
2026,2026-2027,502771,Rio de Janeiro State University,Indicador,Environment/Ecology,Number of highly cited papers that are among the top 1% most cited,posicao,1027.0,
2026,2026-2027,502771,Rio de Janeiro State University,Indicador,Environment/Ecology,Percentage of highly cited papers that are among the top 1% most cited,posicao,1065.0,
2026,2026-2027,502771,Rio de Janeiro State University,Indicador,Physics,Global research reputation,posicao,380.0,substituto
2026,2026-2027,502771,Rio de Janeiro State University,Indicador,Physics,Regional research reputation,posicao,16.0,
2026,2026-2027,502771,Rio de Janeiro State University,Indicador,Physics,Publications,posicao,372.0,
2026,2026-2027,502771,Rio de Janeiro State University,Indicador,Physics,Normalized citation impact,posicao,580.0,
2026,2026-2027,502771,Rio de Janeiro State University,Indicador,Physics,Total citations,posicao,416.0,
2026,2026-2027,502771,Rio de Janeiro State University,Indicador,Physics,Number of publications that are among the 10% most cited,posicao,383.0,
2026,2026-2027,502771,Rio de Janeiro State University,Indicador,Physics,Percentage of total publications that are among the 10% most cited,posicao,536.0,
2026,2026-2027,502771,Rio de Janeiro State University,Indicador,Physics,International collaboration - relative to country,posicao,181.0,
2026,2026-2027,502771,Rio de Janeiro State University,Indicador,Physics,International collaboration,posicao,370.0,
2026,2026-2027,502771,Rio de Janeiro State University,Indicador,Physics,Number of highly cited papers that are among the top 1% most cited,posicao,561.0,
2026,2026-2027,502771,Rio de Janeiro State University,Indicador,Physics,Percentage of highly cited papers that are among the top 1% most cited,posicao,765.0,
2026,2026-2027,502771,Rio de Janeiro State University,Indicador,Plant and Animal Science,Global research reputation,posicao,309.0,substituto
2026,2026-2027,502771,Rio de Janeiro State University,Indicador,Plant and Animal Science,Regional research reputation,posicao,24.0,
2026,2026-2027,502771,Rio de Janeiro State University,Indicador,Plant and Animal Science,Publications,posicao,578.0,
2026,2026-2027,502771,Rio de Janeiro State University,Indicador,Plant and Animal Science,Normalized citation impact,posicao,703.0,
2026,2026-2027,502771,Rio de Janeiro State University,Indicador,Plant and Animal Science,Total citations,posicao,717.0,
2026,2026-2027,502771,Rio de Janeiro State University,Indicador,Plant and Animal Science,Number of publications that are among the 10% most cited,posicao,719.0,
2026,2026-2027,502771,Rio de Janeiro State University,Indicador,Plant and Animal Science,Percentage of total publications that are among the 10% most cited,posicao,699.0,
2026,2026-2027,502771,Rio de Janeiro State University,Indicador,Plant and Animal Science,International collaboration - relative to country,posicao,284.0,
2026,2026-2027,502771,Rio de Janeiro State University,Indicador,Plant and Animal Science,International collaboration,posicao,559.0,
2026,2026-2027,502771,Rio de Janeiro State University,Indicador,Plant and Animal Science,Number of highly cited papers that are among the top 1% most cited,posicao,524.0,
2026,2026-2027,502771,Rio de Janeiro State University,Indicador,Plant and Animal Science,Percentage of highly cited papers that are among the top 1% most cited,posicao,421.0,
2026,2026-2027,500881,Universidade Federal de Santa Maria (UFSM),Listagem,Geral,Best Universities in Brazil,posicao,18.0,empate
2026,2026-2027,500881,Universidade Federal de Santa Maria (UFSM),Listagem,Geral,Best Global Universities,posicao,1278.0,empate
2026,2026-2027,500881,Universidade Federal de Santa Maria (UFSM),Listagem,Geral,Global Score,score,32.8,
2026,2026-2027,500881,Universidade Federal de Santa Maria (UFSM),Listagem,Geral,Enrollment,valor,,sem dado
2026,2026-2027,500881,Universidade Federal de Santa Maria (UFSM),Perfil institucional,Geral,Total number of students,valor,,sem dado
2026,2026-2027,500881,Universidade Federal de Santa Maria (UFSM),Perfil institucional,Geral,Number of international students,valor,,sem dado
2026,2026-2027,500881,Universidade Federal de Santa Maria (UFSM),Perfil institucional,Geral,Total number of academic staff,valor,,sem dado
2026,2026-2027,500881,Universidade Federal de Santa Maria (UFSM),Perfil institucional,Geral,Number of international staff,valor,,sem dado
2026,2026-2027,500881,Universidade Federal de Santa Maria (UFSM),Perfil institucional,Geral,Number of undergraduate degrees awarded,valor,,sem dado
2026,2026-2027,500881,Universidade Federal de Santa Maria (UFSM),Perfil institucional,Geral,Number of master's degrees awarded,valor,,sem dado
2026,2026-2027,500881,Universidade Federal de Santa Maria (UFSM),Perfil institucional,Geral,Number of doctoral degrees awarded,valor,,sem dado
2026,2026-2027,500881,Universidade Federal de Santa Maria (UFSM),Perfil institucional,Geral,Number of research only staff,valor,,sem dado
2026,2026-2027,500881,Universidade Federal de Santa Maria (UFSM),Perfil institucional,Geral,Number of new undergraduate students,valor,,sem dado
2026,2026-2027,500881,Universidade Federal de Santa Maria (UFSM),Perfil institucional,Geral,Number of new master's students,valor,,sem dado
2026,2026-2027,500881,Universidade Federal de Santa Maria (UFSM),Perfil institucional,Geral,Number of new doctoral students,valor,,sem dado
2026,2026-2027,500881,Universidade Federal de Santa Maria (UFSM),Ranking geral,Geral,Global score,score,32.8,
2026,2026-2027,500881,Universidade Federal de Santa Maria (UFSM),Ranking geral,Geral,Best Global Universities,posicao,1278.0,empate
2026,2026-2027,500881,Universidade Federal de Santa Maria (UFSM),Ranking geral,Geral,Best Global Universities in Latin America,posicao,44.0,empate
2026,2026-2027,500881,Universidade Federal de Santa Maria (UFSM),Ranking geral,Geral,Best Global Universities in Brazil,posicao,18.0,empate
2026,2026-2027,500881,Universidade Federal de Santa Maria (UFSM),Ranking por area,Agricultural Sciences,Posicao na area,posicao,240.0,empate
2026,2026-2027,500881,Universidade Federal de Santa Maria (UFSM),Ranking por area,Agricultural Sciences,Score na area,score,39.8,
2026,2026-2027,500881,Universidade Federal de Santa Maria (UFSM),Ranking por area,Chemical Engineering,Posicao na area,posicao,348.0,
2026,2026-2027,500881,Universidade Federal de Santa Maria (UFSM),Ranking por area,Chemical Engineering,Score na area,score,36.4,
2026,2026-2027,500881,Universidade Federal de Santa Maria (UFSM),Ranking por area,Chemistry,Posicao na area,posicao,917.0,empate
2026,2026-2027,500881,Universidade Federal de Santa Maria (UFSM),Ranking por area,Chemistry,Score na area,score,36.0,
2026,2026-2027,500881,Universidade Federal de Santa Maria (UFSM),Ranking por area,Clinical Medicine,Posicao na area,posicao,1145.0,empate
2026,2026-2027,500881,Universidade Federal de Santa Maria (UFSM),Ranking por area,Clinical Medicine,Score na area,score,23.6,
2026,2026-2027,500881,Universidade Federal de Santa Maria (UFSM),Ranking por area,Engineering,Posicao na area,posicao,943.0,empate
2026,2026-2027,500881,Universidade Federal de Santa Maria (UFSM),Ranking por area,Engineering,Score na area,score,30.6,
2026,2026-2027,500881,Universidade Federal de Santa Maria (UFSM),Ranking por area,Environment/Ecology,Posicao na area,posicao,808.0,empate
2026,2026-2027,500881,Universidade Federal de Santa Maria (UFSM),Ranking por area,Environment/Ecology,Score na area,score,28.3,
2026,2026-2027,500881,Universidade Federal de Santa Maria (UFSM),Ranking por area,Food Science and Technology,Posicao na area,posicao,246.0,
2026,2026-2027,500881,Universidade Federal de Santa Maria (UFSM),Ranking por area,Food Science and Technology,Score na area,score,22.6,
2026,2026-2027,500881,Universidade Federal de Santa Maria (UFSM),Ranking por area,Plant and Animal Science,Posicao na area,posicao,429.0,empate
2026,2026-2027,500881,Universidade Federal de Santa Maria (UFSM),Ranking por area,Plant and Animal Science,Score na area,score,37.6,
2026,2026-2027,500881,Universidade Federal de Santa Maria (UFSM),Indicador,Geral,Global research reputation,posicao,951.0,
2026,2026-2027,500881,Universidade Federal de Santa Maria (UFSM),Indicador,Geral,Regional research reputation,posicao,32.0,
2026,2026-2027,500881,Universidade Federal de Santa Maria (UFSM),Indicador,Geral,Publications,posicao,782.0,
2026,2026-2027,500881,Universidade Federal de Santa Maria (UFSM),Indicador,Geral,Books,posicao,1427.0,substituto
2026,2026-2027,500881,Universidade Federal de Santa Maria (UFSM),Indicador,Geral,Conferences,posicao,844.0,
2026,2026-2027,500881,Universidade Federal de Santa Maria (UFSM),Indicador,Geral,Normalized citation impact,posicao,2251.0,
2026,2026-2027,500881,Universidade Federal de Santa Maria (UFSM),Indicador,Geral,Total citations,posicao,1079.0,
2026,2026-2027,500881,Universidade Federal de Santa Maria (UFSM),Indicador,Geral,Number of publications that are among the 10% most cited,posicao,1194.0,
2026,2026-2027,500881,Universidade Federal de Santa Maria (UFSM),Indicador,Geral,Percentage of total publications that are among the 10% most cited,posicao,2268.0,
2026,2026-2027,500881,Universidade Federal de Santa Maria (UFSM),Indicador,Geral,International collaboration - relative to country,posicao,1857.0,
2026,2026-2027,500881,Universidade Federal de Santa Maria (UFSM),Indicador,Geral,International collaboration,posicao,1603.0,
2026,2026-2027,500881,Universidade Federal de Santa Maria (UFSM),Indicador,Geral,Number of highly cited papers that are among the top 1% most cited,posicao,1337.0,
2026,2026-2027,500881,Universidade Federal de Santa Maria (UFSM),Indicador,Geral,Percentage of highly cited papers that are among the top 1% most cited,posicao,2164.0,
2026,2026-2027,500881,Universidade Federal de Santa Maria (UFSM),Indicador,Agricultural Sciences,Global research reputation,posicao,242.0,
2026,2026-2027,500881,Universidade Federal de Santa Maria (UFSM),Indicador,Agricultural Sciences,Regional research reputation,posicao,13.0,
2026,2026-2027,500881,Universidade Federal de Santa Maria (UFSM),Indicador,Agricultural Sciences,Publications,posicao,57.0,
2026,2026-2027,500881,Universidade Federal de Santa Maria (UFSM),Indicador,Agricultural Sciences,Normalized citation impact,posicao,501.0,
2026,2026-2027,500881,Universidade Federal de Santa Maria (UFSM),Indicador,Agricultural Sciences,Total citations,posicao,166.0,
2026,2026-2027,500881,Universidade Federal de Santa Maria (UFSM),Indicador,Agricultural Sciences,Number of publications that are among the 10% most cited,posicao,287.0,
2026,2026-2027,500881,Universidade Federal de Santa Maria (UFSM),Indicador,Agricultural Sciences,Percentage of total publications that are among the 10% most cited,posicao,503.0,
2026,2026-2027,500881,Universidade Federal de Santa Maria (UFSM),Indicador,Agricultural Sciences,International collaboration - relative to country,posicao,231.0,
2026,2026-2027,500881,Universidade Federal de Santa Maria (UFSM),Indicador,Agricultural Sciences,International collaboration,posicao,402.0,
2026,2026-2027,500881,Universidade Federal de Santa Maria (UFSM),Indicador,Agricultural Sciences,Number of highly cited papers that are among the top 1% most cited,posicao,237.0,
2026,2026-2027,500881,Universidade Federal de Santa Maria (UFSM),Indicador,Agricultural Sciences,Percentage of highly cited papers that are among the top 1% most cited,posicao,425.0,
2026,2026-2027,500881,Universidade Federal de Santa Maria (UFSM),Indicador,Chemical Engineering,Publications,posicao,365.0,
2026,2026-2027,500881,Universidade Federal de Santa Maria (UFSM),Indicador,Chemical Engineering,Conferences,posicao,125.0,substituto
2026,2026-2027,500881,Universidade Federal de Santa Maria (UFSM),Indicador,Chemical Engineering,Normalized citation impact,posicao,285.0,
2026,2026-2027,500881,Universidade Federal de Santa Maria (UFSM),Indicador,Chemical Engineering,Total citations,posicao,356.0,
2026,2026-2027,500881,Universidade Federal de Santa Maria (UFSM),Indicador,Chemical Engineering,Number of publications that are among the 10% most cited,posicao,345.0,
2026,2026-2027,500881,Universidade Federal de Santa Maria (UFSM),Indicador,Chemical Engineering,Percentage of total publications that are among the 10% most cited,posicao,294.0,
2026,2026-2027,500881,Universidade Federal de Santa Maria (UFSM),Indicador,Chemical Engineering,International collaboration - relative to country,posicao,35.0,
2026,2026-2027,500881,Universidade Federal de Santa Maria (UFSM),Indicador,Chemical Engineering,International collaboration,posicao,188.0,
2026,2026-2027,500881,Universidade Federal de Santa Maria (UFSM),Indicador,Chemical Engineering,Number of highly cited papers that are among the top 1% most cited,posicao,359.0,
2026,2026-2027,500881,Universidade Federal de Santa Maria (UFSM),Indicador,Chemical Engineering,Percentage of highly cited papers that are among the top 1% most cited,posicao,350.0,
2026,2026-2027,500881,Universidade Federal de Santa Maria (UFSM),Indicador,Chemistry,Global research reputation,posicao,422.0,
2026,2026-2027,500881,Universidade Federal de Santa Maria (UFSM),Indicador,Chemistry,Regional research reputation,posicao,19.0,
2026,2026-2027,500881,Universidade Federal de Santa Maria (UFSM),Indicador,Chemistry,Publications,posicao,828.0,
2026,2026-2027,500881,Universidade Federal de Santa Maria (UFSM),Indicador,Chemistry,Normalized citation impact,posicao,1264.0,
2026,2026-2027,500881,Universidade Federal de Santa Maria (UFSM),Indicador,Chemistry,Total citations,posicao,970.0,
2026,2026-2027,500881,Universidade Federal de Santa Maria (UFSM),Indicador,Chemistry,Number of publications that are among the 10% most cited,posicao,993.0,
2026,2026-2027,500881,Universidade Federal de Santa Maria (UFSM),Indicador,Chemistry,Percentage of total publications that are among the 10% most cited,posicao,1116.0,
2026,2026-2027,500881,Universidade Federal de Santa Maria (UFSM),Indicador,Chemistry,International collaboration - relative to country,posicao,898.0,
2026,2026-2027,500881,Universidade Federal de Santa Maria (UFSM),Indicador,Chemistry,International collaboration,posicao,923.0,
2026,2026-2027,500881,Universidade Federal de Santa Maria (UFSM),Indicador,Chemistry,Number of highly cited papers that are among the top 1% most cited,posicao,1352.0,
2026,2026-2027,500881,Universidade Federal de Santa Maria (UFSM),Indicador,Chemistry,Percentage of highly cited papers that are among the top 1% most cited,posicao,1482.0,
2026,2026-2027,500881,Universidade Federal de Santa Maria (UFSM),Indicador,Clinical Medicine,Global research reputation,posicao,697.0,
2026,2026-2027,500881,Universidade Federal de Santa Maria (UFSM),Indicador,Clinical Medicine,Regional research reputation,posicao,20.0,
2026,2026-2027,500881,Universidade Federal de Santa Maria (UFSM),Indicador,Clinical Medicine,Publications,posicao,927.0,
2026,2026-2027,500881,Universidade Federal de Santa Maria (UFSM),Indicador,Clinical Medicine,Normalized citation impact,posicao,1023.0,
2026,2026-2027,500881,Universidade Federal de Santa Maria (UFSM),Indicador,Clinical Medicine,Total citations,posicao,1093.0,
2026,2026-2027,500881,Universidade Federal de Santa Maria (UFSM),Indicador,Clinical Medicine,Number of publications that are among the 10% most cited,posicao,1278.0,
2026,2026-2027,500881,Universidade Federal de Santa Maria (UFSM),Indicador,Clinical Medicine,Percentage of total publications that are among the 10% most cited,posicao,1377.0,
2026,2026-2027,500881,Universidade Federal de Santa Maria (UFSM),Indicador,Clinical Medicine,International collaboration - relative to country,posicao,1301.0,
2026,2026-2027,500881,Universidade Federal de Santa Maria (UFSM),Indicador,Clinical Medicine,International collaboration,posicao,992.0,
2026,2026-2027,500881,Universidade Federal de Santa Maria (UFSM),Indicador,Clinical Medicine,Number of highly cited papers that are among the top 1% most cited,posicao,1025.0,
2026,2026-2027,500881,Universidade Federal de Santa Maria (UFSM),Indicador,Clinical Medicine,Percentage of highly cited papers that are among the top 1% most cited,posicao,979.0,
2026,2026-2027,500881,Universidade Federal de Santa Maria (UFSM),Indicador,Engineering,Global research reputation,posicao,876.0,
2026,2026-2027,500881,Universidade Federal de Santa Maria (UFSM),Indicador,Engineering,Regional research reputation,posicao,29.0,
2026,2026-2027,500881,Universidade Federal de Santa Maria (UFSM),Indicador,Engineering,Publications,posicao,900.0,
2026,2026-2027,500881,Universidade Federal de Santa Maria (UFSM),Indicador,Engineering,Conferences,posicao,617.0,
2026,2026-2027,500881,Universidade Federal de Santa Maria (UFSM),Indicador,Engineering,Normalized citation impact,posicao,910.0,
2026,2026-2027,500881,Universidade Federal de Santa Maria (UFSM),Indicador,Engineering,Total citations,posicao,934.0,
2026,2026-2027,500881,Universidade Federal de Santa Maria (UFSM),Indicador,Engineering,Number of publications that are among the 10% most cited,posicao,897.0,
2026,2026-2027,500881,Universidade Federal de Santa Maria (UFSM),Indicador,Engineering,Percentage of total publications that are among the 10% most cited,posicao,786.0,
2026,2026-2027,500881,Universidade Federal de Santa Maria (UFSM),Indicador,Engineering,International collaboration - relative to country,posicao,741.0,
2026,2026-2027,500881,Universidade Federal de Santa Maria (UFSM),Indicador,Engineering,International collaboration,posicao,942.0,
2026,2026-2027,500881,Universidade Federal de Santa Maria (UFSM),Indicador,Engineering,Number of highly cited papers that are among the top 1% most cited,posicao,1009.0,
2026,2026-2027,500881,Universidade Federal de Santa Maria (UFSM),Indicador,Engineering,Percentage of highly cited papers that are among the top 1% most cited,posicao,1028.0,
2026,2026-2027,500881,Universidade Federal de Santa Maria (UFSM),Indicador,Environment/Ecology,Global research reputation,posicao,281.0,substituto
2026,2026-2027,500881,Universidade Federal de Santa Maria (UFSM),Indicador,Environment/Ecology,Regional research reputation,posicao,25.0,
2026,2026-2027,500881,Universidade Federal de Santa Maria (UFSM),Indicador,Environment/Ecology,Publications,posicao,458.0,
2026,2026-2027,500881,Universidade Federal de Santa Maria (UFSM),Indicador,Environment/Ecology,Normalized citation impact,posicao,1005.0,
2026,2026-2027,500881,Universidade Federal de Santa Maria (UFSM),Indicador,Environment/Ecology,Total citations,posicao,686.0,
2026,2026-2027,500881,Universidade Federal de Santa Maria (UFSM),Indicador,Environment/Ecology,Number of publications that are among the 10% most cited,posicao,861.0,
2026,2026-2027,500881,Universidade Federal de Santa Maria (UFSM),Indicador,Environment/Ecology,Percentage of total publications that are among the 10% most cited,posicao,1020.0,
2026,2026-2027,500881,Universidade Federal de Santa Maria (UFSM),Indicador,Environment/Ecology,International collaboration - relative to country,posicao,451.0,
2026,2026-2027,500881,Universidade Federal de Santa Maria (UFSM),Indicador,Environment/Ecology,International collaboration,posicao,718.0,
2026,2026-2027,500881,Universidade Federal de Santa Maria (UFSM),Indicador,Environment/Ecology,Number of highly cited papers that are among the top 1% most cited,posicao,713.0,
2026,2026-2027,500881,Universidade Federal de Santa Maria (UFSM),Indicador,Environment/Ecology,Percentage of highly cited papers that are among the top 1% most cited,posicao,873.0,
2026,2026-2027,500881,Universidade Federal de Santa Maria (UFSM),Indicador,Food Science and Technology,Publications,posicao,164.0,
2026,2026-2027,500881,Universidade Federal de Santa Maria (UFSM),Indicador,Food Science and Technology,Conferences,posicao,87.0,substituto
2026,2026-2027,500881,Universidade Federal de Santa Maria (UFSM),Indicador,Food Science and Technology,Normalized citation impact,posicao,239.0,
2026,2026-2027,500881,Universidade Federal de Santa Maria (UFSM),Indicador,Food Science and Technology,Total citations,posicao,194.0,
2026,2026-2027,500881,Universidade Federal de Santa Maria (UFSM),Indicador,Food Science and Technology,Number of publications that are among the 10% most cited,posicao,259.0,
2026,2026-2027,500881,Universidade Federal de Santa Maria (UFSM),Indicador,Food Science and Technology,Percentage of total publications that are among the 10% most cited,posicao,275.0,
2026,2026-2027,500881,Universidade Federal de Santa Maria (UFSM),Indicador,Food Science and Technology,International collaboration - relative to country,posicao,209.0,
2026,2026-2027,500881,Universidade Federal de Santa Maria (UFSM),Indicador,Food Science and Technology,International collaboration,posicao,186.0,
2026,2026-2027,500881,Universidade Federal de Santa Maria (UFSM),Indicador,Food Science and Technology,Number of highly cited papers that are among the top 1% most cited,posicao,246.0,
2026,2026-2027,500881,Universidade Federal de Santa Maria (UFSM),Indicador,Food Science and Technology,Percentage of highly cited papers that are among the top 1% most cited,posicao,264.0,
2026,2026-2027,500881,Universidade Federal de Santa Maria (UFSM),Indicador,Plant and Animal Science,Global research reputation,posicao,130.0,
2026,2026-2027,500881,Universidade Federal de Santa Maria (UFSM),Indicador,Plant and Animal Science,Regional research reputation,posicao,16.0,
2026,2026-2027,500881,Universidade Federal de Santa Maria (UFSM),Indicador,Plant and Animal Science,Publications,posicao,164.0,
2026,2026-2027,500881,Universidade Federal de Santa Maria (UFSM),Indicador,Plant and Animal Science,Normalized citation impact,posicao,736.0,
2026,2026-2027,500881,Universidade Federal de Santa Maria (UFSM),Indicador,Plant and Animal Science,Total citations,posicao,367.0,
2026,2026-2027,500881,Universidade Federal de Santa Maria (UFSM),Indicador,Plant and Animal Science,Number of publications that are among the 10% most cited,posicao,507.0,
2026,2026-2027,500881,Universidade Federal de Santa Maria (UFSM),Indicador,Plant and Animal Science,Percentage of total publications that are among the 10% most cited,posicao,719.0,
2026,2026-2027,500881,Universidade Federal de Santa Maria (UFSM),Indicador,Plant and Animal Science,International collaboration - relative to country,posicao,731.0,
2026,2026-2027,500881,Universidade Federal de Santa Maria (UFSM),Indicador,Plant and Animal Science,International collaboration,posicao,697.0,
2026,2026-2027,500881,Universidade Federal de Santa Maria (UFSM),Indicador,Plant and Animal Science,Number of highly cited papers that are among the top 1% most cited,posicao,573.0,
2026,2026-2027,500881,Universidade Federal de Santa Maria (UFSM),Indicador,Plant and Animal Science,Percentage of highly cited papers that are among the top 1% most cited,posicao,701.0,
2026,2026-2027,506244,Universidade Federal Fluminense,Listagem,Geral,Best Universities in Brazil,posicao,20.0,
2026,2026-2027,506244,Universidade Federal Fluminense,Listagem,Geral,Best Global Universities,posicao,1290.0,empate
2026,2026-2027,506244,Universidade Federal Fluminense,Listagem,Geral,Global Score,score,32.6,
2026,2026-2027,506244,Universidade Federal Fluminense,Listagem,Geral,Enrollment,valor,49845.0,
2026,2026-2027,506244,Universidade Federal Fluminense,Perfil institucional,Geral,Total number of students,valor,49845.0,
2026,2026-2027,506244,Universidade Federal Fluminense,Perfil institucional,Geral,Number of international students,valor,104.0,
2026,2026-2027,506244,Universidade Federal Fluminense,Perfil institucional,Geral,Total number of academic staff,valor,3395.0,
2026,2026-2027,506244,Universidade Federal Fluminense,Perfil institucional,Geral,Number of international staff,valor,170.0,
2026,2026-2027,506244,Universidade Federal Fluminense,Perfil institucional,Geral,Number of undergraduate degrees awarded,valor,5358.0,
2026,2026-2027,506244,Universidade Federal Fluminense,Perfil institucional,Geral,Number of master's degrees awarded,valor,1191.0,
2026,2026-2027,506244,Universidade Federal Fluminense,Perfil institucional,Geral,Number of doctoral degrees awarded,valor,495.0,
2026,2026-2027,506244,Universidade Federal Fluminense,Perfil institucional,Geral,Number of research only staff,valor,361.0,
2026,2026-2027,506244,Universidade Federal Fluminense,Perfil institucional,Geral,Number of new undergraduate students,valor,12163.0,
2026,2026-2027,506244,Universidade Federal Fluminense,Perfil institucional,Geral,Number of new master's students,valor,1066.0,
2026,2026-2027,506244,Universidade Federal Fluminense,Perfil institucional,Geral,Number of new doctoral students,valor,433.0,
2026,2026-2027,506244,Universidade Federal Fluminense,Ranking geral,Geral,Global score,score,32.6,
2026,2026-2027,506244,Universidade Federal Fluminense,Ranking geral,Geral,Best Global Universities,posicao,1290.0,empate
2026,2026-2027,506244,Universidade Federal Fluminense,Ranking geral,Geral,Best Global Universities in Latin America,posicao,46.0,
2026,2026-2027,506244,Universidade Federal Fluminense,Ranking geral,Geral,Best Global Universities in Brazil,posicao,20.0,
2026,2026-2027,506244,Universidade Federal Fluminense,Ranking por area,Agricultural Sciences,Posicao na area,posicao,396.0,empate
2026,2026-2027,506244,Universidade Federal Fluminense,Ranking por area,Agricultural Sciences,Score na area,score,28.6,
2026,2026-2027,506244,Universidade Federal Fluminense,Ranking por area,Chemistry,Posicao na area,posicao,1410.0,empate
2026,2026-2027,506244,Universidade Federal Fluminense,Ranking por area,Chemistry,Score na area,score,25.6,
2026,2026-2027,506244,Universidade Federal Fluminense,Ranking por area,Clinical Medicine,Posicao na area,posicao,1128.0,empate
2026,2026-2027,506244,Universidade Federal Fluminense,Ranking por area,Clinical Medicine,Score na area,score,24.1,
2026,2026-2027,506244,Universidade Federal Fluminense,Ranking por area,Computer Science,Posicao na area,posicao,945.0,empate
2026,2026-2027,506244,Universidade Federal Fluminense,Ranking por area,Computer Science,Score na area,score,16.3,
2026,2026-2027,506244,Universidade Federal Fluminense,Ranking por area,Engineering,Posicao na area,posicao,1474.0,empate
2026,2026-2027,506244,Universidade Federal Fluminense,Ranking por area,Engineering,Score na area,score,17.2,
2026,2026-2027,506244,Universidade Federal Fluminense,Ranking por area,Environment/Ecology,Posicao na area,posicao,820.0,empate
2026,2026-2027,506244,Universidade Federal Fluminense,Ranking por area,Environment/Ecology,Score na area,score,27.8,
2026,2026-2027,506244,Universidade Federal Fluminense,Ranking por area,Food Science and Technology,Posicao na area,posicao,234.0,
2026,2026-2027,506244,Universidade Federal Fluminense,Ranking por area,Food Science and Technology,Score na area,score,24.8,
2026,2026-2027,506244,Universidade Federal Fluminense,Ranking por area,Physics,Posicao na area,posicao,814.0,empate
2026,2026-2027,506244,Universidade Federal Fluminense,Ranking por area,Physics,Score na area,score,26.1,
2026,2026-2027,506244,Universidade Federal Fluminense,Ranking por area,Plant and Animal Science,Posicao na area,posicao,687.0,empate
2026,2026-2027,506244,Universidade Federal Fluminense,Ranking por area,Plant and Animal Science,Score na area,score,23.3,
2026,2026-2027,506244,Universidade Federal Fluminense,Indicador,Geral,Global research reputation,posicao,981.0,
2026,2026-2027,506244,Universidade Federal Fluminense,Indicador,Geral,Regional research reputation,posicao,34.0,
2026,2026-2027,506244,Universidade Federal Fluminense,Indicador,Geral,Publications,posicao,740.0,
2026,2026-2027,506244,Universidade Federal Fluminense,Indicador,Geral,Books,posicao,682.0,
2026,2026-2027,506244,Universidade Federal Fluminense,Indicador,Geral,Conferences,posicao,610.0,
2026,2026-2027,506244,Universidade Federal Fluminense,Indicador,Geral,Normalized citation impact,posicao,2348.0,
2026,2026-2027,506244,Universidade Federal Fluminense,Indicador,Geral,Total citations,posicao,1101.0,
2026,2026-2027,506244,Universidade Federal Fluminense,Indicador,Geral,Number of publications that are among the 10% most cited,posicao,1220.0,
2026,2026-2027,506244,Universidade Federal Fluminense,Indicador,Geral,Percentage of total publications that are among the 10% most cited,posicao,2338.0,
2026,2026-2027,506244,Universidade Federal Fluminense,Indicador,Geral,International collaboration - relative to country,posicao,1616.0,
2026,2026-2027,506244,Universidade Federal Fluminense,Indicador,Geral,International collaboration,posicao,1498.0,
2026,2026-2027,506244,Universidade Federal Fluminense,Indicador,Geral,Number of highly cited papers that are among the top 1% most cited,posicao,1689.0,
2026,2026-2027,506244,Universidade Federal Fluminense,Indicador,Geral,Percentage of highly cited papers that are among the top 1% most cited,posicao,2373.0,
2026,2026-2027,506244,Universidade Federal Fluminense,Indicador,Agricultural Sciences,Global research reputation,posicao,270.0,substituto
2026,2026-2027,506244,Universidade Federal Fluminense,Indicador,Agricultural Sciences,Regional research reputation,posicao,29.0,
2026,2026-2027,506244,Universidade Federal Fluminense,Indicador,Agricultural Sciences,Publications,posicao,264.0,
2026,2026-2027,506244,Universidade Federal Fluminense,Indicador,Agricultural Sciences,Normalized citation impact,posicao,375.0,
2026,2026-2027,506244,Universidade Federal Fluminense,Indicador,Agricultural Sciences,Total citations,posicao,302.0,
2026,2026-2027,506244,Universidade Federal Fluminense,Indicador,Agricultural Sciences,Number of publications that are among the 10% most cited,posicao,297.0,
2026,2026-2027,506244,Universidade Federal Fluminense,Indicador,Agricultural Sciences,Percentage of total publications that are among the 10% most cited,posicao,315.0,
2026,2026-2027,506244,Universidade Federal Fluminense,Indicador,Agricultural Sciences,International collaboration - relative to country,posicao,394.0,
2026,2026-2027,506244,Universidade Federal Fluminense,Indicador,Agricultural Sciences,International collaboration,posicao,441.0,
2026,2026-2027,506244,Universidade Federal Fluminense,Indicador,Agricultural Sciences,Number of highly cited papers that are among the top 1% most cited,posicao,237.0,
2026,2026-2027,506244,Universidade Federal Fluminense,Indicador,Agricultural Sciences,Percentage of highly cited papers that are among the top 1% most cited,posicao,243.0,
2026,2026-2027,506244,Universidade Federal Fluminense,Indicador,Chemistry,Global research reputation,posicao,569.0,substituto
2026,2026-2027,506244,Universidade Federal Fluminense,Indicador,Chemistry,Regional research reputation,posicao,43.0,
2026,2026-2027,506244,Universidade Federal Fluminense,Indicador,Chemistry,Publications,posicao,746.0,
2026,2026-2027,506244,Universidade Federal Fluminense,Indicador,Chemistry,Normalized citation impact,posicao,1557.0,
2026,2026-2027,506244,Universidade Federal Fluminense,Indicador,Chemistry,Total citations,posicao,1107.0,
2026,2026-2027,506244,Universidade Federal Fluminense,Indicador,Chemistry,Number of publications that are among the 10% most cited,posicao,1456.0,
2026,2026-2027,506244,Universidade Federal Fluminense,Indicador,Chemistry,Percentage of total publications that are among the 10% most cited,posicao,1568.0,
2026,2026-2027,506244,Universidade Federal Fluminense,Indicador,Chemistry,International collaboration - relative to country,posicao,1280.0,
2026,2026-2027,506244,Universidade Federal Fluminense,Indicador,Chemistry,International collaboration,posicao,1049.0,
2026,2026-2027,506244,Universidade Federal Fluminense,Indicador,Chemistry,Number of highly cited papers that are among the top 1% most cited,posicao,1352.0,
2026,2026-2027,506244,Universidade Federal Fluminense,Indicador,Chemistry,Percentage of highly cited papers that are among the top 1% most cited,posicao,1491.0,
2026,2026-2027,506244,Universidade Federal Fluminense,Indicador,Clinical Medicine,Global research reputation,posicao,697.0,
2026,2026-2027,506244,Universidade Federal Fluminense,Indicador,Clinical Medicine,Regional research reputation,posicao,35.0,
2026,2026-2027,506244,Universidade Federal Fluminense,Indicador,Clinical Medicine,Publications,posicao,736.0,
2026,2026-2027,506244,Universidade Federal Fluminense,Indicador,Clinical Medicine,Normalized citation impact,posicao,1353.0,
2026,2026-2027,506244,Universidade Federal Fluminense,Indicador,Clinical Medicine,Total citations,posicao,1107.0,
2026,2026-2027,506244,Universidade Federal Fluminense,Indicador,Clinical Medicine,Number of publications that are among the 10% most cited,posicao,1088.0,
2026,2026-2027,506244,Universidade Federal Fluminense,Indicador,Clinical Medicine,Percentage of total publications that are among the 10% most cited,posicao,1361.0,
2026,2026-2027,506244,Universidade Federal Fluminense,Indicador,Clinical Medicine,International collaboration - relative to country,posicao,912.0,
2026,2026-2027,506244,Universidade Federal Fluminense,Indicador,Clinical Medicine,International collaboration,posicao,774.0,
2026,2026-2027,506244,Universidade Federal Fluminense,Indicador,Clinical Medicine,Number of highly cited papers that are among the top 1% most cited,posicao,1143.0,
2026,2026-2027,506244,Universidade Federal Fluminense,Indicador,Clinical Medicine,Percentage of highly cited papers that are among the top 1% most cited,posicao,1274.0,
2026,2026-2027,506244,Universidade Federal Fluminense,Indicador,Computer Science,Global research reputation,posicao,496.0,
2026,2026-2027,506244,Universidade Federal Fluminense,Indicador,Computer Science,Regional research reputation,posicao,14.0,
2026,2026-2027,506244,Universidade Federal Fluminense,Indicador,Computer Science,Publications,posicao,803.0,
2026,2026-2027,506244,Universidade Federal Fluminense,Indicador,Computer Science,Conferences,posicao,483.0,
2026,2026-2027,506244,Universidade Federal Fluminense,Indicador,Computer Science,Normalized citation impact,posicao,1056.0,
2026,2026-2027,506244,Universidade Federal Fluminense,Indicador,Computer Science,Total citations,posicao,1032.0,
2026,2026-2027,506244,Universidade Federal Fluminense,Indicador,Computer Science,Number of publications that are among the 10% most cited,posicao,973.0,
2026,2026-2027,506244,Universidade Federal Fluminense,Indicador,Computer Science,Percentage of total publications that are among the 10% most cited,posicao,1052.0,
2026,2026-2027,506244,Universidade Federal Fluminense,Indicador,Computer Science,International collaboration - relative to country,posicao,748.0,
2026,2026-2027,506244,Universidade Federal Fluminense,Indicador,Computer Science,International collaboration,posicao,665.0,
2026,2026-2027,506244,Universidade Federal Fluminense,Indicador,Computer Science,Number of highly cited papers that are among the top 1% most cited,posicao,939.0,
2026,2026-2027,506244,Universidade Federal Fluminense,Indicador,Computer Science,Percentage of highly cited papers that are among the top 1% most cited,posicao,993.0,
2026,2026-2027,506244,Universidade Federal Fluminense,Indicador,Engineering,Global research reputation,posicao,876.0,substituto
2026,2026-2027,506244,Universidade Federal Fluminense,Indicador,Engineering,Regional research reputation,posicao,43.0,
2026,2026-2027,506244,Universidade Federal Fluminense,Indicador,Engineering,Publications,posicao,908.0,
2026,2026-2027,506244,Universidade Federal Fluminense,Indicador,Engineering,Conferences,posicao,676.0,
2026,2026-2027,506244,Universidade Federal Fluminense,Indicador,Engineering,Normalized citation impact,posicao,1569.0,
2026,2026-2027,506244,Universidade Federal Fluminense,Indicador,Engineering,Total citations,posicao,1314.0,
2026,2026-2027,506244,Universidade Federal Fluminense,Indicador,Engineering,Number of publications that are among the 10% most cited,posicao,1428.0,
2026,2026-2027,506244,Universidade Federal Fluminense,Indicador,Engineering,Percentage of total publications that are among the 10% most cited,posicao,1545.0,
2026,2026-2027,506244,Universidade Federal Fluminense,Indicador,Engineering,International collaboration - relative to country,posicao,1202.0,
2026,2026-2027,506244,Universidade Federal Fluminense,Indicador,Engineering,International collaboration,posicao,1075.0,
2026,2026-2027,506244,Universidade Federal Fluminense,Indicador,Engineering,Number of highly cited papers that are among the top 1% most cited,posicao,1314.0,
2026,2026-2027,506244,Universidade Federal Fluminense,Indicador,Engineering,Percentage of highly cited papers that are among the top 1% most cited,posicao,1418.0,
2026,2026-2027,506244,Universidade Federal Fluminense,Indicador,Environment/Ecology,Global research reputation,posicao,281.0,substituto
2026,2026-2027,506244,Universidade Federal Fluminense,Indicador,Environment/Ecology,Regional research reputation,posicao,25.0,
2026,2026-2027,506244,Universidade Federal Fluminense,Indicador,Environment/Ecology,Publications,posicao,601.0,
2026,2026-2027,506244,Universidade Federal Fluminense,Indicador,Environment/Ecology,Normalized citation impact,posicao,896.0,
2026,2026-2027,506244,Universidade Federal Fluminense,Indicador,Environment/Ecology,Total citations,posicao,736.0,
2026,2026-2027,506244,Universidade Federal Fluminense,Indicador,Environment/Ecology,Number of publications that are among the 10% most cited,posicao,831.0,
2026,2026-2027,506244,Universidade Federal Fluminense,Indicador,Environment/Ecology,Percentage of total publications that are among the 10% most cited,posicao,919.0,
2026,2026-2027,506244,Universidade Federal Fluminense,Indicador,Environment/Ecology,International collaboration - relative to country,posicao,287.0,
2026,2026-2027,506244,Universidade Federal Fluminense,Indicador,Environment/Ecology,International collaboration,posicao,674.0,
2026,2026-2027,506244,Universidade Federal Fluminense,Indicador,Environment/Ecology,Number of highly cited papers that are among the top 1% most cited,posicao,879.0,
2026,2026-2027,506244,Universidade Federal Fluminense,Indicador,Environment/Ecology,Percentage of highly cited papers that are among the top 1% most cited,posicao,962.0,
2026,2026-2027,506244,Universidade Federal Fluminense,Indicador,Food Science and Technology,Publications,posicao,197.0,
2026,2026-2027,506244,Universidade Federal Fluminense,Indicador,Food Science and Technology,Conferences,posicao,87.0,substituto
2026,2026-2027,506244,Universidade Federal Fluminense,Indicador,Food Science and Technology,Normalized citation impact,posicao,192.0,
2026,2026-2027,506244,Universidade Federal Fluminense,Indicador,Food Science and Technology,Total citations,posicao,206.0,
2026,2026-2027,506244,Universidade Federal Fluminense,Indicador,Food Science and Technology,Number of publications that are among the 10% most cited,posicao,197.0,
2026,2026-2027,506244,Universidade Federal Fluminense,Indicador,Food Science and Technology,Percentage of total publications that are among the 10% most cited,posicao,174.0,
2026,2026-2027,506244,Universidade Federal Fluminense,Indicador,Food Science and Technology,International collaboration - relative to country,posicao,304.0,
2026,2026-2027,506244,Universidade Federal Fluminense,Indicador,Food Science and Technology,International collaboration,posicao,249.0,
2026,2026-2027,506244,Universidade Federal Fluminense,Indicador,Food Science and Technology,Number of highly cited papers that are among the top 1% most cited,posicao,147.0,
2026,2026-2027,506244,Universidade Federal Fluminense,Indicador,Food Science and Technology,Percentage of highly cited papers that are among the top 1% most cited,posicao,122.0,
2026,2026-2027,506244,Universidade Federal Fluminense,Indicador,Physics,Global research reputation,posicao,380.0,substituto
2026,2026-2027,506244,Universidade Federal Fluminense,Indicador,Physics,Regional research reputation,posicao,20.0,
2026,2026-2027,506244,Universidade Federal Fluminense,Indicador,Physics,Publications,posicao,538.0,
2026,2026-2027,506244,Universidade Federal Fluminense,Indicador,Physics,Normalized citation impact,posicao,938.0,
2026,2026-2027,506244,Universidade Federal Fluminense,Indicador,Physics,Total citations,posicao,750.0,
2026,2026-2027,506244,Universidade Federal Fluminense,Indicador,Physics,Number of publications that are among the 10% most cited,posicao,841.0,
2026,2026-2027,506244,Universidade Federal Fluminense,Indicador,Physics,Percentage of total publications that are among the 10% most cited,posicao,956.0,
2026,2026-2027,506244,Universidade Federal Fluminense,Indicador,Physics,International collaboration - relative to country,posicao,709.0,
2026,2026-2027,506244,Universidade Federal Fluminense,Indicador,Physics,International collaboration,posicao,696.0,
2026,2026-2027,506244,Universidade Federal Fluminense,Indicador,Physics,Number of highly cited papers that are among the top 1% most cited,posicao,862.0,
2026,2026-2027,506244,Universidade Federal Fluminense,Indicador,Physics,Percentage of highly cited papers that are among the top 1% most cited,posicao,932.0,
2026,2026-2027,506244,Universidade Federal Fluminense,Indicador,Plant and Animal Science,Global research reputation,posicao,256.0,
2026,2026-2027,506244,Universidade Federal Fluminense,Indicador,Plant and Animal Science,Regional research reputation,posicao,16.0,
2026,2026-2027,506244,Universidade Federal Fluminense,Indicador,Plant and Animal Science,Publications,posicao,431.0,
2026,2026-2027,506244,Universidade Federal Fluminense,Indicador,Plant and Animal Science,Normalized citation impact,posicao,708.0,
2026,2026-2027,506244,Universidade Federal Fluminense,Indicador,Plant and Animal Science,Total citations,posicao,643.0,
2026,2026-2027,506244,Universidade Federal Fluminense,Indicador,Plant and Animal Science,Number of publications that are among the 10% most cited,posicao,740.0,
2026,2026-2027,506244,Universidade Federal Fluminense,Indicador,Plant and Animal Science,Percentage of total publications that are among the 10% most cited,posicao,759.0,
2026,2026-2027,506244,Universidade Federal Fluminense,Indicador,Plant and Animal Science,International collaboration - relative to country,posicao,660.0,
2026,2026-2027,506244,Universidade Federal Fluminense,Indicador,Plant and Animal Science,International collaboration,posicao,655.0,
2026,2026-2027,506244,Universidade Federal Fluminense,Indicador,Plant and Animal Science,Number of highly cited papers that are among the top 1% most cited,posicao,713.0,
2026,2026-2027,506244,Universidade Federal Fluminense,Indicador,Plant and Animal Science,Percentage of highly cited papers that are among the top 1% most cited,posicao,746.0,
2026,2026-2027,503817,Universidade Federal do Ceara,Listagem,Geral,Best Universities in Brazil,posicao,21.0,
2026,2026-2027,503817,Universidade Federal do Ceara,Listagem,Geral,Best Global Universities,posicao,1312.0,empate
2026,2026-2027,503817,Universidade Federal do Ceara,Listagem,Geral,Global Score,score,32.3,
2026,2026-2027,503817,Universidade Federal do Ceara,Listagem,Geral,Enrollment,valor,,sem dado
2026,2026-2027,503817,Universidade Federal do Ceara,Perfil institucional,Geral,Total number of students,valor,,sem dado
2026,2026-2027,503817,Universidade Federal do Ceara,Perfil institucional,Geral,Number of international students,valor,,sem dado
2026,2026-2027,503817,Universidade Federal do Ceara,Perfil institucional,Geral,Total number of academic staff,valor,,sem dado
2026,2026-2027,503817,Universidade Federal do Ceara,Perfil institucional,Geral,Number of international staff,valor,,sem dado
2026,2026-2027,503817,Universidade Federal do Ceara,Perfil institucional,Geral,Number of undergraduate degrees awarded,valor,,sem dado
2026,2026-2027,503817,Universidade Federal do Ceara,Perfil institucional,Geral,Number of master's degrees awarded,valor,,sem dado
2026,2026-2027,503817,Universidade Federal do Ceara,Perfil institucional,Geral,Number of doctoral degrees awarded,valor,,sem dado
2026,2026-2027,503817,Universidade Federal do Ceara,Perfil institucional,Geral,Number of research only staff,valor,,sem dado
2026,2026-2027,503817,Universidade Federal do Ceara,Perfil institucional,Geral,Number of new undergraduate students,valor,,sem dado
2026,2026-2027,503817,Universidade Federal do Ceara,Perfil institucional,Geral,Number of new master's students,valor,,sem dado
2026,2026-2027,503817,Universidade Federal do Ceara,Perfil institucional,Geral,Number of new doctoral students,valor,,sem dado
2026,2026-2027,503817,Universidade Federal do Ceara,Ranking geral,Geral,Global score,score,32.3,
2026,2026-2027,503817,Universidade Federal do Ceara,Ranking geral,Geral,Best Global Universities,posicao,1312.0,empate
2026,2026-2027,503817,Universidade Federal do Ceara,Ranking geral,Geral,Best Global Universities in Latin America,posicao,48.0,
2026,2026-2027,503817,Universidade Federal do Ceara,Ranking geral,Geral,Best Global Universities in Brazil,posicao,21.0,
2026,2026-2027,503817,Universidade Federal do Ceara,Ranking por area,Agricultural Sciences,Posicao na area,posicao,473.0,empate
2026,2026-2027,503817,Universidade Federal do Ceara,Ranking por area,Agricultural Sciences,Score na area,score,23.0,
2026,2026-2027,503817,Universidade Federal do Ceara,Ranking por area,Biology and Biochemistry,Posicao na area,posicao,749.0,empate
2026,2026-2027,503817,Universidade Federal do Ceara,Ranking por area,Biology and Biochemistry,Score na area,score,16.1,
2026,2026-2027,503817,Universidade Federal do Ceara,Ranking por area,Chemistry,Posicao na area,posicao,1065.0,empate
2026,2026-2027,503817,Universidade Federal do Ceara,Ranking por area,Chemistry,Score na area,score,32.8,
2026,2026-2027,503817,Universidade Federal do Ceara,Ranking por area,Clinical Medicine,Posicao na area,posicao,1178.0,empate
2026,2026-2027,503817,Universidade Federal do Ceara,Ranking por area,Clinical Medicine,Score na area,score,22.7,
2026,2026-2027,503817,Universidade Federal do Ceara,Ranking por area,Computer Science,Posicao na area,posicao,894.0,empate
2026,2026-2027,503817,Universidade Federal do Ceara,Ranking por area,Computer Science,Score na area,score,18.1,
2026,2026-2027,503817,Universidade Federal do Ceara,Ranking por area,Electrical and Electronic Engineering,Posicao na area,posicao,633.0,empate
2026,2026-2027,503817,Universidade Federal do Ceara,Ranking por area,Electrical and Electronic Engineering,Score na area,score,29.1,
2026,2026-2027,503817,Universidade Federal do Ceara,Ranking por area,Engineering,Posicao na area,posicao,1131.0,empate
2026,2026-2027,503817,Universidade Federal do Ceara,Ranking por area,Engineering,Score na area,score,26.9,
2026,2026-2027,503817,Universidade Federal do Ceara,Ranking por area,Environment/Ecology,Posicao na area,posicao,872.0,empate
2026,2026-2027,503817,Universidade Federal do Ceara,Ranking por area,Environment/Ecology,Score na area,score,26.5,
2026,2026-2027,503817,Universidade Federal do Ceara,Ranking por area,Materials Science,Posicao na area,posicao,992.0,empate
2026,2026-2027,503817,Universidade Federal do Ceara,Ranking por area,Materials Science,Score na area,score,19.2,
2026,2026-2027,503817,Universidade Federal do Ceara,Ranking por area,Physics,Posicao na area,posicao,912.0,empate
2026,2026-2027,503817,Universidade Federal do Ceara,Ranking por area,Physics,Score na area,score,20.8,
2026,2026-2027,503817,Universidade Federal do Ceara,Ranking por area,Plant and Animal Science,Posicao na area,posicao,603.0,empate
2026,2026-2027,503817,Universidade Federal do Ceara,Ranking por area,Plant and Animal Science,Score na area,score,28.5,
2026,2026-2027,503817,Universidade Federal do Ceara,Indicador,Geral,Global research reputation,posicao,1062.0,
2026,2026-2027,503817,Universidade Federal do Ceara,Indicador,Geral,Regional research reputation,posicao,32.0,
2026,2026-2027,503817,Universidade Federal do Ceara,Indicador,Geral,Publications,posicao,722.0,
2026,2026-2027,503817,Universidade Federal do Ceara,Indicador,Geral,Books,posicao,934.0,
2026,2026-2027,503817,Universidade Federal do Ceara,Indicador,Geral,Conferences,posicao,712.0,
2026,2026-2027,503817,Universidade Federal do Ceara,Indicador,Geral,Normalized citation impact,posicao,2350.0,
2026,2026-2027,503817,Universidade Federal do Ceara,Indicador,Geral,Total citations,posicao,1092.0,
2026,2026-2027,503817,Universidade Federal do Ceara,Indicador,Geral,Number of publications that are among the 10% most cited,posicao,1199.0,
2026,2026-2027,503817,Universidade Federal do Ceara,Indicador,Geral,Percentage of total publications that are among the 10% most cited,posicao,2331.0,
2026,2026-2027,503817,Universidade Federal do Ceara,Indicador,Geral,International collaboration - relative to country,posicao,1744.0,
2026,2026-2027,503817,Universidade Federal do Ceara,Indicador,Geral,International collaboration,posicao,1556.0,
2026,2026-2027,503817,Universidade Federal do Ceara,Indicador,Geral,Number of highly cited papers that are among the top 1% most cited,posicao,1483.0,
2026,2026-2027,503817,Universidade Federal do Ceara,Indicador,Geral,Percentage of highly cited papers that are among the top 1% most cited,posicao,2306.0,
2026,2026-2027,503817,Universidade Federal do Ceara,Indicador,Agricultural Sciences,Global research reputation,posicao,270.0,substituto
2026,2026-2027,503817,Universidade Federal do Ceara,Indicador,Agricultural Sciences,Regional research reputation,posicao,24.0,
2026,2026-2027,503817,Universidade Federal do Ceara,Indicador,Agricultural Sciences,Publications,posicao,149.0,
2026,2026-2027,503817,Universidade Federal do Ceara,Indicador,Agricultural Sciences,Normalized citation impact,posicao,513.0,
2026,2026-2027,503817,Universidade Federal do Ceara,Indicador,Agricultural Sciences,Total citations,posicao,342.0,
2026,2026-2027,503817,Universidade Federal do Ceara,Indicador,Agricultural Sciences,Number of publications that are among the 10% most cited,posicao,406.0,
2026,2026-2027,503817,Universidade Federal do Ceara,Indicador,Agricultural Sciences,Percentage of total publications that are among the 10% most cited,posicao,498.0,
2026,2026-2027,503817,Universidade Federal do Ceara,Indicador,Agricultural Sciences,International collaboration - relative to country,posicao,523.0,
2026,2026-2027,503817,Universidade Federal do Ceara,Indicador,Agricultural Sciences,International collaboration,posicao,508.0,
2026,2026-2027,503817,Universidade Federal do Ceara,Indicador,Agricultural Sciences,Number of highly cited papers that are among the top 1% most cited,posicao,413.0,
2026,2026-2027,503817,Universidade Federal do Ceara,Indicador,Agricultural Sciences,Percentage of highly cited papers that are among the top 1% most cited,posicao,486.0,
2026,2026-2027,503817,Universidade Federal do Ceara,Indicador,Biology and Biochemistry,Global research reputation,posicao,407.0,substituto
2026,2026-2027,503817,Universidade Federal do Ceara,Indicador,Biology and Biochemistry,Regional research reputation,posicao,19.0,
2026,2026-2027,503817,Universidade Federal do Ceara,Indicador,Biology and Biochemistry,Publications,posicao,515.0,
2026,2026-2027,503817,Universidade Federal do Ceara,Indicador,Biology and Biochemistry,Normalized citation impact,posicao,665.0,
2026,2026-2027,503817,Universidade Federal do Ceara,Indicador,Biology and Biochemistry,Total citations,posicao,605.0,
2026,2026-2027,503817,Universidade Federal do Ceara,Indicador,Biology and Biochemistry,Number of publications that are among the 10% most cited,posicao,659.0,
2026,2026-2027,503817,Universidade Federal do Ceara,Indicador,Biology and Biochemistry,Percentage of total publications that are among the 10% most cited,posicao,691.0,
2026,2026-2027,503817,Universidade Federal do Ceara,Indicador,Biology and Biochemistry,International collaboration - relative to country,posicao,798.0,
2026,2026-2027,503817,Universidade Federal do Ceara,Indicador,Biology and Biochemistry,International collaboration,posicao,673.0,
2026,2026-2027,503817,Universidade Federal do Ceara,Indicador,Biology and Biochemistry,Number of highly cited papers that are among the top 1% most cited,posicao,685.0,
2026,2026-2027,503817,Universidade Federal do Ceara,Indicador,Biology and Biochemistry,Percentage of highly cited papers that are among the top 1% most cited,posicao,729.0,
2026,2026-2027,503817,Universidade Federal do Ceara,Indicador,Chemistry,Global research reputation,posicao,569.0,
2026,2026-2027,503817,Universidade Federal do Ceara,Indicador,Chemistry,Regional research reputation,posicao,12.0,
2026,2026-2027,503817,Universidade Federal do Ceara,Indicador,Chemistry,Publications,posicao,781.0,
2026,2026-2027,503817,Universidade Federal do Ceara,Indicador,Chemistry,Normalized citation impact,posicao,1433.0,
2026,2026-2027,503817,Universidade Federal do Ceara,Indicador,Chemistry,Total citations,posicao,1014.0,
2026,2026-2027,503817,Universidade Federal do Ceara,Indicador,Chemistry,Number of publications that are among the 10% most cited,posicao,1257.0,
2026,2026-2027,503817,Universidade Federal do Ceara,Indicador,Chemistry,Percentage of total publications that are among the 10% most cited,posicao,1463.0,
2026,2026-2027,503817,Universidade Federal do Ceara,Indicador,Chemistry,International collaboration - relative to country,posicao,760.0,
2026,2026-2027,503817,Universidade Federal do Ceara,Indicador,Chemistry,International collaboration,posicao,893.0,
2026,2026-2027,503817,Universidade Federal do Ceara,Indicador,Chemistry,Number of highly cited papers that are among the top 1% most cited,posicao,1352.0,
2026,2026-2027,503817,Universidade Federal do Ceara,Indicador,Chemistry,Percentage of highly cited papers that are among the top 1% most cited,posicao,1487.0,
2026,2026-2027,503817,Universidade Federal do Ceara,Indicador,Clinical Medicine,Global research reputation,posicao,697.0,substituto
2026,2026-2027,503817,Universidade Federal do Ceara,Indicador,Clinical Medicine,Regional research reputation,posicao,28.0,
2026,2026-2027,503817,Universidade Federal do Ceara,Indicador,Clinical Medicine,Publications,posicao,699.0,
2026,2026-2027,503817,Universidade Federal do Ceara,Indicador,Clinical Medicine,Normalized citation impact,posicao,1395.0,
2026,2026-2027,503817,Universidade Federal do Ceara,Indicador,Clinical Medicine,Total citations,posicao,1120.0,
2026,2026-2027,503817,Universidade Federal do Ceara,Indicador,Clinical Medicine,Number of publications that are among the 10% most cited,posicao,1134.0,
2026,2026-2027,503817,Universidade Federal do Ceara,Indicador,Clinical Medicine,Percentage of total publications that are among the 10% most cited,posicao,1397.0,
2026,2026-2027,503817,Universidade Federal do Ceara,Indicador,Clinical Medicine,International collaboration - relative to country,posicao,1321.0,
2026,2026-2027,503817,Universidade Federal do Ceara,Indicador,Clinical Medicine,International collaboration,posicao,1018.0,
2026,2026-2027,503817,Universidade Federal do Ceara,Indicador,Clinical Medicine,Number of highly cited papers that are among the top 1% most cited,posicao,1097.0,
2026,2026-2027,503817,Universidade Federal do Ceara,Indicador,Clinical Medicine,Percentage of highly cited papers that are among the top 1% most cited,posicao,1266.0,
2026,2026-2027,503817,Universidade Federal do Ceara,Indicador,Computer Science,Global research reputation,posicao,496.0,substituto
2026,2026-2027,503817,Universidade Federal do Ceara,Indicador,Computer Science,Regional research reputation,posicao,22.0,
2026,2026-2027,503817,Universidade Federal do Ceara,Indicador,Computer Science,Publications,posicao,700.0,
2026,2026-2027,503817,Universidade Federal do Ceara,Indicador,Computer Science,Conferences,posicao,519.0,
2026,2026-2027,503817,Universidade Federal do Ceara,Indicador,Computer Science,Normalized citation impact,posicao,1017.0,
2026,2026-2027,503817,Universidade Federal do Ceara,Indicador,Computer Science,Total citations,posicao,941.0,
2026,2026-2027,503817,Universidade Federal do Ceara,Indicador,Computer Science,Number of publications that are among the 10% most cited,posicao,892.0,
2026,2026-2027,503817,Universidade Federal do Ceara,Indicador,Computer Science,Percentage of total publications that are among the 10% most cited,posicao,1014.0,
2026,2026-2027,503817,Universidade Federal do Ceara,Indicador,Computer Science,International collaboration - relative to country,posicao,262.0,
2026,2026-2027,503817,Universidade Federal do Ceara,Indicador,Computer Science,International collaboration,posicao,485.0,
2026,2026-2027,503817,Universidade Federal do Ceara,Indicador,Computer Science,Number of highly cited papers that are among the top 1% most cited,posicao,939.0,
2026,2026-2027,503817,Universidade Federal do Ceara,Indicador,Computer Science,Percentage of highly cited papers that are among the top 1% most cited,posicao,993.0,
2026,2026-2027,503817,Universidade Federal do Ceara,Indicador,Electrical and Electronic Engineering,Publications,posicao,644.0,
2026,2026-2027,503817,Universidade Federal do Ceara,Indicador,Electrical and Electronic Engineering,Conferences,posicao,549.0,
2026,2026-2027,503817,Universidade Federal do Ceara,Indicador,Electrical and Electronic Engineering,Normalized citation impact,posicao,580.0,
2026,2026-2027,503817,Universidade Federal do Ceara,Indicador,Electrical and Electronic Engineering,Total citations,posicao,691.0,
2026,2026-2027,503817,Universidade Federal do Ceara,Indicador,Electrical and Electronic Engineering,Number of publications that are among the 10% most cited,posicao,677.0,
2026,2026-2027,503817,Universidade Federal do Ceara,Indicador,Electrical and Electronic Engineering,Percentage of total publications that are among the 10% most cited,posicao,580.0,
2026,2026-2027,503817,Universidade Federal do Ceara,Indicador,Electrical and Electronic Engineering,International collaboration - relative to country,posicao,63.0,
2026,2026-2027,503817,Universidade Federal do Ceara,Indicador,Electrical and Electronic Engineering,International collaboration,posicao,288.0,
2026,2026-2027,503817,Universidade Federal do Ceara,Indicador,Electrical and Electronic Engineering,Number of highly cited papers that are among the top 1% most cited,posicao,663.0,substituto
2026,2026-2027,503817,Universidade Federal do Ceara,Indicador,Electrical and Electronic Engineering,Percentage of highly cited papers that are among the top 1% most cited,posicao,754.0,substituto
2026,2026-2027,503817,Universidade Federal do Ceara,Indicador,Engineering,Global research reputation,posicao,876.0,
2026,2026-2027,503817,Universidade Federal do Ceara,Indicador,Engineering,Regional research reputation,posicao,21.0,
2026,2026-2027,503817,Universidade Federal do Ceara,Indicador,Engineering,Publications,posicao,873.0,
2026,2026-2027,503817,Universidade Federal do Ceara,Indicador,Engineering,Conferences,posicao,762.0,
2026,2026-2027,503817,Universidade Federal do Ceara,Indicador,Engineering,Normalized citation impact,posicao,1390.0,
2026,2026-2027,503817,Universidade Federal do Ceara,Indicador,Engineering,Total citations,posicao,1082.0,
2026,2026-2027,503817,Universidade Federal do Ceara,Indicador,Engineering,Number of publications that are among the 10% most cited,posicao,1207.0,
2026,2026-2027,503817,Universidade Federal do Ceara,Indicador,Engineering,Percentage of total publications that are among the 10% most cited,posicao,1370.0,
2026,2026-2027,503817,Universidade Federal do Ceara,Indicador,Engineering,International collaboration - relative to country,posicao,382.0,
2026,2026-2027,503817,Universidade Federal do Ceara,Indicador,Engineering,International collaboration,posicao,824.0,
2026,2026-2027,503817,Universidade Federal do Ceara,Indicador,Engineering,Number of highly cited papers that are among the top 1% most cited,posicao,1314.0,
2026,2026-2027,503817,Universidade Federal do Ceara,Indicador,Engineering,Percentage of highly cited papers that are among the top 1% most cited,posicao,1432.0,
2026,2026-2027,503817,Universidade Federal do Ceara,Indicador,Environment/Ecology,Global research reputation,posicao,281.0,substituto
2026,2026-2027,503817,Universidade Federal do Ceara,Indicador,Environment/Ecology,Regional research reputation,posicao,25.0,substituto
2026,2026-2027,503817,Universidade Federal do Ceara,Indicador,Environment/Ecology,Publications,posicao,466.0,
2026,2026-2027,503817,Universidade Federal do Ceara,Indicador,Environment/Ecology,Normalized citation impact,posicao,1038.0,
2026,2026-2027,503817,Universidade Federal do Ceara,Indicador,Environment/Ecology,Total citations,posicao,722.0,
2026,2026-2027,503817,Universidade Federal do Ceara,Indicador,Environment/Ecology,Number of publications that are among the 10% most cited,posicao,874.0,
2026,2026-2027,503817,Universidade Federal do Ceara,Indicador,Environment/Ecology,Percentage of total publications that are among the 10% most cited,posicao,1025.0,
2026,2026-2027,503817,Universidade Federal do Ceara,Indicador,Environment/Ecology,International collaboration - relative to country,posicao,310.0,
2026,2026-2027,503817,Universidade Federal do Ceara,Indicador,Environment/Ecology,International collaboration,posicao,682.0,
2026,2026-2027,503817,Universidade Federal do Ceara,Indicador,Environment/Ecology,Number of highly cited papers that are among the top 1% most cited,posicao,958.0,
2026,2026-2027,503817,Universidade Federal do Ceara,Indicador,Environment/Ecology,Percentage of highly cited papers that are among the top 1% most cited,posicao,1035.0,
2026,2026-2027,503817,Universidade Federal do Ceara,Indicador,Materials Science,Global research reputation,posicao,391.0,substituto
2026,2026-2027,503817,Universidade Federal do Ceara,Indicador,Materials Science,Regional research reputation,posicao,15.0,
2026,2026-2027,503817,Universidade Federal do Ceara,Indicador,Materials Science,Publications,posicao,883.0,
2026,2026-2027,503817,Universidade Federal do Ceara,Indicador,Materials Science,Normalized citation impact,posicao,1013.0,
2026,2026-2027,503817,Universidade Federal do Ceara,Indicador,Materials Science,Total citations,posicao,1015.0,
2026,2026-2027,503817,Universidade Federal do Ceara,Indicador,Materials Science,Number of publications that are among the 10% most cited,posicao,1010.0,
2026,2026-2027,503817,Universidade Federal do Ceara,Indicador,Materials Science,Percentage of total publications that are among the 10% most cited,posicao,984.0,
2026,2026-2027,503817,Universidade Federal do Ceara,Indicador,Materials Science,International collaboration - relative to country,posicao,219.0,
2026,2026-2027,503817,Universidade Federal do Ceara,Indicador,Materials Science,International collaboration,posicao,559.0,
2026,2026-2027,503817,Universidade Federal do Ceara,Indicador,Materials Science,Number of highly cited papers that are among the top 1% most cited,posicao,788.0,
2026,2026-2027,503817,Universidade Federal do Ceara,Indicador,Materials Science,Percentage of highly cited papers that are among the top 1% most cited,posicao,761.0,
2026,2026-2027,503817,Universidade Federal do Ceara,Indicador,Physics,Global research reputation,posicao,380.0,substituto
2026,2026-2027,503817,Universidade Federal do Ceara,Indicador,Physics,Regional research reputation,posicao,13.0,
2026,2026-2027,503817,Universidade Federal do Ceara,Indicador,Physics,Publications,posicao,845.0,
2026,2026-2027,503817,Universidade Federal do Ceara,Indicador,Physics,Normalized citation impact,posicao,932.0,
2026,2026-2027,503817,Universidade Federal do Ceara,Indicador,Physics,Total citations,posicao,936.0,
2026,2026-2027,503817,Universidade Federal do Ceara,Indicador,Physics,Number of publications that are among the 10% most cited,posicao,924.0,
2026,2026-2027,503817,Universidade Federal do Ceara,Indicador,Physics,Percentage of total publications that are among the 10% most cited,posicao,916.0,
2026,2026-2027,503817,Universidade Federal do Ceara,Indicador,Physics,International collaboration - relative to country,posicao,765.0,
2026,2026-2027,503817,Universidade Federal do Ceara,Indicador,Physics,International collaboration,posicao,725.0,
2026,2026-2027,503817,Universidade Federal do Ceara,Indicador,Physics,Number of highly cited papers that are among the top 1% most cited,posicao,959.0,
2026,2026-2027,503817,Universidade Federal do Ceara,Indicador,Physics,Percentage of highly cited papers that are among the top 1% most cited,posicao,983.0,
2026,2026-2027,503817,Universidade Federal do Ceara,Indicador,Plant and Animal Science,Global research reputation,posicao,309.0,substituto
2026,2026-2027,503817,Universidade Federal do Ceara,Indicador,Plant and Animal Science,Regional research reputation,posicao,43.0,substituto
2026,2026-2027,503817,Universidade Federal do Ceara,Indicador,Plant and Animal Science,Publications,posicao,271.0,
2026,2026-2027,503817,Universidade Federal do Ceara,Indicador,Plant and Animal Science,Normalized citation impact,posicao,661.0,
2026,2026-2027,503817,Universidade Federal do Ceara,Indicador,Plant and Animal Science,Total citations,posicao,452.0,
2026,2026-2027,503817,Universidade Federal do Ceara,Indicador,Plant and Animal Science,Number of publications that are among the 10% most cited,posicao,517.0,
2026,2026-2027,503817,Universidade Federal do Ceara,Indicador,Plant and Animal Science,Percentage of total publications that are among the 10% most cited,posicao,634.0,
2026,2026-2027,503817,Universidade Federal do Ceara,Indicador,Plant and Animal Science,International collaboration - relative to country,posicao,640.0,
2026,2026-2027,503817,Universidade Federal do Ceara,Indicador,Plant and Animal Science,International collaboration,posicao,646.0,
2026,2026-2027,503817,Universidade Federal do Ceara,Indicador,Plant and Animal Science,Number of highly cited papers that are among the top 1% most cited,posicao,620.0,
2026,2026-2027,503817,Universidade Federal do Ceara,Indicador,Plant and Animal Science,Percentage of highly cited papers that are among the top 1% most cited,posicao,691.0,
2026,2026-2027,529150,Universidade Federal de Juiz de Fora,Listagem,Geral,Best Universities in Brazil,posicao,22.0,
2026,2026-2027,529150,Universidade Federal de Juiz de Fora,Listagem,Geral,Best Global Universities,posicao,1322.0,empate
2026,2026-2027,529150,Universidade Federal de Juiz de Fora,Listagem,Geral,Global Score,score,32.0,
2026,2026-2027,529150,Universidade Federal de Juiz de Fora,Listagem,Geral,Enrollment,valor,,sem dado
2026,2026-2027,529150,Universidade Federal de Juiz de Fora,Perfil institucional,Geral,Total number of students,valor,,sem dado
2026,2026-2027,529150,Universidade Federal de Juiz de Fora,Perfil institucional,Geral,Number of international students,valor,,sem dado
2026,2026-2027,529150,Universidade Federal de Juiz de Fora,Perfil institucional,Geral,Total number of academic staff,valor,,sem dado
2026,2026-2027,529150,Universidade Federal de Juiz de Fora,Perfil institucional,Geral,Number of international staff,valor,,sem dado
2026,2026-2027,529150,Universidade Federal de Juiz de Fora,Perfil institucional,Geral,Number of undergraduate degrees awarded,valor,,sem dado
2026,2026-2027,529150,Universidade Federal de Juiz de Fora,Perfil institucional,Geral,Number of master's degrees awarded,valor,,sem dado
2026,2026-2027,529150,Universidade Federal de Juiz de Fora,Perfil institucional,Geral,Number of doctoral degrees awarded,valor,,sem dado
2026,2026-2027,529150,Universidade Federal de Juiz de Fora,Perfil institucional,Geral,Number of research only staff,valor,,sem dado
2026,2026-2027,529150,Universidade Federal de Juiz de Fora,Perfil institucional,Geral,Number of new undergraduate students,valor,,sem dado
2026,2026-2027,529150,Universidade Federal de Juiz de Fora,Perfil institucional,Geral,Number of new master's students,valor,,sem dado
2026,2026-2027,529150,Universidade Federal de Juiz de Fora,Perfil institucional,Geral,Number of new doctoral students,valor,,sem dado
2026,2026-2027,529150,Universidade Federal de Juiz de Fora,Ranking geral,Geral,Global score,score,32.0,
2026,2026-2027,529150,Universidade Federal de Juiz de Fora,Ranking geral,Geral,Best Global Universities,posicao,1322.0,empate
2026,2026-2027,529150,Universidade Federal de Juiz de Fora,Ranking geral,Geral,Best Global Universities in Latin America,posicao,49.0,
2026,2026-2027,529150,Universidade Federal de Juiz de Fora,Ranking geral,Geral,Best Global Universities in Brazil,posicao,22.0,
2026,2026-2027,529150,Universidade Federal de Juiz de Fora,Ranking por area,Clinical Medicine,Posicao na area,posicao,833.0,empate
2026,2026-2027,529150,Universidade Federal de Juiz de Fora,Ranking por area,Clinical Medicine,Score na area,score,32.9,
2026,2026-2027,529150,Universidade Federal de Juiz de Fora,Ranking por area,Physics,Posicao na area,posicao,523.0,empate
2026,2026-2027,529150,Universidade Federal de Juiz de Fora,Ranking por area,Physics,Score na area,score,39.5,
2026,2026-2027,529150,Universidade Federal de Juiz de Fora,Indicador,Geral,Global research reputation,posicao,1696.0,
2026,2026-2027,529150,Universidade Federal de Juiz de Fora,Indicador,Geral,Regional research reputation,posicao,89.0,
2026,2026-2027,529150,Universidade Federal de Juiz de Fora,Indicador,Geral,Publications,posicao,1210.0,
2026,2026-2027,529150,Universidade Federal de Juiz de Fora,Indicador,Geral,Books,posicao,1427.0,
2026,2026-2027,529150,Universidade Federal de Juiz de Fora,Indicador,Geral,Conferences,posicao,1173.0,
2026,2026-2027,529150,Universidade Federal de Juiz de Fora,Indicador,Geral,Normalized citation impact,posicao,581.0,
2026,2026-2027,529150,Universidade Federal de Juiz de Fora,Indicador,Geral,Total citations,posicao,1073.0,
2026,2026-2027,529150,Universidade Federal de Juiz de Fora,Indicador,Geral,Number of publications that are among the 10% most cited,posicao,1575.0,
2026,2026-2027,529150,Universidade Federal de Juiz de Fora,Indicador,Geral,Percentage of total publications that are among the 10% most cited,posicao,2159.0,
2026,2026-2027,529150,Universidade Federal de Juiz de Fora,Indicador,Geral,International collaboration - relative to country,posicao,1225.0,
2026,2026-2027,529150,Universidade Federal de Juiz de Fora,Indicador,Geral,International collaboration,posicao,1352.0,
2026,2026-2027,529150,Universidade Federal de Juiz de Fora,Indicador,Geral,Number of highly cited papers that are among the top 1% most cited,posicao,1200.0,
2026,2026-2027,529150,Universidade Federal de Juiz de Fora,Indicador,Geral,Percentage of highly cited papers that are among the top 1% most cited,posicao,1265.0,
2026,2026-2027,529150,Universidade Federal de Juiz de Fora,Indicador,Clinical Medicine,Global research reputation,posicao,697.0,
2026,2026-2027,529150,Universidade Federal de Juiz de Fora,Indicador,Clinical Medicine,Regional research reputation,posicao,35.0,
2026,2026-2027,529150,Universidade Federal de Juiz de Fora,Indicador,Clinical Medicine,Publications,posicao,884.0,
2026,2026-2027,529150,Universidade Federal de Juiz de Fora,Indicador,Clinical Medicine,Normalized citation impact,posicao,153.0,
2026,2026-2027,529150,Universidade Federal de Juiz de Fora,Indicador,Clinical Medicine,Total citations,posicao,638.0,
2026,2026-2027,529150,Universidade Federal de Juiz de Fora,Indicador,Clinical Medicine,Number of publications that are among the 10% most cited,posicao,1101.0,
2026,2026-2027,529150,Universidade Federal de Juiz de Fora,Indicador,Clinical Medicine,Percentage of total publications that are among the 10% most cited,posicao,1241.0,
2026,2026-2027,529150,Universidade Federal de Juiz de Fora,Indicador,Clinical Medicine,International collaboration - relative to country,posicao,1067.0,
2026,2026-2027,529150,Universidade Federal de Juiz de Fora,Indicador,Clinical Medicine,International collaboration,posicao,849.0,
2026,2026-2027,529150,Universidade Federal de Juiz de Fora,Indicador,Clinical Medicine,Number of highly cited papers that are among the top 1% most cited,posicao,693.0,
2026,2026-2027,529150,Universidade Federal de Juiz de Fora,Indicador,Clinical Medicine,Percentage of highly cited papers that are among the top 1% most cited,posicao,358.0,
2026,2026-2027,529150,Universidade Federal de Juiz de Fora,Indicador,Physics,Global research reputation,posicao,380.0,substituto
2026,2026-2027,529150,Universidade Federal de Juiz de Fora,Indicador,Physics,Regional research reputation,posicao,28.0,substituto
2026,2026-2027,529150,Universidade Federal de Juiz de Fora,Indicador,Physics,Publications,posicao,582.0,
2026,2026-2027,529150,Universidade Federal de Juiz de Fora,Indicador,Physics,Normalized citation impact,posicao,376.0,
2026,2026-2027,529150,Universidade Federal de Juiz de Fora,Indicador,Physics,Total citations,posicao,543.0,
2026,2026-2027,529150,Universidade Federal de Juiz de Fora,Indicador,Physics,Number of publications that are among the 10% most cited,posicao,490.0,
2026,2026-2027,529150,Universidade Federal de Juiz de Fora,Indicador,Physics,Percentage of total publications that are among the 10% most cited,posicao,277.0,
2026,2026-2027,529150,Universidade Federal de Juiz de Fora,Indicador,Physics,International collaboration - relative to country,posicao,154.0,
2026,2026-2027,529150,Universidade Federal de Juiz de Fora,Indicador,Physics,International collaboration,posicao,303.0,
2026,2026-2027,529150,Universidade Federal de Juiz de Fora,Indicador,Physics,Number of highly cited papers that are among the top 1% most cited,posicao,457.0,
2026,2026-2027,529150,Universidade Federal de Juiz de Fora,Indicador,Physics,Percentage of highly cited papers that are among the top 1% most cited,posicao,305.0,
2026,2026-2027,529175,Universidade Federal de Goias,Listagem,Geral,Best Universities in Brazil,posicao,23.0,
2026,2026-2027,529175,Universidade Federal de Goias,Listagem,Geral,Best Global Universities,posicao,1338.0,empate
2026,2026-2027,529175,Universidade Federal de Goias,Listagem,Geral,Global Score,score,31.8,
2026,2026-2027,529175,Universidade Federal de Goias,Listagem,Geral,Enrollment,valor,,sem dado
2026,2026-2027,529175,Universidade Federal de Goias,Perfil institucional,Geral,Total number of students,valor,,sem dado
2026,2026-2027,529175,Universidade Federal de Goias,Perfil institucional,Geral,Number of international students,valor,,sem dado
2026,2026-2027,529175,Universidade Federal de Goias,Perfil institucional,Geral,Total number of academic staff,valor,,sem dado
2026,2026-2027,529175,Universidade Federal de Goias,Perfil institucional,Geral,Number of international staff,valor,,sem dado
2026,2026-2027,529175,Universidade Federal de Goias,Perfil institucional,Geral,Number of undergraduate degrees awarded,valor,,sem dado
2026,2026-2027,529175,Universidade Federal de Goias,Perfil institucional,Geral,Number of master's degrees awarded,valor,,sem dado
2026,2026-2027,529175,Universidade Federal de Goias,Perfil institucional,Geral,Number of doctoral degrees awarded,valor,,sem dado
2026,2026-2027,529175,Universidade Federal de Goias,Perfil institucional,Geral,Number of research only staff,valor,,sem dado
2026,2026-2027,529175,Universidade Federal de Goias,Perfil institucional,Geral,Number of new undergraduate students,valor,,sem dado
2026,2026-2027,529175,Universidade Federal de Goias,Perfil institucional,Geral,Number of new master's students,valor,,sem dado
2026,2026-2027,529175,Universidade Federal de Goias,Perfil institucional,Geral,Number of new doctoral students,valor,,sem dado
2026,2026-2027,529175,Universidade Federal de Goias,Ranking geral,Geral,Global score,score,31.8,
2026,2026-2027,529175,Universidade Federal de Goias,Ranking geral,Geral,Best Global Universities,posicao,1338.0,empate
2026,2026-2027,529175,Universidade Federal de Goias,Ranking geral,Geral,Best Global Universities in Latin America,posicao,50.0,
2026,2026-2027,529175,Universidade Federal de Goias,Ranking geral,Geral,Best Global Universities in Brazil,posicao,23.0,
2026,2026-2027,529175,Universidade Federal de Goias,Ranking por area,Chemistry,Posicao na area,posicao,1359.0,empate
2026,2026-2027,529175,Universidade Federal de Goias,Ranking por area,Chemistry,Score na area,score,26.7,
2026,2026-2027,529175,Universidade Federal de Goias,Ranking por area,Clinical Medicine,Posicao na area,posicao,819.0,empate
2026,2026-2027,529175,Universidade Federal de Goias,Ranking por area,Clinical Medicine,Score na area,score,33.4,
2026,2026-2027,529175,Universidade Federal de Goias,Ranking por area,Ecology,Posicao na area,posicao,250.0,
2026,2026-2027,529175,Universidade Federal de Goias,Ranking por area,Ecology,Score na area,score,34.9,
2026,2026-2027,529175,Universidade Federal de Goias,Ranking por area,Environment/Ecology,Posicao na area,posicao,367.0,empate
2026,2026-2027,529175,Universidade Federal de Goias,Ranking por area,Environment/Ecology,Score na area,score,43.6,
2026,2026-2027,529175,Universidade Federal de Goias,Ranking por area,Plant and Animal Science,Posicao na area,posicao,519.0,empate
2026,2026-2027,529175,Universidade Federal de Goias,Ranking por area,Plant and Animal Science,Score na area,score,33.2,
2026,2026-2027,529175,Universidade Federal de Goias,Indicador,Geral,Global research reputation,posicao,1244.0,
2026,2026-2027,529175,Universidade Federal de Goias,Indicador,Geral,Regional research reputation,posicao,55.0,
2026,2026-2027,529175,Universidade Federal de Goias,Indicador,Geral,Publications,posicao,896.0,
2026,2026-2027,529175,Universidade Federal de Goias,Indicador,Geral,Books,posicao,1427.0,
2026,2026-2027,529175,Universidade Federal de Goias,Indicador,Geral,Conferences,posicao,1075.0,
2026,2026-2027,529175,Universidade Federal de Goias,Indicador,Geral,Normalized citation impact,posicao,1989.0,
2026,2026-2027,529175,Universidade Federal de Goias,Indicador,Geral,Total citations,posicao,1091.0,
2026,2026-2027,529175,Universidade Federal de Goias,Indicador,Geral,Number of publications that are among the 10% most cited,posicao,1294.0,
2026,2026-2027,529175,Universidade Federal de Goias,Indicador,Geral,Percentage of total publications that are among the 10% most cited,posicao,2252.0,
2026,2026-2027,529175,Universidade Federal de Goias,Indicador,Geral,International collaboration - relative to country,posicao,1579.0,
2026,2026-2027,529175,Universidade Federal de Goias,Indicador,Geral,International collaboration,posicao,1485.0,
2026,2026-2027,529175,Universidade Federal de Goias,Indicador,Geral,Number of highly cited papers that are among the top 1% most cited,posicao,1223.0,
2026,2026-2027,529175,Universidade Federal de Goias,Indicador,Geral,Percentage of highly cited papers that are among the top 1% most cited,posicao,1884.0,
2026,2026-2027,529175,Universidade Federal de Goias,Indicador,Chemistry,Global research reputation,posicao,569.0,
2026,2026-2027,529175,Universidade Federal de Goias,Indicador,Chemistry,Regional research reputation,posicao,43.0,
2026,2026-2027,529175,Universidade Federal de Goias,Indicador,Chemistry,Publications,posicao,925.0,
2026,2026-2027,529175,Universidade Federal de Goias,Indicador,Chemistry,Normalized citation impact,posicao,1514.0,
2026,2026-2027,529175,Universidade Federal de Goias,Indicador,Chemistry,Total citations,posicao,1242.0,
2026,2026-2027,529175,Universidade Federal de Goias,Indicador,Chemistry,Number of publications that are among the 10% most cited,posicao,1308.0,
2026,2026-2027,529175,Universidade Federal de Goias,Indicador,Chemistry,Percentage of total publications that are among the 10% most cited,posicao,1429.0,
2026,2026-2027,529175,Universidade Federal de Goias,Indicador,Chemistry,International collaboration - relative to country,posicao,976.0,
2026,2026-2027,529175,Universidade Federal de Goias,Indicador,Chemistry,International collaboration,posicao,941.0,
2026,2026-2027,529175,Universidade Federal de Goias,Indicador,Chemistry,Number of highly cited papers that are among the top 1% most cited,posicao,1213.0,
2026,2026-2027,529175,Universidade Federal de Goias,Indicador,Chemistry,Percentage of highly cited papers that are among the top 1% most cited,posicao,1304.0,
2026,2026-2027,529175,Universidade Federal de Goias,Indicador,Clinical Medicine,Global research reputation,posicao,697.0,substituto
2026,2026-2027,529175,Universidade Federal de Goias,Indicador,Clinical Medicine,Regional research reputation,posicao,28.0,
2026,2026-2027,529175,Universidade Federal de Goias,Indicador,Clinical Medicine,Publications,posicao,739.0,
2026,2026-2027,529175,Universidade Federal de Goias,Indicador,Clinical Medicine,Normalized citation impact,posicao,417.0,
2026,2026-2027,529175,Universidade Federal de Goias,Indicador,Clinical Medicine,Total citations,posicao,700.0,
2026,2026-2027,529175,Universidade Federal de Goias,Indicador,Clinical Medicine,Number of publications that are among the 10% most cited,posicao,887.0,
2026,2026-2027,529175,Universidade Federal de Goias,Indicador,Clinical Medicine,Percentage of total publications that are among the 10% most cited,posicao,1214.0,
2026,2026-2027,529175,Universidade Federal de Goias,Indicador,Clinical Medicine,International collaboration - relative to country,posicao,528.0,
2026,2026-2027,529175,Universidade Federal de Goias,Indicador,Clinical Medicine,International collaboration,posicao,655.0,
2026,2026-2027,529175,Universidade Federal de Goias,Indicador,Clinical Medicine,Number of highly cited papers that are among the top 1% most cited,posicao,799.0,
2026,2026-2027,529175,Universidade Federal de Goias,Indicador,Clinical Medicine,Percentage of highly cited papers that are among the top 1% most cited,posicao,821.0,
2026,2026-2027,529175,Universidade Federal de Goias,Indicador,Ecology,Publications,posicao,260.0,
2026,2026-2027,529175,Universidade Federal de Goias,Indicador,Ecology,Conferences,posicao,21.0,substituto
2026,2026-2027,529175,Universidade Federal de Goias,Indicador,Ecology,Normalized citation impact,posicao,211.0,
2026,2026-2027,529175,Universidade Federal de Goias,Indicador,Ecology,Total citations,posicao,261.0,
2026,2026-2027,529175,Universidade Federal de Goias,Indicador,Ecology,Number of publications that are among the 10% most cited,posicao,257.0,
2026,2026-2027,529175,Universidade Federal de Goias,Indicador,Ecology,Percentage of total publications that are among the 10% most cited,posicao,203.0,
2026,2026-2027,529175,Universidade Federal de Goias,Indicador,Ecology,International collaboration - relative to country,posicao,43.0,
2026,2026-2027,529175,Universidade Federal de Goias,Indicador,Ecology,International collaboration,posicao,186.0,
2026,2026-2027,529175,Universidade Federal de Goias,Indicador,Ecology,Number of highly cited papers that are among the top 1% most cited,posicao,264.0,
2026,2026-2027,529175,Universidade Federal de Goias,Indicador,Ecology,Percentage of highly cited papers that are among the top 1% most cited,posicao,245.0,
2026,2026-2027,529175,Universidade Federal de Goias,Indicador,Environment/Ecology,Global research reputation,posicao,162.0,
2026,2026-2027,529175,Universidade Federal de Goias,Indicador,Environment/Ecology,Regional research reputation,posicao,12.0,
2026,2026-2027,529175,Universidade Federal de Goias,Indicador,Environment/Ecology,Publications,posicao,443.0,
2026,2026-2027,529175,Universidade Federal de Goias,Indicador,Environment/Ecology,Normalized citation impact,posicao,830.0,
2026,2026-2027,529175,Universidade Federal de Goias,Indicador,Environment/Ecology,Total citations,posicao,548.0,
2026,2026-2027,529175,Universidade Federal de Goias,Indicador,Environment/Ecology,Number of publications that are among the 10% most cited,posicao,560.0,
2026,2026-2027,529175,Universidade Federal de Goias,Indicador,Environment/Ecology,Percentage of total publications that are among the 10% most cited,posicao,767.0,
2026,2026-2027,529175,Universidade Federal de Goias,Indicador,Environment/Ecology,International collaboration - relative to country,posicao,147.0,
2026,2026-2027,529175,Universidade Federal de Goias,Indicador,Environment/Ecology,International collaboration,posicao,613.0,
2026,2026-2027,529175,Universidade Federal de Goias,Indicador,Environment/Ecology,Number of highly cited papers that are among the top 1% most cited,posicao,578.0,
2026,2026-2027,529175,Universidade Federal de Goias,Indicador,Environment/Ecology,Percentage of highly cited papers that are among the top 1% most cited,posicao,727.0,
2026,2026-2027,529175,Universidade Federal de Goias,Indicador,Plant and Animal Science,Global research reputation,posicao,309.0,substituto
2026,2026-2027,529175,Universidade Federal de Goias,Indicador,Plant and Animal Science,Regional research reputation,posicao,43.0,substituto
2026,2026-2027,529175,Universidade Federal de Goias,Indicador,Plant and Animal Science,Publications,posicao,211.0,
2026,2026-2027,529175,Universidade Federal de Goias,Indicador,Plant and Animal Science,Normalized citation impact,posicao,612.0,
2026,2026-2027,529175,Universidade Federal de Goias,Indicador,Plant and Animal Science,Total citations,posicao,345.0,
2026,2026-2027,529175,Universidade Federal de Goias,Indicador,Plant and Animal Science,Number of publications that are among the 10% most cited,posicao,582.0,
2026,2026-2027,529175,Universidade Federal de Goias,Indicador,Plant and Animal Science,Percentage of total publications that are among the 10% most cited,posicao,722.0,
2026,2026-2027,529175,Universidade Federal de Goias,Indicador,Plant and Animal Science,International collaboration - relative to country,posicao,548.0,
2026,2026-2027,529175,Universidade Federal de Goias,Indicador,Plant and Animal Science,International collaboration,posicao,620.0,
2026,2026-2027,529175,Universidade Federal de Goias,Indicador,Plant and Animal Science,Number of highly cited papers that are among the top 1% most cited,posicao,331.0,
2026,2026-2027,529175,Universidade Federal de Goias,Indicador,Plant and Animal Science,Percentage of highly cited papers that are among the top 1% most cited,posicao,475.0,
2026,2026-2027,529244,Universidade Federal de Uberlandia,Listagem,Geral,Best Universities in Brazil,posicao,24.0,
2026,2026-2027,529244,Universidade Federal de Uberlandia,Listagem,Geral,Best Global Universities,posicao,1370.0,empate
2026,2026-2027,529244,Universidade Federal de Uberlandia,Listagem,Geral,Global Score,score,31.1,
2026,2026-2027,529244,Universidade Federal de Uberlandia,Listagem,Geral,Enrollment,valor,,sem dado
2026,2026-2027,529244,Universidade Federal de Uberlandia,Perfil institucional,Geral,Total number of students,valor,,sem dado
2026,2026-2027,529244,Universidade Federal de Uberlandia,Perfil institucional,Geral,Number of international students,valor,,sem dado
2026,2026-2027,529244,Universidade Federal de Uberlandia,Perfil institucional,Geral,Total number of academic staff,valor,,sem dado
2026,2026-2027,529244,Universidade Federal de Uberlandia,Perfil institucional,Geral,Number of international staff,valor,,sem dado
2026,2026-2027,529244,Universidade Federal de Uberlandia,Perfil institucional,Geral,Number of undergraduate degrees awarded,valor,,sem dado
2026,2026-2027,529244,Universidade Federal de Uberlandia,Perfil institucional,Geral,Number of master's degrees awarded,valor,,sem dado
2026,2026-2027,529244,Universidade Federal de Uberlandia,Perfil institucional,Geral,Number of doctoral degrees awarded,valor,,sem dado
2026,2026-2027,529244,Universidade Federal de Uberlandia,Perfil institucional,Geral,Number of research only staff,valor,,sem dado
2026,2026-2027,529244,Universidade Federal de Uberlandia,Perfil institucional,Geral,Number of new undergraduate students,valor,,sem dado
2026,2026-2027,529244,Universidade Federal de Uberlandia,Perfil institucional,Geral,Number of new master's students,valor,,sem dado
2026,2026-2027,529244,Universidade Federal de Uberlandia,Perfil institucional,Geral,Number of new doctoral students,valor,,sem dado
2026,2026-2027,529244,Universidade Federal de Uberlandia,Ranking geral,Geral,Global score,score,31.1,
2026,2026-2027,529244,Universidade Federal de Uberlandia,Ranking geral,Geral,Best Global Universities,posicao,1370.0,empate
2026,2026-2027,529244,Universidade Federal de Uberlandia,Ranking geral,Geral,Best Global Universities in Latin America,posicao,51.0,
2026,2026-2027,529244,Universidade Federal de Uberlandia,Ranking geral,Geral,Best Global Universities in Brazil,posicao,24.0,
2026,2026-2027,529244,Universidade Federal de Uberlandia,Ranking por area,Chemistry,Posicao na area,posicao,1147.0,empate
2026,2026-2027,529244,Universidade Federal de Uberlandia,Ranking por area,Chemistry,Score na area,score,31.2,
2026,2026-2027,529244,Universidade Federal de Uberlandia,Ranking por area,Clinical Medicine,Posicao na area,posicao,730.0,
2026,2026-2027,529244,Universidade Federal de Uberlandia,Ranking por area,Clinical Medicine,Score na area,score,35.8,
2026,2026-2027,529244,Universidade Federal de Uberlandia,Ranking por area,Engineering,Posicao na area,posicao,1366.0,empate
2026,2026-2027,529244,Universidade Federal de Uberlandia,Ranking por area,Engineering,Score na area,score,20.9,
2026,2026-2027,529244,Universidade Federal de Uberlandia,Ranking por area,Environment/Ecology,Posicao na area,posicao,951.0,
2026,2026-2027,529244,Universidade Federal de Uberlandia,Ranking por area,Environment/Ecology,Score na area,score,23.8,
2026,2026-2027,529244,Universidade Federal de Uberlandia,Ranking por area,Plant and Animal Science,Posicao na area,posicao,606.0,
2026,2026-2027,529244,Universidade Federal de Uberlandia,Ranking por area,Plant and Animal Science,Score na area,score,28.4,
2026,2026-2027,529244,Universidade Federal de Uberlandia,Indicador,Geral,Global research reputation,posicao,1394.0,
2026,2026-2027,529244,Universidade Federal de Uberlandia,Indicador,Geral,Regional research reputation,posicao,89.0,
2026,2026-2027,529244,Universidade Federal de Uberlandia,Indicador,Geral,Publications,posicao,1049.0,
2026,2026-2027,529244,Universidade Federal de Uberlandia,Indicador,Geral,Books,posicao,1427.0,substituto
2026,2026-2027,529244,Universidade Federal de Uberlandia,Indicador,Geral,Conferences,posicao,1019.0,
2026,2026-2027,529244,Universidade Federal de Uberlandia,Indicador,Geral,Normalized citation impact,posicao,849.0,
2026,2026-2027,529244,Universidade Federal de Uberlandia,Indicador,Geral,Total citations,posicao,995.0,
2026,2026-2027,529244,Universidade Federal de Uberlandia,Indicador,Geral,Number of publications that are among the 10% most cited,posicao,1531.0,
2026,2026-2027,529244,Universidade Federal de Uberlandia,Indicador,Geral,Percentage of total publications that are among the 10% most cited,posicao,2302.0,
2026,2026-2027,529244,Universidade Federal de Uberlandia,Indicador,Geral,International collaboration - relative to country,posicao,1980.0,
2026,2026-2027,529244,Universidade Federal de Uberlandia,Indicador,Geral,International collaboration,posicao,1664.0,
2026,2026-2027,529244,Universidade Federal de Uberlandia,Indicador,Geral,Number of highly cited papers that are among the top 1% most cited,posicao,1108.0,
2026,2026-2027,529244,Universidade Federal de Uberlandia,Indicador,Geral,Percentage of highly cited papers that are among the top 1% most cited,posicao,1383.0,
2026,2026-2027,529244,Universidade Federal de Uberlandia,Indicador,Chemistry,Global research reputation,posicao,569.0,
2026,2026-2027,529244,Universidade Federal de Uberlandia,Indicador,Chemistry,Regional research reputation,posicao,38.0,
2026,2026-2027,529244,Universidade Federal de Uberlandia,Indicador,Chemistry,Publications,posicao,985.0,
2026,2026-2027,529244,Universidade Federal de Uberlandia,Indicador,Chemistry,Normalized citation impact,posicao,1099.0,
2026,2026-2027,529244,Universidade Federal de Uberlandia,Indicador,Chemistry,Total citations,posicao,1062.0,
2026,2026-2027,529244,Universidade Federal de Uberlandia,Indicador,Chemistry,Number of publications that are among the 10% most cited,posicao,993.0,
2026,2026-2027,529244,Universidade Federal de Uberlandia,Indicador,Chemistry,Percentage of total publications that are among the 10% most cited,posicao,906.0,
2026,2026-2027,529244,Universidade Federal de Uberlandia,Indicador,Chemistry,International collaboration - relative to country,posicao,1465.0,
2026,2026-2027,529244,Universidade Federal de Uberlandia,Indicador,Chemistry,International collaboration,posicao,1150.0,
2026,2026-2027,529244,Universidade Federal de Uberlandia,Indicador,Chemistry,Number of highly cited papers that are among the top 1% most cited,posicao,854.0,
2026,2026-2027,529244,Universidade Federal de Uberlandia,Indicador,Chemistry,Percentage of highly cited papers that are among the top 1% most cited,posicao,741.0,
2026,2026-2027,529244,Universidade Federal de Uberlandia,Indicador,Clinical Medicine,Global research reputation,posicao,697.0,substituto
2026,2026-2027,529244,Universidade Federal de Uberlandia,Indicador,Clinical Medicine,Regional research reputation,posicao,48.0,substituto
2026,2026-2027,529244,Universidade Federal de Uberlandia,Indicador,Clinical Medicine,Publications,posicao,845.0,
2026,2026-2027,529244,Universidade Federal de Uberlandia,Indicador,Clinical Medicine,Normalized citation impact,posicao,112.0,
2026,2026-2027,529244,Universidade Federal de Uberlandia,Indicador,Clinical Medicine,Total citations,posicao,531.0,
2026,2026-2027,529244,Universidade Federal de Uberlandia,Indicador,Clinical Medicine,Number of publications that are among the 10% most cited,posicao,947.0,
2026,2026-2027,529244,Universidade Federal de Uberlandia,Indicador,Clinical Medicine,Percentage of total publications that are among the 10% most cited,posicao,1090.0,
2026,2026-2027,529244,Universidade Federal de Uberlandia,Indicador,Clinical Medicine,International collaboration - relative to country,posicao,719.0,
2026,2026-2027,529244,Universidade Federal de Uberlandia,Indicador,Clinical Medicine,International collaboration,posicao,713.0,
2026,2026-2027,529244,Universidade Federal de Uberlandia,Indicador,Clinical Medicine,Number of highly cited papers that are among the top 1% most cited,posicao,574.0,
2026,2026-2027,529244,Universidade Federal de Uberlandia,Indicador,Clinical Medicine,Percentage of highly cited papers that are among the top 1% most cited,posicao,177.0,
2026,2026-2027,529244,Universidade Federal de Uberlandia,Indicador,Engineering,Global research reputation,posicao,585.0,
2026,2026-2027,529244,Universidade Federal de Uberlandia,Indicador,Engineering,Regional research reputation,posicao,38.0,
2026,2026-2027,529244,Universidade Federal de Uberlandia,Indicador,Engineering,Publications,posicao,947.0,
2026,2026-2027,529244,Universidade Federal de Uberlandia,Indicador,Engineering,Conferences,posicao,953.0,
2026,2026-2027,529244,Universidade Federal de Uberlandia,Indicador,Engineering,Normalized citation impact,posicao,1536.0,
2026,2026-2027,529244,Universidade Federal de Uberlandia,Indicador,Engineering,Total citations,posicao,1303.0,
2026,2026-2027,529244,Universidade Federal de Uberlandia,Indicador,Engineering,Number of publications that are among the 10% most cited,posicao,1428.0,
2026,2026-2027,529244,Universidade Federal de Uberlandia,Indicador,Engineering,Percentage of total publications that are among the 10% most cited,posicao,1530.0,
2026,2026-2027,529244,Universidade Federal de Uberlandia,Indicador,Engineering,International collaboration - relative to country,posicao,1302.0,
2026,2026-2027,529244,Universidade Federal de Uberlandia,Indicador,Engineering,International collaboration,posicao,1109.0,
2026,2026-2027,529244,Universidade Federal de Uberlandia,Indicador,Engineering,Number of highly cited papers that are among the top 1% most cited,posicao,1206.0,
2026,2026-2027,529244,Universidade Federal de Uberlandia,Indicador,Engineering,Percentage of highly cited papers that are among the top 1% most cited,posicao,1288.0,
2026,2026-2027,529244,Universidade Federal de Uberlandia,Indicador,Environment/Ecology,Global research reputation,posicao,281.0,substituto
2026,2026-2027,529244,Universidade Federal de Uberlandia,Indicador,Environment/Ecology,Regional research reputation,posicao,25.0,
2026,2026-2027,529244,Universidade Federal de Uberlandia,Indicador,Environment/Ecology,Publications,posicao,849.0,
2026,2026-2027,529244,Universidade Federal de Uberlandia,Indicador,Environment/Ecology,Normalized citation impact,posicao,1000.0,
2026,2026-2027,529244,Universidade Federal de Uberlandia,Indicador,Environment/Ecology,Total citations,posicao,994.0,
2026,2026-2027,529244,Universidade Federal de Uberlandia,Indicador,Environment/Ecology,Number of publications that are among the 10% most cited,posicao,969.0,
2026,2026-2027,529244,Universidade Federal de Uberlandia,Indicador,Environment/Ecology,Percentage of total publications that are among the 10% most cited,posicao,914.0,
2026,2026-2027,529244,Universidade Federal de Uberlandia,Indicador,Environment/Ecology,International collaboration - relative to country,posicao,282.0,
2026,2026-2027,529244,Universidade Federal de Uberlandia,Indicador,Environment/Ecology,International collaboration,posicao,672.0,
2026,2026-2027,529244,Universidade Federal de Uberlandia,Indicador,Environment/Ecology,Number of highly cited papers that are among the top 1% most cited,posicao,713.0,
2026,2026-2027,529244,Universidade Federal de Uberlandia,Indicador,Environment/Ecology,Percentage of highly cited papers that are among the top 1% most cited,posicao,594.0,
2026,2026-2027,529244,Universidade Federal de Uberlandia,Indicador,Plant and Animal Science,Global research reputation,posicao,309.0,substituto
2026,2026-2027,529244,Universidade Federal de Uberlandia,Indicador,Plant and Animal Science,Regional research reputation,posicao,43.0,substituto
2026,2026-2027,529244,Universidade Federal de Uberlandia,Indicador,Plant and Animal Science,Publications,posicao,315.0,
2026,2026-2027,529244,Universidade Federal de Uberlandia,Indicador,Plant and Animal Science,Normalized citation impact,posicao,646.0,
2026,2026-2027,529244,Universidade Federal de Uberlandia,Indicador,Plant and Animal Science,Total citations,posicao,477.0,
2026,2026-2027,529244,Universidade Federal de Uberlandia,Indicador,Plant and Animal Science,Number of publications that are among the 10% most cited,posicao,623.0,
2026,2026-2027,529244,Universidade Federal de Uberlandia,Indicador,Plant and Animal Science,Percentage of total publications that are among the 10% most cited,posicao,697.0,
2026,2026-2027,529244,Universidade Federal de Uberlandia,Indicador,Plant and Animal Science,International collaboration - relative to country,posicao,626.0,
2026,2026-2027,529244,Universidade Federal de Uberlandia,Indicador,Plant and Animal Science,International collaboration,posicao,641.0,
2026,2026-2027,529244,Universidade Federal de Uberlandia,Indicador,Plant and Animal Science,Number of highly cited papers that are among the top 1% most cited,posicao,399.0,
2026,2026-2027,529244,Universidade Federal de Uberlandia,Indicador,Plant and Animal Science,Percentage of highly cited papers that are among the top 1% most cited,posicao,454.0,
2026,2026-2027,529811,Pontificia Universidade Catolica do Rio de Janeiro,Listagem,Geral,Best Universities in Brazil,posicao,25.0,
2026,2026-2027,529811,Pontificia Universidade Catolica do Rio de Janeiro,Listagem,Geral,Best Global Universities,posicao,1435.0,empate
2026,2026-2027,529811,Pontificia Universidade Catolica do Rio de Janeiro,Listagem,Geral,Global Score,score,30.0,
2026,2026-2027,529811,Pontificia Universidade Catolica do Rio de Janeiro,Listagem,Geral,Enrollment,valor,,sem dado
2026,2026-2027,529811,Pontificia Universidade Catolica do Rio de Janeiro,Perfil institucional,Geral,Total number of students,valor,,sem dado
2026,2026-2027,529811,Pontificia Universidade Catolica do Rio de Janeiro,Perfil institucional,Geral,Number of international students,valor,,sem dado
2026,2026-2027,529811,Pontificia Universidade Catolica do Rio de Janeiro,Perfil institucional,Geral,Total number of academic staff,valor,,sem dado
2026,2026-2027,529811,Pontificia Universidade Catolica do Rio de Janeiro,Perfil institucional,Geral,Number of international staff,valor,,sem dado
2026,2026-2027,529811,Pontificia Universidade Catolica do Rio de Janeiro,Perfil institucional,Geral,Number of undergraduate degrees awarded,valor,,sem dado
2026,2026-2027,529811,Pontificia Universidade Catolica do Rio de Janeiro,Perfil institucional,Geral,Number of master's degrees awarded,valor,,sem dado
2026,2026-2027,529811,Pontificia Universidade Catolica do Rio de Janeiro,Perfil institucional,Geral,Number of doctoral degrees awarded,valor,,sem dado
2026,2026-2027,529811,Pontificia Universidade Catolica do Rio de Janeiro,Perfil institucional,Geral,Number of research only staff,valor,,sem dado
2026,2026-2027,529811,Pontificia Universidade Catolica do Rio de Janeiro,Perfil institucional,Geral,Number of new undergraduate students,valor,,sem dado
2026,2026-2027,529811,Pontificia Universidade Catolica do Rio de Janeiro,Perfil institucional,Geral,Number of new master's students,valor,,sem dado
2026,2026-2027,529811,Pontificia Universidade Catolica do Rio de Janeiro,Perfil institucional,Geral,Number of new doctoral students,valor,,sem dado
2026,2026-2027,529811,Pontificia Universidade Catolica do Rio de Janeiro,Ranking geral,Geral,Global score,score,30.0,
2026,2026-2027,529811,Pontificia Universidade Catolica do Rio de Janeiro,Ranking geral,Geral,Best Global Universities,posicao,1435.0,empate
2026,2026-2027,529811,Pontificia Universidade Catolica do Rio de Janeiro,Ranking geral,Geral,Best Global Universities in Latin America,posicao,55.0,
2026,2026-2027,529811,Pontificia Universidade Catolica do Rio de Janeiro,Ranking geral,Geral,Best Global Universities in Brazil,posicao,25.0,
2026,2026-2027,529811,Pontificia Universidade Catolica do Rio de Janeiro,Ranking por area,Engineering,Posicao na area,posicao,1349.0,empate
2026,2026-2027,529811,Pontificia Universidade Catolica do Rio de Janeiro,Ranking por area,Engineering,Score na area,score,21.2,
2026,2026-2027,529811,Pontificia Universidade Catolica do Rio de Janeiro,Indicador,Geral,Global research reputation,posicao,758.0,
2026,2026-2027,529811,Pontificia Universidade Catolica do Rio de Janeiro,Indicador,Geral,Regional research reputation,posicao,20.0,
2026,2026-2027,529811,Pontificia Universidade Catolica do Rio de Janeiro,Indicador,Geral,Publications,posicao,2241.0,
2026,2026-2027,529811,Pontificia Universidade Catolica do Rio de Janeiro,Indicador,Geral,Books,posicao,1064.0,
2026,2026-2027,529811,Pontificia Universidade Catolica do Rio de Janeiro,Indicador,Geral,Conferences,posicao,758.0,
2026,2026-2027,529811,Pontificia Universidade Catolica do Rio de Janeiro,Indicador,Geral,Normalized citation impact,posicao,1957.0,
2026,2026-2027,529811,Pontificia Universidade Catolica do Rio de Janeiro,Indicador,Geral,Total citations,posicao,2282.0,
2026,2026-2027,529811,Pontificia Universidade Catolica do Rio de Janeiro,Indicador,Geral,Number of publications that are among the 10% most cited,posicao,2283.0,
2026,2026-2027,529811,Pontificia Universidade Catolica do Rio de Janeiro,Indicador,Geral,Percentage of total publications that are among the 10% most cited,posicao,1985.0,
2026,2026-2027,529811,Pontificia Universidade Catolica do Rio de Janeiro,Indicador,Geral,International collaboration - relative to country,posicao,288.0,
2026,2026-2027,529811,Pontificia Universidade Catolica do Rio de Janeiro,Indicador,Geral,International collaboration,posicao,980.0,
2026,2026-2027,529811,Pontificia Universidade Catolica do Rio de Janeiro,Indicador,Geral,Number of highly cited papers that are among the top 1% most cited,posicao,2104.0,
2026,2026-2027,529811,Pontificia Universidade Catolica do Rio de Janeiro,Indicador,Geral,Percentage of highly cited papers that are among the top 1% most cited,posicao,1706.0,
2026,2026-2027,529811,Pontificia Universidade Catolica do Rio de Janeiro,Indicador,Engineering,Global research reputation,posicao,567.0,
2026,2026-2027,529811,Pontificia Universidade Catolica do Rio de Janeiro,Indicador,Engineering,Regional research reputation,posicao,13.0,
2026,2026-2027,529811,Pontificia Universidade Catolica do Rio de Janeiro,Indicador,Engineering,Publications,posicao,1444.0,
2026,2026-2027,529811,Pontificia Universidade Catolica do Rio de Janeiro,Indicador,Engineering,Conferences,posicao,794.0,
2026,2026-2027,529811,Pontificia Universidade Catolica do Rio de Janeiro,Indicador,Engineering,Normalized citation impact,posicao,1544.0,
2026,2026-2027,529811,Pontificia Universidade Catolica do Rio de Janeiro,Indicador,Engineering,Total citations,posicao,1576.0,
2026,2026-2027,529811,Pontificia Universidade Catolica do Rio de Janeiro,Indicador,Engineering,Number of publications that are among the 10% most cited,posicao,1550.0,
2026,2026-2027,529811,Pontificia Universidade Catolica do Rio de Janeiro,Indicador,Engineering,Percentage of total publications that are among the 10% most cited,posicao,1501.0,
2026,2026-2027,529811,Pontificia Universidade Catolica do Rio de Janeiro,Indicador,Engineering,International collaboration - relative to country,posicao,500.0,
2026,2026-2027,529811,Pontificia Universidade Catolica do Rio de Janeiro,Indicador,Engineering,International collaboration,posicao,869.0,
2026,2026-2027,529811,Pontificia Universidade Catolica do Rio de Janeiro,Indicador,Engineering,Number of highly cited papers that are among the top 1% most cited,posicao,1438.0,substituto
2026,2026-2027,529811,Pontificia Universidade Catolica do Rio de Janeiro,Indicador,Engineering,Percentage of highly cited papers that are among the top 1% most cited,posicao,1550.0,substituto
2026,2026-2027,503863,Federal University of Vicosa,Listagem,Geral,Best Universities in Brazil,posicao,26.0,
2026,2026-2027,503863,Federal University of Vicosa,Listagem,Geral,Best Global Universities,posicao,1484.0,empate
2026,2026-2027,503863,Federal University of Vicosa,Listagem,Geral,Global Score,score,29.2,
2026,2026-2027,503863,Federal University of Vicosa,Listagem,Geral,Enrollment,valor,19515.0,
2026,2026-2027,503863,Federal University of Vicosa,Perfil institucional,Geral,Total number of students,valor,19515.0,
2026,2026-2027,503863,Federal University of Vicosa,Perfil institucional,Geral,Number of international students,valor,268.0,
2026,2026-2027,503863,Federal University of Vicosa,Perfil institucional,Geral,Total number of academic staff,valor,1864.0,
2026,2026-2027,503863,Federal University of Vicosa,Perfil institucional,Geral,Number of international staff,valor,24.0,
2026,2026-2027,503863,Federal University of Vicosa,Perfil institucional,Geral,Number of undergraduate degrees awarded,valor,1716.0,
2026,2026-2027,503863,Federal University of Vicosa,Perfil institucional,Geral,Number of master's degrees awarded,valor,690.0,
2026,2026-2027,503863,Federal University of Vicosa,Perfil institucional,Geral,Number of doctoral degrees awarded,valor,249.0,
2026,2026-2027,503863,Federal University of Vicosa,Perfil institucional,Geral,Number of research only staff,valor,691.0,
2026,2026-2027,503863,Federal University of Vicosa,Perfil institucional,Geral,Number of new undergraduate students,valor,3850.0,
2026,2026-2027,503863,Federal University of Vicosa,Perfil institucional,Geral,Number of new master's students,valor,2406.0,
2026,2026-2027,503863,Federal University of Vicosa,Perfil institucional,Geral,Number of new doctoral students,valor,314.0,
2026,2026-2027,503863,Federal University of Vicosa,Ranking geral,Geral,Global score,score,29.2,
2026,2026-2027,503863,Federal University of Vicosa,Ranking geral,Geral,Best Global Universities,posicao,1484.0,empate
2026,2026-2027,503863,Federal University of Vicosa,Ranking geral,Geral,Best Global Universities in Latin America,posicao,61.0,empate
2026,2026-2027,503863,Federal University of Vicosa,Ranking geral,Geral,Best Global Universities in Brazil,posicao,26.0,
2026,2026-2027,503863,Federal University of Vicosa,Ranking por area,Agricultural Sciences,Posicao na area,posicao,126.0,empate
2026,2026-2027,503863,Federal University of Vicosa,Ranking por area,Agricultural Sciences,Score na area,score,48.9,
2026,2026-2027,503863,Federal University of Vicosa,Ranking por area,Environment/Ecology,Posicao na area,posicao,812.0,empate
2026,2026-2027,503863,Federal University of Vicosa,Ranking por area,Environment/Ecology,Score na area,score,28.2,
2026,2026-2027,503863,Federal University of Vicosa,Ranking por area,Food Science and Technology,Posicao na area,posicao,218.0,empate
2026,2026-2027,503863,Federal University of Vicosa,Ranking por area,Food Science and Technology,Score na area,score,26.4,
2026,2026-2027,503863,Federal University of Vicosa,Ranking por area,Plant and Animal Science,Posicao na area,posicao,147.0,
2026,2026-2027,503863,Federal University of Vicosa,Ranking por area,Plant and Animal Science,Score na area,score,57.5,
2026,2026-2027,503863,Federal University of Vicosa,Indicador,Geral,Global research reputation,posicao,981.0,
2026,2026-2027,503863,Federal University of Vicosa,Indicador,Geral,Regional research reputation,posicao,46.0,
2026,2026-2027,503863,Federal University of Vicosa,Indicador,Geral,Publications,posicao,774.0,
2026,2026-2027,503863,Federal University of Vicosa,Indicador,Geral,Books,posicao,1427.0,substituto
2026,2026-2027,503863,Federal University of Vicosa,Indicador,Geral,Conferences,posicao,1387.0,
2026,2026-2027,503863,Federal University of Vicosa,Indicador,Geral,Normalized citation impact,posicao,2349.0,
2026,2026-2027,503863,Federal University of Vicosa,Indicador,Geral,Total citations,posicao,1143.0,
2026,2026-2027,503863,Federal University of Vicosa,Indicador,Geral,Number of publications that are among the 10% most cited,posicao,1416.0,
2026,2026-2027,503863,Federal University of Vicosa,Indicador,Geral,Percentage of total publications that are among the 10% most cited,posicao,2399.0,
2026,2026-2027,503863,Federal University of Vicosa,Indicador,Geral,International collaboration - relative to country,posicao,2002.0,
2026,2026-2027,503863,Federal University of Vicosa,Indicador,Geral,International collaboration,posicao,1676.0,
2026,2026-2027,503863,Federal University of Vicosa,Indicador,Geral,Number of highly cited papers that are among the top 1% most cited,posicao,1369.0,
2026,2026-2027,503863,Federal University of Vicosa,Indicador,Geral,Percentage of highly cited papers that are among the top 1% most cited,posicao,2202.0,
2026,2026-2027,503863,Federal University of Vicosa,Indicador,Agricultural Sciences,Global research reputation,posicao,111.0,
2026,2026-2027,503863,Federal University of Vicosa,Indicador,Agricultural Sciences,Regional research reputation,posicao,3.0,
2026,2026-2027,503863,Federal University of Vicosa,Indicador,Agricultural Sciences,Publications,posicao,27.0,
2026,2026-2027,503863,Federal University of Vicosa,Indicador,Agricultural Sciences,Normalized citation impact,posicao,514.0,
2026,2026-2027,503863,Federal University of Vicosa,Indicador,Agricultural Sciences,Total citations,posicao,112.0,
2026,2026-2027,503863,Federal University of Vicosa,Indicador,Agricultural Sciences,Number of publications that are among the 10% most cited,posicao,227.0,
2026,2026-2027,503863,Federal University of Vicosa,Indicador,Agricultural Sciences,Percentage of total publications that are among the 10% most cited,posicao,515.0,
2026,2026-2027,503863,Federal University of Vicosa,Indicador,Agricultural Sciences,International collaboration - relative to country,posicao,217.0,
2026,2026-2027,503863,Federal University of Vicosa,Indicador,Agricultural Sciences,International collaboration,posicao,395.0,
2026,2026-2027,503863,Federal University of Vicosa,Indicador,Agricultural Sciences,Number of highly cited papers that are among the top 1% most cited,posicao,237.0,
2026,2026-2027,503863,Federal University of Vicosa,Indicador,Agricultural Sciences,Percentage of highly cited papers that are among the top 1% most cited,posicao,465.0,
2026,2026-2027,503863,Federal University of Vicosa,Indicador,Environment/Ecology,Global research reputation,posicao,281.0,
2026,2026-2027,503863,Federal University of Vicosa,Indicador,Environment/Ecology,Regional research reputation,posicao,25.0,
2026,2026-2027,503863,Federal University of Vicosa,Indicador,Environment/Ecology,Publications,posicao,375.0,
2026,2026-2027,503863,Federal University of Vicosa,Indicador,Environment/Ecology,Normalized citation impact,posicao,1029.0,
2026,2026-2027,503863,Federal University of Vicosa,Indicador,Environment/Ecology,Total citations,posicao,618.0,
2026,2026-2027,503863,Federal University of Vicosa,Indicador,Environment/Ecology,Number of publications that are among the 10% most cited,posicao,806.0,
2026,2026-2027,503863,Federal University of Vicosa,Indicador,Environment/Ecology,Percentage of total publications that are among the 10% most cited,posicao,1030.0,
2026,2026-2027,503863,Federal University of Vicosa,Indicador,Environment/Ecology,International collaboration - relative to country,posicao,931.0,
2026,2026-2027,503863,Federal University of Vicosa,Indicador,Environment/Ecology,International collaboration,posicao,838.0,
2026,2026-2027,503863,Federal University of Vicosa,Indicador,Environment/Ecology,Number of highly cited papers that are among the top 1% most cited,posicao,639.0,
2026,2026-2027,503863,Federal University of Vicosa,Indicador,Environment/Ecology,Percentage of highly cited papers that are among the top 1% most cited,posicao,860.0,
2026,2026-2027,503863,Federal University of Vicosa,Indicador,Food Science and Technology,Publications,posicao,120.0,
2026,2026-2027,503863,Federal University of Vicosa,Indicador,Food Science and Technology,Conferences,posicao,44.0,
2026,2026-2027,503863,Federal University of Vicosa,Indicador,Food Science and Technology,Normalized citation impact,posicao,285.0,
2026,2026-2027,503863,Federal University of Vicosa,Indicador,Food Science and Technology,Total citations,posicao,185.0,
2026,2026-2027,503863,Federal University of Vicosa,Indicador,Food Science and Technology,Number of publications that are among the 10% most cited,posicao,243.0,
2026,2026-2027,503863,Federal University of Vicosa,Indicador,Food Science and Technology,Percentage of total publications that are among the 10% most cited,posicao,280.0,
2026,2026-2027,503863,Federal University of Vicosa,Indicador,Food Science and Technology,International collaboration - relative to country,posicao,186.0,
2026,2026-2027,503863,Federal University of Vicosa,Indicador,Food Science and Technology,International collaboration,posicao,181.0,
2026,2026-2027,503863,Federal University of Vicosa,Indicador,Food Science and Technology,Number of highly cited papers that are among the top 1% most cited,posicao,195.0,
2026,2026-2027,503863,Federal University of Vicosa,Indicador,Food Science and Technology,Percentage of highly cited papers that are among the top 1% most cited,posicao,218.0,
2026,2026-2027,503863,Federal University of Vicosa,Indicador,Plant and Animal Science,Global research reputation,posicao,204.0,
2026,2026-2027,503863,Federal University of Vicosa,Indicador,Plant and Animal Science,Regional research reputation,posicao,4.0,
2026,2026-2027,503863,Federal University of Vicosa,Indicador,Plant and Animal Science,Publications,posicao,38.0,
2026,2026-2027,503863,Federal University of Vicosa,Indicador,Plant and Animal Science,Normalized citation impact,posicao,637.0,
2026,2026-2027,503863,Federal University of Vicosa,Indicador,Plant and Animal Science,Total citations,posicao,101.0,
2026,2026-2027,503863,Federal University of Vicosa,Indicador,Plant and Animal Science,Number of publications that are among the 10% most cited,posicao,184.0,
2026,2026-2027,503863,Federal University of Vicosa,Indicador,Plant and Animal Science,Percentage of total publications that are among the 10% most cited,posicao,660.0,
2026,2026-2027,503863,Federal University of Vicosa,Indicador,Plant and Animal Science,International collaboration - relative to country,posicao,272.0,
2026,2026-2027,503863,Federal University of Vicosa,Indicador,Plant and Animal Science,International collaboration,posicao,557.0,
2026,2026-2027,503863,Federal University of Vicosa,Indicador,Plant and Animal Science,Number of highly cited papers that are among the top 1% most cited,posicao,194.0,
2026,2026-2027,503863,Federal University of Vicosa,Indicador,Plant and Animal Science,Percentage of highly cited papers that are among the top 1% most cited,posicao,590.0,
2026,2026-2027,529597,Pontificia Universidade Catolica do Parana,Listagem,Geral,Best Universities in Brazil,posicao,27.0,
2026,2026-2027,529597,Pontificia Universidade Catolica do Parana,Listagem,Geral,Best Global Universities,posicao,1509.0,empate
2026,2026-2027,529597,Pontificia Universidade Catolica do Parana,Listagem,Geral,Global Score,score,28.8,
2026,2026-2027,529597,Pontificia Universidade Catolica do Parana,Listagem,Geral,Enrollment,valor,,sem dado
2026,2026-2027,529597,Pontificia Universidade Catolica do Parana,Perfil institucional,Geral,Total number of students,valor,,sem dado
2026,2026-2027,529597,Pontificia Universidade Catolica do Parana,Perfil institucional,Geral,Number of international students,valor,,sem dado
2026,2026-2027,529597,Pontificia Universidade Catolica do Parana,Perfil institucional,Geral,Total number of academic staff,valor,,sem dado
2026,2026-2027,529597,Pontificia Universidade Catolica do Parana,Perfil institucional,Geral,Number of international staff,valor,,sem dado
2026,2026-2027,529597,Pontificia Universidade Catolica do Parana,Perfil institucional,Geral,Number of undergraduate degrees awarded,valor,,sem dado
2026,2026-2027,529597,Pontificia Universidade Catolica do Parana,Perfil institucional,Geral,Number of master's degrees awarded,valor,,sem dado
2026,2026-2027,529597,Pontificia Universidade Catolica do Parana,Perfil institucional,Geral,Number of doctoral degrees awarded,valor,,sem dado
2026,2026-2027,529597,Pontificia Universidade Catolica do Parana,Perfil institucional,Geral,Number of research only staff,valor,,sem dado
2026,2026-2027,529597,Pontificia Universidade Catolica do Parana,Perfil institucional,Geral,Number of new undergraduate students,valor,,sem dado
2026,2026-2027,529597,Pontificia Universidade Catolica do Parana,Perfil institucional,Geral,Number of new master's students,valor,,sem dado
2026,2026-2027,529597,Pontificia Universidade Catolica do Parana,Perfil institucional,Geral,Number of new doctoral students,valor,,sem dado
2026,2026-2027,529597,Pontificia Universidade Catolica do Parana,Ranking geral,Geral,Global score,score,28.8,
2026,2026-2027,529597,Pontificia Universidade Catolica do Parana,Ranking geral,Geral,Best Global Universities,posicao,1509.0,empate
2026,2026-2027,529597,Pontificia Universidade Catolica do Parana,Ranking geral,Geral,Best Global Universities in Latin America,posicao,63.0,
2026,2026-2027,529597,Pontificia Universidade Catolica do Parana,Ranking geral,Geral,Best Global Universities in Brazil,posicao,27.0,
2026,2026-2027,529597,Pontificia Universidade Catolica do Parana,Ranking por area,Clinical Medicine,Posicao na area,posicao,948.0,empate
2026,2026-2027,529597,Pontificia Universidade Catolica do Parana,Ranking por area,Clinical Medicine,Score na area,score,29.3,
2026,2026-2027,529597,Pontificia Universidade Catolica do Parana,Ranking por area,Engineering,Posicao na area,posicao,1066.0,empate
2026,2026-2027,529597,Pontificia Universidade Catolica do Parana,Ranking por area,Engineering,Score na area,score,28.1,
2026,2026-2027,529597,Pontificia Universidade Catolica do Parana,Indicador,Geral,Global research reputation,posicao,1412.0,
2026,2026-2027,529597,Pontificia Universidade Catolica do Parana,Indicador,Geral,Regional research reputation,posicao,65.0,
2026,2026-2027,529597,Pontificia Universidade Catolica do Parana,Indicador,Geral,Publications,posicao,1708.0,
2026,2026-2027,529597,Pontificia Universidade Catolica do Parana,Indicador,Geral,Books,posicao,1427.0,
2026,2026-2027,529597,Pontificia Universidade Catolica do Parana,Indicador,Geral,Conferences,posicao,720.0,
2026,2026-2027,529597,Pontificia Universidade Catolica do Parana,Indicador,Geral,Normalized citation impact,posicao,1909.0,
2026,2026-2027,529597,Pontificia Universidade Catolica do Parana,Indicador,Geral,Total citations,posicao,1872.0,
2026,2026-2027,529597,Pontificia Universidade Catolica do Parana,Indicador,Geral,Number of publications that are among the 10% most cited,posicao,1844.0,
2026,2026-2027,529597,Pontificia Universidade Catolica do Parana,Indicador,Geral,Percentage of total publications that are among the 10% most cited,posicao,1822.0,
2026,2026-2027,529597,Pontificia Universidade Catolica do Parana,Indicador,Geral,International collaboration - relative to country,posicao,986.0,
2026,2026-2027,529597,Pontificia Universidade Catolica do Parana,Indicador,Geral,International collaboration,posicao,1290.0,
2026,2026-2027,529597,Pontificia Universidade Catolica do Parana,Indicador,Geral,Number of highly cited papers that are among the top 1% most cited,posicao,1609.0,
2026,2026-2027,529597,Pontificia Universidade Catolica do Parana,Indicador,Geral,Percentage of highly cited papers that are among the top 1% most cited,posicao,1265.0,
2026,2026-2027,529597,Pontificia Universidade Catolica do Parana,Indicador,Clinical Medicine,Global research reputation,posicao,697.0,substituto
2026,2026-2027,529597,Pontificia Universidade Catolica do Parana,Indicador,Clinical Medicine,Regional research reputation,posicao,35.0,
2026,2026-2027,529597,Pontificia Universidade Catolica do Parana,Indicador,Clinical Medicine,Publications,posicao,972.0,
2026,2026-2027,529597,Pontificia Universidade Catolica do Parana,Indicador,Clinical Medicine,Normalized citation impact,posicao,913.0,
2026,2026-2027,529597,Pontificia Universidade Catolica do Parana,Indicador,Clinical Medicine,Total citations,posicao,1080.0,
2026,2026-2027,529597,Pontificia Universidade Catolica do Parana,Indicador,Clinical Medicine,Number of publications that are among the 10% most cited,posicao,885.0,
2026,2026-2027,529597,Pontificia Universidade Catolica do Parana,Indicador,Clinical Medicine,Percentage of total publications that are among the 10% most cited,posicao,623.0,
2026,2026-2027,529597,Pontificia Universidade Catolica do Parana,Indicador,Clinical Medicine,International collaboration - relative to country,posicao,183.0,
2026,2026-2027,529597,Pontificia Universidade Catolica do Parana,Indicador,Clinical Medicine,International collaboration,posicao,498.0,
2026,2026-2027,529597,Pontificia Universidade Catolica do Parana,Indicador,Clinical Medicine,Number of highly cited papers that are among the top 1% most cited,posicao,885.0,
2026,2026-2027,529597,Pontificia Universidade Catolica do Parana,Indicador,Clinical Medicine,Percentage of highly cited papers that are among the top 1% most cited,posicao,628.0,
2026,2026-2027,529597,Pontificia Universidade Catolica do Parana,Indicador,Engineering,Global research reputation,posicao,876.0,substituto
2026,2026-2027,529597,Pontificia Universidade Catolica do Parana,Indicador,Engineering,Regional research reputation,posicao,32.0,
2026,2026-2027,529597,Pontificia Universidade Catolica do Parana,Indicador,Engineering,Publications,posicao,1507.0,
2026,2026-2027,529597,Pontificia Universidade Catolica do Parana,Indicador,Engineering,Conferences,posicao,655.0,
2026,2026-2027,529597,Pontificia Universidade Catolica do Parana,Indicador,Engineering,Normalized citation impact,posicao,658.0,
2026,2026-2027,529597,Pontificia Universidade Catolica do Parana,Indicador,Engineering,Total citations,posicao,1360.0,
2026,2026-2027,529597,Pontificia Universidade Catolica do Parana,Indicador,Engineering,Number of publications that are among the 10% most cited,posicao,1207.0,
2026,2026-2027,529597,Pontificia Universidade Catolica do Parana,Indicador,Engineering,Percentage of total publications that are among the 10% most cited,posicao,544.0,
2026,2026-2027,529597,Pontificia Universidade Catolica do Parana,Indicador,Engineering,International collaboration - relative to country,posicao,642.0,
2026,2026-2027,529597,Pontificia Universidade Catolica do Parana,Indicador,Engineering,International collaboration,posicao,913.0,
2026,2026-2027,529597,Pontificia Universidade Catolica do Parana,Indicador,Engineering,Number of highly cited papers that are among the top 1% most cited,posicao,855.0,
2026,2026-2027,529597,Pontificia Universidade Catolica do Parana,Indicador,Engineering,Percentage of highly cited papers that are among the top 1% most cited,posicao,190.0,
2026,2026-2027,529248,Universidade Federal da Paraiba,Listagem,Geral,Best Universities in Brazil,posicao,28.0,
2026,2026-2027,529248,Universidade Federal da Paraiba,Listagem,Geral,Best Global Universities,posicao,1616.0,empate
2026,2026-2027,529248,Universidade Federal da Paraiba,Listagem,Geral,Global Score,score,27.0,
2026,2026-2027,529248,Universidade Federal da Paraiba,Listagem,Geral,Enrollment,valor,35589.0,
2026,2026-2027,529248,Universidade Federal da Paraiba,Perfil institucional,Geral,Total number of students,valor,35589.0,
2026,2026-2027,529248,Universidade Federal da Paraiba,Perfil institucional,Geral,Number of international students,valor,78.0,
2026,2026-2027,529248,Universidade Federal da Paraiba,Perfil institucional,Geral,Total number of academic staff,valor,2808.0,
2026,2026-2027,529248,Universidade Federal da Paraiba,Perfil institucional,Geral,Number of international staff,valor,40.0,
2026,2026-2027,529248,Universidade Federal da Paraiba,Perfil institucional,Geral,Number of undergraduate degrees awarded,valor,3229.0,
2026,2026-2027,529248,Universidade Federal da Paraiba,Perfil institucional,Geral,Number of master's degrees awarded,valor,555.0,
2026,2026-2027,529248,Universidade Federal da Paraiba,Perfil institucional,Geral,Number of doctoral degrees awarded,valor,224.0,
2026,2026-2027,529248,Universidade Federal da Paraiba,Perfil institucional,Geral,Number of research only staff,valor,74.0,
2026,2026-2027,529248,Universidade Federal da Paraiba,Perfil institucional,Geral,Number of new undergraduate students,valor,6719.0,
2026,2026-2027,529248,Universidade Federal da Paraiba,Perfil institucional,Geral,Number of new master's students,valor,1269.0,
2026,2026-2027,529248,Universidade Federal da Paraiba,Perfil institucional,Geral,Number of new doctoral students,valor,602.0,
2026,2026-2027,529248,Universidade Federal da Paraiba,Ranking geral,Geral,Global score,score,27.0,
2026,2026-2027,529248,Universidade Federal da Paraiba,Ranking geral,Geral,Best Global Universities,posicao,1616.0,empate
2026,2026-2027,529248,Universidade Federal da Paraiba,Ranking geral,Geral,Best Global Universities in Latin America,posicao,67.0,
2026,2026-2027,529248,Universidade Federal da Paraiba,Ranking geral,Geral,Best Global Universities in Brazil,posicao,28.0,
2026,2026-2027,529248,Universidade Federal da Paraiba,Ranking por area,Agricultural Sciences,Posicao na area,posicao,447.0,empate
2026,2026-2027,529248,Universidade Federal da Paraiba,Ranking por area,Agricultural Sciences,Score na area,score,25.2,
2026,2026-2027,529248,Universidade Federal da Paraiba,Ranking por area,Chemistry,Posicao na area,posicao,1351.0,empate
2026,2026-2027,529248,Universidade Federal da Paraiba,Ranking por area,Chemistry,Score na area,score,26.9,
2026,2026-2027,529248,Universidade Federal da Paraiba,Ranking por area,Environment/Ecology,Posicao na area,posicao,726.0,empate
2026,2026-2027,529248,Universidade Federal da Paraiba,Ranking por area,Environment/Ecology,Score na area,score,30.9,
2026,2026-2027,529248,Universidade Federal da Paraiba,Ranking por area,Physics,Posicao na area,posicao,943.0,
2026,2026-2027,529248,Universidade Federal da Paraiba,Ranking por area,Physics,Score na area,score,18.0,
2026,2026-2027,529248,Universidade Federal da Paraiba,Ranking por area,Plant and Animal Science,Posicao na area,posicao,560.0,empate
2026,2026-2027,529248,Universidade Federal da Paraiba,Ranking por area,Plant and Animal Science,Score na area,score,30.7,
2026,2026-2027,529248,Universidade Federal da Paraiba,Indicador,Geral,Global research reputation,posicao,1662.0,
2026,2026-2027,529248,Universidade Federal da Paraiba,Indicador,Geral,Regional research reputation,posicao,71.0,
2026,2026-2027,529248,Universidade Federal da Paraiba,Indicador,Geral,Publications,posicao,869.0,
2026,2026-2027,529248,Universidade Federal da Paraiba,Indicador,Geral,Books,posicao,1276.0,
2026,2026-2027,529248,Universidade Federal da Paraiba,Indicador,Geral,Conferences,posicao,1371.0,
2026,2026-2027,529248,Universidade Federal da Paraiba,Indicador,Geral,Normalized citation impact,posicao,2323.0,
2026,2026-2027,529248,Universidade Federal da Paraiba,Indicador,Geral,Total citations,posicao,1232.0,
2026,2026-2027,529248,Universidade Federal da Paraiba,Indicador,Geral,Number of publications that are among the 10% most cited,posicao,1379.0,
2026,2026-2027,529248,Universidade Federal da Paraiba,Indicador,Geral,Percentage of total publications that are among the 10% most cited,posicao,2347.0,
2026,2026-2027,529248,Universidade Federal da Paraiba,Indicador,Geral,International collaboration - relative to country,posicao,1819.0,
2026,2026-2027,529248,Universidade Federal da Paraiba,Indicador,Geral,International collaboration,posicao,1576.0,
2026,2026-2027,529248,Universidade Federal da Paraiba,Indicador,Geral,Number of highly cited papers that are among the top 1% most cited,posicao,1503.0,
2026,2026-2027,529248,Universidade Federal da Paraiba,Indicador,Geral,Percentage of highly cited papers that are among the top 1% most cited,posicao,2216.0,
2026,2026-2027,529248,Universidade Federal da Paraiba,Indicador,Agricultural Sciences,Global research reputation,posicao,270.0,substituto
2026,2026-2027,529248,Universidade Federal da Paraiba,Indicador,Agricultural Sciences,Regional research reputation,posicao,29.0,
2026,2026-2027,529248,Universidade Federal da Paraiba,Indicador,Agricultural Sciences,Publications,posicao,134.0,
2026,2026-2027,529248,Universidade Federal da Paraiba,Indicador,Agricultural Sciences,Normalized citation impact,posicao,487.0,
2026,2026-2027,529248,Universidade Federal da Paraiba,Indicador,Agricultural Sciences,Total citations,posicao,255.0,
2026,2026-2027,529248,Universidade Federal da Paraiba,Indicador,Agricultural Sciences,Number of publications that are among the 10% most cited,posicao,347.0,
2026,2026-2027,529248,Universidade Federal da Paraiba,Indicador,Agricultural Sciences,Percentage of total publications that are among the 10% most cited,posicao,484.0,
2026,2026-2027,529248,Universidade Federal da Paraiba,Indicador,Agricultural Sciences,International collaboration - relative to country,posicao,448.0,
2026,2026-2027,529248,Universidade Federal da Paraiba,Indicador,Agricultural Sciences,International collaboration,posicao,460.0,
2026,2026-2027,529248,Universidade Federal da Paraiba,Indicador,Agricultural Sciences,Number of highly cited papers that are among the top 1% most cited,posicao,461.0,
2026,2026-2027,529248,Universidade Federal da Paraiba,Indicador,Agricultural Sciences,Percentage of highly cited papers that are among the top 1% most cited,posicao,507.0,
2026,2026-2027,529248,Universidade Federal da Paraiba,Indicador,Chemistry,Global research reputation,posicao,569.0,substituto
2026,2026-2027,529248,Universidade Federal da Paraiba,Indicador,Chemistry,Regional research reputation,posicao,43.0,substituto
2026,2026-2027,529248,Universidade Federal da Paraiba,Indicador,Chemistry,Publications,posicao,1009.0,
2026,2026-2027,529248,Universidade Federal da Paraiba,Indicador,Chemistry,Normalized citation impact,posicao,1436.0,
2026,2026-2027,529248,Universidade Federal da Paraiba,Indicador,Chemistry,Total citations,posicao,1237.0,
2026,2026-2027,529248,Universidade Federal da Paraiba,Indicador,Chemistry,Number of publications that are among the 10% most cited,posicao,1372.0,
2026,2026-2027,529248,Universidade Federal da Paraiba,Indicador,Chemistry,Percentage of total publications that are among the 10% most cited,posicao,1444.0,
2026,2026-2027,529248,Universidade Federal da Paraiba,Indicador,Chemistry,International collaboration - relative to country,posicao,747.0,
2026,2026-2027,529248,Universidade Federal da Paraiba,Indicador,Chemistry,International collaboration,posicao,886.0,
2026,2026-2027,529248,Universidade Federal da Paraiba,Indicador,Chemistry,Number of highly cited papers that are among the top 1% most cited,posicao,1213.0,
2026,2026-2027,529248,Universidade Federal da Paraiba,Indicador,Chemistry,Percentage of highly cited papers that are among the top 1% most cited,posicao,1272.0,
2026,2026-2027,529248,Universidade Federal da Paraiba,Indicador,Environment/Ecology,Global research reputation,posicao,281.0,substituto
2026,2026-2027,529248,Universidade Federal da Paraiba,Indicador,Environment/Ecology,Regional research reputation,posicao,25.0,substituto
2026,2026-2027,529248,Universidade Federal da Paraiba,Indicador,Environment/Ecology,Publications,posicao,585.0,
2026,2026-2027,529248,Universidade Federal da Paraiba,Indicador,Environment/Ecology,Normalized citation impact,posicao,870.0,
2026,2026-2027,529248,Universidade Federal da Paraiba,Indicador,Environment/Ecology,Total citations,posicao,710.0,
2026,2026-2027,529248,Universidade Federal da Paraiba,Indicador,Environment/Ecology,Number of publications that are among the 10% most cited,posicao,818.0,
2026,2026-2027,529248,Universidade Federal da Paraiba,Indicador,Environment/Ecology,Percentage of total publications that are among the 10% most cited,posicao,915.0,
2026,2026-2027,529248,Universidade Federal da Paraiba,Indicador,Environment/Ecology,International collaboration - relative to country,posicao,91.0,
2026,2026-2027,529248,Universidade Federal da Paraiba,Indicador,Environment/Ecology,International collaboration,posicao,539.0,
2026,2026-2027,529248,Universidade Federal da Paraiba,Indicador,Environment/Ecology,Number of highly cited papers that are among the top 1% most cited,posicao,578.0,
2026,2026-2027,529248,Universidade Federal da Paraiba,Indicador,Environment/Ecology,Percentage of highly cited papers that are among the top 1% most cited,posicao,607.0,
2026,2026-2027,529248,Universidade Federal da Paraiba,Indicador,Physics,Global research reputation,posicao,380.0,substituto
2026,2026-2027,529248,Universidade Federal da Paraiba,Indicador,Physics,Regional research reputation,posicao,28.0,substituto
2026,2026-2027,529248,Universidade Federal da Paraiba,Indicador,Physics,Publications,posicao,613.0,
2026,2026-2027,529248,Universidade Federal da Paraiba,Indicador,Physics,Normalized citation impact,posicao,987.0,
2026,2026-2027,529248,Universidade Federal da Paraiba,Indicador,Physics,Total citations,posicao,867.0,
2026,2026-2027,529248,Universidade Federal da Paraiba,Indicador,Physics,Number of publications that are among the 10% most cited,posicao,901.0,
2026,2026-2027,529248,Universidade Federal da Paraiba,Indicador,Physics,Percentage of total publications that are among the 10% most cited,posicao,957.0,
2026,2026-2027,529248,Universidade Federal da Paraiba,Indicador,Physics,International collaboration - relative to country,posicao,1020.0,
2026,2026-2027,529248,Universidade Federal da Paraiba,Indicador,Physics,International collaboration,posicao,889.0,
2026,2026-2027,529248,Universidade Federal da Paraiba,Indicador,Physics,Number of highly cited papers that are among the top 1% most cited,posicao,862.0,
2026,2026-2027,529248,Universidade Federal da Paraiba,Indicador,Physics,Percentage of highly cited papers that are among the top 1% most cited,posicao,910.0,
2026,2026-2027,529248,Universidade Federal da Paraiba,Indicador,Plant and Animal Science,Global research reputation,posicao,309.0,
2026,2026-2027,529248,Universidade Federal da Paraiba,Indicador,Plant and Animal Science,Regional research reputation,posicao,43.0,
2026,2026-2027,529248,Universidade Federal da Paraiba,Indicador,Plant and Animal Science,Publications,posicao,262.0,
2026,2026-2027,529248,Universidade Federal da Paraiba,Indicador,Plant and Animal Science,Normalized citation impact,posicao,630.0,
2026,2026-2027,529248,Universidade Federal da Paraiba,Indicador,Plant and Animal Science,Total citations,posicao,415.0,
2026,2026-2027,529248,Universidade Federal da Paraiba,Indicador,Plant and Animal Science,Number of publications that are among the 10% most cited,posicao,644.0,
2026,2026-2027,529248,Universidade Federal da Paraiba,Indicador,Plant and Animal Science,Percentage of total publications that are among the 10% most cited,posicao,729.0,
2026,2026-2027,529248,Universidade Federal da Paraiba,Indicador,Plant and Animal Science,International collaboration - relative to country,posicao,394.0,
2026,2026-2027,529248,Universidade Federal da Paraiba,Indicador,Plant and Animal Science,International collaboration,posicao,577.0,
2026,2026-2027,529248,Universidade Federal da Paraiba,Indicador,Plant and Animal Science,Number of highly cited papers that are among the top 1% most cited,posicao,442.0,
2026,2026-2027,529248,Universidade Federal da Paraiba,Indicador,Plant and Animal Science,Percentage of highly cited papers that are among the top 1% most cited,posicao,536.0,
2026,2026-2027,529218,Universidade Federal do Para,Listagem,Geral,Best Universities in Brazil,posicao,29.0,
2026,2026-2027,529218,Universidade Federal do Para,Listagem,Geral,Best Global Universities,posicao,1653.0,empate
2026,2026-2027,529218,Universidade Federal do Para,Listagem,Geral,Global Score,score,26.4,
2026,2026-2027,529218,Universidade Federal do Para,Listagem,Geral,Enrollment,valor,,sem dado
2026,2026-2027,529218,Universidade Federal do Para,Perfil institucional,Geral,Total number of students,valor,,sem dado
2026,2026-2027,529218,Universidade Federal do Para,Perfil institucional,Geral,Number of international students,valor,,sem dado
2026,2026-2027,529218,Universidade Federal do Para,Perfil institucional,Geral,Total number of academic staff,valor,,sem dado
2026,2026-2027,529218,Universidade Federal do Para,Perfil institucional,Geral,Number of international staff,valor,,sem dado
2026,2026-2027,529218,Universidade Federal do Para,Perfil institucional,Geral,Number of undergraduate degrees awarded,valor,,sem dado
2026,2026-2027,529218,Universidade Federal do Para,Perfil institucional,Geral,Number of master's degrees awarded,valor,,sem dado
2026,2026-2027,529218,Universidade Federal do Para,Perfil institucional,Geral,Number of doctoral degrees awarded,valor,,sem dado
2026,2026-2027,529218,Universidade Federal do Para,Perfil institucional,Geral,Number of research only staff,valor,,sem dado
2026,2026-2027,529218,Universidade Federal do Para,Perfil institucional,Geral,Number of new undergraduate students,valor,,sem dado
2026,2026-2027,529218,Universidade Federal do Para,Perfil institucional,Geral,Number of new master's students,valor,,sem dado
2026,2026-2027,529218,Universidade Federal do Para,Perfil institucional,Geral,Number of new doctoral students,valor,,sem dado
2026,2026-2027,529218,Universidade Federal do Para,Ranking geral,Geral,Global score,score,26.4,
2026,2026-2027,529218,Universidade Federal do Para,Ranking geral,Geral,Best Global Universities,posicao,1653.0,empate
2026,2026-2027,529218,Universidade Federal do Para,Ranking geral,Geral,Best Global Universities in Latin America,posicao,71.0,
2026,2026-2027,529218,Universidade Federal do Para,Ranking geral,Geral,Best Global Universities in Brazil,posicao,29.0,
2026,2026-2027,529218,Universidade Federal do Para,Ranking por area,Chemistry,Posicao na area,posicao,1433.0,
2026,2026-2027,529218,Universidade Federal do Para,Ranking por area,Chemistry,Score na area,score,24.8,
2026,2026-2027,529218,Universidade Federal do Para,Ranking por area,Environment/Ecology,Posicao na area,posicao,794.0,empate
2026,2026-2027,529218,Universidade Federal do Para,Ranking por area,Environment/Ecology,Score na area,score,28.8,
2026,2026-2027,529218,Universidade Federal do Para,Ranking por area,Plant and Animal Science,Posicao na area,posicao,465.0,empate
2026,2026-2027,529218,Universidade Federal do Para,Ranking por area,Plant and Animal Science,Score na area,score,35.7,
2026,2026-2027,529218,Universidade Federal do Para,Indicador,Geral,Global research reputation,posicao,1394.0,
2026,2026-2027,529218,Universidade Federal do Para,Indicador,Geral,Regional research reputation,posicao,74.0,
2026,2026-2027,529218,Universidade Federal do Para,Indicador,Geral,Publications,posicao,923.0,
2026,2026-2027,529218,Universidade Federal do Para,Indicador,Geral,Books,posicao,1276.0,
2026,2026-2027,529218,Universidade Federal do Para,Indicador,Geral,Conferences,posicao,987.0,
2026,2026-2027,529218,Universidade Federal do Para,Indicador,Geral,Normalized citation impact,posicao,2341.0,
2026,2026-2027,529218,Universidade Federal do Para,Indicador,Geral,Total citations,posicao,1309.0,
2026,2026-2027,529218,Universidade Federal do Para,Indicador,Geral,Number of publications that are among the 10% most cited,posicao,1475.0,
2026,2026-2027,529218,Universidade Federal do Para,Indicador,Geral,Percentage of total publications that are among the 10% most cited,posicao,2356.0,
2026,2026-2027,529218,Universidade Federal do Para,Indicador,Geral,International collaboration - relative to country,posicao,1897.0,
2026,2026-2027,529218,Universidade Federal do Para,Indicador,Geral,International collaboration,posicao,1622.0,
2026,2026-2027,529218,Universidade Federal do Para,Indicador,Geral,Number of highly cited papers that are among the top 1% most cited,posicao,1747.0,
2026,2026-2027,529218,Universidade Federal do Para,Indicador,Geral,Percentage of highly cited papers that are among the top 1% most cited,posicao,2311.0,
2026,2026-2027,529218,Universidade Federal do Para,Indicador,Chemistry,Global research reputation,posicao,569.0,substituto
2026,2026-2027,529218,Universidade Federal do Para,Indicador,Chemistry,Regional research reputation,posicao,43.0,
2026,2026-2027,529218,Universidade Federal do Para,Indicador,Chemistry,Publications,posicao,1025.0,
2026,2026-2027,529218,Universidade Federal do Para,Indicador,Chemistry,Normalized citation impact,posicao,1451.0,
2026,2026-2027,529218,Universidade Federal do Para,Indicador,Chemistry,Total citations,posicao,1264.0,
2026,2026-2027,529218,Universidade Federal do Para,Indicador,Chemistry,Number of publications that are among the 10% most cited,posicao,1411.0,
2026,2026-2027,529218,Universidade Federal do Para,Indicador,Chemistry,Percentage of total publications that are among the 10% most cited,posicao,1472.0,
2026,2026-2027,529218,Universidade Federal do Para,Indicador,Chemistry,International collaboration - relative to country,posicao,1155.0,
2026,2026-2027,529218,Universidade Federal do Para,Indicador,Chemistry,International collaboration,posicao,997.0,
2026,2026-2027,529218,Universidade Federal do Para,Indicador,Chemistry,Number of highly cited papers that are among the top 1% most cited,posicao,1352.0,substituto
2026,2026-2027,529218,Universidade Federal do Para,Indicador,Chemistry,Percentage of highly cited papers that are among the top 1% most cited,posicao,1509.0,substituto
2026,2026-2027,529218,Universidade Federal do Para,Indicador,Environment/Ecology,Global research reputation,posicao,281.0,substituto
2026,2026-2027,529218,Universidade Federal do Para,Indicador,Environment/Ecology,Regional research reputation,posicao,25.0,substituto
2026,2026-2027,529218,Universidade Federal do Para,Indicador,Environment/Ecology,Publications,posicao,385.0,
2026,2026-2027,529218,Universidade Federal do Para,Indicador,Environment/Ecology,Normalized citation impact,posicao,1007.0,
2026,2026-2027,529218,Universidade Federal do Para,Indicador,Environment/Ecology,Total citations,posicao,603.0,
2026,2026-2027,529218,Universidade Federal do Para,Indicador,Environment/Ecology,Number of publications that are among the 10% most cited,posicao,747.0,
2026,2026-2027,529218,Universidade Federal do Para,Indicador,Environment/Ecology,Percentage of total publications that are among the 10% most cited,posicao,989.0,
2026,2026-2027,529218,Universidade Federal do Para,Indicador,Environment/Ecology,International collaboration - relative to country,posicao,422.0,
2026,2026-2027,529218,Universidade Federal do Para,Indicador,Environment/Ecology,International collaboration,posicao,714.0,
2026,2026-2027,529218,Universidade Federal do Para,Indicador,Environment/Ecology,Number of highly cited papers that are among the top 1% most cited,posicao,958.0,
2026,2026-2027,529218,Universidade Federal do Para,Indicador,Environment/Ecology,Percentage of highly cited papers that are among the top 1% most cited,posicao,1049.0,
2026,2026-2027,529218,Universidade Federal do Para,Indicador,Plant and Animal Science,Global research reputation,posicao,256.0,
2026,2026-2027,529218,Universidade Federal do Para,Indicador,Plant and Animal Science,Regional research reputation,posicao,16.0,
2026,2026-2027,529218,Universidade Federal do Para,Indicador,Plant and Animal Science,Publications,posicao,169.0,
2026,2026-2027,529218,Universidade Federal do Para,Indicador,Plant and Animal Science,Normalized citation impact,posicao,728.0,
2026,2026-2027,529218,Universidade Federal do Para,Indicador,Plant and Animal Science,Total citations,posicao,376.0,
2026,2026-2027,529218,Universidade Federal do Para,Indicador,Plant and Animal Science,Number of publications that are among the 10% most cited,posicao,623.0,
2026,2026-2027,529218,Universidade Federal do Para,Indicador,Plant and Animal Science,Percentage of total publications that are among the 10% most cited,posicao,755.0,
2026,2026-2027,529218,Universidade Federal do Para,Indicador,Plant and Animal Science,International collaboration - relative to country,posicao,553.0,
2026,2026-2027,529218,Universidade Federal do Para,Indicador,Plant and Animal Science,International collaboration,posicao,621.0,
2026,2026-2027,529218,Universidade Federal do Para,Indicador,Plant and Animal Science,Number of highly cited papers that are among the top 1% most cited,posicao,524.0,
2026,2026-2027,529218,Universidade Federal do Para,Indicador,Plant and Animal Science,Percentage of highly cited papers that are among the top 1% most cited,posicao,682.0,
2026,2026-2027,529299,Universidade Federal do Espirito Santo,Listagem,Geral,Best Universities in Brazil,posicao,30.0,
2026,2026-2027,529299,Universidade Federal do Espirito Santo,Listagem,Geral,Best Global Universities,posicao,1661.0,empate
2026,2026-2027,529299,Universidade Federal do Espirito Santo,Listagem,Geral,Global Score,score,26.3,
2026,2026-2027,529299,Universidade Federal do Espirito Santo,Listagem,Geral,Enrollment,valor,,sem dado
2026,2026-2027,529299,Universidade Federal do Espirito Santo,Perfil institucional,Geral,Total number of students,valor,,sem dado
2026,2026-2027,529299,Universidade Federal do Espirito Santo,Perfil institucional,Geral,Number of international students,valor,,sem dado
2026,2026-2027,529299,Universidade Federal do Espirito Santo,Perfil institucional,Geral,Total number of academic staff,valor,,sem dado
2026,2026-2027,529299,Universidade Federal do Espirito Santo,Perfil institucional,Geral,Number of international staff,valor,,sem dado
2026,2026-2027,529299,Universidade Federal do Espirito Santo,Perfil institucional,Geral,Number of undergraduate degrees awarded,valor,,sem dado
2026,2026-2027,529299,Universidade Federal do Espirito Santo,Perfil institucional,Geral,Number of master's degrees awarded,valor,,sem dado
2026,2026-2027,529299,Universidade Federal do Espirito Santo,Perfil institucional,Geral,Number of doctoral degrees awarded,valor,,sem dado
2026,2026-2027,529299,Universidade Federal do Espirito Santo,Perfil institucional,Geral,Number of research only staff,valor,,sem dado
2026,2026-2027,529299,Universidade Federal do Espirito Santo,Perfil institucional,Geral,Number of new undergraduate students,valor,,sem dado
2026,2026-2027,529299,Universidade Federal do Espirito Santo,Perfil institucional,Geral,Number of new master's students,valor,,sem dado
2026,2026-2027,529299,Universidade Federal do Espirito Santo,Perfil institucional,Geral,Number of new doctoral students,valor,,sem dado
2026,2026-2027,529299,Universidade Federal do Espirito Santo,Ranking geral,Geral,Global score,score,26.3,
2026,2026-2027,529299,Universidade Federal do Espirito Santo,Ranking geral,Geral,Best Global Universities,posicao,1661.0,empate
2026,2026-2027,529299,Universidade Federal do Espirito Santo,Ranking geral,Geral,Best Global Universities in Latin America,posicao,72.0,
2026,2026-2027,529299,Universidade Federal do Espirito Santo,Ranking geral,Geral,Best Global Universities in Brazil,posicao,30.0,
2026,2026-2027,529299,Universidade Federal do Espirito Santo,Ranking por area,Clinical Medicine,Posicao na area,posicao,861.0,empate
2026,2026-2027,529299,Universidade Federal do Espirito Santo,Ranking por area,Clinical Medicine,Score na area,score,32.2,
2026,2026-2027,529299,Universidade Federal do Espirito Santo,Ranking por area,Engineering,Posicao na area,posicao,1487.0,empate
2026,2026-2027,529299,Universidade Federal do Espirito Santo,Ranking por area,Engineering,Score na area,score,16.7,
2026,2026-2027,529299,Universidade Federal do Espirito Santo,Ranking por area,Environment/Ecology,Posicao na area,posicao,952.0,empate
2026,2026-2027,529299,Universidade Federal do Espirito Santo,Ranking por area,Environment/Ecology,Score na area,score,23.7,
2026,2026-2027,529299,Universidade Federal do Espirito Santo,Ranking por area,Plant and Animal Science,Posicao na area,posicao,619.0,empate
2026,2026-2027,529299,Universidade Federal do Espirito Santo,Ranking por area,Plant and Animal Science,Score na area,score,27.5,
2026,2026-2027,529299,Universidade Federal do Espirito Santo,Indicador,Geral,Global research reputation,posicao,1839.0,
2026,2026-2027,529299,Universidade Federal do Espirito Santo,Indicador,Geral,Regional research reputation,posicao,109.0,
2026,2026-2027,529299,Universidade Federal do Espirito Santo,Indicador,Geral,Publications,posicao,1001.0,
2026,2026-2027,529299,Universidade Federal do Espirito Santo,Indicador,Geral,Books,posicao,1152.0,
2026,2026-2027,529299,Universidade Federal do Espirito Santo,Indicador,Geral,Conferences,posicao,961.0,
2026,2026-2027,529299,Universidade Federal do Espirito Santo,Indicador,Geral,Normalized citation impact,posicao,1647.0,
2026,2026-2027,529299,Universidade Federal do Espirito Santo,Indicador,Geral,Total citations,posicao,1108.0,
2026,2026-2027,529299,Universidade Federal do Espirito Santo,Indicador,Geral,Number of publications that are among the 10% most cited,posicao,1569.0,
2026,2026-2027,529299,Universidade Federal do Espirito Santo,Indicador,Geral,Percentage of total publications that are among the 10% most cited,posicao,2355.0,
2026,2026-2027,529299,Universidade Federal do Espirito Santo,Indicador,Geral,International collaboration - relative to country,posicao,1611.0,
2026,2026-2027,529299,Universidade Federal do Espirito Santo,Indicador,Geral,International collaboration,posicao,1495.0,
2026,2026-2027,529299,Universidade Federal do Espirito Santo,Indicador,Geral,Number of highly cited papers that are among the top 1% most cited,posicao,1406.0,
2026,2026-2027,529299,Universidade Federal do Espirito Santo,Indicador,Geral,Percentage of highly cited papers that are among the top 1% most cited,posicao,1979.0,
2026,2026-2027,529299,Universidade Federal do Espirito Santo,Indicador,Clinical Medicine,Global research reputation,posicao,697.0,
2026,2026-2027,529299,Universidade Federal do Espirito Santo,Indicador,Clinical Medicine,Regional research reputation,posicao,48.0,
2026,2026-2027,529299,Universidade Federal do Espirito Santo,Indicador,Clinical Medicine,Publications,posicao,947.0,
2026,2026-2027,529299,Universidade Federal do Espirito Santo,Indicador,Clinical Medicine,Normalized citation impact,posicao,116.0,
2026,2026-2027,529299,Universidade Federal do Espirito Santo,Indicador,Clinical Medicine,Total citations,posicao,611.0,
2026,2026-2027,529299,Universidade Federal do Espirito Santo,Indicador,Clinical Medicine,Number of publications that are among the 10% most cited,posicao,1088.0,
2026,2026-2027,529299,Universidade Federal do Espirito Santo,Indicador,Clinical Medicine,Percentage of total publications that are among the 10% most cited,posicao,1140.0,
2026,2026-2027,529299,Universidade Federal do Espirito Santo,Indicador,Clinical Medicine,International collaboration - relative to country,posicao,908.0,
2026,2026-2027,529299,Universidade Federal do Espirito Santo,Indicador,Clinical Medicine,International collaboration,posicao,767.0,
2026,2026-2027,529299,Universidade Federal do Espirito Santo,Indicador,Clinical Medicine,Number of highly cited papers that are among the top 1% most cited,posicao,857.0,
2026,2026-2027,529299,Universidade Federal do Espirito Santo,Indicador,Clinical Medicine,Percentage of highly cited papers that are among the top 1% most cited,posicao,621.0,
2026,2026-2027,529299,Universidade Federal do Espirito Santo,Indicador,Engineering,Global research reputation,posicao,876.0,substituto
2026,2026-2027,529299,Universidade Federal do Espirito Santo,Indicador,Engineering,Regional research reputation,posicao,43.0,substituto
2026,2026-2027,529299,Universidade Federal do Espirito Santo,Indicador,Engineering,Publications,posicao,1032.0,
2026,2026-2027,529299,Universidade Federal do Espirito Santo,Indicador,Engineering,Conferences,posicao,923.0,
2026,2026-2027,529299,Universidade Federal do Espirito Santo,Indicador,Engineering,Normalized citation impact,posicao,1425.0,
2026,2026-2027,529299,Universidade Federal do Espirito Santo,Indicador,Engineering,Total citations,posicao,1290.0,
2026,2026-2027,529299,Universidade Federal do Espirito Santo,Indicador,Engineering,Number of publications that are among the 10% most cited,posicao,1514.0,
2026,2026-2027,529299,Universidade Federal do Espirito Santo,Indicador,Engineering,Percentage of total publications that are among the 10% most cited,posicao,1566.0,
2026,2026-2027,529299,Universidade Federal do Espirito Santo,Indicador,Engineering,International collaboration - relative to country,posicao,540.0,
2026,2026-2027,529299,Universidade Federal do Espirito Santo,Indicador,Engineering,International collaboration,posicao,883.0,
2026,2026-2027,529299,Universidade Federal do Espirito Santo,Indicador,Engineering,Number of highly cited papers that are among the top 1% most cited,posicao,1438.0,
2026,2026-2027,529299,Universidade Federal do Espirito Santo,Indicador,Engineering,Percentage of highly cited papers that are among the top 1% most cited,posicao,1508.0,
2026,2026-2027,529299,Universidade Federal do Espirito Santo,Indicador,Environment/Ecology,Global research reputation,posicao,281.0,substituto
2026,2026-2027,529299,Universidade Federal do Espirito Santo,Indicador,Environment/Ecology,Regional research reputation,posicao,25.0,substituto
2026,2026-2027,529299,Universidade Federal do Espirito Santo,Indicador,Environment/Ecology,Publications,posicao,507.0,
2026,2026-2027,529299,Universidade Federal do Espirito Santo,Indicador,Environment/Ecology,Normalized citation impact,posicao,1036.0,
2026,2026-2027,529299,Universidade Federal do Espirito Santo,Indicador,Environment/Ecology,Total citations,posicao,774.0,
2026,2026-2027,529299,Universidade Federal do Espirito Santo,Indicador,Environment/Ecology,Number of publications that are among the 10% most cited,posicao,882.0,
2026,2026-2027,529299,Universidade Federal do Espirito Santo,Indicador,Environment/Ecology,Percentage of total publications that are among the 10% most cited,posicao,1017.0,
2026,2026-2027,529299,Universidade Federal do Espirito Santo,Indicador,Environment/Ecology,International collaboration - relative to country,posicao,956.0,
2026,2026-2027,529299,Universidade Federal do Espirito Santo,Indicador,Environment/Ecology,International collaboration,posicao,850.0,
2026,2026-2027,529299,Universidade Federal do Espirito Santo,Indicador,Environment/Ecology,Number of highly cited papers that are among the top 1% most cited,posicao,958.0,
2026,2026-2027,529299,Universidade Federal do Espirito Santo,Indicador,Environment/Ecology,Percentage of highly cited papers that are among the top 1% most cited,posicao,1030.0,
2026,2026-2027,529299,Universidade Federal do Espirito Santo,Indicador,Plant and Animal Science,Global research reputation,posicao,309.0,
2026,2026-2027,529299,Universidade Federal do Espirito Santo,Indicador,Plant and Animal Science,Regional research reputation,posicao,24.0,
2026,2026-2027,529299,Universidade Federal do Espirito Santo,Indicador,Plant and Animal Science,Publications,posicao,286.0,
2026,2026-2027,529299,Universidade Federal do Espirito Santo,Indicador,Plant and Animal Science,Normalized citation impact,posicao,739.0,
2026,2026-2027,529299,Universidade Federal do Espirito Santo,Indicador,Plant and Animal Science,Total citations,posicao,561.0,
2026,2026-2027,529299,Universidade Federal do Espirito Santo,Indicador,Plant and Animal Science,Number of publications that are among the 10% most cited,posicao,623.0,
2026,2026-2027,529299,Universidade Federal do Espirito Santo,Indicador,Plant and Animal Science,Percentage of total publications that are among the 10% most cited,posicao,710.0,
2026,2026-2027,529299,Universidade Federal do Espirito Santo,Indicador,Plant and Animal Science,International collaboration - relative to country,posicao,573.0,
2026,2026-2027,529299,Universidade Federal do Espirito Santo,Indicador,Plant and Animal Science,International collaboration,posicao,626.0,
2026,2026-2027,529299,Universidade Federal do Espirito Santo,Indicador,Plant and Animal Science,Number of highly cited papers that are among the top 1% most cited,posicao,620.0,
2026,2026-2027,529299,Universidade Federal do Espirito Santo,Indicador,Plant and Animal Science,Percentage of highly cited papers that are among the top 1% most cited,posicao,690.0,
2026,2026-2027,529105,Universidade Federal de Lavras,Listagem,Geral,Best Universities in Brazil,posicao,31.0,
2026,2026-2027,529105,Universidade Federal de Lavras,Listagem,Geral,Best Global Universities,posicao,1705.0,empate
2026,2026-2027,529105,Universidade Federal de Lavras,Listagem,Geral,Global Score,score,25.8,
2026,2026-2027,529105,Universidade Federal de Lavras,Listagem,Geral,Enrollment,valor,12530.0,
2026,2026-2027,529105,Universidade Federal de Lavras,Perfil institucional,Geral,Total number of students,valor,12530.0,
2026,2026-2027,529105,Universidade Federal de Lavras,Perfil institucional,Geral,Number of international students,valor,253.0,
2026,2026-2027,529105,Universidade Federal de Lavras,Perfil institucional,Geral,Total number of academic staff,valor,847.0,
2026,2026-2027,529105,Universidade Federal de Lavras,Perfil institucional,Geral,Number of international staff,valor,17.0,
2026,2026-2027,529105,Universidade Federal de Lavras,Perfil institucional,Geral,Number of undergraduate degrees awarded,valor,1326.0,
2026,2026-2027,529105,Universidade Federal de Lavras,Perfil institucional,Geral,Number of master's degrees awarded,valor,378.0,
2026,2026-2027,529105,Universidade Federal de Lavras,Perfil institucional,Geral,Number of doctoral degrees awarded,valor,176.0,
2026,2026-2027,529105,Universidade Federal de Lavras,Perfil institucional,Geral,Number of research only staff,valor,193.0,
2026,2026-2027,529105,Universidade Federal de Lavras,Perfil institucional,Geral,Number of new undergraduate students,valor,2229.0,
2026,2026-2027,529105,Universidade Federal de Lavras,Perfil institucional,Geral,Number of new master's students,valor,677.0,
2026,2026-2027,529105,Universidade Federal de Lavras,Perfil institucional,Geral,Number of new doctoral students,valor,213.0,
2026,2026-2027,529105,Universidade Federal de Lavras,Ranking geral,Geral,Global score,score,25.8,
2026,2026-2027,529105,Universidade Federal de Lavras,Ranking geral,Geral,Best Global Universities,posicao,1705.0,empate
2026,2026-2027,529105,Universidade Federal de Lavras,Ranking geral,Geral,Best Global Universities in Latin America,posicao,75.0,empate
2026,2026-2027,529105,Universidade Federal de Lavras,Ranking geral,Geral,Best Global Universities in Brazil,posicao,31.0,
2026,2026-2027,529105,Universidade Federal de Lavras,Ranking por area,Agricultural Sciences,Posicao na area,posicao,243.0,
2026,2026-2027,529105,Universidade Federal de Lavras,Ranking por area,Agricultural Sciences,Score na area,score,39.5,
2026,2026-2027,529105,Universidade Federal de Lavras,Ranking por area,Environment/Ecology,Posicao na area,posicao,703.0,empate
2026,2026-2027,529105,Universidade Federal de Lavras,Ranking por area,Environment/Ecology,Score na area,score,32.0,
2026,2026-2027,529105,Universidade Federal de Lavras,Ranking por area,Plant and Animal Science,Posicao na area,posicao,241.0,empate
2026,2026-2027,529105,Universidade Federal de Lavras,Ranking por area,Plant and Animal Science,Score na area,score,50.2,
2026,2026-2027,529105,Universidade Federal de Lavras,Indicador,Geral,Global research reputation,posicao,1536.0,
2026,2026-2027,529105,Universidade Federal de Lavras,Indicador,Geral,Regional research reputation,posicao,53.0,
2026,2026-2027,529105,Universidade Federal de Lavras,Indicador,Geral,Publications,posicao,1026.0,
2026,2026-2027,529105,Universidade Federal de Lavras,Indicador,Geral,Books,posicao,1427.0,substituto
2026,2026-2027,529105,Universidade Federal de Lavras,Indicador,Geral,Conferences,posicao,1520.0,
2026,2026-2027,529105,Universidade Federal de Lavras,Indicador,Geral,Normalized citation impact,posicao,2329.0,
2026,2026-2027,529105,Universidade Federal de Lavras,Indicador,Geral,Total citations,posicao,1419.0,
2026,2026-2027,529105,Universidade Federal de Lavras,Indicador,Geral,Number of publications that are among the 10% most cited,posicao,1581.0,
2026,2026-2027,529105,Universidade Federal de Lavras,Indicador,Geral,Percentage of total publications that are among the 10% most cited,posicao,2346.0,
2026,2026-2027,529105,Universidade Federal de Lavras,Indicador,Geral,International collaboration - relative to country,posicao,1871.0,
2026,2026-2027,529105,Universidade Federal de Lavras,Indicador,Geral,International collaboration,posicao,1608.0,
2026,2026-2027,529105,Universidade Federal de Lavras,Indicador,Geral,Number of highly cited papers that are among the top 1% most cited,posicao,1783.0,
2026,2026-2027,529105,Universidade Federal de Lavras,Indicador,Geral,Percentage of highly cited papers that are among the top 1% most cited,posicao,2278.0,
2026,2026-2027,529105,Universidade Federal de Lavras,Indicador,Agricultural Sciences,Global research reputation,posicao,270.0,substituto
2026,2026-2027,529105,Universidade Federal de Lavras,Indicador,Agricultural Sciences,Regional research reputation,posicao,7.0,
2026,2026-2027,529105,Universidade Federal de Lavras,Indicador,Agricultural Sciences,Publications,posicao,43.0,
2026,2026-2027,529105,Universidade Federal de Lavras,Indicador,Agricultural Sciences,Normalized citation impact,posicao,503.0,
2026,2026-2027,529105,Universidade Federal de Lavras,Indicador,Agricultural Sciences,Total citations,posicao,147.0,
2026,2026-2027,529105,Universidade Federal de Lavras,Indicador,Agricultural Sciences,Number of publications that are among the 10% most cited,posicao,198.0,
2026,2026-2027,529105,Universidade Federal de Lavras,Indicador,Agricultural Sciences,Percentage of total publications that are among the 10% most cited,posicao,475.0,
2026,2026-2027,529105,Universidade Federal de Lavras,Indicador,Agricultural Sciences,International collaboration - relative to country,posicao,238.0,
2026,2026-2027,529105,Universidade Federal de Lavras,Indicador,Agricultural Sciences,International collaboration,posicao,405.0,
2026,2026-2027,529105,Universidade Federal de Lavras,Indicador,Agricultural Sciences,Number of highly cited papers that are among the top 1% most cited,posicao,413.0,
2026,2026-2027,529105,Universidade Federal de Lavras,Indicador,Agricultural Sciences,Percentage of highly cited papers that are among the top 1% most cited,posicao,506.0,
2026,2026-2027,529105,Universidade Federal de Lavras,Indicador,Environment/Ecology,Global research reputation,posicao,281.0,
2026,2026-2027,529105,Universidade Federal de Lavras,Indicador,Environment/Ecology,Regional research reputation,posicao,25.0,
2026,2026-2027,529105,Universidade Federal de Lavras,Indicador,Environment/Ecology,Publications,posicao,403.0,
2026,2026-2027,529105,Universidade Federal de Lavras,Indicador,Environment/Ecology,Normalized citation impact,posicao,895.0,
2026,2026-2027,529105,Universidade Federal de Lavras,Indicador,Environment/Ecology,Total citations,posicao,534.0,
2026,2026-2027,529105,Universidade Federal de Lavras,Indicador,Environment/Ecology,Number of publications that are among the 10% most cited,posicao,585.0,
2026,2026-2027,529105,Universidade Federal de Lavras,Indicador,Environment/Ecology,Percentage of total publications that are among the 10% most cited,posicao,849.0,
2026,2026-2027,529105,Universidade Federal de Lavras,Indicador,Environment/Ecology,International collaboration - relative to country,posicao,586.0,
2026,2026-2027,529105,Universidade Federal de Lavras,Indicador,Environment/Ecology,International collaboration,posicao,747.0,
2026,2026-2027,529105,Universidade Federal de Lavras,Indicador,Environment/Ecology,Number of highly cited papers that are among the top 1% most cited,posicao,790.0,
2026,2026-2027,529105,Universidade Federal de Lavras,Indicador,Environment/Ecology,Percentage of highly cited papers that are among the top 1% most cited,posicao,975.0,
2026,2026-2027,529105,Universidade Federal de Lavras,Indicador,Plant and Animal Science,Global research reputation,posicao,201.0,
2026,2026-2027,529105,Universidade Federal de Lavras,Indicador,Plant and Animal Science,Regional research reputation,posicao,7.0,
2026,2026-2027,529105,Universidade Federal de Lavras,Indicador,Plant and Animal Science,Publications,posicao,101.0,
2026,2026-2027,529105,Universidade Federal de Lavras,Indicador,Plant and Animal Science,Normalized citation impact,posicao,660.0,
2026,2026-2027,529105,Universidade Federal de Lavras,Indicador,Plant and Animal Science,Total citations,posicao,198.0,
2026,2026-2027,529105,Universidade Federal de Lavras,Indicador,Plant and Animal Science,Number of publications that are among the 10% most cited,posicao,289.0,
2026,2026-2027,529105,Universidade Federal de Lavras,Indicador,Plant and Animal Science,Percentage of total publications that are among the 10% most cited,posicao,630.0,
2026,2026-2027,529105,Universidade Federal de Lavras,Indicador,Plant and Animal Science,International collaboration - relative to country,posicao,463.0,
2026,2026-2027,529105,Universidade Federal de Lavras,Indicador,Plant and Animal Science,International collaboration,posicao,594.0,
2026,2026-2027,529105,Universidade Federal de Lavras,Indicador,Plant and Animal Science,Number of highly cited papers that are among the top 1% most cited,posicao,251.0,
2026,2026-2027,529105,Universidade Federal de Lavras,Indicador,Plant and Animal Science,Percentage of highly cited papers that are among the top 1% most cited,posicao,526.0,
2026,2026-2027,529586,Universidade Federal de Sergipe,Listagem,Geral,Best Universities in Brazil,posicao,32.0,
2026,2026-2027,529586,Universidade Federal de Sergipe,Listagem,Geral,Best Global Universities,posicao,1732.0,empate
2026,2026-2027,529586,Universidade Federal de Sergipe,Listagem,Geral,Global Score,score,25.4,
2026,2026-2027,529586,Universidade Federal de Sergipe,Listagem,Geral,Enrollment,valor,,sem dado
2026,2026-2027,529586,Universidade Federal de Sergipe,Perfil institucional,Geral,Total number of students,valor,,sem dado
2026,2026-2027,529586,Universidade Federal de Sergipe,Perfil institucional,Geral,Number of international students,valor,,sem dado
2026,2026-2027,529586,Universidade Federal de Sergipe,Perfil institucional,Geral,Total number of academic staff,valor,,sem dado
2026,2026-2027,529586,Universidade Federal de Sergipe,Perfil institucional,Geral,Number of international staff,valor,,sem dado
2026,2026-2027,529586,Universidade Federal de Sergipe,Perfil institucional,Geral,Number of undergraduate degrees awarded,valor,,sem dado
2026,2026-2027,529586,Universidade Federal de Sergipe,Perfil institucional,Geral,Number of master's degrees awarded,valor,,sem dado
2026,2026-2027,529586,Universidade Federal de Sergipe,Perfil institucional,Geral,Number of doctoral degrees awarded,valor,,sem dado
2026,2026-2027,529586,Universidade Federal de Sergipe,Perfil institucional,Geral,Number of research only staff,valor,,sem dado
2026,2026-2027,529586,Universidade Federal de Sergipe,Perfil institucional,Geral,Number of new undergraduate students,valor,,sem dado
2026,2026-2027,529586,Universidade Federal de Sergipe,Perfil institucional,Geral,Number of new master's students,valor,,sem dado
2026,2026-2027,529586,Universidade Federal de Sergipe,Perfil institucional,Geral,Number of new doctoral students,valor,,sem dado
2026,2026-2027,529586,Universidade Federal de Sergipe,Ranking geral,Geral,Global score,score,25.4,
2026,2026-2027,529586,Universidade Federal de Sergipe,Ranking geral,Geral,Best Global Universities,posicao,1732.0,empate
2026,2026-2027,529586,Universidade Federal de Sergipe,Ranking geral,Geral,Best Global Universities in Latin America,posicao,77.0,
2026,2026-2027,529586,Universidade Federal de Sergipe,Ranking geral,Geral,Best Global Universities in Brazil,posicao,32.0,
2026,2026-2027,529586,Universidade Federal de Sergipe,Ranking por area,Clinical Medicine,Posicao na area,posicao,925.0,empate
2026,2026-2027,529586,Universidade Federal de Sergipe,Ranking por area,Clinical Medicine,Score na area,score,30.0,
2026,2026-2027,529586,Universidade Federal de Sergipe,Ranking por area,Plant and Animal Science,Posicao na area,posicao,729.0,
2026,2026-2027,529586,Universidade Federal de Sergipe,Ranking por area,Plant and Animal Science,Score na area,score,18.6,
2026,2026-2027,529586,Universidade Federal de Sergipe,Indicador,Geral,Global research reputation,posicao,1535.0,
2026,2026-2027,529586,Universidade Federal de Sergipe,Indicador,Geral,Regional research reputation,posicao,109.0,
2026,2026-2027,529586,Universidade Federal de Sergipe,Indicador,Geral,Publications,posicao,1452.0,
2026,2026-2027,529586,Universidade Federal de Sergipe,Indicador,Geral,Books,posicao,1427.0,substituto
2026,2026-2027,529586,Universidade Federal de Sergipe,Indicador,Geral,Conferences,posicao,1614.0,
2026,2026-2027,529586,Universidade Federal de Sergipe,Indicador,Geral,Normalized citation impact,posicao,719.0,
2026,2026-2027,529586,Universidade Federal de Sergipe,Indicador,Geral,Total citations,posicao,1316.0,
2026,2026-2027,529586,Universidade Federal de Sergipe,Indicador,Geral,Number of publications that are among the 10% most cited,posicao,2108.0,
2026,2026-2027,529586,Universidade Federal de Sergipe,Indicador,Geral,Percentage of total publications that are among the 10% most cited,posicao,2375.0,
2026,2026-2027,529586,Universidade Federal de Sergipe,Indicador,Geral,International collaboration - relative to country,posicao,1789.0,
2026,2026-2027,529586,Universidade Federal de Sergipe,Indicador,Geral,International collaboration,posicao,1568.0,
2026,2026-2027,529586,Universidade Federal de Sergipe,Indicador,Geral,Number of highly cited papers that are among the top 1% most cited,posicao,1661.0,
2026,2026-2027,529586,Universidade Federal de Sergipe,Indicador,Geral,Percentage of highly cited papers that are among the top 1% most cited,posicao,1739.0,
2026,2026-2027,529586,Universidade Federal de Sergipe,Indicador,Clinical Medicine,Global research reputation,posicao,697.0,substituto
2026,2026-2027,529586,Universidade Federal de Sergipe,Indicador,Clinical Medicine,Regional research reputation,posicao,48.0,
2026,2026-2027,529586,Universidade Federal de Sergipe,Indicador,Clinical Medicine,Publications,posicao,1044.0,
2026,2026-2027,529586,Universidade Federal de Sergipe,Indicador,Clinical Medicine,Normalized citation impact,posicao,117.0,
2026,2026-2027,529586,Universidade Federal de Sergipe,Indicador,Clinical Medicine,Total citations,posicao,712.0,
2026,2026-2027,529586,Universidade Federal de Sergipe,Indicador,Clinical Medicine,Number of publications that are among the 10% most cited,posicao,1243.0,
2026,2026-2027,529586,Universidade Federal de Sergipe,Indicador,Clinical Medicine,Percentage of total publications that are among the 10% most cited,posicao,1286.0,
2026,2026-2027,529586,Universidade Federal de Sergipe,Indicador,Clinical Medicine,International collaboration - relative to country,posicao,1092.0,
2026,2026-2027,529586,Universidade Federal de Sergipe,Indicador,Clinical Medicine,International collaboration,posicao,868.0,
2026,2026-2027,529586,Universidade Federal de Sergipe,Indicador,Clinical Medicine,Number of highly cited papers that are among the top 1% most cited,posicao,838.0,
2026,2026-2027,529586,Universidade Federal de Sergipe,Indicador,Clinical Medicine,Percentage of highly cited papers that are among the top 1% most cited,posicao,399.0,
2026,2026-2027,529586,Universidade Federal de Sergipe,Indicador,Plant and Animal Science,Global research reputation,posicao,309.0,substituto
2026,2026-2027,529586,Universidade Federal de Sergipe,Indicador,Plant and Animal Science,Regional research reputation,posicao,43.0,substituto
2026,2026-2027,529586,Universidade Federal de Sergipe,Indicador,Plant and Animal Science,Publications,posicao,610.0,
2026,2026-2027,529586,Universidade Federal de Sergipe,Indicador,Plant and Animal Science,Normalized citation impact,posicao,670.0,
2026,2026-2027,529586,Universidade Federal de Sergipe,Indicador,Plant and Animal Science,Total citations,posicao,714.0,
2026,2026-2027,529586,Universidade Federal de Sergipe,Indicador,Plant and Animal Science,Number of publications that are among the 10% most cited,posicao,696.0,
2026,2026-2027,529586,Universidade Federal de Sergipe,Indicador,Plant and Animal Science,Percentage of total publications that are among the 10% most cited,posicao,641.0,
2026,2026-2027,529586,Universidade Federal de Sergipe,Indicador,Plant and Animal Science,International collaboration - relative to country,posicao,651.0,
2026,2026-2027,529586,Universidade Federal de Sergipe,Indicador,Plant and Animal Science,International collaboration,posicao,651.0,
2026,2026-2027,529586,Universidade Federal de Sergipe,Indicador,Plant and Animal Science,Number of highly cited papers that are among the top 1% most cited,posicao,620.0,
2026,2026-2027,529586,Universidade Federal de Sergipe,Indicador,Plant and Animal Science,Percentage of highly cited papers that are among the top 1% most cited,posicao,564.0,
2026,2026-2027,530198,Universidade Federal de Mato Grosso do Sul,Listagem,Geral,Best Universities in Brazil,posicao,33.0,
2026,2026-2027,530198,Universidade Federal de Mato Grosso do Sul,Listagem,Geral,Best Global Universities,posicao,1808.0,empate
2026,2026-2027,530198,Universidade Federal de Mato Grosso do Sul,Listagem,Geral,Global Score,score,24.1,
2026,2026-2027,530198,Universidade Federal de Mato Grosso do Sul,Listagem,Geral,Enrollment,valor,,sem dado
2026,2026-2027,530198,Universidade Federal de Mato Grosso do Sul,Perfil institucional,Geral,Total number of students,valor,,sem dado
2026,2026-2027,530198,Universidade Federal de Mato Grosso do Sul,Perfil institucional,Geral,Number of international students,valor,,sem dado
2026,2026-2027,530198,Universidade Federal de Mato Grosso do Sul,Perfil institucional,Geral,Total number of academic staff,valor,,sem dado
2026,2026-2027,530198,Universidade Federal de Mato Grosso do Sul,Perfil institucional,Geral,Number of international staff,valor,,sem dado
2026,2026-2027,530198,Universidade Federal de Mato Grosso do Sul,Perfil institucional,Geral,Number of undergraduate degrees awarded,valor,,sem dado
2026,2026-2027,530198,Universidade Federal de Mato Grosso do Sul,Perfil institucional,Geral,Number of master's degrees awarded,valor,,sem dado
2026,2026-2027,530198,Universidade Federal de Mato Grosso do Sul,Perfil institucional,Geral,Number of doctoral degrees awarded,valor,,sem dado
2026,2026-2027,530198,Universidade Federal de Mato Grosso do Sul,Perfil institucional,Geral,Number of research only staff,valor,,sem dado
2026,2026-2027,530198,Universidade Federal de Mato Grosso do Sul,Perfil institucional,Geral,Number of new undergraduate students,valor,,sem dado
2026,2026-2027,530198,Universidade Federal de Mato Grosso do Sul,Perfil institucional,Geral,Number of new master's students,valor,,sem dado
2026,2026-2027,530198,Universidade Federal de Mato Grosso do Sul,Perfil institucional,Geral,Number of new doctoral students,valor,,sem dado
2026,2026-2027,530198,Universidade Federal de Mato Grosso do Sul,Ranking geral,Geral,Global score,score,24.1,
2026,2026-2027,530198,Universidade Federal de Mato Grosso do Sul,Ranking geral,Geral,Best Global Universities,posicao,1808.0,empate
2026,2026-2027,530198,Universidade Federal de Mato Grosso do Sul,Ranking geral,Geral,Best Global Universities in Latin America,posicao,80.0,
2026,2026-2027,530198,Universidade Federal de Mato Grosso do Sul,Ranking geral,Geral,Best Global Universities in Brazil,posicao,33.0,
2026,2026-2027,530198,Universidade Federal de Mato Grosso do Sul,Ranking por area,Chemistry,Posicao na area,posicao,1363.0,empate
2026,2026-2027,530198,Universidade Federal de Mato Grosso do Sul,Ranking por area,Chemistry,Score na area,score,26.6,
2026,2026-2027,530198,Universidade Federal de Mato Grosso do Sul,Ranking por area,Environment/Ecology,Posicao na area,posicao,732.0,empate
2026,2026-2027,530198,Universidade Federal de Mato Grosso do Sul,Ranking por area,Environment/Ecology,Score na area,score,30.7,
2026,2026-2027,530198,Universidade Federal de Mato Grosso do Sul,Ranking por area,Physics,Posicao na area,posicao,641.0,empate
2026,2026-2027,530198,Universidade Federal de Mato Grosso do Sul,Ranking por area,Physics,Score na area,score,34.5,
2026,2026-2027,530198,Universidade Federal de Mato Grosso do Sul,Ranking por area,Plant and Animal Science,Posicao na area,posicao,522.0,empate
2026,2026-2027,530198,Universidade Federal de Mato Grosso do Sul,Ranking por area,Plant and Animal Science,Score na area,score,33.0,
2026,2026-2027,530198,Universidade Federal de Mato Grosso do Sul,Indicador,Geral,Global research reputation,posicao,1922.0,
2026,2026-2027,530198,Universidade Federal de Mato Grosso do Sul,Indicador,Geral,Regional research reputation,posicao,115.0,
2026,2026-2027,530198,Universidade Federal de Mato Grosso do Sul,Indicador,Geral,Publications,posicao,1066.0,
2026,2026-2027,530198,Universidade Federal de Mato Grosso do Sul,Indicador,Geral,Books,posicao,1276.0,
2026,2026-2027,530198,Universidade Federal de Mato Grosso do Sul,Indicador,Geral,Conferences,posicao,1514.0,
2026,2026-2027,530198,Universidade Federal de Mato Grosso do Sul,Indicador,Geral,Normalized citation impact,posicao,2178.0,
2026,2026-2027,530198,Universidade Federal de Mato Grosso do Sul,Indicador,Geral,Total citations,posicao,1346.0,
2026,2026-2027,530198,Universidade Federal de Mato Grosso do Sul,Indicador,Geral,Number of publications that are among the 10% most cited,posicao,1479.0,
2026,2026-2027,530198,Universidade Federal de Mato Grosso do Sul,Indicador,Geral,Percentage of total publications that are among the 10% most cited,posicao,2248.0,
2026,2026-2027,530198,Universidade Federal de Mato Grosso do Sul,Indicador,Geral,International collaboration - relative to country,posicao,1300.0,
2026,2026-2027,530198,Universidade Federal de Mato Grosso do Sul,Indicador,Geral,International collaboration,posicao,1375.0,
2026,2026-2027,530198,Universidade Federal de Mato Grosso do Sul,Indicador,Geral,Number of highly cited papers that are among the top 1% most cited,posicao,1357.0,
2026,2026-2027,530198,Universidade Federal de Mato Grosso do Sul,Indicador,Geral,Percentage of highly cited papers that are among the top 1% most cited,posicao,1822.0,
2026,2026-2027,530198,Universidade Federal de Mato Grosso do Sul,Indicador,Chemistry,Global research reputation,posicao,569.0,substituto
2026,2026-2027,530198,Universidade Federal de Mato Grosso do Sul,Indicador,Chemistry,Regional research reputation,posicao,43.0,substituto
2026,2026-2027,530198,Universidade Federal de Mato Grosso do Sul,Indicador,Chemistry,Publications,posicao,1453.0,
2026,2026-2027,530198,Universidade Federal de Mato Grosso do Sul,Indicador,Chemistry,Normalized citation impact,posicao,1065.0,
2026,2026-2027,530198,Universidade Federal de Mato Grosso do Sul,Indicador,Chemistry,Total citations,posicao,1434.0,
2026,2026-2027,530198,Universidade Federal de Mato Grosso do Sul,Indicador,Chemistry,Number of publications that are among the 10% most cited,posicao,1332.0,
2026,2026-2027,530198,Universidade Federal de Mato Grosso do Sul,Indicador,Chemistry,Percentage of total publications that are among the 10% most cited,posicao,990.0,
2026,2026-2027,530198,Universidade Federal de Mato Grosso do Sul,Indicador,Chemistry,International collaboration - relative to country,posicao,1136.0,
2026,2026-2027,530198,Universidade Federal de Mato Grosso do Sul,Indicador,Chemistry,International collaboration,posicao,992.0,
2026,2026-2027,530198,Universidade Federal de Mato Grosso do Sul,Indicador,Chemistry,Number of highly cited papers that are among the top 1% most cited,posicao,957.0,
2026,2026-2027,530198,Universidade Federal de Mato Grosso do Sul,Indicador,Chemistry,Percentage of highly cited papers that are among the top 1% most cited,posicao,506.0,
2026,2026-2027,530198,Universidade Federal de Mato Grosso do Sul,Indicador,Environment/Ecology,Global research reputation,posicao,281.0,substituto
2026,2026-2027,530198,Universidade Federal de Mato Grosso do Sul,Indicador,Environment/Ecology,Regional research reputation,posicao,25.0,substituto
2026,2026-2027,530198,Universidade Federal de Mato Grosso do Sul,Indicador,Environment/Ecology,Publications,posicao,526.0,
2026,2026-2027,530198,Universidade Federal de Mato Grosso do Sul,Indicador,Environment/Ecology,Normalized citation impact,posicao,918.0,
2026,2026-2027,530198,Universidade Federal de Mato Grosso do Sul,Indicador,Environment/Ecology,Total citations,posicao,671.0,
2026,2026-2027,530198,Universidade Federal de Mato Grosso do Sul,Indicador,Environment/Ecology,Number of publications that are among the 10% most cited,posicao,831.0,
2026,2026-2027,530198,Universidade Federal de Mato Grosso do Sul,Indicador,Environment/Ecology,Percentage of total publications that are among the 10% most cited,posicao,972.0,
2026,2026-2027,530198,Universidade Federal de Mato Grosso do Sul,Indicador,Environment/Ecology,International collaboration - relative to country,posicao,148.0,
2026,2026-2027,530198,Universidade Federal de Mato Grosso do Sul,Indicador,Environment/Ecology,International collaboration,posicao,615.0,
2026,2026-2027,530198,Universidade Federal de Mato Grosso do Sul,Indicador,Environment/Ecology,Number of highly cited papers that are among the top 1% most cited,posicao,578.0,
2026,2026-2027,530198,Universidade Federal de Mato Grosso do Sul,Indicador,Environment/Ecology,Percentage of highly cited papers that are among the top 1% most cited,posicao,662.0,
2026,2026-2027,530198,Universidade Federal de Mato Grosso do Sul,Indicador,Physics,Global research reputation,posicao,380.0,substituto
2026,2026-2027,530198,Universidade Federal de Mato Grosso do Sul,Indicador,Physics,Regional research reputation,posicao,28.0,substituto
2026,2026-2027,530198,Universidade Federal de Mato Grosso do Sul,Indicador,Physics,Publications,posicao,789.0,
2026,2026-2027,530198,Universidade Federal de Mato Grosso do Sul,Indicador,Physics,Normalized citation impact,posicao,337.0,
2026,2026-2027,530198,Universidade Federal de Mato Grosso do Sul,Indicador,Physics,Total citations,posicao,678.0,
2026,2026-2027,530198,Universidade Federal de Mato Grosso do Sul,Indicador,Physics,Number of publications that are among the 10% most cited,posicao,615.0,
2026,2026-2027,530198,Universidade Federal de Mato Grosso do Sul,Indicador,Physics,Percentage of total publications that are among the 10% most cited,posicao,197.0,
2026,2026-2027,530198,Universidade Federal de Mato Grosso do Sul,Indicador,Physics,International collaboration - relative to country,posicao,72.0,
2026,2026-2027,530198,Universidade Federal de Mato Grosso do Sul,Indicador,Physics,International collaboration,posicao,91.0,
2026,2026-2027,530198,Universidade Federal de Mato Grosso do Sul,Indicador,Physics,Number of highly cited papers that are among the top 1% most cited,posicao,804.0,
2026,2026-2027,530198,Universidade Federal de Mato Grosso do Sul,Indicador,Physics,Percentage of highly cited papers that are among the top 1% most cited,posicao,774.0,
2026,2026-2027,530198,Universidade Federal de Mato Grosso do Sul,Indicador,Plant and Animal Science,Global research reputation,posicao,309.0,substituto
2026,2026-2027,530198,Universidade Federal de Mato Grosso do Sul,Indicador,Plant and Animal Science,Regional research reputation,posicao,43.0,
2026,2026-2027,530198,Universidade Federal de Mato Grosso do Sul,Indicador,Plant and Animal Science,Publications,posicao,161.0,
2026,2026-2027,530198,Universidade Federal de Mato Grosso do Sul,Indicador,Plant and Animal Science,Normalized citation impact,posicao,696.0,
2026,2026-2027,530198,Universidade Federal de Mato Grosso do Sul,Indicador,Plant and Animal Science,Total citations,posicao,331.0,
2026,2026-2027,530198,Universidade Federal de Mato Grosso do Sul,Indicador,Plant and Animal Science,Number of publications that are among the 10% most cited,posicao,582.0,
2026,2026-2027,530198,Universidade Federal de Mato Grosso do Sul,Indicador,Plant and Animal Science,Percentage of total publications that are among the 10% most cited,posicao,747.0,
2026,2026-2027,530198,Universidade Federal de Mato Grosso do Sul,Indicador,Plant and Animal Science,International collaboration - relative to country,posicao,574.0,
2026,2026-2027,530198,Universidade Federal de Mato Grosso do Sul,Indicador,Plant and Animal Science,International collaboration,posicao,627.0,
2026,2026-2027,530198,Universidade Federal de Mato Grosso do Sul,Indicador,Plant and Animal Science,Number of highly cited papers that are among the top 1% most cited,posicao,363.0,
2026,2026-2027,530198,Universidade Federal de Mato Grosso do Sul,Indicador,Plant and Animal Science,Percentage of highly cited papers that are among the top 1% most cited,posicao,575.0,
2026,2026-2027,529672,Universidade Federal do Rio Grande,Listagem,Geral,Best Universities in Brazil,posicao,34.0,
2026,2026-2027,529672,Universidade Federal do Rio Grande,Listagem,Geral,Best Global Universities,posicao,1884.0,empate
2026,2026-2027,529672,Universidade Federal do Rio Grande,Listagem,Geral,Global Score,score,22.9,
2026,2026-2027,529672,Universidade Federal do Rio Grande,Listagem,Geral,Enrollment,valor,,sem dado
2026,2026-2027,529672,Universidade Federal do Rio Grande,Perfil institucional,Geral,Total number of students,valor,,sem dado
2026,2026-2027,529672,Universidade Federal do Rio Grande,Perfil institucional,Geral,Number of international students,valor,,sem dado
2026,2026-2027,529672,Universidade Federal do Rio Grande,Perfil institucional,Geral,Total number of academic staff,valor,,sem dado
2026,2026-2027,529672,Universidade Federal do Rio Grande,Perfil institucional,Geral,Number of international staff,valor,,sem dado
2026,2026-2027,529672,Universidade Federal do Rio Grande,Perfil institucional,Geral,Number of undergraduate degrees awarded,valor,,sem dado
2026,2026-2027,529672,Universidade Federal do Rio Grande,Perfil institucional,Geral,Number of master's degrees awarded,valor,,sem dado
2026,2026-2027,529672,Universidade Federal do Rio Grande,Perfil institucional,Geral,Number of doctoral degrees awarded,valor,,sem dado
2026,2026-2027,529672,Universidade Federal do Rio Grande,Perfil institucional,Geral,Number of research only staff,valor,,sem dado
2026,2026-2027,529672,Universidade Federal do Rio Grande,Perfil institucional,Geral,Number of new undergraduate students,valor,,sem dado
2026,2026-2027,529672,Universidade Federal do Rio Grande,Perfil institucional,Geral,Number of new master's students,valor,,sem dado
2026,2026-2027,529672,Universidade Federal do Rio Grande,Perfil institucional,Geral,Number of new doctoral students,valor,,sem dado
2026,2026-2027,529672,Universidade Federal do Rio Grande,Ranking geral,Geral,Global score,score,22.9,
2026,2026-2027,529672,Universidade Federal do Rio Grande,Ranking geral,Geral,Best Global Universities,posicao,1884.0,empate
2026,2026-2027,529672,Universidade Federal do Rio Grande,Ranking geral,Geral,Best Global Universities in Latin America,posicao,84.0,
2026,2026-2027,529672,Universidade Federal do Rio Grande,Ranking geral,Geral,Best Global Universities in Brazil,posicao,34.0,
2026,2026-2027,529672,Universidade Federal do Rio Grande,Ranking por area,Clinical Medicine,Posicao na area,posicao,940.0,empate
2026,2026-2027,529672,Universidade Federal do Rio Grande,Ranking por area,Clinical Medicine,Score na area,score,29.6,
2026,2026-2027,529672,Universidade Federal do Rio Grande,Ranking por area,Environment/Ecology,Posicao na area,posicao,851.0,empate
2026,2026-2027,529672,Universidade Federal do Rio Grande,Ranking por area,Environment/Ecology,Score na area,score,27.0,
2026,2026-2027,529672,Universidade Federal do Rio Grande,Ranking por area,Marine and Freshwater Biology,Posicao na area,posicao,72.0,
2026,2026-2027,529672,Universidade Federal do Rio Grande,Ranking por area,Marine and Freshwater Biology,Score na area,score,36.5,
2026,2026-2027,529672,Universidade Federal do Rio Grande,Ranking por area,Plant and Animal Science,Posicao na area,posicao,547.0,
2026,2026-2027,529672,Universidade Federal do Rio Grande,Ranking por area,Plant and Animal Science,Score na area,score,31.9,
2026,2026-2027,529672,Universidade Federal do Rio Grande,Indicador,Geral,Global research reputation,posicao,1922.0,substituto
2026,2026-2027,529672,Universidade Federal do Rio Grande,Indicador,Geral,Regional research reputation,posicao,115.0,
2026,2026-2027,529672,Universidade Federal do Rio Grande,Indicador,Geral,Publications,posicao,1381.0,
2026,2026-2027,529672,Universidade Federal do Rio Grande,Indicador,Geral,Books,posicao,1427.0,substituto
2026,2026-2027,529672,Universidade Federal do Rio Grande,Indicador,Geral,Conferences,posicao,1207.0,
2026,2026-2027,529672,Universidade Federal do Rio Grande,Indicador,Geral,Normalized citation impact,posicao,1574.0,
2026,2026-2027,529672,Universidade Federal do Rio Grande,Indicador,Geral,Total citations,posicao,1467.0,
2026,2026-2027,529672,Universidade Federal do Rio Grande,Indicador,Geral,Number of publications that are among the 10% most cited,posicao,1893.0,
2026,2026-2027,529672,Universidade Federal do Rio Grande,Indicador,Geral,Percentage of total publications that are among the 10% most cited,posicao,2278.0,
2026,2026-2027,529672,Universidade Federal do Rio Grande,Indicador,Geral,International collaboration - relative to country,posicao,1308.0,
2026,2026-2027,529672,Universidade Federal do Rio Grande,Indicador,Geral,International collaboration,posicao,1378.0,
2026,2026-2027,529672,Universidade Federal do Rio Grande,Indicador,Geral,Number of highly cited papers that are among the top 1% most cited,posicao,1635.0,
2026,2026-2027,529672,Universidade Federal do Rio Grande,Indicador,Geral,Percentage of highly cited papers that are among the top 1% most cited,posicao,1777.0,
2026,2026-2027,529672,Universidade Federal do Rio Grande,Indicador,Clinical Medicine,Global research reputation,posicao,697.0,substituto
2026,2026-2027,529672,Universidade Federal do Rio Grande,Indicador,Clinical Medicine,Regional research reputation,posicao,48.0,substituto
2026,2026-2027,529672,Universidade Federal do Rio Grande,Indicador,Clinical Medicine,Publications,posicao,1392.0,
2026,2026-2027,529672,Universidade Federal do Rio Grande,Indicador,Clinical Medicine,Normalized citation impact,posicao,68.0,
2026,2026-2027,529672,Universidade Federal do Rio Grande,Indicador,Clinical Medicine,Total citations,posicao,838.0,
2026,2026-2027,529672,Universidade Federal do Rio Grande,Indicador,Clinical Medicine,Number of publications that are among the 10% most cited,posicao,1353.0,
2026,2026-2027,529672,Universidade Federal do Rio Grande,Indicador,Clinical Medicine,Percentage of total publications that are among the 10% most cited,posicao,1127.0,
2026,2026-2027,529672,Universidade Federal do Rio Grande,Indicador,Clinical Medicine,International collaboration - relative to country,posicao,868.0,
2026,2026-2027,529672,Universidade Federal do Rio Grande,Indicador,Clinical Medicine,International collaboration,posicao,754.0,
2026,2026-2027,529672,Universidade Federal do Rio Grande,Indicador,Clinical Medicine,Number of highly cited papers that are among the top 1% most cited,posicao,964.0,
2026,2026-2027,529672,Universidade Federal do Rio Grande,Indicador,Clinical Medicine,Percentage of highly cited papers that are among the top 1% most cited,posicao,195.0,
2026,2026-2027,529672,Universidade Federal do Rio Grande,Indicador,Environment/Ecology,Global research reputation,posicao,281.0,substituto
2026,2026-2027,529672,Universidade Federal do Rio Grande,Indicador,Environment/Ecology,Regional research reputation,posicao,25.0,substituto
2026,2026-2027,529672,Universidade Federal do Rio Grande,Indicador,Environment/Ecology,Publications,posicao,479.0,
2026,2026-2027,529672,Universidade Federal do Rio Grande,Indicador,Environment/Ecology,Normalized citation impact,posicao,1033.0,
2026,2026-2027,529672,Universidade Federal do Rio Grande,Indicador,Environment/Ecology,Total citations,posicao,731.0,
2026,2026-2027,529672,Universidade Federal do Rio Grande,Indicador,Environment/Ecology,Number of publications that are among the 10% most cited,posicao,831.0,
2026,2026-2027,529672,Universidade Federal do Rio Grande,Indicador,Environment/Ecology,Percentage of total publications that are among the 10% most cited,posicao,998.0,
2026,2026-2027,529672,Universidade Federal do Rio Grande,Indicador,Environment/Ecology,International collaboration - relative to country,posicao,667.0,
2026,2026-2027,529672,Universidade Federal do Rio Grande,Indicador,Environment/Ecology,International collaboration,posicao,767.0,
2026,2026-2027,529672,Universidade Federal do Rio Grande,Indicador,Environment/Ecology,Number of highly cited papers that are among the top 1% most cited,posicao,790.0,
2026,2026-2027,529672,Universidade Federal do Rio Grande,Indicador,Environment/Ecology,Percentage of highly cited papers that are among the top 1% most cited,posicao,937.0,
2026,2026-2027,529672,Universidade Federal do Rio Grande,Indicador,Marine and Freshwater Biology,Publications,posicao,36.0,
2026,2026-2027,529672,Universidade Federal do Rio Grande,Indicador,Marine and Freshwater Biology,Conferences,posicao,11.0,substituto
2026,2026-2027,529672,Universidade Federal do Rio Grande,Indicador,Marine and Freshwater Biology,Normalized citation impact,posicao,110.0,
2026,2026-2027,529672,Universidade Federal do Rio Grande,Indicador,Marine and Freshwater Biology,Total citations,posicao,57.0,
2026,2026-2027,529672,Universidade Federal do Rio Grande,Indicador,Marine and Freshwater Biology,Number of publications that are among the 10% most cited,posicao,87.0,
2026,2026-2027,529672,Universidade Federal do Rio Grande,Indicador,Marine and Freshwater Biology,Percentage of total publications that are among the 10% most cited,posicao,113.0,
2026,2026-2027,529672,Universidade Federal do Rio Grande,Indicador,Marine and Freshwater Biology,International collaboration - relative to country,posicao,34.0,
2026,2026-2027,529672,Universidade Federal do Rio Grande,Indicador,Marine and Freshwater Biology,International collaboration,posicao,94.0,
2026,2026-2027,529672,Universidade Federal do Rio Grande,Indicador,Marine and Freshwater Biology,Number of highly cited papers that are among the top 1% most cited,posicao,32.0,
2026,2026-2027,529672,Universidade Federal do Rio Grande,Indicador,Marine and Freshwater Biology,Percentage of highly cited papers that are among the top 1% most cited,posicao,40.0,
2026,2026-2027,529672,Universidade Federal do Rio Grande,Indicador,Plant and Animal Science,Global research reputation,posicao,309.0,substituto
2026,2026-2027,529672,Universidade Federal do Rio Grande,Indicador,Plant and Animal Science,Regional research reputation,posicao,43.0,substituto
2026,2026-2027,529672,Universidade Federal do Rio Grande,Indicador,Plant and Animal Science,Publications,posicao,359.0,
2026,2026-2027,529672,Universidade Federal do Rio Grande,Indicador,Plant and Animal Science,Normalized citation impact,posicao,602.0,
2026,2026-2027,529672,Universidade Federal do Rio Grande,Indicador,Plant and Animal Science,Total citations,posicao,483.0,
2026,2026-2027,529672,Universidade Federal do Rio Grande,Indicador,Plant and Animal Science,Number of publications that are among the 10% most cited,posicao,597.0,
2026,2026-2027,529672,Universidade Federal do Rio Grande,Indicador,Plant and Animal Science,Percentage of total publications that are among the 10% most cited,posicao,648.0,
2026,2026-2027,529672,Universidade Federal do Rio Grande,Indicador,Plant and Animal Science,International collaboration - relative to country,posicao,75.0,
2026,2026-2027,529672,Universidade Federal do Rio Grande,Indicador,Plant and Animal Science,International collaboration,posicao,475.0,
2026,2026-2027,529672,Universidade Federal do Rio Grande,Indicador,Plant and Animal Science,Number of highly cited papers that are among the top 1% most cited,posicao,399.0,
2026,2026-2027,529672,Universidade Federal do Rio Grande,Indicador,Plant and Animal Science,Percentage of highly cited papers that are among the top 1% most cited,posicao,410.0,
2026,2026-2027,529115,Universidade Estadual de Londrina,Listagem,Geral,Best Universities in Brazil,posicao,35.0,
2026,2026-2027,529115,Universidade Estadual de Londrina,Listagem,Geral,Best Global Universities,posicao,1938.0,empate
2026,2026-2027,529115,Universidade Estadual de Londrina,Listagem,Geral,Global Score,score,21.9,
2026,2026-2027,529115,Universidade Estadual de Londrina,Listagem,Geral,Enrollment,valor,,sem dado
2026,2026-2027,529115,Universidade Estadual de Londrina,Perfil institucional,Geral,Total number of students,valor,,sem dado
2026,2026-2027,529115,Universidade Estadual de Londrina,Perfil institucional,Geral,Number of international students,valor,,sem dado
2026,2026-2027,529115,Universidade Estadual de Londrina,Perfil institucional,Geral,Total number of academic staff,valor,,sem dado
2026,2026-2027,529115,Universidade Estadual de Londrina,Perfil institucional,Geral,Number of international staff,valor,,sem dado
2026,2026-2027,529115,Universidade Estadual de Londrina,Perfil institucional,Geral,Number of undergraduate degrees awarded,valor,,sem dado
2026,2026-2027,529115,Universidade Estadual de Londrina,Perfil institucional,Geral,Number of master's degrees awarded,valor,,sem dado
2026,2026-2027,529115,Universidade Estadual de Londrina,Perfil institucional,Geral,Number of doctoral degrees awarded,valor,,sem dado
2026,2026-2027,529115,Universidade Estadual de Londrina,Perfil institucional,Geral,Number of research only staff,valor,,sem dado
2026,2026-2027,529115,Universidade Estadual de Londrina,Perfil institucional,Geral,Number of new undergraduate students,valor,,sem dado
2026,2026-2027,529115,Universidade Estadual de Londrina,Perfil institucional,Geral,Number of new master's students,valor,,sem dado
2026,2026-2027,529115,Universidade Estadual de Londrina,Perfil institucional,Geral,Number of new doctoral students,valor,,sem dado
2026,2026-2027,529115,Universidade Estadual de Londrina,Ranking geral,Geral,Global score,score,21.9,
2026,2026-2027,529115,Universidade Estadual de Londrina,Ranking geral,Geral,Best Global Universities,posicao,1938.0,empate
2026,2026-2027,529115,Universidade Estadual de Londrina,Ranking geral,Geral,Best Global Universities in Latin America,posicao,85.0,empate
2026,2026-2027,529115,Universidade Estadual de Londrina,Ranking geral,Geral,Best Global Universities in Brazil,posicao,35.0,
2026,2026-2027,529115,Universidade Estadual de Londrina,Ranking por area,Agricultural Sciences,Posicao na area,posicao,494.0,empate
2026,2026-2027,529115,Universidade Estadual de Londrina,Ranking por area,Agricultural Sciences,Score na area,score,20.9,
2026,2026-2027,529115,Universidade Estadual de Londrina,Ranking por area,Clinical Medicine,Posicao na area,posicao,1180.0,empate
2026,2026-2027,529115,Universidade Estadual de Londrina,Ranking por area,Clinical Medicine,Score na area,score,22.6,
2026,2026-2027,529115,Universidade Estadual de Londrina,Ranking por area,Plant and Animal Science,Posicao na area,posicao,658.0,empate
2026,2026-2027,529115,Universidade Estadual de Londrina,Ranking por area,Plant and Animal Science,Score na area,score,25.7,
2026,2026-2027,529115,Universidade Estadual de Londrina,Indicador,Geral,Global research reputation,posicao,1151.0,
2026,2026-2027,529115,Universidade Estadual de Londrina,Indicador,Geral,Regional research reputation,posicao,81.0,
2026,2026-2027,529115,Universidade Estadual de Londrina,Indicador,Geral,Publications,posicao,1241.0,
2026,2026-2027,529115,Universidade Estadual de Londrina,Indicador,Geral,Books,posicao,1427.0,substituto
2026,2026-2027,529115,Universidade Estadual de Londrina,Indicador,Geral,Conferences,posicao,1854.0,
2026,2026-2027,529115,Universidade Estadual de Londrina,Indicador,Geral,Normalized citation impact,posicao,2363.0,
2026,2026-2027,529115,Universidade Estadual de Londrina,Indicador,Geral,Total citations,posicao,1710.0,
2026,2026-2027,529115,Universidade Estadual de Londrina,Indicador,Geral,Number of publications that are among the 10% most cited,posicao,1901.0,
2026,2026-2027,529115,Universidade Estadual de Londrina,Indicador,Geral,Percentage of total publications that are among the 10% most cited,posicao,2369.0,
2026,2026-2027,529115,Universidade Estadual de Londrina,Indicador,Geral,International collaboration - relative to country,posicao,2090.0,
2026,2026-2027,529115,Universidade Estadual de Londrina,Indicador,Geral,International collaboration,posicao,1733.0,
2026,2026-2027,529115,Universidade Estadual de Londrina,Indicador,Geral,Number of highly cited papers that are among the top 1% most cited,posicao,2142.0,
2026,2026-2027,529115,Universidade Estadual de Londrina,Indicador,Geral,Percentage of highly cited papers that are among the top 1% most cited,posicao,2385.0,
2026,2026-2027,529115,Universidade Estadual de Londrina,Indicador,Agricultural Sciences,Global research reputation,posicao,270.0,
2026,2026-2027,529115,Universidade Estadual de Londrina,Indicador,Agricultural Sciences,Regional research reputation,posicao,29.0,
2026,2026-2027,529115,Universidade Estadual de Londrina,Indicador,Agricultural Sciences,Publications,posicao,168.0,
2026,2026-2027,529115,Universidade Estadual de Londrina,Indicador,Agricultural Sciences,Normalized citation impact,posicao,508.0,
2026,2026-2027,529115,Universidade Estadual de Londrina,Indicador,Agricultural Sciences,Total citations,posicao,358.0,
2026,2026-2027,529115,Universidade Estadual de Londrina,Indicador,Agricultural Sciences,Number of publications that are among the 10% most cited,posicao,434.0,
2026,2026-2027,529115,Universidade Estadual de Londrina,Indicador,Agricultural Sciences,Percentage of total publications that are among the 10% most cited,posicao,504.0,
2026,2026-2027,529115,Universidade Estadual de Londrina,Indicador,Agricultural Sciences,International collaboration - relative to country,posicao,504.0,
2026,2026-2027,529115,Universidade Estadual de Londrina,Indicador,Agricultural Sciences,International collaboration,posicao,498.0,
2026,2026-2027,529115,Universidade Estadual de Londrina,Indicador,Agricultural Sciences,Number of highly cited papers that are among the top 1% most cited,posicao,413.0,
2026,2026-2027,529115,Universidade Estadual de Londrina,Indicador,Agricultural Sciences,Percentage of highly cited papers that are among the top 1% most cited,posicao,481.0,
2026,2026-2027,529115,Universidade Estadual de Londrina,Indicador,Clinical Medicine,Global research reputation,posicao,697.0,
2026,2026-2027,529115,Universidade Estadual de Londrina,Indicador,Clinical Medicine,Regional research reputation,posicao,35.0,
2026,2026-2027,529115,Universidade Estadual de Londrina,Indicador,Clinical Medicine,Publications,posicao,965.0,
2026,2026-2027,529115,Universidade Estadual de Londrina,Indicador,Clinical Medicine,Normalized citation impact,posicao,1307.0,
2026,2026-2027,529115,Universidade Estadual de Londrina,Indicador,Clinical Medicine,Total citations,posicao,1232.0,
2026,2026-2027,529115,Universidade Estadual de Londrina,Indicador,Clinical Medicine,Number of publications that are among the 10% most cited,posicao,1211.0,
2026,2026-2027,529115,Universidade Estadual de Londrina,Indicador,Clinical Medicine,Percentage of total publications that are among the 10% most cited,posicao,1303.0,
2026,2026-2027,529115,Universidade Estadual de Londrina,Indicador,Clinical Medicine,International collaboration - relative to country,posicao,345.0,
2026,2026-2027,529115,Universidade Estadual de Londrina,Indicador,Clinical Medicine,International collaboration,posicao,583.0,
2026,2026-2027,529115,Universidade Estadual de Londrina,Indicador,Clinical Medicine,Number of highly cited papers that are among the top 1% most cited,posicao,1181.0,
2026,2026-2027,529115,Universidade Estadual de Londrina,Indicador,Clinical Medicine,Percentage of highly cited papers that are among the top 1% most cited,posicao,1177.0,
2026,2026-2027,529115,Universidade Estadual de Londrina,Indicador,Plant and Animal Science,Global research reputation,posicao,256.0,
2026,2026-2027,529115,Universidade Estadual de Londrina,Indicador,Plant and Animal Science,Regional research reputation,posicao,24.0,
2026,2026-2027,529115,Universidade Estadual de Londrina,Indicador,Plant and Animal Science,Publications,posicao,330.0,
2026,2026-2027,529115,Universidade Estadual de Londrina,Indicador,Plant and Animal Science,Normalized citation impact,posicao,744.0,
2026,2026-2027,529115,Universidade Estadual de Londrina,Indicador,Plant and Animal Science,Total citations,posicao,592.0,
2026,2026-2027,529115,Universidade Estadual de Londrina,Indicador,Plant and Animal Science,Number of publications that are among the 10% most cited,posicao,672.0,
2026,2026-2027,529115,Universidade Estadual de Londrina,Indicador,Plant and Animal Science,Percentage of total publications that are among the 10% most cited,posicao,725.0,
2026,2026-2027,529115,Universidade Estadual de Londrina,Indicador,Plant and Animal Science,International collaboration - relative to country,posicao,689.0,
2026,2026-2027,529115,Universidade Estadual de Londrina,Indicador,Plant and Animal Science,International collaboration,posicao,665.0,
2026,2026-2027,529115,Universidade Estadual de Londrina,Indicador,Plant and Animal Science,Number of highly cited papers that are among the top 1% most cited,posicao,663.0,
2026,2026-2027,529115,Universidade Estadual de Londrina,Indicador,Plant and Animal Science,Percentage of highly cited papers that are among the top 1% most cited,posicao,717.0,
2026,2026-2027,529117,Universidade Estadual de Maringa,Listagem,Geral,Best Universities in Brazil,posicao,36.0,
2026,2026-2027,529117,Universidade Estadual de Maringa,Listagem,Geral,Best Global Universities,posicao,1960.0,empate
2026,2026-2027,529117,Universidade Estadual de Maringa,Listagem,Geral,Global Score,score,21.4,
2026,2026-2027,529117,Universidade Estadual de Maringa,Listagem,Geral,Enrollment,valor,22170.0,
2026,2026-2027,529117,Universidade Estadual de Maringa,Perfil institucional,Geral,Total number of students,valor,22170.0,
2026,2026-2027,529117,Universidade Estadual de Maringa,Perfil institucional,Geral,Number of international students,valor,134.0,
2026,2026-2027,529117,Universidade Estadual de Maringa,Perfil institucional,Geral,Total number of academic staff,valor,1897.0,
2026,2026-2027,529117,Universidade Estadual de Maringa,Perfil institucional,Geral,Number of international staff,valor,17.0,
2026,2026-2027,529117,Universidade Estadual de Maringa,Perfil institucional,Geral,Number of undergraduate degrees awarded,valor,1975.0,
2026,2026-2027,529117,Universidade Estadual de Maringa,Perfil institucional,Geral,Number of master's degrees awarded,valor,459.0,
2026,2026-2027,529117,Universidade Estadual de Maringa,Perfil institucional,Geral,Number of doctoral degrees awarded,valor,225.0,
2026,2026-2027,529117,Universidade Estadual de Maringa,Perfil institucional,Geral,Number of research only staff,valor,605.0,
2026,2026-2027,529117,Universidade Estadual de Maringa,Perfil institucional,Geral,Number of new undergraduate students,valor,4315.0,
2026,2026-2027,529117,Universidade Estadual de Maringa,Perfil institucional,Geral,Number of new master's students,valor,1396.0,
2026,2026-2027,529117,Universidade Estadual de Maringa,Perfil institucional,Geral,Number of new doctoral students,valor,492.0,
2026,2026-2027,529117,Universidade Estadual de Maringa,Ranking geral,Geral,Global score,score,21.4,
2026,2026-2027,529117,Universidade Estadual de Maringa,Ranking geral,Geral,Best Global Universities,posicao,1960.0,empate
2026,2026-2027,529117,Universidade Estadual de Maringa,Ranking geral,Geral,Best Global Universities in Latin America,posicao,87.0,
2026,2026-2027,529117,Universidade Estadual de Maringa,Ranking geral,Geral,Best Global Universities in Brazil,posicao,36.0,
2026,2026-2027,529117,Universidade Estadual de Maringa,Ranking por area,Chemistry,Posicao na area,posicao,1321.0,empate
2026,2026-2027,529117,Universidade Estadual de Maringa,Ranking por area,Chemistry,Score na area,score,27.4,
2026,2026-2027,529117,Universidade Estadual de Maringa,Ranking por area,Environment/Ecology,Posicao na area,posicao,911.0,empate
2026,2026-2027,529117,Universidade Estadual de Maringa,Ranking por area,Environment/Ecology,Score na area,score,25.0,
2026,2026-2027,529117,Universidade Estadual de Maringa,Ranking por area,Plant and Animal Science,Posicao na area,posicao,570.0,empate
2026,2026-2027,529117,Universidade Estadual de Maringa,Ranking por area,Plant and Animal Science,Score na area,score,30.4,
2026,2026-2027,529117,Universidade Estadual de Maringa,Indicador,Geral,Global research reputation,posicao,1007.0,
2026,2026-2027,529117,Universidade Estadual de Maringa,Indicador,Geral,Regional research reputation,posicao,69.0,
2026,2026-2027,529117,Universidade Estadual de Maringa,Indicador,Geral,Publications,posicao,1141.0,
2026,2026-2027,529117,Universidade Estadual de Maringa,Indicador,Geral,Books,posicao,1276.0,
2026,2026-2027,529117,Universidade Estadual de Maringa,Indicador,Geral,Conferences,posicao,1569.0,
2026,2026-2027,529117,Universidade Estadual de Maringa,Indicador,Geral,Normalized citation impact,posicao,2414.0,
2026,2026-2027,529117,Universidade Estadual de Maringa,Indicador,Geral,Total citations,posicao,1699.0,
2026,2026-2027,529117,Universidade Estadual de Maringa,Indicador,Geral,Number of publications that are among the 10% most cited,posicao,2070.0,
2026,2026-2027,529117,Universidade Estadual de Maringa,Indicador,Geral,Percentage of total publications that are among the 10% most cited,posicao,2422.0,
2026,2026-2027,529117,Universidade Estadual de Maringa,Indicador,Geral,International collaboration - relative to country,posicao,2174.0,
2026,2026-2027,529117,Universidade Estadual de Maringa,Indicador,Geral,International collaboration,posicao,1798.0,
2026,2026-2027,529117,Universidade Estadual de Maringa,Indicador,Geral,Number of highly cited papers that are among the top 1% most cited,posicao,2063.0,
2026,2026-2027,529117,Universidade Estadual de Maringa,Indicador,Geral,Percentage of highly cited papers that are among the top 1% most cited,posicao,2381.0,
2026,2026-2027,529117,Universidade Estadual de Maringa,Indicador,Chemistry,Global research reputation,posicao,315.0,
2026,2026-2027,529117,Universidade Estadual de Maringa,Indicador,Chemistry,Regional research reputation,posicao,31.0,
2026,2026-2027,529117,Universidade Estadual de Maringa,Indicador,Chemistry,Publications,posicao,1046.0,
2026,2026-2027,529117,Universidade Estadual de Maringa,Indicador,Chemistry,Normalized citation impact,posicao,1552.0,
2026,2026-2027,529117,Universidade Estadual de Maringa,Indicador,Chemistry,Total citations,posicao,1398.0,
2026,2026-2027,529117,Universidade Estadual de Maringa,Indicador,Chemistry,Number of publications that are among the 10% most cited,posicao,1411.0,
2026,2026-2027,529117,Universidade Estadual de Maringa,Indicador,Chemistry,Percentage of total publications that are among the 10% most cited,posicao,1461.0,
2026,2026-2027,529117,Universidade Estadual de Maringa,Indicador,Chemistry,International collaboration - relative to country,posicao,1484.0,
2026,2026-2027,529117,Universidade Estadual de Maringa,Indicador,Chemistry,International collaboration,posicao,1179.0,
2026,2026-2027,529117,Universidade Estadual de Maringa,Indicador,Chemistry,Number of highly cited papers that are among the top 1% most cited,posicao,1352.0,
2026,2026-2027,529117,Universidade Estadual de Maringa,Indicador,Chemistry,Percentage of highly cited papers that are among the top 1% most cited,posicao,1452.0,
2026,2026-2027,529117,Universidade Estadual de Maringa,Indicador,Environment/Ecology,Global research reputation,posicao,170.0,
2026,2026-2027,529117,Universidade Estadual de Maringa,Indicador,Environment/Ecology,Regional research reputation,posicao,16.0,
2026,2026-2027,529117,Universidade Estadual de Maringa,Indicador,Environment/Ecology,Publications,posicao,822.0,
2026,2026-2027,529117,Universidade Estadual de Maringa,Indicador,Environment/Ecology,Normalized citation impact,posicao,1034.0,
2026,2026-2027,529117,Universidade Estadual de Maringa,Indicador,Environment/Ecology,Total citations,posicao,1000.0,
2026,2026-2027,529117,Universidade Estadual de Maringa,Indicador,Environment/Ecology,Number of publications that are among the 10% most cited,posicao,1023.0,
2026,2026-2027,529117,Universidade Estadual de Maringa,Indicador,Environment/Ecology,Percentage of total publications that are among the 10% most cited,posicao,1022.0,
2026,2026-2027,529117,Universidade Estadual de Maringa,Indicador,Environment/Ecology,International collaboration - relative to country,posicao,1024.0,
2026,2026-2027,529117,Universidade Estadual de Maringa,Indicador,Environment/Ecology,International collaboration,posicao,881.0,
2026,2026-2027,529117,Universidade Estadual de Maringa,Indicador,Environment/Ecology,Number of highly cited papers that are among the top 1% most cited,posicao,879.0,
2026,2026-2027,529117,Universidade Estadual de Maringa,Indicador,Environment/Ecology,Percentage of highly cited papers that are among the top 1% most cited,posicao,861.0,
2026,2026-2027,529117,Universidade Estadual de Maringa,Indicador,Plant and Animal Science,Global research reputation,posicao,309.0,substituto
2026,2026-2027,529117,Universidade Estadual de Maringa,Indicador,Plant and Animal Science,Regional research reputation,posicao,24.0,
2026,2026-2027,529117,Universidade Estadual de Maringa,Indicador,Plant and Animal Science,Publications,posicao,291.0,
2026,2026-2027,529117,Universidade Estadual de Maringa,Indicador,Plant and Animal Science,Normalized citation impact,posicao,677.0,
2026,2026-2027,529117,Universidade Estadual de Maringa,Indicador,Plant and Animal Science,Total citations,posicao,481.0,
2026,2026-2027,529117,Universidade Estadual de Maringa,Indicador,Plant and Animal Science,Number of publications that are among the 10% most cited,posicao,559.0,
2026,2026-2027,529117,Universidade Estadual de Maringa,Indicador,Plant and Animal Science,Percentage of total publications that are among the 10% most cited,posicao,665.0,
2026,2026-2027,529117,Universidade Estadual de Maringa,Indicador,Plant and Animal Science,International collaboration - relative to country,posicao,633.0,
2026,2026-2027,529117,Universidade Estadual de Maringa,Indicador,Plant and Animal Science,International collaboration,posicao,642.0,
2026,2026-2027,529117,Universidade Estadual de Maringa,Indicador,Plant and Animal Science,Number of highly cited papers that are among the top 1% most cited,posicao,483.0,
2026,2026-2027,529117,Universidade Estadual de Maringa,Indicador,Plant and Animal Science,Percentage of highly cited papers that are among the top 1% most cited,posicao,561.0,
2026,2026-2027,529468,Universidade Federal de Mato Grosso,Listagem,Geral,Best Universities in Brazil,posicao,37.0,
2026,2026-2027,529468,Universidade Federal de Mato Grosso,Listagem,Geral,Best Global Universities,posicao,1980.0,empate
2026,2026-2027,529468,Universidade Federal de Mato Grosso,Listagem,Geral,Global Score,score,21.1,
2026,2026-2027,529468,Universidade Federal de Mato Grosso,Listagem,Geral,Enrollment,valor,,sem dado
2026,2026-2027,529468,Universidade Federal de Mato Grosso,Perfil institucional,Geral,Total number of students,valor,,sem dado
2026,2026-2027,529468,Universidade Federal de Mato Grosso,Perfil institucional,Geral,Number of international students,valor,,sem dado
2026,2026-2027,529468,Universidade Federal de Mato Grosso,Perfil institucional,Geral,Total number of academic staff,valor,,sem dado
2026,2026-2027,529468,Universidade Federal de Mato Grosso,Perfil institucional,Geral,Number of international staff,valor,,sem dado
2026,2026-2027,529468,Universidade Federal de Mato Grosso,Perfil institucional,Geral,Number of undergraduate degrees awarded,valor,,sem dado
2026,2026-2027,529468,Universidade Federal de Mato Grosso,Perfil institucional,Geral,Number of master's degrees awarded,valor,,sem dado
2026,2026-2027,529468,Universidade Federal de Mato Grosso,Perfil institucional,Geral,Number of doctoral degrees awarded,valor,,sem dado
2026,2026-2027,529468,Universidade Federal de Mato Grosso,Perfil institucional,Geral,Number of research only staff,valor,,sem dado
2026,2026-2027,529468,Universidade Federal de Mato Grosso,Perfil institucional,Geral,Number of new undergraduate students,valor,,sem dado
2026,2026-2027,529468,Universidade Federal de Mato Grosso,Perfil institucional,Geral,Number of new master's students,valor,,sem dado
2026,2026-2027,529468,Universidade Federal de Mato Grosso,Perfil institucional,Geral,Number of new doctoral students,valor,,sem dado
2026,2026-2027,529468,Universidade Federal de Mato Grosso,Ranking geral,Geral,Global score,score,21.1,
2026,2026-2027,529468,Universidade Federal de Mato Grosso,Ranking geral,Geral,Best Global Universities,posicao,1980.0,empate
2026,2026-2027,529468,Universidade Federal de Mato Grosso,Ranking geral,Geral,Best Global Universities in Latin America,posicao,88.0,empate
2026,2026-2027,529468,Universidade Federal de Mato Grosso,Ranking geral,Geral,Best Global Universities in Brazil,posicao,37.0,
2026,2026-2027,529468,Universidade Federal de Mato Grosso,Ranking por area,Environment/Ecology,Posicao na area,posicao,794.0,empate
2026,2026-2027,529468,Universidade Federal de Mato Grosso,Ranking por area,Environment/Ecology,Score na area,score,28.8,
2026,2026-2027,529468,Universidade Federal de Mato Grosso,Ranking por area,Plant and Animal Science,Posicao na area,posicao,522.0,empate
2026,2026-2027,529468,Universidade Federal de Mato Grosso,Ranking por area,Plant and Animal Science,Score na area,score,33.0,
2026,2026-2027,529468,Universidade Federal de Mato Grosso,Indicador,Geral,Global research reputation,posicao,1839.0,
2026,2026-2027,529468,Universidade Federal de Mato Grosso,Indicador,Geral,Regional research reputation,posicao,93.0,
2026,2026-2027,529468,Universidade Federal de Mato Grosso,Indicador,Geral,Publications,posicao,1487.0,
2026,2026-2027,529468,Universidade Federal de Mato Grosso,Indicador,Geral,Books,posicao,1427.0,
2026,2026-2027,529468,Universidade Federal de Mato Grosso,Indicador,Geral,Conferences,posicao,1823.0,
2026,2026-2027,529468,Universidade Federal de Mato Grosso,Indicador,Geral,Normalized citation impact,posicao,2256.0,
2026,2026-2027,529468,Universidade Federal de Mato Grosso,Indicador,Geral,Total citations,posicao,1834.0,
2026,2026-2027,529468,Universidade Federal de Mato Grosso,Indicador,Geral,Number of publications that are among the 10% most cited,posicao,2089.0,
2026,2026-2027,529468,Universidade Federal de Mato Grosso,Indicador,Geral,Percentage of total publications that are among the 10% most cited,posicao,2350.0,
2026,2026-2027,529468,Universidade Federal de Mato Grosso,Indicador,Geral,International collaboration - relative to country,posicao,1156.0,
2026,2026-2027,529468,Universidade Federal de Mato Grosso,Indicador,Geral,International collaboration,posicao,1330.0,
2026,2026-2027,529468,Universidade Federal de Mato Grosso,Indicador,Geral,Number of highly cited papers that are among the top 1% most cited,posicao,1857.0,
2026,2026-2027,529468,Universidade Federal de Mato Grosso,Indicador,Geral,Percentage of highly cited papers that are among the top 1% most cited,posicao,2001.0,
2026,2026-2027,529468,Universidade Federal de Mato Grosso,Indicador,Environment/Ecology,Global research reputation,posicao,281.0,substituto
2026,2026-2027,529468,Universidade Federal de Mato Grosso,Indicador,Environment/Ecology,Regional research reputation,posicao,25.0,substituto
2026,2026-2027,529468,Universidade Federal de Mato Grosso,Indicador,Environment/Ecology,Publications,posicao,753.0,
2026,2026-2027,529468,Universidade Federal de Mato Grosso,Indicador,Environment/Ecology,Normalized citation impact,posicao,779.0,
2026,2026-2027,529468,Universidade Federal de Mato Grosso,Indicador,Environment/Ecology,Total citations,posicao,807.0,
2026,2026-2027,529468,Universidade Federal de Mato Grosso,Indicador,Environment/Ecology,Number of publications that are among the 10% most cited,posicao,861.0,
2026,2026-2027,529468,Universidade Federal de Mato Grosso,Indicador,Environment/Ecology,Percentage of total publications that are among the 10% most cited,posicao,840.0,
2026,2026-2027,529468,Universidade Federal de Mato Grosso,Indicador,Environment/Ecology,International collaboration - relative to country,posicao,109.0,
2026,2026-2027,529468,Universidade Federal de Mato Grosso,Indicador,Environment/Ecology,International collaboration,posicao,572.0,
2026,2026-2027,529468,Universidade Federal de Mato Grosso,Indicador,Environment/Ecology,Number of highly cited papers that are among the top 1% most cited,posicao,713.0,
2026,2026-2027,529468,Universidade Federal de Mato Grosso,Indicador,Environment/Ecology,Percentage of highly cited papers that are among the top 1% most cited,posicao,662.0,
2026,2026-2027,529468,Universidade Federal de Mato Grosso,Indicador,Plant and Animal Science,Global research reputation,posicao,309.0,
2026,2026-2027,529468,Universidade Federal de Mato Grosso,Indicador,Plant and Animal Science,Regional research reputation,posicao,24.0,
2026,2026-2027,529468,Universidade Federal de Mato Grosso,Indicador,Plant and Animal Science,Publications,posicao,286.0,
2026,2026-2027,529468,Universidade Federal de Mato Grosso,Indicador,Plant and Animal Science,Normalized citation impact,posicao,618.0,
2026,2026-2027,529468,Universidade Federal de Mato Grosso,Indicador,Plant and Animal Science,Total citations,posicao,422.0,
2026,2026-2027,529468,Universidade Federal de Mato Grosso,Indicador,Plant and Animal Science,Number of publications that are among the 10% most cited,posicao,644.0,
2026,2026-2027,529468,Universidade Federal de Mato Grosso,Indicador,Plant and Animal Science,Percentage of total publications that are among the 10% most cited,posicao,717.0,
2026,2026-2027,529468,Universidade Federal de Mato Grosso,Indicador,Plant and Animal Science,International collaboration - relative to country,posicao,371.0,
2026,2026-2027,529468,Universidade Federal de Mato Grosso,Indicador,Plant and Animal Science,International collaboration,posicao,571.0,
2026,2026-2027,529468,Universidade Federal de Mato Grosso,Indicador,Plant and Animal Science,Number of highly cited papers that are among the top 1% most cited,posicao,399.0,
2026,2026-2027,529468,Universidade Federal de Mato Grosso,Indicador,Plant and Animal Science,Percentage of highly cited papers that are among the top 1% most cited,posicao,479.0,
2026,2026-2027,529590,Universidade Tecnologica Federal do Parana,Listagem,Geral,Best Universities in Brazil,posicao,38.0,
2026,2026-2027,529590,Universidade Tecnologica Federal do Parana,Listagem,Geral,Best Global Universities,posicao,2025.0,empate
2026,2026-2027,529590,Universidade Tecnologica Federal do Parana,Listagem,Geral,Global Score,score,20.0,
2026,2026-2027,529590,Universidade Tecnologica Federal do Parana,Listagem,Geral,Enrollment,valor,,sem dado
2026,2026-2027,529590,Universidade Tecnologica Federal do Parana,Perfil institucional,Geral,Total number of students,valor,,sem dado
2026,2026-2027,529590,Universidade Tecnologica Federal do Parana,Perfil institucional,Geral,Number of international students,valor,,sem dado
2026,2026-2027,529590,Universidade Tecnologica Federal do Parana,Perfil institucional,Geral,Total number of academic staff,valor,,sem dado
2026,2026-2027,529590,Universidade Tecnologica Federal do Parana,Perfil institucional,Geral,Number of international staff,valor,,sem dado
2026,2026-2027,529590,Universidade Tecnologica Federal do Parana,Perfil institucional,Geral,Number of undergraduate degrees awarded,valor,,sem dado
2026,2026-2027,529590,Universidade Tecnologica Federal do Parana,Perfil institucional,Geral,Number of master's degrees awarded,valor,,sem dado
2026,2026-2027,529590,Universidade Tecnologica Federal do Parana,Perfil institucional,Geral,Number of doctoral degrees awarded,valor,,sem dado
2026,2026-2027,529590,Universidade Tecnologica Federal do Parana,Perfil institucional,Geral,Number of research only staff,valor,,sem dado
2026,2026-2027,529590,Universidade Tecnologica Federal do Parana,Perfil institucional,Geral,Number of new undergraduate students,valor,,sem dado
2026,2026-2027,529590,Universidade Tecnologica Federal do Parana,Perfil institucional,Geral,Number of new master's students,valor,,sem dado
2026,2026-2027,529590,Universidade Tecnologica Federal do Parana,Perfil institucional,Geral,Number of new doctoral students,valor,,sem dado
2026,2026-2027,529590,Universidade Tecnologica Federal do Parana,Ranking geral,Geral,Global score,score,20.0,
2026,2026-2027,529590,Universidade Tecnologica Federal do Parana,Ranking geral,Geral,Best Global Universities,posicao,2025.0,empate
2026,2026-2027,529590,Universidade Tecnologica Federal do Parana,Ranking geral,Geral,Best Global Universities in Latin America,posicao,90.0,
2026,2026-2027,529590,Universidade Tecnologica Federal do Parana,Ranking geral,Geral,Best Global Universities in Brazil,posicao,38.0,
2026,2026-2027,529590,Universidade Tecnologica Federal do Parana,Ranking por area,Agricultural Sciences,Posicao na area,posicao,488.0,
2026,2026-2027,529590,Universidade Tecnologica Federal do Parana,Ranking por area,Agricultural Sciences,Score na area,score,21.4,
2026,2026-2027,529590,Universidade Tecnologica Federal do Parana,Ranking por area,Chemistry,Posicao na area,posicao,1425.0,empate
2026,2026-2027,529590,Universidade Tecnologica Federal do Parana,Ranking por area,Chemistry,Score na area,score,25.0,
2026,2026-2027,529590,Universidade Tecnologica Federal do Parana,Ranking por area,Computer Science,Posicao na area,posicao,768.0,empate
2026,2026-2027,529590,Universidade Tecnologica Federal do Parana,Ranking por area,Computer Science,Score na area,score,22.2,
2026,2026-2027,529590,Universidade Tecnologica Federal do Parana,Ranking por area,Electrical and Electronic Engineering,Posicao na area,posicao,681.0,empate
2026,2026-2027,529590,Universidade Tecnologica Federal do Parana,Ranking por area,Electrical and Electronic Engineering,Score na area,score,26.6,
2026,2026-2027,529590,Universidade Tecnologica Federal do Parana,Ranking por area,Engineering,Posicao na area,posicao,1038.0,empate
2026,2026-2027,529590,Universidade Tecnologica Federal do Parana,Ranking por area,Engineering,Score na area,score,28.6,
2026,2026-2027,529590,Universidade Tecnologica Federal do Parana,Indicador,Geral,Global research reputation,posicao,1839.0,
2026,2026-2027,529590,Universidade Tecnologica Federal do Parana,Indicador,Geral,Regional research reputation,posicao,89.0,
2026,2026-2027,529590,Universidade Tecnologica Federal do Parana,Indicador,Geral,Publications,posicao,1095.0,
2026,2026-2027,529590,Universidade Tecnologica Federal do Parana,Indicador,Geral,Books,posicao,1427.0,
2026,2026-2027,529590,Universidade Tecnologica Federal do Parana,Indicador,Geral,Conferences,posicao,476.0,
2026,2026-2027,529590,Universidade Tecnologica Federal do Parana,Indicador,Geral,Normalized citation impact,posicao,2418.0,
2026,2026-2027,529590,Universidade Tecnologica Federal do Parana,Indicador,Geral,Total citations,posicao,1649.0,
2026,2026-2027,529590,Universidade Tecnologica Federal do Parana,Indicador,Geral,Number of publications that are among the 10% most cited,posicao,1927.0,
2026,2026-2027,529590,Universidade Tecnologica Federal do Parana,Indicador,Geral,Percentage of total publications that are among the 10% most cited,posicao,2413.0,
2026,2026-2027,529590,Universidade Tecnologica Federal do Parana,Indicador,Geral,International collaboration - relative to country,posicao,2019.0,
2026,2026-2027,529590,Universidade Tecnologica Federal do Parana,Indicador,Geral,International collaboration,posicao,1680.0,
2026,2026-2027,529590,Universidade Tecnologica Federal do Parana,Indicador,Geral,Number of highly cited papers that are among the top 1% most cited,posicao,1998.0,
2026,2026-2027,529590,Universidade Tecnologica Federal do Parana,Indicador,Geral,Percentage of highly cited papers that are among the top 1% most cited,posicao,2366.0,
2026,2026-2027,529590,Universidade Tecnologica Federal do Parana,Indicador,Agricultural Sciences,Global research reputation,posicao,270.0,substituto
2026,2026-2027,529590,Universidade Tecnologica Federal do Parana,Indicador,Agricultural Sciences,Regional research reputation,posicao,29.0,substituto
2026,2026-2027,529590,Universidade Tecnologica Federal do Parana,Indicador,Agricultural Sciences,Publications,posicao,226.0,
2026,2026-2027,529590,Universidade Tecnologica Federal do Parana,Indicador,Agricultural Sciences,Normalized citation impact,posicao,506.0,
2026,2026-2027,529590,Universidade Tecnologica Federal do Parana,Indicador,Agricultural Sciences,Total citations,posicao,404.0,
2026,2026-2027,529590,Universidade Tecnologica Federal do Parana,Indicador,Agricultural Sciences,Number of publications that are among the 10% most cited,posicao,424.0,
2026,2026-2027,529590,Universidade Tecnologica Federal do Parana,Indicador,Agricultural Sciences,Percentage of total publications that are among the 10% most cited,posicao,480.0,
2026,2026-2027,529590,Universidade Tecnologica Federal do Parana,Indicador,Agricultural Sciences,International collaboration - relative to country,posicao,206.0,
2026,2026-2027,529590,Universidade Tecnologica Federal do Parana,Indicador,Agricultural Sciences,International collaboration,posicao,393.0,
2026,2026-2027,529590,Universidade Tecnologica Federal do Parana,Indicador,Agricultural Sciences,Number of highly cited papers that are among the top 1% most cited,posicao,461.0,
2026,2026-2027,529590,Universidade Tecnologica Federal do Parana,Indicador,Agricultural Sciences,Percentage of highly cited papers that are among the top 1% most cited,posicao,503.0,
2026,2026-2027,529590,Universidade Tecnologica Federal do Parana,Indicador,Chemistry,Global research reputation,posicao,569.0,
2026,2026-2027,529590,Universidade Tecnologica Federal do Parana,Indicador,Chemistry,Regional research reputation,posicao,43.0,
2026,2026-2027,529590,Universidade Tecnologica Federal do Parana,Indicador,Chemistry,Publications,posicao,922.0,
2026,2026-2027,529590,Universidade Tecnologica Federal do Parana,Indicador,Chemistry,Normalized citation impact,posicao,1532.0,
2026,2026-2027,529590,Universidade Tecnologica Federal do Parana,Indicador,Chemistry,Total citations,posicao,1266.0,
2026,2026-2027,529590,Universidade Tecnologica Federal do Parana,Indicador,Chemistry,Number of publications that are among the 10% most cited,posicao,1372.0,
2026,2026-2027,529590,Universidade Tecnologica Federal do Parana,Indicador,Chemistry,Percentage of total publications that are among the 10% most cited,posicao,1480.0,
2026,2026-2027,529590,Universidade Tecnologica Federal do Parana,Indicador,Chemistry,International collaboration - relative to country,posicao,1117.0,
2026,2026-2027,529590,Universidade Tecnologica Federal do Parana,Indicador,Chemistry,International collaboration,posicao,982.0,
2026,2026-2027,529590,Universidade Tecnologica Federal do Parana,Indicador,Chemistry,Number of highly cited papers that are among the top 1% most cited,posicao,1352.0,substituto
2026,2026-2027,529590,Universidade Tecnologica Federal do Parana,Indicador,Chemistry,Percentage of highly cited papers that are among the top 1% most cited,posicao,1509.0,substituto
2026,2026-2027,529590,Universidade Tecnologica Federal do Parana,Indicador,Computer Science,Global research reputation,posicao,496.0,substituto
2026,2026-2027,529590,Universidade Tecnologica Federal do Parana,Indicador,Computer Science,Regional research reputation,posicao,22.0,
2026,2026-2027,529590,Universidade Tecnologica Federal do Parana,Indicador,Computer Science,Publications,posicao,679.0,
2026,2026-2027,529590,Universidade Tecnologica Federal do Parana,Indicador,Computer Science,Conferences,posicao,438.0,
2026,2026-2027,529590,Universidade Tecnologica Federal do Parana,Indicador,Computer Science,Normalized citation impact,posicao,931.0,
2026,2026-2027,529590,Universidade Tecnologica Federal do Parana,Indicador,Computer Science,Total citations,posicao,853.0,
2026,2026-2027,529590,Universidade Tecnologica Federal do Parana,Indicador,Computer Science,Number of publications that are among the 10% most cited,posicao,765.0,
2026,2026-2027,529590,Universidade Tecnologica Federal do Parana,Indicador,Computer Science,Percentage of total publications that are among the 10% most cited,posicao,958.0,
2026,2026-2027,529590,Universidade Tecnologica Federal do Parana,Indicador,Computer Science,International collaboration - relative to country,posicao,376.0,
2026,2026-2027,529590,Universidade Tecnologica Federal do Parana,Indicador,Computer Science,International collaboration,posicao,525.0,
2026,2026-2027,529590,Universidade Tecnologica Federal do Parana,Indicador,Computer Science,Number of highly cited papers that are among the top 1% most cited,posicao,627.0,
2026,2026-2027,529590,Universidade Tecnologica Federal do Parana,Indicador,Computer Science,Percentage of highly cited papers that are among the top 1% most cited,posicao,640.0,
2026,2026-2027,529590,Universidade Tecnologica Federal do Parana,Indicador,Electrical and Electronic Engineering,Publications,posicao,527.0,
2026,2026-2027,529590,Universidade Tecnologica Federal do Parana,Indicador,Electrical and Electronic Engineering,Conferences,posicao,466.0,
2026,2026-2027,529590,Universidade Tecnologica Federal do Parana,Indicador,Electrical and Electronic Engineering,Normalized citation impact,posicao,724.0,
2026,2026-2027,529590,Universidade Tecnologica Federal do Parana,Indicador,Electrical and Electronic Engineering,Total citations,posicao,688.0,
2026,2026-2027,529590,Universidade Tecnologica Federal do Parana,Indicador,Electrical and Electronic Engineering,Number of publications that are among the 10% most cited,posicao,677.0,
2026,2026-2027,529590,Universidade Tecnologica Federal do Parana,Indicador,Electrical and Electronic Engineering,Percentage of total publications that are among the 10% most cited,posicao,681.0,
2026,2026-2027,529590,Universidade Tecnologica Federal do Parana,Indicador,Electrical and Electronic Engineering,International collaboration - relative to country,posicao,620.0,
2026,2026-2027,529590,Universidade Tecnologica Federal do Parana,Indicador,Electrical and Electronic Engineering,International collaboration,posicao,500.0,
2026,2026-2027,529590,Universidade Tecnologica Federal do Parana,Indicador,Electrical and Electronic Engineering,Number of highly cited papers that are among the top 1% most cited,posicao,570.0,
2026,2026-2027,529590,Universidade Tecnologica Federal do Parana,Indicador,Electrical and Electronic Engineering,Percentage of highly cited papers that are among the top 1% most cited,posicao,594.0,
2026,2026-2027,529590,Universidade Tecnologica Federal do Parana,Indicador,Engineering,Global research reputation,posicao,876.0,
2026,2026-2027,529590,Universidade Tecnologica Federal do Parana,Indicador,Engineering,Regional research reputation,posicao,27.0,
2026,2026-2027,529590,Universidade Tecnologica Federal do Parana,Indicador,Engineering,Publications,posicao,539.0,
2026,2026-2027,529590,Universidade Tecnologica Federal do Parana,Indicador,Engineering,Conferences,posicao,504.0,
2026,2026-2027,529590,Universidade Tecnologica Federal do Parana,Indicador,Engineering,Normalized citation impact,posicao,1495.0,
2026,2026-2027,529590,Universidade Tecnologica Federal do Parana,Indicador,Engineering,Total citations,posicao,820.0,
2026,2026-2027,529590,Universidade Tecnologica Federal do Parana,Indicador,Engineering,Number of publications that are among the 10% most cited,posicao,1040.0,
2026,2026-2027,529590,Universidade Tecnologica Federal do Parana,Indicador,Engineering,Percentage of total publications that are among the 10% most cited,posicao,1469.0,
2026,2026-2027,529590,Universidade Tecnologica Federal do Parana,Indicador,Engineering,International collaboration - relative to country,posicao,1116.0,
2026,2026-2027,529590,Universidade Tecnologica Federal do Parana,Indicador,Engineering,International collaboration,posicao,1041.0,
2026,2026-2027,529590,Universidade Tecnologica Federal do Parana,Indicador,Engineering,Number of highly cited papers that are among the top 1% most cited,posicao,922.0,
2026,2026-2027,529590,Universidade Tecnologica Federal do Parana,Indicador,Engineering,Percentage of highly cited papers that are among the top 1% most cited,posicao,1247.0,
2026,2026-2027,529322,Universidade Federal de Sao Joao del-Rei,Listagem,Geral,Best Universities in Brazil,posicao,39.0,
2026,2026-2027,529322,Universidade Federal de Sao Joao del-Rei,Listagem,Geral,Best Global Universities,posicao,2048.0,empate
2026,2026-2027,529322,Universidade Federal de Sao Joao del-Rei,Listagem,Geral,Global Score,score,19.6,
2026,2026-2027,529322,Universidade Federal de Sao Joao del-Rei,Listagem,Geral,Enrollment,valor,,sem dado
2026,2026-2027,529322,Universidade Federal de Sao Joao del-Rei,Perfil institucional,Geral,Total number of students,valor,,sem dado
2026,2026-2027,529322,Universidade Federal de Sao Joao del-Rei,Perfil institucional,Geral,Number of international students,valor,,sem dado
2026,2026-2027,529322,Universidade Federal de Sao Joao del-Rei,Perfil institucional,Geral,Total number of academic staff,valor,,sem dado
2026,2026-2027,529322,Universidade Federal de Sao Joao del-Rei,Perfil institucional,Geral,Number of international staff,valor,,sem dado
2026,2026-2027,529322,Universidade Federal de Sao Joao del-Rei,Perfil institucional,Geral,Number of undergraduate degrees awarded,valor,,sem dado
2026,2026-2027,529322,Universidade Federal de Sao Joao del-Rei,Perfil institucional,Geral,Number of master's degrees awarded,valor,,sem dado
2026,2026-2027,529322,Universidade Federal de Sao Joao del-Rei,Perfil institucional,Geral,Number of doctoral degrees awarded,valor,,sem dado
2026,2026-2027,529322,Universidade Federal de Sao Joao del-Rei,Perfil institucional,Geral,Number of research only staff,valor,,sem dado
2026,2026-2027,529322,Universidade Federal de Sao Joao del-Rei,Perfil institucional,Geral,Number of new undergraduate students,valor,,sem dado
2026,2026-2027,529322,Universidade Federal de Sao Joao del-Rei,Perfil institucional,Geral,Number of new master's students,valor,,sem dado
2026,2026-2027,529322,Universidade Federal de Sao Joao del-Rei,Perfil institucional,Geral,Number of new doctoral students,valor,,sem dado
2026,2026-2027,529322,Universidade Federal de Sao Joao del-Rei,Ranking geral,Geral,Global score,score,19.6,
2026,2026-2027,529322,Universidade Federal de Sao Joao del-Rei,Ranking geral,Geral,Best Global Universities,posicao,2048.0,empate
2026,2026-2027,529322,Universidade Federal de Sao Joao del-Rei,Ranking geral,Geral,Best Global Universities in Latin America,posicao,92.0,
2026,2026-2027,529322,Universidade Federal de Sao Joao del-Rei,Ranking geral,Geral,Best Global Universities in Brazil,posicao,39.0,
2026,2026-2027,529322,Universidade Federal de Sao Joao del-Rei,Ranking por area,Physics,Posicao na area,posicao,669.0,empate
2026,2026-2027,529322,Universidade Federal de Sao Joao del-Rei,Ranking por area,Physics,Score na area,score,32.6,
2026,2026-2027,529322,Universidade Federal de Sao Joao del-Rei,Indicador,Geral,Global research reputation,posicao,1289.0,
2026,2026-2027,529322,Universidade Federal de Sao Joao del-Rei,Indicador,Geral,Regional research reputation,posicao,109.0,
2026,2026-2027,529322,Universidade Federal de Sao Joao del-Rei,Indicador,Geral,Publications,posicao,1853.0,
2026,2026-2027,529322,Universidade Federal de Sao Joao del-Rei,Indicador,Geral,Books,posicao,1427.0,substituto
2026,2026-2027,529322,Universidade Federal de Sao Joao del-Rei,Indicador,Geral,Conferences,posicao,1444.0,
2026,2026-2027,529322,Universidade Federal de Sao Joao del-Rei,Indicador,Geral,Normalized citation impact,posicao,2292.0,
2026,2026-2027,529322,Universidade Federal de Sao Joao del-Rei,Indicador,Geral,Total citations,posicao,2183.0,
2026,2026-2027,529322,Universidade Federal de Sao Joao del-Rei,Indicador,Geral,Number of publications that are among the 10% most cited,posicao,2181.0,
2026,2026-2027,529322,Universidade Federal de Sao Joao del-Rei,Indicador,Geral,Percentage of total publications that are among the 10% most cited,posicao,2172.0,
2026,2026-2027,529322,Universidade Federal de Sao Joao del-Rei,Indicador,Geral,International collaboration - relative to country,posicao,1736.0,
2026,2026-2027,529322,Universidade Federal de Sao Joao del-Rei,Indicador,Geral,International collaboration,posicao,1550.0,
2026,2026-2027,529322,Universidade Federal de Sao Joao del-Rei,Indicador,Geral,Number of highly cited papers that are among the top 1% most cited,posicao,2276.0,
2026,2026-2027,529322,Universidade Federal de Sao Joao del-Rei,Indicador,Geral,Percentage of highly cited papers that are among the top 1% most cited,posicao,2299.0,
2026,2026-2027,529322,Universidade Federal de Sao Joao del-Rei,Indicador,Physics,Global research reputation,posicao,380.0,substituto
2026,2026-2027,529322,Universidade Federal de Sao Joao del-Rei,Indicador,Physics,Regional research reputation,posicao,28.0,substituto
2026,2026-2027,529322,Universidade Federal de Sao Joao del-Rei,Indicador,Physics,Publications,posicao,1022.0,
2026,2026-2027,529322,Universidade Federal de Sao Joao del-Rei,Indicador,Physics,Normalized citation impact,posicao,270.0,
2026,2026-2027,529322,Universidade Federal de Sao Joao del-Rei,Indicador,Physics,Total citations,posicao,820.0,
2026,2026-2027,529322,Universidade Federal de Sao Joao del-Rei,Indicador,Physics,Number of publications that are among the 10% most cited,posicao,697.0,
2026,2026-2027,529322,Universidade Federal de Sao Joao del-Rei,Indicador,Physics,Percentage of total publications that are among the 10% most cited,posicao,50.0,
2026,2026-2027,529322,Universidade Federal de Sao Joao del-Rei,Indicador,Physics,International collaboration - relative to country,posicao,204.0,
2026,2026-2027,529322,Universidade Federal de Sao Joao del-Rei,Indicador,Physics,International collaboration,posicao,418.0,
2026,2026-2027,529322,Universidade Federal de Sao Joao del-Rei,Indicador,Physics,Number of highly cited papers that are among the top 1% most cited,posicao,697.0,
2026,2026-2027,529322,Universidade Federal de Sao Joao del-Rei,Indicador,Physics,Percentage of highly cited papers that are among the top 1% most cited,posicao,362.0,
2026,2026-2027,530082,Universidade Federal do Maranhao,Listagem,Geral,Best Universities in Brazil,posicao,40.0,
2026,2026-2027,530082,Universidade Federal do Maranhao,Listagem,Geral,Best Global Universities,posicao,2056.0,empate
2026,2026-2027,530082,Universidade Federal do Maranhao,Listagem,Geral,Global Score,score,19.4,
2026,2026-2027,530082,Universidade Federal do Maranhao,Listagem,Geral,Enrollment,valor,,sem dado
2026,2026-2027,530082,Universidade Federal do Maranhao,Perfil institucional,Geral,Total number of students,valor,,sem dado
2026,2026-2027,530082,Universidade Federal do Maranhao,Perfil institucional,Geral,Number of international students,valor,,sem dado
2026,2026-2027,530082,Universidade Federal do Maranhao,Perfil institucional,Geral,Total number of academic staff,valor,,sem dado
2026,2026-2027,530082,Universidade Federal do Maranhao,Perfil institucional,Geral,Number of international staff,valor,,sem dado
2026,2026-2027,530082,Universidade Federal do Maranhao,Perfil institucional,Geral,Number of undergraduate degrees awarded,valor,,sem dado
2026,2026-2027,530082,Universidade Federal do Maranhao,Perfil institucional,Geral,Number of master's degrees awarded,valor,,sem dado
2026,2026-2027,530082,Universidade Federal do Maranhao,Perfil institucional,Geral,Number of doctoral degrees awarded,valor,,sem dado
2026,2026-2027,530082,Universidade Federal do Maranhao,Perfil institucional,Geral,Number of research only staff,valor,,sem dado
2026,2026-2027,530082,Universidade Federal do Maranhao,Perfil institucional,Geral,Number of new undergraduate students,valor,,sem dado
2026,2026-2027,530082,Universidade Federal do Maranhao,Perfil institucional,Geral,Number of new master's students,valor,,sem dado
2026,2026-2027,530082,Universidade Federal do Maranhao,Perfil institucional,Geral,Number of new doctoral students,valor,,sem dado
2026,2026-2027,530082,Universidade Federal do Maranhao,Ranking geral,Geral,Global score,score,19.4,
2026,2026-2027,530082,Universidade Federal do Maranhao,Ranking geral,Geral,Best Global Universities,posicao,2056.0,empate
2026,2026-2027,530082,Universidade Federal do Maranhao,Ranking geral,Geral,Best Global Universities in Latin America,posicao,93.0,empate
2026,2026-2027,530082,Universidade Federal do Maranhao,Ranking geral,Geral,Best Global Universities in Brazil,posicao,40.0,
2026,2026-2027,530082,Universidade Federal do Maranhao,Ranking por area,Clinical Medicine,Posicao na area,posicao,1053.0,empate
2026,2026-2027,530082,Universidade Federal do Maranhao,Ranking por area,Clinical Medicine,Score na area,score,26.2,
2026,2026-2027,530082,Universidade Federal do Maranhao,Ranking por area,Plant and Animal Science,Posicao na area,posicao,750.0,
2026,2026-2027,530082,Universidade Federal do Maranhao,Ranking por area,Plant and Animal Science,Score na area,score,15.0,
2026,2026-2027,530082,Universidade Federal do Maranhao,Indicador,Geral,Global research reputation,posicao,1020.0,
2026,2026-2027,530082,Universidade Federal do Maranhao,Indicador,Geral,Regional research reputation,posicao,115.0,
2026,2026-2027,530082,Universidade Federal do Maranhao,Indicador,Geral,Publications,posicao,1514.0,
2026,2026-2027,530082,Universidade Federal do Maranhao,Indicador,Geral,Books,posicao,1427.0,substituto
2026,2026-2027,530082,Universidade Federal do Maranhao,Indicador,Geral,Conferences,posicao,1552.0,
2026,2026-2027,530082,Universidade Federal do Maranhao,Indicador,Geral,Normalized citation impact,posicao,2228.0,
2026,2026-2027,530082,Universidade Federal do Maranhao,Indicador,Geral,Total citations,posicao,1842.0,
2026,2026-2027,530082,Universidade Federal do Maranhao,Indicador,Geral,Number of publications that are among the 10% most cited,posicao,2166.0,
2026,2026-2027,530082,Universidade Federal do Maranhao,Indicador,Geral,Percentage of total publications that are among the 10% most cited,posicao,2379.0,
2026,2026-2027,530082,Universidade Federal do Maranhao,Indicador,Geral,International collaboration - relative to country,posicao,2170.0,
2026,2026-2027,530082,Universidade Federal do Maranhao,Indicador,Geral,International collaboration,posicao,1797.0,
2026,2026-2027,530082,Universidade Federal do Maranhao,Indicador,Geral,Number of highly cited papers that are among the top 1% most cited,posicao,2104.0,
2026,2026-2027,530082,Universidade Federal do Maranhao,Indicador,Geral,Percentage of highly cited papers that are among the top 1% most cited,posicao,2278.0,
2026,2026-2027,530082,Universidade Federal do Maranhao,Indicador,Clinical Medicine,Global research reputation,posicao,212.0,
2026,2026-2027,530082,Universidade Federal do Maranhao,Indicador,Clinical Medicine,Regional research reputation,posicao,48.0,
2026,2026-2027,530082,Universidade Federal do Maranhao,Indicador,Clinical Medicine,Publications,posicao,1022.0,
2026,2026-2027,530082,Universidade Federal do Maranhao,Indicador,Clinical Medicine,Normalized citation impact,posicao,810.0,
2026,2026-2027,530082,Universidade Federal do Maranhao,Indicador,Clinical Medicine,Total citations,posicao,1067.0,
2026,2026-2027,530082,Universidade Federal do Maranhao,Indicador,Clinical Medicine,Number of publications that are among the 10% most cited,posicao,1310.0,
2026,2026-2027,530082,Universidade Federal do Maranhao,Indicador,Clinical Medicine,Percentage of total publications that are among the 10% most cited,posicao,1358.0,
2026,2026-2027,530082,Universidade Federal do Maranhao,Indicador,Clinical Medicine,International collaboration - relative to country,posicao,1219.0,
2026,2026-2027,530082,Universidade Federal do Maranhao,Indicador,Clinical Medicine,International collaboration,posicao,937.0,
2026,2026-2027,530082,Universidade Federal do Maranhao,Indicador,Clinical Medicine,Number of highly cited papers that are among the top 1% most cited,posicao,1025.0,
2026,2026-2027,530082,Universidade Federal do Maranhao,Indicador,Clinical Medicine,Percentage of highly cited papers that are among the top 1% most cited,posicao,875.0,
2026,2026-2027,530082,Universidade Federal do Maranhao,Indicador,Plant and Animal Science,Global research reputation,posicao,309.0,substituto
2026,2026-2027,530082,Universidade Federal do Maranhao,Indicador,Plant and Animal Science,Regional research reputation,posicao,43.0,substituto
2026,2026-2027,530082,Universidade Federal do Maranhao,Indicador,Plant and Animal Science,Publications,posicao,590.0,
2026,2026-2027,530082,Universidade Federal do Maranhao,Indicador,Plant and Animal Science,Normalized citation impact,posicao,727.0,
2026,2026-2027,530082,Universidade Federal do Maranhao,Indicador,Plant and Animal Science,Total citations,posicao,733.0,
2026,2026-2027,530082,Universidade Federal do Maranhao,Indicador,Plant and Animal Science,Number of publications that are among the 10% most cited,posicao,719.0,
2026,2026-2027,530082,Universidade Federal do Maranhao,Indicador,Plant and Animal Science,Percentage of total publications that are among the 10% most cited,posicao,692.0,
2026,2026-2027,530082,Universidade Federal do Maranhao,Indicador,Plant and Animal Science,International collaboration - relative to country,posicao,721.0,
2026,2026-2027,530082,Universidade Federal do Maranhao,Indicador,Plant and Animal Science,International collaboration,posicao,684.0,
2026,2026-2027,530082,Universidade Federal do Maranhao,Indicador,Plant and Animal Science,Number of highly cited papers that are among the top 1% most cited,posicao,663.0,
2026,2026-2027,530082,Universidade Federal do Maranhao,Indicador,Plant and Animal Science,Percentage of highly cited papers that are among the top 1% most cited,posicao,659.0,
2026,2026-2027,529592,Universidade Federal Rural de Pernambuco (UFRPE),Listagem,Geral,Best Universities in Brazil,posicao,41.0,
2026,2026-2027,529592,Universidade Federal Rural de Pernambuco (UFRPE),Listagem,Geral,Best Global Universities,posicao,2095.0,empate
2026,2026-2027,529592,Universidade Federal Rural de Pernambuco (UFRPE),Listagem,Geral,Global Score,score,18.6,
2026,2026-2027,529592,Universidade Federal Rural de Pernambuco (UFRPE),Listagem,Geral,Enrollment,valor,,sem dado
2026,2026-2027,529592,Universidade Federal Rural de Pernambuco (UFRPE),Perfil institucional,Geral,Total number of students,valor,,sem dado
2026,2026-2027,529592,Universidade Federal Rural de Pernambuco (UFRPE),Perfil institucional,Geral,Number of international students,valor,,sem dado
2026,2026-2027,529592,Universidade Federal Rural de Pernambuco (UFRPE),Perfil institucional,Geral,Total number of academic staff,valor,,sem dado
2026,2026-2027,529592,Universidade Federal Rural de Pernambuco (UFRPE),Perfil institucional,Geral,Number of international staff,valor,,sem dado
2026,2026-2027,529592,Universidade Federal Rural de Pernambuco (UFRPE),Perfil institucional,Geral,Number of undergraduate degrees awarded,valor,,sem dado
2026,2026-2027,529592,Universidade Federal Rural de Pernambuco (UFRPE),Perfil institucional,Geral,Number of master's degrees awarded,valor,,sem dado
2026,2026-2027,529592,Universidade Federal Rural de Pernambuco (UFRPE),Perfil institucional,Geral,Number of doctoral degrees awarded,valor,,sem dado
2026,2026-2027,529592,Universidade Federal Rural de Pernambuco (UFRPE),Perfil institucional,Geral,Number of research only staff,valor,,sem dado
2026,2026-2027,529592,Universidade Federal Rural de Pernambuco (UFRPE),Perfil institucional,Geral,Number of new undergraduate students,valor,,sem dado
2026,2026-2027,529592,Universidade Federal Rural de Pernambuco (UFRPE),Perfil institucional,Geral,Number of new master's students,valor,,sem dado
2026,2026-2027,529592,Universidade Federal Rural de Pernambuco (UFRPE),Perfil institucional,Geral,Number of new doctoral students,valor,,sem dado
2026,2026-2027,529592,Universidade Federal Rural de Pernambuco (UFRPE),Ranking geral,Geral,Global score,score,18.6,
2026,2026-2027,529592,Universidade Federal Rural de Pernambuco (UFRPE),Ranking geral,Geral,Best Global Universities,posicao,2095.0,empate
2026,2026-2027,529592,Universidade Federal Rural de Pernambuco (UFRPE),Ranking geral,Geral,Best Global Universities in Latin America,posicao,98.0,
2026,2026-2027,529592,Universidade Federal Rural de Pernambuco (UFRPE),Ranking geral,Geral,Best Global Universities in Brazil,posicao,41.0,
2026,2026-2027,529592,Universidade Federal Rural de Pernambuco (UFRPE),Ranking por area,Environment/Ecology,Posicao na area,posicao,996.0,empate
2026,2026-2027,529592,Universidade Federal Rural de Pernambuco (UFRPE),Ranking por area,Environment/Ecology,Score na area,score,21.5,
2026,2026-2027,529592,Universidade Federal Rural de Pernambuco (UFRPE),Ranking por area,Plant and Animal Science,Posicao na area,posicao,442.0,empate
2026,2026-2027,529592,Universidade Federal Rural de Pernambuco (UFRPE),Ranking por area,Plant and Animal Science,Score na area,score,36.8,
2026,2026-2027,529592,Universidade Federal Rural de Pernambuco (UFRPE),Indicador,Geral,Global research reputation,posicao,1839.0,
2026,2026-2027,529592,Universidade Federal Rural de Pernambuco (UFRPE),Indicador,Geral,Regional research reputation,posicao,97.0,
2026,2026-2027,529592,Universidade Federal Rural de Pernambuco (UFRPE),Indicador,Geral,Publications,posicao,1209.0,
2026,2026-2027,529592,Universidade Federal Rural de Pernambuco (UFRPE),Indicador,Geral,Books,posicao,1427.0,substituto
2026,2026-2027,529592,Universidade Federal Rural de Pernambuco (UFRPE),Indicador,Geral,Conferences,posicao,1160.0,
2026,2026-2027,529592,Universidade Federal Rural de Pernambuco (UFRPE),Indicador,Geral,Normalized citation impact,posicao,2407.0,
2026,2026-2027,529592,Universidade Federal Rural de Pernambuco (UFRPE),Indicador,Geral,Total citations,posicao,1750.0,
2026,2026-2027,529592,Universidade Federal Rural de Pernambuco (UFRPE),Indicador,Geral,Number of publications that are among the 10% most cited,posicao,1984.0,
2026,2026-2027,529592,Universidade Federal Rural de Pernambuco (UFRPE),Indicador,Geral,Percentage of total publications that are among the 10% most cited,posicao,2404.0,
2026,2026-2027,529592,Universidade Federal Rural de Pernambuco (UFRPE),Indicador,Geral,International collaboration - relative to country,posicao,2078.0,
2026,2026-2027,529592,Universidade Federal Rural de Pernambuco (UFRPE),Indicador,Geral,International collaboration,posicao,1724.0,
2026,2026-2027,529592,Universidade Federal Rural de Pernambuco (UFRPE),Indicador,Geral,Number of highly cited papers that are among the top 1% most cited,posicao,1976.0,
2026,2026-2027,529592,Universidade Federal Rural de Pernambuco (UFRPE),Indicador,Geral,Percentage of highly cited papers that are among the top 1% most cited,posicao,2306.0,
2026,2026-2027,529592,Universidade Federal Rural de Pernambuco (UFRPE),Indicador,Environment/Ecology,Global research reputation,posicao,281.0,substituto
2026,2026-2027,529592,Universidade Federal Rural de Pernambuco (UFRPE),Indicador,Environment/Ecology,Regional research reputation,posicao,25.0,substituto
2026,2026-2027,529592,Universidade Federal Rural de Pernambuco (UFRPE),Indicador,Environment/Ecology,Publications,posicao,626.0,
2026,2026-2027,529592,Universidade Federal Rural de Pernambuco (UFRPE),Indicador,Environment/Ecology,Normalized citation impact,posicao,1063.0,
2026,2026-2027,529592,Universidade Federal Rural de Pernambuco (UFRPE),Indicador,Environment/Ecology,Total citations,posicao,935.0,
2026,2026-2027,529592,Universidade Federal Rural de Pernambuco (UFRPE),Indicador,Environment/Ecology,Number of publications that are among the 10% most cited,posicao,953.0,
2026,2026-2027,529592,Universidade Federal Rural de Pernambuco (UFRPE),Indicador,Environment/Ecology,Percentage of total publications that are among the 10% most cited,posicao,1015.0,
2026,2026-2027,529592,Universidade Federal Rural de Pernambuco (UFRPE),Indicador,Environment/Ecology,International collaboration - relative to country,posicao,835.0,
2026,2026-2027,529592,Universidade Federal Rural de Pernambuco (UFRPE),Indicador,Environment/Ecology,International collaboration,posicao,809.0,
2026,2026-2027,529592,Universidade Federal Rural de Pernambuco (UFRPE),Indicador,Environment/Ecology,Number of highly cited papers that are among the top 1% most cited,posicao,958.0,
2026,2026-2027,529592,Universidade Federal Rural de Pernambuco (UFRPE),Indicador,Environment/Ecology,Percentage of highly cited papers that are among the top 1% most cited,posicao,1006.0,
2026,2026-2027,529592,Universidade Federal Rural de Pernambuco (UFRPE),Indicador,Plant and Animal Science,Global research reputation,posicao,256.0,
2026,2026-2027,529592,Universidade Federal Rural de Pernambuco (UFRPE),Indicador,Plant and Animal Science,Regional research reputation,posicao,43.0,
2026,2026-2027,529592,Universidade Federal Rural de Pernambuco (UFRPE),Indicador,Plant and Animal Science,Publications,posicao,126.0,
2026,2026-2027,529592,Universidade Federal Rural de Pernambuco (UFRPE),Indicador,Plant and Animal Science,Normalized citation impact,posicao,719.0,
2026,2026-2027,529592,Universidade Federal Rural de Pernambuco (UFRPE),Indicador,Plant and Animal Science,Total citations,posicao,293.0,
2026,2026-2027,529592,Universidade Federal Rural de Pernambuco (UFRPE),Indicador,Plant and Animal Science,Number of publications that are among the 10% most cited,posicao,493.0,
2026,2026-2027,529592,Universidade Federal Rural de Pernambuco (UFRPE),Indicador,Plant and Animal Science,Percentage of total publications that are among the 10% most cited,posicao,734.0,
2026,2026-2027,529592,Universidade Federal Rural de Pernambuco (UFRPE),Indicador,Plant and Animal Science,International collaboration - relative to country,posicao,588.0,
2026,2026-2027,529592,Universidade Federal Rural de Pernambuco (UFRPE),Indicador,Plant and Animal Science,International collaboration,posicao,630.0,
2026,2026-2027,529592,Universidade Federal Rural de Pernambuco (UFRPE),Indicador,Plant and Animal Science,Number of highly cited papers that are among the top 1% most cited,posicao,331.0,
2026,2026-2027,529592,Universidade Federal Rural de Pernambuco (UFRPE),Indicador,Plant and Animal Science,Percentage of highly cited papers that are among the top 1% most cited,posicao,586.0,
2026,2026-2027,530010,Universidade Federal de Amazonas,Listagem,Geral,Best Universities in Brazil,posicao,42.0,
2026,2026-2027,530010,Universidade Federal de Amazonas,Listagem,Geral,Best Global Universities,posicao,2099.0,empate
2026,2026-2027,530010,Universidade Federal de Amazonas,Listagem,Geral,Global Score,score,18.5,
2026,2026-2027,530010,Universidade Federal de Amazonas,Listagem,Geral,Enrollment,valor,,sem dado
2026,2026-2027,530010,Universidade Federal de Amazonas,Perfil institucional,Geral,Total number of students,valor,,sem dado
2026,2026-2027,530010,Universidade Federal de Amazonas,Perfil institucional,Geral,Number of international students,valor,,sem dado
2026,2026-2027,530010,Universidade Federal de Amazonas,Perfil institucional,Geral,Total number of academic staff,valor,,sem dado
2026,2026-2027,530010,Universidade Federal de Amazonas,Perfil institucional,Geral,Number of international staff,valor,,sem dado
2026,2026-2027,530010,Universidade Federal de Amazonas,Perfil institucional,Geral,Number of undergraduate degrees awarded,valor,,sem dado
2026,2026-2027,530010,Universidade Federal de Amazonas,Perfil institucional,Geral,Number of master's degrees awarded,valor,,sem dado
2026,2026-2027,530010,Universidade Federal de Amazonas,Perfil institucional,Geral,Number of doctoral degrees awarded,valor,,sem dado
2026,2026-2027,530010,Universidade Federal de Amazonas,Perfil institucional,Geral,Number of research only staff,valor,,sem dado
2026,2026-2027,530010,Universidade Federal de Amazonas,Perfil institucional,Geral,Number of new undergraduate students,valor,,sem dado
2026,2026-2027,530010,Universidade Federal de Amazonas,Perfil institucional,Geral,Number of new master's students,valor,,sem dado
2026,2026-2027,530010,Universidade Federal de Amazonas,Perfil institucional,Geral,Number of new doctoral students,valor,,sem dado
2026,2026-2027,530010,Universidade Federal de Amazonas,Ranking geral,Geral,Global score,score,18.5,
2026,2026-2027,530010,Universidade Federal de Amazonas,Ranking geral,Geral,Best Global Universities,posicao,2099.0,empate
2026,2026-2027,530010,Universidade Federal de Amazonas,Ranking geral,Geral,Best Global Universities in Latin America,posicao,99.0,
2026,2026-2027,530010,Universidade Federal de Amazonas,Ranking geral,Geral,Best Global Universities in Brazil,posicao,42.0,
2026,2026-2027,530010,Universidade Federal de Amazonas,Ranking por area,Plant and Animal Science,Posicao na area,posicao,689.0,
2026,2026-2027,530010,Universidade Federal de Amazonas,Ranking por area,Plant and Animal Science,Score na area,score,23.2,
2026,2026-2027,530010,Universidade Federal de Amazonas,Indicador,Geral,Global research reputation,posicao,1839.0,
2026,2026-2027,530010,Universidade Federal de Amazonas,Indicador,Geral,Regional research reputation,posicao,74.0,
2026,2026-2027,530010,Universidade Federal de Amazonas,Indicador,Geral,Publications,posicao,1575.0,
2026,2026-2027,530010,Universidade Federal de Amazonas,Indicador,Geral,Books,posicao,1427.0,substituto
2026,2026-2027,530010,Universidade Federal de Amazonas,Indicador,Geral,Conferences,posicao,1068.0,
2026,2026-2027,530010,Universidade Federal de Amazonas,Indicador,Geral,Normalized citation impact,posicao,2394.0,
2026,2026-2027,530010,Universidade Federal de Amazonas,Indicador,Geral,Total citations,posicao,2074.0,
2026,2026-2027,530010,Universidade Federal de Amazonas,Indicador,Geral,Number of publications that are among the 10% most cited,posicao,2256.0,
2026,2026-2027,530010,Universidade Federal de Amazonas,Indicador,Geral,Percentage of total publications that are among the 10% most cited,posicao,2398.0,
2026,2026-2027,530010,Universidade Federal de Amazonas,Indicador,Geral,International collaboration - relative to country,posicao,1687.0,
2026,2026-2027,530010,Universidade Federal de Amazonas,Indicador,Geral,International collaboration,posicao,1528.0,
2026,2026-2027,530010,Universidade Federal de Amazonas,Indicador,Geral,Number of highly cited papers that are among the top 1% most cited,posicao,2104.0,
2026,2026-2027,530010,Universidade Federal de Amazonas,Indicador,Geral,Percentage of highly cited papers that are among the top 1% most cited,posicao,2244.0,
2026,2026-2027,530010,Universidade Federal de Amazonas,Indicador,Plant and Animal Science,Global research reputation,posicao,309.0,substituto
2026,2026-2027,530010,Universidade Federal de Amazonas,Indicador,Plant and Animal Science,Regional research reputation,posicao,24.0,
2026,2026-2027,530010,Universidade Federal de Amazonas,Indicador,Plant and Animal Science,Publications,posicao,424.0,
2026,2026-2027,530010,Universidade Federal de Amazonas,Indicador,Plant and Animal Science,Normalized citation impact,posicao,742.0,
2026,2026-2027,530010,Universidade Federal de Amazonas,Indicador,Plant and Animal Science,Total citations,posicao,666.0,
2026,2026-2027,530010,Universidade Federal de Amazonas,Indicador,Plant and Animal Science,Number of publications that are among the 10% most cited,posicao,719.0,
2026,2026-2027,530010,Universidade Federal de Amazonas,Indicador,Plant and Animal Science,Percentage of total publications that are among the 10% most cited,posicao,740.0,
2026,2026-2027,530010,Universidade Federal de Amazonas,Indicador,Plant and Animal Science,International collaboration - relative to country,posicao,460.0,
2026,2026-2027,530010,Universidade Federal de Amazonas,Indicador,Plant and Animal Science,International collaboration,posicao,593.0,
2026,2026-2027,530010,Universidade Federal de Amazonas,Indicador,Plant and Animal Science,Number of highly cited papers that are among the top 1% most cited,posicao,620.0,
2026,2026-2027,530010,Universidade Federal de Amazonas,Indicador,Plant and Animal Science,Percentage of highly cited papers that are among the top 1% most cited,posicao,654.0,
2026,2026-2027,530023,Universidade Federal do Piaui,Listagem,Geral,Best Universities in Brazil,posicao,43.0,
2026,2026-2027,530023,Universidade Federal do Piaui,Listagem,Geral,Best Global Universities,posicao,2129.0,empate
2026,2026-2027,530023,Universidade Federal do Piaui,Listagem,Geral,Global Score,score,18.0,
2026,2026-2027,530023,Universidade Federal do Piaui,Listagem,Geral,Enrollment,valor,,sem dado
2026,2026-2027,530023,Universidade Federal do Piaui,Perfil institucional,Geral,Total number of students,valor,,sem dado
2026,2026-2027,530023,Universidade Federal do Piaui,Perfil institucional,Geral,Number of international students,valor,,sem dado
2026,2026-2027,530023,Universidade Federal do Piaui,Perfil institucional,Geral,Total number of academic staff,valor,,sem dado
2026,2026-2027,530023,Universidade Federal do Piaui,Perfil institucional,Geral,Number of international staff,valor,,sem dado
2026,2026-2027,530023,Universidade Federal do Piaui,Perfil institucional,Geral,Number of undergraduate degrees awarded,valor,,sem dado
2026,2026-2027,530023,Universidade Federal do Piaui,Perfil institucional,Geral,Number of master's degrees awarded,valor,,sem dado
2026,2026-2027,530023,Universidade Federal do Piaui,Perfil institucional,Geral,Number of doctoral degrees awarded,valor,,sem dado
2026,2026-2027,530023,Universidade Federal do Piaui,Perfil institucional,Geral,Number of research only staff,valor,,sem dado
2026,2026-2027,530023,Universidade Federal do Piaui,Perfil institucional,Geral,Number of new undergraduate students,valor,,sem dado
2026,2026-2027,530023,Universidade Federal do Piaui,Perfil institucional,Geral,Number of new master's students,valor,,sem dado
2026,2026-2027,530023,Universidade Federal do Piaui,Perfil institucional,Geral,Number of new doctoral students,valor,,sem dado
2026,2026-2027,530023,Universidade Federal do Piaui,Ranking geral,Geral,Global score,score,18.0,
2026,2026-2027,530023,Universidade Federal do Piaui,Ranking geral,Geral,Best Global Universities,posicao,2129.0,empate
2026,2026-2027,530023,Universidade Federal do Piaui,Ranking geral,Geral,Best Global Universities in Latin America,posicao,101.0,empate
2026,2026-2027,530023,Universidade Federal do Piaui,Ranking geral,Geral,Best Global Universities in Brazil,posicao,43.0,
2026,2026-2027,530023,Universidade Federal do Piaui,Ranking por area,Chemistry,Posicao na area,posicao,1491.0,empate
2026,2026-2027,530023,Universidade Federal do Piaui,Ranking por area,Chemistry,Score na area,score,23.2,
2026,2026-2027,530023,Universidade Federal do Piaui,Indicador,Geral,Global research reputation,posicao,1839.0,
2026,2026-2027,530023,Universidade Federal do Piaui,Indicador,Geral,Regional research reputation,posicao,97.0,
2026,2026-2027,530023,Universidade Federal do Piaui,Indicador,Geral,Publications,posicao,1419.0,
2026,2026-2027,530023,Universidade Federal do Piaui,Indicador,Geral,Books,posicao,1152.0,
2026,2026-2027,530023,Universidade Federal do Piaui,Indicador,Geral,Conferences,posicao,1412.0,
2026,2026-2027,530023,Universidade Federal do Piaui,Indicador,Geral,Normalized citation impact,posicao,2399.0,
2026,2026-2027,530023,Universidade Federal do Piaui,Indicador,Geral,Total citations,posicao,1948.0,
2026,2026-2027,530023,Universidade Federal do Piaui,Indicador,Geral,Number of publications that are among the 10% most cited,posicao,2157.0,
2026,2026-2027,530023,Universidade Federal do Piaui,Indicador,Geral,Percentage of total publications that are among the 10% most cited,posicao,2396.0,
2026,2026-2027,530023,Universidade Federal do Piaui,Indicador,Geral,International collaboration - relative to country,posicao,1749.0,
2026,2026-2027,530023,Universidade Federal do Piaui,Indicador,Geral,International collaboration,posicao,1560.0,
2026,2026-2027,530023,Universidade Federal do Piaui,Indicador,Geral,Number of highly cited papers that are among the top 1% most cited,posicao,2206.0,
2026,2026-2027,530023,Universidade Federal do Piaui,Indicador,Geral,Percentage of highly cited papers that are among the top 1% most cited,posicao,2373.0,
2026,2026-2027,530023,Universidade Federal do Piaui,Indicador,Chemistry,Global research reputation,posicao,569.0,substituto
2026,2026-2027,530023,Universidade Federal do Piaui,Indicador,Chemistry,Regional research reputation,posicao,43.0,substituto
2026,2026-2027,530023,Universidade Federal do Piaui,Indicador,Chemistry,Publications,posicao,1449.0,
2026,2026-2027,530023,Universidade Federal do Piaui,Indicador,Chemistry,Normalized citation impact,posicao,1408.0,
2026,2026-2027,530023,Universidade Federal do Piaui,Indicador,Chemistry,Total citations,posicao,1532.0,
2026,2026-2027,530023,Universidade Federal do Piaui,Indicador,Chemistry,Number of publications that are among the 10% most cited,posicao,1484.0,
2026,2026-2027,530023,Universidade Federal do Piaui,Indicador,Chemistry,Percentage of total publications that are among the 10% most cited,posicao,1350.0,
2026,2026-2027,530023,Universidade Federal do Piaui,Indicador,Chemistry,International collaboration - relative to country,posicao,281.0,
2026,2026-2027,530023,Universidade Federal do Piaui,Indicador,Chemistry,International collaboration,posicao,746.0,
2026,2026-2027,530023,Universidade Federal do Piaui,Indicador,Chemistry,Number of highly cited papers that are among the top 1% most cited,posicao,1352.0,
2026,2026-2027,530023,Universidade Federal do Piaui,Indicador,Chemistry,Percentage of highly cited papers that are among the top 1% most cited,posicao,1340.0,
2026,2026-2027,529580,Universidade Federal de Alagoas,Listagem,Geral,Best Universities in Brazil,posicao,44.0,
2026,2026-2027,529580,Universidade Federal de Alagoas,Listagem,Geral,Best Global Universities,posicao,2175.0,empate
2026,2026-2027,529580,Universidade Federal de Alagoas,Listagem,Geral,Global Score,score,16.9,
2026,2026-2027,529580,Universidade Federal de Alagoas,Listagem,Geral,Enrollment,valor,,sem dado
2026,2026-2027,529580,Universidade Federal de Alagoas,Perfil institucional,Geral,Total number of students,valor,,sem dado
2026,2026-2027,529580,Universidade Federal de Alagoas,Perfil institucional,Geral,Number of international students,valor,,sem dado
2026,2026-2027,529580,Universidade Federal de Alagoas,Perfil institucional,Geral,Total number of academic staff,valor,,sem dado
2026,2026-2027,529580,Universidade Federal de Alagoas,Perfil institucional,Geral,Number of international staff,valor,,sem dado
2026,2026-2027,529580,Universidade Federal de Alagoas,Perfil institucional,Geral,Number of undergraduate degrees awarded,valor,,sem dado
2026,2026-2027,529580,Universidade Federal de Alagoas,Perfil institucional,Geral,Number of master's degrees awarded,valor,,sem dado
2026,2026-2027,529580,Universidade Federal de Alagoas,Perfil institucional,Geral,Number of doctoral degrees awarded,valor,,sem dado
2026,2026-2027,529580,Universidade Federal de Alagoas,Perfil institucional,Geral,Number of research only staff,valor,,sem dado
2026,2026-2027,529580,Universidade Federal de Alagoas,Perfil institucional,Geral,Number of new undergraduate students,valor,,sem dado
2026,2026-2027,529580,Universidade Federal de Alagoas,Perfil institucional,Geral,Number of new master's students,valor,,sem dado
2026,2026-2027,529580,Universidade Federal de Alagoas,Perfil institucional,Geral,Number of new doctoral students,valor,,sem dado
2026,2026-2027,529580,Universidade Federal de Alagoas,Ranking geral,Geral,Global score,score,16.9,
2026,2026-2027,529580,Universidade Federal de Alagoas,Ranking geral,Geral,Best Global Universities,posicao,2175.0,empate
2026,2026-2027,529580,Universidade Federal de Alagoas,Ranking geral,Geral,Best Global Universities in Latin America,posicao,107.0,
2026,2026-2027,529580,Universidade Federal de Alagoas,Ranking geral,Geral,Best Global Universities in Brazil,posicao,44.0,
2026,2026-2027,529580,Universidade Federal de Alagoas,Ranking por area,Environment/Ecology,Posicao na area,posicao,948.0,empate
2026,2026-2027,529580,Universidade Federal de Alagoas,Ranking por area,Environment/Ecology,Score na area,score,23.9,
2026,2026-2027,529580,Universidade Federal de Alagoas,Ranking por area,Plant and Animal Science,Posicao na area,posicao,748.0,
2026,2026-2027,529580,Universidade Federal de Alagoas,Ranking por area,Plant and Animal Science,Score na area,score,15.7,
2026,2026-2027,529580,Universidade Federal de Alagoas,Indicador,Geral,Global research reputation,posicao,1851.0,
2026,2026-2027,529580,Universidade Federal de Alagoas,Indicador,Geral,Regional research reputation,posicao,109.0,
2026,2026-2027,529580,Universidade Federal de Alagoas,Indicador,Geral,Publications,posicao,1596.0,
2026,2026-2027,529580,Universidade Federal de Alagoas,Indicador,Geral,Books,posicao,1427.0,substituto
2026,2026-2027,529580,Universidade Federal de Alagoas,Indicador,Geral,Conferences,posicao,1435.0,
2026,2026-2027,529580,Universidade Federal de Alagoas,Indicador,Geral,Normalized citation impact,posicao,2272.0,
2026,2026-2027,529580,Universidade Federal de Alagoas,Indicador,Geral,Total citations,posicao,1958.0,
2026,2026-2027,529580,Universidade Federal de Alagoas,Indicador,Geral,Number of publications that are among the 10% most cited,posicao,2260.0,
2026,2026-2027,529580,Universidade Federal de Alagoas,Indicador,Geral,Percentage of total publications that are among the 10% most cited,posicao,2394.0,
2026,2026-2027,529580,Universidade Federal de Alagoas,Indicador,Geral,International collaboration - relative to country,posicao,1937.0,
2026,2026-2027,529580,Universidade Federal de Alagoas,Indicador,Geral,International collaboration,posicao,1640.0,
2026,2026-2027,529580,Universidade Federal de Alagoas,Indicador,Geral,Number of highly cited papers that are among the top 1% most cited,posicao,2063.0,
2026,2026-2027,529580,Universidade Federal de Alagoas,Indicador,Geral,Percentage of highly cited papers that are among the top 1% most cited,posicao,2202.0,
2026,2026-2027,529580,Universidade Federal de Alagoas,Indicador,Environment/Ecology,Global research reputation,posicao,281.0,substituto
2026,2026-2027,529580,Universidade Federal de Alagoas,Indicador,Environment/Ecology,Regional research reputation,posicao,25.0,substituto
2026,2026-2027,529580,Universidade Federal de Alagoas,Indicador,Environment/Ecology,Publications,posicao,1049.0,
2026,2026-2027,529580,Universidade Federal de Alagoas,Indicador,Environment/Ecology,Normalized citation impact,posicao,939.0,
2026,2026-2027,529580,Universidade Federal de Alagoas,Indicador,Environment/Ecology,Total citations,posicao,1038.0,
2026,2026-2027,529580,Universidade Federal de Alagoas,Indicador,Environment/Ecology,Number of publications that are among the 10% most cited,posicao,981.0,
2026,2026-2027,529580,Universidade Federal de Alagoas,Indicador,Environment/Ecology,Percentage of total publications that are among the 10% most cited,posicao,794.0,
2026,2026-2027,529580,Universidade Federal de Alagoas,Indicador,Environment/Ecology,International collaboration - relative to country,posicao,103.0,
2026,2026-2027,529580,Universidade Federal de Alagoas,Indicador,Environment/Ecology,International collaboration,posicao,553.0,
2026,2026-2027,529580,Universidade Federal de Alagoas,Indicador,Environment/Ecology,Number of highly cited papers that are among the top 1% most cited,posicao,713.0,
2026,2026-2027,529580,Universidade Federal de Alagoas,Indicador,Environment/Ecology,Percentage of highly cited papers that are among the top 1% most cited,posicao,417.0,
2026,2026-2027,529580,Universidade Federal de Alagoas,Indicador,Plant and Animal Science,Global research reputation,posicao,309.0,substituto
2026,2026-2027,529580,Universidade Federal de Alagoas,Indicador,Plant and Animal Science,Regional research reputation,posicao,43.0,substituto
2026,2026-2027,529580,Universidade Federal de Alagoas,Indicador,Plant and Animal Science,Publications,posicao,710.0,
2026,2026-2027,529580,Universidade Federal de Alagoas,Indicador,Plant and Animal Science,Normalized citation impact,posicao,709.0,
2026,2026-2027,529580,Universidade Federal de Alagoas,Indicador,Plant and Animal Science,Total citations,posicao,752.0,
2026,2026-2027,529580,Universidade Federal de Alagoas,Indicador,Plant and Animal Science,Number of publications that are among the 10% most cited,posicao,736.0,
2026,2026-2027,529580,Universidade Federal de Alagoas,Indicador,Plant and Animal Science,Percentage of total publications that are among the 10% most cited,posicao,675.0,
2026,2026-2027,529580,Universidade Federal de Alagoas,Indicador,Plant and Animal Science,International collaboration - relative to country,posicao,603.0,
2026,2026-2027,529580,Universidade Federal de Alagoas,Indicador,Plant and Animal Science,International collaboration,posicao,632.0,
2026,2026-2027,529580,Universidade Federal de Alagoas,Indicador,Plant and Animal Science,Number of highly cited papers that are among the top 1% most cited,posicao,620.0,
2026,2026-2027,529580,Universidade Federal de Alagoas,Indicador,Plant and Animal Science,Percentage of highly cited papers that are among the top 1% most cited,posicao,523.0,
2026,2026-2027,530008,Universidade do Estado de Santa Catarina,Listagem,Geral,Best Universities in Brazil,posicao,45.0,
2026,2026-2027,530008,Universidade do Estado de Santa Catarina,Listagem,Geral,Best Global Universities,posicao,2207.0,empate
2026,2026-2027,530008,Universidade do Estado de Santa Catarina,Listagem,Geral,Global Score,score,16.2,
2026,2026-2027,530008,Universidade do Estado de Santa Catarina,Listagem,Geral,Enrollment,valor,,sem dado
2026,2026-2027,530008,Universidade do Estado de Santa Catarina,Perfil institucional,Geral,Total number of students,valor,,sem dado
2026,2026-2027,530008,Universidade do Estado de Santa Catarina,Perfil institucional,Geral,Number of international students,valor,,sem dado
2026,2026-2027,530008,Universidade do Estado de Santa Catarina,Perfil institucional,Geral,Total number of academic staff,valor,,sem dado
2026,2026-2027,530008,Universidade do Estado de Santa Catarina,Perfil institucional,Geral,Number of international staff,valor,,sem dado
2026,2026-2027,530008,Universidade do Estado de Santa Catarina,Perfil institucional,Geral,Number of undergraduate degrees awarded,valor,,sem dado
2026,2026-2027,530008,Universidade do Estado de Santa Catarina,Perfil institucional,Geral,Number of master's degrees awarded,valor,,sem dado
2026,2026-2027,530008,Universidade do Estado de Santa Catarina,Perfil institucional,Geral,Number of doctoral degrees awarded,valor,,sem dado
2026,2026-2027,530008,Universidade do Estado de Santa Catarina,Perfil institucional,Geral,Number of research only staff,valor,,sem dado
2026,2026-2027,530008,Universidade do Estado de Santa Catarina,Perfil institucional,Geral,Number of new undergraduate students,valor,,sem dado
2026,2026-2027,530008,Universidade do Estado de Santa Catarina,Perfil institucional,Geral,Number of new master's students,valor,,sem dado
2026,2026-2027,530008,Universidade do Estado de Santa Catarina,Perfil institucional,Geral,Number of new doctoral students,valor,,sem dado
2026,2026-2027,530008,Universidade do Estado de Santa Catarina,Ranking geral,Geral,Global score,score,16.2,
2026,2026-2027,530008,Universidade do Estado de Santa Catarina,Ranking geral,Geral,Best Global Universities,posicao,2207.0,empate
2026,2026-2027,530008,Universidade do Estado de Santa Catarina,Ranking geral,Geral,Best Global Universities in Latin America,posicao,110.0,
2026,2026-2027,530008,Universidade do Estado de Santa Catarina,Ranking geral,Geral,Best Global Universities in Brazil,posicao,45.0,
2026,2026-2027,530008,Universidade do Estado de Santa Catarina,Ranking por area,Plant and Animal Science,Posicao na area,posicao,738.0,empate
2026,2026-2027,530008,Universidade do Estado de Santa Catarina,Ranking por area,Plant and Animal Science,Score na area,score,17.5,
2026,2026-2027,530008,Universidade do Estado de Santa Catarina,Indicador,Geral,Global research reputation,posicao,1289.0,
2026,2026-2027,530008,Universidade do Estado de Santa Catarina,Indicador,Geral,Regional research reputation,posicao,83.0,
2026,2026-2027,530008,Universidade do Estado de Santa Catarina,Indicador,Geral,Publications,posicao,1845.0,
2026,2026-2027,530008,Universidade do Estado de Santa Catarina,Indicador,Geral,Books,posicao,1427.0,substituto
2026,2026-2027,530008,Universidade do Estado de Santa Catarina,Indicador,Geral,Conferences,posicao,1376.0,
2026,2026-2027,530008,Universidade do Estado de Santa Catarina,Indicador,Geral,Normalized citation impact,posicao,2409.0,
2026,2026-2027,530008,Universidade do Estado de Santa Catarina,Indicador,Geral,Total citations,posicao,2300.0,
2026,2026-2027,530008,Universidade do Estado de Santa Catarina,Indicador,Geral,Number of publications that are among the 10% most cited,posicao,2360.0,
2026,2026-2027,530008,Universidade do Estado de Santa Catarina,Indicador,Geral,Percentage of total publications that are among the 10% most cited,posicao,2400.0,
2026,2026-2027,530008,Universidade do Estado de Santa Catarina,Indicador,Geral,International collaboration - relative to country,posicao,2116.0,
2026,2026-2027,530008,Universidade do Estado de Santa Catarina,Indicador,Geral,International collaboration,posicao,1755.0,
2026,2026-2027,530008,Universidade do Estado de Santa Catarina,Indicador,Geral,Number of highly cited papers that are among the top 1% most cited,posicao,2339.0,
2026,2026-2027,530008,Universidade do Estado de Santa Catarina,Indicador,Geral,Percentage of highly cited papers that are among the top 1% most cited,posicao,2373.0,
2026,2026-2027,530008,Universidade do Estado de Santa Catarina,Indicador,Plant and Animal Science,Global research reputation,posicao,309.0,substituto
2026,2026-2027,530008,Universidade do Estado de Santa Catarina,Indicador,Plant and Animal Science,Regional research reputation,posicao,43.0,substituto
2026,2026-2027,530008,Universidade do Estado de Santa Catarina,Indicador,Plant and Animal Science,Publications,posicao,494.0,
2026,2026-2027,530008,Universidade do Estado de Santa Catarina,Indicador,Plant and Animal Science,Normalized citation impact,posicao,746.0,
2026,2026-2027,530008,Universidade do Estado de Santa Catarina,Indicador,Plant and Animal Science,Total citations,posicao,710.0,
2026,2026-2027,530008,Universidade do Estado de Santa Catarina,Indicador,Plant and Animal Science,Number of publications that are among the 10% most cited,posicao,706.0,
2026,2026-2027,530008,Universidade do Estado de Santa Catarina,Indicador,Plant and Animal Science,Percentage of total publications that are among the 10% most cited,posicao,709.0,
2026,2026-2027,530008,Universidade do Estado de Santa Catarina,Indicador,Plant and Animal Science,International collaboration - relative to country,posicao,733.0,
2026,2026-2027,530008,Universidade do Estado de Santa Catarina,Indicador,Plant and Animal Science,International collaboration,posicao,702.0,
2026,2026-2027,530008,Universidade do Estado de Santa Catarina,Indicador,Plant and Animal Science,Number of highly cited papers that are among the top 1% most cited,posicao,573.0,
2026,2026-2027,530008,Universidade do Estado de Santa Catarina,Indicador,Plant and Animal Science,Percentage of highly cited papers that are among the top 1% most cited,posicao,545.0,
2026,2026-2027,529757,Universidade Federal do Triângulo Mineiro,Listagem,Geral,Best Universities in Brazil,posicao,46.0,
2026,2026-2027,529757,Universidade Federal do Triângulo Mineiro,Listagem,Geral,Best Global Universities,posicao,2231.0,empate
2026,2026-2027,529757,Universidade Federal do Triângulo Mineiro,Listagem,Geral,Global Score,score,15.5,
2026,2026-2027,529757,Universidade Federal do Triângulo Mineiro,Listagem,Geral,Enrollment,valor,,sem dado
2026,2026-2027,529757,Universidade Federal do Triângulo Mineiro,Perfil institucional,Geral,Total number of students,valor,,sem dado
2026,2026-2027,529757,Universidade Federal do Triângulo Mineiro,Perfil institucional,Geral,Number of international students,valor,,sem dado
2026,2026-2027,529757,Universidade Federal do Triângulo Mineiro,Perfil institucional,Geral,Total number of academic staff,valor,,sem dado
2026,2026-2027,529757,Universidade Federal do Triângulo Mineiro,Perfil institucional,Geral,Number of international staff,valor,,sem dado
2026,2026-2027,529757,Universidade Federal do Triângulo Mineiro,Perfil institucional,Geral,Number of undergraduate degrees awarded,valor,,sem dado
2026,2026-2027,529757,Universidade Federal do Triângulo Mineiro,Perfil institucional,Geral,Number of master's degrees awarded,valor,,sem dado
2026,2026-2027,529757,Universidade Federal do Triângulo Mineiro,Perfil institucional,Geral,Number of doctoral degrees awarded,valor,,sem dado
2026,2026-2027,529757,Universidade Federal do Triângulo Mineiro,Perfil institucional,Geral,Number of research only staff,valor,,sem dado
2026,2026-2027,529757,Universidade Federal do Triângulo Mineiro,Perfil institucional,Geral,Number of new undergraduate students,valor,,sem dado
2026,2026-2027,529757,Universidade Federal do Triângulo Mineiro,Perfil institucional,Geral,Number of new master's students,valor,,sem dado
2026,2026-2027,529757,Universidade Federal do Triângulo Mineiro,Perfil institucional,Geral,Number of new doctoral students,valor,,sem dado
2026,2026-2027,529757,Universidade Federal do Triângulo Mineiro,Ranking geral,Geral,Global score,score,15.5,
2026,2026-2027,529757,Universidade Federal do Triângulo Mineiro,Ranking geral,Geral,Best Global Universities,posicao,2231.0,empate
2026,2026-2027,529757,Universidade Federal do Triângulo Mineiro,Ranking geral,Geral,Best Global Universities in Latin America,posicao,112.0,
2026,2026-2027,529757,Universidade Federal do Triângulo Mineiro,Ranking geral,Geral,Best Global Universities in Brazil,posicao,46.0,
2026,2026-2027,529757,Universidade Federal do Triângulo Mineiro,Indicador,Geral,Global research reputation,posicao,1839.0,
2026,2026-2027,529757,Universidade Federal do Triângulo Mineiro,Indicador,Geral,Regional research reputation,posicao,109.0,
2026,2026-2027,529757,Universidade Federal do Triângulo Mineiro,Indicador,Geral,Publications,posicao,2224.0,
2026,2026-2027,529757,Universidade Federal do Triângulo Mineiro,Indicador,Geral,Books,posicao,1427.0,
2026,2026-2027,529757,Universidade Federal do Triângulo Mineiro,Indicador,Geral,Conferences,posicao,2190.0,
2026,2026-2027,529757,Universidade Federal do Triângulo Mineiro,Indicador,Geral,Normalized citation impact,posicao,2302.0,
2026,2026-2027,529757,Universidade Federal do Triângulo Mineiro,Indicador,Geral,Total citations,posicao,2383.0,
2026,2026-2027,529757,Universidade Federal do Triângulo Mineiro,Indicador,Geral,Number of publications that are among the 10% most cited,posicao,2374.0,
2026,2026-2027,529757,Universidade Federal do Triângulo Mineiro,Indicador,Geral,Percentage of total publications that are among the 10% most cited,posicao,2287.0,
2026,2026-2027,529757,Universidade Federal do Triângulo Mineiro,Indicador,Geral,International collaboration - relative to country,posicao,1533.0,
2026,2026-2027,529757,Universidade Federal do Triângulo Mineiro,Indicador,Geral,International collaboration,posicao,1470.0,
2026,2026-2027,529757,Universidade Federal do Triângulo Mineiro,Indicador,Geral,Number of highly cited papers that are among the top 1% most cited,posicao,2063.0,
2026,2026-2027,529757,Universidade Federal do Triângulo Mineiro,Indicador,Geral,Percentage of highly cited papers that are among the top 1% most cited,posicao,1645.0,
2026,2026-2027,529582,Universidade Federal de Ouro Preto,Listagem,Geral,Best Universities in Brazil,posicao,47.0,
2026,2026-2027,529582,Universidade Federal de Ouro Preto,Listagem,Geral,Best Global Universities,posicao,2237.0,empate
2026,2026-2027,529582,Universidade Federal de Ouro Preto,Listagem,Geral,Global Score,score,15.4,
2026,2026-2027,529582,Universidade Federal de Ouro Preto,Listagem,Geral,Enrollment,valor,,sem dado
2026,2026-2027,529582,Universidade Federal de Ouro Preto,Perfil institucional,Geral,Total number of students,valor,,sem dado
2026,2026-2027,529582,Universidade Federal de Ouro Preto,Perfil institucional,Geral,Number of international students,valor,,sem dado
2026,2026-2027,529582,Universidade Federal de Ouro Preto,Perfil institucional,Geral,Total number of academic staff,valor,,sem dado
2026,2026-2027,529582,Universidade Federal de Ouro Preto,Perfil institucional,Geral,Number of international staff,valor,,sem dado
2026,2026-2027,529582,Universidade Federal de Ouro Preto,Perfil institucional,Geral,Number of undergraduate degrees awarded,valor,,sem dado
2026,2026-2027,529582,Universidade Federal de Ouro Preto,Perfil institucional,Geral,Number of master's degrees awarded,valor,,sem dado
2026,2026-2027,529582,Universidade Federal de Ouro Preto,Perfil institucional,Geral,Number of doctoral degrees awarded,valor,,sem dado
2026,2026-2027,529582,Universidade Federal de Ouro Preto,Perfil institucional,Geral,Number of research only staff,valor,,sem dado
2026,2026-2027,529582,Universidade Federal de Ouro Preto,Perfil institucional,Geral,Number of new undergraduate students,valor,,sem dado
2026,2026-2027,529582,Universidade Federal de Ouro Preto,Perfil institucional,Geral,Number of new master's students,valor,,sem dado
2026,2026-2027,529582,Universidade Federal de Ouro Preto,Perfil institucional,Geral,Number of new doctoral students,valor,,sem dado
2026,2026-2027,529582,Universidade Federal de Ouro Preto,Ranking geral,Geral,Global score,score,15.4,
2026,2026-2027,529582,Universidade Federal de Ouro Preto,Ranking geral,Geral,Best Global Universities,posicao,2237.0,empate
2026,2026-2027,529582,Universidade Federal de Ouro Preto,Ranking geral,Geral,Best Global Universities in Latin America,posicao,113.0,
2026,2026-2027,529582,Universidade Federal de Ouro Preto,Ranking geral,Geral,Best Global Universities in Brazil,posicao,47.0,
2026,2026-2027,529582,Universidade Federal de Ouro Preto,Indicador,Geral,Global research reputation,posicao,1839.0,
2026,2026-2027,529582,Universidade Federal de Ouro Preto,Indicador,Geral,Regional research reputation,posicao,97.0,
2026,2026-2027,529582,Universidade Federal de Ouro Preto,Indicador,Geral,Publications,posicao,1689.0,
2026,2026-2027,529582,Universidade Federal de Ouro Preto,Indicador,Geral,Books,posicao,1427.0,substituto
2026,2026-2027,529582,Universidade Federal de Ouro Preto,Indicador,Geral,Conferences,posicao,1500.0,
2026,2026-2027,529582,Universidade Federal de Ouro Preto,Indicador,Geral,Normalized citation impact,posicao,2267.0,
2026,2026-2027,529582,Universidade Federal de Ouro Preto,Indicador,Geral,Total citations,posicao,2030.0,
2026,2026-2027,529582,Universidade Federal de Ouro Preto,Indicador,Geral,Number of publications that are among the 10% most cited,posicao,2348.0,
2026,2026-2027,529582,Universidade Federal de Ouro Preto,Indicador,Geral,Percentage of total publications that are among the 10% most cited,posicao,2419.0,
2026,2026-2027,529582,Universidade Federal de Ouro Preto,Indicador,Geral,International collaboration - relative to country,posicao,2108.0,
2026,2026-2027,529582,Universidade Federal de Ouro Preto,Indicador,Geral,International collaboration,posicao,1746.0,
2026,2026-2027,529582,Universidade Federal de Ouro Preto,Indicador,Geral,Number of highly cited papers that are among the top 1% most cited,posicao,2206.0,
2026,2026-2027,529582,Universidade Federal de Ouro Preto,Indicador,Geral,Percentage of highly cited papers that are among the top 1% most cited,posicao,2299.0,
2026,2026-2027,530470,Getulio Vargas Foundation,Listagem,Geral,Best Universities in Brazil,posicao,,sem dado
2026,2026-2027,530470,Getulio Vargas Foundation,Listagem,Geral,Best Global Universities,posicao,,sem dado
2026,2026-2027,530470,Getulio Vargas Foundation,Listagem,Geral,Global Score,score,,sem dado
2026,2026-2027,530470,Getulio Vargas Foundation,Listagem,Geral,Enrollment,valor,,sem dado
2026,2026-2027,530470,Getulio Vargas Foundation,Perfil institucional,Geral,Total number of students,valor,,sem dado
2026,2026-2027,530470,Getulio Vargas Foundation,Perfil institucional,Geral,Number of international students,valor,,sem dado
2026,2026-2027,530470,Getulio Vargas Foundation,Perfil institucional,Geral,Total number of academic staff,valor,,sem dado
2026,2026-2027,530470,Getulio Vargas Foundation,Perfil institucional,Geral,Number of international staff,valor,,sem dado
2026,2026-2027,530470,Getulio Vargas Foundation,Perfil institucional,Geral,Number of undergraduate degrees awarded,valor,,sem dado
2026,2026-2027,530470,Getulio Vargas Foundation,Perfil institucional,Geral,Number of master's degrees awarded,valor,,sem dado
2026,2026-2027,530470,Getulio Vargas Foundation,Perfil institucional,Geral,Number of doctoral degrees awarded,valor,,sem dado
2026,2026-2027,530470,Getulio Vargas Foundation,Perfil institucional,Geral,Number of research only staff,valor,,sem dado
2026,2026-2027,530470,Getulio Vargas Foundation,Perfil institucional,Geral,Number of new undergraduate students,valor,,sem dado
2026,2026-2027,530470,Getulio Vargas Foundation,Perfil institucional,Geral,Number of new master's students,valor,,sem dado
2026,2026-2027,530470,Getulio Vargas Foundation,Perfil institucional,Geral,Number of new doctoral students,valor,,sem dado
2026,2026-2027,530470,Getulio Vargas Foundation,Ranking geral,Geral,Global score,score,,sem dado
2026,2026-2027,530470,Getulio Vargas Foundation,Ranking geral,Geral,Best Global Universities,posicao,,sem dado
2026,2026-2027,530470,Getulio Vargas Foundation,Ranking geral,Geral,Best Global Universities in Latin America,posicao,,sem dado
2026,2026-2027,530470,Getulio Vargas Foundation,Ranking geral,Geral,Best Global Universities in Brazil,posicao,,sem dado
2026,2026-2027,530470,Getulio Vargas Foundation,Ranking por area,Economics and Business,Posicao na area,posicao,268.0,empate
2026,2026-2027,530470,Getulio Vargas Foundation,Ranking por area,Economics and Business,Score na area,score,36.4,
2026,2026-2027,530470,Getulio Vargas Foundation,Ranking por area,Social Sciences and Public Health,Posicao na area,posicao,507.0,empate
2026,2026-2027,530470,Getulio Vargas Foundation,Ranking por area,Social Sciences and Public Health,Score na area,score,36.5,
2026,2026-2027,530470,Getulio Vargas Foundation,Indicador,Economics and Business,Global research reputation,posicao,178.0,
2026,2026-2027,530470,Getulio Vargas Foundation,Indicador,Economics and Business,Regional research reputation,posicao,2.0,
2026,2026-2027,530470,Getulio Vargas Foundation,Indicador,Economics and Business,Publications,posicao,212.0,
2026,2026-2027,530470,Getulio Vargas Foundation,Indicador,Economics and Business,Normalized citation impact,posicao,460.0,
2026,2026-2027,530470,Getulio Vargas Foundation,Indicador,Economics and Business,Total citations,posicao,384.0,
2026,2026-2027,530470,Getulio Vargas Foundation,Indicador,Economics and Business,Number of publications that are among the 10% most cited,posicao,403.0,
2026,2026-2027,530470,Getulio Vargas Foundation,Indicador,Economics and Business,Percentage of total publications that are among the 10% most cited,posicao,451.0,
2026,2026-2027,530470,Getulio Vargas Foundation,Indicador,Economics and Business,International collaboration - relative to country,posicao,12.0,
2026,2026-2027,530470,Getulio Vargas Foundation,Indicador,Economics and Business,International collaboration,posicao,242.0,
2026,2026-2027,530470,Getulio Vargas Foundation,Indicador,Economics and Business,Number of highly cited papers that are among the top 1% most cited,posicao,324.0,
2026,2026-2027,530470,Getulio Vargas Foundation,Indicador,Economics and Business,Percentage of highly cited papers that are among the top 1% most cited,posicao,379.0,
2026,2026-2027,530470,Getulio Vargas Foundation,Indicador,Social Sciences and Public Health,Global research reputation,posicao,387.0,
2026,2026-2027,530470,Getulio Vargas Foundation,Indicador,Social Sciences and Public Health,Regional research reputation,posicao,20.0,
2026,2026-2027,530470,Getulio Vargas Foundation,Indicador,Social Sciences and Public Health,Publications,posicao,788.0,
2026,2026-2027,530470,Getulio Vargas Foundation,Indicador,Social Sciences and Public Health,Normalized citation impact,posicao,200.0,
2026,2026-2027,530470,Getulio Vargas Foundation,Indicador,Social Sciences and Public Health,Total citations,posicao,666.0,
2026,2026-2027,530470,Getulio Vargas Foundation,Indicador,Social Sciences and Public Health,Number of publications that are among the 10% most cited,posicao,717.0,
2026,2026-2027,530470,Getulio Vargas Foundation,Indicador,Social Sciences and Public Health,Percentage of total publications that are among the 10% most cited,posicao,339.0,
2026,2026-2027,530470,Getulio Vargas Foundation,Indicador,Social Sciences and Public Health,International collaboration - relative to country,posicao,10.0,
2026,2026-2027,530470,Getulio Vargas Foundation,Indicador,Social Sciences and Public Health,International collaboration,posicao,99.0,
2026,2026-2027,530470,Getulio Vargas Foundation,Indicador,Social Sciences and Public Health,Number of highly cited papers that are among the top 1% most cited,posicao,731.0,
2026,2026-2027,530470,Getulio Vargas Foundation,Indicador,Social Sciences and Public Health,Percentage of highly cited papers that are among the top 1% most cited,posicao,638.0,
2026,2026-2027,530325,Universidade de Pernambuco (UPE),Listagem,Geral,Best Universities in Brazil,posicao,,sem dado
2026,2026-2027,530325,Universidade de Pernambuco (UPE),Listagem,Geral,Best Global Universities,posicao,,sem dado
2026,2026-2027,530325,Universidade de Pernambuco (UPE),Listagem,Geral,Global Score,score,,sem dado
2026,2026-2027,530325,Universidade de Pernambuco (UPE),Listagem,Geral,Enrollment,valor,,sem dado
2026,2026-2027,530325,Universidade de Pernambuco (UPE),Perfil institucional,Geral,Total number of students,valor,,sem dado
2026,2026-2027,530325,Universidade de Pernambuco (UPE),Perfil institucional,Geral,Number of international students,valor,,sem dado
2026,2026-2027,530325,Universidade de Pernambuco (UPE),Perfil institucional,Geral,Total number of academic staff,valor,,sem dado
2026,2026-2027,530325,Universidade de Pernambuco (UPE),Perfil institucional,Geral,Number of international staff,valor,,sem dado
2026,2026-2027,530325,Universidade de Pernambuco (UPE),Perfil institucional,Geral,Number of undergraduate degrees awarded,valor,,sem dado
2026,2026-2027,530325,Universidade de Pernambuco (UPE),Perfil institucional,Geral,Number of master's degrees awarded,valor,,sem dado
2026,2026-2027,530325,Universidade de Pernambuco (UPE),Perfil institucional,Geral,Number of doctoral degrees awarded,valor,,sem dado
2026,2026-2027,530325,Universidade de Pernambuco (UPE),Perfil institucional,Geral,Number of research only staff,valor,,sem dado
2026,2026-2027,530325,Universidade de Pernambuco (UPE),Perfil institucional,Geral,Number of new undergraduate students,valor,,sem dado
2026,2026-2027,530325,Universidade de Pernambuco (UPE),Perfil institucional,Geral,Number of new master's students,valor,,sem dado
2026,2026-2027,530325,Universidade de Pernambuco (UPE),Perfil institucional,Geral,Number of new doctoral students,valor,,sem dado
2026,2026-2027,530325,Universidade de Pernambuco (UPE),Ranking geral,Geral,Global score,score,,sem dado
2026,2026-2027,530325,Universidade de Pernambuco (UPE),Ranking geral,Geral,Best Global Universities,posicao,,sem dado
2026,2026-2027,530325,Universidade de Pernambuco (UPE),Ranking geral,Geral,Best Global Universities in Latin America,posicao,,sem dado
2026,2026-2027,530325,Universidade de Pernambuco (UPE),Ranking geral,Geral,Best Global Universities in Brazil,posicao,,sem dado
2026,2026-2027,530325,Universidade de Pernambuco (UPE),Ranking por area,Clinical Medicine,Posicao na area,posicao,1229.0,
2026,2026-2027,530325,Universidade de Pernambuco (UPE),Ranking por area,Clinical Medicine,Score na area,score,21.1,
2026,2026-2027,530325,Universidade de Pernambuco (UPE),Indicador,Clinical Medicine,Global research reputation,posicao,697.0,substituto
2026,2026-2027,530325,Universidade de Pernambuco (UPE),Indicador,Clinical Medicine,Regional research reputation,posicao,48.0,substituto
2026,2026-2027,530325,Universidade de Pernambuco (UPE),Indicador,Clinical Medicine,Publications,posicao,930.0,
2026,2026-2027,530325,Universidade de Pernambuco (UPE),Indicador,Clinical Medicine,Normalized citation impact,posicao,893.0,
2026,2026-2027,530325,Universidade de Pernambuco (UPE),Indicador,Clinical Medicine,Total citations,posicao,1040.0,
2026,2026-2027,530325,Universidade de Pernambuco (UPE),Indicador,Clinical Medicine,Number of publications that are among the 10% most cited,posicao,1310.0,
2026,2026-2027,530325,Universidade de Pernambuco (UPE),Indicador,Clinical Medicine,Percentage of total publications that are among the 10% most cited,posicao,1391.0,
2026,2026-2027,530325,Universidade de Pernambuco (UPE),Indicador,Clinical Medicine,International collaboration - relative to country,posicao,1075.0,
2026,2026-2027,530325,Universidade de Pernambuco (UPE),Indicador,Clinical Medicine,International collaboration,posicao,857.0,
2026,2026-2027,530325,Universidade de Pernambuco (UPE),Indicador,Clinical Medicine,Number of highly cited papers that are among the top 1% most cited,posicao,1181.0,
2026,2026-2027,530325,Universidade de Pernambuco (UPE),Indicador,Clinical Medicine,Percentage of highly cited papers that are among the top 1% most cited,posicao,1208.0,
2026,2026-2027,529666,Universidade Estadual de Feira de Santana,Listagem,Geral,Best Universities in Brazil,posicao,,sem dado
2026,2026-2027,529666,Universidade Estadual de Feira de Santana,Listagem,Geral,Best Global Universities,posicao,,sem dado
2026,2026-2027,529666,Universidade Estadual de Feira de Santana,Listagem,Geral,Global Score,score,,sem dado
2026,2026-2027,529666,Universidade Estadual de Feira de Santana,Listagem,Geral,Enrollment,valor,,sem dado
2026,2026-2027,529666,Universidade Estadual de Feira de Santana,Perfil institucional,Geral,Total number of students,valor,,sem dado
2026,2026-2027,529666,Universidade Estadual de Feira de Santana,Perfil institucional,Geral,Number of international students,valor,,sem dado
2026,2026-2027,529666,Universidade Estadual de Feira de Santana,Perfil institucional,Geral,Total number of academic staff,valor,,sem dado
2026,2026-2027,529666,Universidade Estadual de Feira de Santana,Perfil institucional,Geral,Number of international staff,valor,,sem dado
2026,2026-2027,529666,Universidade Estadual de Feira de Santana,Perfil institucional,Geral,Number of undergraduate degrees awarded,valor,,sem dado
2026,2026-2027,529666,Universidade Estadual de Feira de Santana,Perfil institucional,Geral,Number of master's degrees awarded,valor,,sem dado
2026,2026-2027,529666,Universidade Estadual de Feira de Santana,Perfil institucional,Geral,Number of doctoral degrees awarded,valor,,sem dado
2026,2026-2027,529666,Universidade Estadual de Feira de Santana,Perfil institucional,Geral,Number of research only staff,valor,,sem dado
2026,2026-2027,529666,Universidade Estadual de Feira de Santana,Perfil institucional,Geral,Number of new undergraduate students,valor,,sem dado
2026,2026-2027,529666,Universidade Estadual de Feira de Santana,Perfil institucional,Geral,Number of new master's students,valor,,sem dado
2026,2026-2027,529666,Universidade Estadual de Feira de Santana,Perfil institucional,Geral,Number of new doctoral students,valor,,sem dado
2026,2026-2027,529666,Universidade Estadual de Feira de Santana,Ranking geral,Geral,Global score,score,,sem dado
2026,2026-2027,529666,Universidade Estadual de Feira de Santana,Ranking geral,Geral,Best Global Universities,posicao,,sem dado
2026,2026-2027,529666,Universidade Estadual de Feira de Santana,Ranking geral,Geral,Best Global Universities in Latin America,posicao,,sem dado
2026,2026-2027,529666,Universidade Estadual de Feira de Santana,Ranking geral,Geral,Best Global Universities in Brazil,posicao,,sem dado
2026,2026-2027,529666,Universidade Estadual de Feira de Santana,Ranking por area,Plant and Animal Science,Posicao na area,posicao,544.0,empate
2026,2026-2027,529666,Universidade Estadual de Feira de Santana,Ranking por area,Plant and Animal Science,Score na area,score,32.0,
2026,2026-2027,529666,Universidade Estadual de Feira de Santana,Indicador,Plant and Animal Science,Global research reputation,posicao,309.0,substituto
2026,2026-2027,529666,Universidade Estadual de Feira de Santana,Indicador,Plant and Animal Science,Regional research reputation,posicao,43.0,substituto
2026,2026-2027,529666,Universidade Estadual de Feira de Santana,Indicador,Plant and Animal Science,Publications,posicao,533.0,
2026,2026-2027,529666,Universidade Estadual de Feira de Santana,Indicador,Plant and Animal Science,Normalized citation impact,posicao,433.0,
2026,2026-2027,529666,Universidade Estadual de Feira de Santana,Indicador,Plant and Animal Science,Total citations,posicao,548.0,
2026,2026-2027,529666,Universidade Estadual de Feira de Santana,Indicador,Plant and Animal Science,Number of publications that are among the 10% most cited,posicao,597.0,
2026,2026-2027,529666,Universidade Estadual de Feira de Santana,Indicador,Plant and Animal Science,Percentage of total publications that are among the 10% most cited,posicao,549.0,
2026,2026-2027,529666,Universidade Estadual de Feira de Santana,Indicador,Plant and Animal Science,International collaboration - relative to country,posicao,229.0,
2026,2026-2027,529666,Universidade Estadual de Feira de Santana,Indicador,Plant and Animal Science,International collaboration,posicao,546.0,
2026,2026-2027,529666,Universidade Estadual de Feira de Santana,Indicador,Plant and Animal Science,Number of highly cited papers that are among the top 1% most cited,posicao,281.0,
2026,2026-2027,529666,Universidade Estadual de Feira de Santana,Indicador,Plant and Animal Science,Percentage of highly cited papers that are among the top 1% most cited,posicao,112.0,
2026,2026-2027,530143,Universidade Estadual de Santa Cruz,Listagem,Geral,Best Universities in Brazil,posicao,,sem dado
2026,2026-2027,530143,Universidade Estadual de Santa Cruz,Listagem,Geral,Best Global Universities,posicao,,sem dado
2026,2026-2027,530143,Universidade Estadual de Santa Cruz,Listagem,Geral,Global Score,score,,sem dado
2026,2026-2027,530143,Universidade Estadual de Santa Cruz,Listagem,Geral,Enrollment,valor,,sem dado
2026,2026-2027,530143,Universidade Estadual de Santa Cruz,Perfil institucional,Geral,Total number of students,valor,,sem dado
2026,2026-2027,530143,Universidade Estadual de Santa Cruz,Perfil institucional,Geral,Number of international students,valor,,sem dado
2026,2026-2027,530143,Universidade Estadual de Santa Cruz,Perfil institucional,Geral,Total number of academic staff,valor,,sem dado
2026,2026-2027,530143,Universidade Estadual de Santa Cruz,Perfil institucional,Geral,Number of international staff,valor,,sem dado
2026,2026-2027,530143,Universidade Estadual de Santa Cruz,Perfil institucional,Geral,Number of undergraduate degrees awarded,valor,,sem dado
2026,2026-2027,530143,Universidade Estadual de Santa Cruz,Perfil institucional,Geral,Number of master's degrees awarded,valor,,sem dado
2026,2026-2027,530143,Universidade Estadual de Santa Cruz,Perfil institucional,Geral,Number of doctoral degrees awarded,valor,,sem dado
2026,2026-2027,530143,Universidade Estadual de Santa Cruz,Perfil institucional,Geral,Number of research only staff,valor,,sem dado
2026,2026-2027,530143,Universidade Estadual de Santa Cruz,Perfil institucional,Geral,Number of new undergraduate students,valor,,sem dado
2026,2026-2027,530143,Universidade Estadual de Santa Cruz,Perfil institucional,Geral,Number of new master's students,valor,,sem dado
2026,2026-2027,530143,Universidade Estadual de Santa Cruz,Perfil institucional,Geral,Number of new doctoral students,valor,,sem dado
2026,2026-2027,530143,Universidade Estadual de Santa Cruz,Ranking geral,Geral,Global score,score,,sem dado
2026,2026-2027,530143,Universidade Estadual de Santa Cruz,Ranking geral,Geral,Best Global Universities,posicao,,sem dado
2026,2026-2027,530143,Universidade Estadual de Santa Cruz,Ranking geral,Geral,Best Global Universities in Latin America,posicao,,sem dado
2026,2026-2027,530143,Universidade Estadual de Santa Cruz,Ranking geral,Geral,Best Global Universities in Brazil,posicao,,sem dado
2026,2026-2027,530143,Universidade Estadual de Santa Cruz,Ranking por area,Plant and Animal Science,Posicao na area,posicao,723.0,empate
2026,2026-2027,530143,Universidade Estadual de Santa Cruz,Ranking por area,Plant and Animal Science,Score na area,score,19.9,
2026,2026-2027,530143,Universidade Estadual de Santa Cruz,Indicador,Plant and Animal Science,Global research reputation,posicao,309.0,substituto
2026,2026-2027,530143,Universidade Estadual de Santa Cruz,Indicador,Plant and Animal Science,Regional research reputation,posicao,43.0,
2026,2026-2027,530143,Universidade Estadual de Santa Cruz,Indicador,Plant and Animal Science,Publications,posicao,419.0,
2026,2026-2027,530143,Universidade Estadual de Santa Cruz,Indicador,Plant and Animal Science,Normalized citation impact,posicao,760.0,
2026,2026-2027,530143,Universidade Estadual de Santa Cruz,Indicador,Plant and Animal Science,Total citations,posicao,699.0,
2026,2026-2027,530143,Universidade Estadual de Santa Cruz,Indicador,Plant and Animal Science,Number of publications that are among the 10% most cited,posicao,719.0,
2026,2026-2027,530143,Universidade Estadual de Santa Cruz,Indicador,Plant and Animal Science,Percentage of total publications that are among the 10% most cited,posicao,744.0,
2026,2026-2027,530143,Universidade Estadual de Santa Cruz,Indicador,Plant and Animal Science,International collaboration - relative to country,posicao,157.0,
2026,2026-2027,530143,Universidade Estadual de Santa Cruz,Indicador,Plant and Animal Science,International collaboration,posicao,520.0,
2026,2026-2027,530143,Universidade Estadual de Santa Cruz,Indicador,Plant and Animal Science,Number of highly cited papers that are among the top 1% most cited,posicao,713.0,
2026,2026-2027,530143,Universidade Estadual de Santa Cruz,Indicador,Plant and Animal Science,Percentage of highly cited papers that are among the top 1% most cited,posicao,747.0,
2026,2026-2027,530639,Universidade Estadual do Norte Fluminense,Listagem,Geral,Best Universities in Brazil,posicao,,sem dado
2026,2026-2027,530639,Universidade Estadual do Norte Fluminense,Listagem,Geral,Best Global Universities,posicao,,sem dado
2026,2026-2027,530639,Universidade Estadual do Norte Fluminense,Listagem,Geral,Global Score,score,,sem dado
2026,2026-2027,530639,Universidade Estadual do Norte Fluminense,Listagem,Geral,Enrollment,valor,,sem dado
2026,2026-2027,530639,Universidade Estadual do Norte Fluminense,Perfil institucional,Geral,Total number of students,valor,,sem dado
2026,2026-2027,530639,Universidade Estadual do Norte Fluminense,Perfil institucional,Geral,Number of international students,valor,,sem dado
2026,2026-2027,530639,Universidade Estadual do Norte Fluminense,Perfil institucional,Geral,Total number of academic staff,valor,,sem dado
2026,2026-2027,530639,Universidade Estadual do Norte Fluminense,Perfil institucional,Geral,Number of international staff,valor,,sem dado
2026,2026-2027,530639,Universidade Estadual do Norte Fluminense,Perfil institucional,Geral,Number of undergraduate degrees awarded,valor,,sem dado
2026,2026-2027,530639,Universidade Estadual do Norte Fluminense,Perfil institucional,Geral,Number of master's degrees awarded,valor,,sem dado
2026,2026-2027,530639,Universidade Estadual do Norte Fluminense,Perfil institucional,Geral,Number of doctoral degrees awarded,valor,,sem dado
2026,2026-2027,530639,Universidade Estadual do Norte Fluminense,Perfil institucional,Geral,Number of research only staff,valor,,sem dado
2026,2026-2027,530639,Universidade Estadual do Norte Fluminense,Perfil institucional,Geral,Number of new undergraduate students,valor,,sem dado
2026,2026-2027,530639,Universidade Estadual do Norte Fluminense,Perfil institucional,Geral,Number of new master's students,valor,,sem dado
2026,2026-2027,530639,Universidade Estadual do Norte Fluminense,Perfil institucional,Geral,Number of new doctoral students,valor,,sem dado
2026,2026-2027,530639,Universidade Estadual do Norte Fluminense,Ranking geral,Geral,Global score,score,,sem dado
2026,2026-2027,530639,Universidade Estadual do Norte Fluminense,Ranking geral,Geral,Best Global Universities,posicao,,sem dado
2026,2026-2027,530639,Universidade Estadual do Norte Fluminense,Ranking geral,Geral,Best Global Universities in Latin America,posicao,,sem dado
2026,2026-2027,530639,Universidade Estadual do Norte Fluminense,Ranking geral,Geral,Best Global Universities in Brazil,posicao,,sem dado
2026,2026-2027,530639,Universidade Estadual do Norte Fluminense,Ranking por area,Plant and Animal Science,Posicao na area,posicao,730.0,
2026,2026-2027,530639,Universidade Estadual do Norte Fluminense,Ranking por area,Plant and Animal Science,Score na area,score,18.4,
2026,2026-2027,530639,Universidade Estadual do Norte Fluminense,Indicador,Plant and Animal Science,Global research reputation,posicao,309.0,substituto
2026,2026-2027,530639,Universidade Estadual do Norte Fluminense,Indicador,Plant and Animal Science,Regional research reputation,posicao,43.0,
2026,2026-2027,530639,Universidade Estadual do Norte Fluminense,Indicador,Plant and Animal Science,Publications,posicao,569.0,
2026,2026-2027,530639,Universidade Estadual do Norte Fluminense,Indicador,Plant and Animal Science,Normalized citation impact,posicao,649.0,
2026,2026-2027,530639,Universidade Estadual do Norte Fluminense,Indicador,Plant and Animal Science,Total citations,posicao,694.0,
2026,2026-2027,530639,Universidade Estadual do Norte Fluminense,Indicador,Plant and Animal Science,Number of publications that are among the 10% most cited,posicao,690.0,
2026,2026-2027,530639,Universidade Estadual do Norte Fluminense,Indicador,Plant and Animal Science,Percentage of total publications that are among the 10% most cited,posicao,654.0,
2026,2026-2027,530639,Universidade Estadual do Norte Fluminense,Indicador,Plant and Animal Science,International collaboration - relative to country,posicao,699.0,
2026,2026-2027,530639,Universidade Estadual do Norte Fluminense,Indicador,Plant and Animal Science,International collaboration,posicao,672.0,
2026,2026-2027,530639,Universidade Estadual do Norte Fluminense,Indicador,Plant and Animal Science,Number of highly cited papers that are among the top 1% most cited,posicao,663.0,
2026,2026-2027,530639,Universidade Estadual do Norte Fluminense,Indicador,Plant and Animal Science,Percentage of highly cited papers that are among the top 1% most cited,posicao,664.0,
2026,2026-2027,530634,Universidade Federal Rural da Amazonia (UFRA),Listagem,Geral,Best Universities in Brazil,posicao,,sem dado
2026,2026-2027,530634,Universidade Federal Rural da Amazonia (UFRA),Listagem,Geral,Best Global Universities,posicao,,sem dado
2026,2026-2027,530634,Universidade Federal Rural da Amazonia (UFRA),Listagem,Geral,Global Score,score,,sem dado
2026,2026-2027,530634,Universidade Federal Rural da Amazonia (UFRA),Listagem,Geral,Enrollment,valor,,sem dado
2026,2026-2027,530634,Universidade Federal Rural da Amazonia (UFRA),Perfil institucional,Geral,Total number of students,valor,,sem dado
2026,2026-2027,530634,Universidade Federal Rural da Amazonia (UFRA),Perfil institucional,Geral,Number of international students,valor,,sem dado
2026,2026-2027,530634,Universidade Federal Rural da Amazonia (UFRA),Perfil institucional,Geral,Total number of academic staff,valor,,sem dado
2026,2026-2027,530634,Universidade Federal Rural da Amazonia (UFRA),Perfil institucional,Geral,Number of international staff,valor,,sem dado
2026,2026-2027,530634,Universidade Federal Rural da Amazonia (UFRA),Perfil institucional,Geral,Number of undergraduate degrees awarded,valor,,sem dado
2026,2026-2027,530634,Universidade Federal Rural da Amazonia (UFRA),Perfil institucional,Geral,Number of master's degrees awarded,valor,,sem dado
2026,2026-2027,530634,Universidade Federal Rural da Amazonia (UFRA),Perfil institucional,Geral,Number of doctoral degrees awarded,valor,,sem dado
2026,2026-2027,530634,Universidade Federal Rural da Amazonia (UFRA),Perfil institucional,Geral,Number of research only staff,valor,,sem dado
2026,2026-2027,530634,Universidade Federal Rural da Amazonia (UFRA),Perfil institucional,Geral,Number of new undergraduate students,valor,,sem dado
2026,2026-2027,530634,Universidade Federal Rural da Amazonia (UFRA),Perfil institucional,Geral,Number of new master's students,valor,,sem dado
2026,2026-2027,530634,Universidade Federal Rural da Amazonia (UFRA),Perfil institucional,Geral,Number of new doctoral students,valor,,sem dado
2026,2026-2027,530634,Universidade Federal Rural da Amazonia (UFRA),Ranking geral,Geral,Global score,score,,sem dado
2026,2026-2027,530634,Universidade Federal Rural da Amazonia (UFRA),Ranking geral,Geral,Best Global Universities,posicao,,sem dado
2026,2026-2027,530634,Universidade Federal Rural da Amazonia (UFRA),Ranking geral,Geral,Best Global Universities in Latin America,posicao,,sem dado
2026,2026-2027,530634,Universidade Federal Rural da Amazonia (UFRA),Ranking geral,Geral,Best Global Universities in Brazil,posicao,,sem dado
2026,2026-2027,530634,Universidade Federal Rural da Amazonia (UFRA),Ranking por area,Plant and Animal Science,Posicao na area,posicao,721.0,empate
2026,2026-2027,530634,Universidade Federal Rural da Amazonia (UFRA),Ranking por area,Plant and Animal Science,Score na area,score,20.1,
2026,2026-2027,530634,Universidade Federal Rural da Amazonia (UFRA),Indicador,Plant and Animal Science,Global research reputation,posicao,309.0,
2026,2026-2027,530634,Universidade Federal Rural da Amazonia (UFRA),Indicador,Plant and Animal Science,Regional research reputation,posicao,24.0,
2026,2026-2027,530634,Universidade Federal Rural da Amazonia (UFRA),Indicador,Plant and Animal Science,Publications,posicao,430.0,
2026,2026-2027,530634,Universidade Federal Rural da Amazonia (UFRA),Indicador,Plant and Animal Science,Normalized citation impact,posicao,699.0,
2026,2026-2027,530634,Universidade Federal Rural da Amazonia (UFRA),Indicador,Plant and Animal Science,Total citations,posicao,630.0,
2026,2026-2027,530634,Universidade Federal Rural da Amazonia (UFRA),Indicador,Plant and Animal Science,Number of publications that are among the 10% most cited,posicao,740.0,
2026,2026-2027,530634,Universidade Federal Rural da Amazonia (UFRA),Indicador,Plant and Animal Science,Percentage of total publications that are among the 10% most cited,posicao,759.0,
2026,2026-2027,530634,Universidade Federal Rural da Amazonia (UFRA),Indicador,Plant and Animal Science,International collaboration - relative to country,posicao,729.0,
2026,2026-2027,530634,Universidade Federal Rural da Amazonia (UFRA),Indicador,Plant and Animal Science,International collaboration,posicao,695.0,
2026,2026-2027,530634,Universidade Federal Rural da Amazonia (UFRA),Indicador,Plant and Animal Science,Number of highly cited papers that are among the top 1% most cited,posicao,663.0,
2026,2026-2027,530634,Universidade Federal Rural da Amazonia (UFRA),Indicador,Plant and Animal Science,Percentage of highly cited papers that are among the top 1% most cited,posicao,696.0,
2026,2026-2027,529587,Universidade Federal Rural do Rio de Janeiro (UFRRJ),Listagem,Geral,Best Universities in Brazil,posicao,,sem dado
2026,2026-2027,529587,Universidade Federal Rural do Rio de Janeiro (UFRRJ),Listagem,Geral,Best Global Universities,posicao,,sem dado
2026,2026-2027,529587,Universidade Federal Rural do Rio de Janeiro (UFRRJ),Listagem,Geral,Global Score,score,,sem dado
2026,2026-2027,529587,Universidade Federal Rural do Rio de Janeiro (UFRRJ),Listagem,Geral,Enrollment,valor,,sem dado
2026,2026-2027,529587,Universidade Federal Rural do Rio de Janeiro (UFRRJ),Perfil institucional,Geral,Total number of students,valor,,sem dado
2026,2026-2027,529587,Universidade Federal Rural do Rio de Janeiro (UFRRJ),Perfil institucional,Geral,Number of international students,valor,,sem dado
2026,2026-2027,529587,Universidade Federal Rural do Rio de Janeiro (UFRRJ),Perfil institucional,Geral,Total number of academic staff,valor,,sem dado
2026,2026-2027,529587,Universidade Federal Rural do Rio de Janeiro (UFRRJ),Perfil institucional,Geral,Number of international staff,valor,,sem dado
2026,2026-2027,529587,Universidade Federal Rural do Rio de Janeiro (UFRRJ),Perfil institucional,Geral,Number of undergraduate degrees awarded,valor,,sem dado
2026,2026-2027,529587,Universidade Federal Rural do Rio de Janeiro (UFRRJ),Perfil institucional,Geral,Number of master's degrees awarded,valor,,sem dado
2026,2026-2027,529587,Universidade Federal Rural do Rio de Janeiro (UFRRJ),Perfil institucional,Geral,Number of doctoral degrees awarded,valor,,sem dado
2026,2026-2027,529587,Universidade Federal Rural do Rio de Janeiro (UFRRJ),Perfil institucional,Geral,Number of research only staff,valor,,sem dado
2026,2026-2027,529587,Universidade Federal Rural do Rio de Janeiro (UFRRJ),Perfil institucional,Geral,Number of new undergraduate students,valor,,sem dado
2026,2026-2027,529587,Universidade Federal Rural do Rio de Janeiro (UFRRJ),Perfil institucional,Geral,Number of new master's students,valor,,sem dado
2026,2026-2027,529587,Universidade Federal Rural do Rio de Janeiro (UFRRJ),Perfil institucional,Geral,Number of new doctoral students,valor,,sem dado
2026,2026-2027,529587,Universidade Federal Rural do Rio de Janeiro (UFRRJ),Ranking geral,Geral,Global score,score,,sem dado
2026,2026-2027,529587,Universidade Federal Rural do Rio de Janeiro (UFRRJ),Ranking geral,Geral,Best Global Universities,posicao,,sem dado
2026,2026-2027,529587,Universidade Federal Rural do Rio de Janeiro (UFRRJ),Ranking geral,Geral,Best Global Universities in Latin America,posicao,,sem dado
2026,2026-2027,529587,Universidade Federal Rural do Rio de Janeiro (UFRRJ),Ranking geral,Geral,Best Global Universities in Brazil,posicao,,sem dado
2026,2026-2027,529587,Universidade Federal Rural do Rio de Janeiro (UFRRJ),Ranking por area,Plant and Animal Science,Posicao na area,posicao,699.0,
2026,2026-2027,529587,Universidade Federal Rural do Rio de Janeiro (UFRRJ),Ranking por area,Plant and Animal Science,Score na area,score,22.3,
2026,2026-2027,529587,Universidade Federal Rural do Rio de Janeiro (UFRRJ),Indicador,Plant and Animal Science,Global research reputation,posicao,148.0,
2026,2026-2027,529587,Universidade Federal Rural do Rio de Janeiro (UFRRJ),Indicador,Plant and Animal Science,Regional research reputation,posicao,43.0,
2026,2026-2027,529587,Universidade Federal Rural do Rio de Janeiro (UFRRJ),Indicador,Plant and Animal Science,Publications,posicao,300.0,
2026,2026-2027,529587,Universidade Federal Rural do Rio de Janeiro (UFRRJ),Indicador,Plant and Animal Science,Normalized citation impact,posicao,765.0,
2026,2026-2027,529587,Universidade Federal Rural do Rio de Janeiro (UFRRJ),Indicador,Plant and Animal Science,Total citations,posicao,642.0,
2026,2026-2027,529587,Universidade Federal Rural do Rio de Janeiro (UFRRJ),Indicador,Plant and Animal Science,Number of publications that are among the 10% most cited,posicao,711.0,
2026,2026-2027,529587,Universidade Federal Rural do Rio de Janeiro (UFRRJ),Indicador,Plant and Animal Science,Percentage of total publications that are among the 10% most cited,posicao,761.0,
2026,2026-2027,529587,Universidade Federal Rural do Rio de Janeiro (UFRRJ),Indicador,Plant and Animal Science,International collaboration - relative to country,posicao,738.0,
2026,2026-2027,529587,Universidade Federal Rural do Rio de Janeiro (UFRRJ),Indicador,Plant and Animal Science,International collaboration,posicao,707.0,
2026,2026-2027,529587,Universidade Federal Rural do Rio de Janeiro (UFRRJ),Indicador,Plant and Animal Science,Number of highly cited papers that are among the top 1% most cited,posicao,713.0,
2026,2026-2027,529587,Universidade Federal Rural do Rio de Janeiro (UFRRJ),Indicador,Plant and Animal Science,Percentage of highly cited papers that are among the top 1% most cited,posicao,752.0,
2026,2026-2027,530376,Universidade Federal Rural do Semi-Arido (UFERSA),Listagem,Geral,Best Universities in Brazil,posicao,,sem dado
2026,2026-2027,530376,Universidade Federal Rural do Semi-Arido (UFERSA),Listagem,Geral,Best Global Universities,posicao,,sem dado
2026,2026-2027,530376,Universidade Federal Rural do Semi-Arido (UFERSA),Listagem,Geral,Global Score,score,,sem dado
2026,2026-2027,530376,Universidade Federal Rural do Semi-Arido (UFERSA),Listagem,Geral,Enrollment,valor,,sem dado
2026,2026-2027,530376,Universidade Federal Rural do Semi-Arido (UFERSA),Perfil institucional,Geral,Total number of students,valor,,sem dado
2026,2026-2027,530376,Universidade Federal Rural do Semi-Arido (UFERSA),Perfil institucional,Geral,Number of international students,valor,,sem dado
2026,2026-2027,530376,Universidade Federal Rural do Semi-Arido (UFERSA),Perfil institucional,Geral,Total number of academic staff,valor,,sem dado
2026,2026-2027,530376,Universidade Federal Rural do Semi-Arido (UFERSA),Perfil institucional,Geral,Number of international staff,valor,,sem dado
2026,2026-2027,530376,Universidade Federal Rural do Semi-Arido (UFERSA),Perfil institucional,Geral,Number of undergraduate degrees awarded,valor,,sem dado
2026,2026-2027,530376,Universidade Federal Rural do Semi-Arido (UFERSA),Perfil institucional,Geral,Number of master's degrees awarded,valor,,sem dado
2026,2026-2027,530376,Universidade Federal Rural do Semi-Arido (UFERSA),Perfil institucional,Geral,Number of doctoral degrees awarded,valor,,sem dado
2026,2026-2027,530376,Universidade Federal Rural do Semi-Arido (UFERSA),Perfil institucional,Geral,Number of research only staff,valor,,sem dado
2026,2026-2027,530376,Universidade Federal Rural do Semi-Arido (UFERSA),Perfil institucional,Geral,Number of new undergraduate students,valor,,sem dado
2026,2026-2027,530376,Universidade Federal Rural do Semi-Arido (UFERSA),Perfil institucional,Geral,Number of new master's students,valor,,sem dado
2026,2026-2027,530376,Universidade Federal Rural do Semi-Arido (UFERSA),Perfil institucional,Geral,Number of new doctoral students,valor,,sem dado
2026,2026-2027,530376,Universidade Federal Rural do Semi-Arido (UFERSA),Ranking geral,Geral,Global score,score,,sem dado
2026,2026-2027,530376,Universidade Federal Rural do Semi-Arido (UFERSA),Ranking geral,Geral,Best Global Universities,posicao,,sem dado
2026,2026-2027,530376,Universidade Federal Rural do Semi-Arido (UFERSA),Ranking geral,Geral,Best Global Universities in Latin America,posicao,,sem dado
2026,2026-2027,530376,Universidade Federal Rural do Semi-Arido (UFERSA),Ranking geral,Geral,Best Global Universities in Brazil,posicao,,sem dado
2026,2026-2027,530376,Universidade Federal Rural do Semi-Arido (UFERSA),Ranking por area,Plant and Animal Science,Posicao na area,posicao,728.0,
2026,2026-2027,530376,Universidade Federal Rural do Semi-Arido (UFERSA),Ranking por area,Plant and Animal Science,Score na area,score,18.8,
2026,2026-2027,530376,Universidade Federal Rural do Semi-Arido (UFERSA),Indicador,Plant and Animal Science,Global research reputation,posicao,256.0,
2026,2026-2027,530376,Universidade Federal Rural do Semi-Arido (UFERSA),Indicador,Plant and Animal Science,Regional research reputation,posicao,24.0,
2026,2026-2027,530376,Universidade Federal Rural do Semi-Arido (UFERSA),Indicador,Plant and Animal Science,Publications,posicao,538.0,
2026,2026-2027,530376,Universidade Federal Rural do Semi-Arido (UFERSA),Indicador,Plant and Animal Science,Normalized citation impact,posicao,722.0,
2026,2026-2027,530376,Universidade Federal Rural do Semi-Arido (UFERSA),Indicador,Plant and Animal Science,Total citations,posicao,715.0,
2026,2026-2027,530376,Universidade Federal Rural do Semi-Arido (UFERSA),Indicador,Plant and Animal Science,Number of publications that are among the 10% most cited,posicao,740.0,
2026,2026-2027,530376,Universidade Federal Rural do Semi-Arido (UFERSA),Indicador,Plant and Animal Science,Percentage of total publications that are among the 10% most cited,posicao,735.0,
2026,2026-2027,530376,Universidade Federal Rural do Semi-Arido (UFERSA),Indicador,Plant and Animal Science,International collaboration - relative to country,posicao,751.0,
2026,2026-2027,530376,Universidade Federal Rural do Semi-Arido (UFERSA),Indicador,Plant and Animal Science,International collaboration,posicao,723.0,
2026,2026-2027,530376,Universidade Federal Rural do Semi-Arido (UFERSA),Indicador,Plant and Animal Science,Number of highly cited papers that are among the top 1% most cited,posicao,620.0,
2026,2026-2027,530376,Universidade Federal Rural do Semi-Arido (UFERSA),Indicador,Plant and Animal Science,Percentage of highly cited papers that are among the top 1% most cited,posicao,600.0,
2026,2026-2027,530813,Universidade Nove de Julho,Listagem,Geral,Best Universities in Brazil,posicao,,sem dado
2026,2026-2027,530813,Universidade Nove de Julho,Listagem,Geral,Best Global Universities,posicao,,sem dado
2026,2026-2027,530813,Universidade Nove de Julho,Listagem,Geral,Global Score,score,,sem dado
2026,2026-2027,530813,Universidade Nove de Julho,Listagem,Geral,Enrollment,valor,,sem dado
2026,2026-2027,530813,Universidade Nove de Julho,Perfil institucional,Geral,Total number of students,valor,,sem dado
2026,2026-2027,530813,Universidade Nove de Julho,Perfil institucional,Geral,Number of international students,valor,,sem dado
2026,2026-2027,530813,Universidade Nove de Julho,Perfil institucional,Geral,Total number of academic staff,valor,,sem dado
2026,2026-2027,530813,Universidade Nove de Julho,Perfil institucional,Geral,Number of international staff,valor,,sem dado
2026,2026-2027,530813,Universidade Nove de Julho,Perfil institucional,Geral,Number of undergraduate degrees awarded,valor,,sem dado
2026,2026-2027,530813,Universidade Nove de Julho,Perfil institucional,Geral,Number of master's degrees awarded,valor,,sem dado
2026,2026-2027,530813,Universidade Nove de Julho,Perfil institucional,Geral,Number of doctoral degrees awarded,valor,,sem dado
2026,2026-2027,530813,Universidade Nove de Julho,Perfil institucional,Geral,Number of research only staff,valor,,sem dado
2026,2026-2027,530813,Universidade Nove de Julho,Perfil institucional,Geral,Number of new undergraduate students,valor,,sem dado
2026,2026-2027,530813,Universidade Nove de Julho,Perfil institucional,Geral,Number of new master's students,valor,,sem dado
2026,2026-2027,530813,Universidade Nove de Julho,Perfil institucional,Geral,Number of new doctoral students,valor,,sem dado
2026,2026-2027,530813,Universidade Nove de Julho,Ranking geral,Geral,Global score,score,,sem dado
2026,2026-2027,530813,Universidade Nove de Julho,Ranking geral,Geral,Best Global Universities,posicao,,sem dado
2026,2026-2027,530813,Universidade Nove de Julho,Ranking geral,Geral,Best Global Universities in Latin America,posicao,,sem dado
2026,2026-2027,530813,Universidade Nove de Julho,Ranking geral,Geral,Best Global Universities in Brazil,posicao,,sem dado
2026,2026-2027,530813,Universidade Nove de Julho,Ranking por area,Clinical Medicine,Posicao na area,posicao,1206.0,empate
2026,2026-2027,530813,Universidade Nove de Julho,Ranking por area,Clinical Medicine,Score na area,score,22.0,
2026,2026-2027,530813,Universidade Nove de Julho,Indicador,Clinical Medicine,Global research reputation,posicao,697.0,substituto
2026,2026-2027,530813,Universidade Nove de Julho,Indicador,Clinical Medicine,Regional research reputation,posicao,48.0,
2026,2026-2027,530813,Universidade Nove de Julho,Indicador,Clinical Medicine,Publications,posicao,999.0,
2026,2026-2027,530813,Universidade Nove de Julho,Indicador,Clinical Medicine,Normalized citation impact,posicao,768.0,
2026,2026-2027,530813,Universidade Nove de Julho,Indicador,Clinical Medicine,Total citations,posicao,1039.0,
2026,2026-2027,530813,Universidade Nove de Julho,Indicador,Clinical Medicine,Number of publications that are among the 10% most cited,posicao,1336.0,
2026,2026-2027,530813,Universidade Nove de Julho,Indicador,Clinical Medicine,Percentage of total publications that are among the 10% most cited,posicao,1384.0,
2026,2026-2027,530813,Universidade Nove de Julho,Indicador,Clinical Medicine,International collaboration - relative to country,posicao,934.0,
2026,2026-2027,530813,Universidade Nove de Julho,Indicador,Clinical Medicine,International collaboration,posicao,782.0,
2026,2026-2027,530813,Universidade Nove de Julho,Indicador,Clinical Medicine,Number of highly cited papers that are among the top 1% most cited,posicao,1062.0,
2026,2026-2027,530813,Universidade Nove de Julho,Indicador,Clinical Medicine,Percentage of highly cited papers that are among the top 1% most cited,posicao,962.0,
