ano;curso;Universidade;Estado;Posição;Pública ou Privada;Posição em avaliação do Mercado;Nota em avaliação do Mercado;Posição em qualidade de ensino;Nota em qualidade de ensino;Posição em Instrução dos Professores;Nota em Instrução dos Professores;Posição Nota dos concluintes;Nota dos concluintes;Posição Desistência;Nota Desistência;Posição em Tempo de Dedicação dos Professores;Nota em Tempo de Dedicação dos Professores;Posição no MEC;Nota no MEC;Nota da OAB;Posição em Professores com doutorado e mestrado;Nota em Professores com doutorado e mestrado;Posição em avaliação dos docentes;Nota em avaliação dos docentes;Posição Nota da OAB;Posição PP;Posição em Permanência dos alunos;Nota em Permanência dos alunos
2019;direito;Universidade de São Paulo;SP;1;Estadual;1;18;1;43.43;1;8;59;7.43;;;1;8;1;20;37.73;;;;;;;;
2019;direito;Universidade Federal de Minas Gerais;MG;2;Federal;4;17.55;2;43.24;4;7.97;24;7.78;;;1;8;2;19.49;37.77;;;;;;;;
2019;direito;Escola de Direito de São Paulo;SP;3;Privada;10;16.66;3;42.72;3;7.98;25;7.77;;;1;8;3;18.97;36.86;;;;;;;;
2019;direito;Universidade de Brasília;DF;4;Federal;10;16.66;4;41.89;6;7.96;3;7.98;;;1;8;5;17.95;37.04;;;;;;;;
2019;direito;Universidade Federal do Rio de Janeiro;RJ;5;Federal;4;17.55;5;41.43;11;7.91;45;7.57;;;1;8;5;17.95;36.45;;;;;;;;
2019;direito;Universidade Federal do Paraná;PR;6;Federal;10;16.66;7;41.05;8;7.94;87;7.16;;;1;8;5;17.95;37.64;;;;;;;;
2019;direito;Universidade Federal de Pernambuco;PE;7;Federal;4;17.55;9;38.92;18;7.85;34;7.68;;;1;8;10;15.39;37.95;;;;;;;;
2019;direito;Universidade Federal do Rio Grande do Sul;RS;8;Federal;10;16.66;8;38.99;9;7.93;35;7.67;;;1;8;10;15.39;37;;;;;;;;
2019;direito;Pontifícia Universidade Católica de São Paulo;SP;9;Privada;1;18;11;37.62;16;7.87;201-250;5.64;;;301-350;5.14;3;18.97;36.17;;;;;;;;
2019;direito;Universidade do Estado do Rio de Janeiro;RJ;10;Estadual;10;16.66;10;37.92;10;7.92;13;7.88;;;147;6.73;10;15.39;37.13;;;;;;;;
2019;direito;Escola de Direito do Rio de Janeiro;RJ;11;Privada;27;14.13;12;37.5;55;7.53;7;7.94;;;157;6.64;10;15.39;37.82;;;;;;;;
2019;direito;Universidade Federal Fluminense;RJ;12;Federal;27;14.13;14;36.67;25;7.79;47;7.55;;;1;8;14;13.33;37.22;;;;;;;;
2019;direito;Universidade Federal de Santa Catarina;SC;13;Federal;61;9.07;6;41.4;30;7.75;32;7.7;;;1;8;5;17.95;37.54;;;;;;;;
2019;direito;Universidade Presbiteriana Mackenzie;SP;14;Privada;1;18;16;33.3;34;7.71;251-300;5.43;;;601-700;2.21;5;17.95;34.76;;;;;;;;
2019;direito;Universidade Federal da Bahia;BA;15;Federal;27;14.13;18;31.76;84;7.28;26;7.76;;;1;8;23;8.72;37.18;;;;;;;;
2019;direito;Universidade Federal de Goiás;GO;16;Federal;10;16.66;24;29.74;201-250;6.18;120;6.84;;;1;8;23;8.72;35.67;;;;;;;;
2019;direito;Universidade Estadual de Londrina;PR;17;Estadual;27;14.13;19;31.45;114;7.02;31;7.71;;;1;8;23;8.72;36.31;;;;;;;;
2019;direito;Universidade Estadual Paulista Júlio de Mesquita Filho;SP;18;Estadual;61;9.07;15;34.78;7;7.95;59;7.43;;;201-250;6.07;14;13.33;38;;;;;;;;
2019;direito;Pontifícia Universidade Católica do Rio de Janeiro;RJ;19;Privada;4;17.55;28;27.54;121;6.96;110;6.94;;;801-1000;0.31;14;13.33;36.04;;;;;;;;
2019;direito;Universidade do Vale do Rio dos Sinos;RS;20;Privada;10;16.66;17;33.03;24;7.8;201-250;5.81;;;201-250;6.09;14;13.33;30.65;;;;;;;;
2019;direito;Pontifícia Universidade Católica do Paraná;PR;21;Privada;10;16.66;26;29.02;194;6.33;118;6.86;;;601-700;2.5;14;13.33;32.7;;;;;;;;
2019;direito;Pontifícia Universidade Católica do Rio Grande do Sul;RS;22;Privada;10;16.66;25;29.55;22;7.82;401-500;3.71;;;351-400;4.69;14;13.33;31.24;;;;;;;;
2019;direito;Universidade Federal do Ceará;CE;23;Federal;10;16.66;55;22.56;15;7.88;9;7.92;;;143;6.76;;;37.59;;;;;;;;
2019;direito;Universidade Federal de Mato Grosso;MT;24;Federal;61;9.07;21;31.17;159;6.63;19;7.82;;;1;8;23;8.72;35.9;;;;;;;;
2019;direito;Centro Universitário Curitiba;PR;25;Privada;27;14.13;32;25.78;128;6.9;64;7.39;;;601-700;2.77;23;8.72;34.8;;;;;;;;
2019;direito;Universidade Federal do Espírito Santo;ES;26;Federal;27;14.13;37;23.54;23;7.81;29;7.73;;;1;8;;;36.95;;;;;;;;
2019;direito;Universidade Estadual de Maringá;PR;27;Estadual;27;14.13;44;23.15;60;7.49;36;7.66;;;1;8;;;37.32;;;;;;;;
2019;direito;Universidade Federal de Juiz de Fora;MG;28;Federal;;;13;36.78;61;7.48;4;7.97;;;1;8;14;13.33;37.68;;;;;;;;
2019;direito;Pontifícia Universidade Católica de Minas Gerais;MG;29;Privada;4;17.55;33;24.94;115;7.01;251-300;5.45;;;401-500;3.76;23;8.72;31.79;;;;;;;;
2019;direito;Universidade Federal de Alagoas;AL;30;Federal;27;14.13;52;22.72;64;7.45;76;7.27;;;1;8;;;37.27;;;;;;;;
2019;direito;Universidade Federal do Rio Grande do Norte;RN;30;Federal;27;14.13;41;23.36;64;7.45;10;7.91;;;1;8;;;36.63;;;;;;;;
2019;direito;Universidade Federal de Uberlândia;MG;32;Federal;27;14.13;46;23.06;53;7.55;51;7.51;;;1;8;;;36.22;;;;;;;;
2019;direito;Centro Universitário das Faculdades Metropolitanas Unidas;SP;33;Privada;10;16.66;22;30.54;176;6.48;201-250;5.6;;;301-350;5.13;14;13.33;25.3;;;;;;;;
2019;direito;Universidade Federal do Pará;PA;34;Federal;27;14.13;36;23.62;28;7.77;16;7.85;;;1;8;;;34.39;;;;;;;;
2019;direito;Pontifícia Universidade Católica de Campinas;SP;35;Privada;27;14.13;57;22.48;82;7.3;201-250;5.62;;;801-1000;0.84;23;8.72;34.85;;;;;;;;
2019;direito;Centro Universitário de Brasília;DF;36;Privada;10;16.66;63;21.85;251-300;5.76;197;6.09;;;701-800;1.28;23;8.72;32.93;;;;;;;;
2019;direito;Universidade Federal do Amazonas;AM;37;Federal;27;14.13;91;19.61;401-500;3.71;11;7.9;;;1;8;;;36.13;;;;;;;;
2019;direito;Universidade Positivo;PR;38;Privada;61;9.07;29;27.35;56;7.52;138;6.66;;;401-500;4.45;23;8.72;33.25;;;;;;;;
2019;direito;Universidade São Judas Tadeu;SP;39;Privada;10;16.66;101;18.94;37;7.69;92;7.11;;;401-500;4.14;;;34.03;;;;;;;;
2019;direito;Universidade do Estado do Amazonas;AM;40;Estadual;27;14.13;67;21.16;251-300;5.53;39;7.63;;;1;8;;;34.26;;;;;;;;
2019;direito;Universidade de Pernambuco;PE;41;Estadual;61;9.07;37;23.54;46;7.61;8;7.93;;;1;8;;;36.77;;;;;;;;
2019;direito;Faculdade de Direito de Vitória;ES;42;Privada;61;9.07;42;23.32;33;7.72;42;7.6;;;1;8;;;36.4;;;;;;;;
2019;direito;Faculdade de Direito Milton Campos;MG;43;Privada;10;16.66;175;16.4;113;7.03;201-250;5.88;;;501-600;3.49;;;35.72;;;;;;;;
2019;direito;Centro Universitário do Estado do Pará;PA;44;Privada;27;14.13;77;20.46;92;7.21;18;7.83;;;251-300;5.42;;;34.16;;;;;;;;
2019;direito;Universidade Federal da Paraíba;PB;45;Federal;61;9.07;48;23.01;111;7.05;5;7.96;;;1;8;;;36.58;;;;;;;;
2019;direito;Universidade Federal do Piauí;PI;46;Federal;61;9.07;59;22.1;201-250;6.11;2;7.99;;;1;8;;;37.41;;;;;;;;
2019;direito;Universidade Federal de Mato Grosso do Sul;MS;47;Federal;61;9.07;39;23.5;401-500;4.52;97;7.06;;;501-600;3.2;23;8.72;34.67;;;;;;;;
2019;direito;Universidade Federal de Pelotas;RS;48;Federal;;;20;31.18;59;7.5;108;6.96;;;1;8;23;8.72;35.58;;;;;;;;
2019;direito;Universidade Salvador;BA;49;Privada;27;14.13;169;16.62;201-250;6.12;38;7.64;;;501-600;2.86;;;35.35;;;;;;;;
2019;direito;Universidade Cesumar;PR;50;Privada;27;14.13;84;20.21;127;6.91;68;7.35;;;201-250;5.95;;;31.7;;;;;;;;
2019;direito;Universidade Federal do Maranhão;MA;51;Federal;61;9.07;69;20.8;251-300;5.8;104;7;;;1;8;;;35.49;;;;;;;;
2019;direito;Centro Universitário Ritter dos Reis;RS;52;Privada;61;9.07;31;26.29;88;7.25;251-300;5.51;;;351-400;4.81;23;8.72;29.92;;;;;;;;
2019;direito;Universidade Católica de Pernambuco;PE;53;Privada;10;16.66;201-250;14.8;98;7.16;301-350;4.81;;;501-600;2.83;;;33.52;;;;;;;;
2019;direito;Centro Universitário Sete de Setembro;CE;54;Privada;27;14.13;93;19.51;169;6.54;101;7.02;;;201-250;5.95;;;31.01;;;;;;;;
2019;direito;Centro Universitário do Rio Grande do Norte;RN;55;Privada;61;9.07;60;22.06;39;7.67;166;6.39;;;1;8;;;32.75;;;;;;;;
2019;direito;Faculdade Ibmec São Paulo;SP;56;Privada;;;23;29.91;70;7.4;96;7.07;;;148;6.72;23;8.72;33.62;;;;;;;;
2019;direito;Faculdade de Direito de Franca;SP;57;Municipal;61;9.07;107;18.71;161;6.61;149;6.56;;;251-300;5.54;;;35.17;;;;;;;;
2019;direito;Faculdade de Direito de São Bernardo do Campo;SP;58;Municipal;27;14.13;251-300;13.77;31;7.74;201-250;6.03;;;;;;;34.71;;;;;;;;
2019;direito;Escola Superior Dom Helder Câmara;MG;59;Privada;61;9.07;92;19.57;148;6.73;82;7.21;;;251-300;5.63;;;33.89;;;;;;;;
2019;direito;Faculdade Baiana de Direito e Gestão;BA;60;Privada;61;9.07;163;16.78;167;6.56;61;7.42;;;501-600;2.8;;;36.26;;;;;;;;
2019;direito;Universidade Fumec;MG;61;Privada;27;14.13;201-250;14.86;139;6.8;192;6.14;;;601-700;1.92;;;32.89;;;;;;;;
2019;direito;Centro Universitário Antônio Eufrásio de Toledo de Presidente Prudente;SP;62;Privada;61;9.07;128;17.78;401-500;4.27;49;7.53;;;201-250;5.98;;;34.21;;;;;;;;
2019;direito;Universidade Federal de Santa Maria;RS;63;Federal;;;40;23.4;48;7.59;21;7.81;;;1;8;;;37.36;;;;;;;;
2019;direito;Universidade Federal do Estado do Rio de Janeiro;RJ;64;Federal;;;45;23.14;13;7.9;79;7.24;;;1;8;;;37.45;;;;;;;;
2019;direito;Universidade Federal de Sergipe;SE;65;Federal;;;49;22.95;69;7.41;48;7.54;;;1;8;;;37.5;;;;;;;;
2019;direito;Centro Universitário Una;MG;66;Privada;27;14.13;184;16.18;149;6.72;177;6.28;;;501-600;3.18;;;30.1;;;;;;;;
2019;direito;Universidade Federal de Viçosa;MG;67;Federal;;;58;22.29;180;6.45;17;7.84;;;1;8;;;37.91;;;;;;;;
2019;direito;Universidade Veiga de Almeida;RJ;68;Privada;27;14.13;177;16.37;71;7.39;301-350;4.62;;;401-500;4.36;;;29.46;;;;;;;;
2019;direito;Universidade Vila Velha;ES;69;Privada;61;9.07;117;18.16;172;6.52;58;7.44;;;401-500;4.2;;;32.38;;;;;;;;
2019;direito;Universidade Estadual do Maranhão;MA;69;Estadual;61;9.07;251-300;14.05;701-800;1.37;70;7.33;;;301-350;5.35;;;36.49;;;;;;;;
2019;direito;Universidade Federal Rural do Rio de Janeiro;RJ;71;Federal;;;46;23.06;4;7.97;94;7.09;;;1;8;;;36.54;;;;;;;;
2019;direito;Faculdades Integradas de Bauru;SP;72;Privada;61;9.07;71;20.7;143;6.77;201-250;5.93;;;1;8;;;29.64;;;;;;;;
2019;direito;Universidade Federal de Ouro Preto;MG;73;Federal;;;56;22.56;144;6.76;22;7.8;;;1;8;;;36.81;;;;;;;;
2019;direito;Universidade Estadual do Oeste do Paraná;PR;74;Estadual;;;54;22.67;94;7.19;54;7.48;;;1;8;;;36.68;;;;;;;;
2019;direito;Universidade Estadual do Norte do Paraná;PR;75;Estadual;;;43;23.21;86;7.26;6;7.95;;;1;8;;;35.85;;;;;;;;
2019;direito;Fundação Universidade Federal do Tocantins;TO;76;Federal;;;50;22.88;101;7.13;27;7.75;;;1;8;;;35.44;;;;;;;;
2019;direito;Universidade da Região de Joinville;SC;77;Privada;27;14.13;401-500;11.61;501-600;3.45;401-500;3.37;;;351-400;4.79;;;32.47;;;;;;;;
2019;direito;Universidade Federal do Rio Grande;RS;78;Federal;;;51;22.8;51;7.57;80;7.23;;;1;8;;;34.89;;;;;;;;
2019;direito;Universidade Federal Rural do Semi-árido;RN;79;Federal;;;90;19.62;501-600;3.62;1;8;;;1;8;;;37.86;;;;;;;;
2019;direito;Centro Universitário Redentor;RJ;80;Privada;;;79;20.43;351-400;4.61;19;7.82;;;1;8;;;36.9;;;;;;;;
2019;direito;Fundação Universidade Federal da Grande Dourados;MS;81;Federal;;;64;21.75;146;6.74;103;7.01;;;1;8;;;35.53;;;;;;;;
2019;direito;Universidade Católica Dom Bosco;MS;82;Privada;27;14.13;201-250;15.3;351-400;4.85;351-400;4.17;;;199;6.28;;;27.4;;;;;;;;
2019;direito;Centro Universitário Jorge Amado;BA;83;Privada;61;9.07;201-250;15.41;126;6.92;201-250;5.71;;;601-700;2.78;;;32.29;;;;;;;;
2019;direito;Universidade Estadual do Sudoeste da Bahia;BA;84;Estadual;;;82;20.32;351-400;4.63;33;7.69;;;1;8;;;36.36;;;;;;;;
2019;direito;Universidade de Fortaleza;CE;85;Privada;10;16.66;501-600;10.68;301-350;5.07;501-600;2.71;;;501-600;2.9;;;29.32;;;;;;;;
2019;direito;Universidade de Ribeirão Preto;SP;86;Privada;61;9.07;103;18.9;100;7.14;201-250;5.8;;;201-250;5.96;;;28.68;;;;;;;;
2019;direito;Centro Universitário Christus;CE;87;Privada;;;53;22.69;97;7.17;50;7.52;;;1;8;;;33.66;;;;;;;;
2019;direito;Universidade do Vale do Itajaí;SC;88;Privada;;;30;27.2;351-400;4.93;401-500;3.57;;;301-350;5.37;14;13.33;29.14;;;;;;;;
2019;direito;Universidade Estadual de Ponta Grossa;PR;89;Estadual;;;65;21.28;201-250;6;75;7.28;;;1;8;;;35.03;;;;;;;;
2019;direito;Faculdades Integradas Vianna Júnior;MG;90;Privada;61;9.07;251-300;13.84;701-800;1.44;173;6.32;;;201-250;6.08;;;33.2;;;;;;;;
2019;direito;Centro Universitário Nobre de Feira de Santana;BA;91;Privada;;;35;23.63;14;7.89;28;7.74;;;1;8;;;32.43;;;;;;;;
2019;direito;Universidade Federal do Oeste do Pará;PA;92;Federal;;;73;20.67;195;6.32;170;6.35;;;1;8;;;35.12;;;;;;;;
2019;direito;Universidade de Franca;SP;93;Privada;27;14.13;201-250;15.29;251-300;5.82;251-300;5.26;;;401-500;4.21;;;26.17;;;;;;;;
2019;direito;Centro Universitário Toledo Wyden;SP;94;Privada;61;9.07;251-300;13.92;301-350;5.15;117;6.87;;;701-800;1.9;;;32.57;;;;;;;;
2019;direito;Universidade Federal de Roraima;RR;95;Federal;;;94;19.36;401-500;3.96;63;7.4;;;1;8;;;36.08;;;;;;;;
2019;direito;Faculdade de Direito da Fundação Escola Superior do Ministério Público;RS;96;Privada;;;81;20.37;54;7.54;89;7.14;;;251-300;5.69;;;34.94;;;;;;;;
2019;direito;Centro Universitário Sociesc;SC;97;Privada;61;9.07;251-300;13.93;501-600;3.49;131;6.73;;;401-500;3.71;;;32.25;;;;;;;;
2019;direito;Pontifícia Universidade Católica de Goiás;GO;97;Privada;10;16.66;601-700;9.63;501-600;3.65;351-400;4.28;;;701-800;1.7;;;28.96;;;;;;;;
2019;direito;Universidade de Caxias do Sul;RS;99;Privada;61;9.07;75;20.65;134;6.85;501-600;2.51;;;601-700;2.57;23;8.72;25.39;;;;;;;;
2019;direito;Fundação Universidade Federal de Rondônia;RO;100;Federal;;;100;18.96;401-500;3.77;84;7.19;;;1;8;;;35.63;;;;;;;;
2019;direito;Faculdade Ibmec;MG;101;Privada;61;9.07;701-800;8.22;40;7.66;;;;;801-1000;0.56;;;37.09;;;;;;;;
2019;direito;Centro Universitário Unidade de Ensino Superior Dom Bosco;MA;102;Privada;;;96;19.33;200;6.28;53;7.49;;;251-300;5.56;;;34.99;;;;;;;;
2019;direito;Universidade do Estado do Rio Grande do Norte;RN;103;Estadual;;;102;18.92;401-500;3.72;83;7.2;;;1;8;;;35.26;;;;;;;;
2019;direito;Universidade Estadual de Santa Cruz;BA;104;Estadual;;;89;19.64;401-500;3.99;37;7.65;;;1;8;;;34.53;;;;;;;;
2019;direito;Centro Universitário Eurípedes de Marília;SP;105;Privada;61;9.07;181;16.26;181;6.44;176;6.29;;;501-600;3.53;;;28.77;;;;;;;;
2019;direito;Universidade Federal do Acre;AC;106;Federal;;;121;18.08;601-700;2.47;41;7.61;;;1;8;;;35.95;;;;;;;;
2019;direito;Universidade Cândido Mendes;RJ;107;Privada;27;14.13;401-500;10.88;301-350;5.37;501-600;2.45;;;501-600;3.06;;;29;;;;;;;;
2019;direito;Universidade Estadual da Paraíba;PB;108;Estadual;;;85;20.16;251-300;5.41;129;6.75;;;1;8;;;33.8;;;;;;;;
2019;direito;Universidade de Santa Cruz do Sul;RS;109;Privada;61;9.07;251-300;14.06;139;6.8;251-300;5.15;;;601-700;2.11;;;30.74;;;;;;;;
2019;direito;Centro Universitário Santo Agostinho;PI;110;Privada;61;9.07;201-250;14.95;351-400;4.72;401-500;3.82;;;184;6.41;;;29.73;;;;;;;;
2019;direito;Universidade Estácio de Sá;RJ;111;Privada;27;14.13;301-350;13.18;301-350;5.3;251-300;5.44;;;601-700;2.44;;;26.26;;;;;;;;
2019;direito;Universidade Anhembi Morumbi;SP;112;Privada;61;9.07;156;16.93;29;7.76;186;6.2;;;501-600;2.97;;;27.31;;;;;;;;
2019;direito;Centro Universitário Univel;PR;113;Privada;61;9.07;351-400;12.78;601-700;2.39;111;6.93;;;501-600;3.46;;;31.42;;;;;;;;
2019;direito;Centro Universitário Dinâmica das Cataratas;PR;114;Privada;61;9.07;201-250;14.95;197;6.3;401-500;3.27;;;301-350;5.38;;;29.19;;;;;;;;
2019;direito;Centro Universitário do Distrito Federal;DF;115;Privada;61;9.07;351-400;12.85;401-500;4.26;251-300;5.16;;;501-600;3.43;;;30.92;;;;;;;;
2019;direito;Universidade da Amazônia;PA;116;Privada;27;14.13;201-250;14.67;201-250;6.27;169;6.36;;;601-700;2.04;;;24.02;;;;;;;;
2019;direito;Faculdade Cesusc;SC;117;Privada;;;68;20.85;501-600;3.4;40;7.62;;;701-800;1.11;23;8.72;31.51;;;;;;;;
2019;direito;Universidade do Estado da Bahia;BA;118;Estadual;;;127;17.81;401-500;3.74;71;7.32;;;145;6.75;;;34.48;;;;;;;;
2019;direito;Universidade Federal do Amapá;AP;119;Federal;;;124;17.89;501-600;2.85;99;7.04;;;1;8;;;34.3;;;;;;;;
2019;direito;Instituto Brasileiro de Ensino, Desenvolvimento e Pesquisa de Brasília;DF;120;Privada;;;194;15.97;124;6.93;12;7.89;;;701-800;1.15;;;35.99;;;;;;;;
2019;direito;Universidade Estadual de Montes Claros;MG;121;Estadual;;;186;16.11;601-700;1.94;56;7.46;;;149;6.71;;;35.81;;;;;;;;
2019;direito;Centro Universitário Espírito-Santense;ES;122;Privada;;;139;17.5;501-600;3.48;15;7.86;;;201-250;6.16;;;34.35;;;;;;;;
2019;direito;Universidade Católica do Salvador;BA;123;Privada;27;14.13;601-700;9.27;351-400;4.72;401-500;3.34;;;701-800;1.21;;;28.36;;;;;;;;
2019;direito;Universidade Federal de Lavras;MG;124;Federal;;;197;15.84;19;7.84;;;;;1;8;;;35.4;;;;;;;;
2019;direito;Centro Universitário Tabosa de Almeida;PE;125;Privada;61;9.07;351-400;12.84;351-400;4.71;351-400;4.53;;;501-600;3.6;;;29.23;;;;;;;;
2019;direito;Universidade do Sul de Santa Catarina;SC;126;Privada;61;9.07;501-600;10.54;701-800;1.88;251-300;5.35;;;501-600;3.31;;;31.47;;;;;;;;
2019;direito;Centro Universitário Newton Paiva;MG;127;Privada;61;9.07;501-600;9.73;251-300;5.49;601-700;2.11;;;601-700;2.13;;;32.06;;;;;;;;
2019;direito;Faculdade Esamc Uberlândia;MG;128;Privada;61;9.07;601-700;8.67;501-600;2.97;251-300;5.28;;;801-1000;0.42;;;33.07;;;;;;;;
2019;direito;Universidade Federal de Campina Grande;PB;129;Federal;;;168;16.66;601-700;2.09;148;6.57;;;1;8;;;34.07;;;;;;;;
2019;direito;Centro Universitário FBV Wyden;PE;130;Privada;;;105;18.8;85;7.27;301-350;4.94;;;163;6.59;;;31.88;;;;;;;;
2019;direito;Universidade Católica de Brasília;DF;131;Privada;61;9.07;251-300;13.82;401-500;4.07;351-400;4.44;;;301-350;5.31;;;27.5;;;;;;;;
2019;direito;Faculdade de Ciências Econômicas;SP;132;Privada;;;201-250;15.05;78;7.33;183;6.22;;;701-800;1.5;;;35.08;;;;;;;;
2019;direito;Centro Universitário de Rio Preto;SP;133;Privada;61;9.07;501-600;10.83;501-600;3.02;351-400;4.18;;;501-600;3.63;;;30.19;;;;;;;;
2019;direito;Centro Universitário de Maceió;AL;134;Privada;61;9.07;251-300;13.98;201-250;5.98;401-500;3.15;;;351-400;4.85;;;26.9;;;;;;;;
2019;direito;Universidade do Oeste de Santa Catarina;SC;135;Privada;61;9.07;401-500;11.31;501-600;3.07;401-500;3.98;;;401-500;4.26;;;29.55;;;;;;;;
2019;direito;Centro Universitário Padre Albino;SP;136;Privada;;;83;20.23;103;7.12;157;6.48;;;158;6.63;;;29.69;;;;;;;;
2019;direito;Centro Universitário Farias Brito;CE;137;Privada;;;112;18.42;165;6.58;195;6.11;;;251-300;5.73;;;31.2;;;;;;;;
2019;direito;Universidade Franciscana;RS;138;Privada;;;111;18.46;201-250;6.19;201-250;5.79;;;176;6.48;;;31.15;;;;;;;;
2019;direito;Centro Universitário de Bauru;SP;139;Privada;;;145;17.27;116;7;251-300;5.53;;;351-400;4.74;;;32.02;;;;;;;;
2019;direito;Faculdade de Ciências Sociais Aplicadas Ibmec;RJ;140;Privada;;;201-250;14.59;66;7.44;121;6.83;;;801-1000;0.32;;;34.58;;;;;;;;
2019;direito;Universidade Paulista;SP;141;Privada;4;17.55;133;17.63;251-300;5.44;142;6.62;;;251-300;5.57;;;13.89;;;;;;;;
2019;direito;Universidade Estadual Vale do Acaraú;CE;142;Estadual;;;251-300;13.74;801-1000;0.32;72;7.31;;;201-250;6.11;;;35.21;;;;;;;;
2019;direito;Centro Universitário Campo Real;PR;143;Privada;;;162;16.8;301-350;5.39;95;7.08;;;401-500;4.33;;;32.11;;;;;;;;
2019;direito;Centro Universitário Salesiano de São Paulo;SP;144;Privada;61;9.07;401-500;11.65;201-250;5.92;401-500;4.01;;;701-800;1.72;;;28.18;;;;;;;;
2019;direito;Universidade Nove de Julho;SP;145;Privada;61;9.07;27;28.29;41;7.65;199;6.07;;;201-250;5.85;23;8.72;11.46;;;;;;;;
2019;direito;Universidade Tiradentes;SE;146;Privada;61;9.07;351-400;12.79;301-350;5.37;301-350;4.69;;;601-700;2.73;;;26.95;;;;;;;;
2019;direito;Universidade Estadual do Piauí;PI;147;Estadual;;;201-250;14.66;701-800;1.11;125;6.79;;;143;6.76;;;33.94;;;;;;;;
2019;direito;Universidade Católica de Santos;SP;148;Privada;;;147;17.18;56;7.52;501-600;3.03;;;158;6.63;;;31.33;;;;;;;;
2019;direito;Centro Universitário Estácio de Ribeirão Preto;SP;149;Privada;;;251-300;13.92;201-250;5.97;150;6.55;;;701-800;1.4;;;34.44;;;;;;;;
2019;direito;Universidade Regional do Cariri;CE;149;Estadual;;;201-250;14.61;801-1000;0.17;161;6.44;;;1;8;;;33.75;;;;;;;;
2019;direito;Centro Universitário de Belo Horizonte;MG;151;Privada;;;167;16.7;112;7.04;251-300;5.36;;;401-500;4.3;;;31.61;;;;;;;;
2019;direito;Universidade Estadual de Feira de Santana;BA;151;Estadual;;;401-500;11.59;501-600;3.59;;;;;1;8;;;36.72;;;;;;;;
2019;direito;Centro Universitário Multivix Vitória;ES;153;Privada;;;118;18.15;201-250;6.03;74;7.29;;;351-400;4.83;;;30.05;;;;;;;;
2019;direito;Universidade Católica de Petrópolis;RJ;154;Privada;;;201-250;15.16;151;6.7;251-300;5.2;;;501-600;3.26;;;33.02;;;;;;;;
2019;direito;Centro Universitário de Patos de Minas;MG;155;Privada;;;201-250;15.02;501-600;2.96;44;7.58;;;401-500;4.48;;;33.11;;;;;;;;
2019;direito;Faculdade de Direito do Sul de Minas;MG;156;Privada;;;173;16.56;183;6.42;124;6.8;;;501-600;3.34;;;31.56;;;;;;;;
2019;direito;FAE Centro Universitário;PR;157;Privada;;;201-250;15.43;201-250;5.84;132;6.72;;;501-600;2.87;;;32.61;;;;;;;;
2019;direito;Centro Universitário Uninovafapi;PI;158;Privada;;;78;20.44;178;6.47;201-250;5.97;;;1;8;;;27.54;;;;;;;;
2019;direito;Faculdade Martha Falcão Wyden;AM;159;Privada;61;9.07;251-300;14.16;351-400;4.64;351-400;4.57;;;351-400;4.95;;;24.48;;;;;;;;
2019;direito;Centro Universitário Central Paulista;SP;160;Privada;;;98;19.11;32;7.73;201-250;5.87;;;251-300;5.51;;;28.5;;;;;;;;
2019;direito;Faculdade Luciano Feijão;CE;161;Privada;;;87;19.88;164;6.59;251-300;5.29;;;1;8;;;27.72;;;;;;;;
2019;direito;Faculdade Anhanguera de Uberlândia;MG;162;Privada;61;9.07;401-500;11.99;501-600;3.16;156;6.49;;;601-700;2.34;;;26.35;;;;;;;;
2019;direito;Centro Universitário Autônomo do Brasil;PR;163;Privada;;;160;16.89;187;6.39;251-300;5.48;;;301-350;5.02;;;30.46;;;;;;;;
2019;direito;Faculdade Meridional;RS;163;Privada;;;140;17.48;11;7.91;601-700;1.57;;;1;8;;;29.87;;;;;;;;
2019;direito;Universidade Metodista de Piracicaba;SP;165;Privada;27;14.13;501-600;9.94;101;7.13;701-800;0.93;;;701-800;1.88;;;23.2;;;;;;;;
2019;direito;Faculdade Santa Terezinha;MA;166;Privada;;;115;18.24;501-600;3.33;113;6.91;;;1;8;;;28.91;;;;;;;;
2019;direito;Centro Universitário de João Pessoa;PB;167;Privada;61;9.07;134;17.61;301-350;5.13;351-400;4.48;;;1;8;;;20.46;;;;;;;;
2019;direito;Centro Universitário Fadergs;RS;168;Privada;;;176;16.38;157;6.65;172;6.33;;;501-600;3.4;;;30.51;;;;;;;;
2019;direito;Centro Universitário Ruy Barbosa Wyden;BA;169;Privada;;;180;16.28;201-250;6.25;301-350;4.97;;;301-350;5.06;;;30.56;;;;;;;;
2019;direito;Faculdade de Petrolina;PE;170;Municipal;;;201-250;14.58;801-1000;0.67;201-250;5.91;;;1;8;;;32.15;;;;;;;;
2019;direito;Centro Universitário de Volta Redonda;RJ;171;Privada;;;109;18.53;63;7.46;351-400;4.33;;;146;6.74;;;28.09;;;;;;;;
2019;direito;Faculdade Cnec Joinville;SC;172;Privada;61;9.07;601-700;9.56;301-350;5.09;401-500;3.23;;;701-800;1.24;;;27.91;;;;;;;;
2019;direito;Faculdade Metodista Granbery;MG;173;Privada;;;351-400;12.75;401-500;3.94;109;6.95;;;701-800;1.86;;;33.71;;;;;;;;
2019;direito;Faculdade Pitágoras Instituto Camillo Filho;PI;174;Privada;;;401-500;11.05;601-700;2.77;78;7.25;;;801-1000;1.03;;;35.31;;;;;;;;
2019;direito;Universidade do Vale do Taquari;RS;175;Privada;;;142;17.39;156;6.66;251-300;5.27;;;251-300;5.46;;;28.82;;;;;;;;
2019;direito;Faculdade Doctum de João Monlevade;MG;176;Privada;;;119;18.14;401-500;4.45;201-250;5.69;;;1;8;;;28.04;;;;;;;;
2019;direito;Universidade Estadual de Alagoas;AL;177;Estadual;;;401-500;11.51;701-800;1.57;401-500;3.76;;;201-250;6.18;;;34.62;;;;;;;;
2019;direito;Centro Universitário da Grande Dourados;MS;178;Privada;;;34;24.27;401-500;3.81;101;7.02;;;351-400;4.72;23;8.72;21.83;;;;;;;;
2019;direito;Faculdade de Administração e Negócios de Sergipe;SE;179;Privada;;;122;18.07;93;7.2;301-350;4.73;;;201-250;6.14;;;27.95;;;;;;;;
2019;direito;Universidade Potiguar;RN;180;Privada;27;14.13;151;17.06;130;6.88;201-250;5.99;;;401-500;4.19;;;14.8;;;;;;;;
2019;direito;Faculdade de Direito de Sorocaba;SP;181;Privada;;;351-400;12.57;301-350;5.36;85;7.18;;;801-1000;0.03;;;33.39;;;;;;;;
2019;direito;Centro Universitário Filadélfia;PR;182;Privada;;;201-250;15.19;501-600;3.09;116;6.88;;;301-350;5.22;;;30.6;;;;;;;;
2019;direito;Faculdade Doctum de Juiz de Fora;MG;183;Privada;;;76;20.58;201-250;6.13;160;6.45;;;1;8;;;24.98;;;;;;;;
2019;direito;Faculdade Escola Paulista de Direito;SP;184;Privada;;;501-600;9.68;79;7.32;;;;;601-700;2.36;;;35.76;;;;;;;;
2019;direito;Faculdade Mogiana do Estado de São Paulo;SP;185;Privada;;;401-500;11.9;201-250;6.15;;;;;251-300;5.75;;;33.48;;;;;;;;
2019;direito;Faculdade Estácio de Sá de Vila Velha;ES;185;Privada;;;251-300;13.73;501-600;3.67;93;7.1;;;501-600;2.96;;;31.65;;;;;;;;
2019;direito;Centro Universitário das Faculdades Integradas de Ourinhos;SP;187;Privada;;;154;17.01;401-500;4.41;77;7.26;;;301-350;5.34;;;28.27;;;;;;;;
2019;direito;Faculdade Damas da Instrução Cristã;PE;188;Privada;;;401-500;11.77;49;7.58;501-600;2.65;;;701-800;1.54;;;33.16;;;;;;;;
2019;direito;Faculdade Esamc Sorocaba;SP;189;Privada;;;401-500;11.4;251-300;5.73;401-500;3.24;;;601-700;2.43;;;33.3;;;;;;;;
2019;direito;Faculdade Assis Gurgacz;PR;190;Privada;;;401-500;11.13;601-700;1.95;57;7.45;;;701-800;1.73;;;33.48;;;;;;;;
2019;direito;Centro Universitário Doutor Leão Sampaio;CE;191;Privada;;;501-600;10.6;251-300;5.6;;;;;301-350;5;;;33.84;;;;;;;;
2019;direito;Centro Universitário de Formiga;MG;192;Privada;;;401-500;11.06;501-600;3.05;201-250;5.7;;;601-700;2.31;;;33.34;;;;;;;;
2019;direito;Faculdade Cnec Santo Ângelo;RS;193;Privada;;;251-300;13.92;201-250;6.06;401-500;3.9;;;401-500;3.96;;;30.42;;;;;;;;
2019;direito;Universidade Estadual de Roraima;RR;194;Estadual;;;501-600;10.74;801-1000;0.82;52;7.5;;;601-700;2.42;;;33.57;;;;;;;;
2019;direito;Centro Universitário La Salle do Rio de Janeiro;RJ;195;Privada;;;301-350;13.4;71;7.39;351-400;4.56;;;701-800;1.45;;;30.88;;;;;;;;
2019;direito;Faculdade Dom Bosco de Porto Alegre;RS;196;Privada;;;201-250;15.35;26;7.78;201-250;6;;;701-800;1.57;;;28.87;;;;;;;;
2019;direito;Centro Universitário Estácio de Santa Catarina;SC;197;Privada;;;251-300;13.79;251-300;5.69;201-250;5.96;;;601-700;2.14;;;30.37;;;;;;;;
2019;direito;Universidade Santa Cecília;SP;198;Privada;;;199;15.83;141;6.79;501-600;2.77;;;200;6.27;;;28.23;;;;;;;;
2019;direito;Centro Universitário Facid Wyden;PI;199;Privada;;;106;18.79;201-250;6.07;167;6.38;;;192;6.34;;;25.21;;;;;;;;
2019;direito;Faculdade Três Pontas;MG;200;Privada;;;401-500;11.15;601-700;2.21;100;7.03;;;701-800;1.91;;;32.84;;;;;;;;
2019;direito;Centro Universitário Unidom - Bosco;PR;201;Privada;;;301-350;13.41;251-300;5.58;401-500;3.97;;;401-500;3.86;;;27.77;;;;;;;;
2019;direito;Centro Universitário Fai;SC;201;Privada;;;351-400;12.29;401-500;4.14;201-250;5.68;;;601-700;2.47;;;31.06;;;;;;;;
2019;direito;Faculdade Praia Grande;SP;201;Privada;;;301-350;13.29;119;6.98;;;;;195;6.31;;;28;;;;;;;;
2019;direito;Centro Universitário Metrocamp Wyden;SP;201;Privada;;;351-400;12.16;301-350;5.04;141;6.63;;;801-1000;0.49;;;30.33;;;;;;;;
2019;direito;Universidade Estadual do Tocantins;TO;201;Estadual;;;401-500;11.07;801-1000;0.18;501-600;2.89;;;1;8;;;30.28;;;;;;;;
2019;direito;Universidade Estadual de Mato Grosso do Sul;MS;201;Estadual;;;301-350;13;401-500;4.43;201-250;5.94;;;601-700;2.63;;;30.69;;;;;;;;
2019;direito;Centro Universitário Adventista de São Paulo;SP;201;Privada;;;251-300;14.42;44;7.63;401-500;3.87;;;501-600;2.92;;;25.94;;;;;;;;
2019;direito;Faculdade de Castelo;ES;201;Privada;;;157;16.92;401-500;4.18;14;7.87;;;351-400;4.87;;;25.76;;;;;;;;
2019;direito;Universidade Pitágoras Unopar Anhanguera;PR;201;Privada;61;9.07;601-700;9.47;501-600;3.37;501-600;3.1;;;501-600;3;;;23.02;;;;;;;;
2019;direito;Centro Universitário Estácio Juiz de Fora;MG;201;Privada;;;201-250;15.58;251-300;5.62;130;6.74;;;501-600;3.22;;;26.03;;;;;;;;
2019;direito;Centro Universitário - Católica de Santa Catarina em Jaraguá do Sul;SC;201;Privada;;;501-600;10.3;501-600;3.22;201-250;5.77;;;701-800;1.31;;;31.97;;;;;;;;
2019;direito;Centro Universitário Facex;RN;201;Privada;;;401-500;11.16;601-700;2.11;81;7.22;;;701-800;1.83;;;29.37;;;;;;;;
2019;direito;Centro Universitário Cesmac;AL;201;Privada;61;9.07;601-700;9.3;601-700;2.37;351-400;4.41;;;601-700;2.52;;;22.38;;;;;;;;
2019;direito;Centro Universitário de Ciências e Empreendedorismo;BA;201;Privada;;;189;16.08;351-400;4.88;251-300;5.18;;;201-250;6.02;;;25.94;;;;;;;;
2019;direito;Universidade de Sorocaba;SP;201;Privada;61;9.07;601-700;8.98;401-500;4.34;401-500;3.81;;;801-1000;0.83;;;25.67;;;;;;;;
2019;direito;Universidade do Extremo Sul Catarinense;SC;201;Privada;;;501-600;10.66;601-700;1.98;115;6.89;;;701-800;1.79;;;31.38;;;;;;;;
2019;direito;Faculdade Antônio Meneghetti;RS;201;Privada;;;501-600;9.72;201-250;6.22;;;;;501-600;3.5;;;32.34;;;;;;;;
2019;direito;Faculdade Iteana de Botucatu;SP;201;Privada;;;601-700;9.18;501-600;3.27;401-500;3.22;;;601-700;2.69;;;31.93;;;;;;;;
2019;direito;Centro Universitário Ages;BA;201;Privada;;;66;21.27;17;7.86;251-300;5.41;;;1;8;;;20.55;;;;;;;;
2019;direito;Centro Universitário Fametro;CE;201;Privada;;;401-500;11.76;401-500;4.31;251-300;5.4;;;601-700;2.05;;;29.51;;;;;;;;
2019;direito;Faculdade Católica de Rondônia;RO;201;Privada;;;501-600;9.71;801-1000;0.7;164;6.41;;;601-700;2.6;;;32.79;;;;;;;;
2019;direito;Centro Universitário Processus;DF;201;Privada;;;301-350;13.35;251-300;5.63;501-600;2.84;;;351-400;4.88;;;27.63;;;;;;;;
2019;direito;Universidade Regional do Noroeste do Estado do Rio Grande do Sul;RS;201;Privada;;;191;16.03;184;6.41;401-500;3.91;;;251-300;5.71;;;24.53;;;;;;;;
2019;direito;Faculdade Cnec Capitão Lemos Cunha;RJ;201;Privada;;;401-500;11.25;301-350;5.05;301-350;4.72;;;701-800;1.48;;;31.83;;;;;;;;
2019;direito;Centro Universitário Aeso - Barros Melo;PE;201;Privada;;;201-250;14.9;251-300;5.83;301-350;4.85;;;401-500;4.22;;;27.27;;;;;;;;
2019;direito;Centro Universitário Facisa;PB;201;Privada;;;72;20.68;58;7.51;251-300;5.17;;;1;8;;;20.1;;;;;;;;
2019;direito;Faculdade de Ensino Superior da Amazônia Reunida;PA;201;Privada;;;165;16.73;251-300;5.5;301-350;5.04;;;201-250;6.19;;;24.89;;;;;;;;
2019;direito;Faculdade Pedro Leopoldo;MG;201;Privada;;;351-400;12.42;131;6.87;301-350;4.92;;;801-1000;0.63;;;29.83;;;;;;;;
2019;direito;Faculdade Esamc Campinas;SP;201;Privada;;;501-600;10.16;401-500;4.26;401-500;3.72;;;601-700;2.18;;;32.52;;;;;;;;
2019;direito;Centro Universitário Maurício de Nassau;PE;201;Privada;27;14.13;301-350;13.49;201-250;5.86;401-500;3.66;;;401-500;3.97;;;12.65;;;;;;;;
2019;direito;Faculdade Arquidiocesana de Curvelo;MG;201;Privada;;;251-300;14.41;251-300;5.61;301-350;5.05;;;401-500;3.75;;;29.41;;;;;;;;
2019;direito;Centro Universitário Cenecista de Osório;RS;201;Privada;;;201-250;15.41;201-250;6.16;201-250;5.72;;;501-600;3.53;;;27.86;;;;;;;;
2019;direito;Centro Universitário Católica de Quixadá;CE;201;Privada;;;251-300;14.55;401-500;4.2;251-300;5.23;;;301-350;5.12;;;29.28;;;;;;;;
2019;direito;Centro Universitário de Excelência;BA;201;Privada;;;301-350;13.59;251-300;5.59;;;;;1;8;;;28.32;;;;;;;;
2019;direito;Universidade José do Rosário Velano;MG;201;Privada;;;251-300;14.52;401-500;4.33;153;6.52;;;401-500;3.67;;;26.54;;;;;;;;
2019;direito;Universidade do Estado de Minas Gerais;MG;201;Estadual;;;401-500;11.45;501-600;2.92;501-600;2.24;;;197;6.29;;;30.78;;;;;;;;
2019;direito;Centro Universitário do Rio São Francisco;BA;201;Privada;;;401-500;11.96;601-700;2.71;501-600;2.75;;;173;6.5;;;31.01;;;;;;;;
2019;direito;Faculdade Estácio de Sá de Vitória;ES;201;Privada;;;401-500;11.61;501-600;3.34;187;6.19;;;601-700;2.08;;;30.24;;;;;;;;
2019;direito;Centro Universitário Católica do Tocantins;TO;201;Privada;;;301-350;13.03;501-600;3.08;401-500;4.09;;;201-250;5.86;;;28.59;;;;;;;;
2019;direito;Centro Universitário Católica do Leste de Minas Gerais;MG;201;Privada;;;401-500;11.95;601-700;2.79;183;6.22;;;501-600;2.94;;;28.41;;;;;;;;
2019;direito;Universidade Feevale;RS;201;Privada;;;142;17.39;109;7.06;401-500;3.77;;;166;6.56;;;26.31;;;;;;;;
2019;direito;Centro Universitário Assis Gurgacz;PR;201;Privada;;;401-500;11.17;701-800;1.7;136;6.68;;;501-600;2.79;;;31.1;;;;;;;;
2019;direito;Instituto Luterano de Ensino Superior de Porto Velho;RO;201;Privada;;;251-300;13.99;601-700;2.75;301-350;4.89;;;191;6.35;;;29.78;;;;;;;;
2019;direito;Centro Universitário Una de Contagem;MG;201;Privada;;;601-700;8.56;198;6.29;;;;;601-700;2.27;;;34.12;;;;;;;;
2019;direito;Faculdade Multivix Cariacica;ES;201;Privada;;;251-300;14.11;501-600;2.89;146;6.59;;;351-400;4.63;;;26.4;;;;;;;;
2019;direito;Universidade Regional de Blumenau;SC;201;Municipal;;;501-600;9.74;351-400;4.58;301-350;4.65;;;801-1000;0.51;;;31.29;;;;;;;;
2019;direito;Universidade Ceuma;MA;201;Privada;;;86;20.02;201-250;5.94;198;6.08;;;1;8;;;20.78;;;;;;;;
2019;direito;Universidade de Passo Fundo;RS;201;Privada;;;251-300;13.83;401-500;4.42;301-350;5.01;;;401-500;4.4;;;30.01;;;;;;;;
2019;direito;Centro Universitário Estácio do Ceará;CE;201;Privada;;;401-500;11.79;401-500;3.76;301-350;4.93;;;501-600;3.1;;;28.55;;;;;;;;
2019;direito;Faculdade Católica Imaculada Conceição do Recife;PE;201;Privada;;;601-700;9.46;401-500;3.83;351-400;4.25;;;701-800;1.38;;;31.74;;;;;;;;
2019;direito;Centro Universitário do Espírito Santo;ES;251;Privada;;;401-500;11.76;501-600;3.46;126;6.78;;;701-800;1.52;;;26.76;;;;;;;;
2019;direito;Centro Universitário Estácio do Recife;PE;251;Privada;;;301-350;13.46;301-350;4.99;201-250;5.82;;;601-700;2.65;;;25.94;;;;;;;;
2019;direito;Faculdade Estácio de Sá de Ourinhos;SP;251;Privada;;;201-250;15.15;301-350;5.2;201-250;5.86;;;401-500;4.09;;;23.34;;;;;;;;
2019;direito;Faculdades Integradas Machado de Assis;RS;251;Privada;;;301-350;13.36;201-250;5.93;401-500;3.45;;;401-500;3.98;;;25.62;;;;;;;;
2019;direito;Centro Universitário de Patos;PB;251;Privada;;;351-400;12.65;601-700;2.74;351-400;4.43;;;251-300;5.48;;;26.17;;;;;;;;
2019;direito;Faculdade Multivix Nova Venécia;ES;251;Privada;;;301-350;13.47;701-800;1.21;137;6.67;;;251-300;5.59;;;25.35;;;;;;;;
2019;direito;Faculdade São Sebastião;SP;251;Privada;;;201-250;15.6;251-300;5.56;401-500;3.42;;;160;6.62;;;22.2;;;;;;;;
2019;direito;Centro Universitário Mater Dei;PR;251;Privada;;;251-300;13.98;701-800;1.28;301-350;4.7;;;1;8;;;25.44;;;;;;;;
2019;direito;Faculdade Fae São José dos Pinhais;PR;251;Privada;;;701-800;6.22;401-500;4.03;;;;;601-700;2.19;;;32.98;;;;;;;;
2019;direito;Centro Universitário de Itajubá;MG;251;Privada;;;301-350;13.27;401-500;4.12;351-400;4.21;;;351-400;4.94;;;26.45;;;;;;;;
2019;direito;Faculdades Integradas Rio Branco;SP;251;Privada;;;201-250;14.77;106;7.09;201-250;5.61;;;601-700;2.07;;;23.07;;;;;;;;
2019;direito;Faculdades Integradas de Itararé;SP;251;Privada;;;601-700;9.25;801-1000;0.88;194;6.12;;;601-700;2.25;;;30.14;;;;;;;;
2019;direito;Centro Universitário Moura Lacerda;SP;251;Privada;61;9.07;401-500;11.97;351-400;4.97;135;6.69;;;801-1000;0.31;;;18.41;;;;;;;;
2019;direito;Universidade Comunitária da Região de Chapecó;SC;251;Privada;;;201-250;14.56;301-350;5.27;501-600;2.93;;;189;6.36;;;23.8;;;;;;;;
2019;direito;Universidade de Marília;SP;251;Privada;61;9.07;125;17.88;36;7.7;401-500;3.75;;;181;6.43;;;11.88;;;;;;;;
2019;direito;Faculdade de Apucarana;PR;251;Privada;;;351-400;12.06;801-1000;0.96;201-250;5.85;;;301-350;5.25;;;25.49;;;;;;;;
2019;direito;Centro Universitário de Valença;RJ;251;Privada;;;61;21.98;109;7.06;112;6.92;;;1;8;;;16.44;;;;;;;;
2019;direito;Faculdade de Ciências Humanas de Itabira;MG;251;Privada;;;301-350;13.01;251-300;5.46;301-350;4.74;;;501-600;2.81;;;25.08;;;;;;;;
2019;direito;Centro de Ensino Superior Cesul;PR;251;Privada;;;97;19.25;251-300;5.79;90;7.13;;;193;6.33;;;19.32;;;;;;;;
2019;direito;Faculdade Presbiteriana Mackenzie Rio;RJ;251;Privada;;;179;16.29;201-250;6.02;142;6.62;;;501-600;3.65;;;23.98;;;;;;;;
2019;direito;Centro Universitário do Norte;AM;251;Privada;27;14.13;351-400;12.2;301-350;5.3;601-700;1.38;;;251-300;5.52;;;13.34;;;;;;;;
2019;direito;Faculdade Dom Alberto;RS;251;Privada;;;301-350;13.49;401-500;4.16;401-500;3.88;;;251-300;5.45;;;24.94;;;;;;;;
2019;direito;Centro Universitário de Lavras;MG;251;Privada;;;301-350;13.33;351-400;4.77;185;6.21;;;601-700;2.35;;;26.63;;;;;;;;
2019;direito;Centro Universitário do Instituto de Educação Superior de Brasília;DF;251;Privada;;;171;16.6;351-400;4.82;91;7.12;;;351-400;4.66;;;21.01;;;;;;;;
2019;direito;Centro Universitário Unifaat;SP;251;Privada;;;351-400;12.66;201-250;6.21;301-350;4.84;;;701-800;1.61;;;26.22;;;;;;;;
2019;direito;Universidade do Grande Rio Professor José de Souza Herdy;RJ;251;Privada;;;148;17.12;184;6.41;351-400;4.39;;;194;6.32;;;22.06;;;;;;;;
2019;direito;Centro Universitário de Brusque;SC;251;Privada;;;501-600;10.55;501-600;2.99;401-500;3.95;;;501-600;3.61;;;28.73;;;;;;;;
2019;direito;Centro Universitário de Votuporanga;SP;251;Privada;;;501-600;10.79;501-600;3.2;201-250;5.57;;;601-700;2.02;;;29.05;;;;;;;;
2019;direito;Centro Universitário Presidente Tancredo de Almeida Neves;MG;251;Privada;;;201-250;14.97;501-600;3.13;106;6.98;;;351-400;4.86;;;25.03;;;;;;;;
2019;direito;Universidade de Itaúna;MG;251;Privada;;;401-500;11.1;201-250;5.89;601-700;1.3;;;401-500;3.91;;;26.67;;;;;;;;
2019;direito;Centro Universitário Metropolitano de Maringá;PR;251;Privada;;;401-500;11.63;401-500;3.69;201-250;5.74;;;601-700;2.2;;;26.99;;;;;;;;
2019;direito;Centro Universitário Unifafibe;SP;251;Privada;;;201-250;15.31;201-250;6.26;301-350;4.88;;;401-500;4.17;;;23.29;;;;;;;;
2019;direito;Centro Universitário de Barra Mansa;RJ;251;Privada;;;301-350;13.59;401-500;4.2;139;6.65;;;601-700;2.74;;;24.3;;;;;;;;
2019;direito;Faculdade Ideal Wyden;PA;251;Privada;;;160;16.89;251-300;5.56;145;6.6;;;351-400;4.73;;;21.42;;;;;;;;
2019;direito;Instituto Machadense de Ensino Superior;MG;251;Privada;;;501-600;10.84;601-700;2.64;201-250;5.9;;;601-700;2.3;;;27.22;;;;;;;;
2019;direito;Centro Universitário Paraíso;CE;251;Privada;;;351-400;12.24;701-800;1.13;201-250;5.83;;;301-350;5.28;;;26.58;;;;;;;;
2019;direito;Centro Universitário FG;BA;251;Privada;;;73;20.67;201-250;5.9;127;6.77;;;1;8;;;17.13;;;;;;;;
2019;direito;Centro Universitário da Grande Fortaleza;CE;251;Privada;;;144;17.29;401-500;4.22;301-350;5.07;;;1;8;;;20.87;;;;;;;;
2019;direito;Centro Universitário Zarns;BA;251;Privada;;;88;19.81;90;7.23;351-400;4.58;;;1;8;;;20.01;;;;;;;;
2019;direito;Universidade do Estado de Mato Grosso;MT;251;Estadual;;;401-500;10.94;801-1000;0.73;501-600;2.21;;;1;8;;;27.45;;;;;;;;
2019;direito;Faculdade Santo Agostinho;MG;251;Privada;;;501-600;10.21;601-700;2.48;301-350;4.91;;;501-600;2.82;;;28.14;;;;;;;;
2019;direito;Centro Universitário dos Guararapes;PE;251;Privada;;;301-350;13.54;201-250;6.05;351-400;4.2;;;501-600;3.29;;;26.49;;;;;;;;
2019;direito;Centro Universitário Metropolitano da Amazônia;PA;251;Privada;;;104;18.83;201-250;6.17;151;6.54;;;201-250;6.12;;;18.77;;;;;;;;
2019;direito;Faculdade Dinâmica do Vale do Piranga;MG;251;Privada;;;401-500;11.39;501-600;3.61;351-400;4.59;;;501-600;3.19;;;28.64;;;;;;;;
2019;direito;Universidade de Uberaba;MG;251;Privada;;;501-600;9.66;601-700;2.67;351-400;4.47;;;601-700;2.52;;;29.6;;;;;;;;
2019;direito;Universidade Tuiuti do Paraná;PR;251;Privada;;;201-250;14.77;301-350;5.04;251-300;5.32;;;401-500;4.41;;;24.76;;;;;;;;
2019;direito;Faculdade Kennedy de Minas Gerais;MG;251;Privada;;;131;17.7;251-300;5.81;201-250;5.89;;;201-250;6;;;21.1;;;;;;;;
2019;direito;Centro Universitário Estácio de Sergipe;SE;251;Privada;;;401-500;11.83;501-600;3.04;193;6.13;;;601-700;2.66;;;27.13;;;;;;;;
2019;direito;Faculdade Estácio de Curitiba;PR;251;Privada;;;351-400;12.67;251-300;5.42;201-250;5.67;;;701-800;1.58;;;27.08;;;;;;;;
2019;direito;Faculdade Educacional de Medianeira;PR;251;Privada;;;201-250;14.88;251-300;5.67;251-300;5.11;;;401-500;4.1;;;23.89;;;;;;;;
2019;direito;Faculdade Reges de Dracena;SP;301;Privada;;;153;17.05;129;6.89;401-500;3.79;;;188;6.37;;;18.68;;;;;;;;
2019;direito;Universidade do Vale do Paraíba;SP;301;Privada;;;601-700;8.26;601-700;2.44;201-250;5.66;;;801-1000;0.16;;;26.72;;;;;;;;
2019;direito;Centro Universitário de Ensino Superior do Amazonas;AM;301;Privada;61;9.07;401-500;11.91;301-350;5.03;601-700;1.67;;;301-350;5.21;;;15.8;;;;;;;;
2019;direito;Faculdade de Tecnologia e Ciências de Itabuna;BA;301;Privada;;;201-250;15.18;501-600;3.66;401-500;3.52;;;1;8;;;21.28;;;;;;;;
2019;direito;Faculdade Nova Roma;PE;301;Privada;;;801-1000;2.89;601-700;2.31;;;;;801-1000;0.58;;;33.98;;;;;;;;
2019;direito;Centro Universitário Sociesc de Blumenau;SC;301;Privada;;;401-500;10.94;501-600;2.95;201-250;6.02;;;601-700;1.97;;;24.12;;;;;;;;
2019;direito;União das Faculdades dos Grandes Lagos;SP;301;Privada;;;195;15.9;501-600;2.94;301-350;4.96;;;1;8;;;20.92;;;;;;;;
2019;direito;Centro Universitário Cesuca;RS;301;Privada;;;251-300;14.53;142;6.78;73;7.3;;;801-1000;0.45;;;21.06;;;;;;;;
2019;direito;Faculdade Anhanguera de Ciências Sociais Aplicadas de Sinop;MT;301;Privada;;;501-600;10.09;801-1000;0.52;30;7.72;;;701-800;1.85;;;24.66;;;;;;;;
2019;direito;Faculdades Integradas São Judas Tadeu;RS;301;Privada;;;301-350;13.36;201-250;6.01;301-350;5.06;;;601-700;2.29;;;22.56;;;;;;;;
2019;direito;Centro Universitário de Sete Lagoas;MG;301;Privada;;;401-500;11.36;401-500;3.8;175;6.3;;;701-800;1.26;;;25.53;;;;;;;;
2019;direito;Centro Universitário Joaquim Nabuco de Recife;PE;301;Privada;61;9.07;601-700;9.37;301-350;5.32;701-800;1.01;;;501-600;3.04;;;16.12;;;;;;;;
2019;direito;Instituto Matonense Municipal de Ensino Superior;SP;301;Privada;;;201-250;15.3;251-300;5.54;251-300;5.38;;;401-500;4.38;;;20.33;;;;;;;;
2019;direito;Centro Universitário São Camilo - Espírito Santo;ES;301;Privada;;;601-700;8.77;501-600;3.63;501-600;2.91;;;601-700;2.23;;;27.59;;;;;;;;
2019;direito;Centro Universitário da Fundação Educacional Guaxupé;MG;301;Privada;;;401-500;11.71;154;6.67;601-700;1.36;;;401-500;3.68;;;24.71;;;;;;;;
2019;direito;Faculdade de Ciências Sociais Aplicadas de Extrema;MG;301;Privada;;;196;15.88;201-250;5.99;251-300;5.31;;;351-400;4.58;;;19.78;;;;;;;;
2019;direito;UGV Centro Universitário;PR;301;Privada;;;401-500;10.96;601-700;2.42;114;6.9;;;701-800;1.64;;;25.99;;;;;;;;
2019;direito;Centro Universitário Integrado de Campo Mourão;PR;301;Privada;;;701-800;8.05;801-1000;0.27;301-350;4.99;;;501-600;2.79;;;27.68;;;;;;;;
2019;direito;Faculdade Integral Cantareira;SP;301;Privada;;;201-250;14.62;201-250;5.85;401-500;4.06;;;351-400;4.71;;;20.19;;;;;;;;
2019;direito;Centro Universitário Vale do Rio Verde;MG;301;Privada;;;251-300;14.42;301-350;5.23;251-300;5.34;;;401-500;3.85;;;20.28;;;;;;;;
2019;direito;Christus Faculdade do Piauí;PI;301;Privada;;;251-300;14.48;601-700;2.06;201-250;5.95;;;177;6.47;;;22.79;;;;;;;;
2019;direito;Faculdade de Ciências Sociais Aplicadas BA;BA;301;Privada;;;189;16.08;601-700;2.26;201-250;5.82;;;1;8;;;20.1;;;;;;;;
2019;direito;Centro Universitário Faminas;MG;301;Privada;;;401-500;10.95;401-500;4.46;251-300;5.42;;;701-800;1.07;;;24.57;;;;;;;;
2019;direito;Centro Universitário - Uniesp;PB;301;Privada;;;251-300;13.83;351-400;4.56;401-500;4.04;;;301-350;5.23;;;23.7;;;;;;;;
2019;direito;Faculdade Independente do Nordeste;BA;301;Privada;;;401-500;11.86;351-400;4.7;401-500;3.32;;;401-500;3.84;;;24.07;;;;;;;;
2019;direito;Universidade de Araraquara;SP;301;Privada;;;501-600;10.21;401-500;3.98;601-700;1.95;;;401-500;4.28;;;26.86;;;;;;;;
2019;direito;Universidade Metodista de São Paulo;SP;301;Privada;;;401-500;11.7;301-350;5.17;301-350;4.79;;;701-800;1.74;;;24.21;;;;;;;;
2019;direito;Universidade Regional Integrada do Alto Uruguai e das Missões;RS;301;Privada;;;501-600;10.76;301-350;5.1;401-500;3.86;;;701-800;1.8;;;24.34;;;;;;;;
2019;direito;Centro Universitário de Jaguariúna;SP;301;Privada;;;601-700;9.36;701-800;1.64;122;6.82;;;801-1000;0.9;;;25.71;;;;;;;;
2019;direito;Faculdade Projeção de Sobradinho;DF;301;Privada;;;201-250;15.68;138;6.81;701-800;0.87;;;1;8;;;21.79;;;;;;;;
2019;direito;Centro Universitário Fluminense;RJ;301;Privada;;;501-600;10.15;401-500;4.19;601-700;1.29;;;351-400;4.67;;;27.18;;;;;;;;
2019;direito;Centro Universitário Governador Ozanam Coelho;MG;301;Privada;;;801-1000;3.23;801-1000;1.07;;;;;601-700;2.16;;;32.2;;;;;;;;
2019;direito;Faculdade de Direito de Santa Maria;RS;301;Privada;;;601-700;9.01;501-600;3.25;301-350;4.6;;;701-800;1.16;;;28.45;;;;;;;;
2019;direito;Centro Universitário da Fundação Educacional de Barretos;SP;301;Privada;;;301-350;13.19;301-350;5.02;201-250;6.05;;;601-700;2.12;;;24.25;;;;;;;;
2019;direito;Faculdade Multivix de Cachoeiro;ES;301;Privada;;;301-350;13.06;501-600;2.96;46;7.56;;;601-700;2.54;;;22.52;;;;;;;;
2019;direito;Centro Universitário São Lucas Ji-paraná;RO;301;Privada;;;501-600;9.88;701-800;1.39;501-600;2.5;;;201-250;5.99;;;25.58;;;;;;;;
2019;direito;Centro Universitário Católico Salesiano Auxilium;SP;301;Privada;;;132;17.68;136;6.83;201-250;5.59;;;301-350;5.26;;;18.32;;;;;;;;
2019;direito;Universidade do Oeste Paulista;SP;301;Privada;61;9.07;141;17.47;79;7.32;251-300;5.22;;;351-400;4.93;;;10.83;;;;;;;;
2019;direito;Faculdade de Integração do Sertão;PE;301;Privada;;;401-500;11.43;601-700;2.25;401-500;3.21;;;201-250;5.97;;;23.39;;;;;;;;
2019;direito;Faculdade de Estudos Administrativos de Minas Gerais;MG;301;Privada;;;501-600;10.35;351-400;4.75;301-350;5.02;;;801-1000;0.58;;;27.04;;;;;;;;
2019;direito;Faculdade de São Lourenço;MG;301;Privada;;;401-500;11.84;601-700;2.53;251-300;5.37;;;401-500;3.94;;;23.84;;;;;;;;
2019;direito;Faculdade Promove de Belo Horizonte;MG;301;Privada;;;201-250;15.47;301-350;5.18;351-400;4.37;;;201-250;5.92;;;19.27;;;;;;;;
2019;direito;Faculdades Integradas Hélio Alonso;RJ;301;Privada;;;301-350;13;201-250;6.22;351-400;4.5;;;601-700;2.28;;;22.29;;;;;;;;
2019;direito;Faculdade Esamc Santos;SP;301;Privada;;;701-800;6.46;701-800;1.75;501-600;3.08;;;701-800;1.63;;;30.83;;;;;;;;
2019;direito;Centro Universitário Serra dos Órgãos;RJ;301;Privada;;;301-350;13.2;351-400;4.6;501-600;2.76;;;201-250;5.84;;;21.56;;;;;;;;
2019;direito;Faculdade do Norte Novo de Apucarana;PR;301;Privada;;;501-600;10.86;601-700;2.57;401-500;3.74;;;351-400;4.55;;;25.12;;;;;;;;
2019;direito;Faculdade Cnec Varginha;MG;301;Privada;;;401-500;11.97;501-600;3.55;251-300;5.54;;;501-600;2.88;;;24.39;;;;;;;;
2019;direito;Faculdade de Fortaleza;CE;301;Privada;;;351-400;12.58;701-800;1.72;251-300;5.24;;;251-300;5.62;;;22.75;;;;;;;;
2019;direito;Faculdade de Direito de Contagem;MG;301;Privada;;;801-1000;2.73;601-700;2.68;;;;;801-1000;0.05;;;32.66;;;;;;;;
2019;direito;Instituto Luterano de Ensino Superior de Itumbiara;GO;301;Privada;;;251-300;13.73;801-1000;0.89;163;6.42;;;182;6.42;;;22.33;;;;;;;;
2019;direito;Centro Universitário Barão de Mauá;SP;351;Privada;;;201-250;14.76;351-400;4.65;140;6.64;;;501-600;3.47;;;18.64;;;;;;;;
2019;direito;Centro Universitário Unifacig;MG;351;Privada;;;601-700;9.52;401-500;4.21;701-800;0.69;;;351-400;4.62;;;23.57;;;;;;;;
2019;direito;Instituto Municipal de Ensino Superior de Assis;SP;351;Municipal;;;351-400;12.17;251-300;5.5;;;;;154;6.67;;;22.11;;;;;;;;
2019;direito;Universidade La Salle;RS;351;Privada;;;130;17.74;2;7.99;401-500;3.13;;;160;6.62;;;14.62;;;;;;;;
2019;direito;Instituto de Ensino Superior Integrado-iesi;MG;351;Privada;;;501-600;10.14;701-800;1.73;401-500;3.85;;;351-400;4.56;;;23.61;;;;;;;;
2019;direito;Faculdade Santa Rita de Cássia;GO;351;Privada;;;401-500;11.24;801-1000;0.76;251-300;5.08;;;251-300;5.4;;;22.7;;;;;;;;
2019;direito;Faculdades Unificadas de Leopoldina;MG;351;Privada;;;95;19.34;301-350;5.24;196;6.1;;;1;8;;;14.94;;;;;;;;
2019;direito;Centro de Ensino Superior de Ilhéus;BA;351;Privada;;;401-500;11.53;601-700;1.99;301-350;5.03;;;401-500;4.51;;;22.61;;;;;;;;
2019;direito;Centro Universitário de Talentos Humanos;MG;351;Privada;;;501-600;10.38;601-700;2.51;501-600;3.11;;;351-400;4.76;;;21.6;;;;;;;;
2019;direito;Faculdade Santa Lúcia;SP;351;Privada;;;401-500;10.87;179;6.46;701-800;1.02;;;501-600;3.39;;;21.24;;;;;;;;
2019;direito;Faculdade Estácio do Rio Grande do Sul;RS;351;Privada;;;251-300;14.36;160;6.62;401-500;3.3;;;401-500;4.44;;;19;;;;;;;;
2019;direito;Faculdades Integradas do Vale do Ivaí;PR;351;Privada;;;351-400;12.11;351-400;4.54;401-500;4.05;;;501-600;3.52;;;20.74;;;;;;;;
2019;direito;Faculdade de Direito de Itu;SP;351;Privada;;;601-700;8.84;301-350;5.33;401-500;3.39;;;801-1000;0.12;;;23.25;;;;;;;;
2019;direito;Instituto Aphonsiano de Ensino Superior;GO;351;Privada;;;151;17.06;401-500;4.4;301-350;4.66;;;1;8;;;14.84;;;;;;;;
2019;direito;Faculdade Barretos;SP;351;Privada;;;401-500;11.29;351-400;4.85;;;;;180;6.44;;;22.93;;;;;;;;
2019;direito;Centro Universitário de Adamantina;SP;351;Municipal;;;601-700;9.56;601-700;2.25;154;6.51;;;801-1000;0.8;;;23.66;;;;;;;;
2019;direito;Faculdade do Espírito Santo;ES;351;Privada;;;401-500;11.5;801-1000;0.48;178;6.27;;;351-400;4.75;;;22.01;;;;;;;;
2019;direito;Centro Universitário Cearense;CE;351;Privada;;;701-800;6.32;601-700;2.13;401-500;3.17;;;801-1000;1.02;;;26.08;;;;;;;;
2019;direito;Centro Universitário de Ciências e Tecnologia do Maranhão;MA;351;Privada;;;701-800;7.55;701-800;1.53;;;;;201-250;6.02;;;25.94;;;;;;;;
2019;direito;Faculdade de Direito da Alta Paulista;SP;351;Privada;;;701-800;8.13;301-350;4.98;601-700;1.22;;;601-700;1.93;;;23.93;;;;;;;;
2019;direito;Centro Universitário Barriga Verde;SC;351;Privada;;;401-500;11.71;701-800;1.22;174;6.31;;;401-500;4.18;;;22.84;;;;;;;;
2019;direito;Faculdade Espírito Santense de Ciências Jurídicas;ES;351;Privada;;;501-600;10.19;701-800;1.12;401-500;3.43;;;251-300;5.64;;;23.11;;;;;;;;
2019;direito;Centro Universitário Fundação Santo André;SP;351;Privada;;;801-1000;5.2;351-400;4.96;;;;;801-1000;0.24;;;27.82;;;;;;;;
2019;direito;Faculdade de Direito de Ipatinga;MG;351;Privada;;;351-400;12.27;501-600;3.54;401-500;3.46;;;301-350;5.27;;;20.96;;;;;;;;
2019;direito;Faculdades Unificadas de Foz do Iguaçu;PR;351;Privada;;;801-1000;2.93;801-1000;0.79;601-700;1.94;;;801-1000;0.2;;;29.09;;;;;;;;
2019;direito;Faculdade de Ciências Sociais e Agrárias de Itapeva;SP;351;Privada;;;62;21.87;21;7.83;201-250;6.04;;;1;8;;;11.33;;;;;;;;
2019;direito;Centro Universitário para o Desenvolvimento do Alto Vale do Itajaí;SC;351;Privada;;;701-800;6.31;701-800;1.53;401-500;4;;;801-1000;0.78;;;26.81;;;;;;;;
2019;direito;Faculdades Integradas Iesgo;GO;351;Privada;;;126;17.87;107;7.08;501-600;2.79;;;1;8;;;14.34;;;;;;;;
2019;direito;Universidade do Contestado;SC;351;Privada;;;501-600;10.84;601-700;2.15;401-500;3.33;;;301-350;5.36;;;22.65;;;;;;;;
2019;direito;Instituto de Ensino Superior e Formação Avançada de Vitória;ES;351;Privada;;;501-600;9.84;801-1000;0.77;351-400;4.3;;;351-400;4.77;;;22.24;;;;;;;;
2019;direito;Faculdade Pio Décimo;SE;351;Privada;;;251-300;14.13;301-350;5.38;501-600;2.74;;;201-250;6.01;;;17.81;;;;;;;;
2019;direito;Universidade Alto Vale do Rio do Peixe;SC;351;Privada;;;501-600;10.42;801-1000;0.75;301-350;4.76;;;351-400;4.91;;;23.43;;;;;;;;
2019;direito;Centro Universitário do Planalto Central Apparecido dos Santos;DF;351;Privada;;;201-250;14.83;601-700;2.5;162;6.43;;;201-250;5.9;;;19.69;;;;;;;;
2019;direito;Centro Universitário La Salle;MT;351;Privada;;;401-500;10.95;501-600;3;351-400;4.51;;;501-600;3.44;;;22.43;;;;;;;;
2019;direito;Universidade Paranaense;PR;351;Privada;;;401-500;10.89;501-600;3.11;168;6.37;;;701-800;1.41;;;23.48;;;;;;;;
2019;direito;Centro Universitário Sudoeste Paulista;SP;351;Privada;;;601-700;9.35;601-700;2.12;351-400;4.12;;;501-600;3.11;;;24.16;;;;;;;;
2019;direito;Centro Universitário Fanor Wyden;CE;351;Privada;;;301-350;13.19;401-500;4.1;301-350;4.98;;;401-500;4.11;;;18.95;;;;;;;;
2019;direito;Faculdade Anhanguera de Ciências Jurídicas, Gerenciais e Educação de Sinop;MT;351;Privada;;;501-600;9.69;801-1000;0.54;67;7.36;;;701-800;1.79;;;23.75;;;;;;;;
2019;direito;Faculdade Cnec Gravataí;RS;351;Privada;;;501-600;10.31;201-250;5.88;601-700;1.42;;;501-600;3.01;;;22.97;;;;;;;;
2019;direito;Centro Universitário Social da Bahia;BA;351;Privada;;;401-500;11.6;188;6.38;501-600;2.27;;;501-600;2.95;;;21.33;;;;;;;;
2019;direito;Instituto de Ensino Superior de Rondônia;RO;351;Privada;;;351-400;12.12;401-500;4.5;601-700;2.02;;;251-300;5.6;;;20.69;;;;;;;;
2019;direito;Centro Universitário Metodista Izabela Hendrix;MG;351;Privada;;;401-500;11.38;171;6.53;701-800;1.05;;;401-500;3.8;;;21.51;;;;;;;;
2019;direito;Faculdade Unirb - Arapiraca;AL;351;Privada;;;157;16.92;105;7.1;401-500;3.29;;;170;6.53;;;16.35;;;;;;;;
2019;direito;Universidade de Cuiabá;MT;351;Privada;61;9.07;701-800;7.32;701-800;1.46;501-600;3.02;;;501-600;2.84;;;15.71;;;;;;;;
2019;direito;Centro Universitário Atenas;MG;351;Privada;;;80;20.4;168;6.55;69;7.34;;;172;6.51;;;11.65;;;;;;;;
2019;direito;Universidade Salgado de Oliveira;RJ;351;Privada;27;14.13;601-700;8.6;501-600;3.57;501-600;2.63;;;601-700;2.4;;;10.96;;;;;;;;
2019;direito;Centro Universitário Fundação de Ensino Octávio Bastos;SP;351;Privada;;;301-350;13.12;701-800;1.47;107;6.97;;;351-400;4.68;;;18.86;;;;;;;;
2019;direito;Centro Universitário de Excelência de Vitória da Conquista;BA;351;Privada;;;192;16.01;351-400;4.59;401-500;3.42;;;1;8;;;17.45;;;;;;;;
2019;direito;Faculdade Projeção do Guará;DF;351;Privada;;;251-300;13.7;251-300;5.7;;;;;1;8;;;20.37;;;;;;;;
2019;direito;Faculdade Casa do Estudante;ES;401;Privada;;;601-700;8.41;701-800;1.74;191;6.15;;;801-1000;0.52;;;19.37;;;;;;;;
2019;direito;Faculdade Peruíbe;SP;401;Privada;;;801-1000;5.65;351-400;4.68;;;;;801-1000;0.97;;;24.8;;;;;;;;
2019;direito;Universidade do Planalto Catarinense;SC;401;Privada;;;801-1000;2.97;801-1000;0.37;601-700;1.5;;;701-800;1.1;;;24.44;;;;;;;;
2019;direito;Faculdade Serra do Carmo;TO;401;Privada;;;701-800;7.69;601-700;2.61;501-600;2.46;;;601-700;2.62;;;19.87;;;;;;;;
2019;direito;Faculdade de Santo Antonio da Platina;PR;401;Privada;;;351-400;12.2;401-500;4.14;401-500;3.49;;;351-400;4.57;;;17.54;;;;;;;;
2019;direito;Faculdade Cnec Rio das Ostras;RJ;401;Privada;;;501-600;9.86;601-700;2.52;301-350;4.75;;;601-700;2.59;;;21.74;;;;;;;;
2019;direito;Centro Universitário Geraldo Di Biase;RJ;401;Privada;;;251-300;14.5;301-350;5.22;501-600;3.04;;;201-250;6.24;;;13.47;;;;;;;;
2019;direito;Centro Universitário Arnaldo Horácio Ferreira;BA;401;Privada;;;501-600;10.18;801-1000;0.81;201-250;5.58;;;401-500;3.79;;;17.08;;;;;;;;
2019;direito;Centro Universitário de Pato Branco;PR;401;Privada;;;501-600;9.76;701-800;1.8;501-600;2.67;;;301-350;5.29;;;21.19;;;;;;;;
2019;direito;Escola Superior de Criciúma;SC;401;Privada;;;601-700;8.62;601-700;2.24;182;6.23;;;801-1000;0.15;;;20.6;;;;;;;;
2019;direito;Faculdades Integradas de Aracruz;ES;401;Privada;;;193;16;251-300;5.74;98;7.05;;;501-600;3.21;;;14.75;;;;;;;;
2019;direito;Instituto Itapetiningano de Ensino Superior;SP;401;Privada;;;401-500;11.05;801-1000;0.55;301-350;4.68;;;251-300;5.82;;;15.48;;;;;;;;
2019;direito;Faculdade de Olinda;PE;401;Privada;;;123;17.95;76;7.35;501-600;2.6;;;1;8;;;12.24;;;;;;;;
2019;direito;Faculdade de Direito do Vale do Rio Doce;MG;401;Privada;;;701-800;7.66;701-800;1.54;601-700;1.58;;;351-400;4.54;;;21.88;;;;;;;;
2019;direito;Centro Universitário Fip-moc;MG;401;Privada;;;201-250;15.1;351-400;4.55;301-350;4.8;;;251-300;5.75;;;15.35;;;;;;;;
2019;direito;Centro Universitário Unihorizontes;MG;401;Privada;;;501-600;10.21;501-600;3.41;251-300;5.14;;;701-800;1.66;;;19.64;;;;;;;;
2019;direito;Centro Universitário de Goiás;GO;401;Privada;;;501-600;9.65;401-500;4.32;501-600;2.4;;;501-600;2.93;;;19.55;;;;;;;;
2019;direito;Faculdade Autônoma de Direito;SP;401;Privada;;;701-800;7.05;501-600;3.39;401-500;3.56;;;801-1000;0.1;;;21.47;;;;;;;;
2019;direito;Faculdade de Direito de Conselheiro Lafaiete;MG;401;Privada;;;801-1000;5.78;701-800;1.77;401-500;3.94;;;801-1000;0.07;;;24.85;;;;;;;;
2019;direito;Centro Universitário Uniasselvi de Blumenau ;SC;401;Privada;;;301-350;13.37;501-600;3.19;190;6.16;;;401-500;4.02;;;17.86;;;;;;;;
2019;direito;Faculdade Cnec Farroupilha;RS;401;Privada;;;401-500;10.99;251-300;5.55;401-500;3.25;;;601-700;2.19;;;19.46;;;;;;;;
2019;direito;Instituto Municipal de Ensino Superior de Catanduva;SP;401;Municipal;;;301-350;13.36;401-500;4;301-350;4.83;;;351-400;4.53;;;16.31;;;;;;;;
2019;direito;Centro Universitário Estácio da Bahia;BA;401;Privada;;;501-600;10.52;301-350;5;351-400;4.4;;;701-800;1.12;;;16.21;;;;;;;;
2019;direito;Centro Universitário Max Planck;SP;401;Privada;;;701-800;7.46;701-800;1.6;301-350;4.64;;;701-800;1.22;;;19.59;;;;;;;;
2019;direito;Faculdade Unirb - Mossoró;RN;401;Privada;;;401-500;11.02;501-600;3.22;601-700;2.13;;;251-300;5.67;;;19.23;;;;;;;;
2019;direito;Centro Universitário do Sudeste Mineiro;MG;401;Privada;;;601-700;8.69;701-800;1.16;88;7.15;;;801-1000;0.38;;;23.16;;;;;;;;
2019;direito;Faculdade de Administração de Santa Cruz do Rio Pardo;SP;401;Privada;;;701-800;6.18;501-600;3.61;601-700;1.93;;;801-1000;0.64;;;23.52;;;;;;;;
2019;direito;Centro Universitário da Serra Gaúcha;RS;401;Privada;;;601-700;9.23;401-500;4.47;401-500;3.83;;;801-1000;0.93;;;21.92;;;;;;;;
2019;direito;Instituto de Ensino Superior do Sul do Maranhão;MA;401;Privada;;;601-700;8.94;601-700;2.05;501-600;2.73;;;401-500;4.16;;;21.7;;;;;;;;
2019;direito;Centro Universitário Fibra;PA;401;Privada;;;136;17.56;191;6.35;251-300;5.56;;;251-300;5.65;;;12.1;;;;;;;;
2019;direito;Centro Universitário São Roque;SP;401;Privada;;;251-300;14.51;401-500;3.73;251-300;5.5;;;301-350;5.28;;;13.84;;;;;;;;
2019;direito;Faculdade do Vale do Juruena;MT;401;Privada;;;99;19.03;301-350;5.06;55;7.47;;;173;6.5;;;9.87;;;;;;;;
2019;direito;Faculdade Novo Milênio;ES;401;Privada;;;501-600;9.94;701-800;1.62;251-300;5.46;;;501-600;2.86;;;20.23;;;;;;;;
2019;direito;Centro Universitário Estácio de Brasília;DF;401;Privada;;;301-350;13.39;201-250;6.15;401-500;3.2;;;401-500;4.04;;;17.68;;;;;;;;
2019;direito;Universidade de Gurupi;TO;401;Municipal;;;501-600;9.78;801-1000;0.22;601-700;1.56;;;1;8;;;18.22;;;;;;;;
2019;direito;Faculdade Anísio Teixeira de Feira de Santana;BA;401;Privada;;;159;16.9;601-700;2.4;155;6.5;;;1;8;;;10.92;;;;;;;;
2019;direito;Faculdade Positivo Londrina;PR;401;Privada;;;301-350;13.42;251-300;5.75;401-500;3.68;;;401-500;3.99;;;13.11;;;;;;;;
2019;direito;Instituto de Ensino Superior da Grande Florianópolis;SC;401;Privada;;;501-600;9.83;801-1000;0.99;401-500;4.1;;;351-400;4.74;;;20.64;;;;;;;;
2019;direito;Centro Universitário Uninorte;AC;401;Privada;;;251-300;13.82;401-500;3.85;401-500;4.08;;;201-250;5.89;;;17.4;;;;;;;;
2019;direito;Centro Universitário Opet;PR;401;Privada;;;351-400;12.48;351-400;4.8;401-500;3.63;;;401-500;4.05;;;18.09;;;;;;;;
2019;direito;Centro Universitário Planalto do Distrito Federal;DF;401;Privada;;;201-250;15.28;401-500;3.86;251-300;5.13;;;197;6.29;;;15.89;;;;;;;;
2019;direito;Centro Universitário Una de Uberlândia;MG;401;Privada;;;601-700;9.03;401-500;3.87;401-500;3.16;;;601-700;2;;;18.5;;;;;;;;
2019;direito;Faculdade Presidente Antônio Carlos de Aimorés;MG;401;Privada;;;701-800;6.47;701-800;1.08;301-350;4.95;;;801-1000;0.44;;;22.15;;;;;;;;
2019;direito;Faculdade Sinop;MT;401;Privada;;;401-500;11.24;501-600;3.03;501-600;2.38;;;201-250;5.83;;;19.14;;;;;;;;
2019;direito;Centro Universitário de Itapira;SP;401;Privada;;;501-600;10.38;801-1000;0.82;251-300;5.55;;;401-500;4.01;;;20.83;;;;;;;;
2019;direito;Universidade Católica de Pelotas;RS;401;Privada;;;351-400;12.26;251-300;5.72;701-800;1.12;;;251-300;5.42;;;18.27;;;;;;;;
2019;direito;Universidade Vale do Rio Doce;MG;401;Privada;61;9.07;801-1000;3.96;701-800;1.08;701-800;0.3;;;601-700;2.58;;;15.76;;;;;;;;
2019;direito;Faculdade de Colider;MT;401;Privada;;;351-400;12.53;701-800;1.1;66;7.37;;;401-500;4.06;;;17.36;;;;;;;;
2019;direito;Faculdade de Rolim de Moura;RO;401;Privada;;;701-800;7.68;801-1000;0.3;501-600;3.09;;;401-500;4.29;;;20.14;;;;;;;;
2019;direito;Universidade de Taubaté;SP;401;Municipal;;;501-600;10.03;501-600;2.81;701-800;1.02;;;201-250;6.2;;;17.49;;;;;;;;
2019;direito;Centro Universitário Unisep;PR;401;Privada;;;601-700;9.17;501-600;3.01;501-600;2.23;;;401-500;3.93;;;18.18;;;;;;;;
2019;direito;Centro Universitário Mário Palmério;MG;401;Privada;;;351-400;12.64;351-400;4.9;501-600;2.78;;;301-350;4.96;;;19.18;;;;;;;;
2019;direito;Centro Universitário Castelo Branco;ES;401;Privada;;;501-600;10.51;351-400;4.78;501-600;2.49;;;501-600;3.24;;;19.46;;;;;;;;
2019;direito;Faculdade Casa Branca;SP;401;Privada;;;201-250;15.5;401-500;4.48;501-600;3.02;;;1;8;;;14.3;;;;;;;;
2019;direito;Instituto Federal de Educação, Ciência e Tecnologia do Paraná;PR;401;Federal;;;115;18.24;501-600;2.83;62;7.41;;;1;8;;;10.69;;;;;;;;
2019;direito;Faculdade de Direito de Cachoeiro do Itapemirim;ES;401;Privada;;;801-1000;5.32;801-1000;0.9;701-800;0.85;;;501-600;3.57;;;25.26;;;;;;;;
2019;direito;Faculdade de Educação São Luís;SP;401;Privada;;;351-400;12.07;601-700;2.72;43;7.59;;;701-800;1.76;;;19.05;;;;;;;;
2019;direito;Faculdade Santo Agostinho de Sete Lagoas;MG;401;Privada;;;351-400;12.41;501-600;3.55;158;6.47;;;601-700;2.39;;;19.09;;;;;;;;
2019;direito;Faculdades Londrina;PR;401;Privada;;;166;16.71;137;6.82;601-700;1.89;;;1;8;;;12.93;;;;;;;;
2019;direito;Faculdade Maringá;PR;401;Privada;;;401-500;11.06;251-300;5.52;601-700;2.14;;;501-600;3.4;;;17.77;;;;;;;;
2019;direito;Faculdade Estácio do Pará;PA;401;Privada;;;201-250;15.67;201-250;5.91;201-250;5.84;;;401-500;3.92;;;11.24;;;;;;;;
2019;direito;Faculdades Integradas do Extremo Sul da Bahia;BA;401;Privada;;;601-700;9.01;701-800;1.18;401-500;3.96;;;401-500;3.87;;;17.63;;;;;;;;
2019;direito;Centro Universitário Favip Wyden;PE;401;Privada;;;351-400;12.25;401-500;4.04;601-700;1.99;;;201-250;6.22;;;15.53;;;;;;;;
2019;direito;Universidade Evangélica de Goiás;GO;401;Privada;;;501-600;9.73;601-700;2.18;401-500;3.4;;;401-500;4.15;;;18;;;;;;;;
2019;direito;Faculdade de Pará de Minas;MG;401;Privada;;;701-800;7.28;501-600;3.24;401-500;3.53;;;801-1000;0.51;;;24.62;;;;;;;;
2019;direito;Centro Universitário Nossa Senhora do Patrocínio;SP;401;Privada;;;401-500;11.28;251-300;5.71;351-400;4.14;;;701-800;1.43;;;18.54;;;;;;;;
2019;direito;Nova Faculdade;MG;401;Privada;;;801-1000;1.78;701-800;1.48;801-1000;0.16;;;801-1000;0.14;;;29.96;;;;;;;;
2019;direito;Faculdade de Ibaiti;PR;401;Privada;;;301-350;13.51;401-500;4.33;134;6.7;;;601-700;2.48;;;17.58;;;;;;;;
2019;direito;Faculdade Doctum de Serra;ES;401;Privada;;;401-500;10.88;501-600;2.88;;;;;1;8;;;20.51;;;;;;;;
2019;direito;Escola Superior Associada de Goiânia;GO;401;Privada;;;601-700;9.25;601-700;2.49;351-400;4.35;;;601-700;2.41;;;21.15;;;;;;;;
2019;direito;Instituto de Ensino Superior de Bauru;SP;401;Privada;;;501-600;10.07;351-400;4.78;701-800;0.47;;;351-400;4.82;;;19.73;;;;;;;;
2019;direito;Centro Universitário Maurício de Nassau de Barreiras;BA;401;Privada;;;401-500;11.97;701-800;1.91;200;6.06;;;401-500;4;;;15.12;;;;;;;;
2019;direito;Faculdade Católica da Paraíba;PB;401;Privada;;;601-700;8.48;801-1000;0.49;401-500;3.18;;;351-400;4.81;;;18.59;;;;;;;;
2019;direito;Faculdade Evolução Alto Oeste Potiguar;RN;401;Privada;;;351-400;12.38;601-700;2.1;501-600;2.28;;;1;8;;;16.53;;;;;;;;
2019;direito;Centro Universitário Módulo;SP;401;Privada;;;401-500;11.64;173;6.51;701-800;0.49;;;351-400;4.64;;;16.72;;;;;;;;
2019;direito;Faculdade Sinergia;SC;401;Privada;;;501-600;10.21;401-500;4.01;201-250;5.65;;;801-1000;0.55;;;19.91;;;;;;;;
2019;direito;Instituto Superior do Litoral do Paraná;PR;401;Privada;;;601-700;9.59;601-700;2.7;701-800;0.96;;;201-250;5.93;;;19.96;;;;;;;;
2019;direito;Centro Universitário Vale do Cricaré;ES;401;Privada;;;601-700;9.2;701-800;1.35;251-300;5.39;;;601-700;2.46;;;18.91;;;;;;;;
2019;direito;Centro Universitário Anhangüera;SP;401;Privada;;;701-800;7.1;801-1000;0.64;201-250;5.98;;;801-1000;0.48;;;19.82;;;;;;;;
2019;direito;Centro Universitário Cathedral;MT;401;Privada;;;163;16.78;401-500;3.88;301-350;4.9;;;1;8;;;11.78;;;;;;;;
2019;direito;Faculdades Doctum de Guarapari;ES;401;Privada;;;114;18.3;401-500;3.84;159;6.46;;;1;8;;;13.57;;;;;;;;
2019;direito;Faculdade de Ciências Gerenciais de São Gotardo;MG;401;Privada;;;301-350;13.38;81;7.31;;;;;201-250;6.07;;;18.13;;;;;;;;
2019;direito;Faculdade de Araraquara;SP;401;Privada;;;601-700;9.11;601-700;2.12;401-500;3.51;;;501-600;3.48;;;18.36;;;;;;;;
2019;direito;Centro Universitário Internacional;PR;401;Privada;;;251-300;13.69;146;6.74;401-500;3.62;;;501-600;3.33;;;17.26;;;;;;;;
2019;direito;Faculdades Integradas da Upis;DF;401;Privada;;;701-800;6.22;701-800;1.17;701-800;0.98;;;401-500;4.07;;;22.88;;;;;;;;
2019;direito;Centro Universitário Uniasselvi de Guaramirim;SC;401;Privada;;;601-700;9.19;601-700;2.32;501-600;2.52;;;401-500;4.35;;;21.38;;;;;;;;
2019;direito;Centro Universitário de Rondônia;RO;401;Privada;;;501-600;10.15;601-700;2.45;501-600;2.92;;;351-400;4.78;;;16.9;;;;;;;;
2019;direito;Libertas - Faculdades Integradas;MG;401;Privada;;;501-600;10.3;401-500;4.46;501-600;2.22;;;501-600;3.62;;;16.81;;;;;;;;
2019;direito;Centro Universitário Leonardo da Vinci;SC;401;Privada;;;401-500;11.36;401-500;3.75;401-500;3.84;;;401-500;3.77;;;18.45;;;;;;;;
2019;direito;Faculdade Concórdia;SC;401;Privada;;;501-600;10.53;501-600;3.14;401-500;3.5;;;401-500;3.89;;;17.95;;;;;;;;
2019;direito;Faculdade Estácio de Alagoas;AL;401;Privada;;;701-800;7.74;701-800;1.89;501-600;2.29;;;501-600;3.56;;;21.65;;;;;;;;
2019;direito;Faculdade de Ensino e Cultura do Ceará;CE;401;Privada;;;251-300;14.42;701-800;1.9;105;6.99;;;251-300;5.53;;;13.66;;;;;;;;
2019;direito;Centro Universitário Cidade Verde;PR;401;Privada;;;401-500;11.6;251-300;5.66;;;;;201-250;5.94;;;16.63;;;;;;;;
2019;direito;Centro Universitário Ceuni;AM;401;Privada;;;301-350;13.49;186;6.4;601-700;2;;;301-350;5.09;;;13.15;;;;;;;;
2019;direito;Centro Universitário do Vale do Jaguaribe;CE;401;Privada;;;801-1000;4.02;701-800;1.09;;;;;501-600;2.93;;;27.36;;;;;;;;
2019;direito;Faculdade Anhanguera de Divinópolis;MG;401;Privada;;;701-800;6.19;601-700;2.23;501-600;2.19;;;701-800;1.77;;;22.47;;;;;;;;
2019;direito;Faculdade Doutor Francisco Maeda;SP;401;Privada;;;501-600;10.51;193;6.34;501-600;2.83;;;701-800;1.34;;;16.03;;;;;;;;
2019;direito;Centro Universitário Facvest;SC;401;Privada;;;172;16.59;43;7.64;501-600;2.26;;;151;6.69;;;15.03;;;;;;;;
2019;direito;Faculdade Arnaldo Janssen;MG;401;Privada;;;601-700;9.54;351-400;4.91;351-400;4.52;;;801-1000;0.11;;;17.72;;;;;;;;
2019;direito;Centro Universitário da Região da Campanha;RS;401;Privada;;;701-800;6.98;601-700;2.59;601-700;1.71;;;601-700;2.68;;;21.97;;;;;;;;
2019;direito;Centro Universitário da Amazônia;PA;501;Privada;;;501-600;10.85;301-350;5.19;501-600;2.58;;;501-600;3.08;;;12.2;;;;;;;;
2019;direito;Centro Universitário Metodista;RS;501;Privada;;;401-500;12;122;6.95;401-500;3.99;;;701-800;1.06;;;12.51;;;;;;;;
2019;direito;Centro Universitário Cambury;GO;501;Privada;;;701-800;7.39;501-600;3.6;701-800;0.81;;;501-600;2.98;;;16.67;;;;;;;;
2019;direito;Faculdade Foz do Iguaçu;PR;501;Privada;;;601-700;8.79;801-1000;0.93;251-300;5.1;;;601-700;2.76;;;16.49;;;;;;;;
2019;direito;Faculdade de Direito Anhanguera Unidade Guarapari;ES;501;Privada;;;701-800;7.56;801-1000;0.95;401-500;3.7;;;501-600;2.91;;;17.04;;;;;;;;
2019;direito;Faculdade Estácio de Natal;RN;501;Privada;;;401-500;11.33;401-500;3.68;188;6.18;;;701-800;1.47;;;11.05;;;;;;;;
2019;direito;Centro Universitário Nossa Senhora Aparecida;GO;501;Privada;;;251-300;14.29;77;7.34;701-800;0.9;;;201-250;6.05;;;7.35;;;;;;;;
2019;direito;Universidade Federal do Sul e Sudeste do Pará;PA;501;Federal;;;70;20.79;131;6.87;201-250;5.92;;;1;8;;;;;;;;;;;
2019;direito;Faculdade Estácio Macapá;AP;501;Privada;;;401-500;11.44;501-600;3.12;401-500;3.31;;;301-350;5.01;;;10.51;;;;;;;;
2019;direito;Faculdades Doctum de Caratinga;MG;501;Privada;;;188;16.09;201-250;6.08;601-700;2.01;;;1;8;;;8.72;;;;;;;;
2019;direito;Faculdade Uninassau Lauro de Freitas;BA;501;Privada;;;601-700;9.36;351-400;4.94;601-700;2.05;;;601-700;2.37;;;15.26;;;;;;;;
2019;direito;Faculdade de Suzano;SP;501;Privada;;;701-800;7.94;601-700;2.19;351-400;4.22;;;701-800;1.53;;;12.83;;;;;;;;
2019;direito;Centro de Ensino Superior de Catalão;GO;501;Privada;;;401-500;11.65;501-600;3.26;401-500;3.44;;;351-400;4.95;;;13.79;;;;;;;;
2019;direito;Faculdade Salesiana do Nordeste;PE;501;Privada;;;351-400;12.3;251-300;5.76;201-250;5.63;;;801-1000;0.91;;;12.47;;;;;;;;
2019;direito;Universidade Santa Úrsula;RJ;501;Privada;;;351-400;12.79;91;7.22;601-700;1.54;;;401-500;4.03;;;11.83;;;;;;;;
2019;direito;Faculdade Anhanguera de São José-SC;SC;501;Privada;;;801-1000;5.49;701-800;1.66;701-800;0.48;;;501-600;3.35;;;15.67;;;;;;;;
2019;direito;Universidade Municipal de São Caetano do Sul;SP;501;Municipal;;;601-700;8.35;124;6.93;601-700;1.18;;;801-1000;0.24;;;14.89;;;;;;;;
2019;direito;Centro Universitário de Goiatuba;GO;501;Municipal;;;251-300;13.81;251-300;5.45;701-800;0.36;;;1;8;;;7.76;;;;;;;;
2019;direito;Faculdade Anhanguera de Belo Horizonte;MG;501;Privada;;;501-600;10.07;401-500;4.25;301-350;4.71;;;701-800;1.11;;;14.48;;;;;;;;
2019;direito;Centro Universitário do Planalto de Araxá;MG;501;Privada;;;501-600;10.7;501-600;3.47;351-400;4.38;;;501-600;2.85;;;12.61;;;;;;;;
2019;direito;Centro Universitário Euro-americano;DF;501;Privada;;;178;16.36;62;7.47;401-500;3.73;;;301-350;5.16;;;6.35;;;;;;;;
2019;direito;Centro Universitário de Salvador;BA;501;Privada;;;501-600;10.19;801-1000;0.12;251-300;5.47;;;351-400;4.6;;;10.55;;;;;;;;
2019;direito;Centro Universitário de Balsas;MA;501;Privada;;;601-700;8.3;701-800;1.82;601-700;1.37;;;301-350;5.11;;;14.07;;;;;;;;
2019;direito;Faculdade Fatifajar Jaguariaíva;PR;501;Privada;;;401-500;11.49;801-1000;0.6;301-350;4.86;;;201-250;6.03;;;12.74;;;;;;;;
2019;direito;Faculdade Anhanguera de Ponta Grossa;PR;501;Privada;;;701-800;6.06;501-600;2.93;701-800;0.58;;;601-700;2.55;;;15.94;;;;;;;;
2019;direito;Faculdade Morgana Potrich;GO;501;Privada;;;701-800;7.28;701-800;1.5;;;;;251-300;5.78;;;18.77;;;;;;;;
2019;direito;Faculdade de Caieiras;SP;501;Privada;;;801-1000;3.99;701-800;1.67;;;;;601-700;2.32;;;20.42;;;;;;;;
2019;direito;Centro Universitário Padre Anchieta;SP;501;Privada;;;701-800;7.5;301-350;5.25;601-700;1.82;;;801-1000;0.43;;;17.31;;;;;;;;
2019;direito;Centro Universitário Brasília do Estado de Goiás;GO;501;Privada;;;197;15.84;68;7.42;701-800;0.42;;;1;8;;;6.03;;;;;;;;
2019;direito;Universidade Cruzeiro do Sul;SP;501;Privada;;;401-500;11.32;154;6.67;601-700;1.66;;;501-600;2.99;;;14.98;;;;;;;;
2019;direito;Universidade Luterana do Brasil;RS;501;Privada;;;301-350;13.28;351-400;4.76;501-600;2.8;;;251-300;5.72;;;12.79;;;;;;;;
2019;direito;Centro Universitário Unirb - Alagoinhas;BA;501;Privada;;;251-300;13.88;152;6.69;701-800;0.51;;;153;6.68;;;8.68;;;;;;;;
2019;direito;Universidade de Mogi das Cruzes;SP;501;Privada;;;301-350;13.23;301-350;5.01;401-500;3.54;;;351-400;4.68;;;10.73;;;;;;;;
2019;direito;Instituto de Ensino Superior do Acre;AC;501;Privada;;;301-350;13.17;176;6.48;701-800;0.99;;;251-300;5.7;;;8.36;;;;;;;;
2019;direito;Faculdade Anhanguera de Itabuna;BA;501;Privada;;;801-1000;4.36;701-800;1.42;601-700;1.26;;;701-800;1.68;;;16.85;;;;;;;;
2019;direito;Faculdade de Ciências Jurídicas de Santos Dumont;MG;501;Privada;;;801-1000;5.75;801-1000;0.47;301-350;5.02;;;801-1000;0.26;;;16.76;;;;;;;;
2019;direito;Faculdade de Rondônia;RO;501;Privada;;;251-300;13.69;601-700;2.17;201-250;5.75;;;251-300;5.77;;;11.28;;;;;;;;
2019;direito;Centro Universitário Santa Cruz de Curitiba;PR;501;Privada;;;601-700;8.4;501-600;3.58;501-600;2.81;;;601-700;2.01;;;14.71;;;;;;;;
2019;direito;Centro Universitário da Indústria;PR;501;Privada;;;301-350;13.36;401-500;4.02;351-400;4.31;;;301-350;5.03;;;12.88;;;;;;;;
2019;direito;Faculdade de Educação Santa Terezinha;MA;501;Privada;;;601-700;8.56;701-800;1.15;601-700;1.62;;;251-300;5.79;;;14.39;;;;;;;;
2019;direito;Faculdade Interamericana de Porto Velho;RO;501;Privada;;;251-300;14;401-500;3.97;251-300;5.49;;;351-400;4.54;;;12.06;;;;;;;;
2019;direito;Faculdade São Francisco de Piumhi;MG;501;Privada;;;701-800;7.26;351-400;4.83;701-800;1.11;;;701-800;1.32;;;16.12;;;;;;;;
2019;direito;Centro Universitário Luterano de Palmas;TO;501;Privada;;;351-400;12.54;251-300;5.69;701-800;0.62;;;201-250;6.23;;;13.98;;;;;;;;
2019;direito;Faculdade Católica Dom Orione;TO;501;Privada;;;701-800;6.88;701-800;1.78;601-700;1.41;;;401-500;3.69;;;14.57;;;;;;;;
2019;direito;Centro Universitário de Várzea Grande;MT;501;Privada;;;301-350;13.18;351-400;4.59;401-500;3.6;;;301-350;4.99;;;11.97;;;;;;;;
2019;direito;Centro Universitário Augusto Motta;RJ;501;Privada;;;501-600;9.78;501-600;3.31;351-400;4.42;;;601-700;2.05;;;14.25;;;;;;;;
2019;direito;Faculdade de Americana;SP;501;Privada;;;801-1000;5.37;601-700;2.8;601-700;2.07;;;801-1000;0.5;;;17.9;;;;;;;;
2019;direito;Universidade São Francisco;SP;501;Privada;61;9.07;601-700;9.4;301-350;5.29;501-600;2.55;;;701-800;1.56;;;7.45;;;;;;;;
2019;direito;Centro Universitário do Triângulo;MG;501;Privada;;;601-700;8.26;501-600;3.52;401-500;3.93;;;801-1000;0.81;;;15.58;;;;;;;;
2019;direito;Faculdade Aldete Maria Alves;MG;501;Privada;;;134;17.61;201-250;6.02;301-350;5;;;163;6.59;;;4.98;;;;;;;;
2019;direito;Centro Universitário Avantis;SC;501;Privada;;;251-300;13.78;401-500;4.24;165;6.4;;;501-600;3.14;;;11.14;;;;;;;;
2019;direito;Centro Universitário Funorte;MG;501;Privada;;;351-400;12.87;301-350;4.98;401-500;3.19;;;351-400;4.7;;;13.43;;;;;;;;
2019;direito;Claretiano - Centro Universitário de Rio Claro;SP;501;Privada;;;501-600;10.69;301-350;5.24;501-600;2.56;;;501-600;2.89;;;15.07;;;;;;;;
2019;direito;Centro Universitário Maurício de Nassau de Paranáiba;PI;501;Privada;;;401-500;11.69;351-400;4.84;501-600;2.39;;;401-500;4.46;;;9.41;;;;;;;;
2019;direito;Faculdade de Ciências Humanas do Estado de São Paulo;SP;501;Privada;;;113;18.37;73;7.38;501-600;2.99;;;1;8;;;2.38;;;;;;;;
2019;direito;Faculdade Marechal Rondon-SP;SP;501;Privada;;;501-600;9.92;351-400;4.65;601-700;1.2;;;401-500;4.07;;;12.97;;;;;;;;
2019;direito;Faculdade Batista de Minas Gerais;MG;501;Privada;;;701-800;8.07;351-400;4.91;501-600;2.69;;;801-1000;0.47;;;14.43;;;;;;;;
2019;direito;Centro Universitário São José;RJ;501;Privada;;;129;17.75;89;7.24;179;6.26;;;401-500;4.25;;;5.62;;;;;;;;
2019;direito;Centro Universitário Facol;PE;501;Privada;;;155;17;196;6.31;351-400;4.13;;;166;6.56;;;6.12;;;;;;;;
2019;direito;Faculdade de Educação Superior do Paraná;PR;501;Privada;;;601-700;8.71;251-300;5.63;501-600;3;;;801-1000;0.08;;;16.26;;;;;;;;
2019;direito;Faculdade Internacional da Paraíba;PB;501;Privada;;;301-350;13.23;96;7.18;601-700;1.81;;;401-500;4.24;;;11.42;;;;;;;;
2019;direito;Centro Universitário Maurício de Nassau de João Pessoa;PB;501;Privada;;;501-600;10.83;251-300;5.68;601-700;1.25;;;401-500;3.9;;;10.32;;;;;;;;
2019;direito;Centro Universitário Alfredo Nasser;GO;501;Privada;;;401-500;11.8;501-600;3.38;401-500;3.92;;;401-500;4.5;;;10.19;;;;;;;;
2019;direito;Faculdade Doctum de Carangola;MG;501;Privada;;;301-350;13.58;601-700;2.7;501-600;2.88;;;1;8;;;12.7;;;;;;;;
2019;direito;Faculdade Anhanguera de Betim;MG;501;Privada;;;601-700;9.09;401-500;3.95;401-500;3.36;;;701-800;1.78;;;17.22;;;;;;;;
2019;direito;Faculdade Asa de Brumadinho;MG;501;Privada;;;201-250;14.91;401-500;3.78;181;6.24;;;351-400;4.89;;;8.36;;;;;;;;
2019;direito;Centro Universitário Unifacear;PR;501;Privada;;;801-1000;5.27;601-700;2.69;601-700;1.97;;;801-1000;0.61;;;15.44;;;;;;;;
2019;direito;Faculdade de Direito de Garanhuns;PE;501;Municipal;;;701-800;7.43;801-1000;0.62;601-700;1.64;;;301-350;5.17;;;15.16;;;;;;;;
2019;direito;Faculdade Santo Antônio de Pádua;RJ;501;Privada;;;501-600;10.54;401-500;3.79;601-700;1.45;;;301-350;5.3;;;13.61;;;;;;;;
2019;direito;Centro Universitário de Araras;SP;501;Privada;;;201-250;15.25;83;7.29;401-500;3.47;;;401-500;4.49;;;6.81;;;;;;;;
2019;direito;Faculdade Cathedral;RR;501;Privada;;;174;16.47;49;7.58;501-600;3.01;;;201-250;5.88;;;7.03;;;;;;;;
2019;direito;Faculdade Católica Rainha da Paz de Araputanga;MT;501;Privada;;;701-800;6.99;701-800;1.21;601-700;1.44;;;401-500;4.34;;;16.99;;;;;;;;
2019;direito;Faculdade de Ensino Superior de Marechal Cândido Rondon;PR;501;Privada;;;601-700;8.61;501-600;3.17;501-600;2.85;;;601-700;2.59;;;16.95;;;;;;;;
2019;direito;Centro Universitário Tiradentes de Pernambuco;PE;501;Privada;;;351-400;12.3;190;6.36;501-600;2.47;;;501-600;3.47;;;12.29;;;;;;;;
2019;direito;Universidade de Cruz Alta;RS;501;Privada;;;251-300;14.27;182;6.43;351-400;4.54;;;501-600;3.3;;;12.01;;;;;;;;
2019;direito;Centro Universitário Doctum de Teófilo Otoni;MG;501;Privada;;;251-300;13.73;401-500;4.3;601-700;1.43;;;1;8;;;9.55;;;;;;;;
2019;direito;Centro Universitário Maurício de Nassau de Teresina;PI;501;Privada;;;301-350;12.92;301-350;5.12;401-500;4.07;;;401-500;3.73;;;12.33;;;;;;;;
2019;direito;Faculdade de Mirassol;SP;501;Privada;;;601-700;8.92;701-800;1.45;401-500;3.67;;;401-500;3.8;;;13.52;;;;;;;;
2019;direito;Faculdade Favoo Coop;RO;501;Privada;;;301-350;12.89;201-250;6.24;701-800;0.43;;;201-250;6.22;;;9.27;;;;;;;;
2019;direito;Faculdade Unime de Ciências Jurídicas;BA;501;Privada;;;701-800;7.07;501-600;3.06;601-700;1.63;;;601-700;2.38;;;15.99;;;;;;;;
2019;direito;Faculdade Cidade Luz;SP;501;Privada;;;501-600;10.58;701-800;1.52;701-800;1.06;;;1;8;;;15.85;;;;;;;;
2019;direito;Faculdade da Saúde e Ecologia Humana;MG;501;Privada;;;701-800;6.24;401-500;4.52;;;;;701-800;1.72;;;19.5;;;;;;;;
2019;direito;Faculdade Cnec Unaí;MG;501;Privada;;;601-700;9.08;801-1000;0.87;601-700;1.82;;;186;6.39;;;17.17;;;;;;;;
2019;direito;Faculdade Estácio de Castanhal;PA;501;Privada;;;501-600;10.54;501-600;3.5;601-700;1.96;;;301-350;5.08;;;13.25;;;;;;;;
2019;direito;Centro Universitário U:verse;AC;501;Privada;;;501-600;10.56;601-700;2;301-350;4.82;;;401-500;3.74;;;10.46;;;;;;;;
2019;direito;Faculdade de Santa Catarina;SC;501;Privada;;;401-500;11.14;801-1000;0.75;351-400;4.29;;;201-250;6.1;;;15.3;;;;;;;;
2019;direito;Centro Universitário do Vale do Ribeira;SP;501;Privada;;;701-800;7.68;501-600;2.84;351-400;4.22;;;801-1000;0.62;;;18.82;;;;;;;;
2019;direito;Centro de Ensino Superior do Amapá;AP;501;Privada;;;701-800;7.24;401-500;3.74;501-600;2.25;;;701-800;1.25;;;14.2;;;;;;;;
2019;direito;Faculdade Educacional Jurídica e Gerencial de Oliveira;MG;501;Privada;;;401-500;11.13;501-600;3.21;65;7.38;;;801-1000;0.54;;;14.52;;;;;;;;
2019;direito;Faculdade Pitágoras Unopar Anhanguera de Londrina;PR;501;Privada;;;251-300;13.75;401-500;3.81;133;6.71;;;501-600;3.23;;;9.91;;;;;;;;
2019;direito;Centro Universitário Unifapi;PR;501;Privada;;;801-1000;5.83;601-700;2.57;601-700;1.68;;;701-800;1.58;;;15.62;;;;;;;;
2019;direito;Centro Universitário Maurício de Nassau de Salvador;BA;501;Privada;;;601-700;9.08;401-500;4.28;501-600;2.34;;;601-700;2.46;;;14.11;;;;;;;;
2019;direito;Instituto Salvador de Ensino e Cultura;BA;501;Privada;;;401-500;11.72;801-1000;0.35;152;6.53;;;351-400;4.84;;;14.16;;;;;;;;
2019;direito;Centro Universitário Estácio da Amazônia;RR;501;Privada;;;801-1000;5.3;701-800;1.65;501-600;2.48;;;701-800;1.17;;;18.04;;;;;;;;
2019;direito;Centro Universitário Estácio de Belo Horizonte;MG;501;Privada;;;251-300;13.84;251-300;5.48;351-400;4.24;;;401-500;4.12;;;9.68;;;;;;;;
2019;direito;Faculdades Integradas de Três Lagoas;MS;501;Privada;;;110;18.49;163;6.6;201-250;5.76;;;201-250;6.13;;;2.79;;;;;;;;
2019;direito;Universidade Cidade de São Paulo;SP;501;Privada;;;201-250;14.76;41;7.65;601-700;1.61;;;251-300;5.5;;;6.67;;;;;;;;
2019;direito;Centro Universitário de Mineiros;GO;501;Municipal;;;201-250;15.73;135;6.84;701-800;0.89;;;1;8;;;6.58;;;;;;;;
2019;direito;Faculdade Eduvale de Avaré;SP;501;Privada;;;601-700;9.52;701-800;1.32;123;6.81;;;701-800;1.39;;;13.93;;;;;;;;
2019;direito;Faculdade Paranaense-Curitiba;PR;501;Privada;;;401-500;11.84;601-700;2.08;401-500;3.89;;;201-250;5.87;;;11.01;;;;;;;;
2019;direito;Faculdade de Campina Grande;PB;601;Privada;;;401-500;12.03;501-600;3.36;401-500;3.28;;;301-350;5.39;;;5.66;;;;;;;;
2019;direito;Faculdade Anhanguera de Jundiaí;SP;601;Privada;;;801-1000;2.28;801-1000;0.85;701-800;0.25;;;701-800;1.18;;;13.75;;;;;;;;
2019;direito;Faculdade do Litoral Paranaense;PR;601;Privada;;;801-1000;3.96;701-800;1.14;701-800;0.72;;;601-700;2.1;;;12.38;;;;;;;;
2019;direito;Faculdade Estácio do Amapá;AP;601;Privada;;;601-700;8.6;601-700;2.31;401-500;3.26;;;501-600;3.03;;;10.78;;;;;;;;
2019;direito;Centro Universitário Faesa;ES;601;Privada;;;150;17.08;501-600;3.48;23;7.79;;;251-300;5.81;;;;;;;;;;;
2019;direito;Abeu - Centro Universitário;RJ;601;Privada;;;701-800;7.44;351-400;4.67;601-700;1.78;;;801-1000;0.99;;;12.42;;;;;;;;
2019;direito;Centro Universitário Sul-americana;GO;601;Privada;;;701-800;5.92;501-600;2.82;701-800;0.95;;;601-700;2.15;;;9.96;;;;;;;;
2019;direito;Instituto Superior de Ciências Aplicadas;SP;601;Privada;;;701-800;7.13;601-700;2.16;401-500;4.02;;;801-1000;0.95;;;8.54;;;;;;;;
2019;direito;Faculdade de Educação Ciências e Artes Dom Bosco de Monte Aprazível;SP;601;Privada;;;701-800;6.74;501-600;2.87;501-600;2.95;;;801-1000;0.92;;;10.64;;;;;;;;
2019;direito;Faculdade de São Bernardo do Campo - FAPAN SP;SP;601;Privada;;;601-700;8.48;501-600;3.43;601-700;1.35;;;401-500;3.7;;;7.26;;;;;;;;
2019;direito;Fundação Faculdade de Filosofia, Ciências e Letras de Mandaguari;PR;601;Municipal;;;701-800;7.02;301-350;5.31;;;;;701-800;1.71;;;9;;;;;;;;
2019;direito;Faculdade Viva Vitória;ES;601;Privada;;;351-400;12.74;351-400;4.73;801-1000;0.01;;;1;8;;;3.01;;;;;;;;
2019;direito;Centro Universitário Una de Betim;MG;601;Privada;;;182;16.23;201-250;6.23;119;6.85;;;501-600;3.15;;;;;;;;;;;
2019;direito;Faculdade Evangélica de Goianésia;GO;601;Privada;;;501-600;10.58;501-600;3.3;301-350;4.67;;;601-700;2.61;;;7.58;;;;;;;;
2019;direito;Faculdade Sudamérica;MG;601;Privada;;;501-600;10.03;401-500;3.87;601-700;1.88;;;401-500;4.28;;;6.39;;;;;;;;
2019;direito;Centro Universitário São Judas Tadeu;SP;601;Privada;;;301-350;13.12;145;6.75;501-600;3.12;;;501-600;3.25;;;5.76;;;;;;;;
2019;direito;Faculdade de Ciências Sociais Aplicadas SC;SC;601;Privada;;;801-1000;2.71;801-1000;0.24;601-700;1.77;;;801-1000;0.7;;;13.29;;;;;;;;
2019;direito;Escola Superior Madre Celeste;PA;601;Privada;;;251-300;14.36;251-300;5.65;501-600;2.62;;;201-250;6.09;;;3.24;;;;;;;;
2019;direito;Centro Universitário Santa Amélia;PR;601;Privada;;;701-800;7.57;601-700;2.76;701-800;1.14;;;401-500;3.67;;;9.82;;;;;;;;
2019;direito;Universidade de Rio Verde;GO;601;Municipal;;;401-500;11.28;401-500;4.17;701-800;1.07;;;201-250;6.04;;;8.95;;;;;;;;
2019;direito;Faculdade de Palmas;TO;601;Privada;;;801-1000;4.52;801-1000;0.28;701-800;1.17;;;501-600;3.07;;;13.2;;;;;;;;
2019;direito;Centro Universitário Unifateb;PR;601;Privada;;;801-1000;5.66;701-800;1.14;401-500;3.61;;;801-1000;0.91;;;13.38;;;;;;;;
2019;direito;Faculdade Luiz Eduardo Magalhães;BA;601;Privada;;;701-800;6.13;801-1000;0.39;401-500;3.82;;;601-700;1.92;;;10.6;;;;;;;;
2019;direito;Centro Universitário Imepac;MG;601;Privada;;;185;16.15;169;6.54;351-400;4.46;;;301-350;5.15;;;;;;;;;;;
2019;direito;Faculdade de Ensino Superior da Paraíba;PB;601;Privada;;;501-600;9.95;401-500;4.09;501-600;2.32;;;501-600;3.54;;;5.71;;;;;;;;
2019;direito;Faculdade do Sul da Bahia;BA;601;Privada;;;601-700;8.86;801-1000;0.43;251-300;5.3;;;501-600;3.13;;;11.74;;;;;;;;
2019;direito;Faculdade de Ensino Superior Dom Bosco;PR;601;Privada;;;601-700;9.15;801-1000;1.05;801-1000;0.1;;;1;8;;;10.87;;;;;;;;
2019;direito;Faculdade Maurício de Nassau de Maceió;AL;601;Privada;;;401-500;11.14;201-250;5.96;;;;;301-350;5.18;;;4.61;;;;;;;;
2019;direito;Faculdade Lusófona do Rio de Janeiro;RJ;601;Privada;;;401-500;10.96;251-300;5.57;801-1000;0.19;;;301-350;5.2;;;8.08;;;;;;;;
2019;direito;Centro Universitário São Lucas;RO;601;Privada;;;120;18.11;501-600;3.53;147;6.58;;;1;8;;;;;;;;;;;
2019;direito;Faculdade de Ciências Humanas de Pernambuco;PE;601;Privada;;;401-500;12.01;301-350;5.28;501-600;2.31;;;401-500;4.42;;;5.39;;;;;;;;
2019;direito;Faculdade de Direito de Varginha;MG;601;Privada;;;801-1000;5.66;601-700;2.05;501-600;2.86;;;801-1000;0.75;;;10.28;;;;;;;;
2019;direito;Faculdade Anhanguera de Jacareí;SP;601;Privada;;;701-800;6.31;601-700;2.38;501-600;2.62;;;701-800;1.31;;;10.14;;;;;;;;
2019;direito;Instituto Municipal de Ensino Superior de Bebedouro Victório Cardassi;SP;601;Municipal;;;401-500;10.97;351-400;4.74;501-600;2.72;;;501-600;3.51;;;9.18;;;;;;;;
2019;direito;Centro Universitário Santa Maria da Glória;PR;601;Privada;;;501-600;10.81;401-500;4.08;601-700;1.4;;;301-350;5.33;;;6.76;;;;;;;;
2019;direito;Faculdades Integradas Campos Salles;SP;601;Privada;;;701-800;7.43;301-350;5.35;601-700;1.8;;;801-1000;0.28;;;11.19;;;;;;;;
2019;direito;Faculdade Ibgen;RS;601;Privada;;;401-500;10.97;191;6.35;351-400;4.26;;;801-1000;0.36;;;8.36;;;;;;;;
2019;direito;Centro Universitário Famec;BA;601;Privada;;;182;16.23;161;6.61;301-350;4.61;;;301-350;5.01;;;3.15;;;;;;;;
2019;direito;Faculdade Anhanguera de Passo Fundo;RS;601;Privada;;;801-1000;4.01;801-1000;0.74;501-600;2.18;;;701-800;1.09;;;14.66;;;;;;;;
2019;direito;Faculdade de Imperatriz Wyden;MA;601;Privada;;;801-1000;2.94;801-1000;0.34;601-700;1.52;;;701-800;1.08;;;13.02;;;;;;;;
2019;direito;Instituto de Educação Superior Raimundo Sá;PI;601;Privada;;;601-700;8.63;801-1000;0.78;501-600;2.36;;;251-300;5.49;;;10.09;;;;;;;;
2019;direito;Faculdade de Olímpia;SP;601;Privada;;;601-700;8.98;601-700;2.35;301-350;4.78;;;701-800;1.85;;;7.67;;;;;;;;
2019;direito;Faculdades Integradas dos Campos Gerais;PR;601;Privada;;;801-1000;2.58;801-1000;1.04;601-700;1.19;;;801-1000;0.35;;;16.4;;;;;;;;
2019;direito;Faculdade Dom Pedro II de Barreiras;BA;601;Privada;;;351-400;12.8;401-500;3.7;501-600;2.61;;;175;6.49;;;5.98;;;;;;;;
2019;direito;Centro Universitário Inta;CE;601;Privada;;;201-250;15.56;52;7.56;;;;;1;8;;;;;;;;;;;
2019;direito;Faculdade Paranaense-Rolândia;PR;601;Privada;;;501-600;10.06;501-600;3.03;601-700;1.6;;;251-300;5.43;;;9.45;;;;;;;;
2019;direito;Universidade Brasil;SP;601;Privada;;;301-350;13.61;301-350;5.34;601-700;1.91;;;189;6.36;;;5.94;;;;;;;;
2019;direito;Centro Universitário Alves Faria;GO;601;Privada;;;801-1000;4;701-800;1.73;601-700;1.49;;;801-1000;0.78;;;16.17;;;;;;;;
2019;direito;Centro Universitário Mais;GO;601;Privada;;;251-300;13.77;301-350;5.11;701-800;0.66;;;1;8;;;2.65;;;;;;;;
2019;direito;Faculdade de Ciências Sociais Aplicadas de Minas Gerais;MG;601;Privada;;;801-1000;4.07;401-500;4.07;;;;;;;;;11.51;;;;;;;;
2019;direito;Faculdade de Ensino Superior do Centro do Paraná;PR;601;Privada;;;501-600;10.01;501-600;2.91;701-800;0.55;;;168;6.55;;;6.9;;;;;;;;
2019;direito;Centro de Ensino Superior de Jataí;GO;601;Privada;;;601-700;8.27;801-1000;0.69;401-500;3.64;;;401-500;3.94;;;9.04;;;;;;;;
2019;direito;Faculdade Batista Brasileira;BA;601;Privada;;;401-500;11.5;351-400;4.67;701-800;0.41;;;182;6.42;;;8.86;;;;;;;;
2019;direito;Faculdade São Francisco de Assis;RS;601;Privada;;;801-1000;5.58;351-400;4.69;;;;;801-1000;0.89;;;14.02;;;;;;;;
2019;direito;Faculdade Salesiana de Santa Teresa;MS;601;Privada;;;701-800;6.52;801-1000;0.2;351-400;4.36;;;601-700;1.96;;;9.59;;;;;;;;
2019;direito;Centro Universitário Projeção;DF;601;Privada;;;149;17.09;120;6.97;601-700;2.12;;;1;8;;;;;;;;;;;
2019;direito;Faculdade Unifacig;PE;601;Privada;;;201-250;15.24;175;6.49;501-600;2.37;;;187;6.38;;;4.52;;;;;;;;
2019;direito;Centro Universitário de Paulínia;SP;601;Privada;;;701-800;7.51;701-800;1.4;251-300;5.42;;;801-1000;0.69;;;10.05;;;;;;;;
2019;direito;Faculdade de Tecnologia do Piauí;PI;601;Privada;;;401-500;11.78;501-600;3.35;401-500;3.78;;;351-400;4.65;;;8.5;;;;;;;;
2019;direito;Centro Universitário Campos de Andrade;PR;601;Privada;;;186;16.11;34;7.71;701-800;0.4;;;1;8;;;2.97;;;;;;;;
2019;direito;Faculdade de Santa Luzia;MG;601;Privada;;;601-700;9.56;401-500;4.53;501-600;2.7;;;601-700;2.33;;;6.71;;;;;;;;
2019;direito;Instituto de Ensino Superior de Foz do Iguaçu;PR;601;Privada;;;601-700;8.74;801-1000;0.51;301-350;4.63;;;501-600;3.6;;;7.08;;;;;;;;
2019;direito;Faculdade Cnec Campo Largo;PR;601;Privada;;;601-700;8.52;301-350;5.16;701-800;0.61;;;601-700;2.75;;;9.77;;;;;;;;
2019;direito;Centro Universitário Uniftc;BA;601;Privada;;;201-250;15.04;401-500;3.89;351-400;4.45;;;150;6.7;;;4.29;;;;;;;;
2019;direito;Faculdade de Ensino de Minas Gerais;MG;601;Privada;;;701-800;7.03;701-800;1.55;301-350;4.77;;;801-1000;0.71;;;9.77;;;;;;;;
2019;direito;Centro Universitário das Américas;SP;601;Privada;;;138;17.51;133;6.86;351-400;4.49;;;201-250;6.16;;;1.19;;;;;;;;
2019;direito;Faculdade da Aldeia de Carapicuíba;SP;601;Privada;;;201-250;15.45;251-300;5.51;401-500;3.69;;;201-250;6.25;;;5.25;;;;;;;;
2019;direito;Centro Universitário Mauá de Brasília;DF;601;Privada;;;401-500;11.12;301-350;5.21;;;;;201-250;5.91;;;5.34;;;;;;;;
2019;direito;Centro Universitário Braz Cubas;SP;601;Privada;;;501-600;10.24;401-500;3.91;401-500;3.8;;;601-700;2.53;;;7.17;;;;;;;;
2019;direito;Faculdade de Direito e Ciências Sociais do Leste de Minas;MG;601;Privada;;;501-600;10.15;601-700;2.62;601-700;1.73;;;251-300;5.8;;;6.85;;;;;;;;
2019;direito;Faculdade Politécnica de Campinas;SP;601;Privada;;;601-700;8.77;701-800;1.29;180;6.25;;;701-800;1.23;;;10.05;;;;;;;;
2019;direito;Faculdade de Ensino Superior de Floriano;PI;601;Privada;;;501-600;10.18;701-800;1.34;501-600;2.68;;;201-250;6.16;;;7.9;;;;;;;;
2019;direito;Centro Universitário Assunção;SP;601;Privada;;;501-600;9.95;201-250;6.2;501-600;2.16;;;701-800;1.59;;;7.22;;;;;;;;
2019;direito;Centro Universitário Metropolitano de São Paulo;SP;601;Privada;;;601-700;8.26;701-800;1.79;501-600;2.2;;;401-500;4.27;;;9.14;;;;;;;;
2019;direito;Faculdade Dois de Julho;BA;601;Privada;;;601-700;8.47;501-600;3.29;601-700;1.23;;;401-500;3.95;;;10.23;;;;;;;;
2019;direito;Centro Universitário Fieo;SP;601;Privada;;;601-700;8.56;351-400;4.89;501-600;2.82;;;801-1000;0.85;;;7.49;;;;;;;;
2019;direito;Faculdade de Direito da Fundação Armando Alvares Penteado;SP;601;Privada;61;9.07;401-500;10.98;74;7.37;401-500;3.55;;;801-1000;0.06;;;;;;;;;;;
2019;direito;Faculdade Doctum de Vitória;ES;601;Privada;;;108;18.56;301-350;5.26;144;6.61;;;151;6.69;;;;;;;;;;;
2019;direito;Centro Universitário de Santa Fé do Sul;SP;601;Municipal;;;501-600;10.83;701-800;1.79;351-400;4.16;;;351-400;4.88;;;9.32;;;;;;;;
2019;direito;Faculdades Integradas de Itapetininga;SP;601;Privada;;;801-1000;2.45;701-800;1.69;701-800;0.46;;;801-1000;0.3;;;15.21;;;;;;;;
2019;direito;Centro Universitário Estácio de São Luís;MA;601;Privada;;;601-700;8.29;701-800;1.31;251-300;5.09;;;701-800;1.89;;;11.37;;;;;;;;
2019;direito;Centro Universitário Dom Pedro II;BA;601;Privada;;;169;16.62;104;7.11;601-700;1.51;;;1;8;;;1.83;;;;;;;;
2019;direito;Faculdade Doctum de Manhuaçu;MG;601;Privada;;;136;17.56;401-500;4.44;251-300;5.12;;;1;8;;;;;;;;;;;
2019;direito;Faculdade de Ciências de Timbaúba;PE;601;Privada;;;146;17.2;501-600;3.42;201-250;5.78;;;1;8;;;3.47;;;;;;;;
2019;direito;Centro Universitário Presidente Antônio Carlos;MG;601;Privada;;;801-1000;4.81;701-800;1.51;501-600;2.42;;;801-1000;0.88;;;13.7;;;;;;;;
2019;direito;Faculdade Vale do Gorutuba;MG;601;Privada;;;701-800;6.08;601-700;2.14;701-800;0.22;;;401-500;3.72;;;12.15;;;;;;;;
2019;direito;Faculdade Metodista Centenário;RS;601;Privada;;;601-700;9.41;401-500;3.94;351-400;4.34;;;701-800;1.13;;;9.64;;;;;;;;
2019;direito;Universidade Anhanguera;MS;601;Privada;;;801-1000;5.78;701-800;1.4;801-1000;0.17;;;401-500;4.21;;;11.1;;;;;;;;
2019;direito;FAL ESTÁCIO - Faculdade Estácio de Natal;RN;601;Privada;;;401-500;11.03;401-500;4.11;251-300;5.25;;;701-800;1.67;;;8.91;;;;;;;;
2019;direito;Faculdade de Ciências Humanas do Sertão Central;PE;601;Municipal;;;801-1000;0.96;801-1000;0.92;;;;;801-1000;0.04;;;15.39;;;;;;;;
2019;direito;Centro Universitário Maurício de Nassau Paulista;PE;601;Privada;;;501-600;9.97;401-500;4.51;501-600;2.3;;;501-600;3.16;;;9.09;;;;;;;;
2019;direito;Cesrei Faculdade;PB;601;Privada;;;501-600;9.67;501-600;2.83;601-700;1.92;;;351-400;4.92;;;8.18;;;;;;;;
2019;direito;Faculdade Anhanguera de Linhares;ES;601;Privada;;;701-800;6.63;801-1000;0.72;401-500;3.65;;;601-700;2.26;;;11.69;;;;;;;;
2019;direito;Faculdade Minas Gerais;MG;601;Privada;;;601-700;8.39;351-400;4.57;401-500;3.41;;;801-1000;0.41;;;11.56;;;;;;;;
2019;direito;Instituto Florence de Ensino Superior;MA;601;Privada;;;301-350;13.45;701-800;1.86;401-500;3.59;;;1;8;;;4.07;;;;;;;;
2019;direito;Faculdade Anhanguera de Sorriso;MT;601;Privada;;;801-1000;3.85;801-1000;0.4;601-700;1.46;;;601-700;1.99;;;16.58;;;;;;;;
2019;direito;Fundação Universidade Federal do Pampa;RS;601;Federal;;;200;15.78;26;7.78;;;;;1;8;;;;;;;;;;;
2019;direito;Universidade Iguaçu;RJ;601;Privada;;;501-600;10.62;501-600;2.98;501-600;2.54;;;301-350;5.1;;;7.86;;;;;;;;
2019;direito;Centro Universitário Unirb;BA;601;Privada;;;201-250;15.29;116;7;601-700;1.84;;;179;6.45;;;3.88;;;;;;;;
2019;direito;Centro Universitário Anhanguera Pitágoras Unopar de Niterói;RJ;601;Privada;;;601-700;8.4;701-800;1.6;501-600;2.97;;;401-500;3.83;;;7.4;;;;;;;;
2019;direito;Faculdade Evangélica Raízes;GO;701;Privada;;;801-1000;3.9;801-1000;0.97;601-700;1.28;;;701-800;1.65;;;8.22;;;;;;;;
2019;direito;Faculdade de Ensino Superior e Formação Integral;SP;701;Privada;;;301-350;13.01;153;6.68;801-1000;0.02;;;195;6.31;;;;;;;;;;;
2019;direito;Faculdade do Maranhão;MA;701;Privada;;;501-600;10.73;351-400;4.79;801-1000;0.2;;;251-300;5.74;;;3.2;;;;;;;;
2019;direito;Universidade Ibirapuera;SP;701;Privada;;;351-400;12.58;94;7.19;701-800;0.31;;;301-350;5.08;;;0.5;;;;;;;;
2019;direito;Centro de Ensino Superior do Vale do Parnaíba;PI;701;Privada;;;601-700;8.81;601-700;2.2;801-1000;0.15;;;178;6.46;;;4.2;;;;;;;;
2019;direito;Centro Universitário Uni-ban;SP;701;Privada;;;401-500;11.73;351-400;4.95;601-700;1.31;;;251-300;5.47;;;1.05;;;;;;;;
2019;direito;Faculdade de Ciências Humanas e Sociais Aplicadas do Cabo de Santo Agostinho;PE;701;Municipal;;;801-1000;1.21;801-1000;0.56;;;;;801-1000;0.65;;;13.06;;;;;;;;
2019;direito;Centro Universitário Maurício de Nassau do Rio de Janeiro;RJ;701;Privada;;;501-600;9.66;38;7.68;;;;;601-700;1.98;;;2.01;;;;;;;;
2019;direito;Faculdade Lusófona de São Paulo;SP;701;Privada;;;601-700;9.32;601-700;2.77;601-700;2.08;;;401-500;4.47;;;3.56;;;;;;;;
2019;direito;Centro Universitário Gama e Souza;RJ;701;Privada;;;301-350;13.53;158;6.64;701-800;0.22;;;154;6.67;;;0.27;;;;;;;;
2019;direito;Centro Universitário Mario Pontes Jucá;AL;701;Privada;;;401-500;11.51;150;6.71;;;;;351-400;4.8;;;;;;;;;;;
2019;direito;Instituto de Educação Superior Unyahna de Salvador;BA;701;Privada;;;801-1000;3.95;701-800;1.63;601-700;2.09;;;801-1000;0.23;;;8.4;;;;;;;;
2019;direito;Centro Universitário Maurício de Nassau de Maceió;AL;701;Privada;;;601-700;8.46;401-500;4.49;701-800;0.52;;;501-600;3.45;;;4.61;;;;;;;;
2019;direito;Faculdade Birigui;SP;701;Privada;;;501-600;10.05;401-500;4;701-800;0.84;;;301-350;5.21;;;2.92;;;;;;;;
2019;direito;Faculdades João Paulo II;RS;701;Privada;;;701-800;6.05;201-250;5.87;;;;;801-1000;0.18;;;8.82;;;;;;;;
2019;direito;Universidade Metropolitana de Santos;SP;701;Privada;;;501-600;10.16;201-250;5.89;701-800;0.27;;;401-500;4;;;2.33;;;;;;;;
2019;direito;Universidade Universus Veritas Guarulhos;SP;701;Privada;;;501-600;10.28;301-350;5.11;601-700;1.75;;;501-600;3.42;;;2.83;;;;;;;;
2019;direito;Faculdade Estácio de Sá de Campo Grande;MS;701;Privada;;;701-800;7.52;501-600;3.16;501-600;2.41;;;601-700;1.95;;;7.54;;;;;;;;
2019;direito;Faculdade de Teologia, Filosofia e Ciências Humanas Gamaliel;PA;701;Privada;;;601-700;8.71;801-1000;0.23;501-600;2.9;;;251-300;5.58;;;5.89;;;;;;;;
2019;direito;Faculdade Redentor de Campos;RJ;701;Privada;;;401-500;11.92;401-500;3.92;;;;;1;8;;;;;;;;;;;
2019;direito;Centro Universitário Luterano de Manaus;AM;701;Privada;;;601-700;8.73;701-800;1.66;701-800;0.86;;;201-250;6.21;;;4.84;;;;;;;;
2019;direito;Centro Universitário Unibras do Sudoeste Goiano;GO;701;Privada;;;601-700;9.64;501-600;3.23;701-800;0.8;;;251-300;5.61;;;3.7;;;;;;;;
2019;direito;Faculdade Unirb - Aracaju;SE;701;Privada;;;351-400;12.4;401-500;4.4;;;;;1;8;;;;;;;;;;;
2019;direito;Faculdade de Ciências Sociais e Humanas Sobral Pinto;MT;701;Privada;;;801-1000;3.45;801-1000;0.42;501-600;2.17;;;801-1000;0.86;;;7.99;;;;;;;;
2019;direito;Centro Universitário do Rio de Janeiro;RJ;701;Privada;;;701-800;7.76;601-700;2.3;801-1000;0.14;;;301-350;5.32;;;5.44;;;;;;;;
2019;direito;Faculdade do Sertão do Pajeú;PE;701;Municipal;;;351-400;12.4;401-500;4.4;;;;;1;8;;;;;;;;;;;
2019;direito;Centro Universitário Estácio de São Paulo;SP;701;Privada;;;501-600;10.63;201-250;6.14;401-500;3.14;;;701-800;1.35;;;4.39;;;;;;;;
2019;direito;Centro Universitário Internacional Signorelli;RJ;701;Privada;;;401-500;11.29;501-600;3.29;;;;;1;8;;;;;;;;;;;
2019;direito;Universidade Nilton Lins;AM;701;Privada;;;501-600;10.4;401-500;3.82;501-600;2.94;;;501-600;3.64;;;4.93;;;;;;;;
2019;direito;Centro Universitário Tocantinense Presidente Antônio Carlos;TO;701;Privada;;;301-350;13.64;123;6.94;601-700;1.65;;;301-350;5.05;;;;;;;;;;;
2019;direito;Faculdade de Boituva;SP;701;Privada;;;401-500;10.9;501-600;3.28;401-500;3.48;;;401-500;4.14;;;2.19;;;;;;;;
2019;direito;Faculdade de Jussara;GO;701;Privada;;;801-1000;4.48;701-800;1.24;801-1000;0.04;;;501-600;3.2;;;7.72;;;;;;;;
2019;direito;Icev - Instituto de Ensino Superior;PI;701;Privada;;;301-350;12.93;401-500;4.05;701-800;0.88;;;1;8;;;2.15;;;;;;;;
2019;direito;Faculdade Almeida Rodrigues;GO;701;Privada;;;401-500;11.24;501-600;3.44;601-700;1.21;;;163;6.59;;;0.46;;;;;;;;
2019;direito;Faculdade do Vale do Itapecurú;MA;701;Privada;;;601-700;8.26;801-1000;0.71;701-800;1.15;;;185;6.4;;;3.97;;;;;;;;
2019;direito;Faculdade Padrão;GO;701;Privada;;;701-800;7.29;701-800;1.86;701-800;0.28;;;301-350;5.15;;;6.3;;;;;;;;
2019;direito;Universidade Federal do Oeste da Bahia;BA;701;Federal;;;351-400;12.35;401-500;4.35;;;;;1;8;;;;;;;;;;;
2019;direito;Faculdade Projeção de Ceilândia;DF;701;Privada;;;251-300;14.29;198;6.29;;;;;1;8;;;;;;;;;;;
2019;direito;Centro Universitário Unicarioca;RJ;701;Privada;;;351-400;12.81;86;7.26;;;;;251-300;5.55;;;;;;;;;;;
2019;direito;Faculdade de Direito de Alta Floresta;MT;701;Privada;;;601-700;8.74;601-700;2.58;601-700;1.55;;;351-400;4.61;;;4.25;;;;;;;;
2019;direito;Faculdade Cesmac do Agreste;AL;701;Privada;61;9.07;801-1000;4.47;801-1000;0.36;601-700;1.72;;;601-700;2.39;;;;;;;;;;;
2019;direito;Faculdade de Presidente Epitácio;SP;701;Privada;;;801-1000;5.02;701-800;1.68;701-800;0.68;;;601-700;2.66;;;7.63;;;;;;;;
2019;direito;Faculdade Ideau de Bagé;RS;701;Privada;;;251-300;14.04;201-250;6.04;;;;;1;8;;;;;;;;;;;
2019;direito;Faculdades Integradas de Ponta Porã;MS;701;Privada;;;501-600;10.66;601-700;2.56;351-400;4.55;;;501-600;3.55;;;4.66;;;;;;;;
2019;direito;Faculdade de Ciências Humanas e Sociais de Araripina;PE;701;Municipal;;;801-1000;1.03;801-1000;0.11;701-800;0.92;;;;;;;11.92;;;;;;;;
2019;direito;Faculdade Guarapuava;PR;701;Privada;;;701-800;7.14;701-800;1.87;601-700;2.1;;;501-600;3.17;;;8.04;;;;;;;;
2019;direito;Faculdade de Anicuns;GO;701;Municipal;;;501-600;10.24;501-600;3.51;801-1000;0.06;;;154;6.67;;;1.37;;;;;;;;
2019;direito;Faculdade Mato Grosso do Sul;MS;701;Privada;;;801-1000;5.04;801-1000;0.43;501-600;2.44;;;601-700;2.17;;;6.53;;;;;;;;
2019;direito;Faculdade Quirinópolis;GO;701;Privada;;;701-800;7.71;701-800;1.47;701-800;0.62;;;251-300;5.62;;;4.89;;;;;;;;
2019;direito;Faculdades Integradas de Jahu;SP;701;Privada;;;351-400;12.78;174;6.5;401-500;3.58;;;601-700;2.7;;;;;;;;;;;
2019;direito;Centro Universitário do Recife;PE;701;Privada;;;601-700;8.37;801-1000;1.02;401-500;4.03;;;501-600;3.32;;;5.12;;;;;;;;
2019;direito;Faculdade Anhanguera de Ipatinga;MG;701;Privada;;;801-1000;4.58;801-1000;0.45;501-600;2.64;;;701-800;1.49;;;10.41;;;;;;;;
2019;direito;Faculdade de Iporá;GO;701;Privada;;;401-500;11.35;501-600;3.35;;;;;1;8;;;;;;;;;;;
2019;direito;Centro Universitário de Desenvolvimento do Centro-Oeste;GO;701;Privada;;;701-800;6.68;601-700;2.33;601-700;1.9;;;601-700;2.45;;;4.8;;;;;;;;
2019;direito;Faculdade de Ciências Jurídicas e Sociais Aplicadas de Primavera do Leste;MT;701;Privada;;;701-800;6.82;801-1000;0.26;501-600;2.98;;;501-600;3.58;;;5.85;;;;;;;;
2019;direito;Faculdade Anhanguera de Teixeira de Freitas;BA;701;Privada;;;801-1000;5.03;801-1000;0.88;601-700;1.42;;;601-700;2.73;;;8.63;;;;;;;;
2019;direito;Faculdade Anhanguera do Rio Grande;RS;701;Privada;;;701-800;6.38;601-700;2.28;701-800;0.97;;;501-600;3.13;;;6.08;;;;;;;;
2019;direito;Centro Superior de Estudos Jurídicos Carlos Drummond de Andrade;SP;701;Privada;;;351-400;12.67;67;7.43;;;;;301-350;5.24;;;;;;;;;;;
2019;direito;Faculdade Dom Pedro II de Sergipe;SE;701;Privada;;;401-500;11.16;201-250;6.09;;;;;301-350;5.07;;;;;;;;;;;
2019;direito;Faculdade Metropolitana São Carlos BJI;RJ;701;Privada;;;401-500;11.41;701-800;1.85;251-300;5.33;;;401-500;4.23;;;;;;;;;;;
2019;direito;Centro Universitário Anhanguera Pitágoras Unopar de Campo Grande;MS;701;Privada;;;801-1000;3.55;701-800;1.43;701-800;0.79;;;701-800;1.33;;;11.6;;;;;;;;
2019;direito;Centro Universitário de Goiânia;GO;701;Privada;;;801-1000;5.51;701-800;1.3;501-600;2.96;;;701-800;1.25;;;7.81;;;;;;;;
2019;direito;Faculdade de Tecnologia e Ciências de Jequié;BA;701;Privada;;;351-400;12.4;401-500;4.4;;;;;1;8;;;;;;;;;;;
2019;direito;Faculdade Anhanguera de Brasília;DF;701;Privada;;;701-800;6.38;601-700;1.99;601-700;1.33;;;501-600;3.06;;;8.77;;;;;;;;
2019;direito;Centro Universitário Ideau;RS;701;Privada;;;201-250;14.57;166;6.57;;;;;1;8;;;;;;;;;;;
2019;direito;Faculdade do Sudeste Goiano;GO;701;Privada;;;501-600;10.32;501-600;2.9;601-700;1.24;;;201-250;6.18;;;4.43;;;;;;;;
2019;direito;Faculdade de Minas BH;MG;701;Privada;;;351-400;12.49;201-250;6.1;251-300;5.52;;;801-1000;0.87;;;;;;;;;;;
2019;direito;Faculdade Guilherme Guimbala;SC;701;Privada;;;801-1000;3.57;701-800;1.2;601-700;1.32;;;701-800;1.05;;;10.37;;;;;;;;
2019;direito;Escola Superior Batista do Amazonas;AM;701;Privada;;;601-700;9.04;601-700;2.02;601-700;1.34;;;251-300;5.68;;;2.74;;;;;;;;
2019;direito;Faculdade Ari de Sá;CE;701;Privada;;;351-400;12.59;99;7.15;;;;;251-300;5.44;;;;;;;;;;;
2019;direito;Centro Universitário Carlos Drummond de Andrade;SP;701;Privada;;;351-400;12.68;45;7.62;701-800;0.75;;;401-500;4.31;;;1.74;;;;;;;;
2019;direito;Faculdade Iseib de Betim;MG;701;Privada;;;401-500;11.32;501-600;3.32;;;;;1;8;;;;;;;;;;;
2019;direito;Faculdade Evangélica de Rubiataba;GO;701;Privada;;;601-700;8.34;701-800;1.76;351-400;4.32;;;601-700;2.26;;;6.44;;;;;;;;
2019;direito;Universidade Santo Amaro;SP;701;Privada;;;501-600;9.96;251-300;5.64;501-600;2.87;;;701-800;1.45;;;3.38;;;;;;;;
2019;direito;Faculdade Anhanguera de Campinas;SP;701;Privada;;;801-1000;4.79;601-700;2.34;601-700;1.27;;;701-800;1.18;;;8.59;;;;;;;;
2019;direito;Faculdade Cândido Rondon;MT;701;Privada;;;801-1000;4.56;801-1000;0.36;501-600;2.33;;;701-800;1.87;;;6.99;;;;;;;;
2019;direito;Faculdade Serra da Mesa;GO;701;Privada;;;251-300;13.78;251-300;5.78;;;;;1;8;;;;;;;;;;;
2019;direito;Faculdade Madre Thais;BA;701;Privada;;;701-800;6.93;601-700;2.54;;;;;401-500;4.39;;;5.48;;;;;;;;
2019;direito;Faculdade Ideau de Caxias do Sul;RS;701;Privada;;;251-300;14.37;189;6.37;;;;;1;8;;;;;;;;;;;
2019;direito;Faculdade de Ciências Humanas e Exatas do Sertão do São Francisco;PE;701;Privada;;;601-700;9.62;701-800;1.33;601-700;2.03;;;201-250;6.26;;;5.21;;;;;;;;
2019;direito;Faculdade de Direito de Tangará da Serra;MT;701;Privada;;;801-1000;5.6;801-1000;0.61;501-600;2.35;;;601-700;2.64;;;9.23;;;;;;;;
2019;direito;Centro Universitário Maurício de Nassau de Natal;RN;701;Privada;;;501-600;10.55;301-350;5.14;601-700;1.53;;;401-500;3.88;;;1.46;;;;;;;;
2019;direito;Centro Universitário Unic;MT;701;Privada;;;701-800;7.67;701-800;1.83;351-400;4.15;;;701-800;1.69;;;5.53;;;;;;;;
2019;direito;Instituto Brasileiro de Ensino, Desenvolvimento e Pesquisa de São Paulo;SP;701;Privada;;;301-350;12.88;19;7.84;;;;;301-350;5.04;;;;;;;;;;;
2019;direito;Centro Universitário da Amazônia Belém;PA;701;Privada;;;401-500;11.75;351-400;4.81;351-400;4.27;;;601-700;2.67;;;;;;;;;;;
2019;direito;Faculdade Cristo Rei;PR;701;Privada;;;601-700;8.88;801-1000;0.49;601-700;1.85;;;169;6.54;;;4.34;;;;;;;;
2019;direito;Faculdade Guaraí;TO;701;Privada;;;801-1000;1.82;801-1000;0.13;701-800;0.39;;;701-800;1.3;;;12.56;;;;;;;;
2019;direito;Faculdade de Caldas Novas;GO;701;Privada;;;801-1000;4.63;801-1000;0.03;601-700;1.48;;;501-600;3.12;;;9.5;;;;;;;;
2019;direito;Centro Universitário Campo Limpo Paulista;SP;701;Privada;;;401-500;12.02;501-600;3.56;251-300;5.19;;;501-600;3.27;;;3.43;;;;;;;;
2019;direito;Centro Universitário Luterano de Santarém;PA;701;Privada;;;601-700;8.68;701-800;1.23;601-700;1.69;;;251-300;5.76;;;4.02;;;;;;;;
2019;direito;Faculdade Anhanguera de Bauru;SP;701;Privada;;;801-1000;4.09;701-800;1.93;701-800;0.74;;;701-800;1.42;;;7.95;;;;;;;;
2019;direito;Centro Universitário do Cerrado-patrocínio;MG;701;Privada;;;351-400;12.66;351-400;4.62;501-600;3.06;;;301-350;4.98;;;;;;;;;;;
2019;direito;Faculdade Unifametro Maracanaú;CE;701;Privada;;;351-400;12.4;401-500;4.4;;;;;1;8;;;;;;;;;;;
2019;direito;Faculdade dos Cerrados Piauienses;PI;701;Privada;;;701-800;6.4;801-1000;0.04;701-800;0.54;;;251-300;5.82;;;5.16;;;;;;;;
2019;direito;Centro Universitário Icesp;DF;701;Privada;;;351-400;12.27;601-700;2.6;201-250;6.01;;;401-500;3.66;;;;;;;;;;;
2019;direito;Centro Universitário do Norte de São Paulo;SP;701;Privada;;;601-700;8.23;601-700;2.64;501-600;2.57;;;501-600;3.02;;;5.07;;;;;;;;
2019;direito;Centro Regional Universitário de Espírito Santo do Pinhal;SP;701;Privada;;;801-1000;5.55;601-700;2.29;501-600;3.07;;;801-1000;0.19;;;8.18;;;;;;;;
2019;direito;Faculdade de Ciências Gerenciais Alves Fortes;MG;701;Privada;;;801-1000;5.71;801-1000;0.8;301-350;4.87;;;801-1000;0.04;;;7.35;;;;;;;;
2019;direito;Faculdade Fortium;DF;701;Privada;;;601-700;9.14;601-700;1.96;701-800;0.65;;;170;6.53;;;5.34;;;;;;;;
2019;direito;Faculdade Catuaí;PR;701;Privada;;;801-1000;5.32;601-700;2.51;701-800;0.59;;;601-700;2.22;;;9.36;;;;;;;;
2019;direito;Faculdade Pitágoras Unopar de João Pessoa;PB;801;Privada;;;801-1000;5.69;401-500;4.4;;;;;701-800;1.29;;;;;;;;;;;
2019;direito;Faculdade Pan Amazônica;PA;801;Privada;;;701-800;7.49;701-800;1.71;701-800;0.37;;;251-300;5.41;;;1.64;;;;;;;;
2019;direito;Instituto de Ensino Superior do Rio Grande do Norte;RN;801;Privada;;;801-1000;4.2;801-1000;0.94;;;;;501-600;3.26;;;;;;;;;;;
2019;direito;Faculdade Anhanguera de Anápolis;GO;801;Privada;;;801-1000;1.47;801-1000;0.46;801-1000;0.05;;;801-1000;0.96;;;1.96;;;;;;;;
2019;direito;Instituto Paraibano de Ensino Renovado;PB;801;Privada;;;801-1000;5.25;601-700;2.03;501-600;3.05;;;801-1000;0.17;;;1.1;;;;;;;;
2019;direito;Centro Universitário Anhanguera de São Paulo;SP;801;Privada;;;701-800;6.74;201-250;6.09;701-800;0.26;;;801-1000;0.39;;;0.32;;;;;;;;
2019;direito;Centro Universitário Vértice;MG;801;Privada;;;801-1000;2.1;701-800;1.26;;;;;801-1000;0.84;;;;;;;;;;;
2019;direito;Faculdade Itaboraí;RJ;801;Privada;;;801-1000;5.44;401-500;3.9;801-1000;0.08;;;701-800;1.46;;;2.56;;;;;;;;
2019;direito;Instituto de Ensino e Pesquisa Objetivo;TO;801;Privada;;;801-1000;4.54;801-1000;0.16;601-700;2.06;;;601-700;2.32;;;3.29;;;;;;;;
2019;direito;Centro Universitário de Presidente Prudente;SP;801;Privada;;;801-1000;3.77;701-800;1.34;701-800;0.78;;;701-800;1.65;;;6.62;;;;;;;;
2019;direito;Faculdade Presidente Antônio Carlos de Uberaba;MG;801;Privada;;;801-1000;1.44;801-1000;0.66;801-1000;0.07;;;801-1000;0.71;;;;;;;;;;;
2019;direito;Faculdade de São Roque;SP;801;Privada;;;801-1000;4.39;601-700;2.22;701-800;0.23;;;601-700;1.94;;;0.78;;;;;;;;
2019;direito;Universidade Castelo Branco;RJ;801;Privada;;;701-800;6.87;251-300;5.82;;;;;701-800;1.05;;;3.93;;;;;;;;
2019;direito;Faculdade da Cidade de Maceió;AL;801;Privada;;;801-1000;0.95;801-1000;0.02;701-800;0.56;;;801-1000;0.37;;;8.45;;;;;;;;
2019;direito;Faculdade Kurios;CE;801;Privada;;;701-800;8.15;801-1000;0.15;;;;;1;8;;;;;;;;;;;
2019;direito;Faculdade Orígenes Lessa;SP;801;Privada;;;701-800;8.09;601-700;2.41;;;;;251-300;5.68;;;;;;;;;;;
2019;direito;Faculdade Fernão Dias;SP;801;Privada;;;701-800;6.06;401-500;4.23;601-700;1.7;;;801-1000;0.13;;;0.18;;;;;;;;
2019;direito;Centro Universitário Anhanguera de Marabá;PA;801;Privada;;;701-800;8.09;801-1000;0.09;;;;;1;8;;;;;;;;;;;
2019;direito;Faculdade Cesmac do Sertão;AL;801;Privada;;;701-800;8.1;801-1000;0.62;201-250;5.73;;;701-800;1.75;;;;;;;;;;;
2019;direito;Faculdade La Salle;AM;801;Privada;;;501-600;10.36;118;6.99;;;;;501-600;3.37;;;;;;;;;;;
2019;direito;Faculdade Anhanguera de Rondonópolis;MT;801;Privada;;;801-1000;2.46;801-1000;0.83;701-800;0.91;;;801-1000;0.72;;;6.26;;;;;;;;
2019;direito;Faculdade Afirmativo;MT;801;Privada;;;801-1000;0.72;801-1000;0.01;701-800;0.71;;;;;;;0.23;;;;;;;;
2019;direito;Faculdade Anhanguera de São Bernardo;SP;801;Privada;;;801-1000;4.74;701-800;1.81;501-600;2.59;;;801-1000;0.34;;;1.33;;;;;;;;
2019;direito;Centro Universitário Natalense;RN;801;Privada;;;801-1000;3.96;801-1000;0.6;801-1000;0.03;;;501-600;3.33;;;1.14;;;;;;;;
2019;direito;Faculdade São Salvador;BA;801;Privada;;;501-600;9.82;401-500;3.93;701-800;0.34;;;251-300;5.55;;;0.87;;;;;;;;
2019;direito;Instituto de Ensino Superior de Teresina;PI;801;Privada;;;801-1000;5.76;801-1000;0.21;701-800;1.03;;;401-500;4.52;;;1.92;;;;;;;;
2019;direito;Faculdade Curitibana;PR;801;Privada;;;701-800;7.71;501-600;3.1;;;;;351-400;4.61;;;;;;;;;;;
2019;direito;Faculdade Presidente Antônio Carlos de Ubá;MG;801;Privada;;;701-800;6.17;801-1000;0.95;501-600;2.22;;;501-600;3;;;;;;;;;;;
2019;direito;Faculdade do Guarujá;SP;801;Privada;;;801-1000;3.66;601-700;2.01;701-800;0.64;;;801-1000;1.01;;;1.55;;;;;;;;
2019;direito;Faculdade Delmiro Gouveia;AL;801;Privada;;;801-1000;4.05;801-1000;0.68;801-1000;0.09;;;501-600;3.28;;;3.52;;;;;;;;
2019;direito;Centro de Estudos Superiores Aprendiz;MG;801;Privada;;;701-800;6.79;701-800;1.61;701-800;1.1;;;401-500;4.08;;;4.11;;;;;;;;
2019;direito;Faculdade São Francisco da Paraíba;PB;801;Privada;;;701-800;7.4;601-700;2.78;501-600;2.53;;;601-700;2.09;;;2.88;;;;;;;;
2019;direito;Faculdade de Integração do Ensino Superior do Cone Sul;RS;801;Privada;;;801-1000;4.16;401-500;4.15;;;;;801-1000;0.01;;;;;;;;;;;
2019;direito;Faculdade das Atividades Empresariais de Teresina;PI;801;Privada;;;801-1000;2.97;801-1000;0.44;601-700;1.39;;;701-800;1.14;;;3.33;;;;;;;;
2019;direito;Faculdade Anhanguera de Valinhos;SP;801;Privada;;;801-1000;2.69;801-1000;0.63;601-700;1.47;;;801-1000;0.59;;;7.13;;;;;;;;
2019;direito;Faculdade Presidente Antônio Carlos de Teófilo Otoni;MG;801;Privada;;;801-1000;4.78;801-1000;0.31;;;;;401-500;4.47;;;;;;;;;;;
2019;direito;Faculdade Anhanguera Unidade Paragominas;PA;801;Privada;;;601-700;8.56;801-1000;0.56;;;;;1;8;;;;;;;;;;;
2019;direito;Faculdade dos Carajás;PA;801;Privada;;;701-800;7.06;601-700;2.65;;;;;401-500;4.41;;;;;;;;;;;
2019;direito;Faculdades Integradas de Taquara;RS;801;Privada;;;601-700;8.37;47;7.6;;;;;801-1000;0.77;;;;;;;;;;;
2019;direito;Faculdade Anhanguera de Pelotas;RS;801;Privada;;;701-800;6.45;801-1000;0.98;701-800;0.5;;;301-350;4.97;;;4.52;;;;;;;;
2019;direito;Faculdade do Bico;TO;801;Privada;;;801-1000;0.28;801-1000;0.06;;;;;801-1000;0.22;;;3.65;;;;;;;;
2019;direito;Faculdade Brasil Norte;AP;801;Privada;;;601-700;8.64;801-1000;0.19;701-800;0.45;;;1;8;;;1.23;;;;;;;;
2019;direito;Instituto Maranhense de Ensino e Cultura;MA;801;Privada;;;801-1000;0.86;801-1000;0.57;;;;;801-1000;0.29;;;0.64;;;;;;;;
2019;direito;Instituto de Ensino Superior de Olinda;PE;801;Privada;;;701-800;7;801-1000;0.65;351-400;4.23;;;601-700;2.12;;;1.6;;;;;;;;
2019;direito;Faculdade Campo Grande;MS;801;Privada;;;801-1000;3.12;801-1000;0.29;701-800;0.77;;;601-700;2.06;;;1.83;;;;;;;;
2019;direito;Faculdade de Tecnologia de Teresina;PI;801;Privada;;;601-700;8.23;801-1000;0.23;;;;;1;8;;;;;;;;;;;
2019;direito;Faculdade Meridional RS;RS;801;Privada;;;501-600;10.74;75;7.36;;;;;501-600;3.38;;;;;;;;;;;
2019;direito;Faculdade Presidente Antônio Carlos de Uberlândia;MG;801;Privada;;;701-800;6.42;701-800;1.49;351-400;4.19;;;801-1000;0.74;;;;;;;;;;;
2019;direito;Faculdade da Seune;AL;801;Privada;;;501-600;10.18;401-500;4.29;251-300;5.21;;;801-1000;0.68;;;;;;;;;;;
2019;direito;Faculdade de Ciências e Tecnologia Professor Dirson Maciel de Barros;PE;801;Municipal;;;801-1000;4.27;401-500;4.06;;;;;801-1000;0.21;;;;;;;;;;;
2019;direito;Faculdade Central de Cristalina;GO;801;Privada;;;701-800;6.22;801-1000;0.17;701-800;0.57;;;251-300;5.48;;;0.96;;;;;;;;
2019;direito;Faculdade Anhanguera de Guarulhos;SP;801;Privada;;;801-1000;3.78;701-800;1.58;701-800;1.16;;;801-1000;1.04;;;;;;;;;;;
2019;direito;Faculdade Porto-Alegrense;RS;801;Privada;;;701-800;7.94;251-300;5.43;;;;;601-700;2.51;;;;;;;;;;;
2019;direito;Faculdade Anhanguera de Macapá;AP;801;Privada;;;801-1000;4.15;801-1000;1.03;601-700;1.74;;;701-800;1.38;;;5.8;;;;;;;;
2019;direito;Faculdade do Instituto Brasil;GO;801;Privada;;;601-700;8.38;601-700;2.43;701-800;0.6;;;301-350;5.35;;;1.42;;;;;;;;
2019;direito;Faculdade Anhanguera de Osasco;SP;801;Privada;;;801-1000;3.91;601-700;2.36;701-800;0.35;;;701-800;1.2;;;0.37;;;;;;;;
2019;direito;Instituto Superior de Educação Ibituruna;MG;801;Privada;;;601-700;9.36;701-800;1.36;;;;;1;8;;;;;;;;;;;
2019;direito;Faculdade Três de Maio;RS;801;Privada;;;601-700;9.33;201-250;5.96;;;;;501-600;3.37;;;;;;;;;;;
2019;direito;Faculdade do Noroeste de Minas;MG;801;Privada;;;801-1000;4.54;801-1000;0.3;501-600;2.43;;;701-800;1.81;;;6.49;;;;;;;;
2019;direito;Faculdade Pitágoras de Minas Gerais;MG;801;Privada;;;801-1000;2.92;701-800;1.92;;;;;801-1000;1;;;6.21;;;;;;;;
2019;direito;Faculdade do Estado do Maranhão;MA;801;Privada;;;801-1000;3.28;801-1000;0.05;601-700;1.79;;;701-800;1.44;;;4.75;;;;;;;;
2019;direito;Faculdades Integradas de Paranaíba;MS;801;Privada;;;601-700;8.63;501-600;3.18;601-700;1.86;;;501-600;3.59;;;0.14;;;;;;;;
2019;direito;Faculdade de Aracaju;SE;801;Privada;;;801-1000;0.82;801-1000;0.25;;;;;801-1000;0.57;;;0.05;;;;;;;;
2019;direito;Centro Universitário Anhanguera Pitágoras Ampli;SP;801;Privada;;;801-1000;2.17;801-1000;1.06;701-800;0.44;;;801-1000;0.67;;;5.02;;;;;;;;
2019;direito;Faculdade Maranhense São José Dos Cocais;MA;801;Privada;;;601-700;9.29;501-600;2.86;701-800;0.76;;;251-300;5.67;;;;;;;;;;;
2019;direito;Centro Universitário Maurício de Nassau de Campina Grande;PB;801;Privada;;;501-600;10.26;351-400;4.92;701-800;1;;;401-500;4.34;;;;;;;;;;;
2019;direito;Faculdades Integradas Asmec;MG;801;Privada;;;401-500;11.15;201-250;5.96;;;;;301-350;5.19;;;;;;;;;;;
2019;direito;Faculdade do Recife;PE;801;Privada;;;701-800;6.53;601-700;2.27;701-800;0.53;;;401-500;3.73;;;0.73;;;;;;;;
2019;direito;Faculdade Anhanguera Unidade Parauapebas;PA;801;Privada;;;801-1000;2.55;801-1000;1;;;;;701-800;1.55;;;;;;;;;;;
2019;direito;Faculdade de Ciências e Tecnologia de Unaí;MG;801;Privada;;;701-800;6.46;701-800;1.27;401-500;3.35;;;701-800;1.84;;;3.79;;;;;;;;
2019;direito;Instituto de Ensino Superior Planalto;DF;801;Privada;;;801-1000;3.9;801-1000;0.84;501-600;2.66;;;801-1000;0.4;;;3.84;;;;;;;;
2019;direito;Faculdade de Ciências Econômicas, Administrativas e Contábeis de Divinópolis;MG;801;Privada;;;701-800;8.03;251-300;5.47;;;;;601-700;2.56;;;;;;;;;;;
2019;direito;Faculdade Zumbi dos Palmares;SP;801;Privada;;;801-1000;3.09;701-800;1.41;701-800;0.7;;;801-1000;0.98;;;0.55;;;;;;;;
2019;direito;Centro Universitário Unisan;SP;801;Privada;;;501-600;9.68;351-400;4.87;701-800;0.94;;;401-500;3.87;;;0.82;;;;;;;;
2019;direito;Faculdade Anhanguera de São Luiz;MA;801;Privada;;;801-1000;5.86;701-800;1.25;701-800;0.83;;;401-500;3.78;;;;;;;;;;;
2019;direito;Faculdade São Tomaz de Aquino;BA;801;Privada;;;701-800;6.68;301-350;5.08;;;;;701-800;1.6;;;;;;;;;;;
2019;direito;Instituto Belo Horizonte de Ensino Superior;MG;801;Privada;;;601-700;8.63;701-800;1.56;171;6.34;;;801-1000;0.73;;;1.69;;;;;;;;
2019;direito;Faculdade de Colinas do Tocantins;TO;801;Privada;;;701-800;6.93;701-800;1.92;801-1000;0.11;;;351-400;4.9;;;2.06;;;;;;;;
2019;direito;Faculdade de Ensino Superior Santa Barbara;SP;801;Privada;;;801-1000;4.76;601-700;2.04;;;;;601-700;2.72;;;;;;;;;;;
2019;direito;Facudade Ieducare;CE;801;Privada;;;801-1000;4.39;801-1000;0.58;;;;;401-500;3.81;;;;;;;;;;;
2019;direito;Faculdade Sergipana;SE;801;Privada;;;801-1000;2.05;801-1000;0.07;701-800;1.04;;;801-1000;0.94;;;0.59;;;;;;;;
2019;direito;Faculdade Raimundo Marinho de Penedo;AL;801;Privada;;;801-1000;1.58;801-1000;0.08;801-1000;0.13;;;701-800;1.37;;;;;;;;;;;
2019;direito;Faculdade Presidente Antônio Carlos de Mariana;MG;801;Privada;;;501-600;10.67;501-600;3.15;128;6.76;;;801-1000;0.76;;;;;;;;;;;
2019;direito;Instituto de Ensino Superior de Alagoas;AL;801;Privada;;;801-1000;2.47;801-1000;0.53;701-800;0.32;;;701-800;1.62;;;3.75;;;;;;;;
2019;direito;Centro Universitário Salesiano;ES;801;Privada;;;501-600;10.12;108;7.07;;;;;501-600;3.05;;;;;;;;;;;
2019;direito;Centro Universitário Univinte;SC;801;Privada;;;801-1000;5.41;501-600;3.42;;;;;601-700;1.99;;;;;;;;;;;
2019;direito;Faculdade de São Paulo;SP;801;Privada;;;701-800;6.28;601-700;2.66;701-800;0.21;;;501-600;3.41;;;0.09;;;;;;;;
2019;direito;Faculdade de Ciências Jurídicas de Paraíso do Tocantins;TO;801;Privada;;;701-800;5.91;601-700;1.97;801-1000;0.12;;;401-500;3.82;;;0.69;;;;;;;;
2019;direito;Faculdade de Ciências Aplicadas de Limoeiro;PE;801;Municipal;;;801-1000;1.2;801-1000;0.38;;;;;801-1000;0.82;;;;;;;;;;;
2019;direito;Centro Universitário Una de Bom Despacho;MG;801;Privada;;;601-700;9.61;801-1000;0.41;86;7.17;;;601-700;2.03;;;;;;;;;;;
2019;direito;Faculdade Verde Norte;MG;801;Privada;;;601-700;8.86;801-1000;0.86;;;;;1;8;;;;;;;;;;;
2019;direito;Faculdade Estácio de Carapicuíba;SP;801;Privada;;;801-1000;5.34;601-700;2.63;;;;;601-700;2.71;;;5.57;;;;;;;;
2019;direito;Faculdade Paraense de Ensino;PA;801;Privada;;;701-800;6.42;801-1000;0.91;701-800;1.08;;;401-500;4.43;;;3.11;;;;;;;;
2019;direito;Universidade Anhanguera de São Paulo;SP;801;Privada;;;801-1000;5.43;501-600;3.09;701-800;0.82;;;701-800;1.52;;;2.6;;;;;;;;
2019;direito;Faculdade de Belém;PA;801;Privada;;;801-1000;3.61;501-600;2.9;701-800;0.38;;;801-1000;0.33;;;0.91;;;;;;;;
2019;direito;Centro de Ensino Superior de Vitória;ES;801;Privada;;;801-1000;3.96;701-800;1.84;601-700;1.59;;;801-1000;0.53;;;4.7;;;;;;;;
2019;direito;Centro Universitário do Piauí;PI;801;Privada;;;701-800;6.63;801-1000;0.5;701-800;0.24;;;201-250;5.89;;;;;;;;;;;
2019;direito;Faculdade Progresso;SP;801;Privada;;;801-1000;5.7;251-300;5.43;;;;;801-1000;0.27;;;;;;;;;;;
2019;direito;Faculdade Lions;GO;801;Privada;;;701-800;7.33;601-700;2.07;701-800;0.67;;;351-400;4.59;;;2.42;;;;;;;;
2019;direito;Faculdade Social Sul Americana;BA;801;Privada;;;801-1000;4.14;601-700;2.18;601-700;1.87;;;801-1000;0.09;;;6.99;;;;;;;;
2019;direito;Faculdade Presidente Antônio Carlos de Itabirito;MG;801;Privada;;;701-800;7.34;601-700;2.55;301-350;4.62;;;801-1000;0.17;;;;;;;;;;;
2019;direito;Faculdade Nacional de Educação e Ensino Superior do Paraná;PR;801;Privada;;;601-700;8.54;701-800;1.19;701-800;0.73;;;160;6.62;;;1.01;;;;;;;;
2019;direito;Faculdade Paraibana;PB;801;Privada;;;801-1000;4.44;801-1000;0.69;401-500;3.38;;;801-1000;0.37;;;3.65;;;;;;;;
2019;direito;Faculdade Anhanguera de Taboão da Serra;SP;801;Privada;;;801-1000;5.2;601-700;2.38;701-800;0.33;;;601-700;2.49;;;1.28;;;;;;;;
2019;direito;Instituto de Ensino Superior Santa Cecília;AL;801;Privada;;;801-1000;0.99;801-1000;0.1;701-800;0.29;;;801-1000;0.6;;;0.41;;;;;;;;
2019;direito;Faculdade Palotina;RS;801;Privada;;;701-800;5.95;401-500;3.68;601-700;1.83;;;801-1000;0.44;;;1.87;;;;;;;;
2019;direito;Faculdade Bertioga;SP;801;Privada;;;701-800;7.94;701-800;1.59;351-400;4.11;;;601-700;2.24;;;2.24;;;;;;;;
2019;direito;Centro Universitário - Católica de Santa Catarina em Joinville;SC;801;Privada;;;701-800;6.05;351-400;4.86;;;;;701-800;1.19;;;;;;;;;;;
2019;direito;Faculdade de Belo Horizonte;MG;801;Privada;;;501-600;9.9;251-300;5.77;;;;;401-500;4.13;;;;;;;;;;;
2019;direito;Faculdade Raimundo Marinho;AL;801;Privada;;;801-1000;2.14;801-1000;0.14;801-1000;0.18;;;701-800;1.82;;;2.7;;;;;;;;
2019;direito;Faculdades Integradas de Rondonópolis;MT;801;Privada;;;701-800;7.09;801-1000;1.01;601-700;1.76;;;401-500;4.32;;;2.51;;;;;;;;
2019;direito;Faculdade Juiz de Fora;MG;801;Privada;;;801-1000;1.48;701-800;1.38;;;;;801-1000;0.1;;;;;;;;;;;
2019;direito;Instituto Cuiabá de Ensino e Cultura;MT;801;Privada;;;801-1000;2.33;801-1000;0.1;601-700;1.98;;;801-1000;0.25;;;2.28;;;;;;;;
2019;direito;Instituto de Ensino Superior de Mato Grosso;MT;801;Privada;;;801-1000;0.06;801-1000;0.04;;;;;801-1000;0.02;;;2.15;;;;;;;;
2019;direito;Faculdade de Sabará;MG;801;Privada;;;801-1000;4.23;601-700;2.46;701-800;1.13;;;801-1000;0.64;;;4.16;;;;;;;;
2019;direito;Centro Universitário Maurício de Nassau de Fortaleza;CE;801;Privada;;;601-700;8.26;301-350;5.17;;;;;501-600;3.09;;;;;;;;;;;
2019;direito;Centro Universitário de Viçosa;MG;801;Privada;;;701-800;6.06;301-350;5.4;;;;;801-1000;0.66;;;;;;;;;;;
2019;direito;Faculdade de São Caetano do Sul;SP;801;Privada;;;801-1000;1.99;801-1000;1.01;;;;;801-1000;0.98;;;1.51;;;;;;;;
2019;direito;Faculdade Diadema;SP;801;Privada;;;701-800;6.09;501-600;3.64;701-800;1.09;;;701-800;1.36;;;2.47;;;;;;;;
2019;direito;Faculdade Presidente Antônio Carlos de Nova Lima;MG;801;Privada;;;801-1000;5.23;601-700;2.73;601-700;2.04;;;801-1000;0.46;;;;;;;;;;;
2019;direito;Faculdades Integradas Desembargador Sávio Brandão;MT;801;Privada;;;801-1000;3.75;801-1000;0.33;601-700;2.15;;;701-800;1.27;;;3.06;;;;;;;;
2019;direito;Faculdade Metropolitana da Grande Recife;PE;801;Privada;;;801-1000;3.86;601-700;2.44;701-800;0.63;;;801-1000;0.79;;;6.17;;;;;;;;
2019;direito;Faculdade Santo Agostinho de Vitória da Conquista;BA;801;Privada;;;601-700;8.51;401-500;4.13;;;;;401-500;4.38;;;;;;;;;;;
2023;direito;Universidade de São Paulo;SP;1;Estadual;1;18;1;43.74;14;7.92;31;7.82;;;1;8;1;20;38;;;;;;;;
2023;direito;Universidade Federal de Minas Gerais;MG;2;Federal;4;17.83;2;43.63;16;7.91;8;7.96;;;1;8;2;20;37.91;;;;;;;;
2023;direito;Escola de Direito de São Paulo;SP;3;Privada;22;16.8;3;43.36;17;7.9;11;7.94;;;1;8;3;20;37.63;;;;;;;;
2023;direito;Universidade Federal do Rio Grande do Sul;RS;4;Federal;9;17.54;6;42.56;22;7.87;19;7.89;;;1;8;6;19;37.35;;;;;;;;
2023;direito;Escola de Direito do Rio de Janeiro;RJ;5;Privada;22;16.8;4;42.72;14;7.92;1;8;;;1;8;6;19;37.82;;;;;;;;
2023;direito;Universidade Federal do Rio de Janeiro;RJ;6;Federal;4;17.83;7;42.4;152;7.09;36;7.79;;;1;8;3;20;36.66;;;;;;;;
2023;direito;Universidade de Brasília;DF;7;Federal;22;16.8;5;42.62;22;7.87;9;7.95;;;1;8;6;19;37.4;;;;;;;;
2023;direito;Universidade Federal de Pernambuco;PE;8;Federal;4;17.83;11;40.83;69;7.59;19;7.89;;;1;8;12;17;37.86;;;;;;;;
2023;direito;Universidade Federal do Paraná;PR;9;Federal;9;17.54;9;42.19;17;7.9;86;7.49;;;1;8;6;19;36.76;;;;;;;;
2023;direito;Universidade do Estado do Rio de Janeiro;RJ;10;Estadual;9;17.54;14;39.84;53;7.69;12;7.93;;;401-500;5.42;6;19;37.17;;;;;;;;
2023;direito;Universidade Federal de Santa Catarina;SC;11;Federal;62;14.53;8;42.22;59;7.65;39;7.77;;;1;8;6;19;37.22;;;;;;;;
2023;direito;Universidade Federal Fluminense;RJ;11;Federal;22;16.8;12;40.14;130;7.22;72;7.57;;;1;8;12;17;37.03;;;;;;;;
2023;direito;Universidade Federal do Ceará;CE;13;Federal;22;16.8;15;38.74;66;7.61;9;7.95;;;1;8;21;15;37.68;;;;;;;;
2023;direito;Universidade Federal do Espírito Santo;ES;14;Federal;22;16.8;17;38.6;92;7.45;6;7.97;;;1;8;21;15;37.77;;;;;;;;
2023;direito;Universidade Estadual Paulista Júlio de Mesquita Filho;SP;15;Estadual;62;14.53;10;41.05;21;7.88;31;7.82;;;1;8;12;17;37.59;;;;;;;;
2023;direito;Pontifícia Universidade Católica de São Paulo;SP;16;Privada;3;17.89;16;38.67;99;7.41;67;7.6;;;601-700;4.14;3;20;36.16;;;;;;;;
2023;direito;Universidade Federal da Bahia;BA;17;Federal;9;17.54;30;37.64;193;6.84;64;7.62;;;1;8;21;15;36.99;;;;;;;;
2023;direito;Universidade Federal de Juiz de Fora;MG;18;Federal;62;14.53;13;39.88;201-250;6.76;39;7.77;;;1;8;12;17;37.45;;;;;;;;
2023;direito;Universidade Federal de Goiás;GO;19;Federal;9;17.54;23;38.17;117;7.3;52;7.69;;;1;8;21;15;36.02;;;;;;;;
2023;direito;Universidade Federal de Uberlândia;MG;20;Federal;22;16.8;27;37.99;142;7.15;57;7.66;;;1;8;21;15;36.89;;;;;;;;
2023;direito;Universidade Estadual do Norte do Paraná;PR;21;Estadual;62;14.53;18;38.46;107;7.36;14;7.92;;;1;8;21;15;37.26;;;;;;;;
2023;direito;Universidade Estadual de Londrina;PR;22;Estadual;22;16.8;31;37.36;251-300;6.38;34;7.8;;;1;8;21;15;36.06;;;;;;;;
2023;direito;Universidade Federal do Pará;PA;22;Federal;9;17.54;26;38;135;7.19;62;7.63;;;1;8;21;15;34.68;;;;;;;;
2023;direito;Universidade Federal de Santa Maria;RS;24;Federal;62;14.53;20;38.31;124;7.26;22;7.87;;;1;8;21;15;37.31;;;;;;;;
2023;direito;Faculdade de Direito de Vitória;ES;25;Privada;62;14.53;28;37.92;201-250;6.75;3;7.99;;;1;8;21;15;37.12;;;;;;;;
2023;direito;Universidade Federal de Mato Grosso;MT;26;Federal;62;14.53;22;38.2;105;7.37;60;7.65;;;1;8;21;15;35.93;;;;;;;;
2023;direito;Universidade Federal do Estado do Rio de Janeiro;RJ;27;Federal;62;14.53;21;38.21;95;7.43;67;7.6;;;1;8;21;15;35.88;;;;;;;;
2023;direito;Universidade Federal da Paraíba;PB;28;Federal;62;14.53;29;37.68;195;6.83;56;7.67;;;1;8;21;15;35.97;;;;;;;;
2023;direito;Universidade Presbiteriana Mackenzie;SP;29;Privada;1;18;38;35.06;149;7.11;134;7.2;;;701-800;3.4;12;17;34.82;;;;;;;;
2023;direito;Centro Universitário Curitiba;PR;30;Privada;22;16.8;40;34.29;80;7.52;176;6.95;;;501-600;4.64;21;15;34.59;;;;;;;;
2023;direito;Pontifícia Universidade Católica do Rio de Janeiro;RJ;31;Privada;9;17.54;55;30.85;401-500;5.38;107;7.36;;;1001 ou +;0.76;12;17;36.85;;;;;;;;
2023;direito;Pontifícia Universidade Católica do Paraná;PR;32;Privada;9;17.54;42;33.84;351-400;5.8;79;7.53;;;701-800;3.16;12;17;33.02;;;;;;;;
2023;direito;Universidade Federal de Mato Grosso do Sul;MS;33;Federal;62;14.53;37;35.35;74;7.56;104;7.38;;;401-500;5.23;21;15;34.45;;;;;;;;
2023;direito;Universidade do Vale do Rio dos Sinos;RS;34;Privada;22;16.8;41;33.98;73;7.57;251-300;6.3;;;401-500;4.93;21;15;33.2;;;;;;;;
2023;direito;Faculdade Ibmec;MG;35;Privada;62;14.53;48;32.34;1;8;74;7.56;;;1001 ou +;1.6;21;15;36.71;;;;;;;;
2023;direito;Pontifícia Universidade Católica do Rio Grande do Sul;RS;36;Privada;9;17.54;39;34.36;97;7.42;251-300;6.35;;;701-800;3.24;12;17;31.64;;;;;;;;
2023;direito;Universidade Federal de Lavras;MG;37;Federal;187;7.41;19;38.45;76;7.55;47;7.72;;;1;8;21;15;37.49;;;;;;;;
2023;direito;Pontifícia Universidade Católica de Campinas;SP;38;Privada;22;16.8;64;29.95;251-300;6.39;99;7.41;;;1001 ou +;0.97;21;15;35.05;;;;;;;;
2023;direito;Universidade Positivo;PR;39;Privada;22;16.8;47;32.41;177;6.94;141;7.16;;;701-800;3.13;21;15;32.37;;;;;;;;
2023;direito;Faculdade de Direito de Franca;SP;40;Municipal;62;14.53;50;31.37;351-400;5.74;134;7.2;;;701-800;3.25;21;15;35.56;;;;;;;;
2023;direito;Pontifícia Universidade Católica de Minas Gerais;MG;41;Privada;4;17.83;60;30.5;251-300;6.35;251-300;6.43;;;801-1000;2.54;21;15;31.45;;;;;;;;
2023;direito;Universidade Estadual de Ponta Grossa;PR;42;Estadual;187;7.41;32;36.9;251-300;6.21;82;7.51;;;1;8;21;15;35.1;;;;;;;;
2023;direito;Universidade Católica de Petrópolis;RJ;43;Privada;62;14.53;65;29.63;401-500;5.41;301-350;6.15;;;801-1000;2.89;21;15;33.11;;;;;;;;
2023;direito;Universidade Estadual de Maringá;PR;44;Estadual;22;16.8;103;22.24;251-300;6.38;24;7.86;;;1;8;;;37.72;;;;;;;;
2023;direito;Universidade do Vale do Itajaí;SC;45;Privada;62;14.53;53;31.18;601-700;4.36;251-300;6.27;;;701-800;3.2;12;17;30.07;;;;;;;;
2023;direito;Universidade Federal de Sergipe;SE;45;Federal;62;14.53;83;23.3;104;7.38;14;7.92;;;1;8;;;37.95;;;;;;;;
2023;direito;Universidade Federal de Alagoas;AL;47;Federal;22;16.8;98;22.35;201-250;6.57;37;7.78;;;1;8;;;36.62;;;;;;;;
2023;direito;Universidade Federal do Rio Grande do Norte;RN;48;Federal;22;16.8;105;22.17;251-300;6.27;17;7.9;;;1;8;;;36.8;;;;;;;;
2023;direito;Universidade Fumec;MG;49;Privada;62;14.53;56;30.65;351-400;5.66;154;7.08;;;801-1000;2.73;21;15;30.53;;;;;;;;
2023;direito;Universidade Católica de Santos;SP;50;Privada;187;7.41;33;36.24;117;7.3;351-400;5.76;;;1;8;21;15;31.73;;;;;;;;
2023;direito;Universidade de Fortaleza;CE;51;Privada;22;16.8;69;28.65;501-600;4.98;201-250;6.73;;;801-1000;1.76;21;15;29.1;;;;;;;;
2023;direito;Universidade Federal de Viçosa;MG;52;Federal;62;14.53;96;22.44;201-250;6.53;16;7.91;;;1;8;;;37.54;;;;;;;;
2023;direito;Universidade de Pernambuco;PE;53;Estadual;62;14.53;89;22.84;174;6.96;21;7.88;;;1;8;;;36.94;;;;;;;;
2023;direito;Pontifícia Universidade Católica de Goiás;GO;54;Privada;9;17.54;75;25.89;701-800;3.25;301-350;6.07;;;1001 ou +;1.39;21;15;30.81;;;;;;;;
2023;direito;Universidade Estadual do Oeste do Paraná;PR;55;Estadual;62;14.53;107;22.12;251-300;6.28;27;7.84;;;1;8;;;37.08;;;;;;;;
2023;direito;Universidade Federal do Piauí;PI;56;Federal;62;14.53;101;22.26;251-300;6.26;1;8;;;1;8;;;36.57;;;;;;;;
2023;direito;Centro Universitário Christus;CE;57;Privada;;;25;38.11;117;7.3;62;7.63;;;1;8;21;15;34.91;;;;;;;;
2023;direito;Fundação Universidade Federal do Tocantins;TO;58;Federal;62;14.53;93;22.57;147;7.12;92;7.45;;;1;8;;;35.46;;;;;;;;
2023;direito;Universidade do Estado do Amazonas;AM;59;Estadual;22;16.8;139;20.37;501-600;4.5;22;7.87;;;1;8;;;35.37;;;;;;;;
2023;direito;Universidade Federal do Amazonas;AM;60;Federal;22;16.8;144;20.08;601-700;4.24;27;7.84;;;1;8;;;35.42;;;;;;;;
2023;direito;Centro Universitário das Faculdades Metropolitanas Unidas;SP;61;Privada;9;17.54;63;29.98;401-500;5.38;351-400;5.78;;;601-700;3.64;21;15;24.53;;;;;;;;
2023;direito;Faculdade de Direito Milton Campos;MG;62;Privada;9;17.54;182;18.75;132;7.21;192;6.85;;;501-600;4.69;;;35.74;;;;;;;;
2023;direito;Universidade Federal do Maranhão;MA;63;Federal;62;14.53;94;22.48;201-250;6.77;49;7.71;;;1;8;;;34.96;;;;;;;;
2023;direito;Universidade Federal de Pelotas;RS;64;Federal;;;43;33.64;701-800;3.21;126;7.25;;;1;8;21;15;36.52;;;;;;;;
2023;direito;Centro Universitário Ritter dos Reis;RS;65;Privada;62;14.53;62;29.99;401-500;5.23;251-300;6.32;;;701-800;3.26;21;15;25.5;;;;;;;;
2023;direito;Universidade do Estado da Bahia;BA;66;Estadual;62;14.53;124;20.91;351-400;5.61;117;7.3;;;1;8;;;34.54;;;;;;;;
2023;direito;Universidade Salvador;BA;67;Privada;22;16.8;167;19.17;139;7.17;72;7.57;;;501-600;4.43;;;33.94;;;;;;;;
2023;direito;Fundação Universidade Federal de Rondônia;RO;68;Federal;62;14.53;123;20.92;401-500;5.44;87;7.48;;;1;8;;;34.4;;;;;;;;
2023;direito;Escola Superior Dom Helder Câmara;MG;69;Privada;22;16.8;201-250;17.97;401-500;5.51;55;7.68;;;501-600;4.78;;;35;;;;;;;;
2023;direito;Centro Universitário do Rio Grande do Norte;RN;70;Privada;62;14.53;97;22.37;197;6.82;76;7.55;;;1;8;;;32.65;;;;;;;;
2023;direito;Universidade do Oeste Paulista;SP;71;Privada;62;14.53;51;31.35;201-250;6.6;401-500;5.32;;;501-600;4.25;21;15;23.29;;;;;;;;
2023;direito;Centro Universitário Antônio Eufrásio de Toledo de Presidente Prudente;SP;72;Privada;62;14.53;121;21.04;401-500;5.57;89;7.47;;;1;8;;;33.34;;;;;;;;
2023;direito;Universidade Estadual de Santa Cruz;BA;73;Estadual;62;14.53;155;19.7;601-700;3.96;44;7.74;;;1;8;;;34.63;;;;;;;;
2023;direito;Universidade Regional do Noroeste do Estado do Rio Grande do Sul;RS;74;Privada;187;7.41;49;31.5;401-500;5.53;251-300;6.27;;;501-600;4.52;21;15;29.56;;;;;;;;
2023;direito;Universidade Estadual do Maranhão;MA;75;Estadual;62;14.53;201-250;17.75;801-1000;2.16;69;7.59;;;1;8;;;35.69;;;;;;;;
2023;direito;Centro Universitário Sete de Setembro;CE;76;Privada;62;14.53;174;18.91;251-300;6.22;91;7.46;;;401-500;5.23;;;34.5;;;;;;;;
2023;direito;Centro Universitário Una;MG;77;Privada;22;16.8;136;20.43;44;7.74;124;7.26;;;401-500;5.43;;;30.58;;;;;;;;
2023;direito;Centro Universitário Autônomo do Brasil;PR;78;Privada;187;7.41;56;30.65;351-400;5.67;164;7.02;;;801-1000;2.78;21;15;29.7;;;;;;;;
2023;direito;Universidade Estadual da Paraíba;PB;79;Estadual;62;14.53;173;18.94;701-800;3.66;121;7.28;;;1;8;;;34.22;;;;;;;;
2023;direito;Universidade Federal de Ouro Preto;MG;80;Federal;187;7.41;81;23.54;36;7.79;42;7.75;;;1;8;;;36.48;;;;;;;;
2023;direito;Universidade São Judas Tadeu;SP;81;Privada;22;16.8;168;19.16;67;7.6;147;7.12;;;501-600;4.44;;;31.13;;;;;;;;
2023;direito;Centro Universitário do Estado do Pará;PA;82;Privada;22;16.8;166;19.22;251-300;6.25;42;7.75;;;401-500;5.22;;;30.94;;;;;;;;
2023;direito;Universidade Católica de Pernambuco;PE;83;Privada;9;17.54;401-500;14.83;251-300;6.24;251-300;6.31;;;801-1000;2.28;;;34.36;;;;;;;;
2023;direito;Centro Universitário Faesa;ES;84;Privada;62;14.53;301-350;16.36;701-800;3.29;29;7.83;;;401-500;5.24;;;35.65;;;;;;;;
2023;direito;Universidade de Franca;SP;85;Privada;22;16.8;126;20.87;251-300;6.21;201-250;6.66;;;1;8;;;28.82;;;;;;;;
2023;direito;Universidade São Francisco;SP;86;Privada;62;14.53;68;29.41;401-500;5.32;351-400;5.76;;;701-800;3.15;21;15;22.41;;;;;;;;
2023;direito;Centro Universitário Unidade de Ensino Superior Dom Bosco;MA;87;Privada;62;14.53;201-250;18.26;401-500;5.52;26;7.85;;;401-500;4.89;;;32.88;;;;;;;;
2023;direito;Faculdade de Direito de São Bernardo do Campo;SP;88;Municipal;22;16.8;401-500;14;123;7.27;201-250;6.73;;;;;;;34.73;;;;;;;;
2023;direito;Faculdade de Direito da Fundação Escola Superior do Ministério Público;RS;89;Privada;187;7.41;100;22.3;200;6.8;84;7.5;;;1;8;;;35.51;;;;;;;;
2023;direito;Universidade de Itaúna;MG;90;Privada;187;7.41;70;28.39;501-600;4.57;301-350;6.12;;;801-1000;2.52;21;15;29.33;;;;;;;;
2023;direito;Faculdade Baiana de Direito e Gestão;BA;91;Privada;62;14.53;401-500;14.74;401-500;5.36;97;7.42;;;801-1000;1.96;;;35.83;;;;;;;;
2023;direito;Instituto Federal de Educação, Ciência e Tecnologia do Paraná;PR;92;Federal;;;34;35.66;401-500;5.14;111;7.34;;;1;8;21;15;29.28;;;;;;;;
2023;direito;Universidade Veiga de Almeida;RJ;93;Privada;22;16.8;351-400;15.74;301-350;5.92;129;7.23;;;801-1000;2.59;;;31.96;;;;;;;;
2023;direito;Centro Universitário Campo Real;PR;94;Privada;62;14.53;200;18.45;701-800;3.41;161;7.04;;;1;8;;;31.41;;;;;;;;
2023;direito;Centro Universitário de Brasília;DF;95;Privada;22;16.8;501-600;13.15;501-600;4.77;156;7.07;;;1001 ou +;1.31;;;33.57;;;;;;;;
2023;direito;Universidade de Ribeirão Preto;SP;96;Privada;62;14.53;201-250;17.8;351-400;5.73;189;6.87;;;401-500;5.2;;;31.08;;;;;;;;
2023;direito;Universidade de Uberaba;MG;97;Privada;62;14.53;82;23.53;801-1000;2.45;501-600;4.42;;;1001 ou +;1.48;21;15;25.27;;;;;;;;
2023;direito;Centro Universitário de Belo Horizonte;MG;98;Privada;62;14.53;138;20.38;56;7.67;84;7.5;;;401-500;5.21;;;28.41;;;;;;;;
2023;direito;Universidade Estadual de Feira de Santana;BA;99;Estadual;187;7.41;140;20.36;401-500;5.03;112;7.33;;;1;8;;;35.33;;;;;;;;
2023;direito;Universidade do Oeste de Santa Catarina;SC;100;Privada;62;14.53;251-300;17.2;401-500;5.14;201-250;6.71;;;401-500;5.35;;;31.27;;;;;;;;
2023;direito;Faculdade Antônio Meneghetti;RS;101;Privada;;;59;30.52;401-500;5.18;167;7;;;701-800;3.16;21;15;32.33;;;;;;;;
2023;direito;Faculdade Esamc Uberlândia;MG;102;Privada;62;14.53;301-350;15.91;1001 ou +;1.3;201-250;6.61;;;1;8;;;32.24;;;;;;;;
2023;direito;Universidade do Grande Rio Professor José de Souza Herdy;RJ;103;Privada;;;35;35.5;351-400;5.89;251-300;6.43;;;1;8;21;15;26.7;;;;;;;;
2023;direito;Universidade Vila Velha;ES;104;Privada;62;14.53;401-500;14.62;601-700;3.83;77;7.54;;;701-800;3.25;;;32.93;;;;;;;;
2023;direito;Universidade do Sul de Santa Catarina;SC;105;Privada;62;14.53;251-300;16.77;201-250;6.57;351-400;5.71;;;501-600;4.49;;;30.71;;;;;;;;
2023;direito;Centro Universitário do Distrito Federal;DF;106;Privada;62;14.53;201-250;17.73;251-300;6.24;251-300;6.42;;;401-500;5.07;;;29.75;;;;;;;;
2023;direito;Faculdade Cesusc;SC;107;Privada;187;7.41;76;25.65;801-1000;2.64;136;7.19;;;1001 ou +;0.64;21;15;28.87;;;;;;;;
2023;direito;Centro Universitário Central Paulista;SP;108;Privada;62;14.53;401-500;15.06;201-250;6.53;351-400;5.8;;;801-1000;2.73;;;32.28;;;;;;;;
2023;direito;Universidade da Região de Joinville;SC;109;Privada;22;16.8;501-600;12.99;501-600;4.52;401-500;5.24;;;701-800;3.23;;;32.05;;;;;;;;
2023;direito;Universidade Católica Dom Bosco;MS;110;Privada;22;16.8;301-350;16.22;351-400;5.76;401-500;5.1;;;401-500;5.36;;;28.68;;;;;;;;
2023;direito;Centro Universitário Toledo Wyden;SP;111;Privada;62;14.53;401-500;14.02;601-700;3.85;79;7.53;;;801-1000;2.64;;;32.79;;;;;;;;
2023;direito;Universidade Federal de Campina Grande;PB;112;Federal;187;7.41;157;19.65;401-500;5.15;251-300;6.5;;;1;8;;;34.27;;;;;;;;
2023;direito;Faculdade de Petrolina;PE;113;Municipal;62;14.53;401-500;14.6;1001 ou +;0.54;301-350;6.06;;;1;8;;;32.1;;;;;;;;
2023;direito;Centro Universitário Serra dos Órgãos;RJ;114;Privada;62;14.53;301-350;16.39;251-300;6.32;401-500;5.01;;;401-500;5.06;;;30.21;;;;;;;;
2023;direito;Centro Universitário Nobre de Feira de Santana;BA;115;Privada;187;7.41;118;21.26;401-500;5.48;37;7.78;;;1;8;;;32.42;;;;;;;;
2023;direito;Centro Universitário de Bauru;SP;116;Privada;62;14.53;401-500;14.02;401-500;5.06;169;6.99;;;801-1000;1.97;;;32.51;;;;;;;;
2023;direito;Centro Universitário de Volta Redonda;RJ;117;Privada;187;7.41;130;20.68;301-350;5.96;201-250;6.72;;;1;8;;;32.84;;;;;;;;
2023;direito;Universidade Cesumar;PR;118;Privada;22;16.8;164;19.28;116;7.31;201-250;6.56;;;401-500;5.41;;;24.44;;;;;;;;
2023;direito;Centro Universitário Armando Alvares Penteado;SP;119;Privada;62;14.53;601-700;12.91;201-250;6.59;301-350;6.16;;;1001 ou +;0.16;;;32.6;;;;;;;;
2023;direito;Centro Universitário de Maceió;AL;120;Privada;62;14.53;401-500;14.59;351-400;5.7;201-250;6.76;;;801-1000;2.13;;;30.85;;;;;;;;
2023;direito;Universidade Federal Rural do Semi-árido;RN;121;Federal;;;80;23.6;64;7.62;4;7.98;;;1;8;;;36.34;;;;;;;;
2023;direito;FAE Centro Universitário;PR;122;Privada;62;14.53;601-700;12.66;601-700;4.23;137;7.18;;;1001 ou +;1.25;;;32.7;;;;;;;;
2023;direito;Centro Universitário Newton Paiva;MG;123;Privada;22;16.8;501-600;13.13;601-700;3.98;351-400;5.74;;;701-800;3.41;;;29.93;;;;;;;;
2023;direito;Centro Universitário Jorge Amado;BA;124;Privada;62;14.53;401-500;14.16;301-350;5.91;251-300;6.26;;;801-1000;1.99;;;30.76;;;;;;;;
2023;direito;Universidade Franciscana;RS;125;Privada;187;7.41;201-250;17.61;401-500;5.2;144;7.14;;;401-500;5.27;;;34.13;;;;;;;;
2023;direito;Centro Universitário Univel;PR;126;Privada;62;14.53;501-600;13.87;601-700;4.33;131;7.22;;;801-1000;2.32;;;30.67;;;;;;;;
2023;direito;Universidade Regional de Blumenau;SC;127;Municipal;62;14.53;501-600;12.92;501-600;4.97;251-300;6.3;;;1001 ou +;1.65;;;31.59;;;;;;;;
2023;direito;Centro Universitário FBV Wyden;PE;128;Privada;62;14.53;401-500;14.03;401-500;5.32;251-300;6.23;;;801-1000;2.48;;;30.16;;;;;;;;
2023;direito;Universidade Federal Rural do Rio de Janeiro;RJ;129;Federal;;;88;22.88;137;7.18;51;7.7;;;1;8;;;35.6;;;;;;;;
2023;direito;Universidade do Extremo Sul Catarinense;SC;130;Privada;62;14.53;701-800;11.94;701-800;3.21;251-300;6.25;;;801-1000;2.48;;;32.01;;;;;;;;
2023;direito;Fundação Universidade Federal da Grande Dourados;MS;131;Federal;;;92;22.63;137;7.18;92;7.45;;;1;8;;;35.79;;;;;;;;
2023;direito;Faculdade Metodista Granbery;MG;132;Privada;62;14.53;801-1000;10.22;1001 ou +;1.72;97;7.42;;;1001 ou +;1.08;;;33.43;;;;;;;;
2023;direito;Centro Universitário de Rio Preto;SP;133;Privada;62;14.53;401-500;14.14;701-800;3.21;351-400;5.79;;;401-500;5.14;;;29.47;;;;;;;;
2023;direito;Universidade Federal do Rio Grande;RS;134;Federal;;;85;23.04;54;7.68;107;7.36;;;1;8;;;34.86;;;;;;;;
2023;direito;Centro Universitário Aeso - Barros Melo;PE;135;Privada;62;14.53;701-800;12;601-700;3.96;301-350;6.17;;;801-1000;1.87;;;31.31;;;;;;;;
2023;direito;Faculdades Integradas Vianna Júnior;MG;136;Privada;62;14.53;801-1000;9.61;1001 ou +;0.93;132;7.21;;;1001 ou +;1.47;;;33.62;;;;;;;;
2023;direito;Universidade Estadual do Sudoeste da Bahia;BA;137;Estadual;;;117;21.29;401-500;5.56;46;7.73;;;1;8;;;36.2;;;;;;;;
2023;direito;Centro de Ensino Superior Cesul;PR;138;Privada;187;7.41;160;19.51;501-600;4.5;166;7.01;;;1;8;;;30.3;;;;;;;;
2023;direito;Universidade de Marília;SP;139;Privada;187;7.41;45;33.31;67;7.6;184;6.9;;;601-700;3.63;21;15;16.46;;;;;;;;
2023;direito;Centro Universitário Sociesc;SC;140;Privada;62;14.53;142;20.16;62;7.63;144;7.14;;;401-500;5.39;;;22.37;;;;;;;;
2023;direito;Centro Universitário Salesiano de São Paulo;SP;141;Privada;62;14.53;601-700;12.54;601-700;4.14;159;7.05;;;1001 ou +;1.35;;;29.65;;;;;;;;
2023;direito;Universidade La Salle;RS;142;Privada;187;7.41;36;35.43;61;7.64;501-600;4.61;;;1;8;21;15;13.79;;;;;;;;
2023;direito;Centro Universitário Redentor;RJ;143;Privada;;;143;20.09;501-600;4.61;87;7.48;;;1;8;;;36.43;;;;;;;;
2023;direito;Centro Universitário das Faculdades Integradas de Ourinhos;SP;144;Privada;62;14.53;701-800;11.82;701-800;3.57;104;7.38;;;1001 ou +;0.87;;;30.02;;;;;;;;
2023;direito;Centro Universitário Filadélfia;PR;145;Privada;62;14.53;701-800;11.53;801-1000;2.34;201-250;6.53;;;801-1000;2.66;;;29.98;;;;;;;;
2023;direito;Universidade Federal de Roraima;RR;146;Federal;;;127;20.84;401-500;5.04;34;7.8;;;1;8;;;35.19;;;;;;;;
2023;direito;Centro Universitário da Grande Dourados;MS;147;Privada;187;7.41;44;33.62;351-400;5.88;122;7.27;;;401-500;5.29;21;15;14.9;;;;;;;;
2023;direito;Faculdade de Ensino Superior de Linhares;ES;148;Municipal;;;120;21.13;401-500;5.16;6;7.97;;;1;8;;;34.77;;;;;;;;
2023;direito;Faculdade Esamc Campinas;SP;149;Privada;;;95;22.48;1001 ou +;1.76;601-700;4.1;;;1001 ou +;1.44;21;15;33.25;;;;;;;;
2023;direito;Centro Universitário Ibmec;RJ;150;Privada;187;7.41;401-500;14.46;37;7.78;201-250;6.51;;;1001 ou +;0.17;;;33.85;;;;;;;;
2023;direito;Universidade do Estado do Rio Grande do Norte;RN;150;Estadual;;;134;20.49;501-600;4.8;52;7.69;;;1;8;;;35.23;;;;;;;;
2023;direito;Universidade Tiradentes;SE;152;Privada;62;14.53;601-700;12.69;401-500;5.33;401-500;5.01;;;801-1000;2.35;;;28.45;;;;;;;;
2023;direito;Universidade Feevale;RS;153;Privada;62;14.53;501-600;13.97;156;7.07;501-600;4.64;;;801-1000;2.26;;;27.12;;;;;;;;
2023;direito;Centro Universitário Maurício de Nassau;PE;154;Privada;22;16.8;401-500;14.66;401-500;5.47;351-400;5.77;;;701-800;3.42;;;24.03;;;;;;;;
2023;direito;Universidade Paranaense;PR;155;Privada;187;7.41;78;24.11;1001 ou +;1.91;301-350;6.08;;;1001 ou +;0.94;21;15;23.93;;;;;;;;
2023;direito;Centro Universitário Fluminense;RJ;156;Privada;;;74;26.28;801-1000;2.2;401-500;5.08;;;601-700;3.82;21;15;29.05;;;;;;;;
2023;direito;Universidade Anhembi Morumbi;SP;157;Privada;62;14.53;172;18.95;201-250;6.74;174;6.96;;;401-500;5.25;;;21.81;;;;;;;;
2023;direito;Faculdades Integradas de Bauru;SP;158;Privada;62;14.53;161;19.47;401-500;5.5;301-350;5.97;;;1;8;;;20.94;;;;;;;;
2023;direito;Universidade Estácio de Sá;RJ;159;Privada;22;16.8;351-400;15.76;112;7.33;351-400;5.68;;;801-1000;2.75;;;22.18;;;;;;;;
2023;direito;Universidade Nove de Julho;SP;160;Privada;22;16.8;71;28.3;251-300;6.47;501-600;4.41;;;801-1000;2.24;21;15;9.59;;;;;;;;
2023;direito;Centro Universitário Sociesc de Blumenau;SC;161;Privada;;;90;22.83;44;7.74;152;7.09;;;1;8;;;31.82;;;;;;;;
2023;direito;Universidade Federal do Acre;AC;162;Federal;;;201-250;17.98;801-1000;2.05;12;7.93;;;1;8;;;36.29;;;;;;;;
2023;direito;Universidade Federal do Oeste do Pará;PA;163;Federal;;;134;20.49;301-350;6;251-300;6.49;;;1;8;;;33.67;;;;;;;;
2023;direito;Universidade Estadual de Montes Claros;MG;164;Estadual;;;201-250;17.72;801-1000;2.14;71;7.58;;;1;8;;;36.39;;;;;;;;
2023;direito;Universidade Federal do Amapá;AP;165;Federal;;;191;18.64;701-800;3.46;137;7.18;;;1;8;;;35.28;;;;;;;;
2023;direito;Faculdade de Direito do Sul de Minas;MG;166;Privada;187;7.41;401-500;14.86;501-600;4.93;106;7.37;;;801-1000;2.56;;;31.5;;;;;;;;
2023;direito;Centro Universitário Católico Salesiano Auxilium;SP;167;Privada;62;14.53;401-500;15;701-800;3.64;251-300;6.36;;;401-500;5;;;24.07;;;;;;;;
2023;direito;Faculdade de Direito de Sorocaba;SP;168;Privada;187;7.41;601-700;12.15;601-700;4.04;109;7.35;;;1001 ou +;0.76;;;33.99;;;;;;;;
2023;direito;Universidade Católica de Pelotas;RS;169;Privada;;;66;29.55;401-500;5.22;401-500;5.49;;;601-700;3.66;21;15;23.98;;;;;;;;
2023;direito;Centro Universitário de João Pessoa;PB;170;Privada;62;14.53;251-300;17.25;351-400;5.7;201-250;6.74;;;501-600;4.81;;;21.68;;;;;;;;
2023;direito;Centro Universitário Moura Lacerda;SP;171;Privada;62;14.53;801-1000;10.87;701-800;3.62;251-300;6.4;;;1001 ou +;0.85;;;27.99;;;;;;;;
2023;direito;Centro Universitário do Cerrado-patrocínio;MG;172;Privada;;;52;31.2;801-1000;2.55;401-500;5.47;;;1;8;21;15;22.09;;;;;;;;
2023;direito;Centro Universitário de Formiga;MG;173;Privada;187;7.41;601-700;12.16;601-700;4.12;301-350;5.95;;;801-1000;2.09;;;33.39;;;;;;;;
2023;direito;Centro Universitário Dinâmica das Cataratas;PR;174;Privada;62;14.53;601-700;12.56;701-800;3.32;501-600;4.6;;;501-600;4.64;;;25.6;;;;;;;;
2023;direito;Faculdade de Direito de Contagem;MG;175;Privada;62;14.53;1001 ou +;8.29;701-800;3.21;501-600;4.84;;;1001 ou +;0.24;;;29.84;;;;;;;;
2023;direito;Faculdade Damásio;SP;176;Privada;187;7.41;601-700;12.18;44;7.74;1001 ou +;0.5;;;601-700;3.94;;;32.97;;;;;;;;
2023;direito;Universidade Metodista de Piracicaba;SP;177;Privada;22;16.8;801-1000;10.91;501-600;4.41;351-400;5.85;;;1001 ou +;0.65;;;24.21;;;;;;;;
2023;direito;Centro Universitário Faminas;MG;178;Privada;;;128;20.82;301-350;5.99;196;6.83;;;1;8;;;31.04;;;;;;;;
2023;direito;Centro Universitário Estácio de Sergipe;SE;179;Privada;62;14.53;601-700;12.5;401-500;5.04;401-500;5.37;;;801-1000;2.09;;;24.81;;;;;;;;
2023;direito;Universidade de Caxias do Sul;RS;180;Privada;62;14.53;601-700;12.66;401-500;5.56;501-600;4.76;;;801-1000;2.34;;;24.63;;;;;;;;
2023;direito;Universidade Potiguar;RN;181;Privada;22;16.8;351-400;15.27;185;6.89;501-600;4.68;;;601-700;3.7;;;19.69;;;;;;;;
2023;direito;Instituto Brasileiro de Ensino, Desenvolvimento e Pesquisa de Brasília;DF;182;Privada;;;351-400;15.56;301-350;6.03;41;7.76;;;801-1000;1.77;;;36.11;;;;;;;;
2023;direito;Universidade Católica de Brasília;DF;183;Privada;62;14.53;601-700;12.34;701-800;3.76;174;6.96;;;1001 ou +;1.62;;;24.77;;;;;;;;
2023;direito;Universidade Castelo Branco;RJ;184;Privada;187;7.41;73;26.7;701-800;3.44;251-300;6.21;;;801-1000;1.87;21;15;17.48;;;;;;;;
2023;direito;Faculdade Anhanguera de Uberlândia;MG;185;Privada;62;14.53;201-250;18.37;251-300;6.48;201-250;6.55;;;401-500;5.34;;;18.68;;;;;;;;
2023;direito;Centro Universitário Facex;RN;186;Privada;62;14.53;701-800;11.3;701-800;3.24;157;7.06;;;1001 ou +;1;;;25.64;;;;;;;;
2023;direito;Centro Universitário Una de Contagem;MG;187;Privada;;;104;22.22;62;7.63;201-250;6.59;;;1;8;;;29.24;;;;;;;;
2023;direito;Faculdade Pitágoras Instituto Camillo Filho;PI;188;Privada;;;201-250;17.55;201-250;6.55;74;7.56;;;701-800;3.44;;;33.8;;;;;;;;
2023;direito;Universidade Estadual do Piauí;PI;189;Estadual;;;201-250;18.03;801-1000;2.63;101;7.4;;;1;8;;;33.3;;;;;;;;
2023;direito;Centro Universitário Atenas;MG;190;Privada;;;46;33.29;701-800;3.62;251-300;6.49;;;1;8;21;15;17.99;;;;;;;;
2023;direito;Universidade Católica do Salvador;BA;191;Privada;62;14.53;801-1000;9.99;701-800;3.34;401-500;5.04;;;1001 ou +;1.61;;;26.15;;;;;;;;
2023;direito;Centro Universitário Santo Agostinho;PI;192;Privada;62;14.53;701-800;11.88;701-800;3.53;351-400;5.77;;;801-1000;2.58;;;24.12;;;;;;;;
2023;direito;Centro Universitário Inta;CE;193;Privada;;;201-250;17.74;351-400;5.68;601-700;4.06;;;1;8;;;32.74;;;;;;;;
2023;direito;Universidade Regional do Cariri;CE;194;Estadual;;;301-350;16.46;1001 ou +;1.14;114;7.32;;;1;8;;;33.9;;;;;;;;
2023;direito;Centro Universitário Unifafibe;SP;195;Privada;187;7.41;351-400;15.17;501-600;4.76;114;7.32;;;701-800;3.09;;;27.67;;;;;;;;
2023;direito;Universidade Estadual do Tocantins;TO;196;Estadual;187;7.41;351-400;15.21;801-1000;2.33;501-600;4.88;;;1;8;;;27.53;;;;;;;;
2023;direito;Faculdade Esamc Sorocaba;SP;197;Privada;187;7.41;801-1000;9.17;1001 ou +;1.57;351-400;5.86;;;801-1000;1.74;;;33.53;;;;;;;;
2023;direito;Centro Universitário do Espírito Santo;ES;198;Privada;187;7.41;701-800;11.95;801-1000;2.55;44;7.74;;;1001 ou +;1.66;;;30.62;;;;;;;;
2023;direito;Centro Universitário para o Desenvolvimento do Alto Vale do Itajaí;SC;199;Privada;187;7.41;701-800;11.17;1001 ou +;1.83;201-250;6.58;;;801-1000;2.76;;;31.36;;;;;;;;
2023;direito;Centro Universitário Tabosa de Almeida;PE;200;Privada;187;7.41;601-700;12.64;701-800;3.67;201-250;6.75;;;801-1000;2.22;;;29.88;;;;;;;;
2023;direito;Centro Universitário Padre Albino;SP;201;Privada;;;251-300;16.71;601-700;4.12;99;7.41;;;401-500;5.18;;;32.56;;;;;;;;
2023;direito;Universidade Vale do Rio Doce;MG;201;Privada;62;14.53;801-1000;9.82;801-1000;2.1;251-300;6.48;;;1001 ou +;1.24;;;21.4;;;;;;;;
2023;direito;Centro Universitário de Excelência de Vitória da Conquista;BA;201;Privada;;;147;20.01;175;6.95;401-500;5.06;;;1;8;;;25.87;;;;;;;;
2023;direito;Centro Universitário Uninovafapi;PI;201;Privada;187;7.41;133;20.51;301-350;5.94;201-250;6.57;;;1;8;;;21.17;;;;;;;;
2023;direito;Centro Universitário Avantis;SC;201;Privada;62;14.53;601-700;12.54;501-600;4.94;501-600;4.8;;;801-1000;2.8;;;19.09;;;;;;;;
2023;direito;Centro Universitário Zarns;BA;201;Privada;62;14.53;174;18.91;351-400;5.6;401-500;5.31;;;1;8;;;15.22;;;;;;;;
2023;direito;Centro Universitário La Salle do Rio de Janeiro;RJ;201;Privada;;;401-500;14.26;130;7.22;351-400;5.74;;;1001 ou +;1.3;;;31.91;;;;;;;;
2023;direito;UGV Centro Universitário;PR;201;Privada;;;601-700;12.59;801-1000;2.07;61;7.64;;;801-1000;2.88;;;33.16;;;;;;;;
2023;direito;Universidade do Vale do Taquari;RS;201;Privada;;;251-300;16.92;301-350;6;301-350;5.92;;;401-500;5;;;30.39;;;;;;;;
2023;direito;Centro Universitário Estácio do Ceará;CE;201;Privada;62;14.53;601-700;12.59;701-800;3.21;401-500;5.43;;;601-700;3.95;;;22.27;;;;;;;;
2023;direito;Faculdade Damas da Instrução Cristã;PE;201;Privada;;;301-350;16.02;162;7.03;181;6.92;;;801-1000;2.07;;;30.9;;;;;;;;
2023;direito;Instituto Superior de Ciências Aplicadas;SP;201;Privada;62;14.53;801-1000;9.18;1001 ou +;1.19;189;6.87;;;1001 ou +;1.12;;;24.26;;;;;;;;
2023;direito;Centro Universitário da Amazônia;PA;201;Privada;62;14.53;601-700;12.9;601-700;4.35;401-500;5.14;;;701-800;3.41;;;19.92;;;;;;;;
2023;direito;Centro Universitário - Católica de Santa Catarina em Joinville;SC;201;Privada;;;501-600;13.52;501-600;4.86;96;7.43;;;1001 ou +;1.23;;;33.71;;;;;;;;
2023;direito;Centro Universitário Castelo Branco;ES;201;Privada;;;145;20.03;251-300;6.21;351-400;5.82;;;1;8;;;25.83;;;;;;;;
2023;direito;Centro Universitário de Valença;RJ;201;Privada;;;129;20.72;401-500;5.46;124;7.26;;;1;8;;;25.04;;;;;;;;
2023;direito;Fundação Universidade Federal do Pampa;RS;201;Federal;187;7.41;23;38.17;44;7.74;126;7.25;;;1;8;21;15;;;;;;;;;
2023;direito;Centro Universitário de Votuporanga;SP;201;Privada;187;7.41;801-1000;9.17;801-1000;2.55;301-350;5.94;;;1001 ou +;0.68;;;29.42;;;;;;;;
2023;direito;Centro Universitário Joaquim Nabuco de Recife;PE;201;Privada;62;14.53;701-800;11.96;501-600;4.76;601-700;4.11;;;701-800;3.09;;;21.91;;;;;;;;
2023;direito;Centro Universitário de Itajubá;MG;201;Privada;;;141;20.2;251-300;6.21;301-350;5.99;;;1;8;;;28.55;;;;;;;;
2023;direito;Centro Universitário Processus;DF;201;Privada;;;251-300;17.04;801-1000;2.6;251-300;6.44;;;1;8;;;29.52;;;;;;;;
2023;direito;Centro Universitário Facvest;SC;201;Privada;187;7.41;176;18.9;501-600;4.65;251-300;6.25;;;1;8;;;21.72;;;;;;;;
2023;direito;Faculdades de Campinas;SP;201;Privada;187;7.41;1001 ou +;7.3;351-400;5.82;1001 ou +;0.5;;;1001 ou +;0.98;;;34.17;;;;;;;;
2023;direito;Centro Universitário Governador Ozanam Coelho;MG;201;Privada;;;601-700;12.15;801-1000;2.19;201-250;6.78;;;701-800;3.18;;;34.03;;;;;;;;
2023;direito;Centro Universitário da Serra Gaúcha;RS;201;Privada;187;7.41;601-700;12.14;401-500;5.41;351-400;5.61;;;1001 ou +;1.12;;;26.93;;;;;;;;
2023;direito;Centro Universitário São Lucas;RO;201;Privada;187;7.41;351-400;15.27;801-1000;2.07;33;7.81;;;401-500;5.39;;;25.96;;;;;;;;
2023;direito;Centro Universitário Estácio de São Paulo;SP;201;Privada;62;14.53;72;27.14;501-600;4.78;501-600;4.86;;;801-1000;2.32;21;15;7.79;;;;;;;;
2023;direito;Universidade José do Rosário Velano;MG;201;Privada;;;110;21.61;177;6.94;201-250;6.67;;;1;8;;;27.9;;;;;;;;
2023;direito;Universidade do Estado de Minas Gerais;MG;201;Estadual;;;301-350;16.43;601-700;4.03;601-700;4.4;;;1;8;;;31.54;;;;;;;;
2023;direito;Centro Universitário Facisa;PB;201;Privada;187;7.41;176;18.9;501-600;4.53;251-300;6.37;;;1;8;;;23.06;;;;;;;;
2023;direito;Universidade Comunitária da Região de Chapecó;SC;201;Privada;187;7.41;251-300;17.39;601-700;4.24;401-500;5.15;;;1;8;;;21.31;;;;;;;;
2023;direito;Universidade Estadual Vale do Acaraú;CE;201;Estadual;;;701-800;11.96;1001 ou +;1.2;119;7.29;;;701-800;3.47;;;36.25;;;;;;;;
2023;direito;Faculdade Martha Falcão Wyden;AM;201;Privada;62;14.53;501-600;13.25;501-600;4.86;251-300;6.33;;;801-1000;2.06;;;22;;;;;;;;
2023;direito;Faculdade Católica de Rondônia;RO;201;Privada;;;351-400;15.26;701-800;3.47;119;7.29;;;501-600;4.5;;;31.22;;;;;;;;
2023;direito;Centro Universitário Estácio de Ribeirão Preto;SP;201;Privada;;;401-500;14.64;701-800;3.55;301-350;5.98;;;401-500;5.11;;;32.19;;;;;;;;
2023;direito;Faculdade Dom Alberto;RS;201;Privada;;;501-600;13.62;801-1000;2.3;201-250;6.51;;;501-600;4.81;;;33.48;;;;;;;;
2023;direito;Instituto Aphonsiano de Ensino Superior;GO;201;Privada;;;190;18.68;501-600;4.86;351-400;5.82;;;1;8;;;27.26;;;;;;;;
2023;direito;Universidade de Sorocaba;SP;201;Privada;62;14.53;801-1000;9.58;401-500;5;601-700;4.23;;;1001 ou +;0.35;;;23.24;;;;;;;;
2023;direito;Centro Universitário Alves Faria;GO;201;Privada;62;14.53;801-1000;10.02;801-1000;2.17;179;6.93;;;1001 ou +;0.92;;;23.34;;;;;;;;
2023;direito;Universidade Estadual de Mato Grosso do Sul;MS;201;Estadual;;;301-350;16.1;301-350;5.95;171;6.98;;;701-800;3.17;;;32.47;;;;;;;;
2023;direito;Faculdade Meridional;RS;201;Privada;;;119;21.17;39;7.77;401-500;5.4;;;1;8;;;25.13;;;;;;;;
2023;direito;Universidade do Estado de Mato Grosso;MT;201;Estadual;;;351-400;15.28;1001 ou +;1.25;301-350;6.03;;;1;8;;;31.68;;;;;;;;
2023;direito;Centro Universitário de Patos de Minas;MG;201;Privada;;;501-600;13.76;701-800;3.59;57;7.66;;;801-1000;2.51;;;34.31;;;;;;;;
2023;direito;Universidade Paulista;SP;201;Privada;4;17.83;601-700;12.64;601-700;4.14;351-400;5.9;;;801-1000;2.6;;;16.79;;;;;;;;
2023;direito;Faculdade Reges de Dracena;SP;201;Privada;187;7.41;159;19.61;401-500;5.32;251-300;6.29;;;1;8;;;19.05;;;;;;;;
2023;direito;Centro Universitário Fai;SC;201;Privada;;;801-1000;10.77;801-1000;2.04;81;7.52;;;1001 ou +;1.21;;;35.14;;;;;;;;
2023;direito;Faculdade Concórdia;SC;201;Privada;187;7.41;1001 ou +;7.91;1001 ou +;0.61;191;6.86;;;1001 ou +;0.44;;;31.87;;;;;;;;
2023;direito;Universidade Cândido Mendes;RJ;201;Privada;22;16.8;1001 ou +;7.86;801-1000;2.61;501-600;4.89;;;1001 ou +;0.36;;;23.47;;;;;;;;
2023;direito;Faculdades Integradas Machado de Assis;RS;201;Privada;187;7.41;601-700;12.34;601-700;4.33;251-300;6.21;;;801-1000;1.8;;;27.76;;;;;;;;
2023;direito;Centro Universitário Doutor Leão Sampaio;CE;201;Privada;;;351-400;15.62;401-500;5.01;89;7.47;;;701-800;3.14;;;32.14;;;;;;;;
2023;direito;Centro Universitário Luterano de Palmas;TO;251;Privada;62;14.53;501-600;13.83;601-700;4.33;601-700;4.29;;;401-500;5.21;;;14.76;;;;;;;;
2023;direito;Centro Universitário Católica de Quixadá;CE;251;Privada;;;401-500;14.67;601-700;4.08;102;7.39;;;701-800;3.2;;;29.19;;;;;;;;
2023;direito;Centro Universitário Barriga Verde;SC;251;Privada;187;7.41;1001 ou +;7.49;801-1000;2.21;701-800;3.57;;;1001 ou +;1.71;;;28.96;;;;;;;;
2023;direito;Centro Universitário Integrado de Campo Mourão;PR;251;Privada;;;301-350;16.26;251-300;6.21;401-500;5.28;;;501-600;4.77;;;27.58;;;;;;;;
2023;direito;Faculdade Dom Bosco de Porto Alegre;RS;251;Privada;;;501-600;13.96;251-300;6.21;187;6.88;;;1001 ou +;0.87;;;28.82;;;;;;;;
2023;direito;Claretiano - Centro Universitário de Rio Claro;SP;251;Privada;62;14.53;601-700;12.58;601-700;4.02;501-600;4.45;;;601-700;4.11;;;18.4;;;;;;;;
2023;direito;União das Faculdades dos Grandes Lagos;SP;251;Privada;62;14.53;401-500;14.74;1001 ou +;1.8;501-600;4.94;;;1;8;;;15.45;;;;;;;;
2023;direito;Faculdade Três Pontas;MG;251;Privada;;;701-800;11.64;1001 ou +;1.8;167;7;;;801-1000;2.84;;;33.07;;;;;;;;
2023;direito;Centro Universitário Social da Bahia;BA;251;Privada;;;401-500;14.51;251-300;6.27;251-300;6.34;;;801-1000;1.9;;;29.15;;;;;;;;
2023;direito;Faculdade Multivix Cariacica;ES;251;Privada;;;351-400;15.29;601-700;3.87;29;7.83;;;701-800;3.59;;;28.18;;;;;;;;
2023;direito;Universidade Tuiuti do Paraná;PR;251;Privada;62;14.53;601-700;12.14;601-700;3.9;501-600;4.9;;;701-800;3.34;;;18.82;;;;;;;;
2023;direito;Universidade Cruzeiro do Sul;SP;251;Privada;62;14.53;701-800;11.73;701-800;3.62;301-350;6;;;801-1000;2.11;;;18.12;;;;;;;;
2023;direito;Centro Universitário de Adamantina;SP;251;Municipal;187;7.41;801-1000;9.45;1001 ou +;1.91;201-250;6.57;;;1001 ou +;0.97;;;27.07;;;;;;;;
2023;direito;Universidade de Santa Cruz do Sul;RS;251;Privada;;;401-500;14.56;251-300;6.22;351-400;5.86;;;801-1000;2.48;;;29.01;;;;;;;;
2023;direito;Faculdade Doctum de João Monlevade;MG;251;Privada;;;201-250;17.81;601-700;3.98;351-400;5.83;;;1;8;;;26.56;;;;;;;;
2023;direito;Centro Universitário Internacional;PR;251;Privada;62;14.53;401-500;14.09;351-400;5.75;351-400;5.7;;;801-1000;2.64;;;16.74;;;;;;;;
2023;direito;Centro Universitário Mater Dei;PR;251;Privada;;;251-300;17.16;801-1000;2.04;147;7.12;;;1;8;;;26.43;;;;;;;;
2023;direito;Faculdade Presbiteriana Mackenzie Rio;RJ;251;Privada;187;7.41;501-600;13.42;501-600;4.79;139;7.17;;;1001 ou +;1.46;;;22.23;;;;;;;;
2023;direito;Centro Universitário de Barra Mansa;RJ;251;Privada;62;14.53;801-1000;9.93;701-800;3.34;801-1000;3.1;;;701-800;3.49;;;18.26;;;;;;;;
2023;direito;Centro Universitário Funorte;MG;251;Privada;;;116;21.33;32;7.81;401-500;5.52;;;1;8;;;23.38;;;;;;;;
2023;direito;Centro Universitário Nossa Senhora do Patrocínio;SP;251;Privada;187;7.41;401-500;15.03;401-500;5.55;301-350;6.01;;;701-800;3.47;;;20.38;;;;;;;;
2023;direito;Faculdade de São Lourenço;MG;251;Privada;;;251-300;16.86;701-800;3.21;351-400;5.65;;;1;8;;;27.35;;;;;;;;
2023;direito;Faculdade Anhanguera de Divinópolis;MG;251;Privada;187;7.41;201-250;17.67;201-250;6.79;157;7.06;;;601-700;3.82;;;19.14;;;;;;;;
2023;direito;Faculdade Foz do Iguaçu;PR;251;Privada;;;301-350;15.96;701-800;3.21;501-600;4.75;;;1;8;;;27.95;;;;;;;;
2023;direito;Faculdades Integradas Iesgo;GO;251;Privada;;;152;19.79;97;7.42;601-700;4.37;;;1;8;;;23.52;;;;;;;;
2023;direito;Universidade Estadual de Roraima;RR;251;Estadual;;;109;21.62;181;6.92;201-250;6.7;;;1;8;;;22.69;;;;;;;;
2023;direito;Centro Universitário Eurípedes de Marília;SP;251;Privada;;;501-600;13.54;501-600;4.88;201-250;6.67;;;801-1000;1.99;;;30.11;;;;;;;;
2023;direito;Nova Faculdade;MG;251;Privada;;;201-250;17.8;162;7.03;351-400;5.67;;;401-500;5.1;;;27.53;;;;;;;;
2023;direito;Faculdade Doctum de Juiz de Fora;MG;251;Privada;;;178;18.88;501-600;4.76;301-350;6.12;;;1;8;;;26.24;;;;;;;;
2023;direito;Centro Universitário Multivix Vitória;ES;251;Privada;187;7.41;701-800;12.09;801-1000;2.49;112;7.33;;;801-1000;2.27;;;25.41;;;;;;;;
2023;direito;Universidade Ceuma;MA;251;Privada;62;14.53;501-600;13.06;801-1000;2.64;201-250;6.76;;;601-700;3.66;;;17.66;;;;;;;;
2023;direito;Universidade da Amazônia;PA;251;Privada;22;16.8;501-600;13.99;501-600;4.79;251-300;6.39;;;801-1000;2.81;;;12.54;;;;;;;;
2023;direito;Universidade de Araraquara;SP;251;Privada;187;7.41;801-1000;10.44;701-800;3.3;601-700;4.33;;;801-1000;2.81;;;25.46;;;;;;;;
2023;direito;Universidade Estadual de Alagoas;AL;251;Estadual;;;801-1000;10.81;801-1000;2.16;201-250;6.58;;;801-1000;2.07;;;34.08;;;;;;;;
2023;direito;Faculdade Luciano Feijão;CE;251;Privada;;;251-300;17.06;501-600;4.92;601-700;4.14;;;1;8;;;28.04;;;;;;;;
2023;direito;Centro Universitário de Excelência;BA;251;Privada;187;7.41;108;22.09;110;7.34;201-250;6.75;;;1;8;;;14.11;;;;;;;;
2023;direito;Centro Universitário Católica do Leste de Minas Gerais;MG;251;Privada;;;301-350;16.11;251-300;6.21;251-300;6.31;;;701-800;3.59;;;28.36;;;;;;;;
2023;direito;Centro Universitário Facid Wyden;PI;251;Privada;;;201-250;17.73;69;7.59;201-250;6.55;;;701-800;3.59;;;25.69;;;;;;;;
2023;direito;Centro Universitário Farias Brito;CE;251;Privada;;;601-700;12.71;501-600;4.5;251-300;6.42;;;801-1000;1.79;;;30.35;;;;;;;;
2023;direito;Centro Universitário Estácio do Recife;PE;251;Privada;62;14.53;801-1000;10.94;501-600;4.56;401-500;5.16;;;1001 ou +;1.22;;;20.06;;;;;;;;
2023;direito;Faculdade Escola Paulista de Direito;SP;251;Privada;187;7.41;351-400;15.81;351-400;5.78;117;7.3;;;801-1000;2.73;;;21.26;;;;;;;;
2023;direito;Centro Universitário São Camilo - Espírito Santo;ES;251;Privada;187;7.41;1001 ou +;8.88;701-800;3.21;601-700;4.3;;;1001 ou +;1.37;;;28.73;;;;;;;;
2023;direito;Faculdade Metropolitana São Carlos BJI;RJ;251;Privada;;;58;30.55;1001 ou +;1.81;401-500;5.56;;;1;8;21;15;12.68;;;;;;;;
2023;direito;Universidade Evangélica de Goiás;GO;251;Privada;187;7.41;601-700;12.84;1001 ou +;1.77;301-350;5.92;;;401-500;5.15;;;24.95;;;;;;;;
2023;direito;Centro Universitário Ages;BA;251;Privada;;;86;22.95;54;7.68;122;7.27;;;1;8;;;21.58;;;;;;;;
2023;direito;Faculdade Cnec Joinville;SC;251;Privada;62;14.53;601-700;12.14;701-800;3.21;251-300;6.45;;;801-1000;2.48;;;18.49;;;;;;;;
2023;direito;Faculdade Dinâmica do Vale do Piranga;MG;251;Privada;;;401-500;14.63;701-800;3.76;251-300;6.38;;;501-600;4.49;;;29.61;;;;;;;;
2023;direito;Universidade de Passo Fundo;RS;251;Privada;;;501-600;13.5;401-500;5.18;401-500;5.21;;;701-800;3.11;;;30.48;;;;;;;;
2023;direito;Faculdade Ideal Wyden;PA;251;Privada;;;61;30.22;301-350;5.9;251-300;6.22;;;801-1000;2.92;21;15;14.2;;;;;;;;
2023;direito;Centro Universitário Assis Gurgacz;PR;251;Privada;;;601-700;12.12;1001 ou +;0.33;199;6.81;;;401-500;4.98;;;30.99;;;;;;;;
2023;direito;Centro Universitário dos Guararapes;PE;301;Privada;;;251-300;16.7;134;7.2;601-700;4.31;;;401-500;5.19;;;25.78;;;;;;;;
2023;direito;Faculdade de Rolim de Moura;RO;301;Privada;187;7.41;501-600;12.99;1001 ou +;0.3;501-600;4.69;;;1;8;;;21.08;;;;;;;;
2023;direito;Universidade do Contestado;SC;301;Privada;187;7.41;801-1000;11.05;1001 ou +;1.35;501-600;4.57;;;401-500;5.13;;;22.87;;;;;;;;
2023;direito;Faculdade Doctum de Vitória;ES;301;Privada;;;150;19.92;401-500;5.14;201-250;6.78;;;1;8;;;21.21;;;;;;;;
2023;direito;Universidade Regional Integrada do Alto Uruguai e das Missões;RS;301;Privada;187;7.41;801-1000;10.6;601-700;4.05;351-400;5.69;;;1001 ou +;0.86;;;23.89;;;;;;;;
2023;direito;Centro Universitário Metropolitano da Amazônia;PA;301;Privada;;;301-350;16.08;401-500;5.1;197;6.82;;;601-700;4.16;;;25.55;;;;;;;;
2023;direito;Centro Universitário Fundação de Ensino Octávio Bastos;SP;301;Privada;187;7.41;801-1000;9.18;1001 ou +;0.38;179;6.93;;;801-1000;1.87;;;23.84;;;;;;;;
2023;direito;Faculdade Politécnica de Campinas;SP;301;Privada;;;301-350;16.45;1001 ou +;1.91;201-250;6.54;;;1;8;;;25.18;;;;;;;;
2023;direito;Faculdade Estácio de Sá de Vitória;ES;301;Privada;;;501-600;12.97;701-800;3.21;162;7.03;;;801-1000;2.73;;;26.79;;;;;;;;
2023;direito;Centro Universitário São Lucas Ji-paraná;RO;301;Privada;;;301-350;16.43;801-1000;2.47;301-350;5.96;;;1;8;;;23.7;;;;;;;;
2023;direito;Faculdade de Educação São Luís;SP;301;Privada;;;701-800;12.06;701-800;3.45;142;7.15;;;1001 ou +;1.46;;;28.32;;;;;;;;
2023;direito;Faculdade Arquidiocesana de Curvelo;MG;301;Privada;;;801-1000;9.55;601-700;3.96;701-800;3.72;;;801-1000;1.87;;;31.18;;;;;;;;
2023;direito;Centro Universitário Doctum de Teófilo Otoni;MG;301;Privada;;;191;18.64;501-600;4.5;301-350;6.14;;;1;8;;;20.98;;;;;;;;
2023;direito;Centro Universitário Leonardo da Vinci;SC;301;Privada;;;187;18.72;162;7.03;701-800;3.69;;;1;8;;;22.6;;;;;;;;
2023;direito;Faculdade Nova Roma;PE;301;Privada;;;1001 ou +;8.57;801-1000;2.17;251-300;6.4;;;;;;;33.76;;;;;;;;
2023;direito;Faculdade de Colider;MT;301;Privada;;;501-600;13.55;1001 ou +;0.02;401-500;5.53;;;1;8;;;26.75;;;;;;;;
2023;direito;Centro Universitário Ceuni;AM;301;Privada;62;14.53;501-600;13.78;501-600;4.88;351-400;5.8;;;701-800;3.1;;;12.91;;;;;;;;
2023;direito;Universidade Santa Cecília;SP;301;Privada;;;501-600;13.15;401-500;5;601-700;4.32;;;601-700;3.83;;;27.72;;;;;;;;
2023;direito;Faculdade do Norte Novo de Apucarana;PR;301;Privada;187;7.41;801-1000;10.87;1001 ou +;1.43;301-350;5.97;;;701-800;3.47;;;23.75;;;;;;;;
2023;direito;Faculdades Integradas de Jahu;SP;301;Privada;;;701-800;11.98;701-800;3.26;251-300;6.24;;;801-1000;2.48;;;30.44;;;;;;;;
2023;direito;Faculdade Estácio de Sá de Ourinhos;SP;301;Privada;62;14.53;701-800;11.53;501-600;4.86;301-350;6.11;;;1001 ou +;0.56;;;16.33;;;;;;;;
2023;direito;Faculdade Esamc Santos;SP;301;Privada;;;801-1000;9.04;1001 ou +;1.26;251-300;6.45;;;1001 ou +;1.33;;;31.77;;;;;;;;
2023;direito;Centro Universitário Barão de Mauá;SP;301;Privada;;;351-400;15.8;351-400;5.81;154;7.08;;;801-1000;2.91;;;26.47;;;;;;;;
2023;direito;Faculdade Favoo Coop;RO;301;Privada;187;7.41;351-400;15.18;501-600;4.92;801-1000;2.26;;;1;8;;;19.88;;;;;;;;
2023;direito;Centro Universitário de Brusque;SC;301;Privada;;;501-600;13.66;801-1000;2.52;301-350;6.18;;;401-500;4.96;;;28.68;;;;;;;;
2023;direito;Faculdade Kennedy de Minas Gerais;MG;301;Privada;;;114;21.5;117;7.3;301-350;6.2;;;1;8;;;18.54;;;;;;;;
2023;direito;Faculdade Doutor Francisco Maeda;SP;301;Privada;187;7.41;401-500;15.06;201-250;6.59;501-600;5;;;701-800;3.47;;;19.18;;;;;;;;
2023;direito;Faculdade da Saúde e Ecologia Humana;MG;301;Privada;;;163;19.31;351-400;5.78;401-500;5.53;;;1;8;;;20.75;;;;;;;;
2023;direito;Centro Universitário da Região da Campanha;RS;301;Privada;62;14.53;1001 ou +;7.51;1001 ou +;0.58;501-600;4.77;;;801-1000;2.16;;;18.31;;;;;;;;
2023;direito;Centro Universitário de Ensino Superior do Amazonas;AM;301;Privada;62;14.53;801-1000;9.75;701-800;3.6;401-500;5.6;;;1001 ou +;0.55;;;18.08;;;;;;;;
2023;direito;Centro Universitário São Judas Tadeu;SP;301;Privada;;;146;20.01;39;7.77;177;6.94;;;401-500;5.3;;;20.66;;;;;;;;
2023;direito;Centro Universitário Cesuca;RS;301;Privada;;;181;18.77;19;7.89;177;6.94;;;601-700;3.94;;;23.2;;;;;;;;
2023;direito;Faculdades Doctum de Guarapari;ES;301;Privada;;;201-250;17.9;501-600;4.62;401-500;5.28;;;1;8;;;23.43;;;;;;;;
2023;direito;Centro Universitário Unifacig;MG;301;Privada;;;401-500;14.35;701-800;3.44;201-250;6.66;;;501-600;4.25;;;27.81;;;;;;;;
2023;direito;Libertas - Faculdades Integradas;MG;301;Privada;;;170;19.02;401-500;5.15;351-400;5.87;;;1;8;;;22.92;;;;;;;;
2023;direito;Faculdades Integradas do Vale do Ivaí;PR;301;Privada;;;301-350;15.96;501-600;4.96;251-300;6.36;;;501-600;4.64;;;26.06;;;;;;;;
2023;direito;Faculdades Integradas de Aracruz;ES;301;Privada;;;501-600;13.25;601-700;4.2;49;7.71;;;1001 ou +;1.34;;;26.1;;;;;;;;
2023;direito;Centro Universitário Paraíso;CE;301;Privada;;;251-300;17;251-300;6.21;351-400;5.73;;;401-500;5.06;;;24.58;;;;;;;;
2023;direito;Escola Superior de Criciúma;SC;301;Privada;187;7.41;1001 ou +;7.24;1001 ou +;1.96;401-500;5.04;;;1001 ou +;0.24;;;24.9;;;;;;;;
2023;direito;Centro Universitário Uninorte;AC;301;Privada;;;149;19.93;501-600;4.83;151;7.1;;;1;8;;;20.11;;;;;;;;
2023;direito;Centro Universitário da Fundação Educacional Guaxupé;MG;301;Privada;;;801-1000;10.74;701-800;3.56;301-350;5.94;;;1001 ou +;1.24;;;29.79;;;;;;;;
2023;direito;Universidade Pitágoras Unopar Anhanguera;PR;301;Privada;62;14.53;351-400;15.51;201-250;6.55;401-500;5.19;;;601-700;3.77;;;9.92;;;;;;;;
2023;direito;Faculdade Santo Antônio de Pádua;RJ;301;Privada;;;801-1000;10.72;601-700;4.02;701-800;3.47;;;701-800;3.23;;;29.38;;;;;;;;
2023;direito;Centro Universitário do Vale do Jaguaribe;CE;301;Privada;;;401-500;14.56;801-1000;2.5;601-700;4.06;;;1;8;;;24.72;;;;;;;;
2023;direito;Faculdades Integradas dos Campos Gerais;PR;301;Privada;187;7.41;1001 ou +;8.12;801-1000;2.43;401-500;5.25;;;1001 ou +;0.44;;;24.67;;;;;;;;
2023;direito;Faculdades Unificadas de Leopoldina;MG;301;Privada;;;198;18.46;501-600;4.55;301-350;5.91;;;1;8;;;22.97;;;;;;;;
2023;direito;Faculdade Eduvale de Avaré;SP;301;Privada;;;501-600;13.01;701-800;3.31;201-250;6.79;;;801-1000;2.91;;;27.16;;;;;;;;
2023;direito;Faculdade Cnec Santo Ângelo;RS;301;Privada;;;801-1000;11.02;251-300;6.42;501-600;4.6;;;;;;;28.27;;;;;;;;
2023;direito;Faculdade Multivix Nova Venécia;ES;301;Privada;;;351-400;15.59;1001 ou +;0.24;109;7.35;;;1;8;;;26.84;;;;;;;;
2023;direito;Faculdade Arnaldo Janssen;MG;301;Privada;187;7.41;801-1000;9.88;801-1000;2.57;164;7.02;;;1001 ou +;0.29;;;22.04;;;;;;;;
2023;direito;Universidade de Mogi das Cruzes;SP;351;Privada;187;7.41;501-600;13.8;601-700;3.97;351-400;5.89;;;601-700;3.94;;;17.76;;;;;;;;
2023;direito;Faculdade Verde Norte;MG;351;Privada;;;801-1000;10.3;1001 ou +;1.09;1001 ou +;1.21;;;1;8;;;27.53;;;;;;;;
2023;direito;Faculdade Estácio de Sá de Campo Grande;MS;351;Privada;62;14.53;801-1000;9.72;501-600;4.76;601-700;3.81;;;1001 ou +;1.15;;;13.01;;;;;;;;
2023;direito;Faculdade de Minas BH;MG;351;Privada;;;351-400;15.19;251-300;6.21;251-300;6.47;;;801-1000;2.51;;;22.51;;;;;;;;
2023;direito;Centro Universitário de Lavras;MG;351;Privada;;;701-800;11.96;701-800;3.77;194;6.84;;;1001 ou +;1.35;;;26.33;;;;;;;;
2023;direito;Faculdade Novo Milênio;ES;351;Privada;;;148;19.98;201-250;6.72;401-500;5.26;;;1;8;;;17.94;;;;;;;;
2023;direito;Universidade de Cuiabá;MT;351;Privada;62;14.53;401-500;14.93;401-500;5.35;401-500;5.46;;;601-700;4.12;;;7.93;;;;;;;;
2023;direito;Centro Universitário de Ciências e Tecnologia do Maranhão;MA;351;Privada;;;179;18.81;251-300;6.42;601-700;4.39;;;1;8;;;19.55;;;;;;;;
2023;direito;Faculdade de Pará de Minas;MG;351;Privada;;;801-1000;10.24;701-800;3.21;251-300;6.46;;;1001 ou +;0.57;;;27.3;;;;;;;;
2023;direito;Centro Universitário Padre Anchieta;SP;351;Privada;187;7.41;801-1000;9.79;501-600;4.64;501-600;4.65;;;1001 ou +;0.5;;;21.03;;;;;;;;
2023;direito;Instituto Luterano de Ensino Superior de Itumbiara;GO;351;Privada;;;401-500;14.54;701-800;3.21;201-250;6.69;;;501-600;4.64;;;23.15;;;;;;;;
2023;direito;Faculdade Doctum de Serra;ES;351;Privada;;;155;19.7;401-500;5.48;251-300;6.22;;;1;8;;;18.45;;;;;;;;
2023;direito;Centro Universitário Unifaat;SP;351;Privada;;;601-700;12.27;601-700;4.2;351-400;5.84;;;801-1000;2.23;;;25.09;;;;;;;;
2023;direito;Centro Universitário Sudoeste Paulista;SP;351;Privada;;;401-500;14.07;701-800;3.44;129;7.23;;;701-800;3.4;;;24.3;;;;;;;;
2023;direito;Centro Universitário Uniasselvi de Blumenau ;SC;351;Privada;;;251-300;16.93;182;6.91;501-600;4.96;;;401-500;5.06;;;21.35;;;;;;;;
2023;direito;Centro Universitário FG;BA;351;Privada;187;7.41;351-400;15.16;301-350;6.02;601-700;4.32;;;501-600;4.82;;;16.69;;;;;;;;
2023;direito;Universidade do Planalto Catarinense;SC;351;Privada;187;7.41;1001 ou +;8.26;1001 ou +;1.17;501-600;4.8;;;801-1000;2.29;;;23.01;;;;;;;;
2023;direito;Faculdade Católica Imaculada Conceição do Recife;PE;351;Privada;;;701-800;11.25;701-800;3.21;146;7.13;;;1001 ou +;0.91;;;27.39;;;;;;;;
2023;direito;Faculdade Una de Divinópolis;MG;351;Privada;;;301-350;16.42;132;7.21;1001 ou +;1.21;;;1;8;;;22.74;;;;;;;;
2023;direito;Centro Universitário Adventista de São Paulo;SP;351;Privada;;;401-500;15.02;251-300;6.21;401-500;5.55;;;701-800;3.26;;;22.83;;;;;;;;
2023;direito;Faculdade Estácio de Sá de Vila Velha;ES;351;Privada;;;701-800;11.81;701-800;3.32;186;6.89;;;1001 ou +;1.6;;;26.52;;;;;;;;
2023;direito;Faculdade da Seune;AL;351;Privada;62;14.53;1001 ou +;7.44;1001 ou +;1.74;501-600;4.98;;;1001 ou +;0.72;;;15.31;;;;;;;;
2023;direito;Faculdade de Olinda;PE;351;Privada;187;7.41;301-350;16.48;401-500;5.41;801-1000;3.07;;;1;8;;;14.62;;;;;;;;
2023;direito;Centro Universitário de Goiás;GO;351;Privada;187;7.41;701-800;11.67;601-700;3.87;401-500;5.54;;;801-1000;2.26;;;19.78;;;;;;;;
2023;direito;Faculdade de Tecnologia e Ciências de Itabuna;BA;351;Privada;187;7.41;251-300;17.22;251-300;6.36;801-1000;2.86;;;1;8;;;13.93;;;;;;;;
2023;direito;Centro Universitário Cidade Verde;PR;351;Privada;;;201-250;18.33;601-700;4.23;301-350;6.1;;;1;8;;;19.23;;;;;;;;
2023;direito;Faculdade Barretos;SP;351;Privada;;;601-700;12.26;801-1000;2.31;401-500;5.07;;;401-500;4.88;;;26.19;;;;;;;;
2023;direito;Instituto Itapetiningano de Ensino Superior;SP;351;Privada;;;501-600;12.95;1001 ou +;0.78;601-700;4.17;;;1;8;;;26.01;;;;;;;;
2023;direito;Universidade Alto Vale do Rio do Peixe;SC;351;Privada;;;501-600;13.89;351-400;5.73;401-500;5.23;;;801-1000;2.93;;;25;;;;;;;;
2023;direito;Universidade Cidade de São Paulo;SP;351;Privada;62;14.53;501-600;13.3;351-400;5.71;351-400;5.65;;;801-1000;1.94;;;10.52;;;;;;;;
2023;direito;Instituto de Ensino Superior Integrado-iesi;MG;351;Privada;;;801-1000;11.05;1001 ou +;1.34;139;7.17;;;801-1000;2.54;;;28.13;;;;;;;;
2023;direito;Faculdade da Alta Paulista;SP;351;Privada;;;601-700;12.24;601-700;3.84;301-350;6.06;;;801-1000;2.34;;;26.66;;;;;;;;
2023;direito;Centro Universitário - Católica de Santa Catarina em Jaraguá do Sul;SC;351;Privada;;;801-1000;10.14;801-1000;2.58;201-250;6.8;;;1001 ou +;0.76;;;28.5;;;;;;;;
2023;direito;Instituto Machadense de Ensino Superior;MG;351;Privada;;;801-1000;9.77;1001 ou +;1.82;201-250;6.54;;;1001 ou +;1.41;;;28.92;;;;;;;;
2023;direito;Centro Universitário Fadergs;RS;351;Privada;;;801-1000;11.11;701-800;3.7;351-400;5.81;;;1001 ou +;1.6;;;26.29;;;;;;;;
2023;direito;Centro Universitário Max Planck;SP;351;Privada;187;7.41;801-1000;9.22;1001 ou +;0.4;192;6.85;;;801-1000;1.97;;;20.43;;;;;;;;
2023;direito;Centro Universitário Planalto do Distrito Federal;DF;351;Privada;;;201-250;17.79;701-800;3.66;301-350;6.13;;;1;8;;;20.52;;;;;;;;
2023;direito;Centro Universitário Fanor Wyden;CE;351;Privada;187;7.41;601-700;12.38;351-400;5.89;501-600;4.74;;;801-1000;1.75;;;17.52;;;;;;;;
2023;direito;Escola Superior Associada de Goiânia;GO;351;Privada;;;401-500;14.52;701-800;3.27;701-800;3.25;;;1;8;;;23.1;;;;;;;;
2023;direito;Centro Universitário de Viçosa;MG;351;Privada;;;301-350;16.09;179;6.93;301-350;5.98;;;701-800;3.18;;;21.12;;;;;;;;
2023;direito;Faculdade de Direito de Cachoeiro do Itapemirim;ES;351;Privada;187;7.41;801-1000;10.33;1001 ou +;1.96;251-300;6.48;;;801-1000;1.89;;;19.6;;;;;;;;
2023;direito;Faculdade Presidente Antônio Carlos de Aimorés;MG;351;Privada;;;1001 ou +;8.69;1001 ou +;1.53;501-600;4.68;;;801-1000;2.48;;;28.22;;;;;;;;
2023;direito;Centro Universitário Presidente Tancredo de Almeida Neves;MG;351;Privada;;;701-800;11.21;801-1000;2.44;199;6.81;;;801-1000;1.96;;;26.38;;;;;;;;
2023;direito;Centro Universitário de Ciências e Empreendedorismo;BA;351;Privada;187;7.41;401-500;14;401-500;5.11;701-800;3.5;;;401-500;5.39;;;16.1;;;;;;;;
2023;direito;Centro Universitário Unisep;PR;351;Privada;;;801-1000;9.22;1001 ou +;1.11;401-500;5.02;;;701-800;3.09;;;28.59;;;;;;;;
2023;direito;Faculdade de Castelo;ES;351;Privada;;;1001 ou +;8.51;1001 ou +;0.35;47;7.72;;;1001 ou +;0.44;;;30.25;;;;;;;;
2023;direito;Universidade Luterana do Brasil;RS;351;Privada;;;351-400;15.31;501-600;4.43;401-500;5.47;;;401-500;5.41;;;22.78;;;;;;;;
2023;direito;Centro Universitário Estácio de Santa Catarina;SC;351;Privada;;;351-400;15.22;401-500;5.5;401-500;5.41;;;501-600;4.31;;;21.86;;;;;;;;
2023;direito;Centro Universitário Ruy Barbosa Wyden;BA;351;Privada;;;401-500;14.15;251-300;6.46;351-400;5.88;;;801-1000;1.81;;;24.4;;;;;;;;
2023;direito;Centro Universitário de Balsas;MA;351;Privada;;;251-300;17.39;501-600;4.92;69;7.59;;;401-500;4.88;;;20.61;;;;;;;;
2023;direito;Faculdade de Ensino Superior Santa Barbara;SP;401;Privada;;;1001 ou +;2.32;1001 ou +;0.82;1001 ou +;0.5;;;1001 ou +;1;;;27.62;;;;;;;;
2023;direito;Faculdade Evolução Alto Oeste Potiguar;RN;401;Privada;;;401-500;14.54;701-800;3.49;801-1000;3.05;;;1;8;;;19.37;;;;;;;;
2023;direito;Centro Universitário Tiradentes de Pernambuco;PE;401;Privada;;;701-800;11.9;251-300;6.25;401-500;5.07;;;1001 ou +;0.58;;;18.77;;;;;;;;
2023;direito;Universidade Santa Úrsula;RJ;401;Privada;;;67;29.46;201-250;6.59;194;6.84;;;1001 ou +;0.85;21;15;2.21;;;;;;;;
2023;direito;Centro Universitário de Rondônia;RO;401;Privada;187;7.41;601-700;12.22;801-1000;2.72;401-500;5.56;;;601-700;3.94;;;14.02;;;;;;;;
2023;direito;Instituto de Ensino Superior de Rondônia;RO;401;Privada;;;351-400;15.23;1001 ou +;1.59;351-400;5.64;;;1;8;;;19.83;;;;;;;;
2023;direito;Faculdade de Direito de Conselheiro Lafaiete;MG;401;Privada;;;801-1000;9.55;701-800;3.44;501-600;4.98;;;1001 ou +;1.13;;;26.89;;;;;;;;
2023;direito;Faculdade Iteana de Botucatu;SP;401;Privada;;;701-800;11.2;501-600;4.53;301-350;5.95;;;1001 ou +;0.72;;;24.49;;;;;;;;
2023;direito;Centro Universitário Fametro;CE;401;Privada;187;7.41;701-800;11.32;801-1000;2.57;401-500;5.4;;;701-800;3.35;;;16.93;;;;;;;;
2023;direito;Faculdade de Ciências Gerenciais de São Gotardo;MG;401;Privada;;;301-350;16.66;501-600;4.82;142;7.15;;;501-600;4.69;;;19.28;;;;;;;;
2023;direito;Faculdade Ibmec São Paulo;SP;401;Privada;;;53;31.18;35;7.8;201-250;6.6;;;1001 ou +;1.6;21;15;;;;;;;;;
2023;direito;Faculdade Santa Lúcia;SP;401;Privada;;;251-300;17.36;401-500;5.08;601-700;4.28;;;1;8;;;17.25;;;;;;;;
2023;direito;Faculdade Anhanguera de Jacareí;SP;401;Privada;187;7.41;125;20.88;152;7.09;351-400;5.79;;;1;8;;;8.35;;;;;;;;
2023;direito;Faculdade Anhanguera de Ipatinga;MG;401;Privada;;;122;20.99;251-300;6.31;201-250;6.68;;;1;8;;;8.81;;;;;;;;
2023;direito;Faculdade Pio Décimo;SE;401;Privada;;;601-700;12.71;501-600;4.59;701-800;3.32;;;501-600;4.8;;;20.25;;;;;;;;
2023;direito;Centro Universitário do Planalto Central Apparecido dos Santos;DF;401;Privada;;;201-250;18.06;351-400;5.6;501-600;4.46;;;1;8;;;15.13;;;;;;;;
2023;direito;Faculdade de Fortaleza;CE;401;Privada;;;501-600;13.85;1001 ou +;0.1;351-400;5.75;;;1;8;;;17.85;;;;;;;;
2023;direito;Faculdade Cnec Varginha;MG;401;Privada;;;801-1000;10.43;601-700;4.12;251-300;6.28;;;1001 ou +;0.03;;;20.02;;;;;;;;
2023;direito;Faculdade de Direito de Ipatinga;MG;401;Privada;;;801-1000;10.74;1001 ou +;1.51;182;6.91;;;801-1000;2.32;;;25.92;;;;;;;;
2023;direito;Centro Universitário Unifapi;PR;401;Privada;;;1001 ou +;7.98;801-1000;2.35;601-700;4.19;;;1001 ou +;1.44;;;27.21;;;;;;;;
2023;direito;Instituto de Educação Superior Raimundo Sá;PI;401;Privada;;;701-800;11.84;1001 ou +;0.88;351-400;5.62;;;401-500;5.34;;;21.44;;;;;;;;
2023;direito;Faculdade de Sabará;MG;401;Privada;;;111;21.54;1001 ou +;1.74;601-700;4.15;;;1001 ou +;0.47;21;15;8.67;;;;;;;;
2023;direito;Faculdade Promove de Belo Horizonte;MG;401;Privada;;;201-250;18.13;351-400;5.6;501-600;4.53;;;1;8;;;13.84;;;;;;;;
2023;direito;Instituto Municipal de Ensino Superior de Bebedouro Victório Cardassi;SP;401;Municipal;;;301-350;16.41;251-300;6.21;401-500;5.43;;;501-600;4.77;;;15.27;;;;;;;;
2023;direito;Icev - Instituto de Ensino Superior;PI;401;Privada;;;1001 ou +;6.07;801-1000;2.47;1001 ou +;1.49;;;801-1000;2.11;;;26.61;;;;;;;;
2023;direito;Universidade Universus Veritas Guarulhos;SP;401;Privada;62;14.53;701-800;12.07;501-600;4.5;601-700;3.83;;;601-700;3.74;;;7.47;;;;;;;;
2023;direito;Universidade do Vale do Paraíba;SP;401;Privada;;;801-1000;10.06;801-1000;2.62;169;6.99;;;1001 ou +;0.45;;;24.35;;;;;;;;
2023;direito;Centro Universitário Funcesi;MG;401;Privada;;;1001 ou +;7.41;701-800;3.66;1001 ou +;1.21;;;801-1000;2.54;;;28.09;;;;;;;;
2023;direito;Universidade Anhanguera de São Paulo;SP;401;Privada;62;14.53;351-400;15.52;135;7.19;701-800;3.67;;;501-600;4.66;;;1.34;;;;;;;;
2023;direito;Faculdade Anhanguera de Jundiaí;SP;401;Privada;187;7.41;501-600;13.9;201-250;6.74;701-800;3.38;;;601-700;3.78;;;10.84;;;;;;;;
2023;direito;Centro Universitário Católica do Tocantins;TO;401;Privada;;;701-800;11.95;601-700;4.12;501-600;4.74;;;701-800;3.09;;;21.54;;;;;;;;
2023;direito;Centro Universitário Maurício de Nassau de Barreiras;BA;401;Privada;;;401-500;14.32;401-500;5.17;401-500;5.46;;;601-700;3.69;;;16.19;;;;;;;;
2023;direito;Centro Universitário Fip-moc;MG;401;Privada;;;401-500;14.3;701-800;3.64;351-400;5.66;;;401-500;5;;;20.29;;;;;;;;
2023;direito;Centro Universitário Maurício de Nassau de Campina Grande;PB;401;Privada;;;501-600;13.41;401-500;5.43;601-700;4.39;;;701-800;3.59;;;18.63;;;;;;;;
2023;direito;Faculdade de Direito Anhanguera Unidade Guarapari;ES;401;Privada;;;351-400;15.29;251-300;6.34;401-500;5.17;;;601-700;3.78;;;16.33;;;;;;;;
2023;direito;Universidade Anhanguera;MS;401;Privada;62;14.53;401-500;14.81;501-600;4.64;401-500;5.52;;;501-600;4.65;;;6.96;;;;;;;;
2023;direito;Centro Universitário Cathedral;MT;401;Privada;;;201-250;18.41;601-700;4.34;301-350;6.07;;;1;8;;;13.19;;;;;;;;
2023;direito;Centro Universitário Unirb;BA;401;Privada;;;152;19.79;251-300;6.42;401-500;5.37;;;1;8;;;10.28;;;;;;;;
2023;direito;Universidade Salgado de Oliveira;RJ;401;Privada;22;16.8;1001 ou +;6.06;1001 ou +;1.84;701-800;3.45;;;1001 ou +;0.77;;;10.98;;;;;;;;
2023;direito;Centro Universitário Vale do Rio Verde;MG;401;Privada;;;601-700;12.16;801-1000;2.56;149;7.11;;;801-1000;2.49;;;19.51;;;;;;;;
2023;direito;Faculdade do Vale do Juruena;MT;401;Privada;;;601-700;12.51;701-800;3.38;116;7.31;;;801-1000;1.82;;;23.66;;;;;;;;
2023;direito;Faculdade de Ensino Superior de Marechal Cândido Rondon;PR;401;Privada;;;1001 ou +;8.5;801-1000;2.49;401-500;5.11;;;1001 ou +;0.9;;;25.23;;;;;;;;
2023;direito;Centro Universitário Unidom - Bosco;PR;401;Privada;;;601-700;12.18;501-600;4.42;401-500;5.17;;;801-1000;2.59;;;18.91;;;;;;;;
2023;direito;Faculdade Anhanguera de Pelotas;RS;401;Privada;;;201-250;17.76;201-250;6.56;351-400;5.85;;;401-500;5.35;;;12.64;;;;;;;;
2023;direito;Centro Universitário do Vale do Ribeira;SP;401;Privada;;;801-1000;10.41;801-1000;2.48;201-250;6.52;;;1001 ou +;1.41;;;25.36;;;;;;;;
2023;direito;Centro Universitário Luterano de Santarém;PA;401;Privada;;;401-500;14.31;601-700;3.87;401-500;5.05;;;401-500;5.39;;;16.14;;;;;;;;
2023;direito;Faculdade de Americana;SP;401;Privada;187;7.41;1001 ou +;6.38;1001 ou +;1.32;501-600;4.5;;;1001 ou +;0.56;;;22.46;;;;;;;;
2023;direito;Centro Universitário São José;RJ;401;Privada;;;301-350;15.96;401-500;5.43;401-500;5.58;;;401-500;4.95;;;20.89;;;;;;;;
2023;direito;Faculdade de Miguel Pereira;RJ;401;Privada;187;7.41;87;22.9;701-800;3.21;1001 ou +;1.78;;;801-1000;2.73;21;15;;;;;;;;;
2023;direito;Universidade Municipal de São Caetano do Sul;SP;401;Municipal;;;801-1000;10.25;301-350;6.01;701-800;3.79;;;1001 ou +;0.45;;;23.61;;;;;;;;
2023;direito;Faculdade Morgana Potrich;GO;401;Privada;62;14.53;501-600;13.43;1001 ou +;1.19;601-700;4.24;;;1;8;;;2.26;;;;;;;;
2023;direito;Instituto Universitário Una de Catalão;GO;401;Privada;;;301-350;16.31;88;7.48;1001 ou +;0.83;;;1;8;;;14.8;;;;;;;;
2023;direito;Centro Universitário de Talentos Humanos;MG;401;Privada;;;801-1000;10.39;601-700;3.82;701-800;3.48;;;701-800;3.09;;;21.63;;;;;;;;
2023;direito;Faculdade Multivix de Cachoeiro;ES;401;Privada;;;501-600;13.55;1001 ou +;0.51;4;7.98;;;401-500;5.06;;;17.8;;;;;;;;
2023;direito;Centro Universitário Favip Wyden;PE;401;Privada;;;701-800;11.95;501-600;4.59;351-400;5.71;;;1001 ou +;1.65;;;22.14;;;;;;;;
2023;direito;Faculdade Doctum de Manhuaçu;MG;401;Privada;;;201-250;17.7;501-600;4.41;401-500;5.29;;;1;8;;;16.23;;;;;;;;
2023;direito;Faculdade Educacional de Medianeira;PR;401;Privada;;;501-600;13.33;701-800;3.21;351-400;5.63;;;501-600;4.49;;;20.8;;;;;;;;
2023;direito;Universidade Metodista de São Paulo;SP;401;Privada;187;7.41;701-800;11.2;501-600;4.76;601-700;4.23;;;801-1000;2.21;;;15.36;;;;;;;;
2023;direito;Faculdade Anhanguera de Linhares;ES;401;Privada;187;7.41;251-300;17.4;201-250;6.78;351-400;5.64;;;401-500;4.98;;;7.19;;;;;;;;
2023;direito;Centro Universitário Cesmac;AL;401;Privada;22;16.8;801-1000;10.7;701-800;3.23;501-600;4.73;;;801-1000;2.74;;;8.9;;;;;;;;
2023;direito;Centro Universitário Euro-americano;DF;401;Privada;;;601-700;12.57;701-800;3.51;301-350;6.13;;;801-1000;2.93;;;24.17;;;;;;;;
2023;direito;Faculdade Cnec Rio das Ostras;RJ;401;Privada;;;501-600;13.44;1001 ou +;0.51;501-600;4.93;;;1;8;;;17.34;;;;;;;;
2023;direito;Centro Universitário Metrocamp Wyden;SP;401;Privada;;;801-1000;10.9;601-700;3.96;401-500;5.34;;;1001 ou +;1.6;;;25.32;;;;;;;;
2023;direito;Faculdade de Ciências Sociais e Agrárias de Itapeva;SP;401;Privada;;;251-300;17.11;601-700;3.82;401-500;5.29;;;1;8;;;17.71;;;;;;;;
2023;direito;Faculdade de Educação Superior do Paraná;PR;401;Privada;;;801-1000;10.99;401-500;5.46;401-500;5.38;;;1001 ou +;0.15;;;20.48;;;;;;;;
2023;direito;Instituto Salvador de Ensino e Cultura;BA;401;Privada;;;801-1000;9.24;1001 ou +;0.55;201-250;6.63;;;801-1000;2.06;;;24.86;;;;;;;;
2023;direito;Faculdade de Administração e Negócios de Sergipe;SE;401;Privada;;;1001 ou +;8.05;1001 ou +;1.45;301-350;6.1;;;1001 ou +;0.5;;;27.85;;;;;;;;
2023;direito;Faculdade Sinop;MT;401;Privada;62;14.53;401-500;14.87;801-1000;2.29;501-600;4.58;;;1;8;;;6.92;;;;;;;;
2023;direito;Faculdades Integradas do Extremo Sul da Bahia;BA;401;Privada;;;132;20.62;201-250;6.53;301-350;6.09;;;1;8;;;13.6;;;;;;;;
2023;direito;Centro Universitário do Norte;AM;401;Privada;62;14.53;501-600;13.06;401-500;5.41;701-800;3.68;;;601-700;3.97;;;6.46;;;;;;;;
2023;direito;Faculdade Anísio Teixeira de Feira de Santana;BA;401;Privada;187;7.41;201-250;18.26;801-1000;2.4;24;7.86;;;1;8;;;6.87;;;;;;;;
2023;direito;Centro Universitário de Mineiros;GO;401;Municipal;187;7.41;351-400;15.3;401-500;5.59;1001 ou +;1.71;;;1;8;;;13.1;;;;;;;;
2023;direito;Centro Universitário Luterano de Manaus;AM;401;Privada;187;7.41;401-500;14.78;801-1000;2.58;601-700;4.2;;;1;8;;;7.61;;;;;;;;
2023;direito;Centro Universitário Projeção;DF;401;Privada;;;193;18.61;162;7.03;701-800;3.58;;;1;8;;;13.14;;;;;;;;
2023;direito;Faculdade de Direito de Itu;SP;401;Privada;187;7.41;1001 ou +;8.69;701-800;3.39;401-500;5.05;;;1001 ou +;0.25;;;20.57;;;;;;;;
2023;direito;Faculdade de Ciências Humanas e Exatas do Sertão do São Francisco;PE;401;Privada;187;7.41;501-600;13.37;1001 ou +;0.8;501-600;4.57;;;1;8;;;8.95;;;;;;;;
2023;direito;Centro de Estudos Superiores Aprendiz;MG;401;Privada;;;1001 ou +;7.76;1001 ou +;1.53;401-500;5.13;;;1001 ou +;1.1;;;22.32;;;;;;;;
2023;direito;Centro Universitário Santa Cruz de Curitiba;PR;401;Privada;;;180;18.8;201-250;6.72;601-700;4.08;;;1;8;;;15.63;;;;;;;;
2023;direito;Faculdade Anhanguera de Anápolis;GO;401;Privada;62;14.53;501-600;13.33;351-400;5.74;701-800;3.46;;;601-700;4.13;;;5.26;;;;;;;;
2023;direito;Centro Universitário Anhangüera;SP;401;Privada;;;301-350;16.46;251-300;6.21;351-400;5.61;;;501-600;4.64;;;18.95;;;;;;;;
2023;direito;Centro Universitário de Goiatuba;GO;401;Municipal;;;251-300;16.9;501-600;4.56;601-700;4.34;;;1;8;;;13.97;;;;;;;;
2023;direito;Christus Faculdade do Piauí;PI;401;Privada;;;201-250;17.65;601-700;4.33;401-500;5.32;;;1;8;;;17.62;;;;;;;;
2023;direito;Faculdade Santa Terezinha;MA;401;Privada;;;151;19.85;501-600;4.88;172;6.97;;;1;8;;;14.43;;;;;;;;
2023;direito;Faculdade Doctum de Carangola;MG;401;Privada;;;401-500;14.88;801-1000;2.59;601-700;4.29;;;1;8;;;21.77;;;;;;;;
2023;direito;Faculdade de Ensino Superior e Formação Integral;SP;401;Privada;;;351-400;15.85;701-800;3.73;601-700;4.12;;;1;8;;;18.59;;;;;;;;
2023;direito;Faculdade Assis Gurgacz;PR;401;Privada;;;801-1000;8.89;1001 ou +;0.93;162;7.03;;;1001 ou +;0.93;;;25.78;;;;;;;;
2023;direito;Faculdade de Educação Ciências e Artes Dom Bosco de Monte Aprazível;SP;401;Privada;187;7.41;801-1000;9.25;1001 ou +;1.75;401-500;5.35;;;801-1000;2.15;;;15.73;;;;;;;;
2023;direito;Centro Universitário Estácio Juiz de Fora;MG;401;Privada;;;401-500;14.65;251-300;6.47;401-500;5.09;;;701-800;3.09;;;17.29;;;;;;;;
2023;direito;Centro Universitário Mário Palmério;MG;401;Privada;;;201-250;17.98;701-800;3.21;201-250;6.77;;;1;8;;;14.07;;;;;;;;
2023;direito;Centro Universitário de Sete Lagoas;MG;401;Privada;187;7.41;701-800;11.36;701-800;3.44;182;6.91;;;1001 ou +;1.01;;;15.59;;;;;;;;
2023;direito;Faculdade do Noroeste de Minas;MG;401;Privada;;;251-300;17.17;701-800;3.62;401-500;5.55;;;1;8;;;17.2;;;;;;;;
2023;direito;Faculdade dos Carajás;PA;401;Privada;;;1001 ou +;4.22;1001 ou +;1.08;801-1000;2.04;;;1001 ou +;1.1;;;27.02;;;;;;;;
2023;direito;Faculdades Integradas São Judas Tadeu;RS;401;Privada;;;77;24.98;501-600;4.4;501-600;4.77;;;1001 ou +;0.63;21;15;11.9;;;;;;;;
2023;direito;Universidade de Taubaté;SP;401;Municipal;;;801-1000;10.81;801-1000;2.51;601-700;4.12;;;601-700;4.18;;;22.64;;;;;;;;
2023;direito;Instituto Municipal de Ensino Superior de Assis;SP;401;Municipal;;;501-600;12.97;501-600;4.76;701-800;3.79;;;501-600;4.42;;;22.55;;;;;;;;
2023;direito;Centro Universitário do Triângulo;MG;401;Privada;62;14.53;1001 ou +;8.58;1001 ou +;1.73;401-500;5.14;;;1001 ou +;1.71;;;10.75;;;;;;;;
2023;direito;Centro Universitário do Norte de São Paulo;SP;401;Privada;62;14.53;801-1000;9.45;801-1000;2.72;601-700;4.25;;;801-1000;2.48;;;5.72;;;;;;;;
2023;direito;Centro Universitário de Jaguariúna;SP;401;Privada;;;1001 ou +;8.61;1001 ou +;0.63;301-350;6.16;;;801-1000;1.82;;;26.98;;;;;;;;
2023;direito;Faculdade de Ensino Superior do Centro do Paraná;PR;401;Privada;;;201-250;18.21;601-700;4.03;301-350;6.18;;;1;8;;;16.56;;;;;;;;
2023;direito;Faculdades Integradas de Três Lagoas;MS;401;Privada;;;201-250;17.64;401-500;5.2;501-600;4.44;;;1;8;;;15.4;;;;;;;;
2023;direito;Faculdade Evangélica Raízes;GO;501;Privada;;;1001 ou +;6.52;1001 ou +;1.98;601-700;4.13;;;1001 ou +;0.41;;;18.72;;;;;;;;
2023;direito;Faculdade de Suzano;SP;501;Privada;187;7.41;351-400;15.55;701-800;3.73;601-700;3.82;;;1;8;;;6.18;;;;;;;;
2023;direito;Faculdade de Ciências Sociais Aplicadas SC;SC;501;Privada;;;601-700;12.71;501-600;4.61;801-1000;3.15;;;401-500;4.95;;;14.16;;;;;;;;
2023;direito;Centro Universitário Módulo;SP;501;Privada;;;1001 ou +;7.57;801-1000;2.04;401-500;5.11;;;1001 ou +;0.42;;;16.97;;;;;;;;
2023;direito;Centro Universitário Unifacear;PR;501;Privada;;;801-1000;9.48;701-800;3.53;401-500;5.1;;;1001 ou +;0.85;;;16.05;;;;;;;;
2023;direito;Faculdade Asa de Brumadinho;MG;501;Privada;;;601-700;12.86;701-800;3.26;501-600;4.71;;;401-500;4.89;;;13.74;;;;;;;;
2023;direito;Centro Universitário Presidente Antônio Carlos;MG;501;Privada;;;1001 ou +;7.35;1001 ou +;0.87;501-600;4.86;;;1001 ou +;1.62;;;17.02;;;;;;;;
2023;direito;Centro Universitário de Paulínia;SP;501;Privada;;;1001 ou +;6.74;1001 ou +;0.6;601-700;4.35;;;801-1000;1.79;;;18.22;;;;;;;;
2023;direito;Faculdade Independente do Nordeste;BA;501;Privada;;;801-1000;9.57;701-800;3.21;701-800;3.52;;;801-1000;2.84;;;17.11;;;;;;;;
2023;direito;Faculdade Palotina;RS;501;Privada;;;801-1000;9.66;601-700;4.22;501-600;4.81;;;1001 ou +;0.63;;;18.35;;;;;;;;
2023;direito;Faculdade Anhanguera de Teixeira de Freitas;BA;501;Privada;;;201-250;17.81;201-250;6.6;201-250;6.52;;;501-600;4.69;;;6.64;;;;;;;;
2023;direito;Faculdade Mogiana do Estado de São Paulo;SP;501;Privada;;;351-400;15.79;601-700;4.21;701-800;3.58;;;1;8;;;8.85;;;;;;;;
2023;direito;Faculdade Internacional da Paraíba;PB;501;Privada;;;158;19.63;147;7.12;501-600;4.51;;;1;8;;;7.43;;;;;;;;
2023;direito;Faculdade Estácio do Pará;PA;501;Privada;62;14.53;801-1000;10.3;701-800;3.22;401-500;5.18;;;801-1000;1.9;;;4.38;;;;;;;;
2023;direito;Faculdade Anhanguera de Betim;MG;501;Privada;;;251-300;17.02;92;7.45;351-400;5.88;;;601-700;3.69;;;8.49;;;;;;;;
2023;direito;Faculdade do Sul da Bahia;BA;501;Privada;187;7.41;1001 ou +;6.39;1001 ou +;1.01;501-600;4.65;;;1001 ou +;0.73;;;10.61;;;;;;;;
2023;direito;Instituto Superior do Litoral do Paraná;PR;501;Privada;;;401-500;14.55;701-800;3.21;701-800;3.34;;;1;8;;;12.73;;;;;;;;
2023;direito;Faculdade de Direito de Santa Maria;RS;501;Privada;;;801-1000;9.17;601-700;4.33;501-600;4.56;;;1001 ou +;0.28;;;20.34;;;;;;;;
2023;direito;Centro Universitário Maurício de Nassau de Teresina;PI;501;Privada;;;501-600;13.14;601-700;4.08;401-500;5.12;;;601-700;3.94;;;12.04;;;;;;;;
2023;direito;Universidade Iguaçu;RJ;501;Privada;187;7.41;1001 ou +;8.67;1001 ou +;1.72;501-600;4.78;;;801-1000;2.17;;;11.16;;;;;;;;
2023;direito;Centro Universitário de Patos;PB;501;Privada;;;801-1000;10.66;601-700;3.82;501-600;4.63;;;801-1000;2.21;;;15.82;;;;;;;;
2023;direito;Faculdade de Ensino Superior da Amazônia Reunida;PA;501;Privada;;;1001 ou +;4.37;1001 ou +;0.27;801-1000;2.04;;;801-1000;2.06;;;23.57;;;;;;;;
2023;direito;Centro Universitário - Uniesp;PB;501;Privada;187;7.41;1001 ou +;5.61;1001 ou +;0.07;501-600;4.66;;;1001 ou +;0.88;;;11.94;;;;;;;;
2023;direito;Faculdade de Ciências Humanas e Sociais de Araripina;PE;501;Municipal;;;1001 ou +;7.25;1001 ou +;0.01;128;7.24;;;;;;;20.2;;;;;;;;
2023;direito;Faculdade Anhanguera de Ponta Grossa;PR;501;Privada;;;101;22.26;77;7.54;201-250;6.72;;;1;8;;;6.36;;;;;;;;
2023;direito;Centro Universitário Alfredo Nasser;GO;501;Privada;;;501-600;12.98;1001 ou +;1.46;701-800;3.52;;;1;8;;;12.87;;;;;;;;
2023;direito;Centro Universitário Estácio da Bahia;BA;501;Privada;187;7.41;801-1000;10.98;501-600;4.64;501-600;4.87;;;1001 ou +;1.47;;;9.64;;;;;;;;
2023;direito;Faculdade Guarapuava;PR;501;Privada;62;14.53;601-700;12.72;1001 ou +;0.52;601-700;4.2;;;1;8;;;2.44;;;;;;;;
2023;direito;Instituto Una de Itabira;MG;501;Privada;187;7.41;251-300;17.21;1;8;1001 ou +;1.21;;;1;8;;;;;;;;;;;
2023;direito;Faculdade São Francisco de Assis;RS;501;Privada;;;1001 ou +;5.85;801-1000;2.61;801-1000;2.16;;;1001 ou +;1.08;;;23.8;;;;;;;;
2023;direito;Faculdade Vale do Gorutuba;MG;501;Privada;;;401-500;14.97;401-500;5.32;301-350;6;;;601-700;3.65;;;13.37;;;;;;;;
2023;direito;Faculdade Educacional Jurídica e Gerencial de Oliveira;MG;501;Privada;;;1001 ou +;7.04;1001 ou +;1.56;401-500;5.27;;;1001 ou +;0.21;;;19.74;;;;;;;;
2023;direito;Faculdade de Direito e Ciências Sociais do Leste de Minas;MG;501;Privada;;;601-700;12.42;701-800;3.21;1001 ou +;1.21;;;1;8;;;13.33;;;;;;;;
2023;direito;Centro Universitário Geraldo Di Biase;RJ;501;Privada;;;501-600;13.37;701-800;3.73;601-700;4.27;;;401-500;5.37;;;14.9;;;;;;;;
2023;direito;Centro Universitário Facol;PE;501;Privada;;;201-250;17.59;401-500;5.32;601-700;4.27;;;1;8;;;11.39;;;;;;;;
2023;direito;Faculdade Sinergia;SC;501;Privada;;;801-1000;9.72;601-700;3.83;501-600;4.92;;;1001 ou +;0.97;;;19.97;;;;;;;;
2023;direito;Centro Universitário Metropolitano de Maringá;PR;501;Privada;;;1001 ou +;8.38;1001 ou +;1.24;301-350;5.93;;;1001 ou +;1.21;;;16.83;;;;;;;;
2023;direito;Faculdade Unime de Ciências Jurídicas;BA;501;Privada;187;7.41;301-350;16.64;201-250;6.53;401-500;5.59;;;501-600;4.52;;;5.21;;;;;;;;
2023;direito;Faculdade Evangélica de Goianésia;GO;501;Privada;;;501-600;13.52;601-700;4.12;601-700;4.22;;;401-500;5.18;;;15.96;;;;;;;;
2023;direito;Faculdades Unificadas de Foz do Iguaçu;PR;501;Privada;;;1001 ou +;5.11;1001 ou +;0.39;501-600;4.71;;;1001 ou +;0.01;;;21.49;;;;;;;;
2023;direito;Faculdade Anhanguera de Belo Horizonte;MG;501;Privada;;;201-250;18.17;201-250;6.62;187;6.88;;;501-600;4.67;;;7.7;;;;;;;;
2023;direito;Faculdade de Ciências Humanas do Estado de São Paulo;SP;501;Privada;;;162;19.39;251-300;6.31;401-500;5.08;;;1;8;;;7.98;;;;;;;;
2023;direito;Centro Universitário Imepac;MG;501;Privada;187;7.41;111;21.54;201-250;6.72;197;6.82;;;1;8;;;;;;;;;;;
2023;direito;Faculdades Londrina;PR;501;Privada;;;401-500;15.06;251-300;6.45;501-600;4.54;;;601-700;4.07;;;9.82;;;;;;;;
2023;direito;Universidade Federal do Oeste da Bahia;BA;501;Federal;187;7.41;113;21.53;301-350;5.91;64;7.62;;;1;8;;;;;;;;;;;
2023;direito;Centro Universitário Una de Uberlândia;MG;501;Privada;;;187;18.72;127;7.24;251-300;6.34;;;401-500;5.14;;;9.36;;;;;;;;
2023;direito;Instituto de Ensino Superior da Grande Florianópolis;SC;501;Privada;;;1001 ou +;6.06;1001 ou +;0.89;501-600;4.82;;;1001 ou +;0.35;;;20.71;;;;;;;;
2023;direito;Centro Universitário do Instituto de Educação Superior de Brasília;DF;501;Privada;;;801-1000;10.59;801-1000;2.46;94;7.44;;;1001 ou +;0.69;;;15.03;;;;;;;;
2023;direito;Faculdade Cathedral;RR;501;Privada;;;195;18.52;162;7.03;701-800;3.49;;;1;8;;;7.84;;;;;;;;
2023;direito;Faculdade Batista de Minas Gerais;MG;501;Privada;;;801-1000;10.8;801-1000;2.09;351-400;5.83;;;801-1000;2.88;;;15.77;;;;;;;;
2023;direito;Centro Universitário da Fundação Educacional de Barretos;SP;501;Privada;;;701-800;11.35;701-800;3.38;201-250;6.7;;;1001 ou +;1.27;;;16.88;;;;;;;;
2023;direito;Faculdade Guaraí;TO;501;Privada;;;1001 ou +;6.13;1001 ou +;0.54;701-800;3.44;;;801-1000;2.15;;;18.17;;;;;;;;
2023;direito;Faculdade Anhanguera de Ciências Jurídicas, Gerenciais e Educação de Sinop;MT;501;Privada;;;198;18.46;201-250;6.74;159;7.05;;;501-600;4.67;;;8.72;;;;;;;;
2023;direito;Faculdade Metodista Centenário;RS;501;Privada;;;1001 ou +;8.55;701-800;3.21;501-600;4.62;;;1001 ou +;0.72;;;17.57;;;;;;;;
2023;direito;Faculdade de Integração do Sertão;PE;501;Privada;;;801-1000;9.48;1001 ou +;1.76;401-500;5.23;;;801-1000;2.49;;;19.65;;;;;;;;
2023;direito;Instituto de Ensino Superior do Sul do Maranhão;MA;501;Privada;;;801-1000;9.72;701-800;3.21;601-700;4.36;;;801-1000;2.15;;;16.6;;;;;;;;
2023;direito;Faculdade Aldete Maria Alves;MG;501;Privada;;;201-250;18.08;501-600;4.86;401-500;5.22;;;1;8;;;9.32;;;;;;;;
2023;direito;Faculdades Doctum de Caratinga;MG;501;Privada;;;251-300;16.73;601-700;3.9;501-600;4.83;;;1;8;;;10.1;;;;;;;;
2023;direito;Faculdade de Administração de Santa Cruz do Rio Pardo;SP;501;Privada;;;1001 ou +;6.7;1001 ou +;1.24;401-500;5.42;;;1001 ou +;0.04;;;20.2;;;;;;;;
2023;direito;Centro de Ensino Superior do Vale do Parnaíba;PI;501;Privada;;;201-250;18.37;701-800;3.76;201-250;6.61;;;1;8;;;5.9;;;;;;;;
2023;direito;Centro Universitário Estácio de Brasília;DF;501;Privada;;;801-1000;9.97;701-800;3.23;501-600;4.99;;;801-1000;1.75;;;19.46;;;;;;;;
2023;direito;Faculdade de Direito do Vale do Rio Doce;MG;501;Privada;;;1001 ou +;7.88;801-1000;2.46;501-600;4.72;;;1001 ou +;0.7;;;19;;;;;;;;
2023;direito;Centro Universitário Metodista;RS;501;Privada;;;601-700;12.68;401-500;5.46;601-700;4.38;;;801-1000;2.84;;;14.25;;;;;;;;
2023;direito;Faculdade Curitibana;PR;501;Privada;;;401-500;14.13;1001 ou +;1.34;501-600;4.79;;;1;8;;;10.79;;;;;;;;
2023;direito;Centro Universitário Nossa Senhora Aparecida;GO;501;Privada;;;601-700;12.69;401-500;5.39;801-1000;3.13;;;601-700;4.17;;;11.85;;;;;;;;
2023;direito;Faculdade de Direito de Varginha;MG;501;Privada;;;1001 ou +;8.22;1001 ou +;0.99;301-350;6.01;;;1001 ou +;1.22;;;20.85;;;;;;;;
2023;direito;Faculdade Espírito Santense de Ciências Jurídicas;ES;501;Privada;;;1001 ou +;7.06;1001 ou +;0.87;301-350;6.19;;;;;;;21.95;;;;;;;;
2023;direito;Faculdades Integradas de Rondonópolis;MT;501;Privada;;;201-250;17.74;201-250;6.65;801-1000;3.09;;;1;8;;;8.99;;;;;;;;
2023;direito;Faculdade Anhanguera de Ciências Sociais Aplicadas de Sinop;MT;501;Privada;;;201-250;18.38;201-250;6.74;102;7.39;;;501-600;4.25;;;6.41;;;;;;;;
2023;direito;Faculdade Pedro Leopoldo;MG;501;Privada;;;801-1000;10.06;401-500;5.36;501-600;4.41;;;1001 ou +;0.29;;;17.89;;;;;;;;
2023;direito;Faculdade Anhanguera de São José-SC;SC;501;Privada;;;501-600;13.19;251-300;6.29;1001 ou +;1.8;;;401-500;5.1;;;16.37;;;;;;;;
2023;direito;Centro Universitário Uniasselvi de Guaramirim;SC;501;Privada;;;164;19.28;301-350;5.94;401-500;5.34;;;1;8;;;7.15;;;;;;;;
2023;direito;Centro Universitário Unihorizontes;MG;501;Privada;;;801-1000;10.57;601-700;4.05;351-400;5.62;;;1001 ou +;0.9;;;18.91;;;;;;;;
2023;direito;Faculdade Madre Thais;BA;501;Privada;;;701-800;11.97;1001 ou +;1.2;401-500;5.49;;;401-500;5.28;;;16;;;;;;;;
2023;direito;Universidade Nilton Lins;AM;501;Privada;187;7.41;1001 ou +;6.21;1001 ou +;1.25;601-700;4.11;;;1001 ou +;0.85;;;14.39;;;;;;;;
2023;direito;Centro Universitário do Planalto de Araxá;MG;501;Privada;;;601-700;12.37;701-800;3.7;301-350;6.19;;;801-1000;2.48;;;14.53;;;;;;;;
2023;direito;Faculdade Estácio de Natal;RN;501;Privada;;;1001 ou +;8.74;701-800;3.28;601-700;3.86;;;1001 ou +;1.6;;;17.06;;;;;;;;
2023;direito;Faculdade Autônoma de Direito;SP;501;Privada;;;401-500;14.1;80;7.52;601-700;4.07;;;801-1000;2.51;;;14.94;;;;;;;;
2023;direito;Centro Universitário Fibra;PA;501;Privada;;;251-300;16.78;401-500;5.17;152;7.09;;;501-600;4.52;;;9.41;;;;;;;;
2023;direito;Centro Universitário do Rio São Francisco;BA;501;Privada;;;351-400;15.6;801-1000;2.35;401-500;5.25;;;1;8;;;12.5;;;;;;;;
2023;direito;Centro Universitário Augusto Motta;RJ;501;Privada;;;601-700;12.37;701-800;3.66;301-350;6.04;;;801-1000;2.67;;;15.91;;;;;;;;
2023;direito;Universidade de Rio Verde;GO;501;Municipal;187;7.41;501-600;13.28;351-400;5.68;801-1000;2.28;;;401-500;5.32;;;7.29;;;;;;;;
2023;direito;Faculdade Cnec Campo Largo;PR;501;Privada;;;91;22.72;701-800;3.21;601-700;4.33;;;;;21;15;4.89;;;;;;;;
2023;direito;Faculdades Integradas Campos Salles;SP;501;Privada;;;251-300;17.08;401-500;5.32;701-800;3.76;;;1;8;;;8.53;;;;;;;;
2023;direito;Faculdade Fatifajar Jaguariaíva;PR;501;Privada;;;601-700;12.84;1001 ou +;0.32;501-600;4.52;;;1;8;;;11.67;;;;;;;;
2023;direito;Centro Universitário Cenecista de Osório;RS;501;Privada;;;1001 ou +;8.65;701-800;3.21;401-500;5.44;;;;;;;19.42;;;;;;;;
2023;direito;Faculdade São Sebastião;SP;501;Privada;187;7.41;1001 ou +;7.22;1001 ou +;1.72;501-600;4.42;;;1001 ou +;1.08;;;13.24;;;;;;;;
2023;direito;Centro Universitário de Várzea Grande;MT;501;Privada;187;7.41;351-400;15.4;501-600;4.77;401-500;5.45;;;401-500;5.18;;;6.32;;;;;;;;
2023;direito;Universidade Federal de São Paulo;SP;501;Federal;187;7.41;152;19.79;1;8;701-800;3.79;;;1;8;;;;;;;;;;;
2023;direito;Centro de Ensino Superior de Ilhéus;BA;501;Privada;;;801-1000;9.41;1001 ou +;1.08;501-600;4.93;;;701-800;3.4;;;17.43;;;;;;;;
2023;direito;Centro Universitário Aparício Carvalho;RO;501;Privada;62;14.53;701-800;11.79;1001 ou +;1.53;801-1000;2.26;;;1;8;;;;;;;;;;;
2023;direito;Centro Universitário Arnaldo Horácio Ferreira;BA;501;Privada;;;501-600;13.22;701-800;3.21;94;7.44;;;801-1000;2.57;;;14.99;;;;;;;;
2023;direito;Faculdade Almeida Rodrigues;GO;501;Privada;187;7.41;401-500;14.92;801-1000;2.44;501-600;4.48;;;1;8;;;5.53;;;;;;;;
2023;direito;Faculdade Unirb - Mossoró;RN;501;Privada;;;251-300;17.05;201-250;6.72;801-1000;2.33;;;1;8;;;8.39;;;;;;;;
2023;direito;Faculdade de Santo Antonio da Platina;PR;501;Privada;;;701-800;11.75;801-1000;2.38;501-600;4.45;;;401-500;4.92;;;15.17;;;;;;;;
2023;direito;Faculdade Anhanguera de Brasília;DF;501;Privada;;;301-350;16.38;401-500;5.46;201-250;6.79;;;601-700;4.13;;;12.45;;;;;;;;
2023;direito;Faculdade de Ibaiti;PR;501;Privada;;;1001 ou +;6.71;1001 ou +;0.6;401-500;5.26;;;1001 ou +;0.85;;;19.32;;;;;;;;
2023;direito;Faculdade de Ciências Sociais Aplicadas BA;BA;501;Privada;;;182;18.75;601-700;4.15;201-250;6.6;;;1;8;;;7.75;;;;;;;;
2023;direito;Centro Universitário Maurício de Nassau de João Pessoa;PB;501;Privada;62;14.53;601-700;12.29;501-600;4.76;601-700;3.84;;;601-700;3.69;;;1.25;;;;;;;;
2023;direito;Centro Universitário de Itapira;SP;501;Privada;;;501-600;13.29;1001 ou +;0.66;501-600;4.63;;;1;8;;;13.88;;;;;;;;
2023;direito;Faculdade de Educação Santa Terezinha;MA;601;Privada;;;351-400;15.17;801-1000;2.14;401-500;5.03;;;1;8;;;8.3;;;;;;;;
2023;direito;Faculdade Maranhense São José Dos Cocais;MA;601;Privada;;;351-400;15.38;1001 ou +;0.99;251-300;6.39;;;1;8;;;7.89;;;;;;;;
2023;direito;Centro Universitário Unicarioca;RJ;601;Privada;187;7.41;251-300;16.81;162;7.03;1001 ou +;1.78;;;1;8;;;;;;;;;;;
2023;direito;Faculdade de Santa Catarina;SC;601;Privada;;;1001 ou +;6.54;1001 ou +;1.17;501-600;4.96;;;1001 ou +;0.41;;;15.68;;;;;;;;
2023;direito;Faculdade Marechal Rondon-SP;SP;601;Privada;;;601-700;12.69;1001 ou +;0.51;601-700;4.18;;;1;8;;;9.09;;;;;;;;
2023;direito;Faculdade Lusófona de São Paulo;SP;601;Privada;;;1001 ou +;5.93;801-1000;2.38;701-800;3.55;;;;;;0;13.42;;;;;;;;
2023;direito;Faculdade de Tecnologia de Teresina;PI;601;Privada;;;1001 ou +;5.83;1001 ou +;0.41;501-600;4.49;;;1001 ou +;0.93;;;15.54;;;;;;;;
2023;direito;Instituto Matonense Municipal de Ensino Superior;SP;601;Privada;;;501-600;13.93;501-600;4.76;401-500;5.48;;;601-700;3.69;;;7.33;;;;;;;;
2023;direito;Instituto Federal de Educação, Ciência e Tecnologia do Sudeste de Minas Gerais;MG;601;Federal;;;131;20.63;501-600;4.97;57;7.66;;;1;8;;;;;;;;;;;
2023;direito;Centro Universitário Campo Limpo Paulista;SP;601;Privada;;;701-800;11.36;801-1000;2.55;351-400;5.72;;;701-800;3.09;;;10.19;;;;;;;;
2023;direito;Faculdade Praia Grande;SP;601;Privada;;;501-600;13.15;251-300;6.21;1001 ou +;1.88;;;401-500;5.06;;;8.44;;;;;;;;
2023;direito;Centro Universitário Maurício de Nassau Paulista;PE;601;Privada;;;601-700;12.6;401-500;5.08;701-800;3.7;;;601-700;3.82;;;7.56;;;;;;;;
2023;direito;Universidade Federal do Sul da Bahia;BA;601;Federal;;;79;23.62;1;8;64;7.62;;;1;8;;;;;;;;;;;
2023;direito;Faculdade Interamericana de Porto Velho;RO;601;Privada;;;501-600;13.36;1001 ou +;0.51;501-600;4.85;;;1;8;;;7.56;;;;;;;;
2023;direito;Faculdade de Anicuns;GO;601;Municipal;187;7.41;501-600;13.07;701-800;3.28;1001 ou +;1.79;;;1;8;;;2.77;;;;;;;;
2023;direito;Centro Universitário da Grande Fortaleza;CE;601;Privada;;;801-1000;9.46;801-1000;2.25;301-350;5.91;;;1001 ou +;1.3;;;13.65;;;;;;;;
2023;direito;Faculdade Guilherme Guimbala;SC;601;Privada;187;7.41;1001 ou +;2.93;1001 ou +;0.57;1001 ou +;1.68;;;1001 ou +;0.68;;;11.07;;;;;;;;
2023;direito;Centro Universitário União das Américas Descomplica;PR;601;Privada;187;7.41;601-700;12.21;501-600;4.76;801-1000;3.03;;;501-600;4.42;;;;;;;;;;;
2023;direito;Faculdade de Apucarana;PR;601;Privada;;;801-1000;9;1001 ou +;0.66;301-350;6.09;;;801-1000;2.25;;;11.67;;;;;;;;
2023;direito;Centro Universitário U:verse;AC;601;Privada;;;701-800;11.8;701-800;3.21;201-250;6.65;;;801-1000;1.94;;;9.96;;;;;;;;
2023;direito;Centro Universitário Estácio da Amazônia;RR;601;Privada;;;1001 ou +;8.38;801-1000;2.16;601-700;4.15;;;801-1000;2.07;;;11.02;;;;;;;;
2023;direito;Faculdade Anhanguera de Macapá;AP;601;Privada;;;106;22.13;140;7.16;172;6.97;;;1;8;;;1.57;;;;;;;;
2023;direito;Centro Universitário da Amazônia Belém;PA;601;Privada;;;401-500;14.19;401-500;5.43;501-600;4.69;;;601-700;4.07;;;9.68;;;;;;;;
2023;direito;Faculdade Anhanguera de Valinhos;SP;601;Privada;;;351-400;15.75;112;7.33;801-1000;3.12;;;401-500;5.3;;;3.87;;;;;;;;
2023;direito;Faculdade Católica Rainha da Paz de Araputanga;MT;601;Privada;;;301-350;16.12;501-600;4.58;701-800;3.54;;;1;8;;;8.12;;;;;;;;
2023;direito;Universidade Estadual do Paraná;PR;601;Estadual;;;136;20.43;501-600;4.92;82;7.51;;;1;8;;;;;;;;;;;
2023;direito;Centro Universitário São Roque;SP;601;Privada;;;351-400;15.16;1001 ou +;1.72;401-500;5.44;;;1;8;;;6.13;;;;;;;;
2023;direito;Instituto de Ensino Superior de Foz do Iguaçu;PR;601;Privada;;;1001 ou +;7.01;1001 ou +;1.72;501-600;4.44;;;1001 ou +;0.85;;;14.48;;;;;;;;
2023;direito;Faculdade Anhanguera de Taboão da Serra;SP;601;Privada;;;201-250;18.03;301-350;5.94;132;7.21;;;401-500;4.88;;;1.71;;;;;;;;
2023;direito;Universidade Estadual de Goiás;GO;601;Estadual;187;7.41;501-600;13.73;601-700;4.02;1001 ou +;1.71;;;1;8;;;;;;;;;;;
2023;direito;Centro Universitário Tocantinense Presidente Antônio Carlos;TO;601;Privada;;;701-800;12.11;401-500;5.03;601-700;4.35;;;801-1000;2.73;;;11.76;;;;;;;;
2023;direito;Faculdade de Ensino Superior de Floriano;PI;601;Privada;;;701-800;11.6;1001 ou +;1.57;501-600;4.97;;;401-500;5.06;;;10.65;;;;;;;;
2023;direito;Faculdade de Ensino Superior Dom Bosco;PR;601;Privada;;;1001 ou +;5.22;1001 ou +;1.49;701-800;3.49;;;1001 ou +;0.24;;;18.03;;;;;;;;
2023;direito;Faculdade Pitágoras Unopar Anhanguera de Londrina;PR;601;Privada;;;401-500;15.04;301-350;6.04;301-350;6.15;;;801-1000;2.85;;;8.07;;;;;;;;
2023;direito;Centro Universitário Anhanguera Pitágoras Ampli;SP;601;Privada;;;201-250;17.95;182;6.91;801-1000;3.04;;;1;8;;;2.72;;;;;;;;
2023;direito;Universidade de Cruz Alta;RS;601;Privada;;;801-1000;10.44;401-500;5.1;801-1000;3.13;;;801-1000;2.21;;;12.96;;;;;;;;
2023;direito;Centro Universitário Metodista Izabela Hendrix;MG;601;Privada;;;601-700;12.59;401-500;5.32;701-800;3.33;;;601-700;3.94;;;8.21;;;;;;;;
2023;direito;Faculdade Maringá;PR;601;Privada;;;801-1000;10.67;401-500;5;501-600;4.59;;;1001 ou +;1.08;;;10.47;;;;;;;;
2023;direito;Faculdade Santo Agostinho de Sete Lagoas;MG;601;Privada;;;801-1000;10.52;701-800;3.47;501-600;4.92;;;801-1000;2.13;;;12.41;;;;;;;;
2023;direito;Faculdade Casa do Estudante;ES;601;Privada;;;1001 ou +;7.28;1001 ou +;0.68;301-350;6.05;;;1001 ou +;0.55;;;16.51;;;;;;;;
2023;direito;Centro Universitário Celso Lisboa;RJ;601;Privada;187;7.41;401-500;14.54;501-600;4.76;1001 ou +;1.78;;;1;8;;;;;;;;;;;
2023;direito;Faculdade Estácio de Castanhal;PA;601;Privada;;;1001 ou +;8.88;801-1000;2.55;701-800;3.69;;;801-1000;2.64;;;12.82;;;;;;;;
2023;direito;Faculdade de Santa Luzia;MG;601;Privada;;;801-1000;9.65;601-700;3.96;1001 ou +;1.44;;;501-600;4.25;;;9.73;;;;;;;;
2023;direito;Insper Instituto de Ensino e Pesquisa;SP;601;Privada;187;7.41;701-800;12.11;28;7.84;1001 ou +;0.5;;;601-700;3.77;;;;;;;;;;;
2023;direito;Centro Universitário Maurício de Nassau de Natal;RN;601;Privada;;;601-700;12.12;401-500;5.06;701-800;3.59;;;701-800;3.47;;;11.3;;;;;;;;
2023;direito;Centro Universitário do Sudeste Mineiro;MG;601;Privada;;;1001 ou +;3.2;1001 ou +;1.91;1001 ou +;1.21;;;1001 ou +;0.08;;;17.39;;;;;;;;
2023;direito;Faculdade Anhanguera de Campinas;SP;601;Privada;;;301-350;16.22;157;7.06;601-700;4.26;;;401-500;4.9;;;4.01;;;;;;;;
2023;direito;Faculdades Integradas Hélio Alonso;RJ;601;Privada;;;1001 ou +;8.87;701-800;3.5;1001 ou +;1.78;;;701-800;3.59;;;14.67;;;;;;;;
2023;direito;Faculdade de Tecnologia Estácio de Curitiba;PR;601;Privada;;;501-600;13.81;201-250;6.53;801-1000;3.03;;;501-600;4.25;;;9.45;;;;;;;;
2023;direito;Faculdade de Imperatriz Wyden;MA;601;Privada;;;801-1000;10.28;501-600;4.98;701-800;3.66;;;1001 ou +;1.64;;;10.56;;;;;;;;
2023;direito;Centro Universitário Unic;MT;601;Privada;187;7.41;501-600;13.34;351-400;5.69;501-600;4.91;;;801-1000;2.74;;;;;;;;;;;
2023;direito;Faculdade Cnec Farroupilha;RS;601;Privada;;;601-700;12.17;92;7.45;501-600;4.72;;;;;;;11.44;;;;;;;;
2023;direito;Centro Universitário Unibras do Sudoeste Goiano;GO;601;Privada;;;401-500;14.28;701-800;3.21;801-1000;3.07;;;1;8;;;5.12;;;;;;;;
2023;direito;Centro Universitário Unifateb;PR;601;Privada;;;1001 ou +;8.12;1001 ou +;0.55;401-500;5.3;;;801-1000;2.27;;;15.08;;;;;;;;
2023;direito;Faculdade Anhanguera de Rondonópolis;MT;601;Privada;;;401-500;15;501-600;4.64;251-300;6.41;;;601-700;3.95;;;5.4;;;;;;;;
2023;direito;Centro Universitário das Américas;SP;601;Privada;;;601-700;12.24;501-600;4.89;251-300;6.33;;;1001 ou +;1.02;;;11.48;;;;;;;;
2023;direito;Faculdade Estácio do Rio Grande do Sul;RS;601;Privada;;;801-1000;9.37;701-800;3.73;701-800;3.7;;;801-1000;1.94;;;12.36;;;;;;;;
2023;direito;Centro Universitário Vale do Cricaré;ES;601;Privada;;;801-1000;10.94;701-800;3.38;501-600;4.47;;;701-800;3.09;;;11.53;;;;;;;;
2023;direito;Faculdade Católica da Paraíba;PB;601;Privada;;;1001 ou +;7.35;1001 ou +;1.5;501-600;4.75;;;1001 ou +;1.1;;;15.86;;;;;;;;
2023;direito;Centro Universitário Anhanguera Pitágoras Unopar de Campo Grande;MS;601;Privada;;;301-350;16.53;301-350;6.04;351-400;5.7;;;501-600;4.79;;;4.52;;;;;;;;
2023;direito;Faculdade Anhanguera de Sorriso;MT;601;Privada;;;401-500;15.11;401-500;5.21;401-500;5.58;;;501-600;4.32;;;6.09;;;;;;;;
2023;direito;Faculdade Anhanguera de Passo Fundo;RS;601;Privada;;;301-350;16.12;201-250;6.61;301-350;6.03;;;701-800;3.48;;;3.92;;;;;;;;
2023;direito;Universidade Federal de Jataí;GO;601;Federal;;;99;22.32;201-250;6.63;52;7.69;;;1;8;;;;;;;;;;;
2023;direito;Faculdade Paranaense-Curitiba;PR;601;Privada;;;401-500;14.78;1001 ou +;1.43;401-500;5.35;;;1;8;;;5.86;;;;;;;;
2023;direito;Faculdade Unirb - Arapiraca;AL;601;Privada;;;201-250;18.1;351-400;5.86;601-700;4.24;;;1;8;;;3.46;;;;;;;;
2023;direito;Faculdade do Instituto Brasil;GO;601;Privada;187;7.41;801-1000;9.02;701-800;3.21;701-800;3.26;;;801-1000;2.55;;;3.27;;;;;;;;
2023;direito;Centro Universitário Fundação Santo André;SP;601;Privada;;;801-1000;8.94;501-600;4.4;801-1000;3.17;;;1001 ou +;1.37;;;12.22;;;;;;;;
2023;direito;Centro Universitário Mais;GO;601;Privada;;;801-1000;10.55;1001 ou +;0.81;501-600;4.48;;;401-500;5.26;;;11.25;;;;;;;;
2023;direito;Universidade Metropolitana de Santos;SP;601;Privada;187;7.41;601-700;12.67;601-700;4.2;601-700;4.21;;;501-600;4.26;;;1.15;;;;;;;;
2023;direito;Centro Universitário Braz Cubas;SP;601;Privada;187;7.41;1001 ou +;7.49;801-1000;2.14;701-800;3.75;;;1001 ou +;1.6;;;5.63;;;;;;;;
2023;direito;Universidade Federal do Sul e Sudeste do Pará;PA;601;Federal;;;84;23.16;64;7.62;77;7.54;;;1;8;;;;;;;;;;;
2023;direito;Centro Universitário Estácio de Belo Horizonte;MG;601;Privada;;;801-1000;11.12;701-800;3.56;401-500;5.22;;;801-1000;2.34;;;11.99;;;;;;;;
2023;direito;Centro Universitário Anhanguera Pitágoras Unopar de Niterói;RJ;601;Privada;;;501-600;13.91;301-350;5.99;701-800;3.43;;;501-600;4.49;;;8.16;;;;;;;;
2023;direito;Centro Universitário de Santa Fé do Sul;SP;601;Municipal;;;1001 ou +;8.82;801-1000;2.06;401-500;5.02;;;801-1000;1.74;;;13.47;;;;;;;;
2023;direito;Faculdade do Recife;PE;601;Privada;187;7.41;801-1000;10.16;801-1000;2.5;501-600;4.89;;;801-1000;2.77;;;5.67;;;;;;;;
2023;direito;Faculdade Anhanguera do Rio Grande;RS;601;Privada;;;115;21.42;100;7.4;301-350;6.02;;;1;8;;;2.17;;;;;;;;
2023;direito;Centro Universitário Espírito-Santense;ES;601;Privada;187;7.41;301-350;15.99;701-800;3.29;17;7.9;;;501-600;4.8;;;;;;;;;;;
2023;direito;Faculdade de Teologia, Filosofia e Ciências Humanas Gamaliel;PA;601;Privada;;;701-800;11.72;1001 ou +;0.08;701-800;3.64;;;1;8;;;8.62;;;;;;;;
2023;direito;Faculdades Integradas de Itapetininga;SP;601;Privada;;;801-1000;10.97;1001 ou +;0.19;351-400;5.68;;;401-500;5.1;;;12.59;;;;;;;;
2023;direito;Faculdade Estácio de Alagoas;AL;601;Privada;;;1001 ou +;8.11;1001 ou +;1.86;501-600;4.95;;;1001 ou +;1.3;;;12.31;;;;;;;;
2023;direito;Faculdade Anhanguera de Itabuna;BA;601;Privada;;;601-700;12.88;401-500;5.35;701-800;3.46;;;601-700;4.07;;;10.24;;;;;;;;
2023;direito;Faculdade de Educação de Porto Velho;RO;601;Privada;187;7.41;351-400;15.58;401-500;5.32;801-1000;2.26;;;1;8;;;;;;;;;;;
2023;direito;Faculdade de Ciências Sociais Aplicadas de Extrema;MG;601;Privada;;;1001 ou +;7.29;801-1000;2.09;401-500;5.2;;;;;;;16.42;;;;;;;;
2023;direito;Centro de Ensino Superior do Amapá;AP;601;Privada;;;801-1000;9.37;801-1000;2.06;401-500;5.33;;;801-1000;1.98;;;13.7;;;;;;;;
2023;direito;Centro Universitário Opet;PR;601;Privada;;;1001 ou +;8.19;501-600;4.5;801-1000;3.03;;;1001 ou +;0.66;;;11.71;;;;;;;;
2023;direito;Faculdades Integradas de Itararé;SP;601;Privada;;;1001 ou +;5.06;1001 ou +;0.51;501-600;4.55;;;;;;;14.57;;;;;;;;
2023;direito;Abeu - Centro Universitário;RJ;601;Privada;;;501-600;13.44;601-700;3.82;401-500;5.2;;;501-600;4.42;;;5.95;;;;;;;;
2023;direito;Faculdade do Sudeste Goiano;GO;601;Privada;;;401-500;14.81;801-1000;2.38;501-600;4.43;;;1;8;;;8.02;;;;;;;;
2023;direito;Faculdades Integradas de Ponta Porã;MS;601;Privada;;;801-1000;10.76;701-800;3.21;251-300;6.28;;;1001 ou +;1.27;;;12.13;;;;;;;;
2023;direito;Faculdade Catuaí;PR;601;Privada;;;801-1000;9.93;701-800;3.31;501-600;4.95;;;1001 ou +;1.67;;;10.01;;;;;;;;
2023;direito;Faculdade Mato Grosso do Sul;MS;601;Privada;;;601-700;12.31;1001 ou +;0.67;701-800;3.64;;;1;8;;;9.27;;;;;;;;
2023;direito;Centro Universitário de Goiânia;GO;601;Privada;;;1001 ou +;5.29;1001 ou +;1.49;701-800;3.74;;;1001 ou +;0.06;;;16.65;;;;;;;;
2023;direito;Faculdade Católica Dom Orione;TO;601;Privada;;;801-1000;9.28;801-1000;2.26;351-400;5.89;;;1001 ou +;1.13;;;14.34;;;;;;;;
2023;direito;Centro Universitário Unirb - Alagoinhas;BA;601;Privada;;;251-300;16.97;251-300;6.21;801-1000;2.76;;;1;8;;;5.77;;;;;;;;
2023;direito;Centro Universitário Icesp;DF;601;Privada;;;801-1000;9.24;1001 ou +;0.42;501-600;4.99;;;601-700;3.83;;;10.15;;;;;;;;
2023;direito;Centro Universitário de Salvador;BA;601;Privada;;;801-1000;9.36;1001 ou +;0.4;184;6.9;;;801-1000;2.06;;;11.21;;;;;;;;
2023;direito;Centro Universitário La Salle;MT;601;Privada;;;501-600;13.14;701-800;3.7;601-700;4.26;;;401-500;5.18;;;11.11;;;;;;;;
2023;direito;Faculdade Lions;GO;601;Privada;;;801-1000;10.62;801-1000;2.43;701-800;3.55;;;501-600;4.64;;;12.18;;;;;;;;
2023;direito;Faculdade Sudamérica;MG;601;Privada;;;1001 ou +;6.53;1001 ou +;1.43;801-1000;3.16;;;801-1000;1.94;;;17.2;;;;;;;;
2023;direito;Universidade Santo Amaro;SP;701;Privada;;;401-500;15.06;351-400;5.83;501-600;4.59;;;501-600;4.64;;;3.51;;;;;;;;
2023;direito;Faculdade Unirb - Cidade de Fortaleza;CE;701;Privada;;;201-250;18.27;251-300;6.21;601-700;4.06;;;1;8;;;;;;;;;;;
2023;direito;Faculdade Santa Rita de Cássia;GO;701;Privada;;;1001 ou +;6.1;801-1000;2.43;701-800;3.45;;;1001 ou +;0.22;;;12.08;;;;;;;;
2023;direito;Centro Universitário Carlos Drummond de Andrade;SP;701;Privada;;;301-350;15.9;251-300;6.21;1001 ou +;1.69;;;1;8;;;2.08;;;;;;;;
2023;direito;Faculdade Cristo Rei;PR;701;Privada;;;801-1000;9.62;1001 ou +;1.43;701-800;3.77;;;501-600;4.42;;;7.24;;;;;;;;
2023;direito;Centro Universitário do Norte de Minas;MG;701;Privada;;;301-350;16.58;105;7.37;1001 ou +;1.21;;;1;8;;;;;;;;;;;
2023;direito;Instituto Municipal de Ensino Superior de Catanduva;SP;701;Municipal;;;701-800;11.35;701-800;3.21;401-500;5.41;;;801-1000;2.73;;;7.1;;;;;;;;
2023;direito;Faculdade Metropolitana de Itajaí;SC;701;Privada;;;251-300;16.71;162;7.03;1001 ou +;1.68;;;1;8;;;;;;;;;;;
2023;direito;Centro Universitário Cambury;GO;701;Privada;;;1001 ou +;4.49;1001 ou +;1.01;701-800;3.48;;;;;;;14.71;;;;;;;;
2023;direito;Faculdade Projeção de Ceilândia;DF;701;Privada;;;201-250;18.37;82;7.51;801-1000;2.86;;;1;8;;;;;;;;;;;
2023;direito;Faculdade Uninta Itapipoca;CE;701;Privada;;;201-250;17.72;351-400;5.66;601-700;4.06;;;1;8;;;;;;;;;;;
2023;direito;Faculdade Ages de Tucano;BA;701;Privada;;;184;18.73;1;8;801-1000;2.73;;;1;8;;;;;;;;;;;
2023;direito;Centro Universitário Unicuritiba;PR;701;Privada;;;169;19.03;1;8;801-1000;3.03;;;1;8;;;;;;;;;;;
2023;direito;Faculdade do Litoral Paranaense;PR;701;Privada;;;401-500;14.38;801-1000;2.72;701-800;3.66;;;1;8;;;4.7;;;;;;;;
2023;direito;Faculdade de Ensino de Minas Gerais;MG;701;Privada;;;1001 ou +;6.61;1001 ou +;0.51;601-700;4.16;;;801-1000;1.94;;;10.33;;;;;;;;
2023;direito;Faculdades Integradas da Upis;DF;701;Privada;;;1001 ou +;5.23;1001 ou +;0.94;601-700;3.82;;;1001 ou +;0.47;;;13.05;;;;;;;;
2023;direito;Faculdade de Ciências Contábeis de Nova Andradina;MS;701;Privada;;;701-800;11.87;1001 ou +;0.23;701-800;3.64;;;1;8;;;4.98;;;;;;;;
2023;direito;Faculdade Unisul de Florianópolis;SC;701;Privada;;;251-300;17.49;32;7.81;1001 ou +;1.68;;;1;8;;;;;;;;;;;
2023;direito;Centro Universitário Uniftc;BA;701;Privada;;;251-300;17.29;301-350;5.9;701-800;3.39;;;1;8;;;1.38;;;;;;;;
2023;direito;Faculdade do Bico;TO;701;Privada;;;1001 ou +;4.23;1001 ou +;1.14;801-1000;3.03;;;1001 ou +;0.06;;;14.3;;;;;;;;
2023;direito;Faculdade Anhanguera de Santo Antônio de Jesus;BA;701;Privada;187;7.41;701-800;11.61;351-400;5.79;801-1000;2.73;;;701-800;3.09;;;;;;;;;;;
2023;direito;Faculdade Ages de Jacobina;BA;701;Privada;;;196;18.47;44;7.74;801-1000;2.73;;;1;8;;;;;;;;;;;
2023;direito;Faculdade Evangélica de Rubiataba;GO;701;Privada;;;1001 ou +;7.92;1001 ou +;0.69;701-800;3.41;;;601-700;3.82;;;9.55;;;;;;;;
2023;direito;Escola Superior da Amazônia de Abaetetuba;PA;701;Privada;;;301-350;16.36;251-300;6.32;801-1000;2.04;;;1;8;;;;;;;;;;;
2023;direito;Faculdade Projeção do Guará;DF;701;Privada;;;187;18.72;24;7.86;801-1000;2.86;;;1;8;;;;;;;;;;;
2023;direito;FAL ESTÁCIO - Faculdade Estácio de Natal;RN;701;Privada;;;701-800;11.15;191;6.86;701-800;3.36;;;1001 ou +;0.93;;;7.01;;;;;;;;
2023;direito;Faculdade Unirb - Feira de Santana;BA;701;Privada;;;251-300;17.45;201-250;6.72;801-1000;2.73;;;1;8;;;;;;;;;;;
2023;direito;Centro Universitário da Amazônia - UNIESAMAZ;PA;701;Privada;;;301-350;16.41;251-300;6.37;801-1000;2.04;;;1;8;;;;;;;;;;;
2023;direito;Faculdade Santos Dumont;MG;701;Privada;;;1001 ou +;8.09;1001 ou +;1.32;401-500;5.39;;;1001 ou +;1.38;;;9.04;;;;;;;;
2023;direito;Centro Universitário Sul-americana;GO;701;Privada;;;1001 ou +;7.19;1001 ou +;1.72;701-800;3.56;;;801-1000;1.91;;;11.58;;;;;;;;
2023;direito;Faculdade Unisul de Balneário Camboriú;SC;701;Privada;;;251-300;17.49;32;7.81;1001 ou +;1.68;;;1;8;;;;;;;;;;;
2023;direito;Faculdade de Ensino e Cultura do Ceará;CE;701;Privada;;;401-500;14.12;1001 ou +;0.96;401-500;5.16;;;1;8;;;3.97;;;;;;;;
2023;direito;Faculdade de Ensino Superior da Cidade de Feira de Santana;BA;701;Privada;;;251-300;16.94;251-300;6.21;801-1000;2.73;;;1;8;;;;;;;;;;;
2023;direito;Centro de Ensino Superior Sociesc de Jaraguá do Sul;SC;701;Privada;;;201-250;17.68;1;8;1001 ou +;1.68;;;1;8;;;;;;;;;;;
2023;direito;Faculdade Uninassau Feira de Santana;BA;701;Privada;;;184;18.73;1;8;801-1000;2.73;;;1;8;;;;;;;;;;;
2023;direito;Faculdade 05 de Julho;CE;701;Privada;;;251-300;17.09;401-500;5.03;601-700;4.06;;;1;8;;;;;;;;;;;
2023;direito;Faculdade Metropolitana de Palhoça;SC;701;Privada;;;251-300;16.71;162;7.03;1001 ou +;1.68;;;1;8;;;;;;;;;;;
2023;direito;Faculdade Anhanguera de Guarulhos;SP;701;Privada;;;351-400;15.48;197;6.82;701-800;3.34;;;401-500;5.32;;;2.86;;;;;;;;
2023;direito;Faculdade Anhanguera de Bauru;SP;701;Privada;;;301-350;15.98;107;7.36;401-500;5.5;;;701-800;3.12;;;2.58;;;;;;;;
2023;direito;Faculdade Unisul de Itajaí;SC;701;Privada;;;201-250;17.68;1;8;1001 ou +;1.68;;;1;8;;;;;;;;;;;
2023;direito;Faculdade Brasileira de Tecnologia-BA;BA;701;Privada;;;251-300;16.94;251-300;6.21;801-1000;2.73;;;1;8;;;;;;;;;;;
2023;direito;Faculdade Cidade Luz;SP;701;Privada;;;1001 ou +;7.82;801-1000;2.25;801-1000;3.09;;;801-1000;2.48;;;9.18;;;;;;;;
2023;direito;Centro Universitário da Indústria;PR;701;Privada;;;601-700;12.2;701-800;3.35;601-700;4.36;;;501-600;4.49;;;4.24;;;;;;;;
2023;direito;Centro Universitário Una de Bom Despacho;MG;701;Privada;;;171;18.99;57;7.66;201-250;6.69;;;501-600;4.64;;;;;;;;;;;
2023;direito;Centro Universitário Una de Betim;MG;701;Privada;;;194;18.56;59;7.65;401-500;5.5;;;401-500;5.41;;;;;;;;;;;
2023;direito;Faculdade Apogeu;DF;701;Privada;;;301-350;16.18;401-500;5.32;801-1000;2.86;;;1;8;;;;;;;;;;;
2023;direito;Faculdade Unirb - Camaçari;BA;701;Privada;;;251-300;17.26;201-250;6.53;801-1000;2.73;;;1;8;;;;;;;;;;;
2023;direito;Faculdade Quirinópolis;GO;701;Privada;;;701-800;11.28;1001 ou +;0.18;801-1000;3.1;;;1;8;;;6.55;;;;;;;;
2023;direito;Centro Universitário Natalense;RN;701;Privada;;;501-600;13.52;1001 ou +;1.14;601-700;4.38;;;1;8;;;4.8;;;;;;;;
2023;direito;Faculdade Anhanguera de Imperatriz;MA;701;Privada;;;251-300;16.91;251-300;6.45;801-1000;2.46;;;1;8;;;;;;;;;;;
2023;direito;Centro Universitário Unisan;SP;701;Privada;;;301-350;15.9;501-600;4.5;701-800;3.4;;;1;8;;;0.65;;;;;;;;
2023;direito;Faculdade de Ciências Humanas do Sertão Central;PE;701;Municipal;;;1001 ou +;5.76;1001 ou +;0.57;401-500;5.19;;;;;;;12.27;;;;;;;;
2023;direito;Faculdade Ages de Lagarto;SE;701;Privada;;;201-250;18.16;193;6.84;701-800;3.32;;;1;8;;;;;;;;;;;
2023;direito;Faculdade Anhanguera de São Bernardo;SP;701;Privada;;;401-500;15.09;201-250;6.56;701-800;3.42;;;401-500;5.11;;;2.12;;;;;;;;
2023;direito;Centro Universitário LS;DF;701;Privada;;;301-350;16.18;401-500;5.32;801-1000;2.86;;;1;8;;;;;;;;;;;
2023;direito;Centro Universitário Brasileiro;PE;701;Privada;;;251-300;17.39;1;8;1001 ou +;1.39;;;1;8;;;;;;;;;;;
2023;direito;Centro Regional Universitário de Espírito Santo do Pinhal;SP;701;Privada;;;1001 ou +;8.4;1001 ou +;1.81;251-300;6.24;;;1001 ou +;0.35;;;9.13;;;;;;;;
2023;direito;Faculdade de Boituva;SP;701;Privada;;;401-500;14.09;701-800;3.21;801-1000;2.88;;;1;8;;;3.09;;;;;;;;
2023;direito;Faculdade Castro Alves;BA;701;Privada;;;251-300;17.45;201-250;6.72;801-1000;2.73;;;1;8;;;;;;;;;;;
2023;direito;Universidade Brasil;SP;701;Privada;;;1001 ou +;6.82;1001 ou +;1.94;801-1000;3.19;;;1001 ou +;1.69;;;9.87;;;;;;;;
2023;direito;Faculdade Anhanguera de Tangará da Serra;MT;701;Privada;;;351-400;15.8;142;7.15;1001 ou +;0.65;;;1;8;;;2.49;;;;;;;;
2023;direito;Faculdade Metropolitana de Lages;SC;701;Privada;;;251-300;16.71;162;7.03;1001 ou +;1.68;;;1;8;;;;;;;;;;;
2023;direito;Faculdade Metropolitana de Florianópolis;SC;701;Privada;;;251-300;16.71;162;7.03;1001 ou +;1.68;;;1;8;;;;;;;;;;;
2023;direito;Faculdade Funorte de Janaúba;MG;701;Privada;;;251-300;17.21;1;8;1001 ou +;1.21;;;1;8;;;;;;;;;;;
2023;direito;Faculdade Lusófona do Rio de Janeiro;RJ;701;Privada;;;601-700;12.52;501-600;4.42;801-1000;2.74;;;401-500;5.36;;;4.43;;;;;;;;
2023;direito;Faculdade Ages de Senhor do Bonfim;BA;701;Privada;;;196;18.47;44;7.74;801-1000;2.73;;;1;8;;;;;;;;;;;
2023;direito;Faculdade Unirb - Aracaju;SE;701;Privada;;;201-250;18.35;162;7.03;701-800;3.32;;;1;8;;;;;;;;;;;
2023;direito;Faculdade de Saúde e Humanidades Ibituruna;MG;701;Privada;;;251-300;17.07;24;7.86;1001 ou +;1.21;;;1;8;;;;;;;;;;;
2023;direito;Faculdade Anhanguera de Indaiatuba;SP;701;Privada;187;7.41;801-1000;10.88;201-250;6.64;1001 ou +;0.5;;;601-700;3.74;;;;;;;;;;;
2023;direito;Escola Superior Una de Itumbiara;GO;701;Privada;;;251-300;16.83;1;8;1001 ou +;0.83;;;1;8;;;;;;;;;;;
2023;direito;Faculdade Anhanguera de Sorocaba;SP;701;Privada;;;301-350;16.27;39;7.77;1001 ou +;0.5;;;1;8;;;;;;;;;;;
2023;direito;Faculdade Anhanguera de Primavera do Leste;MT;701;Privada;;;801-1000;11.04;351-400;5.62;1001 ou +;0.65;;;501-600;4.77;;;6.78;;;;;;;;
2023;direito;Faculdade de Rondônia;RO;701;Privada;;;501-600;13.36;701-800;3.36;501-600;4.87;;;401-500;5.13;;;4.34;;;;;;;;
2023;direito;Centro Universitário Uniasselvi de Brusque;SC;701;Privada;;;251-300;16.98;117;7.3;1001 ou +;1.68;;;1;8;;;;;;;;;;;
2023;direito;Faculdade Salesiana do Nordeste;PE;701;Privada;;;1001 ou +;6.8;801-1000;2.72;601-700;4.08;;;;;;;10.88;;;;;;;;
2023;direito;Centro Universitário Ateneu;CE;701;Privada;;;251-300;17.4;401-500;5.34;601-700;4.06;;;1;8;;;;;;;;;;;
2023;direito;Centro de Ensino Superior de Vitória;ES;701;Privada;;;1001 ou +;7.11;1001 ou +;0.52;401-500;5.51;;;1001 ou +;1.08;;;9.78;;;;;;;;
2023;direito;Centro Universitário Maurício de Nassau de Maceió;AL;701;Privada;;;601-700;12.91;401-500;5.05;601-700;3.89;;;601-700;3.97;;;4.47;;;;;;;;
2023;direito;Centro Universitário Santa Maria da Glória;PR;701;Privada;;;801-1000;10.09;701-800;3.33;701-800;3.42;;;701-800;3.34;;;8.26;;;;;;;;
2023;direito;Faculdade Uninta;CE;701;Privada;;;201-250;18.03;301-350;5.97;601-700;4.06;;;1;8;;;;;;;;;;;
2023;direito;Centro Universitário Gama e Souza;RJ;701;Privada;;;201-250;17.51;251-300;6.36;801-1000;3.15;;;1;8;;;0.14;;;;;;;;
2023;direito;Centro Universitário Anhanguera de Fortaleza;CE;701;Privada;;;251-300;16.76;31;7.82;601-700;4.06;;;401-500;4.88;;;;;;;;;;;
2023;direito;Centro Universitário Metropolitano de São Paulo;SP;701;Privada;;;1001 ou +;7.52;1001 ou +;0.6;801-1000;2.28;;;501-600;4.64;;;11.81;;;;;;;;
2023;direito;Faculdade Cnec Gravataí;RS;701;Privada;;;1001 ou +;7.1;801-1000;2.32;501-600;4.67;;;1001 ou +;0.11;;;10.7;;;;;;;;
2023;direito;Centro Universitário de Araras;SP;701;Privada;;;1001 ou +;5.21;1001 ou +;1.98;1001 ou +;1.9;;;1001 ou +;1.33;;;13.28;;;;;;;;
2023;direito;Faculdade de Tecnologia Alto Médio São Francisco;MG;701;Privada;;;301-350;16.64;95;7.43;1001 ou +;1.21;;;1;8;;;;;;;;;;;
2023;direito;Faculdade Paraíso Fortaleza;CE;701;Privada;;;301-350;16.39;601-700;4.33;601-700;4.06;;;1;8;;;;;;;;;;;
2023;direito;Centro Universitário Brasília do Estado de Goiás;GO;701;Privada;;;601-700;12.21;701-800;3.38;1001 ou +;0.83;;;1;8;;;4.89;;;;;;;;
2023;direito;Faculdades Integradas de Garanhuns;PE;701;Municipal;;;1001 ou +;3.8;1001 ou +;1.6;1001 ou +;0.04;;;801-1000;2.16;;;15.5;;;;;;;;
2023;direito;Faculdade Peruíbe;SP;701;Privada;;;801-1000;10.04;601-700;3.82;351-400;5.67;;;1001 ou +;0.55;;;9.22;;;;;;;;
2023;direito;Faculdade de Gestão e Negócios de Salvador;BA;701;Privada;;;251-300;17.15;251-300;6.42;801-1000;2.73;;;1;8;;;;;;;;;;;
2023;direito;Faculdade Cnec Unaí;MG;701;Privada;;;1001 ou +;4.68;1001 ou +;1.08;701-800;3.6;;;;;;;13.51;;;;;;;;
2023;direito;Faculdade de Ciências da Bahia;BA;701;Privada;;;184;18.73;1;8;801-1000;2.73;;;1;8;;;;;;;;;;;
2023;direito;Faculdade Cesmac do Agreste;AL;701;Privada;187;7.41;801-1000;10.26;1001 ou +;1.43;501-600;4.56;;;501-600;4.27;;;;;;;;;;;
2023;direito;Instituto de Ensino Superior e Formação Avançada de Vitória;ES;701;Privada;;;801-1000;8.98;1001 ou +;0.78;701-800;3.43;;;501-600;4.77;;;10.05;;;;;;;;
2023;direito;Centro Universitário Maurício de Nassau de Salvador;BA;701;Privada;;;701-800;11.62;401-500;5.1;801-1000;3.18;;;701-800;3.34;;;4.93;;;;;;;;
2023;direito;Faculdade de Ciências Humanas Esuda;PE;701;Privada;;;301-350;16.69;117;7.3;1001 ou +;1.39;;;1;8;;;;;;;;;;;
2023;direito;Faculdade Projeção de Sobradinho;DF;701;Privada;;;201-250;18.4;77;7.54;801-1000;2.86;;;1;8;;;;;;;;;;;
2023;direito;Faculdade de Aracaju;SE;701;Privada;;;1001 ou +;5.51;1001 ou +;0.32;701-800;3.32;;;801-1000;1.87;;;13.56;;;;;;;;
2023;direito;Centro Universitário Cearense;CE;701;Privada;;;1001 ou +;5.54;1001 ou +;0.36;501-600;4.7;;;1001 ou +;0.48;;;11.35;;;;;;;;
2023;direito;Faculdade de Tecnologia e Ciências de Jequié;BA;701;Privada;;;201-250;17.68;175;6.95;801-1000;2.73;;;1;8;;;;;;;;;;;
2023;direito;Faculdade Via Sapiens;CE;801;Privada;;;601-700;12.31;1001 ou +;0.25;601-700;4.06;;;1;8;;;;;;;;;;;
2023;direito;Faculdade Anhanguera de Matão;SP;801;Privada;;;701-800;12.05;150;7.1;1001 ou +;0.5;;;501-600;4.45;;;;;;;;;;;
2023;direito;Faculdade Anhanguera de Dourados;MS;801;Privada;;;351-400;15.8;44;7.74;701-800;3.64;;;501-600;4.42;;;;;;;;;;;
2023;direito;Centro Universitário Ibmr;RJ;801;Privada;;;401-500;14.15;107;7.36;1001 ou +;1.72;;;401-500;5.07;;;;;;;;;;;
2023;direito;Faculdade Mega;MG;801;Privada;;;601-700;12.42;701-800;3.21;1001 ou +;1.21;;;1;8;;;;;;;;;;;
2023;direito;Fundação Faculdade de Filosofia, Ciências e Letras de Mandaguari;PR;801;Municipal;;;1001 ou +;7;701-800;3.4;801-1000;2.75;;;1001 ou +;0.85;;;4.75;;;;;;;;
2023;direito;Faculdades Famep Unidade Teresina - PI;PI;801;Privada;;;601-700;12.21;801-1000;2.72;1001 ou +;1.49;;;1;8;;;;;;;;;;;
2023;direito;Faculdade Anhanguera de Vitória da Conquista;BA;801;Privada;;;401-500;13.99;142;7.15;801-1000;2.73;;;601-700;4.11;;;;;;;;;;;
2023;direito;Faculdade Central de Cristalina;GO;801;Privada;;;1001 ou +;4.67;1001 ou +;0.23;701-800;3.71;;;1001 ou +;0.73;;;9.5;;;;;;;;
2023;direito;Faculdade Anhanguera de Taguatinga;DF;801;Privada;;;601-700;12.27;351-400;5.82;801-1000;2.86;;;701-800;3.59;;;;;;;;;;;
2023;direito;Faculdade Santíssimo Sacramento;BA;801;Privada;;;601-700;12.21;401-500;5.2;801-1000;2.73;;;501-600;4.28;;;;;;;;;;;
2023;direito;Faculdade Anhanguera de Marabá;PA;801;Privada;;;601-700;12.14;351-400;5.8;801-1000;2.04;;;501-600;4.3;;;;;;;;;;;
2023;direito;Faculdade Funorte de Januária;MG;801;Privada;;;401-500;14.18;37;7.78;1001 ou +;1.21;;;401-500;5.19;;;;;;;;;;;
2023;direito;Faculdade Anhanguera de Itapecerica da Serra;SP;801;Privada;;;601-700;12.78;112;7.33;1001 ou +;0.5;;;401-500;4.95;;;;;;;;;;;
2023;direito;Faculdade de Ciências e Educação Sena Aires;GO;801;Privada;;;401-500;15.04;251-300;6.21;1001 ou +;0.83;;;1;8;;;;;;;;;;;
2023;direito;Faculdade de Ciências Jurídicas de Paraíso do Tocantins;TO;801;Privada;;;1001 ou +;6.47;1001 ou +;1.82;701-800;3.75;;;1001 ou +;0.9;;;6.5;;;;;;;;
2023;direito;Faculdade Iseib de Betim;MG;801;Privada;;;401-500;15.15;301-350;5.94;1001 ou +;1.21;;;1;8;;;;;;;;;;;
2023;direito;Faculdade de Tecnologia e Ciências;BA;801;Privada;;;601-700;12.64;1001 ou +;1.91;801-1000;2.73;;;1;8;;;;;;;;;;;
2023;direito;Faculdade Anhanguera de Mogi Guaçu;SP;801;Privada;;;701-800;12.07;84;7.5;1001 ou +;0.5;;;601-700;4.07;;;;;;;;;;;
2023;direito;Faculdade de Tecnologia e Ciências da Bahia;BA;801;Privada;;;501-600;13.94;701-800;3.21;801-1000;2.73;;;1;8;;;;;;;;;;;
2023;direito;Centro Universitário Ingá;PR;801;Privada;;;401-500;15.05;601-700;4.02;801-1000;3.03;;;1;8;;;;;;;;;;;
2023;direito;Faculdade Pitágoras Unopar de Canindé;CE;801;Privada;;;401-500;14.25;251-300;6.45;601-700;4.06;;;601-700;3.74;;;;;;;;;;;
2023;direito;Faculdade Unopar de Ciências Jurídicas de Petrolina;PE;801;Privada;;;501-600;13.28;89;7.47;1001 ou +;1.39;;;501-600;4.42;;;;;;;;;;;
2023;direito;Faculdade Meridional RS;RS;801;Privada;;;401-500;14.29;29;7.83;801-1000;2.16;;;501-600;4.3;;;;;;;;;;;
2023;direito;Faculdade de Mirassol;SP;801;Privada;;;1001 ou +;7.38;801-1000;2.72;801-1000;3.06;;;1001 ou +;1.6;;;6.78;;;;;;;;
2023;direito;Faculdade Anhanguera de Paragominas;PA;801;Privada;;;601-700;12.83;140;7.16;801-1000;2.04;;;601-700;3.63;;;;;;;;;;;
2023;direito;Centro Universitário de Desenvolvimento do Centro-Oeste;GO;801;Privada;;;801-1000;9.86;401-500;5.21;1001 ou +;0.83;;;601-700;3.82;;;5.17;;;;;;;;
2023;direito;Faculdade do Maranhão;MA;801;Privada;;;801-1000;10.15;1001 ou +;1.98;701-800;3.4;;;501-600;4.77;;;3.14;;;;;;;;
2023;direito;Centro Universitário Campos de Andrade;PR;801;Privada;;;601-700;12.92;601-700;4.2;601-700;3.84;;;401-500;4.88;;;1.75;;;;;;;;
2023;direito;Centro Universitário Maurício de Nassau de Paranáiba;PI;801;Privada;;;501-600;13.55;501-600;4.4;501-600;4.9;;;501-600;4.25;;;;;;;;;;;
2023;direito;Faculdade Presidente Dutra;MA;801;Privada;;;701-800;11.89;1001 ou +;1.43;801-1000;2.46;;;1;8;;;;;;;;;;;
2023;direito;Instituto de Ensino Superior de Cuiabá;MT;801;Privada;;;351-400;15.71;157;7.06;1001 ou +;0.65;;;1;8;;;;;;;;;;;
2023;direito;Faculdade Pitágoras de Bacabal;MA;801;Privada;;;701-800;11.87;401-500;5.57;801-1000;2.46;;;601-700;3.84;;;;;;;;;;;
2023;direito;Faculdade Anhanguera Unidade Paragominas;PA;801;Privada;;;401-500;14.43;89;7.47;801-1000;2.04;;;401-500;4.92;;;;;;;;;;;
2023;direito;Faculdade Ideau de Passo Fundo;RS;801;Privada;;;401-500;14.12;601-700;3.96;801-1000;2.16;;;1;8;;;;;;;;;;;
2023;direito;Faculdade Pitágoras de Alagoinhas;BA;801;Privada;;;501-600;13.52;201-250;6.72;801-1000;2.73;;;601-700;4.07;;;;;;;;;;;
2023;direito;Faculdade Integrada de Advocacia da Amazônia;PA;801;Privada;;;501-600;13.25;701-800;3.21;801-1000;2.04;;;1;8;;;;;;;;;;;
2023;direito;Faculdade Estácio Macapá;AP;801;Privada;;;801-1000;10.64;1001 ou +;1.72;501-600;4.78;;;601-700;4.14;;;5.49;;;;;;;;
2023;direito;Centro Universitário Ítalo-brasileiro;SP;801;Privada;;;351-400;15.36;191;6.86;1001 ou +;0.5;;;1;8;;;;;;;;;;;
2023;direito;Faculdade Pan-americana de Administração e Direito;PR;801;Privada;;;351-400;15.53;501-600;4.5;801-1000;3.03;;;1;8;;;;;;;;;;;
2023;direito;Faculdade do Vale do Itapecurú;MA;801;Privada;;;701-800;12.02;1001 ou +;0.66;701-800;3.36;;;1;8;;;3.37;;;;;;;;
2023;direito;Faculdade de Tecnologia e Ciências;PE;801;Privada;;;301-350;16.11;201-250;6.72;1001 ou +;1.39;;;1;8;;;;;;;;;;;
2023;direito;Faculdade Anhanguera de Governador Valadares;MG;801;Privada;;;701-800;11.87;301-350;6.02;1001 ou +;1.21;;;501-600;4.64;;;;;;;;;;;
2023;direito;Centro Universitário Mauá de Brasília;DF;801;Privada;;;801-1000;11.07;1001 ou +;0.21;801-1000;2.86;;;1;8;;;1.66;;;;;;;;
2023;direito;Faculdade Luiz Eduardo Magalhães;BA;801;Privada;;;601-700;12.45;1001 ou +;1.72;801-1000;2.73;;;1;8;;;2.03;;;;;;;;
2023;direito;Faculdade Anhanguera de Catanduva;SP;801;Privada;;;701-800;12.07;84;7.5;1001 ou +;0.5;;;601-700;4.07;;;;;;;;;;;
2023;direito;Faculdade JK - Guará;DF;801;Privada;;;401-500;14.94;601-700;4.08;801-1000;2.86;;;1;8;;;;;;;;;;;
2023;direito;Faculdade Salesiana de Santa Teresa;MS;801;Privada;;;1001 ou +;8.46;1001 ou +;0.23;601-700;3.81;;;501-600;4.42;;;3.32;;;;;;;;
2023;direito;Faculdade Princesa do Oeste;CE;801;Privada;;;401-500;14.58;801-1000;2.52;601-700;4.06;;;1;8;;;;;;;;;;;
2023;direito;Faculdade Multivix Vila Velha;ES;801;Privada;;;351-400;15.2;401-500;5.32;1001 ou +;1.88;;;1;8;;;;;;;;;;;
2023;direito;Centro Universitário Maurício de Nassau de Juazeiro do Norte;CE;801;Privada;;;501-600;13.52;501-600;4.4;601-700;4.06;;;401-500;5.06;;;;;;;;;;;
2023;direito;Faculdade Atenas Centro de Minas;MG;801;Privada;;;701-800;11.93;801-1000;2.72;1001 ou +;1.21;;;1;8;;;;;;;;;;;
2023;direito;Faculdade de Educação de Santa Catarina;SC;801;Privada;;;601-700;12.4;801-1000;2.72;1001 ou +;1.68;;;1;8;;;;;;;;;;;
2023;direito;Faculdade Pitágoras Unopar de Itajubá;MG;801;Privada;;;501-600;13.05;39;7.77;1001 ou +;1.21;;;601-700;4.07;;;;;;;;;;;
2023;direito;Faculdade de Ciências Jurídicas de Erechim;RS;801;Privada;;;501-600;13.19;100;7.4;801-1000;2.16;;;601-700;3.63;;;;;;;;;;;
2023;direito;Centro Superior de Estudos Jurídicos Carlos Drummond de Andrade;SP;801;Privada;;;351-400;15.42;251-300;6.21;1001 ou +;1.21;;;1;8;;;;;;;;;;;
2023;direito;Centro Universitário Vale do Salgado;CE;801;Privada;;;601-700;12.16;501-600;4.51;601-700;4.06;;;701-800;3.59;;;;;;;;;;;
2023;direito;Faculdade de Ciências e Tecnologia de Unaí;MG;801;Privada;;;1001 ou +;7.32;801-1000;2.39;701-800;3.33;;;1001 ou +;1.6;;;6.78;;;;;;;;
2023;direito;Faculdade Pitágoras Bacabal Mearim;MA;801;Privada;;;501-600;13.25;201-250;6.72;801-1000;2.46;;;601-700;4.07;;;;;;;;;;;
2023;direito;Faculdade Anhanguera de Negócios e Tecnologias da Informação;DF;801;Privada;;;601-700;12.29;251-300;6.34;801-1000;2.86;;;701-800;3.09;;;;;;;;;;;
2023;direito;Centro Universitário Anhanguera de São Paulo;SP;801;Privada;;;401-500;14.75;201-250;6.65;601-700;3.85;;;501-600;4.25;;;0.46;;;;;;;;
2023;direito;Faculdade Pitágoras Unopar de Brumado;BA;801;Privada;;;501-600;13.69;185;6.89;801-1000;2.73;;;601-700;4.07;;;;;;;;;;;
2023;direito;Instituto Superior da Convenção Nac. das Assembleias de Deus;DF;801;Privada;;;401-500;14.07;701-800;3.21;801-1000;2.86;;;1;8;;;;;;;;;;;
2023;direito;Instituto de Desenvolvimento e Aprendizagem;MA;801;Privada;;;301-350;16.12;351-400;5.66;801-1000;2.46;;;1;8;;;;;;;;;;;
2023;direito;Centro Universitário Ideau;RS;801;Privada;;;401-500;14.92;501-600;4.76;801-1000;2.16;;;1;8;;;;;;;;;;;
2023;direito;Centro Universitário Faema;RO;801;Privada;;;601-700;12.52;801-1000;2.26;801-1000;2.26;;;1;8;;;;;;;;;;;
2023;direito;Faculdade do Baixo Parnaíba;MA;801;Privada;;;401-500;14.59;601-700;4.13;801-1000;2.46;;;1;8;;;;;;;;;;;
2023;direito;Centro Universitário de Pato Branco;PR;801;Privada;187;7.41;1001 ou +;6.34;1001 ou +;1.46;701-800;3.76;;;1001 ou +;1.12;;;;;;;;;;;
2023;direito;Faculdade Metropolitana da Grande Recife;PE;801;Privada;;;1001 ou +;5.58;1001 ou +;0.62;501-600;4.47;;;1001 ou +;0.49;;;10.42;;;;;;;;
2023;direito;Faculdade São Francisco da Paraíba;PB;801;Privada;;;801-1000;9.32;1001 ou +;1.78;701-800;3.8;;;601-700;3.74;;;5.58;;;;;;;;
2023;direito;Faculdade Pan Amazônica;PA;801;Privada;;;501-600;13.33;501-600;4.92;701-800;3.53;;;401-500;4.88;;;0.32;;;;;;;;
2023;direito;Faculdade Integrada Carajás;PA;801;Privada;;;301-350;15.9;351-400;5.86;801-1000;2.04;;;1;8;;;;;;;;;;;
2023;direito;Centro Universitário Maurício de Nassau de Aracaju;SE;801;Privada;;;601-700;12.4;601-700;4.2;701-800;3.32;;;401-500;4.88;;;;;;;;;;;
2023;direito;Facudade Ieducare;CE;801;Privada;;;351-400;15.27;701-800;3.21;601-700;4.06;;;1;8;;;;;;;;;;;
2023;direito;Faculdades Integradas de Paranaíba;MS;801;Privada;;;801-1000;10.99;601-700;4.35;701-800;3.73;;;801-1000;2.91;;;3.55;;;;;;;;
2023;direito;Centro Universitário Anhanguera de Marabá;PA;801;Privada;;;601-700;12.65;251-300;6.45;801-1000;2.04;;;601-700;4.16;;;;;;;;;;;
2023;direito;Faculdade Anhanguera de Marilia;SP;801;Privada;;;601-700;12.78;24;7.86;1001 ou +;0.5;;;501-600;4.42;;;;;;;;;;;
2023;direito;Faculdade Anhanguera de Maceió;AL;801;Privada;;;601-700;12.44;251-300;6.34;1001 ou +;1.43;;;501-600;4.67;;;;;;;;;;;
2023;direito;Faculdade Birigui;SP;801;Privada;;;801-1000;11.06;601-700;4.33;801-1000;3.14;;;701-800;3.59;;;1.06;;;;;;;;
2023;direito;Faculdade de Saúde, Ciências e Tecnologia;SP;801;Privada;187;7.41;1001 ou +;5.26;1001 ou +;1.17;1001 ou +;0.5;;;701-800;3.59;;;;;;;;;;;
2023;direito;Faculdade Uninassau Jaboatão dos Guararapes;PE;801;Privada;;;601-700;12.6;701-800;3.21;1001 ou +;1.39;;;1;8;;;;;;;;;;;
2023;direito;Faculdade de Ciências Jurídicas de Itumbiara;GO;801;Privada;;;701-800;11.79;185;6.89;1001 ou +;0.83;;;601-700;4.07;;;;;;;;;;;
2023;direito;Faculdade Anhanguera de Itapeva;SP;801;Privada;;;601-700;12.35;201-250;6.54;1001 ou +;0.5;;;401-500;5.31;;;;;;;;;;;
2023;direito;Faculdade Anhanguera de Ribeirão das Neves;MG;801;Privada;;;501-600;13.37;44;7.74;1001 ou +;1.21;;;501-600;4.42;;;;;;;;;;;
2023;direito;Faculdade Terra Nordeste;CE;801;Privada;;;601-700;12.51;701-800;3.53;601-700;4.06;;;401-500;4.92;;;;;;;;;;;
2023;direito;Faculdade Venda Nova do Imigrante;ES;801;Privada;;;701-800;11.92;801-1000;2.04;1001 ou +;1.88;;;1;8;;;;;;;;;;;
2023;direito;Faculdade Uninassau Maracanaú;CE;801;Privada;;;601-700;12.32;501-600;4.82;601-700;4.06;;;701-800;3.44;;;;;;;;;;;
2023;direito;Faculdade Brasília;DF;801;Privada;;;701-800;11.75;1001 ou +;0.89;801-1000;2.86;;;1;8;;;;;;;;;;;
2023;direito;Faculdade Estácio São Paulo de Rondônia;RO;801;Privada;187;7.41;1001 ou +;6.05;1001 ou +;0.56;801-1000;2.26;;;701-800;3.23;;;;;;;;;;;
2023;direito;Faculdade Educacional Araucária;PR;801;Privada;;;501-600;13.28;801-1000;2.25;801-1000;3.03;;;1;8;;;;;;;;;;;
2023;direito;Instituto Florence de Ensino Superior;MA;801;Privada;;;501-600;13.6;1001 ou +;1.1;501-600;4.5;;;1;8;;;1.52;;;;;;;;
2023;direito;Faculdade Anhanguera do Maranhão;MA;801;Privada;;;501-600;13.19;201-250;6.76;801-1000;2.46;;;601-700;3.97;;;;;;;;;;;
2023;direito;Faculdade Pio Decimo de Caninde do São Francisco;SE;801;Privada;;;401-500;14.71;251-300;6.29;701-800;3.32;;;401-500;5.1;;;;;;;;;;;
2023;direito;Faculdade Anhanguera de Poços de Caldas;MG;801;Privada;;;601-700;12.24;100;7.4;1001 ou +;1.21;;;601-700;3.63;;;;;;;;;;;
2023;direito;Faculdade Uriel de Almeida Leitão;MG;801;Privada;;;401-500;14.53;401-500;5.32;1001 ou +;1.21;;;1;8;;;;;;;;;;;
2023;direito;Faculdade Cnec Alberto Torres;RJ;801;Privada;;;801-1000;9.03;601-700;3.96;801-1000;3.2;;;801-1000;1.87;;;4.2;;;;;;;;
2023;direito;Faculdade Unifacig;PE;801;Privada;;;1001 ou +;6;501-600;4.61;1001 ou +;1.39;;;;;;;8.58;;;;;;;;
2023;direito;Faculdade Paraense de Ensino;PA;801;Privada;;;501-600;13.22;601-700;4.2;601-700;4.14;;;401-500;4.88;;;0.42;;;;;;;;
2023;direito;Faculdade Pitágoras Unopar de Quixeramobim;CE;801;Privada;;;401-500;14.84;142;7.15;601-700;4.06;;;601-700;3.63;;;;;;;;;;;
2023;direito;Faculdade Cers;PE;801;Privada;;;501-600;13.05;19;7.89;1001 ou +;1.39;;;601-700;3.77;;;;;;;;;;;
2023;direito;Faculdades Doctum de Ipatinga;MG;801;Privada;;;401-500;14.17;501-600;4.96;1001 ou +;1.21;;;1;8;;;;;;;;;;;
2023;direito;Faculdade Pitágoras Unopar de Guanambi;BA;801;Privada;;;501-600;13.29;197;6.82;801-1000;2.73;;;601-700;3.74;;;;;;;;;;;
2023;direito;Universidade Ibirapuera;SP;801;Privada;;;801-1000;11.07;401-500;5.52;1001 ou +;1.7;;;601-700;3.85;;;2.31;;;;;;;;
2023;direito;Faculdade Estácio do Amapá;AP;801;Privada;;;1001 ou +;6.85;1001 ou +;0.84;701-800;3.65;;;801-1000;2.36;;;5.35;;;;;;;;
2023;direito;Faculdade Delmiro Gouveia;AL;801;Privada;;;701-800;11.63;1001 ou +;1.84;501-600;4.53;;;401-500;5.26;;;1.98;;;;;;;;
2023;direito;Centro Universitário Fieo;SP;801;Privada;;;1001 ou +;6.5;801-1000;2.04;701-800;3.25;;;1001 ou +;1.21;;;6.83;;;;;;;;
2023;direito;Faculdade de Ciências Jurídicas de Bom Jesus da Lapa;BA;801;Privada;;;601-700;12.6;251-300;6.39;801-1000;2.73;;;701-800;3.48;;;;;;;;;;;
2023;direito;Faculdade Anhanguera Unime de Salvador;BA;801;Privada;;;401-500;14.97;182;6.91;801-1000;2.73;;;401-500;5.33;;;;;;;;;;;
2023;direito;Faculdade Meridional de Porto Alegre;RS;801;Privada;;;401-500;14.29;29;7.83;801-1000;2.16;;;501-600;4.3;;;;;;;;;;;
2023;direito;Faculdade Nacional de Educação e Ensino Superior do Paraná;PR;801;Privada;;;701-800;11.8;1001 ou +;1.72;401-500;5.31;;;501-600;4.77;;;2.68;;;;;;;;
2023;direito;Faculdade de Palmas;TO;801;Privada;;;1001 ou +;8.35;1001 ou +;0.13;201-250;6.62;;;1001 ou +;1.6;;;3.78;;;;;;;;
2023;direito;Faculdade Anhanguera de Caxias do Sul;RS;801;Privada;;;601-700;12.74;127;7.24;801-1000;2.16;;;701-800;3.34;;;;;;;;;;;
2023;direito;Faculdade Integral Cantareira;SP;801;Privada;;;1001 ou +;8.2;701-800;3.58;501-600;4.51;;;1001 ou +;0.11;;;6.04;;;;;;;;
2023;direito;Faculdade Unirb - Natal;RN;801;Privada;;;501-600;13.11;201-250;6.53;801-1000;2.33;;;501-600;4.25;;;;;;;;;;;
2023;direito;Faculdade Estácio de Carapicuíba;SP;801;Privada;;;1001 ou +;8.88;601-700;3.88;801-1000;3.04;;;801-1000;1.96;;;4.06;;;;;;;;
2023;direito;Centro Universitário Facunicamps;GO;801;Privada;;;501-600;13.79;501-600;4.96;1001 ou +;0.83;;;1;8;;;;;;;;;;;
2023;direito;Faculdade Santa Luzia;MA;801;Privada;;;501-600;13.67;701-800;3.21;801-1000;2.46;;;1;8;;;;;;;;;;;
2023;direito;Faculdade Positivo Londrina;PR;801;Privada;;;701-800;11.2;501-600;4.4;401-500;5.59;;;1001 ou +;1.21;;;3.69;;;;;;;;
2023;direito;Faculdade de Ciências Humanas de Pernambuco;PE;801;Privada;;;1001 ou +;7.42;801-1000;2.43;701-800;3.35;;;1001 ou +;1.64;;;6.6;;;;;;;;
2023;direito;Faculdade Anhanguera de Feira de Santana;BA;801;Privada;;;401-500;14.43;157;7.06;801-1000;2.73;;;501-600;4.64;;;;;;;;;;;
2023;direito;Faculdade Unopar de Ciências Jurídicas de Sete Lagoas;MG;801;Privada;;;501-600;13.05;39;7.77;1001 ou +;1.21;;;601-700;4.07;;;;;;;;;;;
2023;direito;Centro Universitário Famec;BA;801;Privada;;;801-1000;10.09;701-800;3.41;501-600;4.62;;;801-1000;2.06;;;5.86;;;;;;;;
2023;direito;Faculdade Uninorte;AM;801;Privada;;;701-800;11.97;401-500;5.14;701-800;3.24;;;701-800;3.59;;;;;;;;;;;
2023;direito;Faculdade Pitágoras de Irecê;BA;801;Privada;;;601-700;12.52;251-300;6.45;801-1000;2.73;;;701-800;3.34;;;;;;;;;;;
2023;direito;Faculdade Anhanguera de Jequié;BA;801;Privada;;;501-600;13.3;195;6.83;801-1000;2.73;;;601-700;3.74;;;;;;;;;;;
2023;direito;Faculdade de Tecnologia e Ciências;SE;801;Privada;;;701-800;12.1;1001 ou +;0.78;701-800;3.32;;;1;8;;;;;;;;;;;
2023;direito;Faculdade Casa Branca;SP;801;Privada;;;351-400;15.64;501-600;4.76;251-300;6.46;;;501-600;4.42;;;;;;;;;;;
2023;direito;Faculdade Cesmac do Sertão;AL;801;Privada;187;7.41;1001 ou +;8.45;701-800;3.21;801-1000;2.76;;;801-1000;2.48;;;;;;;;;;;
2023;direito;Faculdade Anhanguera Jaraguá do Sul;SC;801;Privada;;;601-700;12.64;185;6.89;1001 ou +;1.68;;;601-700;4.07;;;;;;;;;;;
2023;direito;Centro Universitário Assunção;SP;801;Privada;;;701-800;11.51;401-500;5.33;601-700;4.09;;;801-1000;2.09;;;2.68;;;;;;;;
2023;direito;Faculdade Zumbi dos Palmares;SP;801;Privada;187;7.41;1001 ou +;4.97;801-1000;1.99;1001 ou +;0.5;;;801-1000;2.48;;;0.23;;;;;;;;
2023;direito;Faculdade de Ciências e Saúde Edufor;MA;801;Privada;;;601-700;12.37;1001 ou +;1.91;801-1000;2.46;;;1;8;;;;;;;;;;;
2023;direito;Faculdade Anhanguera de Goiânia;GO;801;Privada;;;601-700;12.24;89;7.47;1001 ou +;0.83;;;601-700;3.94;;;;;;;;;;;
2023;direito;Faculdade de Ciências Gerenciais Alves Fortes;MG;801;Privada;;;1001 ou +;4.99;1001 ou +;0.82;601-700;4.17;;;;;;;10.93;;;;;;;;
2023;direito;Faculdade Cosmopolita;PA;801;Privada;;;601-700;12.76;801-1000;2.72;801-1000;2.04;;;1;8;;;;;;;;;;;
2023;direito;Centro Universitário Vértice;MG;801;Privada;;;501-600;13.23;601-700;4.02;1001 ou +;1.21;;;1;8;;;;;;;;;;;
2023;direito;Faculdade Anhanguera de Serra;ES;801;Privada;;;501-600;13.83;84;7.5;1001 ou +;1.88;;;501-600;4.45;;;;;;;;;;;
2023;direito;Faculdade de Ciências Jurídicas de Jaboatão dos Guararapes;PE;801;Privada;;;601-700;12.58;125;7.25;1001 ou +;1.39;;;601-700;3.94;;;;;;;;;;;
2023;direito;Faculdade de Educação e Tecnologia da Amazônia;PA;801;Privada;;;501-600;13.25;701-800;3.21;801-1000;2.04;;;1;8;;;;;;;;;;;
2023;direito;Faculdade do Sertão do Pajeú;PE;801;Municipal;;;601-700;12.37;601-700;4.33;1001 ou +;0.04;;;1;8;;;;;;;;;;;
2023;direito;Faculdade Inspirar;PR;801;Privada;;;351-400;15.53;501-600;4.5;801-1000;3.03;;;1;8;;;;;;;;;;;
2023;direito;Faculdade Anhanguera de Ciências e Tecnologia de Brasília;DF;801;Privada;;;501-600;13.47;251-300;6.31;801-1000;2.86;;;501-600;4.3;;;;;;;;;;;
2023;direito;Faculdade Alfredo Nasser de Casa Nova;BA;801;Privada;;;601-700;12.91;801-1000;2.18;801-1000;2.73;;;1;8;;;;;;;;;;;
2023;direito;Instituto Brasileiro de Ensino, Desenvolvimento e Pesquisa de São Paulo;SP;801;Privada;;;301-350;16.09;69;7.59;1001 ou +;0.5;;;1;8;;;;;;;;;;;
2023;direito;Escola de Direito Fucape;ES;801;Privada;;;501-600;13.09;701-800;3.21;1001 ou +;1.88;;;1;8;;;;;;;;;;;
2023;direito;Centro Universitário de Jales;SP;801;Privada;;;701-800;12.09;701-800;3.59;1001 ou +;0.5;;;1;8;;;;;;;;;;;
2023;direito;Faculdade de Direito Avantis de Itapema;SC;801;Privada;;;301-350;15.89;251-300;6.21;1001 ou +;1.68;;;1;8;;;;;;;;;;;
2023;direito;Faculdade Santo André;RO;801;Privada;;;401-500;15.02;501-600;4.76;801-1000;2.26;;;1;8;;;;;;;;;;;
2023;direito;Faculdade Metropolitana de Rio do Sul;SC;801;Privada;;;501-600;13.6;200;6.8;1001 ou +;1.68;;;401-500;5.12;;;;;;;;;;;
2023;direito;Faculdade Anhanguera de São Luiz;MA;801;Privada;;;301-350;16.17;201-250;6.62;401-500;5.38;;;601-700;4.17;;;;;;;;;;;
2023;direito;Faculdade Doctum da Zona Norte de Juiz de Fora;MG;801;Privada;;;351-400;15.42;251-300;6.21;1001 ou +;1.21;;;1;8;;;;;;;;;;;
2023;direito;Faculdade Faipe;MT;801;Privada;;;701-800;11.86;701-800;3.21;1001 ou +;0.65;;;1;8;;;;;;;;;;;
2023;direito;Faculdade de Ensino Superior da Paraíba;PB;801;Privada;;;801-1000;8.95;501-600;4.92;601-700;3.85;;;1001 ou +;0.18;;;4.66;;;;;;;;
2023;direito;Faculdade Unise;PR;801;Privada;;;401-500;14.24;701-800;3.21;801-1000;3.03;;;1;8;;;;;;;;;;;
2023;direito;Faculdade Doctum de Vila Velha;ES;801;Privada;;;351-400;15.38;401-500;5.5;1001 ou +;1.88;;;1;8;;;;;;;;;;;
2023;direito;Faculdade Visconde de Cairú;BA;801;Privada;;;401-500;14.32;701-800;3.59;801-1000;2.73;;;1;8;;;;;;;;;;;
2023;direito;Centro Universitário Santa Cecília;SP;801;Privada;;;401-500;14.46;301-350;5.96;1001 ou +;0.5;;;1;8;;;;;;;;;;;
2023;direito;Centro Universitário Unigran Capital;MS;801;Privada;;;701-800;12.09;501-600;4.76;701-800;3.64;;;601-700;3.69;;;;;;;;;;;
2023;direito;Faculdade Serra do Carmo;TO;801;Privada;;;1001 ou +;6.02;1001 ou +;1.45;601-700;4.09;;;1001 ou +;0.48;;;7.06;;;;;;;;
2023;direito;Centro Universitário Maurício de Nassau de Fortaleza;CE;801;Privada;;;501-600;13.41;401-500;5.08;601-700;4.06;;;501-600;4.27;;;;;;;;;;;
2023;direito;Instituto de Ensino Superior Franciscano;MA;801;Privada;;;501-600;13.67;701-800;3.21;801-1000;2.46;;;1;8;;;;;;;;;;;
2023;direito;Faculdade Una de Pouso Alegre;MG;801;Privada;;;401-500;14.35;24;7.86;1001 ou +;1.21;;;401-500;5.28;;;;;;;;;;;
2023;direito;Faculdade de Ciências Aplicadas Piauiense;PI;801;Privada;;;351-400;15.35;351-400;5.86;1001 ou +;1.49;;;1;8;;;;;;;;;;;
2023;direito;Centro Universitário Santa Amélia;PR;801;Privada;;;1001 ou +;8.3;1001 ou +;0.93;401-500;5.57;;;801-1000;1.8;;;6.27;;;;;;;;
2023;direito;Faculdade Pitágoras Unopar de Muriaé;MG;801;Privada;;;601-700;12.17;185;6.89;1001 ou +;1.21;;;601-700;4.07;;;;;;;;;;;
2023;direito;Faculdade de Ciências Jurídicas de Jacobina;BA;801;Privada;;;401-500;14.4;125;7.25;801-1000;2.73;;;501-600;4.42;;;;;;;;;;;
2023;direito;Faculdade Uninassau Lauro de Freitas;BA;801;Privada;;;701-800;11.37;501-600;4.4;701-800;3.57;;;701-800;3.4;;;1.2;;;;;;;;
2023;direito;Faculdade Pitágoras de Juiz de Fora;MG;801;Privada;;;601-700;12.35;82;7.51;1001 ou +;1.21;;;601-700;3.63;;;;;;;;;;;
2023;direito;Instituto de Ensino Superior de Bauru;SP;801;Privada;;;801-1000;9.31;1001 ou +;1.17;701-800;3.37;;;501-600;4.77;;;6.23;;;;;;;;
2023;direito;Faculdade Serra da Mesa;GO;801;Privada;;;501-600;13.16;601-700;4.33;1001 ou +;0.83;;;1;8;;;;;;;;;;;
2023;direito;Faculdade Santo Antônio SP;SP;801;Privada;;;401-500;14.05;401-500;5.55;1001 ou +;0.5;;;1;8;;;;;;;;;;;
2023;direito;Faculdade de Ciências e Tecnologia de Teresina;PI;801;Privada;;;601-700;12.7;701-800;3.21;1001 ou +;1.49;;;1;8;;;;;;;;;;;
2023;direito;Faculdade de Ciências Jurídicas de Campina Grande;PB;801;Privada;;;601-700;12.42;77;7.54;1001 ou +;1.54;;;701-800;3.34;;;;;;;;;;;
2023;direito;Faculdade de Educação São Francisco;MA;801;Privada;;;501-600;13.67;701-800;3.21;801-1000;2.46;;;1;8;;;;;;;;;;;
2023;direito;Faculdade Anhanguera de Rio Branco;AC;801;Privada;;;401-500;14.77;401-500;5.48;201-250;6.65;;;801-1000;2.64;;;;;;;;;;;
2023;direito;Faculdade Ideau de Caxias do Sul;RS;801;Privada;;;351-400;15.48;401-500;5.32;801-1000;2.16;;;1;8;;;;;;;;;;;
2023;direito;Faculdade Unirb - Piauí;PI;801;Privada;;;351-400;15.7;251-300;6.21;1001 ou +;1.49;;;1;8;;;;;;;;;;;
2023;direito;Centro Universitário de Excelência Eniac;SP;801;Privada;187;7.41;1001 ou +;6.19;701-800;3.21;1001 ou +;0.5;;;801-1000;2.48;;;;;;;;;;;
2023;direito;Faculdade Una de Sete Lagoas;MG;801;Privada;;;301-350;16.14;179;6.93;1001 ou +;1.21;;;1;8;;;;;;;;;;;
2023;direito;Faculdade de Ciências Jurídicas de Assis;SP;801;Privada;;;601-700;12.48;74;7.56;1001 ou +;0.5;;;501-600;4.42;;;;;;;;;;;
2023;direito;Centro Universitário Estácio de São Luís;MA;801;Privada;;;1001 ou +;6.95;1001 ou +;1.44;701-800;3.72;;;801-1000;1.79;;;8.76;;;;;;;;
2023;direito;Centro Universitário Mario Pontes Jucá;AL;801;Privada;;;401-500;14.23;501-600;4.8;1001 ou +;1.43;;;1;8;;;;;;;;;;;
2023;direito;Faculdade Brasileira do Recôncavo;BA;801;Privada;;;401-500;14.55;601-700;3.82;801-1000;2.73;;;1;8;;;;;;;;;;;
2023;direito;Centro Universitário Maria Milza;BA;801;Privada;;;401-500;14.94;601-700;4.21;801-1000;2.73;;;1;8;;;;;;;;;;;
2023;direito;Faculdade Paranaense-Rolândia;PR;801;Privada;;;1001 ou +;7.93;701-800;3.21;701-800;3.51;;;1001 ou +;1.21;;;7.66;;;;;;;;
2023;direito;Faculdade de Ciências Jurídicas de Cruz das Almas;BA;801;Privada;;;501-600;13.04;201-250;6.72;801-1000;2.73;;;701-800;3.59;;;;;;;;;;;
2023;direito;Faculdade Anhanguera de Cascavel;PR;801;Privada;;;401-500;14.98;84;7.5;801-1000;3.03;;;501-600;4.45;;;;;;;;;;;
2023;direito;Faculdade de Tecnologia e Administração Edufor;MA;801;Privada;;;701-800;11.89;1001 ou +;1.43;801-1000;2.46;;;1;8;;;;;;;;;;;
2023;direito;Faculdade Ideau de Bagé;RS;801;Privada;;;401-500;14.92;501-600;4.76;801-1000;2.16;;;1;8;;;;;;;;;;;
2023;direito;Faculdade Unirb - Barreiras;BA;801;Privada;;;501-600;13.94;701-800;3.21;801-1000;2.73;;;1;8;;;;;;;;;;;
2023;direito;Faculdade Rio Parnaíba;MA;801;Privada;;;501-600;13.67;701-800;3.21;801-1000;2.46;;;1;8;;;;;;;;;;;
2023;direito;Centro Universitário da Vitória de Santo Antão;PE;801;Privada;;;501-600;13.72;601-700;4.33;1001 ou +;1.39;;;1;8;;;;;;;;;;;
2023;direito;Faculdade Unida de Campinas Goiânia;GO;801;Privada;;;501-600;13.41;501-600;4.58;1001 ou +;0.83;;;1;8;;;;;;;;;;;
2023;direito;Faculdade Católica do Rio Grande do Norte;RN;801;Privada;;;501-600;13.17;351-400;5.78;801-1000;2.33;;;401-500;5.06;;;;;;;;;;;
2023;direito;Faculdade Três de Maio;RS;801;Privada;187;7.41;1001 ou +;4.8;801-1000;2.35;801-1000;2.16;;;1001 ou +;0.29;;;;;;;;;;;
2023;direito;Faculdade Pitágoras Unopar de Chapecó;SC;801;Privada;;;501-600;13.84;44;7.74;1001 ou +;1.68;;;501-600;4.42;;;;;;;;;;;
2023;direito;Faculdade de Ciências Humanas de Curvelo;MG;801;Privada;;;401-500;14.53;401-500;5.32;1001 ou +;1.21;;;1;8;;;;;;;;;;;
2023;direito;Centro Universitário Unifatecie;PR;801;Privada;;;301-350;16.06;401-500;5.03;801-1000;3.03;;;1;8;;;;;;;;;;;
2023;direito;Faculdade de Ciências Jurídicas de Luziânia;GO;801;Privada;;;601-700;12.23;112;7.33;1001 ou +;0.83;;;601-700;4.07;;;;;;;;;;;
2023;direito;Instituto Superior e Centro Educacional Luterano;SC;1001;Privada;;;701-800;11.59;162;7.03;1001 ou +;1.68;;;801-1000;2.88;;;;;;;;;;;
2023;direito;Faculdade Embu das Artes;SP;1001;Privada;;;801-1000;10.78;801-1000;2.28;1001 ou +;0.5;;;1;8;;;;;;;;;;;
2023;direito;Faculdade de Piracanjuba;GO;1001;Privada;;;801-1000;10.48;69;7.59;1001 ou +;0.83;;;801-1000;2.06;;;;;;;;;;;
2023;direito;Faculdade Uninassau Mossoró;RN;1001;Privada;;;701-800;11.58;351-400;5.66;801-1000;2.33;;;701-800;3.59;;;;;;;;;;;
2023;direito;Faculdade Evangélica de Senador Canedo;GO;1001;Privada;;;1001 ou +;1.17;1001 ou +;0.13;1001 ou +;0.83;;;1001 ou +;0.21;;;;;;;;;;;
2023;direito;Faculdade Anhanguera de Piracicaba;SP;1001;Privada;;;801-1000;10.99;152;7.09;1001 ou +;0.5;;;701-800;3.4;;;;;;;;;;;
2023;direito;Faculdade de Ciências Jurídicas Anhanguera de Arapiraca;AL;1001;Privada;;;801-1000;11.05;201-250;6.53;1001 ou +;1.43;;;701-800;3.09;;;;;;;;;;;
2023;direito;Centro Universitário Amparense;SP;1001;Privada;;;1001 ou +;0.95;1001 ou +;0.18;1001 ou +;0.5;;;1001 ou +;0.27;;;;;;;;;;;
2023;direito;Centro de Ensino Unificado do Piauí;PI;1001;Privada;;;1001 ou +;6.07;701-800;3.73;1001 ou +;1.49;;;1001 ou +;0.85;;;;;;;;;;;
2023;direito;Faculdade de Informática de Ouro Preto do Oeste;RO;1001;Privada;;;801-1000;10.3;1001 ou +;0.04;801-1000;2.26;;;1;8;;;;;;;;;;;
2023;direito;Faculdade Presidente Antônio Carlos de Mariana;MG;1001;Privada;;;801-1000;11.04;701-800;3.21;149;7.11;;;1001 ou +;0.72;;;;;;;;;;;
2023;direito;Faculdade Uninabuco São Lourenço da Mata;PE;1001;Privada;;;801-1000;10.05;501-600;4.55;1001 ou +;1.39;;;601-700;4.11;;;;;;;;;;;
2023;direito;Faculdade Santa Helena;PE;1001;Privada;;;801-1000;10.36;1001 ou +;0.97;1001 ou +;1.39;;;1;8;;;;;;;;;;;
2023;direito;Faculdade Nove de Julho de Osasco;SP;1001;Privada;;;1001 ou +;1.43;1001 ou +;0.93;1001 ou +;0.5;;;;;;;;;;;;;;;
2023;direito;Faculdade de Ciências Humanas, Exatas e da Saúde do Piauí;PI;1001;Privada;;;801-1000;9.58;701-800;3.21;1001 ou +;1.49;;;401-500;4.88;;;;;;;;;;;
2023;direito;Faculdade Reges de Ribeirão Preto;SP;1001;Privada;;;801-1000;9.5;601-700;4.02;1001 ou +;0.5;;;401-500;4.98;;;;;;;;;;;
2023;direito;Faculdade de Engenharia de Minas Gerais;MG;1001;Privada;;;1001 ou +;3.46;801-1000;2.04;1001 ou +;1.21;;;1001 ou +;0.21;;;;;;;;;;;
2023;direito;Faculdade Macêdo de Amorim;PE;1001;Privada;;;1001 ou +;4.92;1001 ou +;1.93;1001 ou +;1.39;;;1001 ou +;1.6;;;;;;;;;;;
2023;direito;Real Faculdade de Brasília;DF;1001;Privada;;;1001 ou +;2.88;1001 ou +;0.02;801-1000;2.86;;;;;;;;;;;;;;;
2023;direito;Faculdade Presidente Antônio Carlos de Ubá;MG;1001;Privada;;;1001 ou +;8.56;1001 ou +;0.96;351-400;5.73;;;801-1000;1.87;;;;;;;;;;;
2023;direito;Faculdade Novo Horizonte;PE;1001;Privada;;;801-1000;10.17;1001 ou +;0.78;1001 ou +;1.39;;;1;8;;;;;;;;;;;
2023;direito;Faculdade Estácio de Feira de Santana;BA;1001;Privada;;;1001 ou +;5.13;1001 ou +;0.51;801-1000;2.73;;;801-1000;1.89;;;;;;;;;;;
2023;direito;Faculdade Mauá de Goiás;GO;1001;Privada;;;1001 ou +;5.85;1001 ou +;1.08;1001 ou +;0.83;;;601-700;3.94;;;;;;;;;;;
2023;direito;Centro Universitário Estácio de Goiás;GO;1001;Privada;;;801-1000;9.28;301-350;5.97;1001 ou +;0.83;;;801-1000;2.48;;;;;;;;;;;
2023;direito;Faculdade Unama de Castanhal;PA;1001;Privada;;;1001 ou +;4.49;1001 ou +;1.24;801-1000;2.04;;;1001 ou +;1.21;;0;;;;;;;;;
2023;direito;Faculdade de Educação Memorial Adelaide Franco;MA;1001;Privada;;;801-1000;10.75;1001 ou +;0.29;801-1000;2.46;;;1;8;;;;;;;;;;;
2023;direito;Faculdade Adventista da Bahia;BA;1001;Privada;;;1001 ou +;7.65;701-800;3.21;801-1000;2.73;;;1001 ou +;1.71;;;;;;;;;;;
2023;direito;Faculdade de Tecnologia do Piauí;PI;1001;Privada;;;801-1000;9.45;1001 ou +;0.81;501-600;4.81;;;601-700;3.83;;;1.61;;;;;;;;
2023;direito;Faculdade Presbiteriana Mackenzie Brasília;DF;1001;Privada;;;801-1000;9.15;301-350;5.99;801-1000;2.86;;;1001 ou +;0.3;;;;;;;;;;;
2023;direito;Faculdade do Norte de Mato Grosso;MT;1001;Privada;;;1001 ou +;5.24;601-700;3.96;1001 ou +;0.65;;;1001 ou +;0.63;;;;;;;;;;;
2023;direito;Instituto de Ensino Superior de Alagoas;AL;1001;Privada;;;1001 ou +;1.64;1001 ou +;0.21;1001 ou +;1.43;;;;;;;0.05;;;;;;;;
2023;direito;Conservatório Brasileiro de Música;RJ;1001;Privada;;;1001 ou +;7.96;701-800;3.7;1001 ou +;1.78;;;801-1000;2.48;;;;;;;;;;;
2023;direito;Faculdade de Caieiras;SP;1001;Privada;;;1001 ou +;6.48;1001 ou +;0.51;1001 ou +;1.55;;;501-600;4.42;;;0.88;;;;;;;;
2023;direito;Centro Universitário do Paraná;PR;1001;Privada;;;1001 ou +;8.44;601-700;4.33;801-1000;3.03;;;1001 ou +;1.08;;;;;;;;;;;
2023;direito;Centro Universitário Salesiano;ES;1001;Privada;;;1001 ou +;8.86;501-600;4.5;1001 ou +;1.88;;;801-1000;2.48;;;;;;;;;;;
2023;direito;Faculdade Educaremt;MT;1001;Privada;;;1001 ou +;1.12;1001 ou +;0.36;1001 ou +;0.65;;;1001 ou +;0.11;;;;;;;;;;;
2023;direito;Faculdade Fasipe Cuiabá;MT;1001;Privada;;;1001 ou +;7.7;1001 ou +;1.8;1001 ou +;0.65;;;401-500;5.25;;;;;;;;;;;
2023;direito;Faculdades Integradas Simonsen;RJ;1001;Privada;;;801-1000;10.42;401-500;5.55;1001 ou +;1.78;;;701-800;3.09;;;;;;;;;;;
2023;direito;Instituto de Ensino Superior de Olinda;PE;1001;Privada;;;1001 ou +;4.06;1001 ou +;0.99;1001 ou +;1.39;;;1001 ou +;1.68;;;3.74;;;;;;;;
2023;direito;Faculdade Estácio de Curitiba;PR;1001;Privada;;;801-1000;9.61;701-800;3.5;501-600;4.84;;;1001 ou +;1.27;;;;;;;;;;;
2023;direito;Faculdade Fasipe de Sorriso;MT;1001;Privada;;;801-1000;9.16;1001 ou +;0.51;1001 ou +;0.65;;;1;8;;;;;;;;;;;
2023;direito;Faculdade Uninassau Palmas;TO;1001;Privada;;;1001 ou +;2.53;1001 ou +;1.56;1001 ou +;0.06;;;1001 ou +;0.91;;;;;;;;;;;
2023;direito;Centro de Estudos em Direito e Negócios;MG;1001;Privada;;;1001 ou +;4.42;701-800;3.21;1001 ou +;1.21;;;;;;;;;;;;;;;
2023;direito;Faculdade Dom Pedro II de Sergipe;SE;1001;Privada;;;1001 ou +;4.1;1001 ou +;0.78;701-800;3.32;;;;;;;;;;;;;;;
2023;direito;Faculdade de Educação Superior de Tangará da Serra;MT;1001;Privada;;;801-1000;9.43;1001 ou +;0.78;1001 ou +;0.65;;;1;8;;;;;;;;;;;
2023;direito;Faculdade de Ciências Humanas e Sociais Aplicadas do Cabo de Santo Agostinho;PE;1001;Municipal;;;1001 ou +;5.64;1001 ou +;0.68;1001 ou +;0.04;;;401-500;4.92;;;4.57;;;;;;;;
2023;direito;Faculdade de Ciências Jurídicas de Tucuruí;PA;1001;Privada;;;801-1000;10.34;351-400;5.66;801-1000;2.04;;;801-1000;2.64;;;;;;;;;;;
2023;direito;Centro Universitário Claretiano;SP;1001;Privada;;;801-1000;8.99;251-300;6.36;1001 ou +;0.5;;;801-1000;2.13;;;;;;;;;;;
2023;direito;Faculdade Metropolitana de Anápolis;GO;1001;Privada;;;1001 ou +;5.68;801-1000;2.19;1001 ou +;0.83;;;801-1000;2.66;;;;;;;;;;;
2023;direito;Faculdade de Ciências Sociais Aplicadas do Vale do São Lourenço;MT;1001;Privada;;;701-800;11.37;801-1000;2.72;1001 ou +;0.65;;;1;8;;;;;;;;;;;
2023;direito;Faculdades Integradas de Taquara;RS;1001;Privada;;;1001 ou +;8.53;351-400;5.72;801-1000;2.16;;;1001 ou +;0.65;;;;;;;;;;;
2023;direito;Centro Universitário do Piauí;PI;1001;Privada;;;801-1000;8.94;1001 ou +;1.43;801-1000;2.74;;;501-600;4.77;;;;;;;;;;;
2023;direito;Faculdade de Ciências e Tecnologia Professor Dirson Maciel de Barros;PE;1001;Municipal;;;1001 ou +;0.08;1001 ou +;0.04;1001 ou +;0.04;;;;;;;;;;;;;;;
2023;direito;Faculdade de Educação de Patos de Minas;MG;1001;Privada;;;1001 ou +;3.46;801-1000;2.25;1001 ou +;1.21;;;;;;0;;;;;;;;;
2023;direito;Centro Universitário Maurício de Nassau Teresina Sul;PI;1001;Privada;;;801-1000;9.75;501-600;4.82;1001 ou +;1.49;;;701-800;3.44;;;;;;;;;;;
2023;direito;Faculdade São Luís de França;SE;1001;Privada;;;801-1000;11.01;401-500;5.37;701-800;3.32;;;801-1000;2.32;;;;;;;;;;;
2023;direito;Faculdade de Nova Mutum;MT;1001;Privada;;;1001 ou +;1.02;1001 ou +;0.29;1001 ou +;0.65;;;1001 ou +;0.08;;;;;;;;;;;
2023;direito;Faculdade Santo Agostinho de Vitória da Conquista;BA;1001;Privada;;;801-1000;9.11;701-800;3.25;801-1000;2.73;;;701-800;3.13;;;;;;;;;;;
2023;direito;Faculdade de Ciências Aplicadas de Limoeiro;PE;1001;Municipal;;;1001 ou +;1.12;1001 ou +;0.93;1001 ou +;0.04;;;1001 ou +;0.15;;;;;;;;;;;
2023;direito;Faculdade Unibras do Norte Goiano;GO;1001;Privada;;;1001 ou +;5.7;1001 ou +;0.1;1001 ou +;0.83;;;501-600;4.77;;;;;;;;;;;
2023;direito;Faculdade Anhanguera de Taubaté;SP;1001;Privada;;;701-800;11.39;201-250;6.78;1001 ou +;0.5;;;601-700;4.11;;;;;;;;;;;
2023;direito;Faculdade do Centro Maranhense;MA;1001;Privada;;;1001 ou +;4.12;1001 ou +;0.06;801-1000;2.46;;;1001 ou +;1.6;;;;;;;;;;;
2023;direito;Faculdade de Integração do Ensino Superior do Cone Sul;RS;1001;Privada;;;1001 ou +;5.75;701-800;3.46;801-1000;2.16;;;1001 ou +;0.13;;;;;;;;;;;
2023;direito;Faculdade de Direito Serra Dourada;PA;1001;Privada;;;801-1000;8.93;801-1000;2.25;801-1000;2.04;;;501-600;4.64;;;;;;;;;;;
2023;direito;Centro Universitário Maurício de Nassau de São Luís;MA;1001;Privada;;;701-800;11.48;601-700;3.96;801-1000;2.46;;;401-500;5.06;;;;;;;;;;;
2023;direito;Faculdade de Nova Serrana;MG;1001;Privada;;;1001 ou +;8.36;701-800;3.21;1001 ou +;1.21;;;601-700;3.94;;;;;;;;;;;
2023;direito;Centro Universitário de Tecnologia de Curitiba;PR;1001;Privada;;;1001 ou +;8.58;501-600;4.96;801-1000;3.03;;;1001 ou +;0.59;;;;;;;;;;;
2023;direito;Escola de Ensino Superior do Agreste Paraibano;PB;1001;Privada;;;1001 ou +;6.98;701-800;3.21;1001 ou +;1.54;;;801-1000;2.23;;;;;;;;;;;
2023;direito;Faculdade São Vicente;AL;1001;Privada;;;1001 ou +;2.72;1001 ou +;1.29;1001 ou +;1.43;;;;;;;;;;;;;;;
2023;direito;Faculdades Integradas Stella Maris de Andradina;SP;1001;Privada;;;1001 ou +;2.88;1001 ou +;0.78;1001 ou +;0.5;;;1001 ou +;1.6;;;;;;;;;;;
2023;direito;Instituto de Educação Superior de Pouso Alegre;MG;1001;Privada;;;1001 ou +;3.05;1001 ou +;0.87;1001 ou +;1.21;;;1001 ou +;0.97;;;;;;;;;;;
2023;direito;Escola Superior Batista do Amazonas;AM;1001;Privada;;;1001 ou +;6.87;1001 ou +;0.83;701-800;3.24;;;801-1000;2.8;;;1.89;;;;;;;;
2023;direito;Faculdade de São Paulo;SP;1001;Privada;;;801-1000;8.9;601-700;4.12;1001 ou +;0.84;;;601-700;3.94;;;0.09;;;;;;;;
2023;direito;Faculdade Integrada de Ponta Grossa;PR;1001;Privada;;;1001 ou +;7.45;701-800;3.21;801-1000;3.03;;;1001 ou +;1.21;;;;;;;;;;;
2023;direito;Faculdade Sergipana;SE;1001;Privada;;;1001 ou +;6.12;1001 ou +;0.18;601-700;3.88;;;801-1000;2.06;;;2.4;;;;;;;;
2023;direito;Centro Universitário Araguaia;GO;1001;Privada;;;1001 ou +;6.98;701-800;3.56;1001 ou +;0.83;;;801-1000;2.59;;;;;;;;;;;
2023;direito;Centro Universitário Estácio de Ji-paraná;RO;1001;Privada;;;1001 ou +;6.14;1001 ou +;1.34;801-1000;2.26;;;801-1000;2.54;;;;;;;;;;;
2023;direito;Faculdade Anhanguera Itabira;MG;1001;Privada;;;801-1000;10.04;301-350;6.03;1001 ou +;1.21;;;801-1000;2.8;;;;;;;;;;;
2023;direito;Faculdade Presidente Antônio Carlos de Uberlândia;MG;1001;Privada;;;1001 ou +;6.94;1001 ou +;0.78;501-600;4.83;;;1001 ou +;1.33;;;;;;;;;;;
2023;direito;Faculdade Unifametro Cascavel;CE;1001;Privada;;;801-1000;11.03;501-600;4.76;601-700;4.06;;;801-1000;2.21;;;;;;;;;;;
2023;direito;Faculdade Anhanguera de Pindamonhangaba;SP;1001;Privada;;;701-800;11.46;185;6.89;1001 ou +;0.5;;;601-700;4.07;;;;;;;;;;;
2023;direito;Faculdade Estácio de Santo André;SP;1001;Privada;;;801-1000;10.41;1001 ou +;1.91;1001 ou +;0.5;;;1;8;;;;;;;;;;;
2023;direito;Faculdade de Viçosa;MG;1001;Privada;;;1001 ou +;8.53;351-400;5.72;1001 ou +;1.21;;;1001 ou +;1.6;;;;;;;;;;;
2023;direito;Centro de Ensino Superior Riograndese;RS;1001;Privada;;;1001 ou +;5.15;801-1000;2.72;801-1000;2.16;;;1001 ou +;0.27;;;;;;;;;;;
2023;direito;Faculdade Brasileira Cristã;ES;1001;Privada;;;1001 ou +;7.35;801-1000;2.38;1001 ou +;1.88;;;701-800;3.09;;;;;;;;;;;
2023;direito;Faculdade Santíssima Trindade;PE;1001;Privada;;;801-1000;11.11;1001 ou +;1.72;1001 ou +;1.39;;;1;8;;;;;;;;;;;
2023;direito;Faculdade Fernão Dias;SP;1001;Privada;;;1001 ou +;3.67;;;701-800;3.67;;;;;;;2.95;;;;;;;;
2023;direito;Unama Faculdade da Amazônia de Rio Branco;AC;1001;Privada;;;801-1000;9.22;1001 ou +;0.32;201-250;6.65;;;801-1000;2.25;;;;;;;;;;;
2023;direito;Faculdade Arquidiocesana de Pirapora;MG;1001;Privada;;;1001 ou +;2.4;1001 ou +;0.78;1001 ou +;1.21;;;1001 ou +;0.41;;;;;;;;;;;
2023;direito;Faculdade da Amazônia;PA;1001;Privada;;;701-800;11.33;1001 ou +;1.29;801-1000;2.04;;;1;8;;;;;;;;;;;
2023;direito;Faculdade Pitágoras Unopar de João Pessoa;PB;1001;Privada;;;701-800;11.72;152;7.09;1001 ou +;1.54;;;701-800;3.09;;;;;;;;;;;
2023;direito;Centro Universitário Maurício de Nassau do Rio de Janeiro;RJ;1001;Privada;;;801-1000;9.92;351-400;5.66;1001 ou +;1.78;;;801-1000;2.48;;;;;;;;;;;
2023;direito;Faculdades Integradas Rui Barbosa;SP;1001;Privada;;;801-1000;9.37;1001 ou +;0.87;1001 ou +;0.5;;;1;8;;;;;;;;;;;
2023;direito;Faculdade de Iporá;GO;1001;Privada;;;1001 ou +;2.78;1001 ou +;0.24;1001 ou +;0.83;;;1001 ou +;1.71;;;4.29;;;;;;;;
2023;direito;Faculdade Presidente Antônio Carlos de Nova Lima;MG;1001;Privada;;;1001 ou +;5.84;1001 ou +;1.49;601-700;3.88;;;1001 ou +;0.47;;;3.83;;;;;;;;
2023;direito;Faculdade Multivix São Mateus;ES;1001;Privada;;;1001 ou +;6;1001 ou +;0.18;1001 ou +;1.88;;;601-700;3.94;;;;;;;;;;;
2023;direito;Faculdade Pitágoras de Luis Eduardo Magalhães;BA;1001;Privada;;;701-800;11.61;351-400;5.79;801-1000;2.73;;;701-800;3.09;;;;;;;;;;;
2023;direito;Faculdade Cândido Rondon;MT;1001;Privada;;;1001 ou +;4.55;1001 ou +;1.08;801-1000;3.06;;;1001 ou +;0.41;;;1.29;;;;;;;;
2023;direito;Faculdade Raimundo Marinho;AL;1001;Privada;;;1001 ou +;3.09;1001 ou +;0.93;1001 ou +;1.81;;;1001 ou +;0.35;;;0.97;;;;;;;;
2023;direito;Faculdade Nove de Julho de Bauru;SP;1001;Privada;;;1001 ou +;2.9;1001 ou +;1.72;1001 ou +;0.5;;;1001 ou +;0.68;;;;;;;;;;;
2023;direito;Faculdade Batista Brasileira;BA;1001;Privada;;;1001 ou +;5.82;801-1000;2.63;801-1000;3.19;;;;;;;5.3;;;;;;;;
2023;direito;Faculdade do Maciço do Baturité;CE;1001;Privada;;;1001 ou +;8.19;1001 ou +;1.29;601-700;4.06;;;801-1000;2.84;;;;;;;;;;;
2023;direito;Faculdade dos Cerrados Piauienses;PI;1001;Privada;;;1001 ou +;2.1;1001 ou +;0.37;1001 ou +;1.49;;;1001 ou +;0.24;;;0.28;;;;;;;;
2023;direito;Faculdade Vale do Pajeu;PE;1001;Privada;;;801-1000;9.66;1001 ou +;0.27;1001 ou +;1.39;;;1;8;;;;;;;;;;;
2023;direito;Faculdade para o Desenvolvimento Sustentável da Amazônia;PA;1001;Privada;;;1001 ou +;3.12;1001 ou +;1.08;801-1000;2.04;;;;;;;;;;;;;;;
2023;direito;Faculdade Unibrasília de Minas Gerais;MG;1001;Privada;;;801-1000;10.29;1001 ou +;1.08;1001 ou +;1.21;;;1;8;;;;;;;;;;;
2023;direito;Faculdade Anhanguera de São José do Rio Preto;SP;1001;Privada;;;701-800;11.67;150;7.1;1001 ou +;0.5;;;601-700;4.07;;;;;;;;;;;
2023;direito;Faculdade Empresarial de Chapecó;SC;1001;Privada;;;1001 ou +;3.94;801-1000;2.09;1001 ou +;1.68;;;1001 ou +;0.17;;;;;;;;;;;
2023;direito;Faculdade Anhanguera de Sertãozinho;SP;1001;Privada;;;801-1000;11.08;127;7.24;1001 ou +;0.5;;;701-800;3.34;;;;;;;;;;;
2023;direito;Faculdade Unifametro Maracanaú;CE;1001;Privada;;;1001 ou +;8.4;801-1000;2.28;601-700;4.06;;;801-1000;2.06;;;;;;;;;;;
2023;direito;Faculdade Solidária do Oeste Paulista;SP;1001;Privada;;;1001 ou +;2.36;1001 ou +;0.78;1001 ou +;0.5;;;1001 ou +;1.08;;;;;;;;;;;
2023;direito;Faculdade Santo Agostinho;MG;1001;Privada;;;801-1000;9.62;701-800;3.5;401-500;5.36;;;1001 ou +;0.76;;;;;;;;;;;
2023;direito;Faculdade de Ciências Jurídicas de Altamira;PA;1001;Privada;;;701-800;11.34;251-300;6.21;801-1000;2.04;;;701-800;3.09;;;;;;;;;;;
2023;direito;Faculdade Santo Antonio BA;BA;1001;Privada;;;1001 ou +;2.91;1001 ou +;0.18;801-1000;2.73;;;;;;;;;;;;;;;
2023;direito;Faculdade do Guarujá;SP;1001;Privada;;;1001 ou +;8.34;601-700;4.12;701-800;3.37;;;1001 ou +;0.85;;;2.91;;;;;;;;
2023;direito;Faculdade Van Gogh;SP;1001;Privada;;;701-800;11.71;701-800;3.21;1001 ou +;0.5;;;1;8;;;;;;;;;;;
2023;direito;Faculdade de Jussara;GO;1001;Privada;;;1001 ou +;7.9;1001 ou +;0.96;701-800;3.54;;;701-800;3.4;;;3.23;;;;;;;;
2023;direito;Faculdade Viva Vitória;ES;1001;Privada;;;1001 ou +;4.96;1001 ou +;1.21;1001 ou +;1.88;;;801-1000;1.87;;;0.78;;;;;;;;
2023;direito;Faculdade Espírito Santense;ES;1001;Privada;;;1001 ou +;6.65;801-1000;2.04;1001 ou +;1.88;;;801-1000;2.73;;;;;;;;;;;
2023;direito;Faculdade de Ciências Jurídicas de Santa Maria;RS;1001;Privada;;;1001 ou +;6.92;501-600;4.76;801-1000;2.16;;;;;;;;;;;;;;;
2023;direito;Faculdade Frassinetti do Recife;PE;1001;Privada;;;1001 ou +;8.68;351-400;5.83;1001 ou +;1.39;;;1001 ou +;1.46;;;;;;;;;;;
2023;direito;Faculdade Uninassau Belo Horizonte;MG;1001;Privada;;;801-1000;9.18;601-700;4.2;1001 ou +;1.21;;;601-700;3.77;;;;;;;;;;;
2023;direito;Faculdade Sapiens;RO;1001;Privada;;;1001 ou +;6.32;1001 ou +;1.49;801-1000;2.26;;;801-1000;2.57;;;;;;;;;;;
2023;direito;Faculdade Cgesp Goiânia;GO;1001;Privada;;;1001 ou +;7.04;251-300;6.21;1001 ou +;0.83;;;;;;;;;;;;;;;
2023;direito;Faculdade Bertioga;SP;1001;Privada;;;1001 ou +;6.15;801-1000;2.2;801-1000;2.27;;;1001 ou +;1.68;;;1.85;;;;;;;;
2023;direito;Faculdade Filos;GO;1001;Privada;;;1001 ou +;5.16;601-700;4.33;1001 ou +;0.83;;;;;;;;;;;;;;;
2023;direito;Faculdade Cidade de João Pinheiro;MG;1001;Privada;;;1001 ou +;5.46;;;1001 ou +;1.21;;;501-600;4.25;;;;;;;;;;;
2023;direito;Faculdade Pinhalzinho;SC;1001;Privada;;;1001 ou +;2.23;;;1001 ou +;1.68;;;1001 ou +;0.55;;;;;;;;;;;
2023;direito;Faculdade Unibras do Mato Grosso;MT;1001;Privada;;;1001 ou +;2.43;1001 ou +;0.18;1001 ou +;0.65;;;1001 ou +;1.6;;;;;;;;;;;
2023;direito;Faculdade Reges de Osvaldo Cruz;SP;1001;Privada;;;1001 ou +;6.44;701-800;3.21;1001 ou +;0.5;;;801-1000;2.73;;;;;;;;;;;
2023;direito;Faculdade Única de Timóteo;MG;1001;Privada;;;1001 ou +;6.2;1001 ou +;0.35;1001 ou +;1.21;;;501-600;4.64;;;;;;;;;;;
2023;direito;Centro Universitário Maurício de Nassau de Cacoal;RO;1001;Privada;;;801-1000;10.92;501-600;4.55;801-1000;2.26;;;601-700;4.11;;;;;;;;;;;
2023;direito;Faciten - Faculdade de Ciências e Tecnologias de Natal;RN;1001;Privada;;;1001 ou +;2.39;1001 ou +;0.06;801-1000;2.33;;;;;;;;;;;;;;;
2023;direito;Centro de Ensino Superior de Lorena;SP;1001;Privada;;;801-1000;9.93;1001 ou +;1.43;1001 ou +;0.5;;;1;8;;;;;;;;;;;
2023;direito;Faculdade Ibgen;RS;1001;Privada;;;1001 ou +;8.07;701-800;3.21;801-1000;3.12;;;801-1000;1.74;;;;;;;;;;;
2023;direito;Faculdade Santa Teresa;AM;1001;Privada;;;1001 ou +;8.39;701-800;3.74;701-800;3.24;;;1001 ou +;1.41;;;;;;;;;;;
2023;direito;Faculdade Fasipe de Rondonópolis;MT;1001;Privada;;;1001 ou +;6.82;1001 ou +;1.29;1001 ou +;0.65;;;401-500;4.88;;;;;;;;;;;
2023;direito;Faculdade Uberlandense de Núcleos Integrados de Ensino, Serviço Social e Aprendizagem;MG;1001;Privada;;;801-1000;9.34;601-700;4.02;1001 ou +;1.21;;;601-700;4.11;;;;;;;;;;;
2023;direito;Faculdade Multivix Serra;ES;1001;Privada;;;1001 ou +;8.77;801-1000;2.25;1001 ou +;1.88;;;501-600;4.64;;;;;;;;;;;
2023;direito;Centro de Ensino Superior do Tocantins;TO;1001;Privada;;;1001 ou +;3.85;701-800;3.21;1001 ou +;0.06;;;1001 ou +;0.58;;;;;;;;;;;
2023;direito;Faculdade Mário Quintana;RS;1001;Privada;;;1001 ou +;6.22;801-1000;2.32;801-1000;2.16;;;801-1000;1.74;;;;;;;;;;;
2023;direito;Instituto Paraibano de Ensino Renovado;PB;1001;Privada;;;1001 ou +;2.2;1001 ou +;0.66;1001 ou +;1.54;;;;;;;0.37;;;;;;;;
2023;direito;Faculdade Uninassau Vilhena;RO;1001;Privada;;;801-1000;10.5;601-700;3.82;801-1000;2.26;;;501-600;4.42;;;;;;;;;;;
2023;direito;Faculdade Alfredo Nasser de Pontalina;GO;1001;Privada;;;801-1000;10.41;1001 ou +;1.58;1001 ou +;0.83;;;1;8;;;;;;;;;;;
2023;direito;Escola Superior Madre Celeste;PA;1001;Privada;;;1001 ou +;6.92;801-1000;2.59;601-700;4.3;;;1001 ou +;0.03;;;2.54;;;;;;;;
2023;direito;Faculdade Anhanguera de Ribeirão Preto;SP;1001;Privada;;;1001 ou +;2.04;1001 ou +;1.54;1001 ou +;0.5;;;;;;;;;;;;;;;
2023;direito;Instituto de Ensino Superior Múltiplo;MA;1001;Privada;;;701-800;11.54;1001 ou +;1.08;801-1000;2.46;;;1;8;;;;;;;;;;;
2023;direito;Faculdade Anhanguera Unidade Parauapebas;PA;1001;Privada;;;801-1000;10;401-500;5.32;801-1000;2.04;;;801-1000;2.64;;;;;;;;;;;
2023;direito;Faculdade Anhanguera de São José;SP;1001;Privada;;;701-800;11.72;157;7.06;1001 ou +;0.5;;;601-700;4.16;;;;;;;;;;;
2023;direito;Instituto Cuiabá de Ensino e Cultura;MT;1001;Privada;;;1001 ou +;1.08;1001 ou +;0.37;1001 ou +;0.65;;;1001 ou +;0.06;;;3.64;;;;;;;;
2023;direito;Faculdade Sensu;GO;1001;Privada;;;801-1000;10.15;1001 ou +;1.32;1001 ou +;0.83;;;1;8;;;;;;;;;;;
2023;direito;Faculdade Anhanguera de Limeira;SP;1001;Privada;;;1001 ou +;6.74;501-600;4.86;1001 ou +;0.5;;;1001 ou +;1.38;;;;;;;;;;;
2023;direito;Faculdade Santo Antônio - SJC;SP;1001;Privada;;;801-1000;10.36;1001 ou +;1.86;1001 ou +;0.5;;;1;8;;;;;;;;;;;
2023;direito;Faculdade de São Vicente;SP;1001;Privada;;;1001 ou +;4.46;1001 ou +;0.87;1001 ou +;0.5;;;701-800;3.09;;;;;;;;;;;
2023;direito;Faculdade do Cariri Paraibano;PB;1001;Privada;;;801-1000;10.32;1001 ou +;0.78;1001 ou +;1.54;;;1;8;;;;;;;;;;;
2023;direito;Faculdade Vidal;CE;1001;Privada;;;1001 ou +;8.44;1001 ou +;1.26;601-700;4.06;;;701-800;3.12;;;;;;;;;;;
2023;direito;Faculdade de São Bernardo do Campo - FAPAN SP;SP;1001;Privada;;;1001 ou +;7.98;501-600;4.5;801-1000;2.18;;;1001 ou +;1.3;;;1.11;;;;;;;;
2023;direito;Faculdade Prime;MS;1001;Privada;;;801-1000;8.91;701-800;3.21;701-800;3.64;;;801-1000;2.06;;;;;;;;;;;
2023;direito;Centro de Ensino Superior de Arcoverde;PE;1001;Municipal;;;1001 ou +;0.83;1001 ou +;0.79;1001 ou +;0.04;;;;;;;;;;;;;;;
2023;direito;Faculdade Anhanguera de Joinville;SC;1001;Privada;;;801-1000;10.57;251-300;6.23;1001 ou +;1.68;;;801-1000;2.66;;;;;;;;;;;
2023;direito;Faculdade de Matupá;MT;1001;Privada;;;801-1000;10.08;1001 ou +;1.43;1001 ou +;0.65;;;1;8;;;;;;;;;;;
2023;direito;Faculdade Pitágoras de Pouso Alegre;MG;1001;Privada;;;701-800;11.61;157;7.06;1001 ou +;1.21;;;701-800;3.34;;;;;;;;;;;
2023;direito;Faculdade Progresso;SP;1001;Privada;;;1001 ou +;2.14;1001 ou +;1.29;1001 ou +;0.5;;;1001 ou +;0.35;;;;;;;;;;;
2023;direito;Faculdade Estácio da Paraíba;PB;1001;Privada;;;1001 ou +;6.96;701-800;3.21;1001 ou +;1.54;;;801-1000;2.21;;;;;;;;;;;
2023;direito;Faculdade Uniguaçu;PR;1001;Privada;;;701-800;11.54;701-800;3.41;801-1000;3.03;;;401-500;5.1;;;;;;;;;;;
2023;direito;Faculdade Educacional Araucária;PR;1001;Privada;;;1001 ou +;6.24;701-800;3.21;801-1000;3.03;;;;;;;;;;;;;;;
2023;direito;Faculdade La Salle;AM;1001;Privada;;;801-1000;10.95;701-800;3.21;701-800;3.24;;;501-600;4.5;;;;;;;;;;;
2023;direito;Faculdades Integradas Rio Branco Granja Vianna;SP;1001;Privada;;;1001 ou +;7.19;601-700;3.96;1001 ou +;0.5;;;801-1000;2.73;;;;;;;;;;;
2023;direito;Faculdades Integradas Aparício Carvalho Vilhena;RO;1001;Privada;;;801-1000;10.55;1001 ou +;0.29;801-1000;2.26;;;1;8;;;;;;;;;;;
2023;direito;Faculdade de Estudos Avançados do Pará;PA;1001;Privada;;;801-1000;9.46;601-700;4.33;801-1000;2.04;;;701-800;3.09;;;;;;;;;;;
2023;direito;Faculdade Unibrasília Sul;DF;1001;Privada;;;1001 ou +;6.28;1001 ou +;0.07;801-1000;2.86;;;701-800;3.35;;;;;;;;;;;
2023;direito;Faculdade Fleming Cerquilho;SP;1001;Privada;;;1001 ou +;6.09;801-1000;2.25;1001 ou +;0.5;;;701-800;3.34;;;;;;;;;;;
2023;direito;Faculdade Conhecimento & Ciência;PA;1001;Privada;;;1001 ou +;5.86;601-700;3.82;801-1000;2.04;;;;;;;;;;;;;;;
2023;direito;Faculdade Diadema;SP;1001;Privada;;;1001 ou +;8.1;801-1000;2.14;801-1000;2.87;;;701-800;3.09;;;0.55;;;;;;;;
2023;direito;Faculdade Anhanguera Franca;SP;1001;Privada;;;701-800;11.25;57;7.66;1001 ou +;0.5;;;701-800;3.09;;;;;;;;;;;
2023;direito;Faculdade de Belém;PA;1001;Privada;;;1001 ou +;5.99;1001 ou +;1.93;701-800;3.51;;;1001 ou +;0.55;;;1.8;;;;;;;;
2023;direito;Faculdade Cnec Capitão Lemos Cunha;RJ;1001;Privada;;;1001 ou +;7.61;801-1000;2.41;601-700;4.21;;;1001 ou +;0.99;;;;;;;;;;;
2023;direito;Faculdade Conceito Educacional;PE;1001;Privada;;;1001 ou +;7.11;1001 ou +;1.08;1001 ou +;1.39;;;501-600;4.64;;;;;;;;;;;
2023;direito;Centro Universitário Estácio Meta de Rio Branco Estácio;AC;1001;Privada;;;801-1000;11.04;1001 ou +;1.24;201-250;6.65;;;701-800;3.15;;;;;;;;;;;
2023;direito;Faculdade Imesp Monitor;SP;1001;Privada;;;1001 ou +;7.68;251-300;6.21;1001 ou +;0.5;;;1001 ou +;0.97;;;;;;;;;;;
2023;direito;Faculdade da Fundação Educacional Araçatuba;SP;1001;Privada;;;1001 ou +;3.92;701-800;3.21;1001 ou +;0.5;;;1001 ou +;0.21;;;;;;;;;;;
2023;direito;Strong Business School;SP;1001;Privada;;;801-1000;10.32;110;7.34;1001 ou +;0.5;;;801-1000;2.48;;;;;;;;;;;
2023;direito;Faculdade Vértix Trirriense;RJ;1001;Privada;;;701-800;11.64;1001 ou +;1.86;1001 ou +;1.78;;;1;8;;;;;;;;;;;
2023;direito;Faculdade CDL;CE;1001;Privada;;;1001 ou +;7.27;701-800;3.21;601-700;4.06;;;;;;;;;;;;;;;
2023;direito;Instituto de Ensino Superior de Teresina;PI;1001;Privada;;;801-1000;9.11;1001 ou +;0.39;401-500;5.13;;;701-800;3.59;;;0.18;;;;;;;;
2023;direito;Faculdade de Ciências Jurídicas de Belo Jardim;PE;1001;Privada;;;701-800;11.4;201-250;6.78;1001 ou +;1.39;;;701-800;3.23;;;;;;;;;;;
2023;direito;Faculdade Presidente Antônio Carlos de Teófilo Otoni;MG;1001;Privada;;;1001 ou +;5.17;1001 ou +;0.32;501-600;4.54;;;1001 ou +;0.31;;;;;;;;;;;
2023;direito;Centro Universitário de Caratinga;MG;1001;Privada;;;1001 ou +;6.13;1001 ou +;1.72;1001 ou +;1.21;;;701-800;3.2;;;;;;;;;;;
2023;direito;Faculdade de Ciências de Timbaúba;PE;1001;Privada;;;1001 ou +;7.18;1001 ou +;1.1;501-600;4.66;;;1001 ou +;1.42;;;4.15;;;;;;;;
2023;direito;Faculdade de Tecnologia de Cruzeiro do Oeste;PR;1001;Privada;;;1001 ou +;3.64;1001 ou +;0.61;801-1000;3.03;;;;;;;;;;;;;;;
2023;direito;Faculdade Uninorte Tailândia;PA;1001;Privada;;;1001 ou +;2.1;1001 ou +;0.06;801-1000;2.04;;;;;;;;;;;;;;;
2023;direito;Faculdade Alfaunipac de Almenara;MG;1001;Privada;;;1001 ou +;1.89;1001 ou +;0.27;1001 ou +;1.21;;;1001 ou +;0.41;;;;;;;;;;;
2023;direito;Faculdade Uninassau Garanhuns;PE;1001;Privada;;;801-1000;9.31;601-700;4.33;1001 ou +;1.39;;;701-800;3.59;;;;;;;;;;;
2023;direito;Centro Universitário de Presidente Prudente;SP;1001;Privada;;;1001 ou +;7.54;1001 ou +;0.96;801-1000;3.18;;;701-800;3.4;;;1.02;;;;;;;;
2023;direito;Faculdades Integradas da América do Sul;GO;1001;Privada;;;1001 ou +;1.96;1001 ou +;1.13;1001 ou +;0.83;;;;;;;;;;;;;;;
2023;direito;Faculdade Uninassau Vitória da Conquista;BA;1001;Privada;;;801-1000;10.75;601-700;4.08;801-1000;2.73;;;601-700;3.94;;;;;;;;;;;
2023;direito;Faculdade de Tecnologia e Negócios de Catalão;GO;1001;Privada;;;1001 ou +;2.12;1001 ou +;0.66;1001 ou +;0.83;;;1001 ou +;0.63;;;;;;;;;;;
2023;direito;Faculdade de Campina Grande;PB;1001;Privada;;;1001 ou +;3.2;1001 ou +;1.24;1001 ou +;1.54;;;1001 ou +;0.42;;;5.44;;;;;;;;
2023;direito;Faculdade Anhanguera de Sumaré;SP;1001;Privada;;;801-1000;10.48;201-250;6.64;1001 ou +;0.5;;;701-800;3.34;;;;;;;;;;;
2023;direito;Faculdade Central do Recife Centro;PE;1001;Privada;;;1001 ou +;4.6;701-800;3.21;1001 ou +;1.39;;;;;;;;;;;;;;;
2023;direito;Faculdade do Vale do Rio Arinos;MT;1001;Privada;;;1001 ou +;3.99;701-800;3.21;1001 ou +;0.65;;;1001 ou +;0.13;;;;;;;;;;;
2023;direito;Faculdade de Educação de Jaru;RO;1001;Privada;;;701-800;11.13;1001 ou +;0.87;801-1000;2.26;;;1;8;;;;;;;;;;;
2023;direito;Faculdade Nove de Julho Guarulhos;SP;1001;Privada;;;1001 ou +;3.84;701-800;3.21;1001 ou +;0.5;;;1001 ou +;0.13;;;;;;;;;;;
2023;direito;Faculdade Cesumar de Londrina;PR;1001;Privada;;;701-800;11.44;401-500;5.32;801-1000;3.03;;;701-800;3.09;;;;;;;;;;;
2023;direito;Faculdade das Atividades Empresariais de Teresina;PI;1001;Privada;;;1001 ou +;3.74;1001 ou +;0.42;801-1000;3.11;;;1001 ou +;0.21;;;1.48;;;;;;;;
2023;direito;Centro Universitário das Faculdades Associadas de Ensino;SP;1001;Municipal;;;801-1000;10.09;701-800;3.21;701-800;3.79;;;701-800;3.09;;;;;;;;;;;
2023;direito;Faculdade Insted;MS;1001;Privada;;;1001 ou +;6.83;1001 ou +;1.75;701-800;3.64;;;1001 ou +;1.44;;;;;;;;;;;
2023;direito;Faculdade Anhanguera de Jaú;SP;1001;Privada;;;701-800;11.13;100;7.4;1001 ou +;0.5;;;701-800;3.23;;;;;;;;;;;
2023;direito;Faculdade Finom de Patos de Minas;MG;1001;Privada;;;701-800;11.35;801-1000;2.14;1001 ou +;1.21;;;1;8;;;;;;;;;;;
2023;direito;Faculdade Estácio de Cotia;SP;1001;Privada;;;701-800;11.71;701-800;3.21;1001 ou +;0.5;;;1;8;;;;;;;;;;;
2023;direito;Centro Universitário São Miguel;PE;1001;Privada;;;801-1000;9.6;601-700;3.96;1001 ou +;1.39;;;501-600;4.25;;;;;;;;;;;
2023;direito;Centro Universitário Faveni;SP;1001;Privada;;;801-1000;9.93;1001 ou +;1.43;1001 ou +;0.5;;;1;8;;;;;;;;;;;
2023;direito;Faculdade Ari de Sá;CE;1001;Privada;;;801-1000;10.53;701-800;3.7;601-700;4.06;;;801-1000;2.77;;;;;;;;;;;
2023;direito;Faculdade Estácio do Rio Grande do Norte;RN;1001;Privada;;;801-1000;10.11;401-500;5.14;801-1000;2.33;;;801-1000;2.64;;;;;;;;;;;
2023;direito;Faculdade Cidade de Patos de Minas;MG;1001;Privada;;;1001 ou +;7.7;1001 ou +;1.72;1001 ou +;1.21;;;501-600;4.77;;;;;;;;;;;
2023;direito;Faculdade de Ciências do Tocantins;TO;1001;Privada;;;1001 ou +;2.21;1001 ou +;1.8;1001 ou +;0.06;;;1001 ou +;0.35;;;;;;;;;;;
2023;direito;Instituto Tecnológico e das Ciências Sociais Aplicadas e da Saúde do Centro Educ. N. Srª Auxiliadora;RJ;1001;Privada;;;1001 ou +;6.4;601-700;3.88;1001 ou +;1.78;;;1001 ou +;0.74;;;;;;;;;;;
2023;direito;Faculdade Anhanguera de Contagem;MG;1001;Privada;;;701-800;11.4;251-300;6.45;1001 ou +;1.21;;;601-700;3.74;;;;;;;;;;;
2023;direito;Faculdade da Região Serrana;ES;1001;Privada;;;1001 ou +;7.43;1001 ou +;0.78;1001 ou +;1.88;;;501-600;4.77;;;;;;;;;;;
2023;direito;Faculdade de Itaituba;PA;1001;Privada;;;801-1000;10.82;1001 ou +;0.78;801-1000;2.04;;;1;8;;;;;;;;;;;
2023;direito;Centro Universitário Piaget;SP;1001;Privada;;;801-1000;9.99;1001 ou +;1.49;1001 ou +;0.5;;;1;8;;;;;;;;;;;
2023;direito;Faculdade de Tecnologia Jardim;SP;1001;Privada;;;1001 ou +;4.8;1001 ou +;1.98;1001 ou +;0.5;;;801-1000;2.32;;;;;;;;;;;
2023;direito;Centro Universitário Don Domênico;SP;1001;Privada;;;1001 ou +;8.15;351-400;5.86;1001 ou +;0.5;;;801-1000;1.79;;;;;;;;;;;
2023;direito;Faculdade de Direito de Alta Floresta;MT;1001;Privada;;;1001 ou +;8.88;1001 ou +;0.23;1001 ou +;0.65;;;1;8;;;1.94;;;;;;;;
2023;direito;Faculdade Orígenes Lessa;SP;1001;Privada;187;7.41;1001 ou +;3.49;801-1000;2.72;1001 ou +;0.5;;;1001 ou +;0.27;;;;;;;;;;;
2023;direito;Faculdade Raimundo Marinho de Penedo;AL;1001;Privada;;;1001 ou +;1.85;1001 ou +;0.01;1001 ou +;1.43;;;1001 ou +;0.41;;;;;;;;;;;
2023;direito;Faculdade de Ciências e Tecnologia da Bahia;BA;1001;Privada;;;1001 ou +;8.04;1001 ou +;1.72;801-1000;2.73;;;701-800;3.59;;;;;;;;;;;
2023;direito;Faculdade Master do Pará;PA;1001;Privada;;;1001 ou +;2.04;;;801-1000;2.04;;;;;;;;;;;;;;;
2023;direito;Faculdade Regional de Minas Gerais;MG;1001;Privada;;;1001 ou +;4.42;701-800;3.21;1001 ou +;1.21;;;;;;;;;;;;;;;
2023;direito;Faculdade Egas Moniz;PE;1001;Privada;;;1001 ou +;7.05;351-400;5.66;1001 ou +;1.39;;;;;;;;;;;;;;;
2023;direito;Cesrei Faculdade;PB;1001;Privada;;;1001 ou +;3.79;1001 ou +;0.04;701-800;3.73;;;1001 ou +;0.02;;;4.1;;;;;;;;
2023;direito;Faculdade Presidente Antônio Carlos de Itabirito;MG;1001;Privada;;;701-800;11.18;401-500;5.14;301-350;6.04;;;;;;;;;;;;;;;
2023;direito;Centro Universitário Univinte;SC;1001;Privada;;;1001 ou +;4.14;1001 ou +;0.83;1001 ou +;1.68;;;1001 ou +;1.63;;;;;;;;;;;
2023;direito;Faculdade União de Campo Mourão;PR;1001;Privada;;;1001 ou +;8.75;1001 ou +;1.08;801-1000;3.03;;;501-600;4.64;;;;;;;;;;;
2023;direito;Centro Universitário Dom Bosco do Rio de Janeiro;RJ;1001;Privada;;;1001 ou +;7.81;601-700;3.82;1001 ou +;1.78;;;801-1000;2.21;;;;;;;;;;;
2023;direito;Faculdade de Nova Mutum - Unifama;MT;1001;Privada;;;1001 ou +;5.64;1001 ou +;0.35;1001 ou +;0.65;;;501-600;4.64;;;;;;;;;;;
2023;direito;Faculdade Unicentral;MT;1001;Privada;;;1001 ou +;1.71;1001 ou +;0.51;1001 ou +;0.65;;;1001 ou +;0.55;;;;;;;;;;;
2023;direito;Faculdade de Ensino Superior Paschoal Dantas;SP;1001;Privada;;;1001 ou +;4.34;701-800;3.21;1001 ou +;0.5;;;1001 ou +;0.63;;;;;;;;;;;
2023;direito;Faculdade de Filosofia, Ciências e Letras do Alto São Francisco;MG;1001;Privada;;;701-800;11.5;801-1000;2.29;1001 ou +;1.21;;;1;8;;;;;;;;;;;
2023;direito;Faculdade Uninassau Olinda;PE;1001;Privada;;;1001 ou +;8.12;601-700;3.85;1001 ou +;1.39;;;801-1000;2.88;;;;;;;;;;;
2023;direito;Faculdade do Futuro;MG;1001;Privada;;;801-1000;10.64;1001 ou +;1.43;1001 ou +;1.21;;;1;8;;;;;;;;;;;
2023;direito;Faculdade Unità;SP;1001;Privada;;;801-1000;9.49;1001 ou +;0.99;1001 ou +;0.5;;;1;8;;;;;;;;;;;
2023;direito;Faculdade Reges de Realeza;PR;1001;Privada;;;1001 ou +;8.44;601-700;4.33;801-1000;3.03;;;1001 ou +;1.08;;;;;;;;;;;
2023;direito;Faculdade Estácio de Pimenta Bueno;RO;1001;Privada;;;1001 ou +;7.26;1001 ou +;1.91;801-1000;2.26;;;701-800;3.09;;;;;;;;;;;
2023;direito;Faculdade Uninassau Arapiraca;AL;1001;Privada;;;1001 ou +;6.66;801-1000;2.14;1001 ou +;1.43;;;701-800;3.09;;;;;;;;;;;
2023;direito;Centro Universitário do Recife;PE;1001;Privada;;;1001 ou +;6.55;1001 ou +;1.59;701-800;3.24;;;1001 ou +;1.72;;;5.07;;;;;;;;
2023;direito;Instituto Belo Horizonte de Ensino Superior;MG;1001;Privada;;;1001 ou +;7.96;1001 ou +;0.51;251-300;6.37;;;1001 ou +;1.08;;;3.18;;;;;;;;
2023;direito;Faculdade de Olímpia;SP;1001;Privada;;;1001 ou +;2.63;1001 ou +;1.72;1001 ou +;0.5;;;1001 ou +;0.41;;;3.41;;;;;;;;
2023;direito;Faculdade Irecê;BA;1001;Privada;;;1001 ou +;5.89;1001 ou +;1.56;801-1000;2.73;;;1001 ou +;1.6;;;;;;;;;;;
2023;direito;Faculdade Fael de Curitiba;PR;1001;Privada;;;1001 ou +;8.88;1001 ou +;1.91;801-1000;3.03;;;601-700;3.94;;;;;;;;;;;
2023;direito;Faculdades Integradas Desembargador Sávio Brandão;MT;1001;Privada;;;1001 ou +;4.76;1001 ou +;0.78;601-700;3.87;;;1001 ou +;0.11;;;0.74;;;;;;;;
2023;direito;Faculdade de Presidente Epitácio;SP;1001;Privada;;;1001 ou +;5.58;1001 ou +;0.35;1001 ou +;1.89;;;701-800;3.34;;;0.51;;;;;;;;
2023;direito;Centro Universitário de Ensino, Ciência e Tecnologia do Paraná;PR;1001;Privada;;;801-1000;10.87;701-800;3.35;801-1000;3.03;;;501-600;4.49;;;;;;;;;;;
2023;direito;Faculdade Dom Adelio Tomasin;CE;1001;Privada;;;1001 ou +;6.75;801-1000;2.14;601-700;4.06;;;1001 ou +;0.55;;;;;;;;;;;
2023;direito;Faculdade Ágora;MT;1001;Privada;;;1001 ou +;5.46;701-800;3.21;1001 ou +;0.65;;;1001 ou +;1.6;;;;;;;;;;;
2023;direito;Centro Universitário Internacional Signorelli;RJ;1001;Privada;;;1001 ou +;5.31;801-1000;2.38;1001 ou +;1.78;;;1001 ou +;1.15;;;;;;;;;;;
2023;direito;Centro Universitário Uniftec;RS;1001;Privada;;;1001 ou +;7.65;601-700;4.15;801-1000;2.16;;;1001 ou +;1.34;;;;;;;;;;;
2023;direito;Faculdade São Paulo de Presidente Venceslau;SP;1001;Privada;;;1001 ou +;4.07;801-1000;2.72;1001 ou +;0.5;;;1001 ou +;0.85;;;;;;;;;;;
2023;direito;Faculdade de Desenvolvimento do Norte;MG;1001;Privada;;;801-1000;9.42;1001 ou +;0.21;1001 ou +;1.21;;;1;8;;;;;;;;;;;
2023;direito;Faculdade Dom Ricardo;SP;1001;Privada;;;1001 ou +;3.71;701-800;3.21;1001 ou +;0.5;;;;;;;;;;;;;;;
2023;direito;Faculdade Pitágoras de Eunápolis;BA;1001;Privada;;;701-800;11.69;251-300;6.48;801-1000;2.73;;;801-1000;2.48;;;;;;;;;;;
2023;direito;Faculdade Católica de Anápolis;GO;1001;Privada;;;1001 ou +;3.21;1001 ou +;0.78;1001 ou +;0.83;;;1001 ou +;1.6;;;;;;;;;;;
2023;direito;Centro Universitário do Vale do Araguaia;MT;1001;Privada;;;1001 ou +;8.11;701-800;3.21;1001 ou +;0.65;;;501-600;4.25;;;;;;;;;;;
2023;direito;Faculdade Maurício de Nassau Serra Talhada;PE;1001;Privada;;;801-1000;9.9;1001 ou +;0.51;1001 ou +;1.39;;;1;8;;;;;;;;;;;
2023;direito;Faculdade Alis de Itabirito;MG;1001;Privada;;;1001 ou +;6.52;1001 ou +;1.72;1001 ou +;1.21;;;701-800;3.59;;;;;;;;;;;
2023;direito;Faculdade do Estado do Maranhão;MA;1001;Privada;;;1001 ou +;6.47;1001 ou +;0.6;701-800;3.39;;;801-1000;2.48;;;2.81;;;;;;;;
2023;direito;Escola Superior de Engenharia e Gestão de São Paulo;SP;1001;Privada;;;1001 ou +;6.71;251-300;6.21;1001 ou +;0.5;;;;;;;;;;;;;;;
2023;direito;Faculdade de Tecnologia Nova Palhoça;SC;1001;Privada;;;1001 ou +;4.71;1001 ou +;1.43;1001 ou +;1.68;;;1001 ou +;1.6;;;;;;;;;;;
2023;direito;Faculdade Mais de Ituiutaba;MG;1001;Privada;;;1001 ou +;7.7;1001 ou +;1.72;1001 ou +;1.21;;;501-600;4.77;;;3.6;;;;;;;;
2023;direito;Faculdades Integradas do Ceará;CE;1001;Privada;;;1001 ou +;6.02;1001 ou +;1.11;601-700;4.06;;;1001 ou +;0.85;;;;;;;;;;;
2023;direito;Escola Superior de Educação;MG;1001;Privada;;;1001 ou +;4.42;701-800;3.21;1001 ou +;1.21;;;;;;;;;;;;;;;
2023;direito;Centro Universitário Dom Pedro II;BA;1001;Privada;;;1001 ou +;6.17;1001 ou +;1;601-700;4.18;;;1001 ou +;0.99;;;2.35;;;;;;;;
2023;direito;Faculdade Uninassau Cabo;PE;1001;Privada;;;801-1000;10.57;501-600;4.76;1001 ou +;1.39;;;501-600;4.42;;;;;;;;;;;
2023;direito;Centro de Ensino Superior de Jataí;GO;1001;Privada;;;1001 ou +;0.94;1001 ou +;0.11;1001 ou +;0.83;;;;;;;10.38;;;;;;;;
2023;direito;Ipog - Instituto de Pós-graduação & Graduação;GO;1001;Privada;;;701-800;11.59;401-500;5.58;1001 ou +;0.83;;;401-500;5.18;;;;;;;;;;;
2023;direito;Faculdade de Colinas do Tocantins;TO;1001;Privada;;;1001 ou +;6.55;1001 ou +;1.72;1001 ou +;0.06;;;501-600;4.77;;;4.61;;;;;;;;
2023;direito;Instituto Maranhense de Ensino e Cultura;MA;1001;Privada;;;1001 ou +;5.71;801-1000;2.04;801-1000;2.46;;;1001 ou +;1.21;;;0.92;;;;;;;;
2023;direito;Instituto de Ensino Superior Planalto;DF;1001;Privada;;;1001 ou +;3.62;1001 ou +;0.13;801-1000;2.86;;;1001 ou +;0.63;;;3.04;;;;;;;;
2023;direito;Instituto Superior de Educação Ibituruna;MG;1001;Privada;;;1001 ou +;4.79;1001 ou +;0.67;1001 ou +;1.21;;;801-1000;2.91;;;;;;;;;;;
2023;direito;Faculdades de Ciências e Tecnologia do Nordeste Ltda;CE;1001;Privada;;;801-1000;10.35;801-1000;2.04;601-700;4.06;;;501-600;4.25;;;;;;;;;;;
2023;direito;Faculdade Três Marias;PB;1001;Privada;;;1001 ou +;4.75;701-800;3.21;1001 ou +;1.54;;;;;;;;;;;;;;;
2023;direito;Faculdade Única de Contagem;MG;1001;Privada;;;801-1000;10.29;1001 ou +;1.08;1001 ou +;1.21;;;1;8;;;;;;;;;;;
2023;direito;Faculdade Unibras do Maranhão;MA;1001;Privada;;;1001 ou +;4.39;1001 ou +;1.08;801-1000;2.46;;;1001 ou +;0.85;;;;;;;;;;;
2023;direito;Faculdade Boas Novas de Ciências Teológicas, Sociais e Biotecnológicas;AM;1001;Privada;;;801-1000;8.9;351-400;5.66;701-800;3.24;;;;;;;;;;;;;;;
2023;direito;Centro Universitário Unifecaf;SP;1001;Privada;;;1001 ou +;6.61;1001 ou +;1.13;1001 ou +;0.5;;;401-500;4.98;;;;;;;;;;;
2023;direito;Faculdade de Ensino Regional Alternativa;AL;1001;Privada;;;701-800;11.15;1001 ou +;1.72;1001 ou +;1.43;;;1;8;;;;;;;;;;;
2023;direito;Faculdade Alfaunipac de Capelinha;MG;1001;Privada;;;1001 ou +;3.05;1001 ou +;1.21;1001 ou +;1.21;;;1001 ou +;0.63;;;;;;;;;;;
2023;direito;Faculdade Estácio do Amazonas;AM;1001;Privada;;;1001 ou +;6.8;801-1000;2.28;701-800;3.24;;;1001 ou +;1.28;;;;;;;;;;;
2023;direito;Faculdade Integrada Cesumar de Curitiba;PR;1001;Privada;;;801-1000;10.84;251-300;6.21;801-1000;3.03;;;1001 ou +;1.6;;;;;;;;;;;
2023;direito;Faculdade Católica Santa Teresinha;RN;1001;Privada;;;1001 ou +;5.66;1001 ou +;1.96;801-1000;2.33;;;1001 ou +;1.37;;;;;;;;;;;
2023;direito;Faculdade de Caldas Novas;GO;1001;Privada;;;1001 ou +;4.21;1001 ou +;0.1;1001 ou +;1.79;;;801-1000;2.32;;;6;;;;;;;;
2023;direito;Faculdade da Região Sisaleira;BA;1001;Privada;;;1001 ou +;2.95;1001 ou +;0.18;801-1000;2.73;;;1001 ou +;0.04;;;;;;;;;;;
2023;direito;Faculdade Promove de Sete Lagoas;MG;1001;Privada;;;1001 ou +;4.83;701-800;3.54;1001 ou +;1.21;;;1001 ou +;0.08;;;;;;;;;;;
2023;direito;Faculdade Nove de Julho Mauá;SP;1001;Privada;;;1001 ou +;2.92;801-1000;2.31;1001 ou +;0.5;;;1001 ou +;0.11;;;;;;;;;;;
2023;direito;Faculdade Galileu;SP;1001;Privada;;;1001 ou +;7.47;501-600;4.76;1001 ou +;0.5;;;801-1000;2.21;;;;;;;;;;;
2023;direito;Faculdade de Direito 8 de Julho;SE;1001;Privada;;;1001 ou +;8.19;501-600;4.52;701-800;3.32;;;1001 ou +;0.35;;;;;;;;;;;
2023;direito;Faculdade Estácio do Pantanal;MT;1001;Privada;;;1001 ou +;6.82;1001 ou +;1.53;1001 ou +;0.65;;;501-600;4.64;;;;;;;;;;;
2023;direito;Faculdade Única de Ipatinga;MG;1001;Privada;;;1001 ou +;4.98;1001 ou +;0.93;1001 ou +;1.21;;;801-1000;2.84;;;;;;;;;;;
2023;direito;Faculdade Laboro;MA;1001;Privada;;;1001 ou +;6.35;701-800;3.21;801-1000;2.46;;;1001 ou +;0.68;;;;;;;;;;;
2023;direito;Faculdade Invest de Ciências e Tecnologia;MT;1001;Privada;;;1001 ou +;5.33;701-800;3.53;1001 ou +;0.65;;;1001 ou +;1.15;;;;;;;;;;;
2023;direito;Faculdade Cesumar de Ponta Grossa;PR;1001;Privada;;;1001 ou +;7.45;701-800;3.21;801-1000;3.03;;;1001 ou +;1.21;;;;;;;;;;;
2023;direito;Faculdade Centro Mato-grossense;MT;1001;Privada;;;1001 ou +;2;1001 ou +;0.27;1001 ou +;0.65;;;1001 ou +;1.08;;;;;;;;;;;
2023;direito;Faculdade Integrada Cete;PE;1001;Privada;;;1001 ou +;3.11;1001 ou +;1.72;1001 ou +;1.39;;;;;;;;;;;;;;;
2023;direito;Faculdade Brasil Norte;AP;1001;Privada;;;801-1000;10.35;1001 ou +;0.18;801-1000;2.17;;;1;8;;;0.6;;;;;;;;
2023;direito;Faculdade Anhanguera de Santa Bárbara;SP;1001;Privada;;;801-1000;10.1;201-250;6.72;1001 ou +;0.5;;;801-1000;2.88;;;;;;;;;;;
2023;direito;Faculdade de Filosofia Ciências e Letras de Penápolis;SP;1001;Privada;;;1001 ou +;6.12;701-800;3.49;1001 ou +;0.5;;;801-1000;2.13;;;;;;;;;;;
2023;direito;Faculdade de Direito de Uruguaiana - Anhanguera;RS;1001;Privada;;;801-1000;10.83;351-400;5.87;801-1000;2.16;;;801-1000;2.8;;;;;;;;;;;
2023;direito;Faculdade da Associação Brasiliense de Educação;RS;1001;Privada;;;1001 ou +;4.85;801-1000;2.14;801-1000;2.16;;;1001 ou +;0.55;;;;;;;;;;;
2023;direito;Centro Universitário do Rio de Janeiro;RJ;1001;Privada;;;1001 ou +;7.45;1001 ou +;0.43;801-1000;3.08;;;601-700;3.94;;;0.83;;;;;;;;
2023;direito;Faculdade Liber de Porangatu;GO;1001;Privada;;;801-1000;9.34;1001 ou +;0.51;1001 ou +;0.83;;;1;8;;;;;;;;;;;
2023;direito;Faculdade de Guarantã do Norte;MT;1001;Privada;;;1001 ou +;6.83;1001 ou +;1.54;1001 ou +;0.65;;;501-600;4.64;;;;;;;;;;;
2023;direito;Faculdade de Tecnologia do Vale do Ivaí;PR;1001;Privada;;;1001 ou +;7.55;1001 ou +;1.43;801-1000;3.03;;;701-800;3.09;;;;;;;;;;;
2023;direito;Faculdade Pitágoras de Serrinha;BA;1001;Privada;;;1001 ou +;7.21;701-800;3.21;801-1000;2.73;;;1001 ou +;1.27;;;;;;;;;;;
2023;direito;Centro Universitário Maurício de Nassau de Caruaru;PE;1001;Privada;;;801-1000;9.23;501-600;4.5;1001 ou +;1.39;;;701-800;3.34;;;;;;;;;;;
2023;direito;Faculdade Flórida;SP;1001;Privada;;;801-1000;10.47;401-500;5.55;1001 ou +;0.5;;;501-600;4.42;;;;;;;;;;;
2023;direito;Faculdade de Ciências e Tecnologia de Janaúba;MG;1001;Privada;;;1001 ou +;3.07;1001 ou +;0.78;1001 ou +;1.21;;;1001 ou +;1.08;;;;;;;;;;;
2023;direito;Faculdade da Cidade de Maceió;AL;1001;Privada;;;1001 ou +;1.8;1001 ou +;0.11;1001 ou +;1.69;;;;;;;3;;;;;;;;
2023;direito;Universidade de Gurupi;TO;1001;Municipal;;;1001 ou +;2.72;1001 ou +;0.54;801-1000;2.17;;;1001 ou +;0.01;;;7.38;;;;;;;;
2023;direito;Faculdade Supremo Redentor;MA;1001;Privada;;;801-1000;10.57;1001 ou +;0.11;801-1000;2.46;;;1;8;;;;;;;;;;;
2023;direito;Faculdade Presidente Antônio Carlos de Uberaba;MG;1001;Privada;;;1001 ou +;6.4;1001 ou +;1.34;801-1000;3.16;;;801-1000;1.9;;;;;;;;;;;
2023;direito;Faculdade Anhanguera de Rio Claro;SP;1001;Privada;;;701-800;11.28;142;7.15;1001 ou +;0.5;;;601-700;3.63;;;;;;;;;;;
2023;direito;Centro de Ensino Superior de Bacabeira;MA;1001;Privada;;;1001 ou +;4.59;1001 ou +;1.72;801-1000;2.46;;;1001 ou +;0.41;;;;;;;;;;;
2023;direito;Faculdade de Tecnologia Ftec;RS;1001;Privada;;;1001 ou +;7.25;701-800;3.67;801-1000;2.16;;;1001 ou +;1.42;;;;;;;;;;;
2023;direito;Faculdade de Educação da Ibiapaba;CE;1001;Privada;;;1001 ou +;4.57;1001 ou +;0.51;601-700;4.06;;;;;;;;;;;;;;;
2023;direito;Faculdade Inova Mais de São Paulo;SP;1001;Privada;;;701-800;11.71;701-800;3.21;1001 ou +;0.5;;;1;8;;;;;;;;;;;
2023;direito;Faculdades Integradas Asmec;MG;1001;Privada;;;1001 ou +;4.44;1001 ou +;1.17;1001 ou +;1.21;;;801-1000;2.06;;;;;;;;;;;
2023;direito;Faculdade Minas Gerais;MG;1001;Privada;;;1001 ou +;6.63;701-800;3.76;801-1000;2.73;;;1001 ou +;0.14;;;5.03;;;;;;;;
2023;direito;Faculdade de Araraquara;SP;1001;Privada;;;1001 ou +;8.8;601-700;4.08;601-700;3.87;;;1001 ou +;0.85;;;1.43;;;;;;;;
2023;direito;Faculdade Uninassau Petrolina;PE;1001;Privada;;;801-1000;9.36;601-700;4.2;1001 ou +;1.39;;;601-700;3.77;;;;;;;;;;;
2023;direito;Faculdade Monteiro Lobato;RS;1001;Privada;;;1001 ou +;8.15;351-400;5.78;801-1000;2.16;;;1001 ou +;0.21;;;;;;;;;;;
2023;direito;Faculdade Estácio de Florianópolis;SC;1001;Privada;;;801-1000;10.02;351-400;5.86;1001 ou +;1.68;;;801-1000;2.48;;;;;;;;;;;
2023;direito;Faculdade Padrão;GO;1001;Privada;;;801-1000;10.76;1001 ou +;1.93;1001 ou +;0.83;;;1;8;;;0.69;;;;;;;;
2023;direito;Faculdade Uninassau Parnamirim;RN;1001;Privada;;;801-1000;10.13;501-600;4.4;801-1000;2.33;;;701-800;3.4;;;;;;;;;;;
2024;direito;Universidade de São Paulo;SP;1;Estadual;1;36;1;63.83;;;25;7.86;;;1;8;;;37.95;6;7.97;1;40;2;;;
2024;direito;Universidade Federal de Minas Gerais;MG;2;Federal;4;35.66;2;63.49;;;6;7.97;;;1;8;;;38;6;7.97;2;39.55;1;;;
2024;direito;Escola de Direito de São Paulo;SP;3;Privada;10;34.98;4;62.96;;;17;7.91;;;1;8;;;37.68;8;7.96;3;39.09;8;;;
2024;direito;Universidade Federal do Rio de Janeiro;RJ;4;Federal;4;35.66;5;62.19;;;41;7.77;;;1;8;;;36.95;118;7.33;3;39.09;24;;;
2024;direito;Universidade de Brasília;DF;5;Federal;22;33.61;3;62.99;;;4;7.98;;;1;8;;;37.59;15;7.92;3;39.09;10;;;
2024;direito;Universidade Federal do Paraná;PR;6;Federal;10;34.98;6;61.06;;;20;7.89;;;301-350;6.13;;;36.9;9;7.95;3;39.09;25;;;
2024;direito;Universidade do Estado do Rio de Janeiro;RJ;7;Estadual;10;34.98;7;60.52;;;71;7.6;;;301-350;5.98;;;37.4;27;7.85;3;39.09;14;;;
2024;direito;Universidade Federal do Rio Grande do Sul;RS;8;Federal;10;34.98;9;60.15;;;22;7.88;;;1;8;;;37.5;16;7.91;9;36.36;12;;;
2024;direito;Escola de Direito do Rio de Janeiro;RJ;9;Privada;22;33.61;8;60.3;;;2;7.99;;;1;8;;;37.82;9;7.95;9;36.36;5;;;
2024;direito;Universidade Federal de Pernambuco;PE;10;Federal;4;35.66;14;57.69;;;13;7.93;;;1;8;;;37.86;58;7.67;14;34.09;4;;;
2024;direito;Universidade Federal de Santa Catarina;SC;11;Federal;22;33.61;10;60.04;;;15;7.92;;;1;8;;;37.27;43;7.76;9;36.36;17;;;
2024;direito;Pontifícia Universidade Católica de São Paulo;SP;12;Privada;2;35.89;11;58.46;;;75;7.58;;;601-700;4.25;;;36.21;81;7.54;3;39.09;40;;;
2024;direito;Universidade Federal do Ceará;CE;13;Federal;22;33.61;13;57.72;;;25;7.86;;;1;8;;;37.63;41;7.77;14;34.09;9;;;
2024;direito;Universidade Federal Fluminense;RJ;14;Federal;22;33.61;15;57.37;;;45;7.75;;;1;8;;;37.13;83;7.53;14;34.09;20;;;
2024;direito;Universidade Presbiteriana Mackenzie;SP;15;Privada;2;35.89;17;53.97;;;201-250;6.68;;;701-800;3.54;;;34.75;107;7.39;9;36.36;72;;;
2024;direito;Universidade Federal do Espírito Santo;ES;16;Federal;22;33.61;20;53.41;;;35;7.81;;;1;8;;;37.54;71;7.6;23;30;11;;;
2024;direito;Universidade Federal de Juiz de Fora;MG;17;Federal;59;29.39;16;57.26;;;10;7.95;;;1;8;;;37.36;137;7.22;14;34.09;15;;;
2024;direito;Universidade Estadual Paulista Júlio de Mesquita Filho;SP;18;Estadual;59;29.39;12;57.89;;;25;7.86;;;1;8;;;36.72;11;7.94;14;34.09;29;;;
2024;direito;Universidade Federal de Goiás;GO;19;Federal;10;34.98;25;53.09;;;48;7.73;;;1;8;;;35.66;112;7.36;23;30;52;;;
2024;direito;Universidade Federal de Uberlândia;MG;20;Federal;22;33.61;31;52.95;;;57;7.68;;;1;8;;;36.85;128;7.27;23;30;26;;;
2024;direito;Universidade Federal da Bahia;BA;21;Federal;22;33.61;29;53;;;46;7.74;;;1;8;;;36.53;130;7.26;23;30;33;;;
2024;direito;Pontifícia Universidade Católica do Rio de Janeiro;RJ;22;Privada;10;34.98;43;49.91;;;97;7.45;;;1001+;0.58;;;37.04;401-500;5.52;9;36.36;22;;;
2024;direito;Universidade Estadual de Londrina;PR;23;Estadual;22;33.61;36;51.8;;;122;7.31;;;1;8;;;36.4;251-300;6.49;23;30;36;;;
2024;direito;Universidade Federal do Pará;PA;24;Federal;22;33.61;23;53.17;;;28;7.85;;;1;8;;;34.93;119;7.32;23;30;68;;;
2024;direito;Universidade Federal de Santa Maria;RS;25;Federal;59;29.39;22;53.32;;;4;7.98;;;1;8;;;37.22;116;7.34;23;30;18;;;
2024;direito;Universidade de Pernambuco;PE;26;Estadual;59;29.39;32;52.85;;;32;7.82;;;1;8;;;37.45;170;7.03;23;30;13;;;
2024;direito;Pontifícia Universidade Católica do Paraná;PR;27;Privada;10;34.98;40;50.99;;;170;7.04;;;701-800;3.82;;;32.96;301-350;6.04;14;34.09;111;;;
2024;direito;Faculdade de Direito de Vitória;ES;28;Privada;59;29.39;29;53;;;36;7.8;;;1;8;;;36.44;140;7.2;23;30;35;;;
2024;direito;Universidade Federal de Mato Grosso;MT;29;Federal;59;29.39;27;53.02;;;39;7.78;;;1;8;;;36.26;133;7.24;23;30;39;;;
2024;direito;Pontifícia Universidade Católica do Rio Grande do Sul;RS;30;Privada;10;34.98;39;51.37;;;251-300;6.49;;;701-800;3.35;;;31.95;99;7.44;14;34.09;133;;;
2024;direito;Universidade Federal da Paraíba;PB;31;Federal;59;29.39;33;52.63;;;66;7.63;;;1;8;;;36.03;175;7;23;30;44;;;
2024;direito;Pontifícia Universidade Católica de Minas Gerais;MG;32;Privada;4;35.66;44;49.73;;;201-250;6.63;;;801-900;2.77;;;31.9;301-350;6.24;14;34.09;134;;;
2024;direito;Universidade Federal do Maranhão;MA;33;Federal;59;29.39;34;51.99;;;64;7.64;;;1;8;;;35.62;251-300;6.35;23;30;53;;;
2024;direito;Universidade Estadual de Ponta Grossa;PR;34;Estadual;59;29.39;35;51.91;;;81;7.55;;;1;8;;;35.43;251-300;6.36;23;30;57;;;
2024;direito;Universidade Federal de Mato Grosso do Sul;MS;35;Federal;59;29.39;41;50.37;;;166;7.06;;;401-500;5.65;;;34.33;60;7.66;23;30;81;;;
2024;direito;Universidade Positivo;PR;36;Privada;22;33.61;51;47.85;;;201-250;6.7;;;701-800;3.72;;;32.32;100;7.43;23;30;125;;;
2024;direito;Universidade do Vale do Rio dos Sinos;RS;37;Privada;59;29.39;42;50.08;;;189;6.93;;;401-500;5.42;;;33.78;48;7.73;23;30;93;;;
2024;direito;Pontifícia Universidade Católica de Campinas;SP;38;Privada;22;33.61;59;44.65;;;168;7.05;;;1001+;0.99;;;34.52;201-250;6.61;23;30;77;;;
2024;direito;Universidade do Vale do Itajaí;SC;39;Privada;59;29.39;50;48.43;;;301-350;6.22;;;701-800;3.78;;;30.67;601-700;4.34;14;34.09;161;;;
2024;direito;Universidade de Fortaleza;CE;40;Privada;10;34.98;66;43.54;;;251-300;6.45;;;1001+;1.8;;;29.7;401-500;5.29;23;30;182;;;
2024;direito;Universidade Cesumar;PR;41;Privada;22;33.61;46;49.39;;;201-250;6.67;;;401-500;5.23;;;24.16;90;7.49;23;30;301;;;
2024;direito;FAE Centro Universitário;PR;42;Privada;59;29.39;64;43.82;;;141;7.2;;;1001+;2.01;;;32.73;501-600;4.61;23;30;116;;;
2024;direito;Centro Universitário Autônomo do Brasil;PR;43;Privada;59;29.39;56;45.82;;;196;6.89;;;801-900;3.06;;;29.25;351-400;5.87;23;30;192;;;
2024;direito;Pontifícia Universidade Católica de Goiás;GO;44;Privada;4;35.66;83;38.74;;;701-800;3.62;;;1001+;1.49;;;29.52;701-800;3.63;23;30;186;;;
2024;direito;Universidade da Região de Joinville;SC;45;Privada;59;29.39;61;44.07;;;201-250;6.75;;;701-800;3.49;;;29.61;701-800;3.83;23;30;184;;;
2024;direito;Centro Universitário das Faculdades Metropolitanas Unidas;SP;46;Privada;10;34.98;69;42.43;;;701-800;3.95;;;901-1000;2.7;;;24.89;351-400;5.78;23;30;251;;;
2024;direito;Universidade Fumec;MG;47;Privada;59;29.39;58;44.93;;;301-350;6.07;;;801-900;2.92;;;27.92;351-400;5.94;23;30;201;;;
2024;direito;Faculdade Cesusc;SC;48;Privada;59;29.39;75;41.82;;;136;7.23;;;1001+;1.1;;;30.07;701-800;3.49;23;30;174;;;
2024;direito;Universidade Federal de Viçosa;MG;49;Federal;201-250;10.03;26;53.08;;;1;8;;;1;8;;;37.77;161;7.08;23;30;6;;;
2024;direito;Universidade Federal de Lavras;MG;49;Federal;201-250;10.03;19;53.67;;;18;7.9;;;1;8;;;37.18;41;7.77;23;30;19;;;
2024;direito;Faculdade Esamc Campinas;SP;51;Privada;59;29.39;87;37.64;;;401-500;5.53;;;1001+;0.6;;;33.55;1001+;1.51;23;30;98;;;
2024;direito;Universidade Federal de Ouro Preto;MG;52;Federal;201-250;10.03;18;53.75;;;15;7.92;;;1;8;;;36.17;30;7.83;23;30;41;;;
2024;direito;Universidade Federal do Estado do Rio de Janeiro;RJ;53;Federal;201-250;10.03;21;53.34;;;50;7.72;;;1;8;;;36.12;67;7.62;23;30;42;;;
2024;direito;Universidade Católica de Brasília;DF;54;Privada;22;33.61;71;42.29;;;701-800;3.63;;;901-1000;2.51;;;21.13;301-350;6.15;23;30;351;;;
2024;direito;Centro Universitário Ritter dos Reis;RS;55;Privada;59;29.39;70;42.4;;;501-600;4.97;;;901-1000;2.5;;;25.07;501-600;4.93;23;30;251;;;
2024;direito;Universidade de Uberaba;MG;56;Privada;59;29.39;74;42.05;;;148;7.16;;;1001+;1.96;;;24.29;801-900;2.93;23;30;251;;;
2024;direito;Universidade Estadual de Maringá;PR;57;Estadual;22;33.61;99;22.6;;;29;7.84;;;1;8;;;37.73;201-250;6.76;;;7;;;
2024;direito;Universidade Federal do Rio Grande do Norte;RN;58;Federal;22;33.61;92;23.04;;;13;7.93;;;1;8;;;36.99;156;7.11;;;23;;;
2024;direito;Centro Universitário Unidade de Ensino Superior Dom Bosco;MA;59;Privada;201-250;10.03;47;49.11;;;48;7.73;;;401-500;5.5;;;33.92;351-400;5.88;23;30;90;;;
2024;direito;Universidade Federal de Alagoas;AL;60;Federal;22;33.61;103;22.45;;;41;7.77;;;1;8;;;36.63;201-250;6.68;;;31;;;
2024;direito;Universidade Federal do Amazonas;AM;61;Federal;22;33.61;130;20.89;;;43;7.76;;;1;8;;;35.57;501-600;5.13;;;54;;;
2024;direito;Universidade do Estado do Amazonas;AM;62;Estadual;22;33.61;136;20.51;;;82;7.54;;;1;8;;;35.11;501-600;4.97;;;64;;;
2024;direito;Universidade Estadual do Norte do Paraná;PR;63;Estadual;59;29.39;93;23.02;;;20;7.89;;;1;8;;;36.81;153;7.13;;;27;;;
2024;direito;Universidade Estadual do Oeste do Paraná;PR;64;Estadual;59;29.39;102;22.46;;;24;7.87;;;1;8;;;37.08;201-250;6.59;;;21;;;
2024;direito;Universidade Federal do Piauí;PI;65;Federal;59;29.39;101;22.48;;;6;7.97;;;1;8;;;36.58;251-300;6.51;;;32;;;
2024;direito;Centro Universitário Christus;CE;66;Privada;;;24;53.1;;;8;7.96;;;1;8;;;35.2;151;7.14;23;30;62;;;
2024;direito;Faculdade de Direito Milton Campos;MG;67;Privada;10;34.98;186;18.55;;;201-250;6.6;;;401-500;5.15;;;34.61;201-250;6.8;;;75;;;
2024;direito;Fundação Universidade Federal do Tocantins;TO;68;Federal;59;29.39;95;22.96;;;69;7.61;;;1;8;;;35.48;114;7.35;;;56;;;
2024;direito;Fundação Universidade Federal do Pampa;RS;69;Federal;;;27;53.02;;;127;7.28;;;1;8;;;34.38;46;7.74;23;30;80;;;
2024;direito;Universidade Regional do Noroeste do Estado do Rio Grande do Sul;RS;70;Privada;201-250;10.03;57;45.68;;;351-400;5.86;;;501-600;4.61;;;30.99;401-500;5.21;23;30;154;;;
2024;direito;Escola Superior Dom Helder Câmara;MG;71;Privada;22;33.61;187;18.52;;;76;7.57;;;401-500;5.3;;;34.47;401-500;5.65;;;78;;;
2024;direito;Universidade do Estado da Bahia;BA;72;Estadual;59;29.39;119;21.33;;;83;7.53;;;1;8;;;34.98;351-400;5.8;;;67;;;
2024;direito;Centro Universitário Curitiba;PR;73;Privada;22;33.61;201-250;18.07;;;138;7.22;;;601-700;4.39;;;33.83;251-300;6.46;;;92;;;
2024;direito;Fundação Universidade Federal de Rondônia;RO;74;Federal;59;29.39;132;20.65;;;143;7.19;;;1;8;;;34.79;401-500;5.46;;;71;;;
2024;direito;Centro Universitário do Rio Grande do Norte;RN;75;Privada;59;29.39;100;22.52;;;117;7.34;;;1;8;;;32.91;144;7.18;;;112;;;
2024;direito;Universidade do Oeste Paulista;SP;76;Privada;201-250;10.03;52;47.81;;;194;6.9;;;601-700;4.46;;;26.5;251-300;6.45;23;30;251;;;
2024;direito;Centro Universitário do Estado do Pará;PA;77;Privada;22;33.61;168;19.14;;;171;7.03;;;351-400;5.7;;;31.58;251-300;6.41;;;141;;;
2024;direito;Universidade Católica de Santos;SP;78;Privada;;;37;51.7;;;301-350;6.29;;;1;8;;;32.04;104;7.41;23;30;131;;;
2024;direito;Faculdade de Ensino Superior de Linhares;ES;79;Municipal;59;29.39;159;19.3;;;201-250;6.8;;;1;8;;;34.88;601-700;4.5;;;69;;;
2024;direito;Universidade Católica de Pernambuco;PE;80;Privada;10;34.98;401-500;14.33;;;401-500;5.28;;;901-1000;2.53;;;33.97;251-300;6.52;;;89;;;
2024;direito;Universidade Nove de Julho;SP;81;Privada;22;33.61;73;42.17;;;801-900;3;;;901-1000;2.21;;;7.43;182;6.96;23;30;601;;;
2024;direito;Faculdade de Direito de Franca;SP;82;Municipal;59;29.39;201-250;17.91;;;166;7.06;;;501-600;4.97;;;35.16;351-400;5.88;;;63;;;
2024;direito;Faculdade Ibmec;MG;83;Privada;59;29.39;251-300;17.07;;;87;7.51;;;1001+;1.69;;;35.94;23;7.87;;;46;;;
2024;direito;Centro Universitário Faesa;ES;84;Privada;59;29.39;201-250;17.17;;;2;7.99;;;401-500;5.47;;;34.7;701-800;3.71;;;73;;;
2024;direito;Universidade de Ribeirão Preto;SP;85;Privada;22;33.61;251-300;17.07;;;161;7.09;;;601-700;4.28;;;30.57;401-500;5.7;;;163;;;
2024;direito;Centro Universitário Tabosa de Almeida;PE;86;Privada;201-250;10.03;72;42.22;;;201-250;6.65;;;1001+;1.99;;;28.79;701-800;3.58;23;30;201;;;
2024;direito;Universidade Franciscana;RS;87;Privada;59;29.39;201-250;17.87;;;110;7.38;;;401-500;5.54;;;33.74;501-600;4.95;;;94;;;
2024;direito;Centro Universitário Sete de Setembro;CE;88;Privada;59;29.39;201-250;17.09;;;78;7.56;;;701-800;3.4;;;34.24;301-350;6.13;;;83;;;
2024;direito;Instituto Federal de Educação, Ciência e Tecnologia do Paraná;PR;89;Federal;;;48;49.05;;;178;6.99;;;1;8;;;31.63;601-700;4.06;23;30;140;;;
2024;direito;Universidade Estadual do Maranhão;MA;90;Estadual;59;29.39;351-400;15.39;;;106;7.4;;;301-350;6.13;;;35.85;1001+;1.86;;;48;;;
2024;direito;Centro Universitário de Brasília;DF;91;Privada;22;33.61;501-600;13.08;;;104;7.41;;;1001+;1.02;;;33.65;501-600;4.65;;;96;;;
2024;direito;Universidade do Vale do Taquari;RS;92;Privada;59;29.39;201-250;18.2;;;301-350;6.17;;;401-500;5.6;;;32.41;251-300;6.43;;;123;;;
2024;direito;Universidade São Judas Tadeu;SP;93;Privada;22;33.61;251-300;16.87;;;701-800;3.95;;;401-500;5.22;;;29.47;53;7.7;;;187;;;
2024;direito;Universidade Estadual do Tocantins;TO;94;Estadual;59;29.39;201-250;17.58;;;136;7.23;;;1;8;;;32.18;901-1000;2.35;;;128;;;
2024;direito;Faculdade de Direito de São Bernardo do Campo;SP;95;Municipal;59;29.39;401-500;15.01;;;148;7.16;;;1001+;0.4;;;34.56;97;7.45;;;76;;;
2024;direito;Universidade Salvador;BA;96;Privada;59;29.39;351-400;15.53;;;201-250;6.82;;;801-900;3.03;;;33.6;401-500;5.68;;;97;;;
2024;direito;Universidade do Oeste de Santa Catarina;SC;97;Privada;59;29.39;201-250;17.65;;;251-300;6.48;;;351-400;5.88;;;31.31;401-500;5.29;;;147;;;
2024;direito;Faculdade Dom Alberto;RS;98;Privada;59;29.39;401-500;14.81;;;99;7.44;;;501-600;5.05;;;34.06;901-1000;2.32;;;87;;;
2024;direito;Universidade do Sul de Santa Catarina;SC;99;Privada;22;33.61;501-600;13.72;;;501-600;4.9;;;601-700;4.08;;;30.35;501-600;4.74;;;168;;;
2024;direito;Centro Universitário Central Paulista;SP;100;Privada;59;29.39;201-250;17.43;;;150;7.15;;;801-900;3.25;;;30.62;170;7.03;;;162;;;
2024;direito;Faculdade Antônio Meneghetti;RS;101;Privada;;;55;46.23;;;94;7.47;;;701-800;3.61;;;31.08;401-500;5.15;23;30;152;;;
2024;direito;Universidade Vila Velha;ES;102;Privada;59;29.39;351-400;15.18;;;46;7.74;;;701-800;3.51;;;32.64;701-800;3.93;;;118;;;
2024;direito;Universidade Veiga de Almeida;RJ;103;Privada;59;29.39;301-350;15.89;;;251-300;6.46;;;801-900;2.83;;;31.4;201-250;6.6;;;145;;;
2024;direito;Faculdade Damas da Instrução Cristã;PE;104;Privada;59;29.39;351-400;15.29;;;201-250;6.71;;;1001+;1.16;;;31.77;102;7.42;;;137;;;
2024;direito;Universidade de Franca;SP;105;Privada;59;29.39;201-250;18.06;;;251-300;6.44;;;401-500;5.29;;;28.92;251-300;6.33;;;199;;;
2024;direito;Universidade Católica Dom Bosco;MS;106;Privada;59;29.39;201-250;18.07;;;251-300;6.33;;;351-400;5.92;;;28.01;351-400;5.82;;;201;;;
2024;direito;Faculdade Católica de Rondônia;RO;107;Privada;59;29.39;401-500;15.04;;;301-350;6.05;;;401-500;5.33;;;31.03;701-800;3.66;;;153;;;
2024;direito;Centro Universitário Sociesc;SC;108;Privada;59;29.39;139;20.33;;;201-250;6.84;;;351-400;5.69;;;25.67;36;7.8;;;251;;;
2024;direito;UGV Centro Universitário;PR;109;Privada;59;29.39;601-700;12.81;;;115;7.35;;;801-900;3.09;;;33.05;901-1000;2.37;;;109;;;
2024;direito;Universidade do Estado de Mato Grosso;MT;110;Estadual;59;29.39;351-400;15.27;;;301-350;6.1;;;1;8;;;30.53;1001+;1.17;;;164;;;
2024;direito;Centro Universitário Jorge Amado;BA;111;Privada;59;29.39;301-350;15.84;;;301-350;6.18;;;801-900;2.82;;;29.84;201-250;6.84;;;179;;;
2024;direito;Centro Universitário de Belo Horizonte;MG;112;Privada;59;29.39;201-250;17.11;;;701-800;3.97;;;401-500;5.49;;;28.47;62;7.65;;;201;;;
2024;direito;Centro Universitário Una;MG;113;Privada;59;29.39;201-250;17.74;;;601-700;4.28;;;351-400;5.71;;;27.73;44;7.75;;;201;;;
2024;direito;Centro Universitário Dinâmica das Cataratas;PR;114;Privada;59;29.39;301-350;16.13;;;201-250;6.69;;;401-500;5.29;;;29.15;601-700;4.15;;;194;;;
2024;direito;Centro Universitário Integrado de Campo Mourão;PR;115;Privada;;;53;47.68;;;147;7.17;;;501-600;4.67;;;26.91;351-400;5.84;23;30;201;;;
2024;direito;Universidade de Passo Fundo;RS;116;Privada;59;29.39;401-500;14.73;;;401-500;5.33;;;601-700;4.02;;;30.44;401-500;5.38;;;166;;;
2024;direito;Centro Universitário do Distrito Federal;DF;117;Privada;59;29.39;201-250;17.84;;;301-350;6.12;;;501-600;4.66;;;27.32;165;7.06;;;201;;;
2024;direito;Centro Universitário Newton Paiva;MG;118;Privada;22;33.61;601-700;12.29;;;401-500;5.69;;;901-1000;2.24;;;28.6;601-700;4.36;;;201;;;
2024;direito;Centro Universitário de Bauru;SP;118;Privada;59;29.39;601-700;12.84;;;301-350;6.16;;;1001+;1.56;;;32.27;501-600;5.12;;;126;;;
2024;direito;Universidade Regional de Blumenau;SC;120;Municipal;59;29.39;501-600;13.17;;;251-300;6.49;;;1001+;1.55;;;31.67;501-600;5.13;;;139;;;
2024;direito;Centro Universitário Metropolitano da Amazônia;PA;120;Privada;59;29.39;201-250;17.89;;;201-250;6.76;;;401-500;5.65;;;26.95;401-500;5.48;;;201;;;
2024;direito;Centro Universitário Armando Alvares Penteado;SP;122;Privada;59;29.39;701-800;12.2;;;401-500;5.35;;;1001+;0.08;;;32.55;201-250;6.77;;;120;;;
2024;direito;Faculdade de Petrolina;PE;123;Municipal;59;29.39;501-600;13.97;;;401-500;5.48;;;1;8;;;30.76;1001+;0.49;;;159;;;
2024;direito;Centro Universitário para o Desenvolvimento do Alto Vale do Itajaí;SC;124;Privada;59;29.39;601-700;12.57;;;301-350;6.13;;;701-800;3.85;;;31.54;901-1000;2.59;;;142;;;
2024;direito;Universidade de Santa Cruz do Sul;RS;125;Privada;59;29.39;351-400;15.25;;;251-300;6.38;;;901-1000;2.23;;;28.83;201-250;6.64;;;201;;;
2024;direito;Centro Universitário Univel;PR;126;Privada;59;29.39;501-600;13.95;;;201-250;6.82;;;801-900;3.08;;;30.12;601-700;4.05;;;173;;;
2024;direito;Centro Universitário das Faculdades Integradas de Ourinhos;SP;127;Privada;59;29.39;701-800;11.59;;;201-250;6.86;;;1001+;0.69;;;32.09;601-700;4.04;;;130;;;
2024;direito;Centro Universitário do Espírito Santo;ES;128;Privada;59;29.39;501-600;13.19;;;73;7.59;;;901-1000;2.32;;;30.3;801-900;3.28;;;169;;;
2024;direito;Centro Universitário Maurício de Nassau de Fortaleza;CE;129;Privada;59;29.39;351-400;15.48;;;351-400;5.85;;;601-700;4.16;;;27.96;401-500;5.47;;;201;;;
2024;direito;Insper Instituto de Ensino e Pesquisa;SP;130;Privada;59;29.39;68;43.31;;;1001+;1.46;;;601-700;3.96;;;;20;7.89;23;30;;;;
2024;direito;Universidade do Grande Rio Professor José de Souza Herdy;RJ;131;Privada;;;49;49.01;;;251-300;6.43;;;301-350;6.09;;;23.56;251-300;6.49;23;30;301;;;
2024;direito;Universidade São Francisco;SP;132;Privada;22;33.61;501-600;14.03;;;301-350;6.16;;;801-900;2.98;;;23.7;501-600;4.89;;;301;;;
2024;direito;Centro Universitário de João Pessoa;PB;133;Privada;22;33.61;401-500;14.85;;;701-800;3.5;;;401-500;5.09;;;22.87;301-350;6.26;;;301;;;
2024;direito;Centro Universitário Assis Gurgacz;PR;134;Privada;59;29.39;801-900;10.86;;;120;7.32;;;801-900;3.24;;;30.85;1001+;0.3;;;157;;;
2024;direito;Universidade La Salle;RS;135;Privada;;;38;51.46;;;401-500;5.53;;;1;8;;;19.62;13;7.93;23;30;401;;;
2024;direito;Centro Universitário da Grande Dourados;MS;136;Privada;201-250;10.03;54;47.33;;;201-250;6.76;;;401-500;5.18;;;13.66;401-500;5.39;23;30;501;;;
2024;direito;Centro Universitário Aeso - Barros Melo;PE;137;Privada;59;29.39;801-900;10.63;;;501-600;5.05;;;1001+;1.78;;;30.94;701-800;3.8;;;155;;;
2024;direito;Faculdade Esamc Uberlândia;MG;138;Privada;59;29.39;901-1000;10.07;;;401-500;5.72;;;801-900;3.28;;;31.49;1001+;1.07;;;143;;;
2024;direito;Centro Universitário da Serra Gaúcha;RS;139;Privada;59;29.39;701-800;12.18;;;501-600;4.96;;;1001+;1.39;;;29.11;351-400;5.83;;;195;;;
2024;direito;Universidade Tiradentes;SE;140;Privada;59;29.39;601-700;12.65;;;601-700;4.35;;;801-900;2.82;;;28.51;401-500;5.48;;;201;;;
2024;direito;Centro Universitário FBV Wyden;PE;141;Privada;59;29.39;401-500;14.67;;;401-500;5.37;;;701-800;3.4;;;26.45;351-400;5.9;;;251;;;
2024;direito;Centro Universitário Facex;RN;142;Privada;59;29.39;801-900;10.84;;;78;7.56;;;1001+;0.79;;;30.25;901-1000;2.49;;;170;;;
2024;direito;Universidade do Extremo Sul Catarinense;SC;143;Privada;59;29.39;901-1000;9.58;;;501-600;4.94;;;901-1000;2.17;;;31.12;901-1000;2.47;;;151;;;
2024;direito;Universidade de Itaúna;MG;144;Privada;;;62;43.99;;;187;6.94;;;901-1000;2.55;;;26.08;601-700;4.5;23;30;251;;;
2024;direito;Centro Universitário de Brusque;SC;145;Privada;59;29.39;501-600;13.38;;;401-500;5.68;;;401-500;5.32;;;27.27;901-1000;2.38;;;201;;;
2024;direito;Centro Universitário Adventista de São Paulo;SP;146;Privada;59;29.39;301-350;16.06;;;141;7.2;;;801-900;2.89;;;24.48;351-400;5.97;;;251;;;
2024;direito;Universidade Católica do Salvador;BA;147;Privada;59;29.39;601-700;13.01;;;351-400;6;;;901-1000;2.26;;;27.37;501-600;4.75;;;201;;;
2024;direito;Universidade de Caxias do Sul;RS;148;Privada;59;29.39;501-600;13.12;;;501-600;4.85;;;901-1000;2.66;;;26.72;401-500;5.61;;;201;;;
2024;direito;Centro Universitário Filadélfia;PR;149;Privada;59;29.39;901-1000;10.28;;;401-500;5.16;;;701-800;3.42;;;29.2;1001+;1.7;;;193;;;
2024;direito;Centro Universitário Facvest;SC;150;Privada;59;29.39;156;19.35;;;501-600;4.81;;;1;8;;;20.08;251-300;6.54;;;351;;;
2024;direito;Centro Universitário de Rio Preto;SP;151;Privada;59;29.39;701-800;11.85;;;701-800;3.94;;;401-500;5.58;;;27.46;901-1000;2.33;;;201;;;
2024;direito;Centro Universitário Santo Agostinho;PI;152;Privada;59;29.39;801-900;11.06;;;501-600;5.03;;;901-1000;2.58;;;28.1;701-800;3.45;;;201;;;
2024;direito;Centro Universitário Unifafibe;SP;153;Privada;59;29.39;501-600;13.16;;;251-300;6.39;;;1001+;2.08;;;25.76;501-600;4.69;;;251;;;
2024;direito;Centro Universitário Maurício de Nassau;PE;154;Privada;22;33.61;501-600;13.47;;;401-500;5.19;;;801-900;2.98;;;21.18;401-500;5.3;;;351;;;
2024;direito;Universidade Estácio de Sá;RJ;155;Privada;22;33.61;601-700;12.82;;;601-700;4.3;;;1001+;1.94;;;21.59;201-250;6.58;;;351;;;
2024;direito;Faculdade de Educação São Luís;SP;156;Privada;59;29.39;1001+;8.6;;;701-800;4;;;1001+;1.3;;;29.89;801-900;3.3;;;178;;;
2024;direito;Centro Universitário Multivix Vitória;ES;157;Privada;59;29.39;401-500;14.75;;;31;7.83;;;801-900;3.31;;;23.38;701-800;3.61;;;301;;;
2024;direito;Centro Universitário do Cerrado-patrocínio;MG;158;Privada;;;67;43.47;;;501-600;5.13;;;351-400;5.75;;;23.06;901-1000;2.59;23;30;301;;;
2024;direito;Faculdade do Norte Novo de Apucarana;PR;159;Privada;59;29.39;701-800;11.79;;;301-350;6.06;;;601-700;4.49;;;25.26;1001+;1.24;;;251;;;
2024;direito;Centro Universitário Barriga Verde;SC;160;Privada;59;29.39;1001+;6.86;;;701-800;3.67;;;1001+;1.75;;;30.02;1001+;1.44;;;175;;;
2024;direito;Centro Universitário Fluminense;RJ;161;Privada;;;79;39.84;;;701-800;3.61;;;601-700;4.09;;;26.4;1001+;2.14;23;30;251;;;
2024;direito;Faculdade Martha Falcão Wyden;AM;162;Privada;59;29.39;501-600;13.99;;;351-400;5.78;;;901-1000;2.63;;;22.83;401-500;5.58;;;301;;;
2024;direito;Faculdade de Direito da Fundação Escola Superior do Ministério Público;RS;163;Privada;201-250;10.03;134;20.63;;;52;7.71;;;301-350;5.99;;;35.3;188;6.93;;;60;;;
2024;direito;Universidade Estadual de Santa Cruz;BA;164;Estadual;201-250;10.03;137;20.41;;;71;7.6;;;1;8;;;35.39;501-600;4.81;;;58;;;
2024;direito;Universidade Regional Integrada do Alto Uruguai e das Missões;RS;165;Privada;59;29.39;901-1000;10.11;;;401-500;5.43;;;1001+;0.68;;;26.22;601-700;4;;;251;;;
2024;direito;Universidade Cândido Mendes;RJ;166;Privada;22;33.61;1001+;6.98;;;601-700;4.52;;;1001+;0.21;;;25.12;1001+;2.25;;;251;;;
2024;direito;Universidade Anhembi Morumbi;SP;167;Privada;59;29.39;501-600;13.64;;;501-600;4.91;;;901-1000;2.56;;;22.28;301-350;6.17;;;301;;;
2024;direito;Centro Universitário Fundação de Ensino Octávio Bastos;SP;168;Privada;59;29.39;701-800;11.86;;;150;7.15;;;801-900;3.24;;;23.88;1001+;1.47;;;301;;;
2024;direito;Universidade Castelo Branco;RJ;169;Privada;201-250;10.03;84;38.67;;;701-800;3.91;;;1001+;1.74;;;16.23;801-900;3.02;23;30;401;;;
2024;direito;Universidade Paulista;SP;170;Privada;4;35.66;601-700;12.63;;;501-600;4.71;;;701-800;3.91;;;16.14;601-700;4.01;;;401;;;
2024;direito;Centro Universitário Antônio Eufrásio de Toledo de Presidente Prudente;SP;171;Privada;201-250;10.03;128;21.04;;;101;7.43;;;1;8;;;33.28;401-500;5.61;;;104;;;
2024;direito;Universidade Metodista de Piracicaba;SP;172;Privada;59;29.39;801-900;10.94;;;301-350;6.03;;;1001+;0.43;;;23.79;601-700;4.48;;;301;;;
2024;direito;Universidade Ceuma;MA;173;Privada;59;29.39;601-700;12.59;;;501-600;4.89;;;701-800;3.89;;;21.41;701-800;3.81;;;351;;;
2024;direito;Universidade do Contestado;SC;174;Privada;59;29.39;901-1000;10.01;;;701-800;3.52;;;501-600;4.9;;;23.93;1001+;1.59;;;301;;;
2024;direito;Faculdade de Direito de Santa Maria;RS;175;Privada;59;29.39;901-1000;9.55;;;351-400;5.75;;;1001+;0.15;;;24.34;701-800;3.65;;;251;;;
2024;direito;Centro Universitário São Lucas;RO;176;Privada;59;29.39;601-700;12.32;;;501-600;4.65;;;401-500;5.14;;;20.81;901-1000;2.53;;;351;;;
2024;direito;Universidade de Araraquara;SP;177;Privada;59;29.39;901-1000;9.67;;;701-800;3.62;;;801-900;2.95;;;23.19;801-900;3.1;;;301;;;
2024;direito;Faculdade Anhanguera de Uberlândia;MG;178;Privada;59;29.39;251-300;17.07;;;401-500;5.58;;;501-600;4.8;;;15.72;201-250;6.69;;;401;;;
2024;direito;Centro Universitário de Volta Redonda;RJ;179;Privada;201-250;10.03;174;18.88;;;251-300;6.37;;;301-350;6.1;;;32.87;251-300;6.41;;;113;;;
2024;direito;Universidade Comunitária da Região de Chapecó;SC;180;Privada;59;29.39;401-500;14.36;;;601-700;4.51;;;351-400;5.76;;;17.46;601-700;4.09;;;401;;;
2024;direito;Universidade Federal de Sergipe;SE;181;Federal;;;90;23.29;;;32;7.82;;;1;8;;;37.91;93;7.47;;;3;;;
2024;direito;Universidade Vale do Rio Doce;MG;182;Privada;59;29.39;1001+;8.46;;;301-350;6.28;;;1001+;0.83;;;23.33;1001+;1.35;;;301;;;
2024;direito;Universidade do Planalto Catarinense;SC;183;Privada;59;29.39;1001+;6.17;;;701-800;3.56;;;1001+;1.66;;;25.53;1001+;0.95;;;251;;;
2024;direito;Faculdade Ideal Wyden;PA;184;Privada;;;65;43.65;;;251-300;6.31;;;901-1000;2.31;;;17.33;501-600;5.03;23;30;401;;;
2024;direito;Faculdade de Educação Superior do Paraná;PR;185;Privada;;;77;40.22;;;401-500;5.38;;;1001+;0.12;;;20.67;501-600;4.72;23;30;351;;;
2024;direito;Escola Superior de Criciúma;SC;186;Privada;59;29.39;1001+;9.07;;;201-250;6.62;;;1001+;0.18;;;22.14;1001+;2.27;;;301;;;
2024;direito;Centro Universitário Estácio de Sergipe;SE;187;Privada;59;29.39;801-900;10.83;;;601-700;4.38;;;1001+;1.62;;;20.35;501-600;4.83;;;351;;;
2024;direito;Universidade Federal Rural do Semi-árido;RN;188;Federal;;;89;23.67;;;22;7.88;;;1;8;;;36.76;37;7.79;;;28;;;
2024;direito;Universidade Paranaense;PR;189;Privada;59;29.39;901-1000;10.35;;;251-300;6.35;;;1001+;1.15;;;20.54;801-900;2.85;;;351;;;
2024;direito;Universidade Cruzeiro do Sul;SP;190;Privada;59;29.39;501-600;13.27;;;701-800;3.68;;;701-800;3.64;;;17.42;351-400;5.95;;;401;;;
2024;direito;Universidade Potiguar;RN;191;Privada;59;29.39;701-800;11.58;;;601-700;4.08;;;901-1000;2.71;;;19.07;501-600;4.79;;;401;;;
2024;direito;Centro Universitário da Amazônia;PA;192;Privada;59;29.39;601-700;12.43;;;401-500;5.55;;;701-800;3.41;;;18.15;701-800;3.47;;;401;;;
2024;direito;Universidade de Cruz Alta;RS;193;Privada;59;29.39;801-900;11.17;;;701-800;4;;;1001+;2.03;;;18.98;401-500;5.14;;;401;;;
2024;direito;União das Faculdades dos Grandes Lagos;SP;194;Privada;59;29.39;401-500;14.15;;;601-700;4.2;;;1;8;;;15.95;1001+;1.95;;;401;;;
2024;direito;Universidade Federal de São Paulo;SP;195;Federal;201-250;10.03;45;49.45;;;801-900;3.45;;;1;8;;;;1;8;23;30;;;;
2024;direito;Faculdade Baiana de Direito e Gestão;BA;196;Privada;201-250;10.03;501-600;13.89;;;251-300;6.52;;;1001+;1.92;;;35.53;401-500;5.45;;;55;;;
2024;direito;Centro Universitário Ibmec;RJ;197;Privada;201-250;10.03;351-400;15.3;;;301-350;6.29;;;1001+;1.07;;;34.01;11;7.94;;;88;;;
2024;direito;Centro Universitário Fanor Wyden;CE;198;Privada;59;29.39;601-700;12.53;;;601-700;4.2;;;901-1000;2.17;;;17.24;301-350;6.16;;;401;;;
2024;direito;Centro Universitário Leonardo da Vinci;SC;199;Privada;59;29.39;501-600;13.39;;;1001+;1.05;;;351-400;5.73;;;16.32;201-250;6.61;;;401;;;
2024;direito;Centro Universitário Estácio do Recife;PE;200;Privada;22;33.61;1001+;9.21;;;501-600;4.68;;;1001+;0.66;;;16.18;701-800;3.87;;;401;;;
2024;direito;Faculdade do Sul da Bahia;BA;201;Privada;59;29.39;1001+;7.92;;;251-300;6.3;;;1001+;0.9;;;16.36;1001+;0.72;;;401;;;
2024;direito;Faculdades de Campinas;SP;201;Privada;201-250;10.03;601-700;12.87;;;351-400;5.9;;;1001+;0.85;;;32.59;301-350;6.12;;;119;;;
2024;direito;Universidade Estadual da Paraíba;PB;201;Estadual;;;179;18.71;;;108;7.39;;;1;8;;;34.43;801-900;3.32;;;79;;;
2024;direito;Faculdade de Rolim de Moura;RO;201;Privada;59;29.39;1001+;5.66;;;601-700;4.04;;;1001+;1.42;;;20.72;1001+;0.2;;;351;;;
2024;direito;Universidade Federal do Oeste do Pará;PA;201;Federal;;;120;21.28;;;90;7.49;;;1;8;;;34.65;351-400;5.79;;;74;;;
2024;direito;Centro Universitário da Região da Campanha;RS;201;Privada;59;29.39;1001+;6.87;;;501-600;4.88;;;1001+;1.47;;;19.25;1001+;0.52;;;401;;;
2024;direito;Faculdade Escola Paulista de Direito;SP;201;Privada;201-250;10.03;201-250;17.57;;;133;7.25;;;701-800;3.9;;;28.24;251-300;6.42;;;201;;;
2024;direito;Centro Universitário Estácio do Ceará;CE;201;Privada;59;29.39;901-1000;10.26;;;601-700;4.4;;;1001+;2.16;;;15.91;701-800;3.7;;;401;;;
2024;direito;Faculdade de Miguel Pereira;RJ;201;Privada;201-250;10.03;60;44.12;;;101;7.43;;;601-700;4.27;;;;901-1000;2.42;23;30;;;;
2024;direito;Centro Universitário Redentor;RJ;201;Privada;;;166;19.16;;;140;7.21;;;1;8;;;36.35;701-800;3.95;;;37;;;
2024;direito;Universidade Federal Rural do Rio de Janeiro;RJ;201;Federal;;;97;22.83;;;64;7.64;;;1;8;;;35.8;142;7.19;;;49;;;
2024;direito;Faculdades Integradas dos Campos Gerais;PR;201;Privada;59;29.39;1001+;8.69;;;351-400;5.87;;;1001+;0.41;;;18.93;901-1000;2.41;;;401;;;
2024;direito;Universidade Federal do Acre;AC;201;Federal;;;179;18.71;;;59;7.67;;;1;8;;;36.67;801-900;3.04;;;30;;;
2024;direito;Centro Universitário Unicarioca;RJ;201;Privada;;;116;21.36;;;301-350;6.08;;;1;8;;;32.22;126;7.28;;;127;;;
2024;direito;Centro Universitário de Ensino Superior do Amazonas;AM;201;Privada;59;29.39;801-900;10.9;;;601-700;4.24;;;801-900;2.91;;;16.73;701-800;3.75;;;401;;;
2024;direito;Universidade Federal do Amapá;AP;201;Federal;;;201-250;18.1;;;201-250;6.78;;;1;8;;;35.71;801-900;3.32;;;51;;;
2024;direito;Centro Universitário Toledo Wyden;SP;201;Privada;201-250;10.03;401-500;15.06;;;301-350;6.12;;;701-800;3.88;;;32.5;501-600;5.06;;;121;;;
2024;direito;Centro Universitário Avantis;SC;201;Privada;59;29.39;601-700;12.38;;;501-600;4.79;;;701-800;3.51;;;13.11;601-700;4.08;;;501;;;
2024;direito;Centro Universitário de Ciências e Empreendedorismo;BA;201;Privada;59;29.39;401-500;14.55;;;501-600;5.11;;;401-500;5.52;;;13.2;701-800;3.92;;;501;;;
2024;direito;Universidade Estadual de Feira de Santana;BA;201;Estadual;;;169;19.06;;;11;7.94;;;1;8;;;36.3;801-900;3.12;;;38;;;
2024;direito;Universidade Federal de Campina Grande;PB;201;Federal;;;165;19.17;;;251-300;6.51;;;1;8;;;35.25;501-600;4.66;;;61;;;
2024;direito;Centro Universitário Católica do Leste de Minas Gerais;MG;201;Privada;201-250;10.03;301-350;15.85;;;251-300;6.51;;;801-900;3.27;;;30.71;301-350;6.07;;;160;;;
2024;direito;Faculdade Favoo Coop;RO;201;Privada;59;29.39;401-500;14.8;;;601-700;4.19;;;1;8;;;13.43;901-1000;2.61;;;501;;;
2024;direito;Centro Universitário Alves Faria;GO;201;Privada;22;33.61;1001+;6.08;;;801-900;3.08;;;1001+;0.69;;;17.01;901-1000;2.31;;;401;;;
2024;direito;Fundação Universidade Federal da Grande Dourados;MS;201;Federal;;;104;22.44;;;113;7.36;;;1;8;;;35.34;161;7.08;;;59;;;
2024;direito;Centro Universitário de Araras;SP;201;Privada;59;29.39;1001+;8.19;;;401-500;5.64;;;1001+;1.18;;;18.01;1001+;1.37;;;401;;;
2024;direito;Universidade Tuiuti do Paraná;PR;201;Privada;59;29.39;401-500;14.12;;;501-600;4.9;;;601-700;4.05;;;12.51;401-500;5.17;;;501;;;
2024;direito;Universidade Estadual do Sudoeste da Bahia;BA;201;Estadual;;;122;21.22;;;39;7.78;;;1;8;;;36.08;401-500;5.44;;;43;;;
2024;direito;Centro Universitário de Goiás;GO;201;Privada;59;29.39;901-1000;9.5;;;801-900;3.02;;;1001+;2.04;;;19.89;601-700;4.44;;;351;;;
2024;direito;Centro Universitário Faminas;MG;201;Privada;;;113;21.4;;;73;7.59;;;1;8;;;32;351-400;5.81;;;132;;;
2024;direito;Universidade do Estado do Rio Grande do Norte;RN;201;Estadual;;;142;20.12;;;55;7.69;;;1;8;;;35.75;601-700;4.43;;;50;;;
2024;direito;Centro de Ensino Superior Cesul;PR;201;Privada;201-250;10.03;201-250;17.44;;;62;7.65;;;301-350;6.05;;;30.02;701-800;3.74;;;175;;;
2024;direito;Centro Universitário Cesmac;AL;201;Privada;22;33.61;1001+;8.96;;;801-900;3.27;;;801-900;2.87;;;11.74;901-1000;2.82;;;501;;;
2024;direito;Universidade Feevale;RS;201;Privada;201-250;10.03;251-300;16.54;;;201-250;6.61;;;901-1000;2.74;;;28.56;142;7.19;;;201;;;
2024;direito;Centro de Ensino Superior do Amapá;AP;201;Privada;59;29.39;1001+;8.05;;;501-600;4.98;;;1001+;1.28;;;18.06;1001+;1.79;;;401;;;
2024;direito;Centro Universitário de Formiga;MG;201;Privada;201-250;10.03;701-800;12.09;;;301-350;6.15;;;1001+;2.03;;;31.72;701-800;3.91;;;138;;;
2024;direito;Centro Universitário Fametro;CE;201;Privada;59;29.39;501-600;13.9;;;601-700;4.32;;;501-600;4.56;;;15.31;501-600;5.02;;;401;;;
2024;direito;Universidade Católica de Petrópolis;RJ;201;Privada;201-250;10.03;401-500;14.32;;;251-300;6.4;;;901-1000;2.7;;;33.32;401-500;5.22;;;103;;;
2024;direito;Universidade Federal de Pelotas;RS;201;Federal;;;126;21.09;;;103;7.42;;;1;8;;;36.49;401-500;5.67;;;34;;;
2024;direito;Centro Universitário Luterano de Palmas;TO;201;Privada;59;29.39;401-500;14.51;;;801-900;3.43;;;351-400;5.77;;;11.51;401-500;5.31;;;501;;;
2024;direito;Faculdade Damásio;SP;201;Privada;201-250;10.03;501-600;13.25;;;1001+;1.46;;;601-700;4.2;;;33.51;72;7.59;;;99;;;
2024;direito;Centro Universitário Serra dos Órgãos;RJ;201;Privada;201-250;10.03;201-250;18.16;;;201-250;6.86;;;501-600;5.01;;;30.39;251-300;6.29;;;167;;;
2024;direito;Faculdade Metodista Granbery;MG;201;Privada;201-250;10.03;1001+;8.87;;;301-350;6.24;;;1001+;0.88;;;34.2;1001+;1.75;;;84;;;
2024;direito;Faculdade Estácio de Sá de Ourinhos;SP;201;Privada;59;29.39;701-800;12.03;;;501-600;5.05;;;1001+;0.9;;;15.81;301-350;6.08;;;401;;;
2024;direito;Universidade da Amazônia;PA;201;Privada;59;29.39;701-800;11.47;;;501-600;4.6;;;801-900;3.01;;;12.79;701-800;3.86;;;501;;;
2024;direito;Universidade Federal de Roraima;RR;201;Federal;;;143;20.08;;;43;7.76;;;1;8;;;34.84;601-700;4.32;;;70;;;
2024;direito;Centro Universitário Nobre de Feira de Santana;BA;201;Privada;;;131;20.87;;;192;6.91;;;1;8;;;32.36;351-400;5.96;;;124;;;
2024;direito;Universidade Federal do Rio Grande;RS;201;Federal;;;96;22.93;;;152;7.14;;;1;8;;;35.07;37;7.79;;;65;;;
2024;direito;Universidade Pitágoras Unopar Anhanguera;PR;201;Privada;59;29.39;301-350;16.21;;;501-600;5.14;;;601-700;4.24;;;11;201-250;6.83;;;501;;;
2024;direito;Centro Universitário Ceuni;AM;201;Privada;59;29.39;401-500;14.58;;;601-700;4.25;;;601-700;4.49;;;13.29;351-400;5.84;;;501;;;
2024;direito;Faculdade Ibmec São Paulo;SP;251;Privada;59;29.39;201-250;17.24;;;171;7.03;;;901-1000;2.43;;;;39;7.78;;;;;;
2024;direito;Faculdade Sinop;MT;251;Privada;59;29.39;801-900;10.83;;;401-500;5.28;;;701-800;3.55;;;7.61;1001+;2;;;601;;;
2024;direito;Centro Universitário de Patos de Minas;MG;251;Privada;;;351-400;15.54;;;55;7.69;;;701-800;3.5;;;33.69;601-700;4.35;;;95;;;
2024;direito;Centro Universitário do Norte;AM;251;Privada;59;29.39;601-700;12.82;;;801-900;3.36;;;701-800;3.68;;;5.23;351-400;5.78;;;701;;;
2024;direito;Faculdade Pitágoras Instituto Camillo Filho;PI;251;Privada;;;501-600;13.34;;;801-900;3.33;;;701-800;3.88;;;33.42;301-350;6.13;;;101;;;
2024;direito;Faculdades Integradas Vianna Júnior;MG;251;Privada;201-250;10.03;1001+;9.16;;;201-250;6.8;;;1001+;1.53;;;33.88;1001+;0.83;;;91;;;
2024;direito;Faculdades Integradas Machado de Assis;RS;251;Privada;201-250;10.03;901-1000;10.18;;;501-600;4.83;;;1001+;1.07;;;28.19;601-700;4.28;;;201;;;
2024;direito;Universidade José do Rosário Velano;MG;251;Privada;;;152;19.71;;;201-250;6.7;;;351-400;5.72;;;27.05;125;7.29;;;201;;;
2024;direito;Faculdade de Direito do Sul de Minas;MG;251;Privada;201-250;10.03;601-700;13.06;;;351-400;5.79;;;901-1000;2.46;;;29.66;501-600;4.81;;;183;;;
2024;direito;Centro Universitário Moura Lacerda;SP;251;Privada;201-250;10.03;701-800;11.38;;;201-250;6.69;;;1001+;1.02;;;27.69;701-800;3.67;;;201;;;
2024;direito;Faculdade Morgana Potrich;GO;251;Privada;59;29.39;1001+;9.27;;;901-1000;2.59;;;301-350;6.01;;;9.17;1001+;0.67;;;601;;;
2024;direito;Centro Universitário Salesiano de São Paulo;SP;251;Privada;201-250;10.03;601-700;13.06;;;201-250;6.85;;;1001+;1.81;;;29.93;601-700;4.4;;;177;;;
2024;direito;Faculdade Anhanguera de Rondonópolis;MT;251;Privada;59;29.39;701-800;11.84;;;901-1000;2.7;;;601-700;4.38;;;6.6;501-600;4.76;;;601;;;
2024;direito;Universidade do Estado de Minas Gerais;MG;251;Estadual;;;178;18.76;;;189;6.93;;;1;8;;;33.1;701-800;3.83;;;108;;;
2024;direito;Centro Universitário Salesiano;ES;251;Privada;;;501-600;13.86;;;201-250;6.83;;;901-1000;2.68;;;32.68;601-700;4.35;;;117;;;
2024;direito;Centro Universitário - Católica de Santa Catarina em Joinville;SC;251;Privada;;;501-600;13.3;;;164;7.07;;;1001+;1.29;;;33.23;501-600;4.94;;;105;;;
2024;direito;Centro Universitário de Maceió;AL;251;Privada;;;301-350;16.15;;;155;7.12;;;801-900;2.89;;;32.13;301-350;6.14;;;129;;;
2024;direito;Centro Universitário Unicuritiba;PR;251;Privada;59;29.39;201-250;17.84;;;1001+;1.84;;;1;8;;;;1;8;;;;;;
2024;direito;Universidade de Cuiabá;MT;251;Privada;59;29.39;601-700;12.9;;;801-900;3.07;;;501-600;4.83;;;6.37;501-600;5;;;601;;;
2024;direito;Centro Universitário - Uniesp;PB;251;Privada;59;29.39;901-1000;10.11;;;251-300;6.4;;;1001+;1.89;;;13.52;1001+;1.82;;;501;;;
2024;direito;Centro Universitário Católico Salesiano Auxilium;SP;251;Privada;201-250;10.03;201-250;17.48;;;161;7.09;;;401-500;5.51;;;19.67;501-600;4.88;;;401;;;
2024;direito;Universidade Estadual de Montes Claros;MG;251;Estadual;;;251-300;16.91;;;182;6.97;;;1;8;;;35.98;1001+;1.94;;;45;;;
2024;direito;Universidade Estadual de Mato Grosso do Sul;MS;251;Estadual;;;351-400;15.56;;;201-250;6.77;;;801-900;3.1;;;32.82;401-500;5.69;;;114;;;
2024;direito;Centro Universitário Sociesc de Blumenau;SC;251;Privada;;;157;19.34;;;301-350;6.04;;;401-500;5.4;;;31.17;18;7.9;;;150;;;
2024;direito;Universidade Estadual de Roraima;RR;251;Estadual;;;153;19.68;;;501-600;4.92;;;1;8;;;27.6;201-250;6.76;;;201;;;
2024;direito;Centro Universitário de Valença;RJ;251;Privada;;;135;20.6;;;131;7.26;;;1;8;;;28.65;401-500;5.34;;;201;;;
2024;direito;Centro Universitário Assunção;SP;251;Privada;59;29.39;801-900;11.35;;;701-800;3.87;;;1001+;2.09;;;8.53;401-500;5.39;;;601;;;
2024;direito;Faculdade Reges de Dracena;SP;251;Privada;201-250;10.03;149;19.85;;;201-250;6.66;;;1;8;;;18.61;401-500;5.19;;;401;;;
2024;direito;Faculdades Integradas São Judas Tadeu;RS;251;Privada;;;76;40.59;;;301-350;6.03;;;1001+;0.4;;;8.02;601-700;4.16;23;30;601;;;
2024;direito;Centro Universitário São Camilo - Espírito Santo;ES;251;Privada;201-250;10.03;901-1000;10.23;;;301-350;6.15;;;1001+;1.73;;;30.48;901-1000;2.35;;;165;;;
2024;direito;Centro Universitário de Excelência;BA;251;Privada;201-250;10.03;118;21.34;;;351-400;5.82;;;1;8;;;15.49;85;7.52;;;401;;;
2024;direito;Universidade Regional do Cariri;CE;251;Estadual;;;301-350;16.27;;;145;7.18;;;1;8;;;34.15;1001+;1.09;;;85;;;
2024;direito;Centro Universitário de Adamantina;SP;251;Municipal;201-250;10.03;1001+;9.25;;;201-250;6.62;;;1001+;0.89;;;29.02;1001+;1.74;;;197;;;
2024;direito;Centro Universitário Padre Albino;SP;251;Privada;;;198;18.26;;;113;7.36;;;301-350;6.04;;;33.19;501-600;4.86;;;106;;;
2024;direito;Faculdade Meridional;RS;251;Privada;;;105;22.38;;;251-300;6.54;;;1;8;;;27.78;29;7.84;;;201;;;
2024;direito;Faculdade Ari de Sá;CE;251;Privada;;;401-500;14.29;;;53;7.7;;;801-900;2.8;;;33;701-800;3.79;;;110;;;
2024;direito;Centro Universitário Governador Ozanam Coelho;MG;251;Privada;;;401-500;15.04;;;157;7.11;;;601-700;4.48;;;32.77;701-800;3.45;;;115;;;
2024;direito;Centro Universitário La Salle do Rio de Janeiro;RJ;251;Privada;;;351-400;15.16;;;301-350;6.08;;;1001+;1.54;;;32.45;81;7.54;;;122;;;
2024;direito;Universidade Evangélica de Goiás;GO;251;Privada;201-250;10.03;401-500;14.32;;;351-400;5.87;;;401-500;5.43;;;25.72;801-900;3.02;;;251;;;
2024;direito;Universidade Estadual do Piauí;PI;251;Estadual;;;199;18.22;;;59;7.67;;;1;8;;;34.29;901-1000;2.55;;;82;;;
2024;direito;Universidade Federal do Oeste da Bahia;BA;251;Federal;59;29.39;110;21.5;;;36;7.8;;;1;8;;;;401-500;5.7;;;;;;
2024;direito;Centro Universitário Doutor Leão Sampaio;CE;251;Privada;;;251-300;16.85;;;185;6.95;;;601-700;4.47;;;29.57;401-500;5.43;;;185;;;
2024;direito;Universidade Salgado de Oliveira;RJ;251;Privada;22;33.61;1001+;6.92;;;801-900;3.24;;;1001+;1.17;;;9.58;901-1000;2.51;;;601;;;
2024;direito;Faculdade de Direito de Sorocaba;SP;251;Privada;201-250;10.03;901-1000;9.6;;;501-600;5;;;1001+;0.41;;;33.37;601-700;4.19;;;102;;;
2024;direito;Faculdade Presbiteriana Mackenzie Rio;RJ;251;Privada;201-250;10.03;501-600;13.47;;;138;7.22;;;1001+;1.51;;;24.11;501-600;4.74;;;301;;;
2024;direito;Faculdade Cnec Joinville;SC;251;Privada;59;29.39;1001+;5.56;;;1001+;1.05;;;901-1000;2.63;;;17.1;1001+;1.88;;;401;;;
2024;direito;Centro Universitário de Votuporanga;SP;251;Privada;201-250;10.03;1001+;6.82;;;701-800;3.9;;;1001+;0.87;;;30.16;1001+;2.05;;;172;;;
2024;direito;Centro Universitário Uninovafapi;PI;251;Privada;201-250;10.03;301-350;16.07;;;701-800;3.5;;;351-400;5.75;;;25.21;201-250;6.82;;;251;;;
2024;direito;Centro Universitário Facid Wyden;PI;251;Privada;;;301-350;16.17;;;301-350;6.24;;;601-700;4.27;;;31.35;401-500;5.66;;;146;;;
2024;direito;Universidade Estadual Vale do Acaraú;CE;251;Estadual;;;601-700;12.84;;;62;7.65;;;701-800;3.52;;;37.31;1001+;1.67;;;16;;;
2024;direito;Faculdade Pio Decimo de Caninde do São Francisco;SE;301;Privada;59;29.39;301-350;16;;;351-400;5.77;;;501-600;4.95;;;;401-500;5.28;;;;;;
2024;direito;Centro Universitário Farias Brito;CE;301;Privada;;;401-500;14.26;;;92;7.48;;;901-1000;2.33;;;31.26;601-700;4.45;;;148;;;
2024;direito;Centro Universitário de Itajubá;MG;301;Privada;;;138;20.37;;;401-500;5.7;;;1;8;;;25.9;201-250;6.67;;;251;;;
2024;direito;Centro Regional Universitário de Espírito Santo do Pinhal;SP;301;Privada;59;29.39;901-1000;9.72;;;145;7.18;;;1001+;0.32;;;5.18;1001+;2.22;;;701;;;
2024;direito;Instituto Brasileiro de Ensino, Desenvolvimento e Pesquisa de Brasília;DF;301;Privada;;;801-900;10.5;;;801-900;3.19;;;1001+;1.06;;;35.89;301-350;6.25;;;47;;;
2024;direito;Centro Universitário Católica de Quixadá;CE;301;Privada;;;401-500;14.4;;;191;6.92;;;801-900;3.26;;;30.21;601-700;4.22;;;171;;;
2024;direito;Centro Universitário Paraíso;CE;301;Privada;;;150;19.81;;;87;7.51;;;301-350;5.97;;;23.42;251-300;6.33;;;301;;;
2024;direito;Faculdade Verde Norte;MG;301;Privada;;;301-350;16.01;;;180;6.98;;;1;8;;;26.82;1001+;1.03;;;201;;;
2024;direito;Universidade Estadual de Alagoas;AL;301;Estadual;;;701-800;11.53;;;152;7.14;;;901-1000;2.36;;;34.1;1001+;2.03;;;86;;;
2024;direito;Centro Universitário do Triângulo;MG;301;Privada;59;29.39;1001+;9.05;;;701-800;3.57;;;901-1000;2.65;;;7.88;901-1000;2.83;;;601;;;
2024;direito;Faculdade Christus;CE;301;Privada;59;29.39;501-600;13.85;;;1001+;0.59;;;1;8;;;;401-500;5.26;;;;;;
2024;direito;Faculdade de Ciências Humanas e Exatas do Sertão do São Francisco;PE;301;Privada;59;29.39;1001+;7.77;;;601-700;4.55;;;901-1000;2.63;;;8.39;1001+;0.59;;;601;;;
2024;direito;Faculdade de Sabará;MG;301;Privada;;;86;37.66;;;401-500;5.27;;;1001+;0.53;;;5.64;1001+;1.86;23;30;701;;;
2024;direito;Centro Universitário Carlos Drummond de Andrade;SP;301;Privada;59;29.39;401-500;14.1;;;1001+;2.05;;;301-350;6.09;;;0.96;351-400;5.96;;;801;;;
2024;direito;Centro Universitário Campo Real;PR;301;Privada;;;251-300;16.92;;;175;7.01;;;301-350;6.01;;;29.43;701-800;3.9;;;188;;;
2024;direito;Faculdades Integradas do Vale do Ivaí;PR;301;Privada;;;201-250;17.61;;;90;7.49;;;351-400;5.83;;;27.14;601-700;4.29;;;201;;;
2024;direito;Faculdade Evolução Alto Oeste Potiguar;RN;301;Privada;;;301-350;16.03;;;501-600;4.72;;;1;8;;;27.09;801-900;3.31;;;201;;;
2024;direito;Faculdade Estácio Macapá;AP;301;Privada;59;29.39;1001+;8.59;;;801-900;3.05;;;901-1000;2.69;;;6.65;801-900;2.85;;;601;;;
2024;direito;Centro Universitário Claretiano;SP;301;Privada;59;29.39;351-400;15.68;;;251-300;6.54;;;901-1000;2.67;;;;251-300;6.47;;;;;;
2024;direito;Faculdade Arnaldo Janssen;MG;301;Privada;201-250;10.03;901-1000;10.08;;;134;7.24;;;1001+;0.23;;;24.2;901-1000;2.61;;;301;;;
2024;direito;Centro Universitário Processus;DF;301;Privada;;;301-350;16.19;;;401-500;5.62;;;1;8;;;29.38;901-1000;2.57;;;189;;;
2024;direito;Faculdade de Anicuns;GO;301;Municipal;59;29.39;701-800;11.54;;;701-800;3.92;;;351-400;5.94;;;2.93;1001+;1.68;;;701;;;
2024;direito;Centro Universitário Mater Dei;PR;301;Privada;;;251-300;16.94;;;201-250;6.79;;;1;8;;;26.36;1001+;2.15;;;251;;;
2024;direito;Centro Universitário Maurício de Nassau de João Pessoa;PB;301;Privada;59;29.39;401-500;15.13;;;201-250;6.59;;;701-800;3.84;;;1.15;501-600;4.7;;;801;;;
2024;direito;Centro Universitário Max Planck;SP;301;Privada;201-250;10.03;901-1000;9.52;;;182;6.97;;;1001+;1.46;;;24.43;1001+;1.09;;;251;;;
2024;direito;Faculdade Una de Divinópolis;MG;301;Privada;201-250;10.03;301-350;15.76;;;701-800;3.47;;;401-500;5.29;;;19.21;175;7;;;401;;;
2024;direito;Faculdades Integradas de Bauru;SP;301;Privada;;;196;18.3;;;501-600;5.08;;;1;8;;;26.63;401-500;5.22;;;201;;;
2024;direito;Faculdades Doctum de Guarapari;ES;301;Privada;;;201-250;18.18;;;501-600;5.02;;;1;8;;;27.23;401-500;5.16;;;201;;;
2024;direito;Faculdade do Instituto Brasil;GO;301;Privada;59;29.39;701-800;11.83;;;601-700;4.58;;;601-700;3.95;;;1.51;801-900;3.3;;;701;;;
2024;direito;Centro Universitário Braz Cubas;SP;301;Privada;59;29.39;1001+;8.31;;;701-800;3.53;;;1001+;1.58;;;5.46;801-900;3.2;;;701;;;
2024;direito;Centro Universitário Inta;CE;301;Privada;;;201-250;17.69;;;701-800;3.96;;;1;8;;;28.15;351-400;5.73;;;201;;;
2024;direito;Faculdade de Direito de Cachoeiro do Itapemirim;ES;301;Privada;201-250;10.03;901-1000;9.66;;;251-300;6.57;;;1001+;1.36;;;23.15;1001+;1.73;;;301;;;
2024;direito;Faculdade Frassinetti do Recife;PE;301;Privada;59;29.39;401-500;14.6;;;129;7.27;;;1001+;1.82;;;;401-500;5.51;;;;;;
2024;direito;Centro Universitário Facisa;PB;301;Privada;;;201-250;17.88;;;401-500;5.35;;;1;8;;;28.28;601-700;4.53;;;201;;;
2024;direito;Universidade Anhanguera de São Paulo;SP;301;Privada;59;29.39;301-350;15.8;;;701-800;3.7;;;501-600;4.93;;;0.83;146;7.17;;;801;;;
2024;direito;Centro Universitário Unic;MT;301;Privada;59;29.39;501-600;13.93;;;501-600;4.59;;;701-800;3.77;;;;401-500;5.57;;;;;;
2024;direito;Centro Universitário Social da Bahia;BA;301;Privada;;;401-500;14.8;;;401-500;5.45;;;801-900;3.1;;;28.88;301-350;6.25;;;200;;;
2024;direito;Centro Universitário de Ensino, Ciência e Tecnologia do Paraná;PR;301;Privada;;;63;43.94;;;601-700;4.22;;;401-500;5.53;;;;601-700;4.19;23;30;;;;
2024;direito;Centro Universitário de Pato Branco;PR;301;Privada;201-250;10.03;901-1000;10.01;;;351-400;5.83;;;1001+;2.05;;;24.8;1001+;2.13;;;251;;;
2024;direito;Faculdade Três Pontas;MG;301;Privada;;;701-800;11.69;;;501-600;5.04;;;501-600;4.59;;;31.22;1001+;2.06;;;149;;;
2024;direito;Faculdade Estácio do Pará;PA;301;Privada;59;29.39;901-1000;10.09;;;401-500;5.51;;;1001+;1.44;;;5.82;801-900;3.14;;;701;;;
2024;direito;Faculdade Estácio do Amapá;AP;301;Privada;59;29.39;901-1000;9.67;;;501-600;4.73;;;1001+;2.05;;;5.04;801-900;2.89;;;701;;;
2024;direito;Icev - Instituto de Ensino Superior;PI;301;Privada;;;701-800;11.51;;;301-350;6.21;;;901-1000;2.21;;;31.81;801-900;3.09;;;136;;;
2024;direito;Facudade Ieducare;CE;301;Privada;;;301-350;16.01;;;501-600;4.62;;;1;8;;;26.04;801-900;3.39;;;251;;;
2024;direito;Centro Universitário Fai;SC;301;Privada;;;1001+;8.65;;;351-400;5.74;;;1001+;1.28;;;35.02;1001+;1.63;;;66;;;
2024;direito;Universidade de Sorocaba;SP;301;Privada;201-250;10.03;901-1000;9.68;;;701-800;3.83;;;1001+;0.48;;;23.84;401-500;5.37;;;301;;;
2024;direito;Faculdade do Recife;PE;301;Privada;59;29.39;1001+;7.1;;;801-900;2.89;;;1001+;2.08;;;8.85;1001+;2.13;;;601;;;
2024;direito;Faculdade Guilherme Guimbala;SC;301;Privada;59;29.39;1001+;4.51;;;801-900;3.06;;;1001+;0.88;;;11.64;1001+;0.57;;;501;;;
2024;direito;Instituto Aphonsiano de Ensino Superior;GO;301;Privada;;;145;20.03;;;201-250;6.68;;;1;8;;;25.99;401-500;5.35;;;251;;;
2024;direito;Faculdade Luciano Feijão;CE;301;Privada;;;185;18.56;;;251-300;6.36;;;1;8;;;24.71;601-700;4.2;;;251;;;
2024;direito;Faculdade de Castelo;ES;351;Privada;;;801-900;10.43;;;112;7.37;;;1001+;1.98;;;29.8;1001+;1.08;;;180;;;
2024;direito;Universidade Santa Cecília;SP;351;Privada;;;401-500;14.86;;;601-700;4.48;;;501-600;4.94;;;26.27;401-500;5.44;;;251;;;
2024;direito;Faculdade Eduvale de Avaré;SP;351;Privada;;;701-800;11.89;;;68;7.62;;;901-1000;2.44;;;29.06;1001+;1.83;;;196;;;
2024;direito;Faculdade Esamc Sorocaba;SP;351;Privada;;;1001+;8.18;;;501-600;5.09;;;1001+;1.49;;;33.51;1001+;1.6;;;99;;;
2024;direito;Faculdade de Pará de Minas;MG;351;Privada;;;901-1000;9.93;;;185;6.95;;;1001+;0.36;;;29.75;901-1000;2.62;;;181;;;
2024;direito;Faculdades Integradas de Jahu;SP;351;Privada;;;701-800;11.82;;;301-350;6.18;;;1001+;1.91;;;29.34;701-800;3.73;;;190;;;
2024;direito;Centro Universitário Maurício de Nassau de Campina Grande;PB;351;Privada;;;401-500;14.51;;;401-500;5.56;;;701-800;3.57;;;27.5;401-500;5.38;;;201;;;
2024;direito;Faculdade Cesmac do Sertão;AL;351;Privada;59;29.39;901-1000;10.23;;;401-500;5.45;;;901-1000;2.32;;;;901-1000;2.46;;;;;;
2024;direito;Faculdade Arquidiocesana de Curvelo;MG;351;Privada;;;1001+;9.25;;;701-800;3.94;;;1001+;1.63;;;31.45;701-800;3.68;;;144;;;
2024;direito;Faculdade de Ciências Gerenciais de São Gotardo;MG;351;Privada;;;301-350;16.22;;;126;7.29;;;601-700;4.22;;;24.57;501-600;4.71;;;251;;;
2024;direito;Centro Universitário Vale do Rio Verde;MG;351;Privada;;;701-800;12.14;;;201-250;6.73;;;801-900;2.87;;;28.97;901-1000;2.54;;;198;;;
2024;direito;Centro Universitário Estácio de Ribeirão Preto;SP;351;Privada;;;501-600;13.65;;;351-400;5.88;;;801-900;2.76;;;28.33;501-600;5.01;;;201;;;
2024;direito;Centro Universitário de Talentos Humanos;MG;351;Privada;201-250;10.03;701-800;11.46;;;301-350;6.02;;;801-900;3.33;;;18.89;1001+;2.11;;;401;;;
2024;direito;Faculdade Cnec Campo Largo;PR;351;Privada;;;88;36.06;;;1001+;1.84;;;1001+;1.14;;;4.81;801-900;3.08;23;30;701;;;
2024;direito;Faculdade Presbiteriana Mackenzie Brasília;DF;351;Privada;;;80;39.72;;;801-900;3.19;;;1001+;0.31;;;;301-350;6.22;23;30;;;;
2024;direito;Faculdade Anhanguera de Ipatinga;MG;351;Privada;201-250;10.03;201-250;17.3;;;201-250;6.73;;;501-600;5.02;;;12.29;401-500;5.55;;;501;;;
2024;direito;Universidade de Marília;SP;351;Privada;;;173;18.89;;;301-350;6.24;;;501-600;4.9;;;22.05;44;7.75;;;301;;;
2024;direito;Faculdade Dinâmica do Vale do Piranga;MG;351;Privada;;;401-500;14.15;;;201-250;6.64;;;601-700;4.13;;;25.58;801-900;3.38;;;251;;;
2024;direito;Faculdade Nova Roma;PE;351;Privada;;;1001+;7.58;;;401-500;5.54;;;;;;;33.14;1001+;2.04;;;107;;;
2024;direito;Centro Universitário do Vale do Araguaia;MT;351;Privada;;;81;39.58;;;1001+;1.57;;;501-600;5.01;;;;801-900;3;23;30;;;;
2024;direito;Faculdades Integradas de Aracruz;ES;351;Privada;;;701-800;12.27;;;201-250;6.6;;;1001+;1.4;;;28.05;601-700;4.27;;;201;;;
2024;direito;Faculdade Doctum de Juiz de Fora;MG;351;Privada;;;251-300;16.39;;;801-900;2.9;;;1;8;;;25.62;401-500;5.49;;;251;;;
2024;direito;Faculdade Esamc Santos;SP;351;Privada;;;1001+;8.72;;;401-500;5.35;;;1001+;2.12;;;30.8;1001+;1.25;;;158;;;
2024;direito;Centro Universitário de Excelência de Vitória da Conquista;BA;351;Privada;;;125;21.11;;;351-400;5.81;;;1;8;;;20.12;123;7.3;;;351;;;
2024;direito;Centro Universitário Unifacig;MG;351;Privada;;;501-600;13.79;;;501-600;4.61;;;401-500;5.42;;;26.13;701-800;3.76;;;251;;;
2024;direito;Faculdade de Ensino Superior da Paraíba;PB;351;Privada;;;85;38.2;;;701-800;3.68;;;1001+;0.29;;;3.21;601-700;4.23;23;30;701;;;
2024;direito;Centro Universitário Barão de Mauá;SP;351;Privada;;;401-500;14.83;;;134;7.24;;;901-1000;2.28;;;27;401-500;5.31;;;201;;;
2024;direito;Faculdade Anhanguera de Santo Antônio de Jesus;BA;351;Privada;59;29.39;901-1000;10.08;;;1001+;0.83;;;801-900;3.22;;;;301-350;6.03;;;;;;
2024;direito;Instituto Itapetiningano de Ensino Superior;SP;351;Privada;;;401-500;14.49;;;351-400;5.96;;;1;8;;;26.82;1001+;0.53;;;201;;;
2024;direito;Libertas - Faculdades Integradas;MG;351;Privada;;;351-400;15.71;;;701-800;3.48;;;1;8;;;24.62;601-700;4.23;;;251;;;
2024;direito;Universidade Santa Úrsula;RJ;351;Privada;;;82;39.47;;;1001+;0.9;;;1001+;2;;;1.88;201-250;6.57;23;30;701;;;
2024;direito;Centro Universitário Internacional;PR;351;Privada;201-250;10.03;501-600;13.87;;;501-600;4.91;;;801-900;2.95;;;17.6;301-350;6.01;;;401;;;
2024;direito;Centro Universitário Aparício Carvalho;RO;351;Privada;59;29.39;801-900;10.9;;;1001+;2.21;;;1;8;;;;1001+;0.69;;;;;;
2024;direito;Faculdade Venda Nova do Imigrante;ES;351;Privada;;;78;40.02;;;1001+;2.12;;;351-400;5.68;;;;1001+;2.22;23;30;;;;
2024;direito;Centro Universitário Eurípedes de Marília;SP;351;Privada;;;601-700;12.81;;;351-400;5.79;;;1001+;2.13;;;27.41;501-600;4.89;;;201;;;
2024;direito;Faculdade de Ensino Superior e Formação Integral;SP;351;Privada;;;183;18.64;;;168;7.05;;;1;8;;;22.55;701-800;3.59;;;301;;;
2024;direito;Centro Universitário de Barra Mansa;RJ;351;Privada;201-250;10.03;1001+;9.02;;;901-1000;2.73;;;701-800;3.83;;;22.42;901-1000;2.46;;;301;;;
2024;direito;Centro Universitário Funorte;MG;351;Privada;;;147;19.95;;;501-600;4.67;;;1;8;;;21.36;126;7.28;;;351;;;
2024;direito;Centro Universitário Presidente Tancredo de Almeida Neves;MG;351;Privada;;;701-800;12;;;251-300;6.36;;;901-1000;2.66;;;28.37;801-900;2.98;;;201;;;
2024;direito;Faculdade Estácio do Amazonas;AM;351;Privada;59;29.39;801-900;10.99;;;251-300;6.33;;;1001+;1.61;;;;801-900;3.05;;;;;;
2024;direito;Faculdade Multivix Cariacica;ES;351;Privada;;;251-300;16.7;;;69;7.61;;;501-600;4.7;;;24.66;601-700;4.39;;;251;;;
2024;direito;Centro Universitário Cesuca;RS;351;Privada;;;193;18.37;;;198;6.88;;;701-800;3.58;;;22.51;16;7.91;;;301;;;
2024;direito;Faculdade Santa Terezinha;MA;351;Privada;;;163;19.24;;;351-400;5.91;;;1;8;;;20.9;401-500;5.33;;;351;;;
2024;direito;Faculdade Unirb - Mossoró;RN;351;Privada;;;124;21.17;;;155;7.12;;;1;8;;;18.52;301-350;6.05;;;401;;;
2024;direito;Faculdade Santa Lúcia;SP;351;Privada;;;182;18.65;;;401-500;5.66;;;1;8;;;22.74;501-600;4.99;;;301;;;
2024;direito;Faculdade Estácio da Paraíba;PB;351;Privada;59;29.39;901-1000;10;;;801-900;2.97;;;801-900;2.79;;;;601-700;4.24;;;;;;
2024;direito;Faculdade Católica Imaculada Conceição do Recife;PE;351;Privada;;;801-900;10.99;;;196;6.89;;;1001+;0.94;;;28.74;801-900;3.16;;;201;;;
2024;direito;Faculdade Multivix Nova Venécia;ES;351;Privada;;;601-700;13.01;;;110;7.38;;;501-600;4.58;;;26.86;1001+;1.05;;;201;;;
2024;direito;Faculdade Cnec Santo Ângelo;RS;351;Privada;;;801-900;10.83;;;601-700;4.33;;;1001+;0.14;;;28.7;251-300;6.36;;;201;;;
2024;direito;Centro Universitário Ages;BA;351;Privada;;;192;18.39;;;501-600;4.69;;;351-400;5.83;;;21.27;23;7.87;;;351;;;
2024;direito;Faculdade de Integração do Sertão;PE;401;Privada;;;701-800;11.55;;;501-600;5.12;;;501-600;4.87;;;22.92;1001+;1.56;;;301;;;
2024;direito;Faculdade Ágora;MT;401;Privada;59;29.39;1001+;7.31;;;1001+;1.57;;;801-900;2.94;;;;901-1000;2.8;;;;;;
2024;direito;Centro Universitário Estácio de Santa Catarina;SC;401;Privada;;;801-900;11.33;;;601-700;4.26;;;1001+;1.97;;;22.37;501-600;5.1;;;301;;;
2024;direito;Faculdade da Saúde e Ecologia Humana;MG;401;Privada;;;401-500;14.22;;;178;6.99;;;801-900;3.2;;;18.57;601-700;4.03;;;401;;;
2024;direito;Centro Universitário Euro-americano;DF;401;Privada;;;401-500;14.75;;;184;6.96;;;801-900;3.23;;;23.65;601-700;4.56;;;301;;;
2024;direito;Faculdade do Noroeste de Minas;MG;401;Privada;;;401-500;14.78;;;251-300;6.55;;;401-500;5.58;;;18.29;901-1000;2.65;;;401;;;
2024;direito;Centro Universitário Atenas;MG;401;Privada;;;162;19.25;;;164;7.07;;;1;8;;;15.68;601-700;4.18;;;401;;;
2024;direito;Faculdades Integradas Iesgo;GO;401;Privada;;;351-400;15.68;;;801-900;3.26;;;1;8;;;21.32;601-700;4.42;;;351;;;
2024;direito;Centro Universitário Metrocamp Wyden;SP;401;Privada;;;601-700;12.42;;;351-400;5.93;;;1001+;1.26;;;25.3;401-500;5.23;;;251;;;
2024;direito;Faculdade de Administração e Negócios de Sergipe;SE;401;Privada;;;1001+;6.75;;;501-600;4.75;;;1001+;0.57;;;27.82;1001+;1.43;;;201;;;
2024;direito;Faculdade Doctum de Carangola;MG;401;Privada;;;401-500;15.04;;;901-1000;2.63;;;1;8;;;20.77;601-700;4.41;;;351;;;
2024;direito;Faculdade Anhanguera de Anápolis;GO;401;Privada;201-250;10.03;401-500;15.02;;;601-700;4.57;;;501-600;4.81;;;7.56;401-500;5.64;;;601;;;
2024;direito;Centro Universitário Católica do Tocantins;TO;401;Privada;;;401-500;15.06;;;401-500;5.58;;;601-700;4.3;;;21.91;401-500;5.18;;;351;;;
2024;direito;Faculdade de Minas BH;MG;401;Privada;;;351-400;15.45;;;92;7.48;;;1001+;1.97;;;23.47;301-350;6;;;301;;;
2024;direito;Universidade Municipal de São Caetano do Sul;SP;401;Municipal;;;701-800;11.58;;;501-600;4.93;;;1001+;0.36;;;21.87;251-300;6.29;;;351;;;
2024;direito;Faculdade de Direito de Ipatinga;MG;401;Privada;;;1001+;9.34;;;351-400;5.78;;;901-1000;2.2;;;25.95;1001+;1.36;;;251;;;
2024;direito;Faculdade de Ensino Superior de Marechal Cândido Rondon;PR;401;Privada;;;801-900;10.96;;;301-350;6.23;;;1001+;1.4;;;25.85;801-900;3.33;;;251;;;
2024;direito;Centro Universitário - Católica de Santa Catarina em Jaraguá do Sul;SC;401;Privada;;;1001+;8.44;;;501-600;5.08;;;1001+;0.78;;;30.9;901-1000;2.58;;;156;;;
2024;direito;Faculdade Estácio de Sá de Vila Velha;ES;401;Privada;;;701-800;11.6;;;401-500;5.58;;;1001+;1.9;;;24.94;601-700;4.12;;;251;;;
2024;direito;Centro Universitário de Jaguariúna;SP;401;Privada;;;901-1000;9.6;;;99;7.44;;;1001+;1.27;;;25.35;1001+;0.89;;;251;;;
2024;direito;Faculdade Concórdia;SC;401;Privada;;;1001+;5.47;;;601-700;4.21;;;1001+;0.62;;;31.86;1001+;0.64;;;135;;;
2024;direito;Centro Universitário Unisep;PR;401;Privada;;;901-1000;9.52;;;401-500;5.47;;;801-900;2.99;;;27.87;1001+;1.06;;;201;;;
2024;direito;Centro Universitário São Judas Tadeu;SP;401;Privada;;;251-300;16.91;;;601-700;4.42;;;501-600;5;;;19.12;90;7.49;;;401;;;
2024;direito;Instituto Machadense de Ensino Superior;MG;401;Privada;;;1001+;7.86;;;501-600;4.65;;;1001+;1.14;;;25.44;1001+;2.07;;;251;;;
2024;direito;Universidade Metodista de São Paulo;SP;401;Privada;201-250;10.03;801-900;10.64;;;601-700;4.26;;;901-1000;2.59;;;18.24;701-800;3.79;;;401;;;
2024;direito;Instituto Municipal de Ensino Superior de Bebedouro Victório Cardassi;SP;401;Municipal;;;301-350;16.18;;;351-400;5.89;;;601-700;3.96;;;22.64;251-300;6.33;;;301;;;
2024;direito;Centro Universitário Geraldo Di Biase;RJ;401;Privada;;;401-500;14.76;;;401-500;5.17;;;351-400;5.92;;;19.94;701-800;3.67;;;351;;;
2024;direito;Faculdade Presidente Antônio Carlos de Aimorés;MG;401;Privada;;;901-1000;10.4;;;501-600;5.13;;;901-1000;2.43;;;23.1;901-1000;2.84;;;301;;;
2024;direito;Faculdade Autônoma de Direito;SP;401;Privada;;;201-250;17.7;;;301-350;6.26;;;701-800;3.66;;;18.34;39;7.78;;;401;;;
2024;direito;Universidade Alto Vale do Rio do Peixe;SC;401;Privada;;;401-500;14.86;;;251-300;6.48;;;801-900;2.75;;;23.61;401-500;5.63;;;301;;;
2024;direito;Universidade Luterana do Brasil;RS;401;Privada;;;251-300;16.38;;;251-300;6.35;;;401-500;5.61;;;21.73;601-700;4.42;;;351;;;
2024;direito;Faculdade Pedro Leopoldo;MG;401;Privada;;;601-700;12.42;;;97;7.45;;;1001+;0.25;;;21.68;501-600;4.72;;;351;;;
2024;direito;Centro Universitário de Balsas;MA;401;Privada;;;166;19.16;;;11;7.94;;;351-400;5.9;;;19.71;401-500;5.32;;;351;;;
2024;direito;Centro Universitário Uniasselvi de Blumenau ;SC;401;Privada;;;501-600;13.53;;;901-1000;2.67;;;601-700;4.23;;;23.97;201-250;6.63;;;301;;;
2024;direito;Faculdade Politécnica de Campinas;SP;401;Privada;;;1001+;8.58;;;1001+;1.58;;;401-500;5.37;;;24.75;1001+;1.63;;;251;;;
2024;direito;Faculdade de Ensino Superior do Centro do Paraná;PR;401;Privada;;;251-300;16.75;;;401-500;5.5;;;1;8;;;18.66;801-900;3.25;;;401;;;
2024;direito;Faculdade de Colider;MT;401;Privada;;;801-900;10.61;;;901-1000;2.59;;;1;8;;;23.74;1001+;0.02;;;301;;;
2024;direito;Instituto de Ensino Superior de Rondônia;RO;401;Privada;;;701-800;12.09;;;401-500;5.4;;;401-500;5.47;;;20.95;1001+;1.22;;;351;;;
2024;direito;Centro Universitário Ruy Barbosa Wyden;BA;401;Privada;;;501-600;13.09;;;501-600;4.83;;;1001+;1.76;;;26.17;251-300;6.5;;;251;;;
2024;direito;Faculdade Doctum de João Monlevade;MG;401;Privada;;;401-500;15.08;;;901-1000;2.51;;;1;8;;;24.25;501-600;4.57;;;301;;;
2024;direito;Nova Faculdade;MG;401;Privada;;;501-600;13.88;;;501-600;4.95;;;701-800;3.52;;;21.64;401-500;5.41;;;351;;;
2024;direito;Centro Universitário Castelo Branco;ES;401;Privada;;;701-800;12.04;;;501-600;5;;;801-900;3.03;;;26.31;601-700;4.01;;;251;;;
2024;direito;Faculdade de Direito de Contagem;MG;401;Privada;;;901-1000;9.93;;;401-500;5.6;;;1001+;1.37;;;29.29;801-900;2.96;;;191;;;
2024;direito;Centro Universitário do Vale do Jaguaribe;CE;401;Privada;;;601-700;12.75;;;351-400;5.76;;;301-350;5.99;;;22.97;1001+;1;;;301;;;
2024;direito;Centro Universitário Una de Contagem;MG;401;Privada;;;201-250;17.58;;;601-700;4.54;;;401-500;5.41;;;21.45;65;7.63;;;351;;;
2024;direito;Faculdade Cnec Farroupilha;RS;401;Privada;;;1001+;8.19;;;1001+;1.95;;;;;;;27.18;301-350;6.24;;;201;;;
2024;direito;Faculdade Doctum de Serra;ES;401;Privada;;;301-350;15.89;;;1001+;2.12;;;1;8;;;19.3;351-400;5.77;;;401;;;
2024;direito;Centro Universitário da Fundação Educacional Guaxupé;MG;401;Privada;;;1001+;7.78;;;801-900;3.21;;;1001+;0.97;;;27.64;701-800;3.6;;;201;;;
2024;direito;Faculdades Unificadas de Leopoldina;MG;401;Privada;;;201-250;17.72;;;601-700;4.16;;;1;8;;;20.63;401-500;5.56;;;351;;;
2024;direito;Centro Universitário Cathedral;MT;401;Privada;;;160;19.29;;;251-300;6.47;;;1;8;;;13.98;501-600;4.82;;;501;;;
2024;direito;Escola Superior Associada de Goiânia;GO;401;Privada;;;601-700;12.83;;;601-700;4.44;;;401-500;5.58;;;20.49;901-1000;2.81;;;351;;;
2024;direito;Universidade Cidade de São Paulo;SP;401;Privada;201-250;10.03;401-500;14.07;;;801-900;2.98;;;601-700;4.1;;;9.86;177;6.99;;;601;;;
2024;direito;Faculdades Integradas do Extremo Sul da Bahia;BA;401;Privada;;;140;20.27;;;401-500;5.39;;;1;8;;;15.59;196;6.88;;;401;;;
2024;direito;Centro Universitário Cidade Verde;PR;401;Privada;;;251-300;16.67;;;201-250;6.85;;;301-350;6.09;;;16.96;701-800;3.73;;;401;;;
2024;direito;Centro Universitário de Patos;PB;401;Privada;;;901-1000;9.68;;;701-800;3.55;;;801-900;2.88;;;25.17;801-900;3.25;;;251;;;
2024;direito;Faculdade Estácio São Paulo de Rondônia;RO;401;Privada;59;29.39;1001+;5.08;;;1001+;2.21;;;901-1000;2.5;;;;1001+;0.37;;;;;;
2024;direito;Faculdade Educacional de Medianeira;PR;401;Privada;;;501-600;13.48;;;351-400;5.99;;;601-700;4.13;;;19.16;801-900;3.36;;;401;;;
2024;direito;Faculdade Dom Bosco de Porto Alegre;RS;401;Privada;;;701-800;12.03;;;501-600;4.66;;;1001+;1.03;;;26.54;251-300;6.34;;;251;;;
2024;direito;Centro Universitário de Lavras;MG;401;Privada;;;601-700;12.48;;;85;7.52;;;1001+;1.41;;;23.01;701-800;3.55;;;301;;;
2024;direito;Centro Universitário de Mineiros;GO;401;Municipal;201-250;10.03;401-500;15.04;;;1001+;1.68;;;1;8;;;9.95;401-500;5.36;;;601;;;
2024;direito;Universidade de Taubaté;SP;401;Municipal;;;701-800;11.47;;;701-800;3.86;;;401-500;5.22;;;24.39;901-1000;2.39;;;251;;;
2024;direito;Centro Universitário Univinte;SC;401;Privada;59;29.39;1001+;6.84;;;601-700;4.26;;;1001+;1.31;;;;1001+;1.27;;;;;;
2024;direito;Faculdade de São Lourenço;MG;401;Privada;;;701-800;12.23;;;401-500;5.32;;;601-700;4.38;;;26.59;901-1000;2.53;;;201;;;
2024;direito;Faculdade Pio Décimo;SE;401;Privada;;;401-500;15;;;601-700;4.46;;;401-500;5.5;;;20.03;501-600;5.04;;;351;;;
2024;direito;Centro Universitário Padre Anchieta;SP;401;Privada;;;601-700;12.73;;;78;7.56;;;1001+;0.5;;;22.46;501-600;4.67;;;301;;;
2024;direito;Centro Universitário Alfredo Nasser;GO;401;Privada;201-250;10.03;701-800;11.94;;;601-700;4.39;;;301-350;6.1;;;14.3;1001+;1.45;;;501;;;
2024;direito;Centro Universitário de Ciências e Tecnologia do Maranhão;MA;401;Privada;;;201-250;17.14;;;401-500;5.54;;;351-400;5.91;;;19.99;401-500;5.69;;;351;;;
2024;direito;Faculdade de Tecnologia e Ciências de Itabuna;BA;401;Privada;;;144;20.05;;;501-600;5.01;;;1;8;;;18.2;168;7.04;;;401;;;
2024;direito;Faculdade Ideau de Bagé;RS;401;Privada;;;201-250;17.9;;;601-700;4.33;;;1;8;;;16.78;401-500;5.57;;;401;;;
2024;direito;Centro Universitário Favip Wyden;PE;401;Privada;;;701-800;11.98;;;401-500;5.37;;;901-1000;2.3;;;22.23;601-700;4.31;;;301;;;
2024;direito;Centro Universitário dos Guararapes;PE;401;Privada;;;901-1000;10.09;;;801-900;2.91;;;801-900;3.15;;;23.24;601-700;4.03;;;301;;;
2024;direito;Faculdade Santo Antônio de Pádua;RJ;401;Privada;;;901-1000;9.66;;;801-900;3.08;;;801-900;2.86;;;28.42;701-800;3.72;;;201;;;
2024;direito;Faculdade de Americana;SP;401;Privada;;;1001+;9.02;;;251-300;6.45;;;1001+;0.73;;;24.57;1001+;1.84;;;251;;;
2024;direito;Faculdade Iteana de Botucatu;SP;401;Privada;;;801-900;10.7;;;351-400;5.91;;;1001+;0.35;;;26.68;601-700;4.44;;;201;;;
2024;direito;Faculdade de Ciências Sociais Aplicadas BA;BA;401;Privada;;;351-400;15.41;;;601-700;4.17;;;1;8;;;17.88;801-900;3.24;;;401;;;
2024;direito;Universidade Católica de Pelotas;RS;401;Privada;;;501-600;13.3;;;501-600;4.92;;;701-800;3.54;;;25.81;501-600;4.84;;;251;;;
2024;direito;Claretiano - Centro Universitário de Rio Claro;SP;401;Privada;;;401-500;14.34;;;201-250;6.81;;;701-800;3.44;;;24.07;601-700;4.09;;;301;;;
2024;direito;Faculdade Doctum de Manhuaçu;MG;401;Privada;;;301-350;16;;;901-1000;2.54;;;1;8;;;16.69;401-500;5.46;;;401;;;
2024;direito;Centro Universitário de Várzea Grande;MT;401;Privada;201-250;10.03;351-400;15.18;;;251-300;6.32;;;501-600;4.98;;;10.5;701-800;3.88;;;601;;;
2024;direito;Centro Universitário de Sete Lagoas;MG;401;Privada;201-250;10.03;901-1000;10.3;;;351-400;5.77;;;1001+;0.81;;;18.7;701-800;3.72;;;401;;;
2024;direito;Instituto Superior de Ciências Aplicadas;SP;401;Privada;201-250;10.03;1001+;5.85;;;701-800;3.87;;;1001+;0.78;;;16.91;1001+;1.2;;;401;;;
2024;direito;Centro Universitário São José;RJ;401;Privada;;;301-350;15.83;;;401-500;5.49;;;501-600;4.74;;;22.09;401-500;5.6;;;301;;;
2024;direito;Faculdade Unime de Ciências Jurídicas;BA;401;Privada;201-250;10.03;401-500;14.83;;;701-800;3.98;;;501-600;4.65;;;9.03;301-350;6.2;;;601;;;
2024;direito;Instituto de Ensino Superior Integrado-iesi;MG;401;Privada;;;701-800;11.37;;;122;7.31;;;901-1000;2.34;;;25.03;1001+;1.72;;;251;;;
2024;direito;Faculdade Palotina;RS;401;Privada;;;801-900;11.28;;;201-250;6.81;;;1001+;0.43;;;21.54;601-700;4.04;;;351;;;
2024;direito;Faculdades Doctum de Caratinga;MG;401;Privada;201-250;10.03;301-350;16.15;;;901-1000;2.73;;;1;8;;;12.97;401-500;5.42;;;501;;;
2024;direito;Centro Universitário de Viçosa;MG;401;Privada;;;301-350;15.84;;;66;7.63;;;1001+;2.1;;;20.4;301-350;6.11;;;351;;;
2024;direito;Faculdade de Ciências Sociais e Agrárias de Itapeva;SP;401;Privada;;;351-400;15.27;;;601-700;4.19;;;1;8;;;20.99;801-900;3.08;;;351;;;
2024;direito;Centro Universitário Fadergs;RS;401;Privada;;;701-800;11.46;;;301-350;6.04;;;1001+;1.24;;;25.49;601-700;4.18;;;251;;;
2024;direito;Universidade do Vale do Paraíba;SP;401;Privada;;;901-1000;10.29;;;106;7.4;;;1001+;0.26;;;27.55;901-1000;2.63;;;201;;;
2024;direito;Centro Universitário Doctum de Teófilo Otoni;MG;401;Privada;;;351-400;15.3;;;901-1000;2.35;;;1;8;;;22;501-600;4.95;;;301;;;
2024;direito;Christus Faculdade do Piauí;PI;401;Privada;;;401-500;14.67;;;801-900;3.2;;;1;8;;;19.85;701-800;3.47;;;351;;;
2024;direito;Centro Universitário Joaquim Nabuco de Recife;PE;401;Privada;201-250;10.03;901-1000;9.64;;;801-900;2.89;;;801-900;3.3;;;17.28;701-800;3.45;;;401;;;
2024;direito;Centro Universitário Zarns;BA;401;Privada;;;401-500;14.87;;;1001+;0.83;;;1;8;;;18.75;301-350;6.04;;;401;;;
2024;direito;Centro Universitário Anhangüera;SP;401;Privada;;;251-300;16.72;;;301-350;6.19;;;601-700;4.44;;;21.77;301-350;6.09;;;351;;;
2024;direito;Centro Universitário Una de Uberlândia;MG;401;Privada;201-250;10.03;251-300;16.52;;;501-600;4.73;;;501-600;5.04;;;10.91;201-250;6.75;;;501;;;
2024;direito;Centro Universitário Santa Cruz de Curitiba;PR;401;Privada;;;129;20.98;;;301-350;6.1;;;1;8;;;14.21;196;6.88;;;501;;;
2024;direito;Faculdade Metropolitana São Carlos BJI;RJ;401;Privada;;;401-500;14.12;;;251-300;6.37;;;401-500;5.58;;;21.04;1001+;2.17;;;351;;;
2024;direito;Faculdade Doctum de Vitória;ES;401;Privada;;;351-400;15.67;;;901-1000;2.34;;;1;8;;;17.05;401-500;5.33;;;401;;;
2024;direito;Faculdade Promove de Belo Horizonte;MG;401;Privada;;;161;19.28;;;401-500;5.46;;;1;8;;;14.07;351-400;5.82;;;501;;;
2024;direito;Centro Universitário Projeção;DF;501;Privada;;;123;21.18;;;351-400;5.92;;;1;8;;;9.99;130;7.26;;;601;;;
2024;direito;Faculdade dos Carajás;PA;501;Privada;;;1001+;6.5;;;501-600;4.94;;;1001+;0.64;;;24.98;1001+;0.92;;;251;;;
2024;direito;Faculdades Integradas de Garanhuns;PE;501;Municipal;;;1001+;8.45;;;701-800;3.51;;;701-800;3.68;;;19.76;1001+;1.26;;;351;;;
2024;direito;Faculdade de Educação Ciências e Artes Dom Bosco de Monte Aprazível;SP;501;Privada;201-250;10.03;1001+;6.74;;;701-800;4.01;;;1001+;1.04;;;13.75;1001+;1.69;;;501;;;
2024;direito;Centro Universitário FG;BA;501;Privada;;;501-600;13.42;;;601-700;4.24;;;501-600;4.85;;;14.9;601-700;4.33;;;501;;;
2024;direito;Faculdades Integradas de Três Lagoas;MS;501;Privada;;;141;20.21;;;175;7.01;;;1;8;;;10.22;401-500;5.2;;;601;;;
2024;direito;Centro Universitário São Lucas Ji-paraná;RO;501;Privada;;;1001+;7.83;;;1001+;2.21;;;501-600;4.97;;;18.38;1001+;0.65;;;401;;;
2024;direito;Instituto Universitário Una de Catalão;GO;501;Privada;;;190;18.45;;;401-500;5.7;;;401-500;5.64;;;13.8;156;7.11;;;501;;;
2024;direito;Faculdade Estácio de Sá de Vitória;ES;501;Privada;;;601-700;12.82;;;301-350;6.22;;;901-1000;2.68;;;19.53;701-800;3.92;;;401;;;
2024;direito;Instituto Una de Itabira;MG;501;Privada;201-250;10.03;351-400;15.55;;;1001+;0.32;;;1;8;;;;135;7.23;;;;;;
2024;direito;Centro Universitário Luterano de Santarém;PA;501;Privada;;;601-700;12.37;;;601-700;4.37;;;401-500;5.55;;;15.08;901-1000;2.45;;;501;;;
2024;direito;Instituto Matonense Municipal de Ensino Superior;SP;501;Privada;;;501-600;13.59;;;351-400;5.83;;;801-900;3.2;;;15.45;601-700;4.56;;;401;;;
2024;direito;Faculdade Anhanguera de Belo Horizonte;MG;501;Privada;;;251-300;16.49;;;401-500;5.29;;;501-600;4.52;;;9.72;201-250;6.68;;;601;;;
2024;direito;Faculdade Asa de Brumadinho;MG;501;Privada;;;401-500;14.62;;;251-300;6.5;;;401-500;5.11;;;17.74;801-900;3.01;;;401;;;
2024;direito;Faculdade Santo Agostinho de Sete Lagoas;MG;501;Privada;;;701-800;11.93;;;301-350;6.25;;;1001+;1.83;;;14.35;701-800;3.85;;;501;;;
2024;direito;Centro Universitário Unirb;BA;501;Privada;;;251-300;16.87;;;801-900;3.35;;;1;8;;;8.98;401-500;5.52;;;601;;;
2024;direito;Centro Universitário Uninorte;AC;501;Privada;;;901-1000;9.95;;;401-500;5.26;;;901-1000;2.49;;;20.31;1001+;2.2;;;351;;;
2024;direito;Faculdade Educacional Jurídica e Gerencial de Oliveira;MG;501;Privada;;;1001+;8.51;;;251-300;6.41;;;1001+;0.33;;;19.48;1001+;1.77;;;401;;;
2024;direito;Universidade de Mogi das Cruzes;SP;501;Privada;;;701-800;11.86;;;401-500;5.36;;;701-800;3.58;;;19.44;801-900;2.92;;;401;;;
2024;direito;Faculdade Doutor Francisco Maeda;SP;501;Privada;;;401-500;14.56;;;351-400;5.74;;;901-1000;2.29;;;14.81;251-300;6.53;;;501;;;
2024;direito;Instituto Municipal de Ensino Superior de Assis;SP;501;Municipal;;;901-1000;10.05;;;1001+;1.46;;;601-700;4.29;;;22.32;601-700;4.3;;;301;;;
2024;direito;Centro Universitário de Itapira;SP;501;Privada;;;701-800;12.17;;;401-500;5.46;;;301-350;5.97;;;17.79;1001+;0.74;;;401;;;
2024;direito;Centro Universitário Facol;PE;501;Privada;;;183;18.64;;;251-300;6.34;;;1;8;;;12.47;601-700;4.3;;;501;;;
2024;direito;Centro Universitário Sudoeste Paulista;SP;501;Privada;;;801-900;10.95;;;301-350;6.27;;;901-1000;2.47;;;17.56;1001+;2.21;;;401;;;
2024;direito;Centro de Ensino Superior do Vale do Parnaíba;PI;501;Privada;;;175;18.83;;;117;7.34;;;1;8;;;8.34;701-800;3.49;;;601;;;
2024;direito;Faculdade Anhanguera de Brasília;DF;501;Privada;;;251-300;16.32;;;401-500;5.62;;;501-600;5.02;;;10.96;401-500;5.68;;;501;;;
2024;direito;Faculdade Fatifajar Jaguariaíva;PR;501;Privada;;;351-400;15.65;;;108;7.39;;;1;8;;;13.89;1001+;0.26;;;501;;;
2024;direito;Faculdade de Direito de Varginha;MG;501;Privada;;;1001+;6.03;;;801-900;3.37;;;1001+;1.76;;;20.86;1001+;0.9;;;351;;;
2024;direito;Universidade Iguaçu;RJ;501;Privada;201-250;10.03;1001+;8.64;;;701-800;3.84;;;801-900;3.23;;;12.65;1001+;1.57;;;501;;;
2024;direito;Faculdade de Ensino Superior da Amazônia Reunida;PA;501;Privada;;;1001+;4.81;;;901-1000;2.64;;;1001+;1.96;;;22.69;1001+;0.21;;;301;;;
2024;direito;Faculdade de Ensino Superior Santa Barbara;SP;501;Privada;;;1001+;9.19;;;194;6.9;;;1001+;0.96;;;18.43;1001+;1.33;;;401;;;
2024;direito;Centro Universitário Unihorizontes;MG;501;Privada;;;801-900;10.63;;;351-400;5.83;;;1001+;0.75;;;15.36;601-700;4.05;;;401;;;
2024;direito;Centro Universitário Estácio Juiz de Fora;MG;501;Privada;;;601-700;12.79;;;701-800;3.79;;;901-1000;2.29;;;19.34;201-250;6.71;;;401;;;
2024;direito;Faculdade da Alta Paulista;SP;501;Privada;;;801-900;10.68;;;501-600;4.87;;;1001+;2.12;;;20.26;701-800;3.69;;;351;;;
2024;direito;Centro de Estudos Superiores Aprendiz;MG;501;Privada;;;1001+;7.23;;;601-700;4.46;;;1001+;1.31;;;20.49;1001+;1.46;;;351;;;
2024;direito;Faculdade Cnec Varginha;MG;501;Privada;;;801-900;10.6;;;251-300;6.43;;;1001+;0.33;;;21.5;701-800;3.84;;;351;;;
2024;direito;Faculdade Kennedy de Minas Gerais;MG;501;Privada;;;251-300;16.55;;;601-700;4.16;;;301-350;6.02;;;12.7;251-300;6.37;;;501;;;
2024;direito;Centro Universitário Una de Bom Despacho;MG;501;Privada;201-250;10.03;201-250;17.19;;;601-700;4.57;;;401-500;5.16;;;;95;7.46;;;;;;
2024;direito;Faculdade de Direito de Conselheiro Lafaiete;MG;501;Privada;;;901-1000;9.56;;;401-500;5.63;;;1001+;0.72;;;22.6;801-900;3.21;;;301;;;
2024;direito;Centro Universitário de Santa Fé do Sul;SP;501;Municipal;;;901-1000;9.94;;;351-400;5.96;;;901-1000;2.22;;;16.87;1001+;1.76;;;401;;;
2024;direito;Centro Universitário Maurício de Nassau de Maceió;AL;501;Privada;;;351-400;15.55;;;401-500;5.23;;;501-600;4.6;;;13.48;351-400;5.72;;;501;;;
2024;direito;Centro Universitário Uniasselvi de Guaramirim;SC;501;Privada;;;601-700;12.84;;;1001+;1.96;;;601-700;4.35;;;15.45;251-300;6.53;;;401;;;
2024;direito;Faculdade Vale do Gorutuba;MG;501;Privada;;;901-1000;10.16;;;1001+;1.58;;;701-800;3.5;;;16.5;501-600;5.08;;;401;;;
2024;direito;Faculdade Anhanguera de Indaiatuba;SP;501;Privada;201-250;10.03;251-300;16.77;;;401-500;5.68;;;601-700;4.31;;;;201-250;6.78;;;;;;
2024;direito;Centro Universitário das Américas;SP;501;Privada;;;601-700;12.99;;;601-700;4.29;;;901-1000;2.52;;;12.88;301-350;6.18;;;501;;;
2024;direito;Centro Universitário Unifapi;PR;501;Privada;;;1001+;6.83;;;701-800;3.92;;;1001+;0.93;;;24.84;1001+;1.98;;;251;;;
2024;direito;Centro Universitário Unifaat;SP;501;Privada;;;901-1000;10.3;;;801-900;3.42;;;901-1000;2.28;;;20.58;501-600;4.6;;;351;;;
2024;direito;Faculdade Barretos;SP;501;Privada;;;501-600;13.86;;;251-300;6.54;;;401-500;5.21;;;16.82;1001+;2.11;;;401;;;
2024;direito;Centro Universitário Funcesi;MG;501;Privada;;;901-1000;10.36;;;701-800;3.85;;;801-900;3.17;;;21.96;801-900;3.34;;;351;;;
2024;direito;Faculdade de Santa Luzia;MG;501;Privada;;;1001+;9.38;;;901-1000;2.67;;;801-900;3;;;16.46;701-800;3.71;;;401;;;
2024;direito;Faculdade Cnec Rio das Ostras;RJ;501;Privada;;;901-1000;9.9;;;401-500;5.2;;;701-800;3.59;;;19.39;1001+;1.11;;;401;;;
2024;direito;Faculdade Anhanguera de Linhares;ES;501;Privada;;;401-500;14.41;;;801-900;3.11;;;501-600;4.91;;;14.39;251-300;6.39;;;501;;;
2024;direito;Centro Universitário Tiradentes de Pernambuco;PE;501;Privada;;;501-600;13.56;;;251-300;6.32;;;1001+;0.97;;;17.97;301-350;6.27;;;401;;;
2024;direito;Centro Universitário Cenecista de Osório;RS;501;Privada;;;1001+;8.13;;;401-500;5.33;;;;;;;22.78;901-1000;2.8;;;301;;;
2024;direito;Centro Universitário Tocantinense Presidente Antônio Carlos;TO;501;Privada;;;501-600;13.5;;;501-600;4.77;;;701-800;3.55;;;13.84;401-500;5.18;;;501;;;
2024;direito;Faculdade Aldete Maria Alves;MG;501;Privada;;;195;18.31;;;351-400;5.8;;;1;8;;;9.81;601-700;4.51;;;601;;;
2024;direito;Centro Universitário Metodista;RS;501;Privada;;;601-700;12.66;;;701-800;3.69;;;801-900;3.08;;;14.44;351-400;5.89;;;501;;;
2024;direito;Centro Universitário do Planalto Central Apparecido dos Santos;DF;501;Privada;;;251-300;16.92;;;201-250;6.74;;;501-600;4.58;;;13.71;401-500;5.6;;;501;;;
2024;direito;Centro Universitário da Fundação Educacional de Barretos;SP;501;Privada;;;801-900;11.12;;;129;7.27;;;1001+;0.89;;;19.8;801-900;2.96;;;351;;;
2024;direito;Centro Universitário do Vale do Ribeira;SP;501;Privada;;;1001+;8.2;;;601-700;4.54;;;1001+;2;;;24.02;1001+;1.66;;;301;;;
2024;direito;Faculdade de Olinda;PE;501;Privada;;;301-350;15.77;;;801-900;3.22;;;1;8;;;10.86;601-700;4.55;;;501;;;
2024;direito;Faculdade Anhanguera de Divinópolis;MG;501;Privada;;;251-300;16.45;;;401-500;5.59;;;601-700;4.11;;;16.09;201-250;6.75;;;401;;;
2024;direito;Faculdade Cathedral;RR;501;Privada;;;199;18.22;;;701-800;3.58;;;1;8;;;7.38;201-250;6.64;;;601;;;
2024;direito;Faculdade de Direito de Itu;SP;501;Privada;;;1001+;5.17;;;1001+;2.13;;;1001+;0.07;;;21.09;801-900;2.97;;;351;;;
2024;direito;Faculdade do Vale do Juruena;MT;501;Privada;;;1001+;7.6;;;801-900;3.42;;;1001+;1.55;;;19.57;901-1000;2.63;;;401;;;
2024;direito;Faculdade da Seune;AL;501;Privada;;;1001+;7.67;;;401-500;5.61;;;1001+;0.34;;;20.22;1001+;1.72;;;351;;;
2024;direito;Faculdade Foz do Iguaçu;PR;501;Privada;;;1001+;8.86;;;1001+;1.84;;;501-600;5.03;;;23.29;1001+;1.99;;;301;;;
2024;direito;Faculdade Evangélica de Goianésia;GO;501;Privada;;;501-600;13.99;;;601-700;4.39;;;501-600;5.08;;;14.76;601-700;4.52;;;501;;;
2024;direito;Faculdade Anhanguera de Teixeira de Freitas;BA;501;Privada;;;201-250;17.3;;;351-400;5.73;;;401-500;5.17;;;9.9;251-300;6.4;;;601;;;
2024;direito;Faculdade Anhanguera de Betim;MG;501;Privada;;;351-400;15.69;;;601-700;4.36;;;601-700;4.17;;;14.85;147;7.16;;;501;;;
2024;direito;Centro Universitário Nossa Senhora do Patrocínio;SP;501;Privada;;;601-700;12.46;;;801-900;3.09;;;801-900;3.16;;;18.47;301-350;6.21;;;401;;;
2024;direito;Faculdade São Francisco de Assis;RS;501;Privada;;;1001+;5.67;;;1001+;1.95;;;1001+;1.12;;;21.22;901-1000;2.6;;;351;;;
2024;direito;Universidade Universus Veritas Guarulhos;SP;501;Privada;201-250;10.03;701-800;12.02;;;501-600;4.96;;;901-1000;2.72;;;7.06;601-700;4.34;;;601;;;
2024;direito;Instituto Salvador de Ensino e Cultura;BA;501;Privada;;;1001+;3.46;;;1001+;0.83;;;1001+;2.1;;;25.39;1001+;0.53;;;251;;;
2024;direito;Centro Universitário de Goiatuba;GO;501;Municipal;;;194;18.35;;;351-400;5.75;;;1;8;;;7.79;501-600;4.6;;;601;;;
2024;direito;Faculdade de Direito do Vale do Rio Doce;MG;501;Privada;;;1001+;8.17;;;401-500;5.3;;;1001+;0.91;;;18.11;1001+;1.96;;;401;;;
2024;direito;Faculdade Anhanguera de Pelotas;RS;501;Privada;;;201-250;17.89;;;401-500;5.42;;;401-500;5.66;;;11.19;201-250;6.81;;;501;;;
2024;direito;Instituto de Educação Superior Raimundo Sá;PI;501;Privada;;;701-800;11.93;;;601-700;4.52;;;351-400;5.86;;;17.51;1001+;1.55;;;401;;;
2024;direito;Centro Universitário Fip-moc;MG;501;Privada;;;701-800;12.28;;;301-350;6.14;;;801-900;3.21;;;19.02;801-900;2.93;;;401;;;
2024;direito;Centro Universitário Imepac;MG;501;Privada;201-250;10.03;106;22.37;;;119;7.33;;;1;8;;;;168;7.04;;;;;;
2024;direito;Instituto Luterano de Ensino Superior de Itumbiara;GO;501;Privada;;;401-500;14.61;;;251-300;6.41;;;501-600;4.64;;;17.37;701-800;3.56;;;401;;;
2024;direito;Faculdade Novo Milênio;ES;501;Privada;;;601-700;12.88;;;351-400;5.95;;;801-900;3.11;;;18.79;701-800;3.82;;;401;;;
2024;direito;Centro Universitário Sul-americana;GO;501;Privada;201-250;10.03;1001+;4.93;;;1001+;1.98;;;1001+;1.65;;;11.55;1001+;1.3;;;501;;;
2024;direito;Faculdade Anhanguera de São José-SC;SC;501;Privada;;;301-350;15.89;;;601-700;4.07;;;401-500;5.38;;;12.1;251-300;6.44;;;501;;;
2024;direito;Centro Universitário Planalto do Distrito Federal;DF;501;Privada;;;401-500;14.79;;;351-400;5.86;;;301-350;6.06;;;14.94;801-900;2.87;;;501;;;
2024;direito;Faculdade Anhanguera de Ciências Sociais Aplicadas de Sinop;MT;501;Privada;;;199;18.22;;;159;7.1;;;501-600;4.74;;;13.16;251-300;6.38;;;501;;;
2024;direito;Instituto de Ensino Superior do Sul do Maranhão;MA;501;Privada;;;1001+;8.19;;;601-700;4.12;;;1001+;1.57;;;21.82;901-1000;2.5;;;351;;;
2024;direito;Centro Universitário Espírito-Santense;ES;501;Privada;201-250;10.03;251-300;16.8;;;18;7.9;;;401-500;5.3;;;;701-800;3.6;;;;;;
2024;direito;Centro de Ensino Superior de Ilhéus;BA;501;Privada;;;1001+;8;;;701-800;3.51;;;701-800;3.37;;;23.52;1001+;1.12;;;301;;;
2024;direito;Universidade Estadual de Goiás;GO;501;Estadual;201-250;10.03;171;19;;;76;7.57;;;1;8;;;;701-800;3.43;;;;;;
2024;direito;Centro Universitário Fibra;PA;501;Privada;;;301-350;16.29;;;251-300;6.4;;;501-600;4.87;;;11.23;501-600;5.02;;;501;;;
2024;direito;Faculdade de Direito Anhanguera Unidade Guarapari;ES;501;Privada;;;351-400;15.52;;;601-700;4.45;;;501-600;4.8;;;11.09;301-350;6.27;;;501;;;
2024;direito;Instituto de Ensino Superior e Formação Avançada de Vitória;ES;501;Privada;;;601-700;12.75;;;401-500;5.4;;;351-400;5.86;;;16.55;1001+;1.49;;;401;;;
2024;direito;Faculdade Metodista Centenário;RS;501;Privada;;;901-1000;9.85;;;301-350;6.11;;;1001+;0.74;;;15.86;801-900;3;;;401;;;
2024;direito;Centro Universitário La Salle;MT;501;Privada;;;601-700;12.38;;;501-600;4.96;;;501-600;5.04;;;15.17;901-1000;2.38;;;401;;;
2024;direito;Faculdades Londrina;PR;501;Privada;;;351-400;15.46;;;301-350;6.06;;;801-900;3.17;;;11.14;301-350;6.23;;;501;;;
2024;direito;Faculdade Multivix de Cachoeiro;ES;501;Privada;;;701-800;12.28;;;8;7.96;;;801-900;3.07;;;17.69;1001+;1.25;;;401;;;
2024;direito;Faculdade Sudamérica;MG;501;Privada;;;1001+;7.85;;;601-700;4.42;;;1001+;1.54;;;22.19;1001+;1.89;;;301;;;
2024;direito;Faculdade de Imperatriz Wyden;MA;501;Privada;;;801-900;10.74;;;601-700;4.11;;;1001+;1.48;;;15.54;401-500;5.15;;;401;;;
2024;direito;Centro Universitário Luterano de Manaus;AM;501;Privada;201-250;10.03;701-800;12.08;;;801-900;3.2;;;301-350;5.98;;;6.05;801-900;2.9;;;601;;;
2024;direito;Faculdade de Ensino Superior Dom Bosco;PR;601;Privada;;;1001+;3.61;;;901-1000;2.64;;;1001+;0.13;;;17.65;1001+;0.84;;;401;;;
2024;direito;Centro Universitário da Grande Fortaleza;CE;601;Privada;;;601-700;12.86;;;143;7.19;;;801-900;3.15;;;10.77;901-1000;2.52;;;501;;;
2024;direito;Centro Universitário Unisan;SP;601;Privada;;;107;21.93;;;201-250;6.78;;;1;8;;;0.6;149;7.15;;;801;;;
2024;direito;Centro Universitário Mário Palmério;MG;601;Privada;;;801-900;11.34;;;501-600;5.06;;;601-700;4.07;;;10.31;1001+;2.21;;;601;;;
2024;direito;Centro Universitário União das Américas Descomplica;PR;601;Privada;201-250;10.03;701-800;11.62;;;1001+;1.84;;;401-500;5.29;;;;601-700;4.49;;;;;;
2024;direito;Faculdade de Ensino Superior de Floriano;PI;601;Privada;;;701-800;11.57;;;701-800;3.53;;;301-350;5.97;;;9.63;1001+;2.07;;;601;;;
2024;direito;Centro Universitário de Rondônia;RO;601;Privada;;;901-1000;9.82;;;701-800;3.72;;;801-900;3.22;;;10.73;801-900;2.88;;;501;;;
2024;direito;Centro Universitário Maurício de Nassau de Natal;RN;601;Privada;;;701-800;11.97;;;801-900;3.42;;;701-800;3.64;;;8.62;501-600;4.91;;;601;;;
2024;direito;Faculdade Estácio de Castanhal;PA;601;Privada;;;901-1000;9.92;;;601-700;4.4;;;1001+;1.9;;;12.33;701-800;3.62;;;501;;;
2024;direito;Centro Universitário Fundação Santo André;SP;601;Privada;;;901-1000;10;;;601-700;4.49;;;1001+;0.85;;;11.64;501-600;4.66;;;501;;;
2024;direito;Universidade Santo Amaro;SP;601;Privada;;;301-350;15.8;;;501-600;4.99;;;501-600;4.73;;;4.63;301-350;6.08;;;701;;;
2024;direito;Faculdade Anhanguera de Itabuna;BA;601;Privada;;;501-600;13.46;;;601-700;4.3;;;601-700;4.18;;;8.8;501-600;4.98;;;601;;;
2024;direito;Centro Universitário Celso Lisboa;RJ;601;Privada;201-250;10.03;601-700;12.89;;;1001+;0.9;;;1;8;;;;701-800;3.99;;;;;;
2024;direito;Faculdade Maranhense São José Dos Cocais;MA;601;Privada;;;601-700;12.54;;;201-250;6.74;;;401-500;5.29;;;8.21;1001+;0.51;;;601;;;
2024;direito;Universidade Federal do Sul e Sudeste do Pará;PA;601;Federal;;;94;22.99;;;125;7.3;;;1;8;;;;55;7.69;;;;;;
2024;direito;Faculdade do Bico;TO;601;Privada;;;1001+;2.92;;;1001+;1.63;;;1001+;0.59;;;17.83;1001+;0.7;;;401;;;
2024;direito;Centro Universitário Maurício de Nassau de Barreiras;BA;601;Privada;;;501-600;13.81;;;351-400;5.99;;;701-800;3.61;;;9.76;601-700;4.21;;;601;;;
2024;direito;Centro Universitário do Instituto de Educação Superior de Brasília;DF;601;Privada;;;901-1000;10.15;;;501-600;4.61;;;901-1000;2.26;;;11.87;801-900;3.28;;;501;;;
2024;direito;Faculdade Espírito Santense de Ciências Jurídicas;ES;601;Privada;;;1001+;7.5;;;187;6.94;;;;;;;17.19;1001+;0.56;;;401;;;
2024;direito;Faculdade Cristo Rei;PR;601;Privada;;;1001+;8.27;;;901-1000;2.68;;;501-600;4.55;;;12.56;1001+;1.04;;;501;;;
2024;direito;Faculdade Estácio de Natal;RN;601;Privada;;;901-1000;9.6;;;701-800;3.46;;;1001+;1.38;;;13.94;501-600;4.76;;;501;;;
2024;direito;Centro Universitário Metropolitano de Maringá;PR;601;Privada;;;1001+;6.13;;;601-700;4.41;;;1001+;0.68;;;15.22;1001+;1.04;;;401;;;
2024;direito;Centro Universitário do Rio São Francisco;BA;601;Privada;;;251-300;16.49;;;401-500;5.2;;;1;8;;;7.38;801-900;3.29;;;601;;;
2024;direito;Centro Universitário Icesp;DF;601;Privada;;;901-1000;9.66;;;201-250;6.72;;;901-1000;2.54;;;12.84;1001+;0.4;;;501;;;
2024;direito;Centro Universitário Metodista Izabela Hendrix;MG;601;Privada;;;501-600;13.37;;;401-500;5.17;;;801-900;2.94;;;10.13;401-500;5.26;;;601;;;
2024;direito;Universidade Federal de Jataí;GO;601;Federal;;;98;22.66;;;29;7.84;;;1;8;;;;201-250;6.82;;;;;;
2024;direito;Faculdade de Olímpia;SP;601;Privada;;;1001+;7.05;;;601-700;4.03;;;1001+;0.92;;;17.97;1001+;2.1;;;401;;;
2024;direito;Centro Universitário U:verse;AC;601;Privada;;;901-1000;9.93;;;251-300;6.45;;;1001+;1.25;;;14.53;1001+;2.23;;;501;;;
2024;direito;Faculdade Curitibana;PR;601;Privada;;;801-900;10.5;;;801-900;3.27;;;301-350;6.02;;;10.82;1001+;1.21;;;501;;;
2024;direito;Centro Universitário do Planalto de Araxá;MG;601;Privada;;;901-1000;10.15;;;701-800;3.82;;;701-800;3.43;;;14.67;801-900;2.9;;;501;;;
2024;direito;Faculdades Integradas Hélio Alonso;RJ;601;Privada;;;701-800;12.12;;;251-300;6.47;;;901-1000;2.27;;;12.74;801-900;3.38;;;501;;;
2024;direito;Faculdade Independente do Nordeste;BA;601;Privada;;;1001+;9.14;;;601-700;4.13;;;901-1000;2.45;;;16.41;901-1000;2.56;;;401;;;
2024;direito;Faculdade de Tecnologia e Ciências de Jequié;BA;601;Privada;;;111;21.45;;;301-350;6.14;;;1;8;;;;121;7.31;;;;;;
2024;direito;Instituto de Ensino Superior da Grande Florianópolis;SC;601;Privada;;;1001+;7.39;;;351-400;5.85;;;1001+;0.39;;;16.32;1001+;1.15;;;401;;;
2024;direito;Faculdade Projeção de Ceilândia;DF;601;Privada;;;109;21.64;;;351-400;5.93;;;1;8;;;;51;7.71;;;;;;
2024;direito;Abeu - Centro Universitário;RJ;601;Privada;;;501-600;13.51;;;601-700;4.55;;;501-600;5.05;;;7.38;701-800;3.91;;;601;;;
2024;direito;Faculdade de Ciências Sociais Aplicadas SC;SC;601;Privada;;;701-800;12.22;;;801-900;2.97;;;401-500;5.14;;;10.54;601-700;4.11;;;501;;;
2024;direito;Faculdade Batista de Minas Gerais;MG;601;Privada;;;1001+;8.22;;;1001+;2.14;;;601-700;4.18;;;15.81;1001+;1.9;;;401;;;
2024;direito;Centro Universitário Unifateb;PR;601;Privada;;;1001+;6.49;;;601-700;4.05;;;1001+;1.86;;;14.99;1001+;0.58;;;501;;;
2024;direito;Centro Universitário da Amazônia Belém;PA;601;Privada;;;401-500;14.25;;;501-600;4.79;;;601-700;4.12;;;7.52;401-500;5.34;;;601;;;
2024;direito;Faculdade de Ciências Sociais Aplicadas de Extrema;MG;601;Privada;;;1001+;7.03;;;501-600;5.12;;;1001+;0.11;;;16.64;1001+;1.8;;;401;;;
2024;direito;Faculdade Católica da Paraíba;PB;601;Privada;;;1001+;8.5;;;351-400;5.9;;;1001+;1.1;;;14.12;1001+;1.5;;;501;;;
2024;direito;Faculdade Anhanguera de Primavera do Leste;MT;601;Privada;;;701-800;11.61;;;801-900;3.29;;;701-800;3.86;;;11.37;601-700;4.46;;;501;;;
2024;direito;Centro Universitário do Norte de São Paulo;SP;601;Privada;201-250;10.03;901-1000;10.09;;;701-800;3.54;;;701-800;3.6;;;3.35;801-900;2.95;;;701;;;
2024;direito;Faculdade de Suzano;SP;601;Privada;;;401-500;14.67;;;801-900;3.03;;;1;8;;;6.46;701-800;3.64;;;601;;;
2024;direito;Faculdades Integradas Rio Branco;SP;601;Privada;;;901-1000;9.57;;;1001+;1.46;;;901-1000;2.61;;;13.25;401-500;5.5;;;501;;;
2024;direito;Centro Universitário Famec;BA;601;Privada;;;601-700;12.52;;;351-400;5.85;;;901-1000;2.57;;;8.43;601-700;4.1;;;601;;;
2024;direito;Centro Universitário de Goiânia;GO;601;Privada;;;1001+;6.46;;;401-500;5.42;;;1001+;0.28;;;16.04;1001+;0.76;;;401;;;
2024;direito;Instituto Federal de Educação, Ciência e Tecnologia do Sudeste de Minas Gerais;MG;601;Federal;;;133;20.65;;;57;7.68;;;1;8;;;;501-600;4.97;;;;;;
2024;direito;Faculdade Peruíbe;SP;601;Privada;;;901-1000;9.92;;;351-400;5.94;;;1001+;0.42;;;10.45;701-800;3.56;;;601;;;
2024;direito;Faculdade Cnec Unaí;MG;601;Privada;;;1001+;3.26;;;901-1000;2.6;;;;;;;20.17;1001+;0.66;;;351;;;
2024;direito;Faculdade Anísio Teixeira de Feira de Santana;BA;601;Privada;;;251-300;17.06;;;157;7.11;;;1;8;;;6.14;1001+;1.95;;;601;;;
2024;direito;Faculdade Evangélica Raízes;GO;601;Privada;;;901-1000;9.53;;;401-500;5.31;;;1001+;1.91;;;12.38;901-1000;2.31;;;501;;;
2024;direito;Centro Universitário de Paulínia;SP;601;Privada;;;1001+;8.66;;;351-400;5.98;;;1001+;1.75;;;16.59;1001+;0.93;;;401;;;
2024;direito;Faculdade de Ensino Superior da Cidade de Feira de Santana;BA;601;Privada;;;108;21.7;;;159;7.1;;;1;8;;;;201-250;6.6;;;;;;
2024;direito;Faculdade do Litoral Paranaense;PR;601;Privada;;;501-600;13.67;;;701-800;3.64;;;1;8;;;8.11;1001+;2.03;;;601;;;
2024;direito;Faculdades Integradas de Rondonópolis;MT;601;Privada;;;501-600;13.21;;;901-1000;2.65;;;701-800;3.85;;;8.66;201-250;6.71;;;601;;;
2024;direito;Centro Universitário Anhanguera Pitágoras Ampli;SP;601;Privada;;;251-300;16.61;;;501-600;4.77;;;401-500;5.19;;;4.26;201-250;6.65;;;701;;;
2024;direito;Centro Universitário Uniftc;BA;601;Privada;;;146;20.02;;;401-500;5.19;;;1;8;;;0.78;201-250;6.83;;;801;;;
2024;direito;Centro Universitário Augusto Motta;RJ;601;Privada;;;801-900;10.62;;;601-700;4.19;;;801-900;2.84;;;13.39;701-800;3.59;;;501;;;
2024;direito;Instituto Superior do Litoral do Paraná;PR;601;Privada;;;701-800;11.79;;;801-900;2.91;;;351-400;5.83;;;12.93;801-900;3.05;;;501;;;
2024;direito;Centro Universitário Nossa Senhora Aparecida;GO;601;Privada;;;401-500;15.07;;;601-700;4.16;;;401-500;5.29;;;9.35;401-500;5.62;;;601;;;
2024;direito;Centro Universitário Módulo;SP;601;Privada;;;1001+;6.89;;;801-900;3.23;;;1001+;0.49;;;16;801-900;3.17;;;401;;;
2024;direito;Centro Universitário Metropolitano de São Paulo;SP;601;Privada;;;1001+;9.27;;;901-1000;2.53;;;401-500;5.37;;;11.69;1001+;1.37;;;501;;;
2024;direito;Centro Universitário de Desenvolvimento do Centro-Oeste;GO;601;Privada;;;601-700;12.8;;;501-600;4.86;;;701-800;3.66;;;9.4;601-700;4.28;;;601;;;
2024;direito;Faculdade Projeção de Sobradinho;DF;601;Privada;;;117;21.35;;;401-500;5.69;;;1;8;;;;60;7.66;;;;;;
2024;direito;Faculdade Anhanguera de Sorriso;MT;601;Privada;;;401-500;14.59;;;601-700;4.13;;;501-600;4.92;;;8.71;401-500;5.54;;;601;;;
2024;direito;Faculdade Estácio de Sá de Campo Grande;MS;601;Privada;;;1001+;9.06;;;801-900;3.37;;;1001+;0.75;;;14.49;501-600;4.94;;;501;;;
2024;direito;Faculdade Projeção do Guará;DF;601;Privada;;;112;21.42;;;401-500;5.56;;;1;8;;;;25;7.86;;;;;;
2024;direito;Faculdade Sinergia;SC;601;Privada;;;1001+;8.68;;;501-600;4.98;;;1001+;0.37;;;15.26;801-900;3.33;;;401;;;
2024;direito;Fundação Faculdade de Filosofia, Ciências e Letras de Mandaguari;PR;601;Municipal;;;1001+;6.14;;;1001+;1.96;;;1001+;0.57;;;14.58;701-800;3.61;;;501;;;
2024;direito;Faculdade de Ibaiti;PR;601;Privada;;;1001+;6.46;;;401-500;5.39;;;1001+;0.57;;;18.89;1001+;0.5;;;401;;;
2024;direito;Faculdade Católica Dom Orione;TO;601;Privada;;;1001+;8.54;;;351-400;5.81;;;1001+;0.86;;;13.11;1001+;1.87;;;501;;;
2024;direito;Faculdade Mato Grosso do Sul;MS;601;Privada;;;701-800;11.96;;;351-400;5.98;;;401-500;5.13;;;9.26;1001+;0.85;;;601;;;
2024;direito;Faculdade Anhanguera de Ponta Grossa;PR;601;Privada;;;201-250;18.09;;;601-700;4.46;;;301-350;6.12;;;6.74;86;7.51;;;601;;;
2024;direito;Centro Universitário Estácio de Brasília;DF;601;Privada;;;801-900;10.69;;;501-600;4.84;;;1001+;1.71;;;14.26;601-700;4.14;;;501;;;
2024;direito;Faculdade de Santo Antonio da Platina;PR;601;Privada;;;601-700;12.73;;;501-600;4.76;;;401-500;5.54;;;11.05;901-1000;2.43;;;501;;;
2024;direito;Centro Universitário Maurício de Nassau de Teresina;PI;601;Privada;;;601-700;12.61;;;701-800;3.59;;;701-800;3.81;;;10.04;401-500;5.21;;;601;;;
2024;direito;Faculdades Integradas de Itapetininga;SP;601;Privada;;;801-900;10.99;;;401-500;5.41;;;401-500;5.39;;;12.19;1001+;0.19;;;501;;;
2024;direito;Faculdade Estácio de Teresina;PI;601;Privada;;;1001+;9.18;;;601-700;4.44;;;1001+;1.93;;;14.62;901-1000;2.81;;;501;;;
2024;direito;Universidade Federal do Sul da Bahia;BA;601;Federal;;;91;23.26;;;131;7.26;;;1;8;;;;1;8;;;;;;
2024;direito;Faculdade Evangélica de Rubiataba;GO;601;Privada;;;701-800;12.08;;;401-500;5.65;;;501-600;4.79;;;10.36;1001+;1.64;;;601;;;
2024;direito;Centro Universitário Santa Maria da Glória;PR;601;Privada;;;601-700;12.87;;;801-900;3.12;;;501-600;4.77;;;7.75;501-600;4.98;;;601;;;
2024;direito;Faculdade de Tecnologia Alto Médio São Francisco;MG;601;Privada;;;115;21.37;;;201-250;6.64;;;1;8;;;;201-250;6.73;;;;;;
2024;direito;Centro Universitário Unifacear;PR;601;Privada;;;901-1000;10;;;601-700;4.15;;;901-1000;2.43;;;11.92;701-800;3.42;;;501;;;
2024;direito;Faculdade de Educação Santa Terezinha;MA;601;Privada;;;801-900;11.19;;;801-900;3.07;;;301-350;6.04;;;11.28;1001+;2.08;;;501;;;
2024;direito;Faculdade Mogiana do Estado de São Paulo;SP;601;Privada;;;251-300;16.91;;;501-600;4.84;;;1;8;;;3.67;601-700;4.07;;;701;;;
2024;direito;Centro Universitário Presidente Antônio Carlos;MG;601;Privada;;;901-1000;9.46;;;251-300;6.54;;;1001+;1.79;;;15.63;1001+;1.13;;;401;;;
2024;direito;Universidade Anhanguera;MS;601;Privada;;;601-700;12.5;;;701-800;3.65;;;401-500;5.09;;;8.16;701-800;3.76;;;601;;;
2024;direito;Centro Universitário Natalense;RN;601;Privada;;;351-400;15.13;;;401-500;5.23;;;1;8;;;6.97;1001+;1.9;;;601;;;
2024;direito;Faculdade Guaraí;TO;601;Privada;;;1001+;7.35;;;701-800;3.92;;;801-900;3.05;;;17.19;1001+;0.38;;;401;;;
2024;direito;Centro Universitário Vale do Cricaré;ES;601;Privada;;;701-800;11.53;;;401-500;5.42;;;801-900;3.19;;;11.83;801-900;2.92;;;501;;;
2024;direito;Universidade de Rio Verde;GO;601;Municipal;;;401-500;14.37;;;701-800;3.54;;;401-500;5.64;;;7.11;401-500;5.19;;;601;;;
2024;direito;Faculdade Anhanguera de Ciências Jurídicas, Gerenciais e Educação de Sinop;MT;601;Privada;;;201-250;17.58;;;351-400;6;;;501-600;4.99;;;4.49;201-250;6.59;;;701;;;
2024;direito;Faculdade Ideau de Caxias do Sul;RS;601;Privada;;;114;21.38;;;83;7.53;;;1;8;;;;351-400;5.85;;;;;;
2024;direito;Faculdade Almeida Rodrigues;GO;601;Privada;;;351-400;15.45;;;401-500;5.16;;;1;8;;;5.55;901-1000;2.29;;;701;;;
2024;direito;Faculdade Anhanguera de Jacareí;SP;601;Privada;;;201-250;17.14;;;501-600;4.65;;;351-400;5.71;;;6.78;201-250;6.78;;;601;;;
2024;direito;Faculdade de Ciências Humanas do Estado de São Paulo;SP;601;Privada;;;121;21.26;;;199;6.87;;;1;8;;;4.17;251-300;6.39;;;701;;;
2024;direito;Centro Universitário Unidom - Bosco;PR;601;Privada;;;901-1000;9.56;;;801-900;3;;;901-1000;2.48;;;12.61;601-700;4.08;;;501;;;
2024;direito;Centro Universitário Santa Cecília;SP;601;Privada;;;127;21.08;;;173;7.02;;;1;8;;;;301-350;6.06;;;;;;
2024;direito;Faculdade de Administração de Santa Cruz do Rio Pardo;SP;701;Privada;;;1001+;6.27;;;501-600;4.74;;;1001+;0.06;;;13.02;1001+;1.47;;;501;;;
2024;direito;Faculdade Cnec Gravataí;RS;701;Privada;;;1001+;7.05;;;601-700;4.5;;;1001+;0.19;;;9.67;901-1000;2.36;;;601;;;
2024;direito;Faculdade Unirb - Arapiraca;AL;701;Privada;;;351-400;15.37;;;1001+;1.46;;;1;8;;;4.95;351-400;5.91;;;701;;;
2024;direito;Faculdade Maringá;PR;701;Privada;;;801-900;10.47;;;701-800;3.49;;;901-1000;2.25;;;8.76;501-600;4.73;;;601;;;
2024;direito;Faculdade do Sudeste Goiano;GO;701;Privada;;;501-600;13.58;;;901-1000;2.61;;;1;8;;;3.94;801-900;2.97;;;701;;;
2024;direito;Faculdade de Ciências Gerenciais Alves Fortes;MG;701;Privada;;;1001+;5.9;;;501-600;5.12;;;1001+;0.02;;;11.32;1001+;0.76;;;501;;;
2024;direito;Faculdade São Francisco da Paraíba;PB;701;Privada;;;1001+;7.39;;;801-900;2.99;;;801-900;2.92;;;12.42;1001+;1.48;;;501;;;
2024;direito;Centro Universitário do Sudeste Mineiro;MG;701;Privada;;;1001+;7.98;;;701-800;3.55;;;1001+;0.04;;;12.15;601-700;4.39;;;501;;;
2024;direito;Faculdade do Baixo Parnaíba;MA;701;Privada;;;189;18.45;;;201-250;6.65;;;1;8;;;;701-800;3.8;;;;;;
2024;direito;Faculdade do Vale do Itapecurú;MA;701;Privada;;;501-600;13.82;;;120;7.32;;;351-400;5.9;;;4.77;1001+;0.6;;;701;;;
2024;direito;Faculdade Batista Brasileira;BA;701;Privada;;;701-800;12;;;801-900;3.28;;;351-400;5.84;;;5.78;801-900;2.88;;;701;;;
2024;direito;Faculdade Anhanguera Unime de Salvador;BA;701;Privada;;;177;18.81;;;251-300;6.57;;;401-500;5.51;;;;201-250;6.73;;;;;;
2024;direito;Faculdade Estácio do Rio Grande do Sul;RS;701;Privada;;;901-1000;10.23;;;601-700;4.05;;;1001+;1.6;;;7.01;501-600;4.58;;;601;;;
2024;direito;Faculdade Una de Sete Lagoas;MG;701;Privada;;;201-250;17.3;;;501-600;4.99;;;401-500;5.37;;;;186;6.94;;;;;;
2024;direito;Faculdade Anhanguera de Itapeva;SP;701;Privada;;;191;18.42;;;163;7.08;;;601-700;4.42;;;;189;6.92;;;;;;
2024;direito;Universidade Nilton Lins;AM;701;Privada;;;1001+;6;;;701-800;3.8;;;1001+;0.67;;;13.34;1001+;1.53;;;501;;;
2024;direito;Centro Universitário Campo Limpo Paulista;SP;701;Privada;;;1001+;7.8;;;801-900;3.33;;;901-1000;2.24;;;9.21;1001+;2.23;;;601;;;
2024;direito;Centro Universitário Estácio de Belo Horizonte;MG;701;Privada;;;901-1000;10.27;;;501-600;4.86;;;1001+;1.52;;;7.7;701-800;3.89;;;601;;;
2024;direito;Faculdade São Sebastião;SP;701;Privada;;;1001+;4.22;;;1001+;1.46;;;1001+;0.64;;;14.71;1001+;2.12;;;501;;;
2024;direito;Faculdade Unirb - Aracaju;SE;701;Privada;;;251-300;17.05;;;701-800;3.77;;;1;8;;;;401-500;5.28;;;;;;
2024;direito;Faculdade Galileu;SP;701;Privada;;;251-300;16.91;;;96;7.46;;;601-700;3.95;;;;401-500;5.5;;;;;;
2024;direito;Faculdade Anhanguera de Valinhos;SP;701;Privada;;;301-350;15.9;;;701-800;3.96;;;501-600;4.84;;;2.7;158;7.1;;;701;;;
2024;direito;Faculdade de Ciências Humanas do Sertão Central;PE;701;Municipal;;;1001+;3.69;;;701-800;3.47;;;;;;;14.16;1001+;0.22;;;501;;;
2024;direito;Faculdade de Saúde, Ciências e Tecnologia;SP;701;Privada;201-250;10.03;1001+;7.55;;;701-800;3.79;;;801-900;2.8;;;;1001+;0.96;;;;;;
2024;direito;Centro Universitário das Faculdades Associadas de Ensino;SP;701;Municipal;201-250;10.03;901-1000;10.02;;;1001+;1.46;;;601-700;4.41;;;;601-700;4.15;;;;;;
2024;direito;Faculdade Anhanguera de Tangará da Serra;MT;701;Privada;;;301-350;16.22;;;601-700;4.34;;;401-500;5.23;;;0.5;201-250;6.65;;;801;;;
2024;direito;Centro Universitário Cearense;CE;701;Privada;;;1001+;5.76;;;701-800;3.99;;;1001+;0.72;;;12.06;1001+;1.05;;;501;;;
2024;direito;Faculdade Três de Maio;RS;701;Privada;201-250;10.03;1001+;8.52;;;251-300;6.43;;;1001+;0.22;;;;1001+;1.87;;;;;;
2024;direito;Faculdade de Iporá;GO;701;Privada;;;1001+;4.67;;;801-900;3.25;;;1001+;1.17;;;12.24;1001+;0.25;;;501;;;
2024;direito;Faculdade Ages de Lagarto;SE;701;Privada;;;164;19.19;;;701-800;3.77;;;1;8;;;;102;7.42;;;;;;
2024;direito;Faculdade Zumbi dos Palmares;SP;701;Privada;201-250;10.03;1001+;8.31;;;1001+;1.98;;;701-800;3.71;;;0.09;901-1000;2.62;;;801;;;
2024;direito;Faculdade de Ensino e Cultura do Ceará;CE;701;Privada;;;701-800;11.41;;;401-500;5.21;;;401-500;5.29;;;8.57;1001+;0.91;;;601;;;
2024;direito;Faculdade de Direito e Ciências Sociais do Leste de Minas;MG;701;Privada;;;1001+;8.8;;;1001+;0.32;;;351-400;5.83;;;9.49;901-1000;2.65;;;601;;;
2024;direito;Faculdade Iseib de Betim;MG;701;Privada;;;151;19.73;;;173;7.02;;;1;8;;;;501-600;4.71;;;;;;
2024;direito;Centro Universitário Una de Betim;MG;701;Privada;;;201-250;17.12;;;701-800;3.81;;;401-500;5.61;;;;53;7.7;;;;;;
2024;direito;Faculdade Santa Rita de Cássia;GO;701;Privada;;;1001+;7.81;;;401-500;5.22;;;1001+;0.17;;;10.41;901-1000;2.42;;;601;;;
2024;direito;Faculdade Católica Rainha da Paz de Araputanga;MT;701;Privada;;;801-900;11.29;;;901-1000;2.33;;;401-500;5.59;;;6.92;801-900;3.37;;;601;;;
2024;direito;Faculdade de Direito de Alta Floresta;MT;701;Privada;;;801-900;11.2;;;501-600;5.1;;;351-400;5.68;;;7.84;1001+;0.42;;;601;;;
2024;direito;Faculdade Anhanguera Franca;SP;701;Privada;;;181;18.67;;;85;7.52;;;701-800;3.34;;;;34;7.81;;;;;;
2024;direito;Faculdade Anhanguera de São Bernardo;SP;701;Privada;;;197;18.29;;;301-350;6.1;;;401-500;5.4;;;0.69;201-250;6.79;;;801;;;
2024;direito;Faculdade Marechal Rondon-SP;SP;701;Privada;;;701-800;11.76;;;801-900;3.32;;;351-400;5.94;;;5.13;901-1000;2.5;;;701;;;
2024;direito;Faculdade Estácio de Alagoas;AL;701;Privada;;;1001+;8.48;;;701-800;3.84;;;1001+;0.99;;;9.12;701-800;3.65;;;601;;;
2024;direito;Centro Universitário Anhanguera Pitágoras Unopar de Campo Grande;MS;701;Privada;;;351-400;15.21;;;501-600;4.78;;;601-700;4.42;;;4.22;301-350;6.01;;;701;;;
2024;direito;Faculdade de Ciências Humanas Esuda;PE;701;Privada;;;201-250;18.04;;;801-900;2.89;;;1;8;;;;149;7.15;;;;;;
2024;direito;Faculdade Estácio de Florianópolis;SC;701;Privada;;;251-300;16.85;;;53;7.7;;;901-1000;2.43;;;;201-250;6.72;;;;;;
2024;direito;Faculdade Anhanguera de Joinville;SC;701;Privada;;;201-250;18.06;;;61;7.66;;;701-800;3.78;;;;201-250;6.62;;;;;;
2024;direito;Faculdade Ages de Tucano;BA;701;Privada;;;201-250;17.22;;;601-700;4.28;;;401-500;5.33;;;;69;7.61;;;;;;
2024;direito;Faculdade Praia Grande;SP;701;Privada;;;501-600;13.51;;;901-1000;2.34;;;351-400;5.68;;;5.5;401-500;5.49;;;701;;;
2024;direito;Faculdade de Tecnologia e Ciências;PE;701;Privada;;;201-250;17.86;;;801-900;2.89;;;1;8;;;;181;6.97;;;;;;
2024;direito;Centro Universitário Maurício de Nassau de Salvador;BA;701;Privada;;;351-400;15.63;;;301-350;6.27;;;601-700;4.1;;;4.08;401-500;5.26;;;701;;;
2024;direito;Faculdade Anhanguera de Poços de Caldas;MG;701;Privada;;;155;19.36;;;36;7.8;;;601-700;4.11;;;;97;7.45;;;;;;
2024;direito;Faculdade Padrão;GO;701;Privada;;;601-700;12.95;;;801-900;3.29;;;1;8;;;3.9;1001+;1.66;;;701;;;
2024;direito;Faculdade Meridional RS;RS;701;Privada;;;158;19.32;;;351-400;5.89;;;351-400;5.72;;;;51;7.71;;;;;;
2024;direito;Instituto Florence de Ensino Superior;MA;701;Privada;;;501-600;13.85;;;501-600;5.03;;;1;8;;;3.03;1001+;0.82;;;701;;;
2024;direito;Faculdade Anhanguera de Jundiaí;SP;701;Privada;;;301-350;16.04;;;501-600;4.83;;;501-600;4.65;;;3.26;251-300;6.56;;;701;;;
2024;direito;Faculdades Unificadas de Foz do Iguaçu;PR;701;Privada;;;1001+;3.32;;;801-900;3.03;;;1001+;0.01;;;15.13;1001+;0.28;;;401;;;
2024;direito;Faculdade Anhanguera de Guarulhos;SP;701;Privada;;;201-250;17.53;;;501-600;4.67;;;351-400;5.84;;;2.52;172;7.02;;;701;;;
2024;direito;Faculdade Anhanguera de Bauru;SP;701;Privada;;;301-350;15.98;;;501-600;4.87;;;701-800;3.76;;;1.47;114;7.35;;;701;;;
2024;direito;Faculdade Anhanguera de Sorocaba;SP;701;Privada;;;251-300;16.89;;;501-600;4.8;;;501-600;4.69;;;;105;7.4;;;;;;
2024;direito;Centro Universitário Maurício de Nassau Paulista;PE;701;Privada;;;601-700;12.79;;;601-700;4.04;;;701-800;3.69;;;4.36;501-600;5.06;;;701;;;
2024;direito;Faculdade São Francisco da Paraíba Campina Grande;PB;701;Privada;;;172;18.97;;;801-900;2.97;;;1;8;;;;1;8;;;;;;
2024;direito;Centro Universitário Vale do Salgado;CE;701;Privada;;;201-250;17.33;;;251-300;6.56;;;401-500;5.47;;;;401-500;5.3;;;;;;
2024;direito;Faculdade de Ciências e Tecnologia de Unaí;MG;701;Privada;;;1001+;8.89;;;401-500;5.32;;;1001+;1.69;;;8.48;1001+;1.88;;;601;;;
2024;direito;Faculdade Madre Tereza;AP;701;Privada;;;251-300;17.07;;;801-900;3.05;;;1;8;;;;301-350;6.02;;;;;;
2024;direito;Centro Universitário Unifatecie;PR;701;Privada;;;175;18.83;;;351-400;5.97;;;1;8;;;;501-600;4.86;;;;;;
2024;direito;Faculdade de Santa Catarina;SC;701;Privada;;;1001+;5.29;;;801-900;3.3;;;1001+;1.01;;;15.04;1001+;0.98;;;501;;;
2024;direito;Faculdade Cesmac do Agreste;AL;701;Privada;201-250;10.03;1001+;9.05;;;701-800;3.71;;;601-700;4.23;;;;1001+;1.11;;;;;;
2024;direito;Centro Universitário Maria Milza;BA;701;Privada;;;188;18.49;;;351-400;5.95;;;1;8;;;;601-700;4.54;;;;;;
2024;direito;Faculdade Anhanguera do Rio Grande;RS;701;Privada;;;251-300;16.88;;;701-800;3.77;;;401-500;5.63;;;0.64;92;7.48;;;801;;;
2024;direito;Faculdade Dois de Julho;BA;701;Privada;;;601-700;12.37;;;1001+;0.83;;;1;8;;;4.54;701-800;3.54;;;701;;;
2024;direito;Faculdade de Teologia, Filosofia e Ciências Humanas Gamaliel;PA;701;Privada;;;501-600;13.27;;;401-500;5.21;;;1;8;;;6.88;1001+;0.06;;;601;;;
2024;direito;Instituto de Desenvolvimento e Aprendizagem;MA;701;Privada;;;201-250;17.24;;;901-1000;2.33;;;1;8;;;;191;6.91;;;;;;
2024;direito;Faculdade de Tecnologia Estácio de Curitiba;PR;701;Privada;;;801-900;10.66;;;1001+;1.84;;;801-900;2.77;;;7.66;301-350;6.05;;;601;;;
2024;direito;Faculdade Anhanguera de Passo Fundo;RS;701;Privada;;;251-300;16.75;;;351-400;5.94;;;701-800;3.87;;;2.75;186;6.94;;;701;;;
2024;direito;Faculdade Anhanguera de Macapá;AP;701;Privada;;;251-300;16.85;;;701-800;3.63;;;301-350;6.12;;;1.38;158;7.1;;;701;;;
2024;direito;Faculdade Anhanguera de Taboão da Serra;SP;701;Privada;;;301-350;16.18;;;501-600;4.7;;;401-500;5.31;;;1.01;301-350;6.17;;;801;;;
2024;direito;Faculdade de Nova Serrana;MG;701;Privada;201-250;10.03;1001+;8.41;;;1001+;0.32;;;401-500;5.29;;;;901-1000;2.8;;;;;;
2024;direito;Centro Universitário Anhanguera Pitágoras Unopar de Niterói;RJ;701;Privada;;;351-400;15.21;;;701-800;3.66;;;401-500;5.1;;;3.58;251-300;6.45;;;701;;;
2024;direito;Centro Universitário Opet;PR;701;Privada;;;601-700;12.77;;;501-600;4.71;;;901-1000;2.35;;;7.47;401-500;5.71;;;601;;;
2024;direito;Faculdades Integradas da Upis;DF;701;Privada;;;1001+;6.72;;;401-500;5.6;;;1001+;0.39;;;13.57;1001+;0.73;;;501;;;
2024;direito;Faculdade Una de Pouso Alegre;MG;701;Privada;;;201-250;17.1;;;601-700;4.37;;;401-500;5.18;;;;80;7.55;;;;;;
2024;direito;Instituto Municipal de Ensino Superior de Catanduva;SP;701;Municipal;;;801-900;10.7;;;501-600;4.88;;;801-900;2.81;;;6.28;801-900;3.01;;;601;;;
2024;direito;Faculdade Internacional da Paraíba;PB;701;Privada;;;501-600;13.35;;;199;6.87;;;901-1000;2.22;;;6.05;601-700;4.26;;;601;;;
2024;direito;Faculdade Cnec Alberto Torres;RJ;701;Privada;;;601-700;12.46;;;301-350;6.21;;;1001+;2.11;;;6.42;601-700;4.14;;;601;;;
2024;direito;Centro Universitário Unibras do Sudoeste Goiano;GO;701;Privada;;;801-900;11.34;;;701-800;3.99;;;301-350;6.01;;;6.23;1001+;1.34;;;601;;;
2024;direito;Faculdade Unisul de Florianópolis;SC;701;Privada;;;170;19.05;;;401-500;5.66;;;401-500;5.58;;;;34;7.81;;;;;;
2024;direito;Centro Universitário Campos de Andrade;PR;701;Privada;;;301-350;16.08;;;601-700;4.08;;;351-400;5.9;;;1.1;301-350;6.1;;;801;;;
2024;direito;Centro Universitário Unirb - Alagoinhas;BA;701;Privada;;;601-700;12.31;;;1001+;0.83;;;351-400;5.83;;;6.33;401-500;5.65;;;601;;;
2024;direito;Centro Universitário de Excelência Eniac;SP;701;Privada;201-250;10.03;1001+;6.69;;;1001+;1.46;;;901-1000;2.43;;;;901-1000;2.8;;;;;;
2024;direito;Centro Universitário Arnaldo Horácio Ferreira;BA;701;Privada;;;1001+;8.01;;;801-900;3.32;;;1001+;2.11;;;11.96;901-1000;2.58;;;501;;;
2024;direito;Faculdade Lusófona de São Paulo;SP;701;Privada;;;1001+;6.91;;;901-1000;2.68;;;1001+;1.2;;;12.01;801-900;3.03;;;501;;;
2024;direito;Faculdade Lions;GO;701;Privada;;;1001+;8.83;;;901-1000;2.58;;;601-700;4.07;;;11.41;1001+;2.18;;;501;;;
2024;direito;Faculdade Unida de Campinas Goiânia;GO;701;Privada;;;154;19.63;;;50;7.72;;;301-350;6.06;;;;351-400;5.85;;;;;;
2024;direito;Universidade Metropolitana de Santos;SP;701;Privada;;;301-350;15.93;;;127;7.28;;;601-700;4.34;;;2.8;601-700;4.31;;;701;;;
2024;direito;Faculdade Serra da Mesa;GO;701;Privada;;;201-250;18.08;;;301-350;6.2;;;1;8;;;;701-800;3.88;;;;;;
2024;direito;Faculdade de Apucarana;PR;701;Privada;;;1001+;9.22;;;301-350;6.02;;;901-1000;2.64;;;10.63;1001+;0.56;;;501;;;
2024;direito;Centro de Ensino Superior de Jataí;GO;701;Privada;;;1001+;3.45;;;901-1000;2.72;;;1001+;0.52;;;13.61;1001+;0.21;;;501;;;
2024;direito;Universidade Estadual do Paraná;PR;701;Estadual;;;148;19.86;;;122;7.31;;;1;8;;;;601-700;4.55;;;;;;
2024;direito;Centro Universitário de Salvador;BA;701;Privada;;;1001+;8.73;;;301-350;6.02;;;901-1000;2.19;;;10.59;1001+;0.52;;;501;;;
2024;direito;Faculdade Anhanguera de Campinas;SP;701;Privada;;;351-400;15.51;;;701-800;3.89;;;501-600;4.78;;;2.34;201-250;6.84;;;701;;;
2024;direito;Centro Universitário Mais;GO;701;Privada;;;701-800;11.45;;;801-900;3.24;;;351-400;5.87;;;5.32;901-1000;2.34;;;701;;;
2024;direito;Faculdade JK - Guará;DF;801;Privada;;;351-400;15.18;;;801-900;3.19;;;1;8;;;;701-800;3.99;;;;;;
2024;direito;Centro Universitário da Indústria;PR;801;Privada;;;601-700;12.52;;;401-500;5.3;;;701-800;3.38;;;2.89;701-800;3.84;;;701;;;
2024;direito;Faculdade Uninta Fortaleza;CE;801;Privada;;;401-500;14.45;;;1001+;0.59;;;1;8;;;;351-400;5.86;;;;;;
2024;direito;Universidade Estadual da Região Tocantina do Maranhão;MA;801;Estadual;;;351-400;15.41;;;104;7.41;;;1;8;;;;;;;;;;;
2024;direito;Centro Universitário Anhanguera de São Paulo;SP;801;Privada;;;351-400;15.65;;;701-800;3.72;;;501-600;4.95;;;0.05;179;6.98;;;801;;;
2024;direito;Faculdade de Boituva;SP;801;Privada;;;501-600;13.29;;;501-600;5.02;;;401-500;5.47;;;2.15;901-1000;2.8;;;701;;;
2024;direito;Faculdade Unopar de Ciências Jurídicas de Petrolina;PE;801;Privada;;;351-400;15.43;;;801-900;2.89;;;501-600;4.91;;;;65;7.63;;;;;;
2024;direito;Faculdade Alfaunipac de Araçuaí;MG;801;Privada;;;301-350;15.91;;;1001+;0.32;;;1;8;;;;72;7.59;;;;;;
2024;direito;Faculdade de Rondônia;RO;801;Privada;;;801-900;10.63;;;1001+;2.21;;;401-500;5.48;;;4.68;801-900;2.94;;;701;;;
2024;direito;Faculdade Anhanguera Unidade Paragominas;PA;801;Privada;;;301-350;16.02;;;601-700;4.54;;;601-700;4.26;;;;137;7.22;;;;;;
2024;direito;Faculdade Nacional de Educação e Ensino Superior do Paraná;PR;801;Privada;;;901-1000;10.28;;;901-1000;2.71;;;401-500;5.2;;;6.1;901-1000;2.37;;;601;;;
2024;direito;Faculdade Doctum de Vila Velha;ES;801;Privada;;;301-350;16.01;;;1001+;2.12;;;1;8;;;;351-400;5.89;;;;;;
2024;direito;Faculdade de Ciências Aplicadas Piauiense;PI;801;Privada;;;401-500;14.8;;;1001+;2.03;;;1;8;;;;501-600;4.77;;;;;;
2024;direito;Faculdade Metropolitana de Itajaí;SC;801;Privada;;;351-400;15.48;;;1001+;1.05;;;1;8;;;;251-300;6.43;;;;;;
2024;direito;Faculdade de Tecnologia e Ciências;RN;801;Privada;;;301-350;16.06;;;801-900;3.42;;;1;8;;;;501-600;4.64;;;;;;
2024;direito;Centro Universitário Mario Pontes Jucá;AL;801;Privada;;;301-350;16.06;;;801-900;3.36;;;1;8;;;;501-600;4.7;;;;;;
2024;direito;Faculdade Brasileira do Recôncavo;BA;801;Privada;;;251-300;16.44;;;401-500;5.18;;;1;8;;;;801-900;3.26;;;;;;
2024;direito;Centro Universitário Faema;RO;801;Privada;;;401-500;15;;;501-600;4.59;;;1;8;;;;901-1000;2.41;;;;;;
2024;direito;Escola Superior Una de Itumbiara;GO;801;Privada;;;351-400;15.49;;;1001+;0.44;;;1;8;;;;167;7.05;;;;;;
2024;direito;Faculdade Guarapuava;PR;801;Privada;;;801-900;11.33;;;401-500;5.5;;;401-500;5.37;;;3.48;1001+;0.46;;;701;;;
2024;direito;Centro Universitário Brasileiro;PE;801;Privada;;;401-500;14.98;;;601-700;4.29;;;701-800;3.71;;;;179;6.98;;;;;;
2024;direito;Universidade de Gurupi;TO;801;Municipal;;;1001+;4.39;;;1001+;1.63;;;901-1000;2.45;;;10.08;1001+;0.31;;;601;;;
2024;direito;Faculdade Andreotti de Maringá;PR;801;Privada;;;351-400;15.61;;;1001+;1.84;;;1;8;;;;351-400;5.77;;;;;;
2024;direito;Faculdade Pitágoras Unopar Anhanguera de Londrina;PR;801;Privada;;;601-700;12.71;;;1001+;1.84;;;601-700;4.01;;;3.81;200;6.86;;;701;;;
2024;direito;Centro Universitário do Norte de Minas;MG;801;Privada;;;301-350;15.75;;;1001+;0.32;;;1;8;;;;100;7.43;;;;;;
2024;direito;Faculdade Unirb - Camaçari;BA;801;Privada;;;301-350;15.85;;;1001+;0.83;;;1;8;;;;172;7.02;;;;;;
2024;direito;Faculdade Unirb - Juazeiro;BA;801;Privada;;;301-350;15.74;;;1001+;0.83;;;1;8;;;;191;6.91;;;;;;
2024;direito;Faculdade de Ciências Humanas e Sociais de Araripina;PE;801;Municipal;;;1001+;4.03;;;701-800;4.02;;;;;;;11.46;1001+;0.01;;;501;;;
2024;direito;Faculdade Integrada Carajás;PA;801;Privada;;;251-300;16.7;;;901-1000;2.47;;;1;8;;;;301-350;6.23;;;;;;
2024;direito;Faculdade Interamericana de Porto Velho;RO;801;Privada;;;1001+;7.05;;;601-700;4.13;;;1001+;1.89;;;9.44;1001+;1.03;;;601;;;
2024;direito;Faculdade Meridional de Porto Alegre;RS;801;Privada;;;351-400;15.31;;;1001+;1.95;;;401-500;5.47;;;;20;7.89;;;;;;
2024;direito;Centro Universitário Estácio da Bahia;BA;801;Privada;;;901-1000;10.35;;;601-700;4.5;;;1001+;1.27;;;4.86;501-600;4.58;;;701;;;
2024;direito;Faculdade Anhanguera de São Luiz;MA;801;Privada;;;251-300;16.68;;;401-500;5.71;;;501-600;4.6;;;;251-300;6.37;;;;;;
2024;direito;Faculdade Unisul de Itajaí;SC;801;Privada;;;251-300;16.7;;;1001+;1.05;;;1;8;;;;62;7.65;;;;;;
2024;direito;Faculdade Anhanguera de Porto Alegre;RS;801;Privada;;;351-400;15.25;;;1001+;1.95;;;401-500;5.47;;;;30;7.83;;;;;;
2024;direito;Instituto de Ensino Superior de Bauru;SP;801;Privada;;;1001+;6.91;;;701-800;3.6;;;1001+;2.02;;;8.3;1001+;1.29;;;601;;;
2024;direito;Faculdade Orígenes Lessa;SP;801;Privada;201-250;10.03;1001+;4.63;;;1001+;1.46;;;1001+;1.84;;;;1001+;1.33;;;;;;
2024;direito;Escola Superior São Judas de Guarulhos;SP;801;Privada;;;251-300;16.37;;;1001+;1.46;;;1;8;;;;191;6.91;;;;;;
2024;direito;Faculdade Faipe;MT;801;Privada;;;301-350;15.75;;;301-350;6.28;;;301-350;6.07;;;;801-900;3.4;;;;;;
2024;direito;Escola Superior da Amazônia de Abaetetuba;PA;801;Privada;;;251-300;16.53;;;901-1000;2.47;;;1;8;;;;301-350;6.06;;;;;;
2024;direito;Faculdade Inspirar;PR;801;Privada;;;351-400;15.44;;;201-250;6.83;;;501-600;5.07;;;;701-800;3.54;;;;;;
2024;direito;Centro Universitário Santa Amélia;PR;801;Privada;;;1001+;5.57;;;901-1000;2.66;;;1001+;1.72;;;8.94;1001+;1.19;;;601;;;
2024;direito;Faculdade Unirb - Feira de Santana;BA;801;Privada;;;401-500;14.49;;;1001+;0.83;;;1;8;;;;401-500;5.66;;;;;;
2024;direito;Faculdade Funorte de Janaúba;MG;801;Privada;;;351-400;15.55;;;1001+;0.32;;;1;8;;;;135;7.23;;;;;;
2024;direito;Faculdade Serra do Carmo;TO;801;Privada;;;1001+;7.74;;;401-500;5.48;;;1001+;0.7;;;8.07;1001+;1.56;;;601;;;
2024;direito;Faculdade Apogeu;DF;801;Privada;;;301-350;16.2;;;801-900;3.19;;;1;8;;;;501-600;5.01;;;;;;
2024;direito;Faculdade União de Goyazes Formosa;GO;801;Privada;;;401-500;14.77;;;1001+;0.44;;;1;8;;;;251-300;6.33;;;;;;
2024;direito;Centro Universitário Ibmr;RJ;801;Privada;;;401-500;14.67;;;180;6.98;;;801-900;3.01;;;;501-600;4.68;;;;;;
2024;direito;Faculdade Unirb - Barreiras;BA;801;Privada;;;401-500;14.6;;;1001+;0.83;;;1;8;;;;351-400;5.77;;;;;;
2024;direito;Centro Universitário da Amazônia - UNIESAMAZ;PA;801;Privada;;;251-300;16.53;;;901-1000;2.55;;;1;8;;;;351-400;5.98;;;;;;
2024;direito;Faculdade Madre Thais;BA;801;Privada;;;1001+;7.39;;;1001+;0.83;;;401-500;5.44;;;8.25;1001+;1.12;;;601;;;
2024;direito;Faculdade Estácio de Carapicuíba;SP;801;Privada;;;801-900;11.35;;;401-500;5.44;;;1001+;1.98;;;4.13;701-800;3.93;;;701;;;
2024;direito;Faculdade Leonardo da Vinci de São Gonçalo;RJ;801;Privada;;;251-300;16.49;;;1001+;0.9;;;1;8;;;;72;7.59;;;;;;
2024;direito;Faculdade Pitágoras de Bacabal;MA;801;Privada;;;251-300;16.71;;;201-250;6.72;;;701-800;3.83;;;;301-350;6.16;;;;;;
2024;direito;Faculdade Visconde de Cairú;BA;801;Privada;;;401-500;14.57;;;801-900;3.43;;;1;8;;;;801-900;3.14;;;;;;
2024;direito;Universidade Ibirapuera;SP;801;Privada;;;401-500;14.57;;;901-1000;2.62;;;501-600;4.96;;;0.87;177;6.99;;;801;;;
2024;direito;Faculdade Terra Nordeste;CE;801;Privada;;;401-500;14.73;;;201-250;6.77;;;501-600;4.86;;;;801-900;3.1;;;;;;
2024;direito;Faculdade Ages de Senhor do Bonfim;BA;801;Privada;;;401-500;14.87;;;901-1000;2.36;;;401-500;5.39;;;;154;7.12;;;;;;
2024;direito;Faculdade de Ciências Jurídicas de Paraíso do Tocantins;TO;801;Privada;;;1001+;5.94;;;901-1000;2.71;;;1001+;1.08;;;8.89;1001+;2.15;;;601;;;
2024;direito;Faculdade Metropolitana de Florianópolis;SC;801;Privada;;;351-400;15.53;;;1001+;1.05;;;1;8;;;;251-300;6.48;;;;;;
2024;direito;Faculdade de Ciências Aplicadas de Limoeiro;PE;801;Municipal;;;1001+;5.06;;;601-700;4.49;;;1001+;0.02;;;10.18;1001+;0.55;;;601;;;
2024;direito;Faculdade Anhanguera de Dourados;MS;801;Privada;;;401-500;14.74;;;1001+;1.67;;;401-500;5.43;;;;64;7.64;;;;;;
2024;direito;Faculdade Salesiana de Santa Teresa;MS;801;Privada;;;1001+;7.99;;;501-600;4.75;;;801-900;2.94;;;6.51;1001+;0.3;;;601;;;
2024;direito;Faculdade de Ciências e Educação Sena Aires;GO;801;Privada;;;401-500;14.63;;;1001+;0.44;;;1;8;;;;301-350;6.19;;;;;;
2024;direito;Centro Universitário Cambury;GO;801;Privada;;;1001+;1.5;;;1001+;0.84;;;1001+;0.01;;;14.03;1001+;0.65;;;501;;;
2024;direito;Faculdade Uninta Itapipoca;CE;801;Privada;;;401-500;14.51;;;1001+;0.59;;;1;8;;;;351-400;5.92;;;;;;
2024;direito;Faculdade Quirinópolis;GO;801;Privada;;;1001+;7.31;;;901-1000;2.52;;;501-600;4.62;;;7.2;1001+;0.17;;;601;;;
2024;direito;Faculdade Assis Gurgacz;PR;801;Privada;;;1001+;7.29;;;301-350;6.08;;;1001+;0.63;;;7.38;1001+;0.58;;;601;;;
2024;direito;Faculdade Unirb - Natal;RN;801;Privada;;;301-350;15.84;;;801-900;3.42;;;351-400;5.68;;;;201-250;6.74;;;;;;
2024;direito;Centro Superior de Estudos Jurídicos Carlos Drummond de Andrade;SP;801;Privada;;;251-300;16.36;;;901-1000;2.56;;;1;8;;;;351-400;5.8;;;;;;
2024;direito;Universidade Brasil;SP;801;Privada;;;1001+;6.09;;;801-900;2.97;;;1001+;1.5;;;10.27;1001+;1.62;;;601;;;
2024;direito;Faculdade de Saúde e Humanidades Ibituruna;MG;801;Privada;;;301-350;16.22;;;1001+;0.32;;;1;8;;;;18;7.9;;;;;;
2024;direito;Faculdade Anhanguera de Ciências e Tecnologia de Brasília;DF;801;Privada;;;351-400;15.19;;;801-900;3.19;;;501-600;4.98;;;;172;7.02;;;;;;
2024;direito;Faculdade de Mirassol;SP;801;Privada;;;1001+;8.56;;;801-900;3.22;;;1001+;2.04;;;5.87;801-900;3.3;;;701;;;
2024;direito;Faculdade Ideau de Passo Fundo;RS;801;Privada;;;401-500;14.54;;;1001+;1.95;;;1;8;;;;501-600;4.59;;;;;;
2024;direito;Centro Universitário Maurício de Nassau de Paranáiba;PI;801;Privada;;;401-500;14.41;;;501-600;4.78;;;501-600;4.7;;;;501-600;4.93;;;;;;
2024;direito;Faculdade Minas Gerais;MG;801;Privada;;;801-900;10.76;;;251-300;6.31;;;1001+;0.95;;;5.91;701-800;3.5;;;701;;;
2024;direito;Faculdade São Vicente de Irati;PR;801;Privada;;;351-400;15.29;;;1001+;1.84;;;1;8;;;;401-500;5.45;;;;;;
2024;direito;Centro Universitário Estácio de São Paulo;SP;801;Privada;;;801-900;10.44;;;601-700;4.56;;;1001+;1.45;;;5.36;601-700;4.43;;;701;;;
2024;direito;Centro Universitário Ideau;RS;801;Privada;;;351-400;15.39;;;1001+;1.99;;;1;8;;;;401-500;5.4;;;;;;
2024;direito;Centro Universitário Gama e Souza;RJ;801;Privada;;;301-350;16.14;;;1001+;1.59;;;1;8;;;0.14;251-300;6.55;;;801;;;
2024;direito;Escola Superior São Judas de São Bernardo do Campo;SP;801;Privada;;;251-300;16.37;;;1001+;1.46;;;1;8;;;;191;6.91;;;;;;
2024;direito;Faculdade do Maranhão;MA;801;Privada;;;801-900;10.65;;;801-900;3.1;;;401-500;5.21;;;4.31;901-1000;2.34;;;701;;;
2024;direito;Faculdade de Tecnologia de Teresina;PI;801;Privada;;;1001+;5.93;;;601-700;4.22;;;1001+;1.42;;;9.53;1001+;0.29;;;601;;;
2024;direito;Faculdade Metropolitana de Lages;SC;801;Privada;;;351-400;15.61;;;1001+;1.05;;;1;8;;;;251-300;6.56;;;;;;
2024;direito;Faculdade Anhanguera de Ribeirão Preto;SP;801;Privada;;;251-300;16.37;;;251-300;6.52;;;601-700;4.21;;;;401-500;5.64;;;;;;
2024;direito;Faculdade do Sertão do Pajeú;PE;801;Municipal;;;401-500;14.66;;;701-800;3.57;;;1;8;;;;801-900;3.09;;;;;;
2024;direito;Faculdade de Aracaju;SE;801;Privada;;;1001+;6.15;;;601-700;4.33;;;1001+;1.59;;;9.31;1001+;0.23;;;601;;;
2024;direito;Centro Universitário Maurício de Nassau de Juazeiro do Norte;CE;801;Privada;;;401-500;14.64;;;251-300;6.58;;;701-800;3.7;;;;601-700;4.36;;;;;;
2024;direito;Centro Universitário Estácio da Amazônia;RR;801;Privada;;;1001+;7.92;;;801-900;3.01;;;1001+;1.7;;;6.83;801-900;3.21;;;601;;;
2024;direito;Faculdade Casa do Estudante;ES;801;Privada;;;1001+;4.6;;;701-800;3.82;;;1001+;0.24;;;11.78;1001+;0.54;;;501;;;
2024;direito;Faculdade Anhanguera de Imperatriz;MA;801;Privada;;;401-500;14.96;;;901-1000;2.33;;;301-350;6.12;;;;251-300;6.51;;;;;;
2024;direito;Faculdade Unirb - Piauí;PI;801;Privada;;;251-300;16.66;;;1001+;2.03;;;1;8;;;;201-250;6.63;;;;;;
2024;direito;Faculdade Anhanguera de Sumaré;SP;801;Privada;;;351-400;15.37;;;601-700;4.23;;;601-700;4.44;;;;201-250;6.7;;;;;;
2024;direito;Faculdade Atenas Sul de Minas;MG;801;Privada;;;401-500;14.65;;;1001+;0.32;;;1;8;;;;251-300;6.33;;;;;;
2024;direito;Centro Universitário Facunicamps;GO;801;Privada;;;301-350;16.13;;;601-700;4.27;;;351-400;5.88;;;;351-400;5.98;;;;;;
2024;direito;Faculdade Alfaunipac de Guanhães;MG;801;Privada;;;301-350;15.91;;;1001+;0.32;;;1;8;;;;72;7.59;;;;;;
2024;direito;Faculdade Paranaense-Curitiba;PR;801;Privada;;;901-1000;9.92;;;901-1000;2.58;;;301-350;6.07;;;4.72;1001+;1.27;;;701;;;
2024;direito;Faculdade Pitágoras Unopar de João Pessoa;PB;801;Privada;;;401-500;14.72;;;701-800;3.86;;;701-800;3.65;;;;139;7.21;;;;;;
2024;direito;Faculdade Metropolitana de Palhoça;SC;901;Privada;;;501-600;13.2;;;1001+;1.05;;;351-400;5.75;;;;251-300;6.4;;;;;;
2024;direito;Faculdades Integradas de Taquara;RS;901;Privada;;;501-600;13.25;;;192;6.91;;;1001+;0.53;;;;351-400;5.81;;;;;;
2024;direito;Faculdade Mais de Ituiutaba;MG;901;Privada;;;1001+;8.61;;;1001+;0.32;;;351-400;5.86;;;4.45;901-1000;2.43;;;701;;;
2024;direito;Escola de Direito Fucape;ES;901;Privada;;;601-700;12.98;;;1001+;2.12;;;401-500;5.58;;;;401-500;5.28;;;;;;
2024;direito;Faculdade de Tecnologia e Ciências;CE;901;Privada;;;501-600;13.23;;;1001+;0.59;;;1;8;;;;501-600;4.64;;;;;;
2024;direito;Faculdade Anhanguera Unidade Parauapebas;PA;901;Privada;;;501-600;13.1;;;501-600;5.07;;;801-900;2.96;;;;501-600;5.07;;;;;;
2024;direito;Faculdade Anhanguera de Caxias do Sul;RS;901;Privada;;;601-700;13.03;;;1001+;1.95;;;701-800;3.81;;;;128;7.27;;;;;;
2024;direito;Faculdade de Ciências Humanas e Sociais Aplicadas do Cabo de Santo Agostinho;PE;901;Municipal;;;701-800;11.77;;;32;7.82;;;701-800;3.38;;;1.42;1001+;0.57;;;701;;;
2024;direito;Faculdade de Colinas do Tocantins;TO;901;Privada;;;1001+;8.08;;;1001+;1.62;;;501-600;4.86;;;5;1001+;1.6;;;701;;;
2024;direito;Faculdade Pitágoras Bacabal Mearim;MA;901;Privada;;;501-600;13.79;;;901-1000;2.33;;;601-700;4.39;;;;163;7.07;;;;;;
2024;direito;Faculdade Anhanguera de Taguatinga;DF;901;Privada;;;601-700;12.93;;;801-900;3.19;;;701-800;3.75;;;;351-400;5.99;;;;;;
2024;direito;Faculdade de Tecnologia de Piracicaba - Fatep;SP;901;Privada;;;501-600;13.78;;;1001+;1.46;;;501-600;4.73;;;;72;7.59;;;;;;
2024;direito;Faculdade de Ciências Jurídicas de Assis;SP;901;Privada;;;501-600;13.63;;;1001+;1.46;;;601-700;4.43;;;;46;7.74;;;;;;
2024;direito;Faculdade Paraense de Ensino;PA;901;Privada;;;701-800;12.16;;;701-800;3.65;;;501-600;4.82;;;2.02;701-800;3.69;;;701;;;
2024;direito;Centro Universitário Estácio de São Luís;MA;901;Privada;;;1001+;7.84;;;701-800;3.9;;;1001+;1.45;;;6.56;901-1000;2.49;;;601;;;
2024;direito;Faculdade Unirb - Cidade de Fortaleza;CE;901;Privada;;;401-500;14.13;;;1001+;0.59;;;1;8;;;;401-500;5.54;;;;;;
2024;direito;Faculdade Anhanguera de Matão;SP;901;Privada;;;501-600;13.36;;;1001+;1.46;;;501-600;4.51;;;;107;7.39;;;;;;
2024;direito;Faculdade Santo André;RO;901;Privada;;;501-600;13.85;;;1001+;2.21;;;1;8;;;;701-800;3.64;;;;;;
2024;direito;Faculdade Positivo Londrina;PR;901;Privada;;;801-900;10.92;;;501-600;4.81;;;1001+;1.2;;;3.3;501-600;4.91;;;701;;;
2024;direito;Instituto Superior da Convenção Nac. das Assembleias de Deus;DF;901;Privada;;;501-600;13.44;;;801-900;3.19;;;1;8;;;;1001+;2.25;;;;;;
2024;direito;Faculdade de Tecnologia do Piauí;PI;901;Privada;;;901-1000;10.17;;;501-600;5.15;;;601-700;4.17;;;3.62;1001+;0.85;;;701;;;
2024;direito;Faculdade Anhanguera de Itapetininga;SP;901;Privada;;;601-700;13;;;1001+;1.46;;;601-700;3.95;;;;72;7.59;;;;;;
2024;direito;Faculdade La Salle;AM;901;Privada;;;501-600;13.67;;;401-500;5.57;;;401-500;5.63;;;;901-1000;2.47;;;;;;
2024;direito;Faculdade Anhanguera de Paragominas;PA;901;Privada;;;501-600;13.36;;;901-1000;2.47;;;601-700;3.98;;;;191;6.91;;;;;;
2024;direito;Escola Superior Madre Celeste;PA;901;Privada;;;801-900;10.75;;;401-500;5.16;;;901-1000;2.35;;;2.2;801-900;3.24;;;701;;;
2024;direito;Faculdade Uninabuco São Lourenço da Mata;PE;901;Privada;;;601-700;12.97;;;801-900;2.89;;;501-600;4.55;;;;401-500;5.53;;;;;;
2024;direito;Faculdades Integradas Campos Salles;SP;901;Privada;;;1001+;8.73;;;901-1000;2.53;;;801-900;2.97;;;5.59;801-900;3.23;;;701;;;
2024;direito;Faculdade Gennari e Peartree;SP;901;Privada;;;501-600;13.45;;;1001+;1.46;;;1;8;;;;701-800;3.99;;;;;;
2024;direito;Faculdade Uninassau Mossoró;RN;901;Privada;;;501-600;13.42;;;801-900;3.42;;;601-700;4.14;;;;351-400;5.86;;;;;;
2024;direito;Faculdade Anhanguera de Rio Branco;AC;901;Privada;;;401-500;14.34;;;401-500;5.26;;;801-900;3.06;;;;301-350;6.02;;;;;;
2024;direito;Faculdade Anhanguera de Itapecerica da Serra;SP;901;Privada;;;501-600;13.56;;;1001+;1.46;;;401-500;5.15;;;;184;6.95;;;;;;
2024;direito;Faculdade Pitágoras Unopar de Itajubá;MG;901;Privada;;;601-700;12.96;;;1001+;0.32;;;501-600;4.76;;;;22;7.88;;;;;;
2024;direito;Faculdade de Caldas Novas;GO;901;Privada;;;1001+;2.99;;;1001+;1.98;;;1001+;0.95;;;10.68;1001+;0.06;;;501;;;
2024;direito;Faculdade Doctum da Zona Norte de Juiz de Fora;MG;901;Privada;;;401-500;14.26;;;1001+;0.32;;;1;8;;;;351-400;5.94;;;;;;
2024;direito;Faculdades de Ciências e Tecnologia do Nordeste Ltda;CE;901;Privada;;;501-600;13.65;;;89;7.5;;;601-700;3.97;;;;1001+;2.18;;;;;;
2024;direito;Faculdade Anhanguera de Serra;ES;901;Privada;;;501-600;13.78;;;1001+;2.12;;;601-700;4.04;;;;67;7.62;;;;;;
2024;direito;Faculdade de Ciências Jurídicas de Belo Jardim;PE;901;Privada;;;401-500;14.38;;;801-900;2.89;;;601-700;4.09;;;;105;7.4;;;;;;
2024;direito;Escola Superior Una de Conselheiro Lafaiete;MG;901;Privada;;;501-600;13.58;;;1001+;0.32;;;1;8;;;;401-500;5.26;;;;;;
2024;direito;Instituto Amazônico de Ensino Superior;AM;901;Privada;;;501-600;13.73;;;901-1000;2.51;;;1;8;;;;801-900;3.22;;;;;;
2024;direito;Faculdade de Gestão e Negócios de Salvador;BA;901;Privada;;;501-600;13.7;;;1001+;0.83;;;1;8;;;;501-600;4.87;;;;;;
2024;direito;Faculdade Uninta Tianguá;CE;901;Privada;;;501-600;13.55;;;1001+;0.59;;;1;8;;;;501-600;4.96;;;;;;
2024;direito;Faculdade Castro Alves;BA;901;Privada;;;401-500;14.18;;;1001+;0.83;;;1;8;;;;401-500;5.35;;;;;;
2024;direito;Faculdade Três Marias;PB;901;Privada;;;501-600;13.77;;;801-900;2.97;;;1;8;;;;901-1000;2.8;;;;;;
2024;direito;Faculdade Unisul de Balneário Camboriú;SC;901;Privada;;;601-700;12.96;;;1001+;1.05;;;501-600;4.54;;;;111;7.37;;;;;;
2024;direito;Faculdade de Tecnologia e Ciências;PE;901;Privada;;;501-600;13.69;;;801-900;2.89;;;1;8;;;;901-1000;2.8;;;;;;
2024;direito;Centro Universitário Anhanguera de Fortaleza;CE;901;Privada;;;501-600;13.53;;;1001+;0.59;;;401-500;5.12;;;;33;7.82;;;;;;
2024;direito;Faculdade Anhanguera de Piracicaba;SP;901;Privada;;;501-600;13.27;;;1001+;1.46;;;501-600;4.56;;;;132;7.25;;;;;;
2024;direito;Centro Universitário Brasília do Estado de Goiás;GO;901;Privada;;;1001+;7.84;;;601-700;4.41;;;901-1000;2.71;;;5.41;1001+;0.72;;;701;;;
2024;direito;Faculdade de Ciências Contábeis de Nova Andradina;MS;901;Privada;;;901-1000;9.91;;;1001+;1.67;;;1;8;;;3.85;1001+;0.24;;;701;;;
2024;direito;Centro Universitário Maurício de Nassau de Aracaju;SE;901;Privada;;;501-600;13.69;;;701-800;3.77;;;501-600;4.75;;;;401-500;5.17;;;;;;
2024;direito;Faculdade Anhanguera do Maranhão;MA;901;Privada;;;501-600;13.59;;;901-1000;2.33;;;601-700;4.02;;;;133;7.24;;;;;;
2024;direito;Faculdade Anhanguera de Negócios e Tecnologias da Informação;DF;901;Privada;;;501-600;13.66;;;801-900;3.19;;;601-700;4.03;;;;251-300;6.44;;;;;;
2024;direito;Faculdade Alfa Umuarama;PR;901;Privada;;;401-500;14.23;;;1001+;1.84;;;1;8;;;;601-700;4.39;;;;;;
2024;direito;Faculdade de Gestão e Inovação;GO;901;Privada;;;401-500;14.38;;;1001+;0.44;;;1;8;;;;351-400;5.94;;;;;;
2024;direito;Centro Universitário São Roque;SP;901;Privada;;;801-900;10.65;;;901-1000;2.62;;;401-500;5.19;;;3.12;901-1000;2.84;;;701;;;
2024;direito;Faculdade Uriel de Almeida Leitão;MG;901;Privada;;;501-600;14.04;;;1001+;0.32;;;1;8;;;;351-400;5.72;;;;;;
2024;direito;Faculdade Pitágoras Unopar de Chapecó;SC;901;Privada;;;601-700;12.99;;;1001+;1.05;;;601-700;4.21;;;;48;7.73;;;;;;
2024;direito;Faculdade Anhanguera de Catanduva;SP;901;Privada;;;501-600;13.51;;;1001+;1.46;;;601-700;4.37;;;;57;7.68;;;;;;
2024;direito;Faculdade Brasileira de Tecnologia-BA;BA;901;Privada;;;401-500;14.09;;;1001+;0.83;;;1;8;;;;401-500;5.26;;;;;;
2024;direito;Faculdade Pitágoras de Penápolis;SP;901;Privada;;;501-600;13.97;;;1001+;1.46;;;501-600;4.66;;;;27;7.85;;;;;;
2024;direito;Centro de Ensino Superior de Vitória;ES;901;Privada;;;1001+;5;;;701-800;3.71;;;1001+;0.92;;;7.93;1001+;0.37;;;601;;;
2024;direito;Centro Universitário Ítalo-brasileiro;SP;901;Privada;;;401-500;14.28;;;1001+;1.46;;;351-400;5.7;;;;154;7.12;;;;;;
2024;direito;Faculdade de Tecnologia e Administração Edufor;MA;901;Privada;;;501-600;13.95;;;701-800;3.66;;;1;8;;;;901-1000;2.29;;;;;;
2024;direito;Faculdade de Ciências de Timbaúba;PE;901;Privada;;;1001+;7.93;;;501-600;5.08;;;1001+;2.01;;;5.96;1001+;0.84;;;601;;;
2024;direito;Faculdade de Ciências Humanas de Pernambuco;PE;901;Privada;;;1001+;8.12;;;601-700;4.53;;;1001+;1.43;;;4.91;1001+;2.16;;;701;;;
2024;direito;Faculdade Santa Rita de Chapecó;SC;901;Privada;;;401-500;14.04;;;1001+;1.05;;;1;8;;;;501-600;4.99;;;;;;
2024;direito;Faculdade Enau;SP;901;Privada;;;401-500;14.1;;;1001+;1.46;;;1;8;;;;501-600;4.64;;;;;;
2024;direito;Faculdade Anhanguera de Cascavel;PR;901;Privada;;;501-600;13.5;;;1001+;1.84;;;601-700;4.36;;;;123;7.3;;;;;;
2024;direito;Centro Universitário Anhanguera de Marabá;PA;901;Privada;;;501-600;13.75;;;601-700;4.09;;;801-900;3.19;;;;251-300;6.47;;;;;;
2024;direito;Faculdade Pan Amazônica;PA;901;Privada;;;501-600;13.62;;;601-700;4.48;;;501-600;4.82;;;0.37;601-700;4.32;;;801;;;
2024;direito;Faculdade Marquês de Olinda;SP;901;Privada;;;401-500;14.36;;;1001+;1.46;;;1;8;;;;501-600;4.9;;;;;;
2024;direito;Centro Universitário Ingá;PR;901;Privada;;;501-600;13.28;;;1001+;1.84;;;1;8;;;;701-800;3.44;;;;;;
2024;direito;Faculdades Integradas de Paranaíba;MS;901;Privada;;;801-900;11.29;;;901-1000;2.69;;;501-600;4.53;;;1.97;601-700;4.07;;;701;;;
2024;direito;Centro Universitário Maurício de Nassau de Caruaru;PE;901;Privada;;;501-600;13.85;;;401-500;5.27;;;701-800;3.79;;;;501-600;4.79;;;;;;
2024;direito;Faculdade de Direito Avantis de Itapema;SC;901;Privada;;;501-600;13.9;;;1001+;1.05;;;1;8;;;;501-600;4.85;;;;;;
2024;direito;Faculdade Católica do Rio Grande do Norte;RN;901;Privada;;;401-500;14.21;;;601-700;4.31;;;701-800;3.79;;;;301-350;6.11;;;;;;
2024;direito;Faculdade Santa Teresa;AM;901;Privada;;;601-700;12.95;;;401-500;5.64;;;801-900;3.29;;;;601-700;4.02;;;;;;
2024;direito;Faculdade Uninassau Lauro de Freitas;BA;901;Privada;;;701-800;12.26;;;801-900;3.34;;;601-700;4.14;;;0.92;501-600;4.78;;;801;;;
2024;direito;Faculdade Anclivepa de Gestão e Humanologia;SP;901;Privada;;;401-500;14.1;;;1001+;1.46;;;1;8;;;;501-600;4.64;;;;;;
2024;direito;Faculdade Multivix Vila Velha;ES;901;Privada;;;401-500;14.11;;;1001+;2.12;;;1;8;;;;701-800;3.99;;;;;;
2024;direito;Faculdade 05 de Julho;CE;901;Privada;;;501-600;13.64;;;1001+;0.59;;;1;8;;;;501-600;5.05;;;;;;
2024;direito;Faculdade de Filosofia, Ciências e Letras do Alto São Francisco;MG;901;Privada;;;401-500;14.38;;;1001+;2.13;;;1;8;;;;601-700;4.25;;;;;;
2024;direito;Faculdade Anhanguera de São João de Meriti;RJ;901;Privada;;;501-600;13.94;;;1001+;0.9;;;401-500;5.11;;;;13;7.93;;;;;;
2024;direito;Centro Universitário Piaget;SP;901;Privada;;;401-500;14.1;;;201-250;6.59;;;351-400;5.83;;;;1001+;1.68;;;;;;
2024;direito;Instituto de Ensino Superior de Foz do Iguaçu;PR;901;Privada;;;1001+;5.3;;;901-1000;2.66;;;1001+;1.22;;;9.08;1001+;1.42;;;601;;;
2024;direito;Centro Universitário Maurício de Nassau do Rio de Janeiro;RJ;901;Privada;;;401-500;14.14;;;115;7.35;;;1001+;1.7;;;;501-600;5.09;;;;;;
2024;direito;Faculdade União de Campo Mourão;PR;901;Privada;;;501-600;13.37;;;301-350;6.25;;;351-400;5.83;;;;1001+;1.29;;;;;;
2024;direito;Faculdade de Ensino de Minas Gerais;MG;901;Privada;;;1001+;6.01;;;501-600;4.7;;;1001+;1.03;;;7.15;1001+;0.28;;;601;;;
2024;direito;Centro Universitário Vértice;MG;901;Privada;;;501-600;13.88;;;701-800;3.88;;;1;8;;;;1001+;2;;;;;;
2024;direito;Faculdades Doctum de Ipatinga;MG;901;Privada;;;501-600;13.85;;;1001+;0.32;;;1;8;;;;401-500;5.53;;;;;;
2024;direito;Centro Universitário LS;DF;901;Privada;;;401-500;14.39;;;801-900;3.19;;;1;8;;;;801-900;3.2;;;;;;
2024;direito;Faculdade Cgesp Goiânia;GO;901;Privada;;;501-600;13.72;;;1001+;0.44;;;1;8;;;;401-500;5.28;;;;;;
2024;direito;Centro Universitário da Vitória de Santo Antão;PE;901;Privada;;;401-500;14.31;;;801-900;2.89;;;1;8;;;;701-800;3.42;;;;;;
2024;direito;Faculdade de Tecnologia e Ciências;CE;901;Privada;;;501-600;13.23;;;1001+;0.59;;;1;8;;;;501-600;4.64;;;;;;
2024;direito;Faculdade Uninassau Feira de Santana;BA;901;Privada;;;501-600;13.15;;;1001+;0.83;;;501-600;4.73;;;;72;7.59;;;;;;
2024;direito;Faculdade Integral Cantareira;SP;901;Privada;;;1001+;6.1;;;901-1000;2.57;;;1001+;0.05;;;7.98;701-800;3.48;;;601;;;
2024;direito;Faculdade de Educação São Francisco;MA;901;Privada;;;501-600;13.55;;;901-1000;2.33;;;1;8;;;;801-900;3.22;;;;;;
2024;direito;Faculdade Metropolitana;RO;901;Privada;;;601-700;13.01;;;1001+;2.21;;;1;8;;;;901-1000;2.8;;;;;;
2024;direito;Faculdade Integrada de Advocacia da Amazônia;PA;901;Privada;;;501-600;13.69;;;801-900;3.04;;;1;8;;;;901-1000;2.65;;;;;;
2024;direito;Faculdade Anhanguera de São José do Rio Preto;SP;901;Privada;;;501-600;13.17;;;1001+;1.46;;;601-700;4.37;;;;116;7.34;;;;;;
2024;direito;Faculdade Nove de Julho Guarulhos;SP;1001;Privada;;;1001+;3.58;;;1001+;1.46;;;1001+;0.27;;;;1001+;1.85;;;;;;
2024;direito;Centro Técnico-educacional Superior do Oeste Paranaense;PR;1001;Privada;;;1001+;4.52;;;1001+;1.84;;;1001+;1.35;;;;1001+;1.33;;;;;;
2024;direito;Faculdade de Engenharia de Minas Gerais;MG;1001;Privada;;;1001+;3.75;;;1001+;0.32;;;1001+;1.26;;;;1001+;2.17;;;;;;
2024;direito;Faculdade de Ciências Humanas, Exatas e da Saúde do Piauí;PI;1001;Privada;;;901-1000;10.37;;;1001+;2.03;;;401-500;5.54;;;;901-1000;2.8;;;;;;
2024;direito;Faculdade Pitágoras Unopar de Muriaé;MG;1001;Privada;;;601-700;12.31;;;1001+;0.32;;;601-700;4.48;;;;86;7.51;;;;;;
2024;direito;Faculdade de Tecnologia e Ciências da Bahia;BA;1001;Privada;;;701-800;11.69;;;1001+;0.83;;;1;8;;;;801-900;2.86;;;;;;
2024;direito;Faculdade Filos;GO;1001;Privada;;;1001+;3.86;;;1001+;0.44;;;;;;;;701-800;3.42;;;;;;
2024;direito;Faculdade Brasil Norte;AP;1001;Privada;;;701-800;11.78;;;701-800;3.71;;;1;8;;;0.73;1001+;0.07;;;801;;;
2024;direito;Centro Universitário Maurício de Nassau de São Luís;MA;1001;Privada;;;601-700;12.33;;;901-1000;2.33;;;501-600;4.59;;;;401-500;5.41;;;;;;
2024;direito;Faculdade de Ciências e Tecnologia de Birigui;SP;1001;Municipal;;;1001+;9.38;;;801-900;3.45;;;1001+;0.34;;;;401-500;5.59;;;;;;
2024;direito;Faculdade Funorte de Januária;MG;1001;Privada;;;601-700;12.89;;;1001+;0.32;;;301-350;6.05;;;;251-300;6.52;;;;;;
2024;direito;Faculdade do Guarujá;SP;1001;Privada;;;1001+;6.28;;;901-1000;2.71;;;1001+;0.44;;;3.07;801-900;3.13;;;701;;;
2024;direito;Faculdade Liber de Porangatu;GO;1001;Privada;;;1001+;8.56;;;1001+;0.44;;;1;8;;;;1001+;0.12;;;;;;
2024;direito;Faculdade Unifametro Maracanaú;CE;1001;Privada;;;701-800;12.05;;;401-500;5.52;;;1001+;1.68;;;;501-600;4.85;;;;;;
2024;direito;Faculdade Alfaunipac de Almenara;MG;1001;Privada;;;1001+;3.05;;;1001+;0.32;;;1001+;1.63;;;;1001+;1.1;;;;;;
2024;direito;Centro Universitário de Caratinga;MG;1001;Privada;;;1001+;5.31;;;1001+;0.32;;;801-900;3.29;;;;1001+;1.7;;;;;;
2024;direito;Faculdades Integradas Asmec;MG;1001;Privada;;;1001+;7.99;;;401-500;5.66;;;1001+;1.52;;;;1001+;0.81;;;;;;
2024;direito;Centro Universitário São Miguel;PE;1001;Privada;;;701-800;11.63;;;801-900;2.89;;;501-600;4.89;;;;701-800;3.85;;;;;;
2024;direito;Faculdade Embu das Artes;SP;1001;Privada;;;701-800;11.71;;;1001+;1.46;;;1;8;;;;1001+;2.25;;;;;;
2024;direito;Faculdade Presidente Antônio Carlos de Teófilo Otoni;MG;1001;Privada;;;1001+;5.88;;;901-1000;2.56;;;1001+;1.61;;;;1001+;1.71;;;;;;
2024;direito;Faculdade Unifametro Cascavel;CE;1001;Privada;;;1001+;7.87;;;1001+;0.59;;;1001+;1.69;;;;401-500;5.59;;;;;;
2024;direito;Faculdade São Vicente;AL;1001;Privada;;;1001+;1.73;;;1001+;0.94;;;;;;;;1001+;0.79;;;;;;
2024;direito;Centro Universitário de Tecnologia de Curitiba;PR;1001;Privada;;;1001+;8.07;;;1001+;1.84;;;1001+;1.09;;;;401-500;5.14;;;;;;
2024;direito;Faculdade Promove de Sete Lagoas;MG;1001;Privada;;;1001+;3.18;;;1001+;0.32;;;1001+;0.04;;;;901-1000;2.82;;;;;;
2024;direito;Faculdade Pitágoras de Belém;PA;1001;Privada;;;1001+;7.99;;;901-1000;2.47;;;1001+;1.74;;;;701-800;3.78;;;;;;
2024;direito;Faculdade Cosmopolita;PA;1001;Privada;;;1001+;9;;;901-1000;2.47;;;701-800;3.48;;;;801-900;3.05;;;;;;
2024;direito;Faculdade Viva Vitória;ES;1001;Privada;;;1001+;3.02;;;1001+;2.12;;;1001+;0.44;;;0.32;1001+;0.46;;;801;;;
2024;direito;Faculdade Anhanguera de Ribeirão das Neves;MG;1001;Privada;;;601-700;12.73;;;1001+;0.32;;;501-600;4.69;;;;50;7.72;;;;;;
2024;direito;Centro Universitário do Paraná;PR;1001;Privada;;;1001+;7.31;;;1001+;1.84;;;1001+;1.47;;;;601-700;4;;;;;;
2024;direito;Faculdade Van Gogh;SP;1001;Privada;;;1001+;8.48;;;1001+;1.46;;;701-800;3.48;;;;701-800;3.54;;;;;;
2024;direito;Faculdade Finom de Patos de Minas;MG;1001;Privada;;;1001+;5.14;;;1001+;0.32;;;801-900;3.31;;;;1001+;1.51;;;;;;
2024;direito;Faculdade Multivix São Mateus;ES;1001;Privada;;;1001+;5.4;;;1001+;2.12;;;801-900;3.16;;;;1001+;0.12;;;;;;
2024;direito;Faculdade Georgina;CE;1001;Privada;;;1001+;0.63;;;1001+;0.59;;;;;;;;1001+;0.04;;;;;;
2024;direito;Faculdade de Itaituba;PA;1001;Privada;;;1001+;9.41;;;701-800;3.62;;;401-500;5.62;;;;1001+;0.17;;;;;;
2024;direito;Faculdade Unibrasília de Minas Gerais;MG;1001;Privada;;;901-1000;9.53;;;1001+;0.32;;;1;8;;;;1001+;1.21;;;;;;
2024;direito;Faculdade Empresarial de Chapecó;SC;1001;Privada;;;1001+;3.55;;;1001+;1.05;;;1001+;0.48;;;;1001+;2.02;;;;;;
2024;direito;Faculdade Novo Horizonte;PE;1001;Privada;;;601-700;12.39;;;801-900;2.89;;;1;8;;;;1001+;1.5;;;;;;
2024;direito;Faculdade Macêdo de Amorim;PE;1001;Privada;;;1001+;5.43;;;801-900;2.89;;;1001+;1.35;;;;1001+;1.19;;;;;;
2024;direito;Unama Faculdade da Amazônia de Rio Branco;AC;1001;Privada;;;1001+;7.81;;;401-500;5.26;;;901-1000;2.19;;;;1001+;0.36;;;;;;
2024;direito;Faculdade de Guarantã do Norte;MT;1001;Privada;;;1001+;8.86;;;1001+;1.57;;;351-400;5.83;;;;1001+;1.46;;;;;;
2024;direito;Faculdade Delmiro Gouveia;AL;1001;Privada;;;801-900;10.61;;;601-700;4.04;;;501-600;4.93;;;1.56;1001+;1.64;;;701;;;
2024;direito;Faculdades Integradas de Patos;PB;1001;Privada;;;901-1000;9.57;;;801-900;2.97;;;1001+;0.83;;;;351-400;5.77;;;;;;
2024;direito;Faculdade Brasileira Cristã;ES;1001;Privada;;;1001+;8.44;;;1001+;2.12;;;601-700;3.99;;;;901-1000;2.33;;;;;;
2024;direito;Centro Universitário Dom Bosco do Rio de Janeiro;RJ;1001;Privada;;;1001+;5.71;;;1001+;0.9;;;1001+;1.41;;;;801-900;3.4;;;;;;
2024;direito;Centro Universitário Estácio de Ji-paraná;RO;1001;Privada;;;1001+;8.3;;;401-500;5.71;;;1001+;1.82;;;;1001+;0.77;;;;;;
2024;direito;Faculdade Pitágoras Unopar de Quixeramobim;CE;1001;Privada;;;601-700;12.85;;;1001+;0.59;;;501-600;4.76;;;;88;7.5;;;;;;
2024;direito;Ipog - Instituto de Pós-graduação & Graduação;GO;1001;Privada;;;801-900;11;;;1001+;0.44;;;301-350;6.04;;;;601-700;4.52;;;;;;
2024;direito;Faculdade Espírito Santense;ES;1001;Privada;;;901-1000;10.11;;;1001+;2.12;;;401-500;5.13;;;;801-900;2.86;;;;;;
2024;direito;Instituto de Ensino Superior de Teresina;PI;1001;Privada;;;1001+;7.86;;;601-700;4.1;;;701-800;3.41;;;1.93;1001+;0.35;;;701;;;
2024;direito;Instituto de Ensino Superior Franciscano;MA;1001;Privada;;;801-900;11.23;;;901-1000;2.33;;;351-400;5.83;;;;801-900;3.07;;;;;;
2024;direito;Faculdade Dom Adelio Tomasin;CE;1001;Privada;;;1001+;3.28;;;1001+;0.59;;;1001+;0.65;;;;1001+;2.04;;;;;;
2024;direito;Faculdade Pinhalzinho;SC;1001;Privada;;;1001+;1.7;;;1001+;1.05;;;1001+;0.6;;;;1001+;0.05;;;;;;
2024;direito;Faculdade Conhecimento & Ciência;PA;1001;Privada;;;1001+;5.04;;;901-1000;2.47;;;;;;;;901-1000;2.57;;;;;;
2024;direito;Faculdade Adventista da Bahia;BA;1001;Privada;;;1001+;5.56;;;1001+;0.83;;;1001+;1.93;;;;901-1000;2.8;;;;;;
2024;direito;Faculdade de Tecnologia e Ciências;SE;1001;Privada;;;701-800;12.01;;;701-800;3.77;;;1;8;;;;1001+;0.24;;;;;;
2024;direito;Faculdade Anhanguera de Contagem;MG;1001;Privada;;;901-1000;10.42;;;1001+;0.32;;;701-800;3.62;;;;251-300;6.48;;;;;;
2024;direito;Faculdade Uninassau Brasília;DF;1001;Privada;;;601-700;12.71;;;801-900;3.19;;;701-800;3.75;;;;351-400;5.77;;;;;;
2024;direito;Faculdade de Fortaleza;CE;1001;Privada;;;1001+;6.43;;;1001+;0.59;;;401-500;5.37;;;4.08;1001+;0.47;;;701;;;
2024;direito;Faculdades Integradas de Cataguases;MG;1001;Privada;;;1001+;4.14;;;1001+;0.32;;;1001+;1.56;;;;1001+;2.26;;;;;;
2024;direito;Faculdade Metropolitana da Grande Recife;PE;1001;Privada;;;1001+;5.14;;;601-700;4.34;;;1001+;0.19;;;6.69;1001+;0.61;;;601;;;
2024;direito;Centro de Ensino Superior de Bacabeira;MA;1001;Privada;;;1001+;4.76;;;901-1000;2.33;;;1001+;1.2;;;;1001+;1.23;;;;;;
2024;direito;Faculdade Santo Agostinho;MG;1001;Privada;;;901-1000;9.68;;;401-500;5.44;;;1001+;1.13;;;;801-900;3.11;;;;;;
2024;direito;Faculdade da Amazônia;PA;1001;Privada;;;1001+;8.47;;;901-1000;2.47;;;501-600;5.07;;;;1001+;0.93;;;;;;
2024;direito;Faculdade Unifacig;PE;1001;Privada;;;1001+;7.56;;;801-900;3.09;;;;;;;4.58;601-700;4.47;;;701;;;
2024;direito;Escola Superior Batista do Amazonas;AM;1001;Privada;;;1001+;6.94;;;901-1000;2.51;;;701-800;3.65;;;2.06;1001+;0.78;;;701;;;
2024;direito;Faculdade de Ciências Jurídicas de Jacobina;BA;1001;Privada;;;601-700;12.68;;;1001+;0.83;;;501-600;4.53;;;;119;7.32;;;;;;
2024;direito;Faculdade de Educação de Jaru;RO;1001;Privada;;;801-900;10.51;;;1001+;2.21;;;1;8;;;;1001+;0.3;;;;;;
2024;direito;Faculdade Fasipe Cuiabá;MT;1001;Privada;;;901-1000;9.73;;;801-900;2.89;;;601-700;4.45;;;;901-1000;2.39;;;;;;
2024;direito;Instituto Cuiabá de Ensino e Cultura;MT;1001;Privada;;;1001+;4.28;;;801-900;3.34;;;1001+;0.15;;;5.09;1001+;0.79;;;701;;;
2024;direito;Faculdades Magsul;MS;1001;Privada;;;1001+;4.99;;;1001+;1.67;;;1001+;1.05;;;;1001+;2.27;;;;;;
2024;direito;Faculdade Uninassau Vitória da Conquista;BA;1001;Privada;;;1001+;9.29;;;1001+;0.83;;;701-800;3.36;;;;501-600;5.1;;;;;;
2024;direito;Faculdade Atenas Centro de Minas;MG;1001;Privada;;;701-800;11.74;;;1001+;0.32;;;1;8;;;;701-800;3.42;;;;;;
2024;direito;Faculdade Autônoma do Brasil - Maceió;AL;1001;Privada;;;1001+;0.94;;;1001+;0.94;;;;;;;;;;;;;;;
2024;direito;Faculdade Anhanguera de Taubaté;SP;1001;Privada;;;601-700;12.47;;;1001+;1.46;;;601-700;4.34;;;;201-250;6.67;;;;;;
2024;direito;Faculdade Anhanguera de Sertãozinho;SP;1001;Privada;;;601-700;12.67;;;1001+;1.46;;;701-800;3.9;;;;121;7.31;;;;;;
2024;direito;Faculdade Unopar de Ciências Jurídicas de Sete Lagoas;MG;1001;Privada;;;701-800;12.04;;;1001+;0.32;;;701-800;3.86;;;;25;7.86;;;;;;
2024;direito;Faculdade de Ciências e Tecnologia de Teresina;PI;1001;Privada;;;701-800;11.96;;;1001+;2.03;;;1;8;;;;1001+;1.93;;;;;;
2024;direito;Faculdade Cidade Luz;SP;1001;Privada;;;901-1000;10.06;;;601-700;4.17;;;701-800;3.59;;;1.6;901-1000;2.3;;;701;;;
2024;direito;Faculdade Estácio de Santo André;SP;1001;Privada;;;901-1000;10.17;;;1001+;1.46;;;601-700;4.03;;;;501-600;4.68;;;;;;
2024;direito;Faculdade de Desenvolvimento do Norte;MG;1001;Privada;;;1001+;8.4;;;1001+;0.32;;;1;8;;;;1001+;0.08;;;;;;
2024;direito;Faculdade CDL;CE;1001;Privada;;;1001+;3.52;;;1001+;0.59;;;1001+;0.13;;;;901-1000;2.8;;;;;;
2024;direito;Faculdade Metropolitana do Marajó;PA;1001;Privada;;;901-1000;9.49;;;901-1000;2.47;;;701-800;3.48;;;;701-800;3.54;;;;;;
2024;direito;Faculdade Santos Dumont;MG;1001;Privada;;;1001+;9.14;;;301-350;6.19;;;1001+;1.51;;;3.53;1001+;1.44;;;701;;;
2024;direito;Faculdade São Paulo de Presidente Venceslau;SP;1001;Privada;;;1001+;4.93;;;1001+;1.46;;;1001+;0.3;;;;801-900;3.17;;;;;;
2024;direito;Faculdade Invest de Ciências e Tecnologia;MT;1001;Privada;;;1001+;8.25;;;701-800;3.6;;;1001+;1.65;;;;801-900;3;;;;;;
2024;direito;Faculdade de Ciências do Tocantins;TO;1001;Privada;;;1001+;3.22;;;1001+;1.62;;;1001+;0.74;;;;1001+;0.86;;;;;;
2024;direito;Faculdade Alfredo Nasser de Casa Nova;BA;1001;Privada;;;801-900;10.65;;;1001+;0.83;;;1;8;;;;1001+;1.82;;;;;;
2024;direito;Faculdade Unibrasília;DF;1001;Privada;;;1001+;7.18;;;801-900;3.19;;;;;;;;701-800;3.99;;;;;;
2024;direito;Centro de Ensino Superior de Palmas;TO;1001;Privada;;;1001+;4.57;;;1001+;1.62;;;1001+;0.67;;;;901-1000;2.28;;;;;;
2024;direito;Faculdade Casa Branca;SP;1001;Privada;;;801-900;10.56;;;1001+;1.46;;;601-700;4.46;;;;501-600;4.64;;;;;;
2024;direito;Faculdade Internacional Cidade Viva;PB;1001;Privada;;;1001+;7.84;;;801-900;2.97;;;1001+;2.07;;;;901-1000;2.8;;;;;;
2024;direito;Centro de Ensino Unificado do Piauí;PI;1001;Privada;;;701-800;11.63;;;301-350;6.11;;;1001+;1.01;;;;601-700;4.51;;;;;;
2024;direito;Faculdade Nove de Julho de Osasco;SP;1001;Privada;;;1001+;2.65;;;1001+;1.46;;;1001+;0.2;;;;1001+;0.99;;;;;;
2024;direito;Faculdade de Educação Memorial Adelaide Franco;MA;1001;Privada;;;801-900;10.73;;;901-1000;2.33;;;1;8;;;;1001+;0.4;;;;;;
2024;direito;Faculdade Imesp Monitor;SP;1001;Privada;;;1001+;6.48;;;1001+;1.46;;;1001+;0.27;;;;501-600;4.75;;;;;;
2024;direito;Gran Centro Universitário;PR;1001;Privada;;;701-800;12.1;;;1001+;1.84;;;901-1000;2.43;;;;30;7.83;;;;;;
2024;direito;Centro Universitário Academia;MG;1001;Privada;;;1001+;4.1;;;1001+;0.32;;;;;;;;701-800;3.78;;;;;;
2024;direito;Faculdade Uninassau Belo Horizonte;MG;1001;Privada;;;1001+;8.8;;;1001+;0.32;;;701-800;3.39;;;;501-600;5.09;;;;;;
2024;direito;Faculdade Mauá de Goiás;GO;1001;Privada;;;1001+;5.52;;;1001+;0.44;;;501-600;4.58;;;;1001+;0.5;;;;;;
2024;direito;Faculdade Raimundo Marinho;AL;1001;Privada;;;1001+;2.48;;;1001+;0.94;;;1001+;0.47;;;2.57;1001+;1.07;;;701;;;
2024;direito;Universidade de Vassouras;RJ;1001;Privada;;;801-900;10.68;;;1001+;0.9;;;401-500;5.32;;;;601-700;4.46;;;;;;
2024;direito;Faculdade de Palmeiras de Goiás;GO;1001;Privada;;;1001+;3.75;;;1001+;0.44;;;901-1000;2.43;;;;1001+;0.88;;;;;;
2024;direito;Faculdade Cnec Capitão Lemos Cunha;RJ;1001;Privada;;;1001+;3.01;;;1001+;0.9;;;1001+;0.37;;;;1001+;1.74;;;;;;
2024;direito;Faculdade Santo Antônio - SJC;SP;1001;Privada;;;801-900;11.01;;;1001+;1.46;;;1;8;;;;1001+;1.55;;;;;;
2024;direito;Centro Universitário Estácio de Goiás;GO;1001;Privada;;;1001+;8.69;;;1001+;0.44;;;1001+;1.59;;;;201-250;6.66;;;;;;
2024;direito;Faculdade de Ciências Jurídicas de Santa Maria;RS;1001;Privada;;;1001+;6.36;;;1001+;1.95;;;1001+;0.17;;;;601-700;4.24;;;;;;
2024;direito;Faculdade do Centro Maranhense;MA;1001;Privada;;;1001+;3.73;;;901-1000;2.33;;;1001+;1.37;;;;1001+;0.03;;;;;;
2024;direito;Faculdade Integrada Cesumar de Curitiba;PR;1001;Privada;;;1001+;8.27;;;1001+;1.84;;;1001+;1.63;;;;501-600;4.8;;;;;;
2024;direito;Faculdade de Educação de Patos de Minas;MG;1001;Privada;;;1001+;2.07;;;1001+;0.32;;;;;;;;1001+;1.75;;;;;;
2024;direito;Instituto Esperança de Ensino Superior;PA;1001;Privada;;;1001+;5.84;;;901-1000;2.47;;;1001+;0.57;;;;901-1000;2.8;;;;;;
2024;direito;Faculdade Metropolitana do Cariri;CE;1001;Privada;;;1001+;0.59;;;1001+;0.59;;;;;;;;;;;;;;;
2024;direito;Faculdade Cesumar de Londrina;PR;1001;Privada;;;1001+;9.07;;;1001+;1.84;;;1001+;2.15;;;;501-600;5.08;;;;;;
2024;direito;Instituto Tecnológico e das Ciências Sociais Aplicadas e da Saúde do Centro Educ. N. Srª Auxiliadora;RJ;1001;Privada;;;1001+;5.79;;;1001+;0.9;;;1001+;1.21;;;;701-800;3.68;;;;;;
2024;direito;Instituto de Ensino Superior de Olinda;PE;1001;Privada;;;1001+;6.36;;;601-700;4.07;;;1001+;1.48;;;2.84;1001+;0.81;;;701;;;
2024;direito;Faculdades Integradas de Fernandópolis;SP;1001;Privada;;;1001+;7.02;;;1001+;1.46;;;901-1000;2.43;;;;801-900;3.13;;;;;;
2024;direito;Faculdade Reges de Ribeirão Preto;SP;1001;Privada;;;1001+;9.09;;;1001+;1.46;;;601-700;4.06;;;;701-800;3.57;;;;;;
2024;direito;Faculdade Presidente Antônio Carlos de Conselheiro Lafaiete;MG;1001;Privada;;;1001+;4.1;;;1001+;0.32;;;1001+;0.98;;;;901-1000;2.8;;;;;;
2024;direito;Faculdade Presidente Dutra;MA;1001;Privada;;;701-800;11.92;;;901-1000;2.33;;;1;8;;;;1001+;1.59;;;;;;
2024;direito;Faculdade Estácio de Curitiba;PR;1001;Privada;;;801-900;10.64;;;501-600;4.66;;;1001+;1.58;;;;601-700;4.4;;;;;;
2024;direito;Faculdade Flórida;SP;1001;Privada;;;601-700;12.32;;;1001+;1.46;;;351-400;5.75;;;;501-600;5.11;;;;;;
2024;direito;Faculdade Vértix Trirriense;RJ;1001;Privada;;;801-900;10.74;;;1001+;0.9;;;1;8;;;;1001+;1.84;;;;;;
2024;direito;Faculdade Católica de Anápolis;GO;1001;Privada;;;1001+;2.47;;;1001+;0.44;;;1001+;1.14;;;;1001+;0.89;;;;;;
2024;direito;Faculdade Pitágoras de Juiz de Fora;MG;1001;Privada;;;701-800;11.38;;;1001+;0.32;;;701-800;3.45;;;;69;7.61;;;;;;
2024;direito;Faculdade de Educação da Ibiapaba;CE;1001;Privada;;;1001+;3.44;;;1001+;0.59;;;901-1000;2.43;;;;1001+;0.42;;;;;;
2024;direito;Faculdade de São Paulo;SP;1001;Privada;;;1001+;9.45;;;1001+;2.05;;;601-700;4.2;;;0.23;801-900;3.2;;;801;;;
2024;direito;Faculdade Educacional Araucária;PR;1001;Privada;;;1001+;7.18;;;1001+;1.84;;;1001+;1.35;;;;701-800;3.99;;;;;;
2024;direito;Faculdade Anhanguera de Santa Bárbara;SP;1001;Privada;;;601-700;12.31;;;1001+;1.46;;;701-800;3.67;;;;144;7.18;;;;;;
2024;direito;Faculdade Santíssimo Sacramento;BA;1001;Privada;;;1001+;8.19;;;1001+;0.83;;;801-900;2.99;;;;601-700;4.37;;;;;;
2024;direito;Faculdade de Ciências Jurídicas de Altamira;PA;1001;Privada;;;801-900;11.19;;;901-1000;2.47;;;801-900;2.75;;;;351-400;5.97;;;;;;
2024;direito;Centro Universitário de Presidente Prudente;SP;1001;Privada;;;1001+;6.63;;;801-900;3.25;;;901-1000;2.74;;;3.48;1001+;0.64;;;701;;;
2024;direito;Centro Universitário Uni-ban;SP;1001;Privada;;;1001+;6.98;;;1001+;1.46;;;901-1000;2.61;;;0.18;801-900;2.91;;;801;;;
2024;direito;Faculdade Solidária do Oeste Paulista;SP;1001;Privada;;;1001+;4.79;;;1001+;1.46;;;901-1000;2.73;;;;1001+;0.6;;;;;;
2024;direito;Centro Universitário Uniasselvi de Brusque;SC;1001;Privada;;;601-700;12.92;;;1001+;1.05;;;501-600;5;;;;198;6.87;;;;;;
2024;direito;Faculdade da Associação Brasiliense de Educação;RS;1001;Privada;;;901-1000;10.12;;;94;7.47;;;1001+;0.46;;;;1001+;2.19;;;;;;
2024;direito;Faculdade Santo Antonio BA;BA;1001;Privada;;;1001+;2.85;;;1001+;0.83;;;1001+;1.84;;;;1001+;0.18;;;;;;
2024;direito;Centro Universitário Amparense;SP;1001;Privada;;;1001+;1.94;;;1001+;1.46;;;1001+;0.23;;;;1001+;0.25;;;;;;
2024;direito;Centro Universitário Maurício de Nassau Teresina Sul;PI;1001;Privada;;;801-900;10.93;;;1001+;2.03;;;701-800;3.53;;;;401-500;5.37;;;;;;
2024;direito;Instituto Superior e Centro Educacional Luterano;SC;1001;Privada;;;1001+;9.41;;;1001+;1.05;;;1001+;1.79;;;;201-250;6.57;;;;;;
2024;direito;Faculdade Brasília;DF;1001;Privada;;;801-900;11.08;;;801-900;3.19;;;351-400;5.94;;;;1001+;1.95;;;;;;
2024;direito;Faculdade Uninassau Arapiraca;AL;1001;Privada;;;1001+;9.29;;;1001+;0.94;;;701-800;3.48;;;;501-600;4.87;;;;;;
2024;direito;Faculdade de Informática de Ouro Preto do Oeste;RO;1001;Privada;;;901-1000;10.28;;;1001+;2.21;;;1;8;;;;1001+;0.07;;;;;;
2024;direito;Faculdade Cândido Rondon;MT;1001;Privada;;;1001+;3.09;;;1001+;1.57;;;1001+;0.58;;;1.74;1001+;0.94;;;701;;;
2024;direito;Instituto de Educação Superior de Pouso Alegre;MG;1001;Privada;;;1001+;2.74;;;1001+;0.32;;;1001+;1.06;;;;1001+;1.36;;;;;;
2024;direito;Faculdade Mega;MG;1001;Privada;;;801-900;11.12;;;1001+;0.32;;;1;8;;;;901-1000;2.8;;;;;;
2024;direito;Faculdade Irecê;BA;1001;Privada;;;1001+;2.82;;;1001+;0.83;;;1001+;0.86;;;;1001+;1.13;;;;;;
2024;direito;Faculdade Vanguarda;SP;1001;Privada;;;1001+;7.23;;;1001+;1.46;;;;;;;;351-400;5.77;;;;;;
2024;direito;Faculdade de Estudos Avançados do Pará;PA;1001;Privada;;;801-900;10.73;;;901-1000;2.47;;;601-700;4.32;;;;701-800;3.94;;;;;;
2024;direito;Instituto de Ensino Superior Múltiplo;MA;1001;Privada;;;701-800;11.94;;;901-1000;2.33;;;1;8;;;;1001+;1.61;;;;;;
2024;direito;Faculdade Anhanguera de Pindamonhangaba;SP;1001;Privada;;;601-700;12.84;;;1001+;1.46;;;601-700;4.31;;;;163;7.07;;;;;;
2024;direito;Faculdade Inova Mais de São Paulo;SP;1001;Privada;;;601-700;12.59;;;1001+;1.46;;;1;8;;;;801-900;3.13;;;;;;
2024;direito;Instituto Belo Horizonte de Ensino Superior;MG;1001;Privada;;;1001+;5.68;;;501-600;4.62;;;1001+;0.8;;;1.24;1001+;0.26;;;801;;;
2024;direito;Faculdade de Caieiras;SP;1001;Privada;;;1001+;6.18;;;901-1000;2.6;;;801-900;2.96;;;0.46;1001+;0.62;;;801;;;
2024;direito;Faculdade de Belém;PA;1001;Privada;;;1001+;6.06;;;701-800;3.98;;;1001+;0.09;;;1.05;1001+;1.99;;;801;;;
2024;direito;Faculdade Pitágoras de Pouso Alegre;MG;1001;Privada;;;701-800;11.99;;;1001+;0.32;;;601-700;4;;;;58;7.67;;;;;;
2024;direito;Centro Universitário Internacional Signorelli;RJ;1001;Privada;;;1001+;6.65;;;701-800;3.8;;;1001+;1.3;;;;1001+;1.55;;;;;;
2024;direito;Faculdade KEEP EDUC;GO;1001;Privada;;;801-900;11.24;;;1001+;0.44;;;1;8;;;;901-1000;2.8;;;;;;
2024;direito;Centro Universitário Don Domênico;SP;1001;Privada;;;801-900;10.67;;;501-600;4.63;;;1001+;1.77;;;;601-700;4.27;;;;;;
2024;direito;Centro Universitário Ateneu;CE;1001;Privada;;;1001+;7.86;;;1001+;0.59;;;901-1000;2.6;;;;501-600;4.67;;;;;;
2024;direito;Faculdade de Ciências Humanas de Curvelo;MG;1001;Privada;;;601-700;12.71;;;1001+;0.32;;;1;8;;;;601-700;4.39;;;;;;
2024;direito;Faculdade de Ensino Superior Paschoal Dantas;SP;1001;Privada;;;1001+;5.22;;;1001+;1.46;;;1001+;0.22;;;;701-800;3.54;;;;;;
2024;direito;Faculdade de Tecnologia e Ciências;BA;1001;Privada;;;1001+;9.28;;;1001+;0.83;;;1;8;;;;1001+;0.45;;;;;;
2024;direito;Faculdade Anhanguera de Jequié;BA;1001;Privada;;;901-1000;10.37;;;1001+;0.83;;;701-800;3.34;;;;301-350;6.2;;;;;;
2024;direito;Faculdade da Região Sisaleira;BA;1001;Privada;;;1001+;1.04;;;1001+;0.83;;;1001+;0.05;;;;1001+;0.16;;;;;;
2024;direito;Faculdade de Presidente Epitácio;SP;1001;Privada;;;1001+;9.27;;;701-800;3.58;;;501-600;4.95;;;1.28;1001+;0.74;;;801;;;
2024;direito;Faculdade de Araraquara;SP;1001;Privada;;;1001+;9.05;;;701-800;3.93;;;901-1000;2.67;;;1.33;901-1000;2.45;;;801;;;
2024;direito;Faculdade de Direito 8 de Julho;SE;1001;Privada;;;1001+;8.92;;;701-800;3.77;;;1001+;0.32;;;;501-600;4.83;;;;;;
2024;direito;Faculdade do Maciço do Baturité;CE;1001;Privada;;;701-800;11.38;;;501-600;5.06;;;401-500;5.16;;;;1001+;1.16;;;;;;
2024;direito;Faculdades Integradas Aparício Carvalho Vilhena;RO;1001;Privada;;;901-1000;10.35;;;1001+;2.21;;;1;8;;;;1001+;0.14;;;;;;
2024;direito;Faculdade Paraíso Fortaleza;CE;1001;Privada;;;1001+;6.88;;;1001+;0.59;;;801-900;3.14;;;;801-900;3.15;;;;;;
2024;direito;Faculdade Via Sapiens;CE;1001;Privada;;;1001+;8.91;;;1001+;0.59;;;1;8;;;;1001+;0.32;;;;;;
2024;direito;Faculdade de Tecnologia Jardim;SP;1001;Privada;;;1001+;6.15;;;901-1000;2.55;;;1001+;1.77;;;;1001+;1.83;;;;;;
2024;direito;Faculdade de Ciências Jurídicas de Erechim;RS;1001;Privada;;;701-800;12.19;;;1001+;1.95;;;801-900;3.18;;;;165;7.06;;;;;;
2024;direito;Faculdade de Ciências e Tecnologia da Bahia;BA;1001;Privada;;;1001+;6.07;;;1001+;0.83;;;601-700;4.24;;;;1001+;1;;;;;;
2024;direito;Faculdade Central de Cristalina;GO;1001;Privada;;;1001+;6.14;;;801-900;3.05;;;901-1000;2.61;;;1.24;1001+;0.48;;;801;;;
2024;direito;Centro de Ensino Superior Riograndese;RS;1001;Privada;;;1001+;4.05;;;1001+;1.95;;;1001+;0.93;;;;1001+;1.17;;;;;;
2024;direito;Faculdades Integradas da América do Sul;GO;1001;Privada;;;1001+;2.27;;;1001+;0.44;;;1001+;0.81;;;;1001+;1.02;;;;;;
2024;direito;Faculdade dos Cerrados Piauienses;PI;1001;Privada;;;1001+;5.67;;;601-700;4.36;;;1001+;1.04;;;2.48;1001+;0.27;;;701;;;
2024;direito;Faculdade Pitágoras Unopar de Guanambi;BA;1001;Privada;;;601-700;12.82;;;1001+;0.83;;;501-600;4.83;;;;147;7.16;;;;;;
2024;direito;Faculdade de Nova Mutum - Unifama;MT;1001;Privada;;;1001+;7.58;;;1001+;1.57;;;351-400;5.83;;;;1001+;0.18;;;;;;
2024;direito;Faculdade Presidente Antônio Carlos de Uberlândia;MG;1001;Privada;;;1001+;5.6;;;601-700;4.15;;;1001+;0.82;;;;1001+;0.63;;;;;;
2024;direito;Escola de Ensino Superior do Agreste Paraibano;PB;1001;Privada;;;901-1000;10.3;;;801-900;2.97;;;501-600;4.79;;;;901-1000;2.54;;;;;;
2024;direito;Faculdade Princesa do Oeste;CE;1001;Privada;;;801-900;10.67;;;1001+;0.59;;;1;8;;;;1001+;2.08;;;;;;
2024;direito;Faculdade Maurício de Nassau Serra Talhada;PE;1001;Privada;;;801-900;10.98;;;801-900;2.89;;;401-500;5.29;;;;901-1000;2.8;;;;;;
2024;direito;Centro Universitário Fieo;SP;1001;Privada;;;1001+;7.01;;;601-700;4.07;;;1001+;0.79;;;5.68;1001+;2.15;;;701;;;
2024;direito;Faculdade Doctum de Almenara;MG;1001;Privada;;;601-700;12.54;;;1001+;0.32;;;1;8;;;;601-700;4.22;;;;;;
2024;direito;Faculdade São Tomaz de Aquino;BA;1001;Privada;;;1001+;0.83;;;1001+;0.83;;;;;;;;;;;;;;;
2024;direito;Faculdade de Direito de Uruguaiana - Anhanguera;RS;1001;Privada;;;801-900;11.28;;;1001+;1.95;;;801-900;3.05;;;;301-350;6.28;;;;;;
2024;direito;Faculdade Tecnológica Latino Americana;RS;1001;Privada;;;1001+;3.4;;;1001+;1.95;;;1001+;0.57;;;;1001+;0.88;;;;;;
2024;direito;Faculdade da Região Serrana;ES;1001;Privada;;;1001+;7.24;;;1001+;2.12;;;501-600;4.67;;;;1001+;0.45;;;;;;
2024;direito;Faculdade de Goiana;PE;1001;Privada;;;1001+;7.52;;;801-900;2.89;;;1001+;1.09;;;;701-800;3.54;;;;;;
2024;direito;Centro Universitário de Jales;SP;1001;Privada;;;801-900;10.61;;;1001+;1.46;;;401-500;5.6;;;;701-800;3.55;;;;;;
2024;direito;Faculdades Integradas Simonsen;RJ;1001;Privada;;;1001+;8.47;;;1001+;1.62;;;1001+;1.23;;;;401-500;5.62;;;;;;
2024;direito;Faculdade Uninassau Maracanaú;CE;1001;Privada;;;901-1000;10.07;;;1001+;0.59;;;601-700;3.92;;;;401-500;5.56;;;;;;
2024;direito;Faculdades Integradas Desembargador Sávio Brandão;MT;1001;Privada;;;1001+;3.47;;;1001+;1.98;;;1001+;0.76;;;1.7;1001+;0.73;;;701;;;
2024;direito;Faculdade Fael de Curitiba;PR;1001;Privada;;;1001+;7.33;;;1001+;1.84;;;901-1000;2.43;;;;801-900;3.06;;;;;;
2024;direito;Faculdade Anhanguera de Parauapebas;PA;1001;Privada;;;1001+;6.62;;;901-1000;2.47;;;1001+;1.35;;;;901-1000;2.8;;;;;;
2024;direito;Faculdade Unibras do Pará;PA;1001;Privada;;;1001+;2.47;;;901-1000;2.47;;;;;;;;;;;;;;;
2024;direito;Centro Universitário do Piauí;PI;1001;Privada;;;1001+;7.18;;;1001+;2.03;;;701-800;3.75;;;3.76;1001+;1.4;;;701;;;
2024;direito;Centro de Ensino Superior de Arcoverde;PE;1001;Municipal;;;1001+;3.85;;;801-900;2.89;;;;;;;;1001+;0.96;;;;;;
2024;direito;Faculdade Santo Antonio de Itabuna;BA;1001;Privada;;;1001+;0.83;;;1001+;0.83;;;;;;;;;;;;;;;
2024;direito;Faculdade Uninassau Parnamirim;RN;1001;Privada;;;601-700;12.87;;;801-900;3.42;;;501-600;4.63;;;;501-600;4.82;;;;;;
2024;direito;Faculdade Metropolitana de Parintins;AM;1001;Privada;;;801-900;10.61;;;901-1000;2.51;;;1;8;;;;1001+;0.1;;;;;;
2024;direito;Faculdade de Integração do Ensino Superior do Cone Sul;RS;1001;Privada;;;1001+;9;;;401-500;5.68;;;1001+;0.06;;;;801-900;3.26;;;;;;
2024;direito;Faculdade Uberlandense de Núcleos Integrados de Ensino, Serviço Social e Aprendizagem;MG;1001;Privada;;;1001+;8.25;;;1001+;0.32;;;601-700;4.04;;;;701-800;3.89;;;;;;
2024;direito;Faculdade Anhanguera Jaraguá do Sul;SC;1001;Privada;;;701-800;11.54;;;1001+;1.05;;;701-800;3.63;;;;200;6.86;;;;;;
2024;direito;Faculdade Fleming Cerquilho;SP;1001;Privada;;;1001+;8.8;;;1001+;1.46;;;401-500;5.37;;;;1001+;1.97;;;;;;
2024;direito;Faculdades Integradas Rio Branco Granja Vianna;SP;1001;Privada;;;1001+;5.94;;;1001+;1.46;;;1001+;0.61;;;;701-800;3.87;;;;;;
2024;direito;Faculdade Fasipe Mato Grosso;MT;1001;Privada;;;801-900;11.09;;;1001+;1.57;;;701-800;3.75;;;;351-400;5.77;;;;;;
2024;direito;Faculdade Cidade de Patos de Minas;MG;1001;Privada;;;1001+;6.17;;;1001+;0.32;;;501-600;4.62;;;;1001+;1.23;;;;;;
2024;direito;Faculdade Prime;MS;1001;Privada;;;1001+;7.27;;;1001+;1.67;;;801-900;3.3;;;;901-1000;2.3;;;;;;
2024;direito;Centro Universitário Araguaia;GO;1001;Privada;;;801-900;11.35;;;901-1000;2.55;;;501-600;4.68;;;;601-700;4.12;;;;;;
2024;direito;Faculdade Vidal;CE;1001;Privada;;;1001+;8.57;;;401-500;5.31;;;1001+;1.85;;;;1001+;1.41;;;;;;
2024;direito;Faculdade de Ciências e Tecnologia de Janaúba;MG;1001;Privada;;;1001+;3.3;;;1001+;0.32;;;1001+;1.2;;;;1001+;1.78;;;;;;
2024;direito;Faculdade Central do Recife Centro;PE;1001;Privada;;;1001+;5.95;;;801-900;2.89;;;1001+;0.26;;;;901-1000;2.8;;;;;;
2024;direito;Faculdade Estácio de Feira de Santana;BA;1001;Privada;;;701-800;11.7;;;401-500;5.49;;;1001+;1.95;;;;601-700;4.26;;;;;;
2024;direito;Faculdade Unità;SP;1001;Privada;;;1001+;5.01;;;1001+;1.46;;;901-1000;2.64;;;;1001+;0.91;;;;;;
2024;direito;Faculdade Fasipe de Rondonópolis;MT;1001;Privada;;;1001+;7.51;;;1001+;1.57;;;601-700;4.16;;;;1001+;1.78;;;;;;
2024;direito;Faculdade Anhanguera de Rio Claro;SP;1001;Privada;;;601-700;12.57;;;1001+;1.46;;;601-700;4.15;;;;182;6.96;;;;;;
2024;direito;Faculdade Bertioga;SP;1001;Privada;;;1001+;8.54;;;401-500;5.52;;;1001+;1.23;;;2.66;1001+;1.79;;;701;;;
2024;direito;Faculdade de Ciências Jurídicas de Luziânia;GO;1001;Privada;;;701-800;12.15;;;1001+;0.44;;;601-700;4.33;;;;109;7.38;;;;;;
2024;direito;Faculdade Unex;BA;1001;Privada;;;901-1000;10.16;;;1001+;0.83;;;1;8;;;;1001+;1.33;;;;;;
2024;direito;Faculdade Uninassau Petrolina;PE;1001;Privada;;;601-700;12.35;;;801-900;2.89;;;601-700;4.41;;;;501-600;5.05;;;;;;
2024;direito;Centro Universitário Maurício de Nassau de Cacoal;RO;1001;Privada;;;801-900;10.49;;;1001+;2.21;;;701-800;3.36;;;;501-600;4.92;;;;;;
2024;direito;Faculdade Católica Santa Teresinha;RN;1001;Privada;;;1001+;5.36;;;801-900;3.42;;;1001+;0.51;;;;1001+;1.43;;;;;;
2024;direito;Faculdade Santíssima Trindade;PE;1001;Privada;;;1001+;8.96;;;801-900;2.89;;;601-700;3.97;;;;1001+;2.1;;;;;;
2024;direito;Centro de Ensino Superior de Lorena;SP;1001;Privada;;;1001+;8.12;;;1001+;1.46;;;501-600;4.73;;;;1001+;1.93;;;;;;
2024;direito;Faculdade Presidente Antônio Carlos de Uberaba;MG;1001;Privada;;;1001+;8.21;;;701-800;4.01;;;901-1000;2.53;;;;1001+;1.67;;;;;;
2024;direito;Faculdade de Tecnologia de Cruzeiro do Oeste;PR;1001;Privada;;;1001+;6.67;;;401-500;5.36;;;1001+;0.11;;;;1001+;1.2;;;;;;
2024;direito;Faculdade de Matupá;MT;1001;Privada;;;801-900;10.56;;;1001+;1.57;;;1;8;;;;1001+;0.99;;;;;;
2024;direito;Faculdade Unificada do Estado de São Paulo;SP;1001;Privada;;;901-1000;9.81;;;1001+;1.46;;;1;8;;;;1001+;0.35;;;;;;
2024;direito;Faculdade Pitágoras de Irecê;BA;1001;Privada;;;901-1000;9.94;;;1001+;0.83;;;801-900;3.02;;;;301-350;6.09;;;;;;
2024;direito;Faculdades João Paulo II;RS;1001;Privada;;;1001+;3.88;;;1001+;1.95;;;;;;;2.25;1001+;1.93;;;701;;;
2024;direito;Faculdade Progresso;SP;1001;Privada;;;1001+;3.25;;;1001+;1.68;;;1001+;0.29;;;;1001+;1.28;;;;;;
2024;direito;Instituto de Ensino Superior de Cuiabá;MT;1001;Privada;;;601-700;12.34;;;1001+;1.57;;;701-800;3.57;;;;140;7.2;;;;;;
2024;direito;Faculdade Presidente Antônio Carlos de Itabirito;MG;1001;Privada;;;701-800;11.45;;;601-700;4.11;;;901-1000;2.56;;;;501-600;4.78;;;;;;
2024;direito;Faculdade Nove de Julho de Bauru;SP;1001;Privada;;;1001+;2.64;;;1001+;1.46;;;1001+;0.5;;;;1001+;0.68;;;;;;
2024;direito;Strong Business School;SP;1001;Privada;;;701-800;12.25;;;1001+;1.46;;;801-900;3.33;;;;95;7.46;;;;;;
2024;direito;Faculdade Santo Agostinho de Vitória da Conquista;BA;1001;Privada;;;1001+;7.86;;;1001+;2.04;;;701-800;3.72;;;;1001+;2.1;;;;;;
2024;direito;Centro Universitário Guairacá;PR;1001;Privada;;;1001+;8.62;;;1001+;1.84;;;801-900;3.14;;;;701-800;3.64;;;;;;
2024;direito;Faculdade Sensu;GO;1001;Privada;;;901-1000;9.83;;;1001+;0.44;;;1;8;;;;1001+;1.39;;;;;;
2024;direito;Faculdade de Filosofia Ciências e Letras de Penápolis;SP;1001;Privada;;;801-900;11.01;;;501-600;4.63;;;801-900;2.9;;;;701-800;3.48;;;;;;
2024;direito;Faculdades João Paulo II - Pelotas;RS;1001;Privada;;;1001+;4.75;;;1001+;1.95;;;;;;;;901-1000;2.8;;;;;;
2024;direito;Faculdade Única de Ipatinga;MG;1001;Privada;;;1001+;3.49;;;1001+;0.32;;;901-1000;2.49;;;;1001+;0.68;;;;;;
2024;direito;Faculdade Cidade de João Pinheiro;MG;1001;Privada;;;1001+;5.6;;;1001+;0.32;;;501-600;4.89;;;;1001+;0.39;;;;;;
2024;direito;Faculdade de Ciências Sociais Aplicadas do Vale do São Lourenço;MT;1001;Privada;;;701-800;11.38;;;1001+;1.57;;;1;8;;;;1001+;1.81;;;;;;
2024;direito;Centro Universitário do Sul de Minas;MG;1001;Privada;;;1001+;4;;;1001+;0.32;;;1001+;1.66;;;;1001+;2.02;;;;;;
2024;direito;Faculdade Unicentral;MT;1001;Privada;;;1001+;3.7;;;1001+;1.57;;;1001+;1.72;;;;1001+;0.41;;;;;;
2024;direito;Faculdade de Tecnologia Ftec;RS;1001;Privada;;;1001+;7.79;;;1001+;1.95;;;901-1000;2.47;;;;801-900;3.37;;;;;;
2024;direito;Faculdade Unibrasília Sul;DF;1001;Privada;;;1001+;5.59;;;701-800;3.83;;;1001+;1.67;;;;1001+;0.09;;;;;;
2024;direito;Centro Universitário Mauá de Brasília;DF;1001;Privada;;;901-1000;10.19;;;601-700;4.1;;;351-400;5.95;;;1.65;1001+;0.14;;;701;;;
2024;direito;Faculdade Santa Helena;PE;1001;Privada;;;601-700;12.3;;;801-900;2.89;;;1;8;;;;1001+;1.41;;;;;;
2024;direito;Faculdade CTA;SP;1001;Privada;;;1001+;4.26;;;1001+;1.46;;;;;;;;901-1000;2.8;;;;;;
2024;direito;Faculdade de Educação e Tecnologia da Amazônia;PA;1001;Privada;;;701-800;11.69;;;901-1000;2.47;;;351-400;5.95;;;;801-900;3.27;;;;;;
2024;direito;Faculdade de Boa Vista;RR;1001;Privada;;;1001+;7.17;;;801-900;3.01;;;1001+;0.17;;;;701-800;3.99;;;;;;
2024;direito;Faculdade Dom Pedro II de Sergipe;SE;1001;Privada;;;1001+;8.12;;;201-250;6.61;;;1001+;1.35;;;;1001+;0.16;;;;;;
2024;direito;Faculdade de Educação Superior de Tangará da Serra;MT;1001;Privada;;;1001+;7.61;;;1001+;1.57;;;401-500;5.29;;;;1001+;0.75;;;;;;
2024;direito;Faculdade Uniguaçu;PR;1001;Privada;;;1001+;8.99;;;1001+;1.84;;;701-800;3.8;;;;801-900;3.35;;;;;;
2024;direito;Faculdade Rio Parnaíba;MA;1001;Privada;;;1001+;9.33;;;901-1000;2.33;;;601-700;4.2;;;;901-1000;2.8;;;;;;
2024;direito;Faculdades Integradas do Ceará;CE;1001;Privada;;;1001+;7;;;501-600;5.11;;;1001+;0.65;;;;1001+;1.24;;;;;;
2024;direito;Faculdade do Norte de Mato Grosso;MT;1001;Privada;;;1001+;6.17;;;1001+;1.57;;;1001+;1.44;;;;801-900;3.16;;;;;;
2024;direito;Faculdade São Luís de França;SE;1001;Privada;;;701-800;11.63;;;701-800;3.77;;;801-900;3.27;;;;501-600;4.59;;;;;;
2024;direito;Centro Universitário Faveni;SP;1001;Privada;;;701-800;11.97;;;1001+;1.46;;;1;8;;;;901-1000;2.51;;;;;;
2024;direito;Faculdade Anhanguera de Limeira;SP;1001;Privada;;;801-900;11;;;1001+;1.46;;;901-1000;2.59;;;;184;6.95;;;;;;
2024;direito;Faculdade Pan-americana de Administração e Direito;PR;1001;Privada;;;801-900;10.7;;;1001+;1.84;;;501-600;4.73;;;;601-700;4.13;;;;;;
2024;direito;Faculdade Pitágoras de Concórdia;SC;1001;Privada;;;601-700;12.59;;;1001+;1.05;;;601-700;3.95;;;;72;7.59;;;;;;
2024;direito;Faculdade Cesumar de Ponta Grossa;PR;1001;Privada;;;1001+;6.88;;;1001+;1.84;;;1001+;1.86;;;;801-900;3.18;;;;;;
2024;direito;Centro Universitário do Rio de Janeiro;RJ;1001;Privada;;;1001+;5.25;;;1001+;0.9;;;601-700;3.92;;;1.83;1001+;0.43;;;701;;;
2024;direito;Faculdades Ipede MA;MA;1001;Privada;;;901-1000;10.33;;;901-1000;2.33;;;1;8;;;;;;;;;;;
2024;direito;Centro Universitário Dom Pedro II;BA;1001;Privada;;;1001+;5.07;;;701-800;3.46;;;1001+;0.84;;;2.11;1001+;0.77;;;701;;;
2024;direito;Faculdade Uninassau Palmas;TO;1001;Privada;;;1001+;4.14;;;1001+;1.62;;;1001+;0.76;;;;1001+;1.76;;;;;;
2024;direito;Faculdade Unibras do Norte Goiano;GO;1001;Privada;;;1001+;7.95;;;1001+;2.04;;;351-400;5.86;;;;1001+;0.05;;;;;;
2024;direito;Faculdade Dom Ricardo;SP;1001;Privada;;;701-800;12.26;;;1001+;1.46;;;1;8;;;;901-1000;2.8;;;;;;
2024;direito;Faculdade Tecnológica de Pernambuco;PE;1001;Privada;;;1001+;5.12;;;801-900;2.89;;;1001+;1.35;;;;1001+;0.88;;;;;;
2024;direito;Faculdade Diadema;SP;1001;Privada;;;1001+;6.89;;;901-1000;2.63;;;1001+;2.07;;;0.41;1001+;2.19;;;801;;;
2024;direito;Faculdade Reges de Osvaldo Cruz;SP;1001;Privada;;;1001+;6.77;;;1001+;1.46;;;801-900;2.91;;;;901-1000;2.4;;;;;;
2024;direito;Faculdade de Ciências Jurídicas de Bom Jesus da Lapa;BA;1001;Privada;;;801-900;10.62;;;1001+;0.83;;;701-800;3.44;;;;251-300;6.35;;;;;;
2024;direito;Faculdade de São Vicente;SP;1001;Privada;;;801-900;10.75;;;501-600;4.83;;;601-700;3.99;;;;1001+;1.93;;;;;;
2024;direito;Faculdade Anhanguera de Sobral;CE;1001;Privada;;;1001+;5.82;;;1001+;0.59;;;901-1000;2.43;;;;901-1000;2.8;;;;;;
2024;direito;Centro Universitário Unifecaf;SP;1001;Privada;;;1001+;4.72;;;1001+;1.46;;;801-900;2.78;;;;1001+;0.48;;;;;;
2024;direito;Faculdades Integradas Stella Maris de Andradina;SP;1001;Privada;;;1001+;3.12;;;1001+;1.46;;;1001+;1;;;;1001+;0.66;;;;;;
2024;direito;Faculdade Santa Luzia;MA;1001;Privada;;;1001+;9.41;;;901-1000;2.33;;;401-500;5.49;;;;1001+;1.59;;;;;;
2024;direito;Faculdade Anhanguera de São José;SP;1001;Privada;;;601-700;12.63;;;1001+;1.46;;;601-700;4.45;;;;201-250;6.72;;;;;;
2024;direito;Faculdade Fasipe de Sorriso;MT;1001;Privada;;;1001+;6.07;;;1001+;1.57;;;601-700;4.06;;;;1001+;0.44;;;;;;
2024;direito;Faculdade Única de Timóteo;MG;1001;Privada;;;1001+;5.28;;;1001+;0.32;;;501-600;4.63;;;;1001+;0.33;;;;;;
2024;direito;Faculdade Sapiens;RO;1001;Privada;;;1001+;5.27;;;1001+;2.21;;;1001+;2.14;;;;1001+;0.92;;;;;;
2024;direito;Escola Superior de Engenharia e Gestão de São Paulo;SP;1001;Privada;;;1001+;7.73;;;1001+;1.46;;;1001+;0.08;;;;301-350;6.19;;;;;;
2024;direito;Faculdade de Direito Serra Dourada;PA;1001;Privada;;;1001+;7.44;;;901-1000;2.47;;;701-800;3.69;;;;1001+;1.28;;;;;;
2024;direito;Centro Universitário do Recife;PE;1001;Privada;;;1001+;5.82;;;801-900;3.28;;;1001+;1.16;;;3.99;1001+;1.38;;;701;;;
2024;direito;Faculdade Unida de São Paulo;SP;1001;Privada;;;801-900;10.87;;;1001+;1.46;;;501-600;4.51;;;;501-600;4.9;;;;;;
2024;direito;Faculdade Vale do Aço;MA;1001;Privada;;;801-900;10.53;;;901-1000;2.33;;;1;8;;;;1001+;0.2;;;;;;
2024;direito;Faculdade do Futuro;MG;1001;Privada;;;901-1000;9.71;;;1001+;0.32;;;1;8;;;;1001+;1.39;;;;;;
2024;direito;Faculdade Sergipana;SE;1001;Privada;;;1001+;4.83;;;701-800;3.77;;;1001+;0.96;;;2.48;1001+;0.1;;;701;;;
2024;direito;Faculdade Birigui;SP;1001;Privada;;;701-800;11.99;;;501-600;4.69;;;601-700;4.41;;;0.28;801-900;2.89;;;801;;;
2024;direito;Faculdade Ibgen;RS;1001;Privada;;;701-800;11.51;;;201-250;6.66;;;1001+;1.87;;;;801-900;2.98;;;;;;
2024;direito;Faculdade Regional de Riachão do Jacuípe;BA;1001;Privada;;;901-1000;10.35;;;1001+;0.83;;;1;8;;;;1001+;1.52;;;;;;
2024;direito;Faculdade de Educação Acriana Euclides da Cunha;AC;1001;Privada;;;1001+;5.83;;;401-500;5.26;;;1001+;0.57;;;;;;;;;;;
2024;direito;Faculdade de Santo Ângelo;RS;1001;Privada;;;1001+;7.72;;;1001+;1.95;;;;;;;;351-400;5.77;;;;;;
2024;direito;Faculdade Presidente Antônio Carlos de Nova Lima;MG;1001;Privada;;;1001+;6.26;;;501-600;4.75;;;1001+;0.71;;;3.71;1001+;0.8;;;701;;;
2024;direito;Faculdade Metropolitana de Anápolis;GO;1001;Privada;;;701-800;11.58;;;701-800;3.88;;;501-600;4.52;;;;801-900;3.18;;;;;;
2024;direito;Faculdade de Viçosa;MG;1001;Privada;;;1001+;7.46;;;1001+;0.32;;;1001+;1.24;;;;351-400;5.9;;;;;;
2024;direito;Faculdade Ésper;GO;1001;Privada;;;1001+;4.06;;;1001+;0.44;;;701-800;3.48;;;;1001+;0.14;;;;;;
2024;direito;Faculdade Anhanguera de Vitória da Conquista;BA;1001;Privada;;;601-700;12.51;;;1001+;0.83;;;601-700;4.32;;;;112;7.36;;;;;;
2024;direito;Faculdade Pitágoras de Alagoinhas;BA;1001;Privada;;;801-900;11.14;;;1001+;0.83;;;701-800;3.76;;;;251-300;6.55;;;;;;
2024;direito;Faculdades João Paulo II - Campus Porto Alegre;RS;1001;Privada;;;1001+;8.28;;;1001+;1.95;;;;;;;;251-300;6.33;;;;;;
2024;direito;Faculdade da Escada;PE;1001;Privada;;;701-800;11.43;;;801-900;2.89;;;1;8;;;;1001+;0.54;;;;;;
2024;direito;Faculdade Insted;MS;1001;Privada;;;1001+;4.59;;;1001+;1.67;;;1001+;1.21;;;;1001+;1.71;;;;;;
2024;direito;Faculdade Unibras da Bahia;BA;1001;Privada;;;1001+;8.83;;;1001+;0.83;;;;;;;;1;8;;;;;;
2024;direito;Centro de Estudos em Direito e Negócios;MG;1001;Privada;;;601-700;12.31;;;1001+;0.32;;;1;8;;;;701-800;3.99;;;;;;
2024;direito;Faculdade da Serra Gaúcha de Bento Gonçalves;RS;1001;Privada;;;901-1000;9.63;;;1001+;1.95;;;1001+;1.35;;;;251-300;6.33;;;;;;
2024;direito;Centro de Ensino Superior Sociesc de Jaraguá do Sul;SC;1001;Privada;;;801-900;10.55;;;1001+;1.05;;;701-800;3.56;;;;351-400;5.94;;;;;;
2024;direito;Faculdade Anhanguera Itabira;MG;1001;Privada;;;1001+;9.28;;;1001+;0.32;;;801-900;2.84;;;;301-350;6.12;;;;;;
2024;direito;Faculdades Integradas Rui Barbosa;SP;1001;Privada;;;801-900;10.43;;;1001+;1.46;;;1;8;;;;1001+;0.97;;;;;;
2024;direito;Faculdade Cerrado;DF;1001;Privada;;;1001+;5;;;801-900;3.19;;;;;;;;1001+;1.81;;;;;;
2024;direito;Faculdade Mário Quintana;RS;1001;Privada;;;1001+;6.89;;;1001+;1.95;;;901-1000;2.46;;;;901-1000;2.48;;;;;;
2024;direito;Faculdade Boas Novas de Ciências Teológicas, Sociais e Biotecnológicas;AM;1001;Privada;;;1001+;6.65;;;901-1000;2.51;;;1001+;0.03;;;;601-700;4.11;;;;;;
2024;direito;Faculdade Evangélica de Senador Canedo;GO;1001;Privada;;;1001+;6.6;;;701-800;3.78;;;1001+;1.87;;;;1001+;0.95;;;;;;
2024;direito;Faculdade Master do Pará;PA;1001;Privada;;;1001+;2.47;;;901-1000;2.47;;;;;;;;;;;;;;;
2024;direito;Faculdade Anhanguera de Goiânia;GO;1001;Privada;;;701-800;12.24;;;1001+;0.44;;;601-700;4.3;;;;88;7.5;;;;;;
2024;direito;Faculdade do Estado do Maranhão;MA;1001;Privada;;;1001+;5.76;;;901-1000;2.33;;;801-900;3.02;;;2.66;1001+;0.41;;;701;;;
2024;direito;Faculdade Luiz Eduardo Magalhães;BA;1001;Privada;;;1001+;5.76;;;901-1000;2.35;;;801-900;2.79;;;5.73;1001+;0.62;;;701;;;
2024;direito;Faculdade de Piracanjuba;GO;1001;Privada;;;601-700;12.74;;;801-900;3.22;;;1001+;2.14;;;;109;7.38;;;;;;
2024;direito;Faculdade Integrada Cete;PE;1001;Privada;;;1001+;7.09;;;801-900;2.89;;;801-900;2.85;;;;1001+;1.35;;;;;;
2024;direito;Conservatório Brasileiro de Música;RJ;1001;Privada;;;1001+;6.51;;;1001+;0.9;;;901-1000;2.25;;;;801-900;3.36;;;;;;
2024;direito;Faculdade Metropolitana de Coari;AM;1001;Privada;;;801-900;11.13;;;901-1000;2.51;;;1;8;;;;1001+;0.62;;;;;;
2024;direito;Faculdade do Vale do Rio Arinos;MT;1001;Privada;;;1001+;5.45;;;1001+;1.57;;;1001+;0.82;;;;801-900;3.06;;;;;;
2024;direito;Faculdade Centro Mato-grossense;MT;1001;Privada;;;1001+;2.34;;;1001+;1.57;;;1001+;0.45;;;;1001+;0.32;;;;;;
2024;direito;Faculdades Famep Unidade Teresina - PI;PI;1001;Privada;;;601-700;12.83;;;1001+;2.03;;;1;8;;;;901-1000;2.8;;;;;;
2024;direito;Faculdade Educacional Araucária;PR;1001;Privada;;;801-900;10.73;;;701-800;3.5;;;701-800;3.48;;;;701-800;3.75;;;;;;
2024;direito;Faculdade Reges de Realeza;PR;1001;Privada;;;1001+;8.87;;;1001+;1.84;;;901-1000;2.54;;;;601-700;4.49;;;;;;
2024;direito;Faculdade da Cidade de Maceió;AL;1001;Privada;;;1001+;4.52;;;601-700;4.43;;;;;;;2.98;1001+;0.09;;;701;;;
2024;direito;Faculdade Educaremt;MT;1001;Privada;;;1001+;2.02;;;1001+;1.57;;;1001+;0.09;;;;1001+;0.36;;;;;;
2024;direito;Faculdade Estácio do Pantanal;MT;1001;Privada;;;1001+;8.52;;;801-900;2.99;;;701-800;3.9;;;;1001+;1.63;;;;;;
2024;direito;Faculdade Pitágoras Unopar de Brumado;BA;1001;Privada;;;701-800;11.38;;;1001+;0.83;;;701-800;3.75;;;;201-250;6.8;;;;;;
2024;direito;Faculdade Pitágoras Unopar de Juazeiro do Norte;CE;1001;Privada;;;601-700;12.37;;;1001+;0.59;;;601-700;4.25;;;;83;7.53;;;;;;
2024;direito;Faculdade de Tecnologia e Negócios de Catalão;GO;1001;Privada;;;1001+;2.95;;;1001+;0.44;;;901-1000;2.18;;;;1001+;0.33;;;;;;
2024;direito;Centro Universitário Estácio Meta de Rio Branco Estácio;AC;1001;Privada;;;1001+;9.43;;;401-500;5.26;;;901-1000;2.52;;;;1001+;1.65;;;;;;
2024;direito;Faculdade Anhanguera de Marabá;PA;1001;Privada;;;701-800;11.73;;;901-1000;2.47;;;801-900;3.26;;;;301-350;6;;;;;;
2024;direito;Faculdade Unibras do Maranhão;MA;1001;Privada;;;1001+;3.35;;;901-1000;2.33;;;1001+;0.57;;;;1001+;0.45;;;;;;
2024;direito;Faculdade de Tecnologia Ftec de Porto Alegre;RS;1001;Privada;;;901-1000;10.24;;;1001+;1.95;;;501-600;4.51;;;;701-800;3.78;;;;;;
2024;direito;Faculdade Regional de Minas Gerais;MG;1001;Privada;;;1001+;5.05;;;1001+;0.32;;;801-900;3.14;;;;1001+;1.59;;;;;;
2024;direito;Faculdade Uninassau Cabo;PE;1001;Privada;;;1001+;9.27;;;801-900;2.89;;;801-900;2.81;;;;701-800;3.57;;;;;;
2024;direito;Faculdade Multivix Serra;ES;1001;Privada;;;1001+;6.67;;;1001+;2.12;;;901-1000;2.58;;;;1001+;1.97;;;;;;
2024;direito;Faculdade Unise;PR;1001;Privada;;;1001+;6.28;;;1001+;1.84;;;1001+;1.64;;;;901-1000;2.8;;;;;;
2024;direito;Faculdade Uninassau Olinda;PE;1001;Privada;;;1001+;8.03;;;801-900;2.89;;;1001+;1.8;;;;801-900;3.34;;;;;;
2024;direito;Faculdade de Ensino Regional Alternativa;AL;1001;Privada;;;801-900;10.46;;;1001+;0.94;;;1;8;;;;1001+;1.52;;;;;;
2024;direito;Faculdade Estácio de Ananindeua;PA;1001;Privada;;;801-900;11.26;;;901-1000;2.47;;;801-900;2.85;;;;351-400;5.94;;;;;;
2024;direito;Faculdade Presidente Antônio Carlos de Mariana;MG;1001;Privada;;;901-1000;9.77;;;154;7.13;;;1001+;0.38;;;;1001+;2.26;;;;;;
2024;direito;Faculdade Metropolitana de Rio do Sul;SC;1001;Privada;;;701-800;11.66;;;1001+;1.05;;;701-800;3.82;;;;201-250;6.79;;;;;;
2024;direito;Instituto Paraibano de Ensino Renovado;PB;1001;Privada;;;1001+;4.55;;;801-900;2.97;;;1001+;0.1;;;0.55;1001+;1.48;;;801;;;
2024;direito;Faculdade do Cariri Paraibano;PB;1001;Privada;;;601-700;12.37;;;801-900;2.97;;;1;8;;;;1001+;1.4;;;;;;
2024;direito;Faculdade de São Bernardo do Campo - FAPAN SP;SP;1001;Privada;;;1001+;8.57;;;801-900;3.3;;;1001+;1.11;;;1.79;601-700;4.16;;;701;;;
2024;direito;Faculdade Anhanguera de Jaú;SP;1001;Privada;;;601-700;12.3;;;1001+;1.46;;;701-800;3.37;;;;93;7.47;;;;;;
2024;direito;Faculdade de Martinópolis;SP;1001;Privada;;;901-1000;9.81;;;1001+;1.46;;;1;8;;;;1001+;0.35;;;;;;
2024;direito;Faculdade para o Desenvolvimento Sustentável da Amazônia;PA;1001;Privada;;;1001+;3.78;;;901-1000;2.47;;;1001+;0.62;;;;1001+;0.69;;;;;;
2024;direito;Faculdade de Educação Social da Bahia;BA;1001;Privada;;;1001+;4.14;;;1001+;0.83;;;901-1000;2.43;;;;1001+;0.88;;;;;;
2024;direito;Faculdade Alfaunipac de Capelinha;MG;1001;Privada;;;1001+;6.97;;;1001+;0.32;;;901-1000;2.18;;;;601-700;4.47;;;;;;
2024;direito;Faculdade Lusófona do Rio de Janeiro;RJ;1001;Privada;;;901-1000;9.76;;;1001+;1.59;;;601-700;4;;;2.29;601-700;4.17;;;701;;;
2024;direito;Faculdade Santo Antônio SP;SP;1001;Privada;;;1001+;8.39;;;1001+;1.46;;;901-1000;2.73;;;;601-700;4.2;;;;;;
2024;direito;Faculdade de Palmas;TO;1001;Privada;;;1001+;4.59;;;801-900;3.32;;;1001+;1.12;;;3.39;1001+;0.15;;;701;;;
2024;direito;Cesrei Faculdade;PB;1001;Privada;;;1001+;4.48;;;701-800;3.79;;;1001+;0.47;;;3.16;1001+;0.22;;;701;;;
2024;direito;Faculdade de Jussara;GO;1001;Privada;;;1001+;7.73;;;601-700;4.23;;;901-1000;2.36;;;4.4;1001+;1.14;;;701;;;
2024;direito;Faculdade Novo Horizonte de Ipojuca;PE;1001;Privada;;;801-900;11.03;;;801-900;2.89;;;1;8;;;;1001+;0.14;;;;;;
2024;direito;Faculdade dos Palmares;PE;1001;Privada;;;1001+;4.22;;;801-900;2.89;;;;;;;;1001+;1.33;;;;;;
2024;direito;Faculdade São Francisco do Ceará;CE;1001;Privada;;;1001+;3.23;;;1001+;0.59;;;1001+;0.71;;;;1001+;1.93;;;;;;
2024;direito;Faculdade Nove de Julho Mauá;SP;1001;Privada;;;1001+;3.64;;;1001+;1.46;;;1001+;0.12;;;;1001+;2.06;;;;;;
2024;direito;Instituto Brasileiro de Ensino, Desenvolvimento e Pesquisa de São Paulo;SP;1001;Privada;;;701-800;12.29;;;1001+;1.46;;;801-900;3.14;;;;55;7.69;;;;;;
2024;direito;Centro Universitário Unigran Capital;MS;1001;Privada;;;701-800;11.78;;;1001+;1.67;;;501-600;5.08;;;;501-600;5.03;;;;;;
2024;direito;Faculdade Pitágoras Unopar de Canindé;CE;1001;Privada;;;701-800;12.08;;;1001+;0.59;;;601-700;4.35;;;;151;7.14;;;;;;
2024;direito;Faculdade Raimundo Marinho de Penedo;AL;1001;Privada;;;1001+;1.96;;;1001+;1.64;;;1001+;0.3;;;;1001+;0.02;;;;;;
2024;direito;Real Faculdade de Brasília;DF;1001;Privada;;;1001+;5.76;;;351-400;5.73;;;;;;;;1001+;0.03;;;;;;
2024;direito;Faculdade Estácio de Pimenta Bueno;RO;1001;Privada;;;1001+;5.11;;;1001+;2.21;;;1001+;2.07;;;;1001+;0.83;;;;;;
2024;direito;Faculdade da Amazônia Legal;MT;1001;Privada;;;1001+;1.57;;;1001+;1.57;;;;;;;;;;;;;;;
2024;direito;Faculdade Alis de Itabirito;MG;1001;Privada;;;801-900;10.6;;;251-300;6.56;;;801-900;2.88;;;;1001+;1.16;;;;;;
2024;direito;Faculdade da Fundação Educacional Araçatuba;SP;1001;Privada;;;1001+;7.09;;;801-900;3.45;;;1001+;0.18;;;;701-800;3.46;;;;;;
2024;direito;Faculdade Pitágoras de Luis Eduardo Magalhães;BA;1001;Privada;;;801-900;10.73;;;1001+;0.83;;;701-800;3.62;;;;301-350;6.28;;;;;;
2024;direito;Faculdade Estácio do Rio Grande do Norte;RN;1001;Privada;;;801-900;10.72;;;801-900;3.42;;;1001+;1.88;;;;401-500;5.42;;;;;;
2024;direito;Faculdade de Nova Mutum;MT;1001;Privada;;;1001+;2.78;;;1001+;1.57;;;1001+;0.2;;;;1001+;1.01;;;;;;
2024;direito;Faculdade Anhanguera de Governador Valadares;MG;1001;Privada;;;801-900;11.24;;;1001+;0.32;;;501-600;4.77;;;;301-350;6.15;;;;;;
2024;direito;Faculdade Ages de Jacobina;BA;1001;Privada;;;601-700;12.36;;;1001+;0.83;;;501-600;4.84;;;;201-250;6.69;;;;;;
2024;direito;Faculdade de Ciências e Tecnologia Professor Dirson Maciel de Barros;PE;1001;Municipal;;;1001+;4.94;;;701-800;3.67;;;1001+;0.77;;;;1001+;0.5;;;;;;
2024;direito;Faculdade de Tecnologia do Vale do Ivaí;PR;1001;Privada;;;1001+;6.49;;;1001+;1.84;;;601-700;3.95;;;;1001+;0.7;;;;;;
2024;direito;Faculdade de Ciências Jurídicas Anhanguera de Arapiraca;AL;1001;Privada;;;801-900;11.24;;;1001+;0.94;;;701-800;3.43;;;;198;6.87;;;;;;
2024;direito;Faculdade Pitágoras de Eunápolis;BA;1001;Privada;;;801-900;10.84;;;1001+;0.83;;;801-900;3.09;;;;189;6.92;;;;;;
2024;direito;Faculdade Uninorte Tailândia;PA;1001;Privada;;;1001+;2.48;;;901-1000;2.47;;;;;;;;1001+;0.01;;;;;;
2024;direito;Faculdade Única de Contagem;MG;1001;Privada;;;1001+;6.39;;;1001+;0.32;;;501-600;4.89;;;;1001+;1.18;;;;;;
2024;direito;Faculdade Conceito Educacional;PE;1001;Privada;;;901-1000;9.73;;;801-900;2.89;;;351-400;5.83;;;;1001+;1.01;;;;;;
2024;direito;Instituto Superior de Educação Ibituruna;MG;1001;Privada;;;1001+;8.33;;;601-700;4.49;;;801-900;3.04;;;;1001+;0.8;;;;;;
2024;direito;Faculdade de Ciências Jurídicas de Itumbiara;GO;1001;Privada;;;701-800;11.81;;;1001+;0.44;;;601-700;4.28;;;;160;7.09;;;;;;
2024;direito;Faculdade São Francisco do Ceará;CE;1001;Privada;;;1001+;5.06;;;1001+;0.59;;;801-900;3.14;;;;1001+;1.33;;;;;;
2024;direito;Faculdade de Campina Grande;PB;1001;Privada;;;1001+;4.51;;;801-900;2.97;;;1001+;0.46;;;5.32;1001+;1.08;;;701;;;
2024;direito;Faculdade de Ciências e Saúde Edufor;MA;1001;Privada;;;601-700;12.31;;;901-1000;2.33;;;1;8;;;;1001+;1.98;;;;;;
2024;direito;Faculdade Anhanguera de Maceió;AL;1001;Privada;;;601-700;12.49;;;1001+;0.94;;;401-500;5.34;;;;301-350;6.21;;;;;;
2024;direito;Faculdade Paranaense-Rolândia;PR;1001;Privada;;;1001+;6.02;;;1001+;1.84;;;1001+;2.15;;;6.19;1001+;2.03;;;601;;;
2024;direito;Instituto de Ensino Superior Santo Antônio;SC;1001;Privada;;;1001+;4.1;;;1001+;1.05;;;1001+;0.61;;;;901-1000;2.44;;;;;;
2024;direito;Faculdade Unibras do Mato Grosso;MT;1001;Privada;;;1001+;6.53;;;601-700;4.58;;;1001+;1.84;;;;1001+;0.11;;;;;;
2024;direito;Faculdade Laboro;MA;1001;Privada;;;1001+;6.38;;;901-1000;2.33;;;1001+;0.51;;;;701-800;3.54;;;;;;
2024;direito;Faculdade Uninassau Vilhena;RO;1001;Privada;;;901-1000;9.48;;;401-500;5.61;;;901-1000;2.33;;;;1001+;1.54;;;;;;
2024;direito;Instituto Maranhense de Ensino e Cultura;MA;1001;Privada;;;1001+;7.76;;;901-1000;2.51;;;901-1000;2.31;;;2.38;801-900;2.94;;;701;;;
2024;direito;Faculdade Presidente Antônio Carlos de Ubá;MG;1001;Privada;;;901-1000;9.91;;;177;7;;;1001+;1.94;;;;1001+;0.97;;;;;;
2024;direito;Faculdade Vale do Pajeu;PE;1001;Privada;;;1001+;9.39;;;801-900;3.1;;;351-400;5.91;;;;1001+;0.38;;;;;;
2024;direito;Faculdade Alfredo Nasser de Pontalina;GO;1001;Privada;;;801-900;10.99;;;1001+;0.44;;;1;8;;;;901-1000;2.55;;;;;;
2024;direito;Centro Universitário Uniftec;RS;1001;Privada;;;1001+;7.87;;;1001+;1.95;;;1001+;1.38;;;;601-700;4.54;;;;;;
2024;direito;Faculdade Arquidiocesana de Pirapora;MG;1001;Privada;;;1001+;1.28;;;1001+;0.32;;;1001+;0.25;;;;1001+;0.71;;;;;;
2024;direito;Faculdade Uninassau Garanhuns;PE;1001;Privada;;;801-900;11.32;;;801-900;2.89;;;801-900;3.32;;;;501-600;5.11;;;;;;
2024;direito;Escola Superior de Educação;MG;1001;Privada;;;1001+;4.14;;;1001+;0.32;;;;;;;;701-800;3.82;;;;;;
2024;direito;Faculdade Supremo Redentor;MA;1001;Privada;;;701-800;11.48;;;901-1000;2.33;;;1;8;;;;1001+;1.15;;;;;;
2024;direito;Faculdade Anhanguera de Feira de Santana;BA;1001;Privada;;;601-700;12.75;;;1001+;0.83;;;501-600;5.07;;;;201-250;6.85;;;;;;
2025;direito;Universidade de São Paulo;SP;1;Estadual;1;15;2;48.74;;;26;7.86;;;1;8;;;;6;7.97;1;20;;1;201-250;4.91
2025;direito;Universidade Federal do Paraná;PR;2;Federal;8;14.7;1;49.31;;;20;7.89;;;1;8;;;;10;7.95;3;19.47;;2;1;6
2025;direito;Universidade Federal de Minas Gerais;MG;3;Federal;5;14.83;3;47.9;;;6;7.97;;;1;8;;;;8;7.96;2;19.73;;3;301-350;4.24
2025;direito;Escola de Direito de São Paulo;SP;4;Privada;8;14.7;4;47.51;;;17;7.91;;;1;8;;;;8;7.96;3;19.47;;1;351-400;4.17
2025;direito;Universidade Federal do Rio de Janeiro;RJ;5;Federal;8;14.7;5;47.19;;;40;7.78;;;1;8;;;;101;7.44;3;19.47;;4;251-300;4.5
2025;direito;Universidade de Brasília;DF;6;Federal;21;14.13;6;47.09;;;4;7.98;;;1;8;;;;20;7.89;3;19.47;;5;401-500;3.75
2025;direito;Universidade Federal de Santa Catarina;SC;7;Federal;21;14.13;7;46.57;;;15;7.92;;;1;8;;;;35;7.81;9;17.87;;6;199;4.97
2025;direito;Universidade Federal do Rio Grande do Sul;RS;8;Federal;8;14.7;8;45.57;;;22;7.88;;;1;8;;;;20;7.89;9;17.87;;7;351-400;3.93
2025;direito;Universidade Federal de Pernambuco;PE;9;Federal;8;14.7;10;44.32;;;13;7.93;;;1;8;;;;54;7.7;16;16;;8;251-300;4.69
2025;direito;Universidade do Estado do Rio de Janeiro;RJ;10;Estadual;8;14.7;9;44.63;;;72;7.6;;;401-500;5.69;;;;33;7.82;3;19.47;;9;351-400;4.05
2025;direito;Universidade Federal do Ceará;CE;11;Federal;21;14.13;11;44.13;;;24;7.87;;;1;8;;;;40;7.78;16;16;;10;251-300;4.48
2025;direito;Pontifícia Universidade Católica de São Paulo;SP;12;Privada;2;14.96;12;43.93;;;76;7.58;;;501-600;4.74;;;;51;7.72;3;19.47;;2;301-350;4.42
2025;direito;Universidade Federal Fluminense;RJ;13;Federal;21;14.13;14;43.65;;;44;7.76;;;1;8;;;;58;7.68;9;17.87;;11;701-800;2.34
2025;direito;Escola de Direito do Rio de Janeiro;RJ;14;Privada;48;12.96;17;43.19;;;2;7.99;;;1;8;;;;6;7.97;9;17.87;;3;801-900;1.36
2025;direito;Universidade Federal da Paraíba;PB;15;Federal;21;14.13;19;42.48;;;67;7.63;;;1;8;;;;134;7.25;25;13.6;;12;1;6
2025;direito;Universidade Estadual Paulista Júlio de Mesquita Filho;SP;16;Estadual;48;12.96;13;43.71;;;26;7.86;;;1;8;;;;11;7.94;16;16;;13;401-500;3.91
2025;direito;Universidade Federal do Espírito Santo;ES;17;Federal;21;14.13;26;41.09;;;35;7.81;;;1;8;;;;56;7.69;25;13.6;;14;351-400;3.99
2025;direito;Universidade Estadual de Maringá;PR;17;Estadual;48;12.96;18;42.63;;;29;7.84;;;1;8;;;;145;7.19;25;13.6;;14;1;6
2025;direito;Universidade Federal de Uberlândia;MG;19;Federal;21;14.13;22;41.41;;;56;7.69;;;1;8;;;;79;7.56;25;13.6;;16;251-300;4.56
2025;direito;Universidade Federal de Goiás;GO;20;Federal;8;14.7;27;41.01;;;49;7.73;;;1;8;;;;60;7.67;25;13.6;;17;351-400;4.01
2025;direito;Universidade Presbiteriana Mackenzie;SP;21;Privada;2;14.96;23;41.37;;;201-250;6.69;;;601-700;4.35;;;;61;7.66;9;17.87;;4;201-250;4.8
2025;direito;Universidade Federal de Santa Maria;RS;22;Federal;48;12.96;28;40.91;;;4;7.98;;;1;8;;;;90;7.5;25;13.6;;18;401-500;3.83
2025;direito;Universidade Federal do Pará;PA;23;Federal;21;14.13;20;41.63;;;28;7.85;;;1;8;;;;81;7.55;25;13.6;;19;251-300;4.63
2025;direito;Universidade Federal da Bahia;BA;24;Federal;8;14.7;36;39.64;;;47;7.74;;;1;8;;;;131;7.27;25;13.6;;20;501-600;3.03
2025;direito;Universidade Federal de Viçosa;MG;25;Federal;48;12.96;33;40.02;;;1;8;;;1;8;;;;93;7.48;25;13.6;;21;501-600;2.94
2025;direito;Universidade de Pernambuco;PE;26;Estadual;48;12.96;37;39.46;;;33;7.82;;;1;8;;;;106;7.41;25;13.6;;22;601-700;2.63
2025;direito;Universidade Estadual de Londrina;PR;27;Estadual;48;12.96;31;40.63;;;124;7.31;;;1;8;;;;201-250;6.87;25;13.6;;23;201-250;4.85
2025;direito;Universidade Federal do Maranhão;MA;28;Federal;48;12.96;29;40.71;;;63;7.65;;;1;8;;;;201-250;6.75;25;13.6;;24;201-250;4.71
2025;direito;Faculdade de Direito de Vitória;ES;29;Privada;48;12.96;34;39.9;;;37;7.8;;;1;8;;;;106;7.41;25;13.6;;5;501-600;3.09
2025;direito;Universidade do Vale do Rio dos Sinos;RS;30;Privada;21;14.13;32;40.24;;;191;6.94;;;401-500;5.67;;;;36;7.8;16;16;;6;401-500;3.83
2025;direito;Universidade Federal de Juiz de Fora;MG;31;Federal;181;7.2;15;43.49;;;10;7.95;;;1;8;;;;86;7.52;16;16;;25;351-400;4.02
2025;direito;Universidade Federal de Lavras;MG;32;Federal;181;7.2;16;43.21;;;19;7.9;;;1;8;;;;15;7.92;16;16;;26;501-600;3.39
2025;direito;Pontifícia Universidade Católica do Rio de Janeiro;RJ;33;Privada;21;14.13;45;36.37;;;97;7.46;;;1001+;0.65;;;;401-500;5.65;9;17.87;;7;201-250;4.74
2025;direito;Pontifícia Universidade Católica do Paraná;PR;34;Privada;5;14.83;41;38.07;;;171;7.05;;;501-600;4.87;;;;201-250;6.66;16;16;;8;401-500;3.49
2025;direito;Pontifícia Universidade Católica do Rio Grande do Sul;RS;35;Privada;8;14.7;35;39.89;;;251-300;6.51;;;701-800;3.49;;;;68;7.62;9;17.87;;9;301-350;4.4
2025;direito;Universidade Estadual do Norte do Paraná;PR;36;Estadual;181;7.2;25;41.26;;;20;7.89;;;1;8;;;;133;7.26;25;13.6;;27;251-300;4.51
2025;direito;Universidade Federal de Ouro Preto;MG;37;Federal;181;7.2;21;41.5;;;15;7.92;;;1;8;;;;33;7.82;25;13.6;;28;351-400;4.16
2025;direito;Pontifícia Universidade Católica de Campinas;SP;38;Privada;21;14.13;47;35.3;;;169;7.06;;;1001+;0.98;;;;193;6.92;16;16;;10;301-350;4.34
2025;direito;Pontifícia Universidade Católica de Minas Gerais;MG;39;Privada;2;14.96;44;36.69;;;201-250;6.64;;;701-800;3.68;;;;197;6.9;16;16;;11;401-500;3.47
2025;direito;Centro Universitário Christus;CE;40;Privada;181;7.2;24;41.3;;;8;7.96;;;1;8;;;;140;7.22;25;13.6;;12;251-300;4.52
2025;direito;Universidade Federal do Estado do Rio de Janeiro;RJ;41;Federal;181;7.2;40;38.3;;;49;7.73;;;1;8;;;;54;7.7;25;13.6;;29;901-1000;1.27
2025;direito;Universidade Cesumar;PR;42;Privada;21;14.13;39;38.57;;;201-250;6.68;;;401-500;5.65;;;;88;7.51;25;13.6;;13;168;5.13
2025;direito;Universidade Federal do Rio Grande do Norte;RN;43;Federal;21;14.13;75;27.54;;;13;7.93;;;1;8;;;;117;7.35;;;;30;301-350;4.26
2025;direito;Universidade Estadual do Oeste do Paraná;PR;44;Estadual;48;12.96;66;28.93;;;24;7.87;;;1;8;;;;168;7.06;;;;31;1;6
2025;direito;FAE Centro Universitário;PR;45;Privada;48;12.96;56;31.23;;;142;7.21;;;901-1000;2.41;;;;501-600;5.06;25;13.6;;14;501-600;2.95
2025;direito;Universidade Católica de Santos;SP;46;Privada;181;7.2;42;37.25;;;301-350;6.32;;;1;8;;;;63;7.65;25;13.6;;15;801-900;1.68
2025;direito;Centro Universitário Unidade de Ensino Superior Dom Bosco;MA;47;Privada;181;7.2;48;35.02;;;47;7.74;;;401-500;5.3;;;;301-350;6.25;25;13.6;;16;701-800;2.13
2025;direito;Universidade Federal de Alagoas;AL;48;Federal;48;12.96;82;26.92;;;42;7.77;;;1;8;;;;195;6.91;;;;32;301-350;4.24
2025;direito;Universidade Estadual de Ponta Grossa;PR;49;Estadual;;;30;40.64;;;82;7.55;;;1;8;;;;201-250;6.77;25;13.6;;33;201-250;4.72
2025;direito;Universidade de Fortaleza;CE;50;Privada;8;14.7;58;30.73;;;251-300;6.47;;;1001+;1.86;;;;301-350;6.04;25;13.6;;17;601-700;2.76
2025;direito;Centro Universitário Autônomo do Brasil;PR;51;Privada;48;12.96;53;32.44;;;198;6.9;;;801-900;3.09;;;;251-300;6.5;25;13.6;;18;701-800;2.35
2025;direito;Fundação Universidade Federal de Rondônia;RO;52;Federal;21;14.13;93;25.77;;;146;7.19;;;1;8;;;;351-400;5.9;;;;34;251-300;4.68
2025;direito;Universidade Federal do Amazonas;AM;53;Federal;21;14.13;104;25.05;;;42;7.77;;;1;8;;;;501-600;5.16;;;;35;351-400;4.12
2025;direito;Fundação Universidade Federal do Tocantins;TO;54;Federal;48;12.96;89;26.45;;;69;7.62;;;1;8;;;;129;7.28;;;;36;401-500;3.55
2025;direito;Universidade da Região de Joinville;SC;55;Privada;48;12.96;62;30.17;;;201-250;6.76;;;601-700;4.18;;;;701-800;4.05;25;13.6;;19;801-900;1.58
2025;direito;Universidade do Vale do Itajaí;SC;56;Privada;48;12.96;60;30.63;;;301-350;6.24;;;601-700;4.04;;;;501-600;4.83;25;13.6;;20;701-800;1.92
2025;direito;Centro Universitário do Rio Grande do Norte;RN;57;Privada;48;12.96;80;27.22;;;119;7.34;;;1;8;;;;92;7.49;;;;21;301-350;4.39
2025;direito;Faculdade Ibmec;MG;58;Privada;48;12.96;115;24.36;;;87;7.52;;;801-900;2.91;;;;13;7.93;;;;22;1;6
2025;direito;Fundação Universidade Federal do Pampa;RS;59;Federal;;;38;39.14;;;130;7.28;;;1;8;;;;45;7.75;25;13.6;;37;601-700;2.51
2025;direito;Universidade do Estado da Bahia;BA;60;Estadual;48;12.96;107;24.92;;;85;7.53;;;1;8;;;;351-400;5.94;;;;38;401-500;3.45
2025;direito;Faculdade de Direito da Fundação Escola Superior do Ministério Público;RS;61;Privada;48;12.96;108;24.89;;;51;7.72;;;1;8;;;;138;7.23;;;;23;701-800;1.94
2025;direito;Universidade Federal de Mato Grosso do Sul;MS;62;Federal;48;12.96;111;24.78;;;167;7.07;;;301-350;6.09;;;;29;7.84;;;;39;401-500;3.78
2025;direito;Faculdade de Direito de Franca;SP;63;Municipal;48;12.96;129;23.66;;;169;7.06;;;601-700;4.22;;;;251-300;6.38;;;;40;1;6
2025;direito;Universidade Federal de Mato Grosso;MT;64;Federal;181;7.2;70;27.95;;;40;7.78;;;1;8;;;;81;7.55;;;;41;251-300;4.62
2025;direito;Faculdade de Ensino Superior de Linhares;ES;65;Municipal;48;12.96;132;23.48;;;201-250;6.81;;;1;8;;;;601-700;4.22;;;;42;251-300;4.45
2025;direito;Universidade Federal do Piauí;PI;66;Federal;181;7.2;83;26.9;;;6;7.97;;;1;8;;;;201-250;6.78;;;;43;351-400;4.15
2025;direito;Escola Superior Dom Helder Câmara;MG;67;Privada;21;14.13;178;22.13;;;78;7.57;;;401-500;5.49;;;;351-400;6;;;;24;501-600;3.07
2025;direito;Universidade do Estado do Amazonas;AM;68;Estadual;48;12.96;193;21.85;;;83;7.54;;;1;8;;;;401-500;5.57;;;;44;1001+;0.74
2025;direito;Universidade Estadual do Maranhão;MA;68;Estadual;48;12.96;201-250;21.44;;;108;7.4;;;301-350;6.19;;;;1001+;1.85;;;;44;1;6
2025;direito;Universidade Positivo;PR;70;Privada;48;12.96;125;23.77;;;201-250;6.72;;;401-500;5.22;;;;77;7.57;;;;25;301-350;4.26
2025;direito;Faculdade Milton Campos;MG;71;Privada;21;14.13;251-300;20.17;;;201-250;6.62;;;801-900;3.4;;;;179;7;;;;26;501-600;3.15
2025;direito;Universidade do Estado de Minas Gerais;MG;72;Estadual;48;12.96;164;22.42;;;192;6.93;;;1;8;;;;701-800;3.76;;;;46;401-500;3.73
2025;direito;Faculdade de Direito de São Bernardo do Campo;SP;73;Municipal;48;12.96;201-250;20.39;;;149;7.17;;;1001+;0.8;;;;61;7.66;;;;47;201-250;4.76
2025;direito;Centro Universitário do Estado do Pará;PA;74;Privada;48;12.96;161;22.52;;;173;7.04;;;351-400;5.82;;;;201-250;6.82;;;;27;601-700;2.84
2025;direito;Faculdade Ibmec São Paulo;SP;75;Privada;48;12.96;194;21.84;;;173;7.04;;;1001+;1.83;;;;19;7.9;;;;28;180;5.07
2025;direito;Centro Universitário Sete de Setembro;CE;76;Privada;48;12.96;251-300;19.92;;;78;7.57;;;801-900;3.01;;;;251-300;6.35;;;;29;501-600;2.99
2025;direito;Universidade Fumec;MG;77;Privada;181;7.2;59;30.65;;;301-350;6.09;;;901-1000;2.69;;;;301-350;6.27;25;13.6;;30;701-800;2
2025;direito;Universidade Católica de Pernambuco;PE;78;Privada;8;14.7;351-400;18.04;;;401-500;5.34;;;801-900;3.03;;;;195;6.91;;;;31;601-700;2.76
2025;direito;Centro Universitário Curitiba;PR;79;Privada;48;12.96;251-300;19.76;;;139;7.23;;;901-1000;2.53;;;;167;7.07;;;;32;501-600;2.93
2025;direito;Centro Universitário Central Paulista;SP;80;Privada;48;12.96;179;22.11;;;153;7.15;;;801-900;3.32;;;;137;7.24;;;;33;301-350;4.4
2025;direito;Centro Universitário das Faculdades Metropolitanas Unidas;SP;81;Privada;8;14.7;73;27.67;;;701-800;4.06;;;701-800;3.43;;;;351-400;5.8;25;13.6;;34;1001+;0.78
2025;direito;Universidade de Ribeirão Preto;SP;82;Privada;21;14.13;251-300;20.28;;;164;7.09;;;601-700;4.44;;;;301-350;6.2;;;;35;601-700;2.55
2025;direito;Centro Universitário de Brasília;DF;83;Privada;21;14.13;351-400;18;;;106;7.41;;;1001+;1.19;;;;601-700;4.61;;;;36;201-250;4.79
2025;direito;Universidade Católica de Brasília;DF;84;Privada;48;12.96;61;30.41;;;701-800;3.76;;;701-800;3.89;;;;301-350;6.09;25;13.6;;37;501-600;3.07
2025;direito;Universidade do Estado do Rio Grande do Norte;RN;85;Estadual;181;7.2;159;22.55;;;54;7.7;;;1;8;;;;501-600;4.75;;;;48;701-800;2.1
2025;direito;Universidade Federal de Sergipe;SE;86;Federal;;;72;27.74;;;31;7.83;;;1;8;;;;70;7.61;;;;49;301-350;4.3
2025;direito;Faculdade Católica de Rondônia;RO;87;Privada;48;12.96;201-250;20.55;;;301-350;6.08;;;401-500;5.15;;;;601-700;4.34;;;;38;197;4.98
2025;direito;Universidade Franciscana;RS;88;Privada;48;12.96;301-350;19.17;;;110;7.39;;;401-500;5.52;;;;401-500;5.41;;;;39;901-1000;0.85
2025;direito;Universidade Estadual do Tocantins;TO;89;Estadual;48;12.96;251-300;19.55;;;137;7.24;;;1;8;;;;901-1000;2.59;;;;50;801-900;1.72
2025;direito;Universidade Salvador;BA;90;Privada;48;12.96;351-400;18.11;;;201-250;6.83;;;801-900;3.21;;;;201-250;6.87;;;;40;901-1000;1.2
2025;direito;Universidade do Oeste de Santa Catarina;SC;91;Privada;48;12.96;201-250;20.55;;;251-300;6.49;;;301-350;6.06;;;;351-400;5.9;;;;41;701-800;2.1
2025;direito;Universidade Católica de Petrópolis;RJ;92;Privada;48;12.96;351-400;18.42;;;251-300;6.42;;;801-900;2.89;;;;401-500;5.23;;;;42;401-500;3.88
2025;direito;Centro Universitário Tabosa de Almeida;PE;93;Privada;181;7.2;79;27.34;;;201-250;6.67;;;1001+;2.09;;;;701-800;3.87;25;13.6;;43;901-1000;1.11
2025;direito;Universidade Estadual da Paraíba;PB;94;Estadual;181;7.2;156;22.66;;;110;7.39;;;1;8;;;;801-900;3.34;;;;51;351-400;3.93
2025;direito;Universidade Federal de Campina Grande;PB;95;Federal;181;7.2;172;22.23;;;251-300;6.53;;;1;8;;;;401-500;5.33;;;;52;601-700;2.37
2025;direito;Universidade Federal Rural do Semi-árido;RN;96;Federal;;;77;27.48;;;22;7.88;;;1;8;;;;45;7.75;;;;53;401-500;3.85
2025;direito;Instituto Brasileiro de Ensino, Desenvolvimento e Pesquisa de Brasília;DF;97;Privada;48;12.96;501-600;15.74;;;801-900;3.34;;;1001+;1.69;;;;186;6.96;;;;44;401-500;3.75
2025;direito;Universidade Vila Velha;ES;98;Privada;48;12.96;301-350;18.79;;;46;7.75;;;601-700;4.03;;;;601-700;4.36;;;;45;601-700;2.65
2025;direito;Universidade do Oeste Paulista;SP;99;Privada;48;12.96;128;23.67;;;196;6.91;;;501-600;5.1;;;;201-250;6.84;;;;46;201-250;4.82
2025;direito;Universidade do Estado de Mato Grosso Carlos Alberto Reyes Maldonado;MT;100;Estadual;48;12.96;201-250;20.35;;;301-350;6.11;;;1;8;;;;1001+;2.06;;;;54;351-400;4.18
2025;direito;Faculdade Damas da Instrução Cristã;PE;101;Privada;48;12.96;351-400;17.99;;;201-250;6.72;;;1001+;1.8;;;;102;7.43;;;;47;701-800;2.04
2025;direito;Centro Universitário Integrado de Campo Mourão;PR;102;Privada;;;46;35.53;;;149;7.17;;;351-400;5.74;;;;251-300;6.49;25;13.6;;48;601-700;2.53
2025;direito;Centro Universitário Antônio Eufrásio de Toledo de Presidente Prudente;SP;102;Privada;181;7.2;142;23.08;;;103;7.43;;;1;8;;;;301-350;6.05;;;;48;801-900;1.6
2025;direito;Centro Universitário Metropolitano da Amazônia;PA;104;Privada;48;12.96;251-300;19.97;;;201-250;6.77;;;351-400;5.77;;;;401-500;5.63;;;;50;801-900;1.8
2025;direito;Faculdade Antônio Meneghetti;RS;105;Privada;;;49;34.95;;;94;7.48;;;701-800;3.54;;;;401-500;5.28;25;13.6;;51;184;5.05
2025;direito;Universidade Regional do Cariri;CE;106;Estadual;181;7.2;201-250;21.56;;;148;7.18;;;1;8;;;;1001+;1.23;;;;55;164;5.15
2025;direito;Universidade Feevale;RS;107;Privada;48;12.96;196;21.78;;;201-250;6.62;;;601-700;4.26;;;;108;7.4;;;;52;401-500;3.5
2025;direito;Centro Universitário Ibmec;RJ;108;Privada;181;7.2;201-250;21.22;;;301-350;6.31;;;1001+;0.97;;;;11;7.94;;;;53;1;6
2025;direito;Faculdade Baiana de Direito e Gestão;BA;108;Privada;48;12.96;601-700;14.59;;;251-300;6.53;;;1001+;2.04;;;;401-500;5.48;;;;53;1001+;0.54
2025;direito;Universidade Federal do Rio Grande;RS;110;Federal;;;76;27.52;;;155;7.14;;;1;8;;;;31;7.83;;;;56;251-300;4.55
2025;direito;Centro Universitário de Bauru;SP;111;Privada;48;12.96;351-400;18.29;;;301-350;6.19;;;1001+;0.94;;;;501-600;5.16;;;;55;1;6
2025;direito;Centro Universitário Dinâmica das Cataratas;PR;112;Privada;48;12.96;251-300;19.49;;;201-250;6.7;;;501-600;5.09;;;;701-800;3.83;;;;56;401-500;3.87
2025;direito;Universidade La Salle;RS;113;Privada;;;43;36.97;;;401-500;5.58;;;1;8;;;;13;7.93;25;13.6;;57;701-800;1.86
2025;direito;Centro Universitário de Volta Redonda;RJ;114;Privada;181;7.2;192;21.9;;;251-300;6.39;;;301-350;6.18;;;;251-300;6.44;;;;58;501-600;2.89
2025;direito;Universidade do Vale do Taquari;RS;115;Privada;181;7.2;201-250;21.28;;;301-350;6.19;;;401-500;5.57;;;;201-250;6.72;;;;59;601-700;2.8
2025;direito;Universidade de Passo Fundo;RS;116;Privada;48;12.96;301-350;18.57;;;401-500;5.39;;;601-700;4.45;;;;301-350;6.09;;;;60;601-700;2.64
2025;direito;Centro Universitário Serra dos Órgãos;RJ;117;Privada;181;7.2;154;22.73;;;201-250;6.87;;;351-400;5.77;;;;70;7.61;;;;61;601-700;2.48
2025;direito;Universidade Federal de Pelotas;RS;118;Federal;;;96;25.39;;;103;7.43;;;1;8;;;;351-400;5.82;;;;57;351-400;4.14
2025;direito;Universidade Regional de Blumenau;SC;119;Municipal;48;12.96;501-600;15.8;;;251-300;6.51;;;1001+;1.71;;;;401-500;5.25;;;;58;701-800;2.33
2025;direito;Universidade Estadual do Sudoeste da Bahia;BA;120;Estadual;;;110;24.8;;;39;7.79;;;1;8;;;;401-500;5.49;;;;59;401-500;3.52
2025;direito;Centro Universitário Cesuca;RS;121;Privada;48;12.96;187;21.99;;;200;6.89;;;701-800;3.99;;;;17;7.91;;;;62;501-600;3.2
2025;direito;Fundação Universidade Federal da Grande Dourados;MS;121;Federal;;;92;26.02;;;115;7.36;;;1;8;;;;190;6.94;;;;60;401-500;3.72
2025;direito;Centro Universitário - Católica de Santa Catarina em Joinville;SC;123;Privada;48;12.96;601-700;15.2;;;167;7.07;;;1001+;1.52;;;;601-700;4.6;;;;63;701-800;2.01
2025;direito;Universidade Estadual de Feira de Santana;BA;124;Estadual;;;105;24.95;;;11;7.94;;;1;8;;;;401-500;5.72;;;;61;501-600;3.29
2025;direito;Faculdades de Campinas;SP;125;Privada;181;7.2;251-300;19.63;;;351-400;5.94;;;1001+;1.21;;;;251-300;6.48;;;;64;1;6
2025;direito;Faculdade Esamc Uberlândia;MG;126;Privada;48;12.96;501-600;16.59;;;401-500;5.76;;;1;8;;;;1001+;0.92;;;;65;701-800;1.91
2025;direito;Universidade de Santa Cruz do Sul;RS;127;Privada;48;12.96;401-500;17.52;;;251-300;6.4;;;901-1000;2.43;;;;165;7.08;;;;66;801-900;1.61
2025;direito;Faculdade de Direito de Sorocaba;SP;128;Privada;48;12.96;601-700;14.7;;;501-600;5.08;;;1001+;0.67;;;;501-600;4.73;;;;67;301-350;4.22
2025;direito;Universidade Federal de Roraima;RR;129;Federal;;;102;25.16;;;44;7.76;;;1;8;;;;501-600;5.18;;;;62;301-350;4.22
2025;direito;Universidade Federal Rural do Rio de Janeiro;RJ;130;Federal;;;116;24.3;;;65;7.64;;;1;8;;;;72;7.6;;;;63;901-1000;1.06
2025;direito;UGV Centro Universitário;PR;131;Privada;181;7.2;251-300;19.84;;;117;7.35;;;701-800;3.85;;;;901-1000;2.64;;;;68;1;6
2025;direito;Centro Universitário Faesa;ES;132;Privada;181;7.2;351-400;18.23;;;2;7.99;;;401-500;5.6;;;;701-800;3.84;;;;69;1001+;0.8
2025;direito;Universidade do Sul de Santa Catarina;SC;133;Privada;48;12.96;501-600;16.7;;;501-600;4.97;;;701-800;3.8;;;;301-350;6.08;;;;70;701-800;1.85
2025;direito;Centro Universitário Jorge Amado;BA;134;Privada;48;12.96;401-500;17.32;;;301-350;6.2;;;901-1000;2.54;;;;201-250;6.62;;;;71;701-800;1.96
2025;direito;Universidade Veiga de Almeida;RJ;135;Privada;181;7.2;201-250;21.1;;;251-300;6.47;;;701-800;3.6;;;;183;6.98;;;;72;351-400;4.05
2025;direito;Centro Universitário Nobre de Feira de Santana;BA;135;Privada;;;81;27.14;;;194;6.92;;;1;8;;;;301-350;6.22;;;;72;1;6
2025;direito;Universidade Federal do Oeste do Pará;PA;137;Federal;;;112;24.64;;;92;7.49;;;1;8;;;;301-350;6.17;;;;64;501-600;2.98
2025;direito;Universidade Tiradentes;SE;138;Privada;48;12.96;401-500;17.15;;;601-700;4.44;;;701-800;3.47;;;;351-400;5.93;;;;74;501-600;3.31
2025;direito;Centro Universitário Católica do Leste de Minas Gerais;MG;139;Privada;181;7.2;251-300;20.09;;;251-300;6.52;;;501-600;4.58;;;;184;6.97;;;;75;701-800;2.02
2025;direito;Centro Universitário Governador Ozanam Coelho;MG;140;Privada;181;7.2;301-350;19.32;;;159;7.12;;;401-500;5.25;;;;401-500;5.42;;;;76;801-900;1.53
2025;direito;Faculdade Escola Paulista de Direito;SP;141;Privada;181;7.2;201-250;20.98;;;135;7.25;;;801-900;3.33;;;;251-300;6.48;;;;77;401-500;3.92
2025;direito;Universidade São Judas Tadeu;SP;142;Privada;21;14.13;501-600;16.05;;;701-800;4.04;;;801-900;2.97;;;;110;7.39;;;;78;801-900;1.65
2025;direito;Centro Universitário de Maceió;AL;143;Privada;181;7.2;251-300;20.3;;;157;7.13;;;701-800;3.55;;;;201-250;6.66;;;;79;501-600;2.96
2025;direito;Pontifícia Universidade Católica de Goiás;GO;144;Privada;8;14.7;801-900;12.94;;;701-800;3.74;;;1001+;1.71;;;;701-800;3.99;;;;80;401-500;3.5
2025;direito;Universidade Católica do Salvador;BA;145;Privada;48;12.96;401-500;17.03;;;351-400;6.03;;;801-900;2.86;;;;401-500;5.45;;;;81;601-700;2.69
2025;direito;Faculdade Dom Alberto;RS;146;Privada;181;7.2;401-500;16.95;;;101;7.44;;;401-500;5.23;;;;1001+;2.11;;;;82;701-800;2.17
2025;direito;Centro Universitário da Grande Dourados;MS;147;Privada;181;7.2;51;33.35;;;201-250;6.78;;;401-500;5.38;;;;401-500;5.53;25;13.6;;83;701-800;2.06
2025;direito;Centro Universitário Maurício de Nassau de Fortaleza;CE;148;Privada;48;12.96;351-400;18.24;;;351-400;5.89;;;601-700;4.24;;;;501-600;5.01;;;;84;501-600;3.1
2025;direito;Universidade Estadual de Santa Cruz;BA;149;Estadual;;;147;22.88;;;72;7.6;;;1;8;;;;501-600;5.14;;;;65;701-800;2.14
2025;direito;Faculdade Esamc Santos;SP;150;Privada;48;12.96;701-800;13.74;;;401-500;5.41;;;601-700;4.33;;;;1001+;1.44;;;;85;601-700;2.56
2025;direito;Universidade de Franca;SP;151;Privada;48;12.96;301-350;18.76;;;251-300;6.46;;;401-500;5.56;;;;301-350;6.29;;;;86;1001+;0.45
2025;direito;Centro Universitário Assis Gurgacz;PR;152;Privada;48;12.96;701-800;14.43;;;121;7.33;;;401-500;5.45;;;;1001+;0.66;;;;87;901-1000;0.99
2025;direito;Universidade Estadual de Montes Claros;MG;153;Estadual;;;186;22;;;184;6.98;;;1;8;;;;901-1000;2.42;;;;66;251-300;4.6
2025;direito;Centro de Ensino Superior Cesul;PR;154;Privada;181;7.2;251-300;19.78;;;62;7.66;;;301-350;6.16;;;;801-900;3.43;;;;88;601-700;2.53
2025;direito;Faculdade Cesusc;SC;155;Privada;;;69;28.03;;;139;7.23;;;901-1000;2.62;;;;801-900;3.44;25;13.6;;89;901-1000;1.14
2025;direito;Universidade Federal do Acre;AC;156;Federal;;;201-250;21.32;;;59;7.68;;;1;8;;;;1001+;2.2;;;;67;401-500;3.44
2025;direito;Faculdade Esamc Campinas;SP;156;Privada;48;12.96;901-1000;12.12;;;401-500;5.58;;;1001+;2.02;;;;1001+;1.1;;;;90;401-500;3.42
2025;direito;Centro Universitário Unicarioca;RJ;158;Privada;;;97;25.34;;;301-350;6.11;;;1;8;;;;65;7.64;;;;91;401-500;3.59
2025;direito;Centro Universitário para o Desenvolvimento do Alto Vale do Itajaí;SC;159;Privada;48;12.96;801-900;13.14;;;301-350;6.15;;;801-900;3.05;;;;1001+;2.1;;;;92;801-900;1.84
2025;direito;Universidade Estadual do Piauí;PI;160;Estadual;;;146;22.9;;;60;7.67;;;1;8;;;;801-900;3.03;;;;68;301-350;4.2
2025;direito;Universidade Federal do Amapá;AP;161;Federal;;;179;22.11;;;201-250;6.8;;;1;8;;;;701-800;3.75;;;;69;401-500;3.56
2025;direito;Centro Universitário Newton Paiva;MG;162;Privada;48;12.96;601-700;14.91;;;401-500;5.73;;;1001+;2.23;;;;501-600;5.17;;;;93;801-900;1.78
2025;direito;Universidade do Extremo Sul Catarinense;SC;163;Privada;48;12.96;701-800;13.98;;;501-600;5.02;;;901-1000;2.35;;;;901-1000;2.84;;;;94;401-500;3.77
2025;direito;Instituto Federal de Educação, Ciência e Tecnologia do Paraná;PR;164;Federal;;;126;23.76;;;180;7;;;1;8;;;;401-500;5.46;;;;70;501-600;3.3
2025;direito;Universidade de Caxias do Sul;RS;165;Privada;48;12.96;351-400;18.04;;;501-600;4.93;;;801-900;3.11;;;;301-350;6.04;;;;95;351-400;3.96
2025;direito;Universidade de Uberaba;MG;166;Privada;48;12.96;401-500;17.91;;;151;7.16;;;801-900;2.86;;;;701-800;3.92;;;;96;351-400;3.97
2025;direito;Universidade Católica Dom Bosco;MS;167;Privada;181;7.2;251-300;19.97;;;251-300;6.35;;;401-500;5.3;;;;351-400;5.85;;;;97;601-700;2.47
2025;direito;Centro Universitário Doutor Leão Sampaio;CE;168;Privada;181;7.2;201-250;20.61;;;187;6.96;;;501-600;4.88;;;;401-500;5.48;;;;98;501-600;3.29
2025;direito;Faculdade Reges de Dracena;SP;169;Privada;181;7.2;124;23.94;;;201-250;6.68;;;301-350;6.04;;;;401-500;5.22;;;;99;1;6
2025;direito;Centro Universitário Facex;RN;170;Privada;48;12.96;701-800;14.08;;;80;7.56;;;1001+;0.66;;;;1001+;2.07;;;;100;401-500;3.79
2025;direito;Universidade Federal do Sul da Bahia;BA;171;Federal;;;136;23.26;;;133;7.26;;;1;8;;;;1;8;;;;71;;
2025;direito;Universidade Regional do Noroeste do Estado do Rio Grande do Sul;RS;172;Privada;181;7.2;401-500;17.29;;;351-400;5.89;;;501-600;5.05;;;;401-500;5.67;;;;101;1001+;0.68
2025;direito;Universidade Evangélica de Goiás;GO;173;Privada;48;12.96;501-600;16.61;;;351-400;5.9;;;501-600;5.01;;;;901-1000;2.92;;;;102;601-700;2.78
2025;direito;Universidade Estadual Vale do Acaraú;CE;174;Estadual;;;351-400;18.41;;;63;7.65;;;601-700;4.19;;;;1001+;2.38;;;;72;301-350;4.19
2025;direito;Centro Universitário Aeso - Barros Melo;PE;175;Privada;48;12.96;901-1000;12;;;501-600;5.12;;;1001+;1.13;;;;701-800;3.81;;;;103;701-800;1.94
2025;direito;Centro Universitário Eurípedes de Marília;SP;176;Privada;48;12.96;601-700;15.4;;;351-400;5.82;;;1001+;2.03;;;;501-600;4.88;;;;104;601-700;2.67
2025;direito;Faculdades Doctum de Guarapari;ES;177;Privada;181;7.2;176;22.16;;;501-600;5.09;;;1;8;;;;401-500;5.61;;;;105;401-500;3.46
2025;direito;Centro Universitário de Formiga;MG;178;Privada;181;7.2;501-600;16.07;;;301-350;6.17;;;1001+;2.03;;;;601-700;4.13;;;;106;401-500;3.74
2025;direito;Centro Universitário Redentor;RJ;179;Privada;;;251-300;19.45;;;142;7.21;;;401-500;5.71;;;;501-600;4.72;;;;107;801-900;1.81
2025;direito;Universidade Estadual de Roraima;RR;180;Estadual;;;188;21.99;;;501-600;4.99;;;351-400;5.89;;;;201-250;6.6;;;;73;251-300;4.51
2025;direito;Centro Universitário Fametro;CE;181;Privada;48;12.96;201-250;20.4;;;601-700;4.4;;;401-500;5.57;;;;351-400;5.83;;;;108;251-300;4.6
2025;direito;Faculdade Eduvale de Avaré;SP;182;Privada;181;7.2;601-700;15.73;;;67;7.63;;;901-1000;2.66;;;;1001+;2.02;;;;109;401-500;3.42
2025;direito;Universidade Estácio de Sá;RJ;183;Privada;21;14.13;351-400;18.09;;;601-700;4.39;;;701-800;3.61;;;;201-250;6.68;;;;110;401-500;3.41
2025;direito;Centro Universitário de Belo Horizonte;MG;184;Privada;48;12.96;701-800;14.32;;;701-800;4.07;;;901-1000;2.84;;;;201-250;6.79;;;;111;1001+;0.62
2025;direito;Centro Universitário Imepac;MG;184;Privada;181;7.2;163;22.43;;;119;7.34;;;401-500;5.36;;;;138;7.23;;;;111;601-700;2.5
2025;direito;Universidade São Francisco;SP;186;Privada;48;12.96;401-500;17.31;;;301-350;6.18;;;601-700;4.02;;;;601-700;4.11;;;;113;501-600;3
2025;direito;Centro Universitário Adventista de São Paulo;SP;187;Privada;181;7.2;201-250;20.46;;;144;7.2;;;801-900;3.3;;;;251-300;6.32;;;;114;401-500;3.64
2025;direito;Centro Universitário FBV Wyden;PE;188;Privada;181;7.2;301-350;18.69;;;401-500;5.43;;;1001+;2.21;;;;501-600;5.05;;;;115;1;6
2025;direito;Centro Universitário Una;MG;189;Privada;48;12.96;501-600;15.91;;;601-700;4.36;;;801-900;3.32;;;;142;7.21;;;;116;901-1000;1.02
2025;direito;Universidade Ceuma;MA;190;Privada;48;12.96;401-500;16.8;;;501-600;4.98;;;401-500;5.41;;;;601-700;4.28;;;;117;701-800;2.13
2025;direito;Universidade Santa Cecília;SP;191;Privada;181;7.2;251-300;20.13;;;601-700;4.56;;;401-500;5.37;;;;351-400;5.97;;;;118;301-350;4.23
2025;direito;Centro Universitário do Espírito Santo;ES;192;Privada;181;7.2;501-600;16.72;;;74;7.59;;;801-900;2.94;;;;801-900;3.36;;;;119;601-700;2.83
2025;direito;Universidade Estadual de Mato Grosso do Sul;MS;193;Estadual;;;201-250;20.75;;;201-250;6.77;;;801-900;2.88;;;;301-350;6.13;;;;74;199;4.97
2025;direito;Centro Universitário do Distrito Federal;DF;194;Privada;181;7.2;301-350;19.28;;;301-350;6.14;;;501-600;4.93;;;;163;7.09;;;;120;901-1000;1.12
2025;direito;Faculdade Atitus Educação Passo Fundo;RS;195;Privada;;;95;25.59;;;251-300;6.56;;;1;8;;;;49;7.73;;;;121;501-600;3.3
2025;direito;Centro Universitário Unifafibe;SP;196;Privada;181;7.2;351-400;18.16;;;251-300;6.4;;;901-1000;2.61;;;;501-600;5.17;;;;122;351-400;3.98
2025;direito;Claretiano - Centro Universitário de Rio Claro;SP;197;Privada;48;12.96;601-700;15.72;;;201-250;6.82;;;601-700;4.38;;;;701-800;4.04;;;;123;1001+;0.48
2025;direito;Universidade Anhembi Morumbi;SP;198;Privada;48;12.96;601-700;15.16;;;501-600;4.98;;;801-900;3.26;;;;301-350;6.27;;;;124;1001+;0.65
2025;direito;Centro Universitário de João Pessoa;PB;198;Privada;48;12.96;501-600;15.98;;;701-800;3.63;;;401-500;5.65;;;;401-500;5.31;;;;124;801-900;1.39
2025;direito;Centro Universitário Padre Anchieta;SP;200;Privada;48;12.96;501-600;16.05;;;80;7.56;;;1001+;0.65;;;;501-600;4.8;;;;126;501-600;3.04
2025;direito;Centro Universitário do Cerrado-patrocínio;MG;201;Privada;;;55;31.27;;;501-600;5.21;;;1;8;;;;901-1000;2.84;25;13.6;;130;801-900;1.62
2025;direito;Centro Universitário Facid Wyden;PI;201;Privada;;;201-250;21.5;;;301-350;6.26;;;601-700;4.23;;;;301-350;6.08;;;;135;201-250;4.93
2025;direito;Universidade de Itaúna;MG;201;Privada;181;7.2;351-400;18.47;;;189;6.95;;;901-1000;2.71;;;;501-600;4.68;;;;129;351-400;4.13
2025;direito;Faculdades Integradas Machado de Assis;RS;201;Privada;181;7.2;601-700;14.94;;;501-600;4.9;;;1001+;0.48;;;;601-700;4.45;;;;149;172;5.11
2025;direito;Faculdade de Excelência Unex de Jequié;BA;201;Privada;;;94;25.71;;;301-350;6.17;;;1;8;;;;67;7.63;;;;127;401-500;3.91
2025;direito;Universidade Alto Vale do Rio do Peixe;SC;201;Privada;181;7.2;401-500;16.9;;;251-300;6.5;;;801-900;3.22;;;;401-500;5.58;;;;169;801-900;1.6
2025;direito;Centro Universitário Padre Albino;SP;201;Privada;;;201-250;20.46;;;114;7.37;;;301-350;6.13;;;;501-600;4.72;;;;131;701-800;2.24
2025;direito;Centro Universitário de Brusque;SC;201;Privada;48;12.96;501-600;15.83;;;401-500;5.72;;;351-400;5.93;;;;801-900;3.4;;;;140;1001+;0.78
2025;direito;Escola Superior de Criciúma;SC;201;Privada;48;12.96;1001+;10.84;;;201-250;6.63;;;1001+;0.32;;;;1001+;2.17;;;;165;801-900;1.72
2025;direito;Centro Universitário São Camilo - Espírito Santo;ES;201;Privada;181;7.2;901-1000;12.1;;;301-350;6.18;;;1001+;1.37;;;;801-900;3.07;;;;151;801-900;1.48
2025;direito;Faculdades Integradas de Taquara;RS;201;Privada;;;401-500;17.49;;;194;6.92;;;1001+;0.69;;;;251-300;6.34;;;;154;401-500;3.54
2025;direito;Universidade de Araraquara;SP;201;Privada;48;12.96;901-1000;12.14;;;701-800;3.74;;;801-900;3.14;;;;801-900;3.47;;;;155;801-900;1.79
2025;direito;Centro Universitário Estácio de Sergipe;SE;201;Privada;48;12.96;601-700;14.55;;;601-700;4.46;;;1001+;1.88;;;;501-600;5.12;;;;168;501-600;3.09
2025;direito;Centro Universitário Multivix Vitória;ES;201;Privada;181;7.2;251-300;19.76;;;31;7.83;;;901-1000;2.82;;;;801-900;3.11;;;;144;1;6
2025;direito;Universidade Professor Edson Antônio Velano;MG;201;Privada;;;189;21.98;;;201-250;6.71;;;351-400;5.76;;;;301-350;6.19;;;;170;501-600;3.32
2025;direito;Centro Universitário Armando Alvares Penteado;SP;201;Privada;181;7.2;701-800;13.99;;;401-500;5.41;;;1001+;0.13;;;;192;6.93;;;;128;801-900;1.52
2025;direito;Faculdade Serra da Mesa;GO;201;Privada;;;99;25.29;;;301-350;6.22;;;1;8;;;;501-600;5.07;;;;174;1;6
2025;direito;Centro Universitário Maurício de Nassau de Campina Grande;PB;201;Privada;;;301-350;18.59;;;401-500;5.61;;;601-700;4.31;;;;401-500;5.34;;;;160;501-600;3.33
2025;direito;Centro Universitário Ritter dos Reis;RS;201;Privada;48;12.96;701-800;13.98;;;501-600;5.04;;;1001+;2.17;;;;501-600;4.91;;;;148;701-800;1.86
2025;direito;Centro Universitário Vértice;MG;201;Privada;;;301-350;19.23;;;701-800;3.99;;;1;8;;;;901-1000;2.66;;;;158;251-300;4.58
2025;direito;Centro Universitário Una de Bom Despacho;MG;201;Privada;181;7.2;601-700;14.83;;;601-700;4.65;;;801-900;3.12;;;;351-400;5.81;;;;162;901-1000;1.25
2025;direito;Centro Universitário de Rio Preto;SP;201;Privada;48;12.96;1001+;11.69;;;701-800;4.05;;;801-900;3.37;;;;901-1000;2.46;;;;150;801-900;1.81
2025;direito;Centro Universitário Farias Brito;CE;201;Privada;;;301-350;19.22;;;94;7.48;;;501-600;4.59;;;;501-600;4.93;;;;155;701-800;2.22
2025;direito;Centro Universitário Univel;PR;201;Privada;181;7.2;401-500;16.76;;;201-250;6.83;;;601-700;4.15;;;;701-800;3.78;;;;143;701-800;2
2025;direito;Faculdade Martha Falcão Wyden;AM;201;Privada;181;7.2;201-250;20.49;;;351-400;5.82;;;901-1000;2.49;;;;301-350;6.18;;;;166;1;6
2025;direito;Centro Universitário de Itajubá;MG;201;Privada;;;120;24.06;;;401-500;5.74;;;1;8;;;;251-300;6.32;;;;159;351-400;4
2025;direito;Faculdade Arquidiocesana de Curvelo;MG;201;Privada;181;7.2;501-600;16.52;;;701-800;4.05;;;901-1000;2.81;;;;701-800;3.66;;;;136;1;6
2025;direito;Centro Universitário La Salle do Rio de Janeiro;RJ;201;Privada;;;301-350;19.05;;;301-350;6.11;;;1001+;1.72;;;;47;7.74;;;;152;401-500;3.48
2025;direito;Centro Universitário Santo Agostinho;PI;201;Privada;181;7.2;501-600;16.48;;;501-600;5.11;;;901-1000;2.51;;;;601-700;4.33;;;;141;251-300;4.53
2025;direito;Centro Universitário das Faculdades Integradas de Ourinhos;SP;201;Privada;181;7.2;601-700;15.46;;;201-250;6.87;;;1001+;1.05;;;;701-800;3.97;;;;137;401-500;3.57
2025;direito;Universidade Estadual de Alagoas;AL;201;Estadual;;;501-600;15.85;;;153;7.15;;;901-1000;2.77;;;;1001+;2.09;;;;75;401-500;3.84
2025;direito;Centro Universitário de Patos de Minas;MG;201;Privada;;;201-250;20.31;;;56;7.69;;;601-700;4.56;;;;601-700;4.21;;;;132;401-500;3.85
2025;direito;Centro Universitário Processus;DF;201;Privada;;;301-350;19.36;;;401-500;5.67;;;1;8;;;;901-1000;2.91;;;;167;601-700;2.78
2025;direito;Centro Universitário Campo Real;PR;201;Privada;;;148;22.88;;;176;7.02;;;301-350;6.16;;;;601-700;4.54;;;;138;162;5.16
2025;direito;Centro Universitário da Amazônia;PA;201;Privada;48;12.96;401-500;17.35;;;401-500;5.6;;;701-800;3.84;;;;901-1000;2.89;;;;147;189;5.02
2025;direito;Centro Universitário Moura Lacerda;SP;201;Privada;48;12.96;701-800;13.75;;;201-250;6.71;;;1001+;1.16;;;;601-700;4.18;;;;134;801-900;1.7
2025;direito;Faculdade Evolução Alto Oeste Potiguar;RN;201;Privada;;;189;21.98;;;501-600;4.8;;;1;8;;;;801-900;3.18;;;;172;1;6
2025;direito;Centro Universitário Fibra;PA;201;Privada;181;7.2;149;22.85;;;251-300;6.42;;;351-400;5.83;;;;401-500;5.62;;;;157;197;4.98
2025;direito;Centro Universitário Faminas;MG;201;Privada;;;351-400;18.17;;;74;7.59;;;701-800;3.92;;;;501-600;5.15;;;;153;801-900;1.51
2025;direito;Faculdade de Ciências Gerenciais de São Gotardo;MG;201;Privada;;;169;22.25;;;128;7.29;;;701-800;3.76;;;;401-500;5.2;;;;163;1;6
2025;direito;Universidade do Contestado;SC;201;Privada;48;12.96;701-800;14.23;;;701-800;3.65;;;501-600;5.07;;;;1001+;2.15;;;;164;501-600;3.36
2025;direito;Centro Universitário Sociesc de Blumenau;SC;201;Privada;;;351-400;18.11;;;301-350;6.06;;;601-700;4.16;;;;200;6.88;;;;175;901-1000;1.01
2025;direito;Universidade Regional Integrada do Alto Uruguai e das Missões;RS;201;Privada;48;12.96;801-900;13.29;;;401-500;5.49;;;1001+;0.78;;;;701-800;4;;;;142;501-600;3.02
2025;direito;Universidade Nove de Julho;SP;201;Privada;21;14.13;64;30.02;;;801-900;3.15;;;901-1000;2.3;;;;161;7.1;25;13.6;;146;401-500;3.87
2025;direito;Centro Universitário Ari de Sá;CE;201;Privada;;;301-350;18.81;;;54;7.7;;;701-800;3.64;;;;601-700;4.32;;;;145;501-600;3.15
2025;direito;Centro Universitário de Valença;RJ;201;Privada;;;123;23.96;;;133;7.26;;;1;8;;;;351-400;5.88;;;;132;601-700;2.82
2025;direito;Universidade Potiguar;RN;201;Privada;48;12.96;601-700;15.16;;;601-700;4.17;;;801-900;3.2;;;;351-400;5.95;;;;173;801-900;1.84
2025;direito;Centro Universitário Fundação de Ensino Octávio Bastos;SP;201;Privada;48;12.96;501-600;15.74;;;151;7.16;;;801-900;3.08;;;;1001+;1.55;;;;139;351-400;3.95
2025;direito;Centro Universitário São Lucas Porto Velho;RO;201;Privada;48;12.96;601-700;15.17;;;501-600;4.73;;;301-350;6.19;;;;901-1000;2.58;;;;161;801-900;1.67
2025;direito;Centro Universitário Católica do Tocantins;TO;201;Privada;48;12.96;501-600;16.73;;;401-500;5.64;;;501-600;4.73;;;;351-400;5.78;;;;171;1001+;0.58
2025;direito;Faculdade de Educação São Luís;SP;251;Privada;181;7.2;1001+;9.56;;;601-700;4.1;;;1001+;1.46;;;;801-900;3.17;;;;201-250;901-1000;0.83
2025;direito;Universidade Paranaense;PR;251;Privada;48;12.96;801-900;13.05;;;251-300;6.37;;;1001+;1.07;;;;901-1000;2.95;;;;189;601-700;2.66
2025;direito;Faculdade de Direito do Sul de Minas;MG;251;Privada;;;401-500;17.8;;;351-400;5.83;;;901-1000;2.82;;;;501-600;4.78;;;;183;301-350;4.37
2025;direito;Centro Universitário Mater Dei;PR;251;Privada;;;301-350;18.71;;;201-250;6.8;;;1;8;;;;1001+;2.18;;;;201-250;801-900;1.73
2025;direito;Centro Universitário Salesiano;ES;251;Privada;;;351-400;18.05;;;201-250;6.84;;;701-800;3.77;;;;601-700;4.48;;;;201-250;501-600;2.96
2025;direito;Centro Universitário UninCor;MG;251;Privada;;;501-600;16.7;;;201-250;6.75;;;801-900;3.13;;;;901-1000;2.4;;;;201-250;301-350;4.42
2025;direito;Centro Universitário Salesiano de São Paulo;SP;251;Privada;;;501-600;16.5;;;201-250;6.86;;;901-1000;2.78;;;;601-700;4.27;;;;201-250;601-700;2.59
2025;direito;Centro Universitário Barão de Mauá;SP;251;Privada;;;251-300;19.49;;;137;7.24;;;901-1000;2.47;;;;251-300;6.57;;;;178;501-600;3.21
2025;direito;Faculdade de Petrolina;PE;251;Municipal;;;401-500;17.13;;;401-500;5.53;;;1;8;;;;1001+;0.52;;;;77;501-600;3.08
2025;direito;Centro Universitário Favip Wyden;PE;251;Privada;181;7.2;501-600;16.43;;;401-500;5.43;;;1001+;2.1;;;;701-800;3.71;;;;186;158;5.19
2025;direito;Faculdade Metodista Granbery;MG;251;Privada;;;801-900;13.53;;;301-350;6.27;;;1001+;1.13;;;;1001+;2.03;;;;195;351-400;4.1
2025;direito;Centro Universitário de Balsas;MA;251;Privada;;;185;22.02;;;11;7.94;;;301-350;6.02;;;;351-400;5.87;;;;201-250;701-800;2.19
2025;direito;Centro Universitário Santa Terezinha;MA;251;Privada;;;168;22.31;;;351-400;5.95;;;1;8;;;;351-400;5.84;;;;193;601-700;2.52
2025;direito;Centro Universitário Social da Bahia;BA;251;Privada;;;351-400;18.35;;;401-500;5.51;;;501-600;4.7;;;;153;7.15;;;;201-250;901-1000;0.99
2025;direito;Faculdades Integradas do Vale do Ivaí;PR;251;Privada;;;401-500;17.75;;;90;7.5;;;351-400;5.92;;;;801-900;3.26;;;;201-250;901-1000;1.07
2025;direito;Centro Universitário Católica de Quixadá;CE;251;Privada;;;351-400;18.09;;;192;6.93;;;701-800;3.58;;;;401-500;5.26;;;;201-250;701-800;2.32
2025;direito;Universidade Cândido Mendes;RJ;251;Privada;48;12.96;1001+;10.64;;;601-700;4.6;;;1001+;0.53;;;;901-1000;2.53;;;;180;501-600;2.98
2025;direito;Faculdades Integradas Vianna Júnior;MG;251;Privada;;;801-900;13.12;;;201-250;6.81;;;1001+;1.01;;;;1001+;1.05;;;;199;301-350;4.25
2025;direito;Centro Universitário Univinte;SC;251;Privada;48;12.96;1001+;11.33;;;601-700;4.35;;;901-1000;2.48;;;;1001+;2.04;;;;201-250;601-700;2.46
2025;direito;Libertas - Faculdades Integradas;MG;251;Privada;181;7.2;197;21.77;;;701-800;3.61;;;1;8;;;;601-700;4.16;;;;201-250;1;6
2025;direito;Faculdade Doctum de Juiz de Fora;MG;251;Privada;;;301-350;19.13;;;801-900;3.05;;;1;8;;;;301-350;6.07;;;;201-250;701-800;2.01
2025;direito;Faculdade Nova Roma;PE;251;Privada;;;701-800;13.92;;;401-500;5.6;;;;;;;;1001+;2.32;;;;196;1;6
2025;direito;Universidade Comunitária da Região de Chapecó;SC;251;Privada;48;12.96;401-500;17.86;;;601-700;4.59;;;301-350;6.02;;;;501-600;4.69;;;;181;601-700;2.56
2025;direito;Centro Universitário Uninovafapi;PI;251;Privada;;;201-250;21;;;701-800;3.63;;;1;8;;;;120;7.33;;;;201-250;701-800;2.04
2025;direito;Centro Universitário Maurício de Nassau;PE;251;Privada;48;12.96;701-800;13.72;;;401-500;5.26;;;801-900;2.92;;;;701-800;3.9;;;;201-250;801-900;1.64
2025;direito;Faculdade Anhanguera de Uberlândia;MG;251;Privada;48;12.96;351-400;18.3;;;401-500;5.63;;;401-500;5.37;;;;188;6.95;;;;182;1001+;0.35
2025;direito;Centro Universitário Toledo Wyden;SP;251;Privada;;;401-500;16.9;;;301-350;6.15;;;801-900;3.34;;;;701-800;3.95;;;;177;401-500;3.46
2025;direito;Centro Universitário Ceuni;AM;251;Privada;48;12.96;251-300;19.76;;;601-700;4.34;;;601-700;4.36;;;;301-350;6.12;;;;185;201-250;4.94
2025;direito;Instituto Aphonsiano de Ensino Superior;GO;251;Privada;;;157;22.63;;;201-250;6.7;;;1;8;;;;401-500;5.65;;;;192;701-800;2.28
2025;direito;Centro Universitário Fai;SC;251;Privada;;;901-1000;12.65;;;351-400;5.77;;;1001+;1.99;;;;1001+;1.54;;;;201-250;501-600;3.35
2025;direito;Universidade de Marília;SP;251;Privada;;;119;24.12;;;301-350;6.26;;;401-500;5.66;;;;42;7.77;;;;201-250;301-350;4.43
2025;direito;Centro Universitário Presidente Antônio Carlos;MG;251;Privada;181;7.2;122;24;;;251-300;6.56;;;1001+;1.98;;;;1001+;1.22;25;13.6;;198;1001+;0.64
2025;direito;Centro Universitário Max Planck;SP;251;Privada;181;7.2;901-1000;12.3;;;185;6.97;;;1001+;1.47;;;;1001+;1.03;;;;201-250;601-700;2.83
2025;direito;Faculdade de Filosofia Ciências e Letras de Penápolis;SP;251;Privada;;;401-500;17.52;;;501-600;4.71;;;601-700;4.2;;;;701-800;3.86;;;;190;201-250;4.75
2025;direito;Faculdade Arnaldo Janssen;MG;251;Privada;181;7.2;801-900;12.75;;;135;7.25;;;1001+;0.28;;;;901-1000;2.85;;;;201-250;601-700;2.37
2025;direito;Faculdade Luciano Feijão;CE;251;Privada;;;161;22.52;;;251-300;6.38;;;1;8;;;;501-600;4.95;;;;197;501-600;3.19
2025;direito;Faculdade Santa Lúcia;SP;251;Privada;;;175;22.17;;;401-500;5.7;;;1;8;;;;401-500;5.66;;;;201-250;601-700;2.81
2025;direito;Centro Universitário de Adamantina;SP;251;Municipal;181;7.2;801-900;12.87;;;201-250;6.64;;;1001+;1.01;;;;1001+;2.33;;;;76;501-600;2.89
2025;direito;Faculdades Integradas de Aracruz;ES;251;Privada;;;401-500;17.4;;;201-250;6.61;;;1001+;1.58;;;;601-700;4.51;;;;201-250;251-300;4.7
2025;direito;Centro Universitário Unifacig;MG;251;Privada;;;401-500;17.29;;;501-600;4.69;;;351-400;5.82;;;;601-700;4.4;;;;187;601-700;2.38
2025;direito;Centro Universitário da Fundação Educacional Guaxupé;MG;251;Privada;181;7.2;1001+;9.28;;;801-900;3.36;;;1001+;0.99;;;;701-800;3.89;;;;201-250;901-1000;1.04
2025;direito;Universidade Vale do Rio Doce;MG;251;Privada;48;12.96;901-1000;12.24;;;301-350;6.3;;;1001+;1.68;;;;1001+;1.96;;;;200;701-800;2.3
2025;direito;Faculdade de Educação Superior do Paraná;PR;251;Privada;;;67;28.4;;;401-500;5.44;;;1001+;0.09;;;;501-600;4.9;25;13.6;;184;301-350;4.37
2025;direito;Faculdade Pitágoras Anhanguera de Teresina;PI;251;Privada;;;601-700;14.95;;;801-900;3.47;;;601-700;4.34;;;;201-250;6.65;;;;191;1001+;0.49
2025;direito;Centro Universitário Sociesc;SC;251;Privada;;;401-500;17.67;;;201-250;6.85;;;801-900;2.95;;;;190;6.94;;;;201-250;901-1000;0.93
2025;direito;Faculdade Metropolitana São Carlos BJI;RJ;251;Privada;;;201-250;21.03;;;251-300;6.39;;;1;8;;;;901-1000;2.92;;;;188;401-500;3.72
2025;direito;Universidade Metodista de Piracicaba;SP;251;Privada;48;12.96;901-1000;12.65;;;301-350;6.05;;;1001+;0.71;;;;601-700;4.23;;;;176;801-900;1.66
2025;direito;Universidade do Grande Rio Professor José de Souza Herdy;RJ;251;Privada;;;201-250;20.94;;;251-300;6.44;;;301-350;6.15;;;;251-300;6.36;;;;194;701-800;1.99
2025;direito;Centro Universitário de Várzea Grande;MT;251;Privada;48;12.96;251-300;19.99;;;251-300;6.34;;;501-600;4.79;;;;501-600;5.1;;;;201-250;401-500;3.76
2025;direito;Universidade Tuiuti do Paraná;PR;251;Privada;48;12.96;301-350;18.82;;;501-600;4.97;;;501-600;4.66;;;;351-400;6.02;;;;178;501-600;3.17
2025;direito;Faculdades Integradas Iesgo;GO;301;Privada;;;134;23.35;;;801-900;3.4;;;1;8;;;;351-400;5.95;;;;251-300;1;6
2025;direito;Faculdade Anhanguera Unidade Parauapebas;PA;301;Privada;181;7.2;601-700;15.56;;;501-600;5.14;;;901-1000;2.66;;;;501-600;4.89;;;;201-250;601-700;2.87
2025;direito;Icev - Instituto de Ensino Superior;PI;301;Privada;;;801-900;13.28;;;301-350;6.23;;;901-1000;2.68;;;;1001+;2.34;;;;201-250;701-800;2.03
2025;direito;Centro de Ensino Superior do Vale do Parnaíba;PI;301;Privada;181;7.2;127;23.7;;;117;7.35;;;1;8;;;;701-800;3.56;;;;251-300;201-250;4.79
2025;direito;Centro Universitário da Região da Campanha;RS;301;Privada;48;12.96;901-1000;11.97;;;501-600;4.96;;;1001+;1.27;;;;1001+;0.59;;;;251-300;164;5.15
2025;direito;Faculdade Três Pontas;MG;301;Privada;;;801-900;13.3;;;501-600;5.11;;;801-900;2.92;;;;1001+;1.39;;;;251-300;401-500;3.88
2025;direito;Centro Universitário de Excelência;BA;301;Privada;;;169;22.25;;;351-400;5.85;;;1;8;;;;179;7;;;;201-250;801-900;1.4
2025;direito;Centro Universitário de Ciências e Empreendedorismo;BA;301;Privada;181;7.2;251-300;19.81;;;501-600;5.18;;;351-400;5.78;;;;601-700;4.17;;;;251-300;251-300;4.68
2025;direito;Centro Universitário Estácio do Recife;PE;301;Privada;21;14.13;701-800;13.72;;;501-600;4.76;;;1001+;1.33;;;;601-700;4.43;;;;201-250;501-600;3.2
2025;direito;Centro Universitário de Barra Mansa;RJ;301;Privada;181;7.2;801-900;13.18;;;901-1000;2.85;;;801-900;3.28;;;;901-1000;2.94;;;;251-300;351-400;4.11
2025;direito;Centro Universitário Presidente Tancredo de Almeida Neves;MG;301;Privada;;;501-600;16.09;;;251-300;6.38;;;901-1000;2.75;;;;701-800;3.59;;;;251-300;501-600;3.37
2025;direito;Faculdade de Educação Santa Terezinha;MA;301;Privada;181;7.2;301-350;19.33;;;801-900;3.23;;;1;8;;;;1001+;2.1;;;;251-300;1;6
2025;direito;Faculdade Doutor Francisco Maeda;SP;301;Privada;181;7.2;351-400;18.22;;;351-400;5.78;;;601-700;4.42;;;;201-250;6.85;;;;251-300;901-1000;1.17
2025;direito;Universidade da Amazônia;PA;301;Privada;21;14.13;701-800;13.57;;;501-600;4.68;;;701-800;3.5;;;;801-900;3.24;;;;251-300;701-800;2.15
2025;direito;Centro Universitário Avantis;SC;301;Privada;48;12.96;601-700;15.48;;;501-600;4.87;;;801-900;3.41;;;;601-700;4.26;;;;251-300;501-600;2.94
2025;direito;Faculdade Multivix Cariacica;ES;301;Privada;;;251-300;20.12;;;71;7.61;;;601-700;4.53;;;;801-900;3.17;;;;201-250;201-250;4.81
2025;direito;Universidade Cruzeiro do Sul;SP;301;Privada;21;14.13;801-900;13.14;;;701-800;3.81;;;801-900;3.22;;;;501-600;5.14;;;;201-250;901-1000;0.97
2025;direito;Centro Universitário Planalto do Distrito Federal;DF;301;Privada;181;7.2;351-400;18.39;;;351-400;5.9;;;1;8;;;;701-800;3.53;;;;251-300;901-1000;0.96
2025;direito;Faculdade Casa Branca;SP;301;Privada;;;401-500;17.8;;;1001+;1.53;;;401-500;5.27;;;;501-600;5;;;;201-250;1;6
2025;direito;Universidade Paulista;SP;301;Privada;5;14.83;801-900;13.11;;;501-600;4.79;;;701-800;3.67;;;;701-800;4.06;;;;201-250;1001+;0.59
2025;direito;Centro Universitário de Patos;PB;301;Privada;;;701-800;13.85;;;701-800;3.68;;;801-900;3.18;;;;701-800;3.64;;;;251-300;501-600;3.35
2025;direito;Centro Universitário de Pato Branco;PR;301;Privada;181;7.2;1001+;9.97;;;351-400;5.86;;;1001+;1.7;;;;1001+;2;;;;201-250;1001+;0.41
2025;direito;Centro Universitário de Viçosa;MG;301;Privada;;;201-250;21.64;;;65;7.64;;;601-700;4;;;;108;7.4;;;;201-250;601-700;2.6
2025;direito;Faculdade Dinâmica do Vale do Piranga;MG;301;Privada;;;501-600;16.36;;;201-250;6.66;;;601-700;4.49;;;;801-900;3.23;;;;201-250;701-800;1.98
2025;direito;Faculdade de Direito de Cachoeiro do Itapemirim;ES;301;Privada;181;7.2;701-800;14.41;;;251-300;6.59;;;1001+;1.63;;;;1001+;2.02;;;;201-250;351-400;4.17
2025;direito;Faculdade Favoo Coop;RO;301;Privada;48;12.96;251-300;19.68;;;601-700;4.27;;;1;8;;;;1001+;1.41;;;;201-250;1;6
2025;direito;Centro Universitário - Uniesp;PB;301;Privada;48;12.96;501-600;16.32;;;251-300;6.42;;;701-800;3.88;;;;801-900;3.02;;;;201-250;501-600;3
2025;direito;Centro Universitário Metodista Izabela Hendrix;MG;301;Privada;181;7.2;201-250;20.7;;;401-500;5.24;;;401-500;5.21;;;;351-400;5.78;;;;201-250;251-300;4.47
2025;direito;Centro Universitário Estácio de Ribeirão Preto;SP;301;Privada;;;401-500;17.19;;;351-400;5.91;;;701-800;3.56;;;;601-700;4.35;;;;201-250;501-600;3.37
2025;direito;Faculdade Presbiteriana Mackenzie Rio;RJ;301;Privada;;;301-350;18.88;;;141;7.22;;;1001+;1.32;;;;401-500;5.69;;;;251-300;251-300;4.65
2025;direito;Faculdade Educacional de Medianeira;PR;301;Privada;;;251-300;19.8;;;351-400;6.02;;;501-600;4.85;;;;601-700;4.22;;;;251-300;201-250;4.71
2025;direito;Instituto Luterano de Ensino Superior de Itumbiara;GO;301;Privada;;;301-350;18.62;;;251-300;6.43;;;401-500;5.51;;;;501-600;4.7;;;;201-250;701-800;1.98
2025;direito;Faculdade Doctum de João Monlevade;MG;301;Privada;;;201-250;20.61;;;901-1000;2.64;;;1;8;;;;501-600;5.11;;;;201-250;201-250;4.86
2025;direito;Universidade Federal de São Paulo;SP;301;Federal;181;7.2;52;33.18;;;701-800;3.58;;;1;8;;;;1;8;25;13.6;;79;;
2025;direito;Centro Universitário Geraldo Di Biase;RJ;301;Privada;;;301-350;19.1;;;401-500;5.24;;;301-350;6.12;;;;801-900;3.36;;;;251-300;301-350;4.38
2025;direito;Faculdade Iteana de Botucatu;SP;301;Privada;;;401-500;17;;;351-400;5.95;;;1001+;0.34;;;;501-600;4.71;;;;201-250;1;6
2025;direito;Insper Instituto de Ensino e Pesquisa;SP;301;Privada;21;14.13;85;26.79;;;1001+;1.53;;;701-800;3.78;;;;22;7.88;25;13.6;;251-300;;
2025;direito;Faculdade Multivix Nova Venécia;ES;301;Privada;;;501-600;16.01;;;112;7.38;;;301-350;6.17;;;;1001+;1.37;;;;201-250;901-1000;1.09
2025;direito;Centro Universitário Inta;CE;301;Privada;;;251-300;20.07;;;701-800;4.06;;;1;8;;;;301-350;6.06;;;;251-300;701-800;1.95
2025;direito;Universidade Metodista de São Paulo;SP;301;Privada;181;7.2;501-600;16.04;;;601-700;4.35;;;901-1000;2.65;;;;701-800;3.94;;;;201-250;174;5.1
2025;direito;União das Faculdades dos Grandes Lagos;SP;301;Privada;48;12.96;501-600;16.28;;;601-700;4.29;;;1;8;;;;1001+;2.3;;;;201-250;801-900;1.69
2025;direito;Centro Universitário Ruy Barbosa Wyden;BA;301;Privada;;;401-500;17.36;;;501-600;4.9;;;1001+;1.67;;;;401-500;5.74;;;;201-250;184;5.05
2025;direito;Faculdades Integradas de Bauru;SP;301;Privada;;;201-250;20.3;;;501-600;5.15;;;1;8;;;;401-500;5.3;;;;251-300;701-800;1.85
2025;direito;Instituto Municipal de Ensino Superior de Bebedouro Victório Cardassi;SP;301;Municipal;;;201-250;21.48;;;351-400;5.92;;;401-500;5.21;;;;201-250;6.8;;;;78;401-500;3.55
2025;direito;Centro Universitário de Excelência de Vitória da Conquista;BA;301;Privada;;;151;22.8;;;351-400;5.85;;;1;8;;;;74;7.59;;;;201-250;801-900;1.36
2025;direito;Faculdade de Minas BH;MG;301;Privada;;;351-400;18.34;;;92;7.49;;;801-900;3.18;;;;351-400;5.96;;;;251-300;801-900;1.71
2025;direito;Centro Universitário da Serra Gaúcha;RS;301;Privada;;;701-800;14.23;;;501-600;5.04;;;1001+;1.59;;;;351-400;5.97;;;;251-300;801-900;1.63
2025;direito;Faculdade Atitus Educação Porto Alegre;RS;301;Privada;;;601-700;15.7;;;1001+;1.93;;;351-400;5.85;;;;15;7.92;;;;201-250;;
2025;direito;Centro Universitário Euro-americano;DF;301;Privada;;;501-600;16.49;;;185;6.97;;;901-1000;2.78;;;;601-700;4.49;;;;251-300;701-800;2.25
2025;direito;Centro Universitário Atenas;MG;301;Privada;;;130;23.57;;;166;7.08;;;1;8;;;;601-700;4.1;;;;201-250;301-350;4.39
2025;direito;Centro Universitário Cidade Verde;PR;301;Privada;;;155;22.69;;;201-250;6.86;;;1;8;;;;701-800;3.77;;;;201-250;351-400;4.06
2025;direito;Centro Universitário Doctum de Teófilo Otoni;MG;351;Privada;;;201-250;20.73;;;901-1000;2.46;;;1;8;;;;401-500;5.69;;;;251-300;251-300;4.58
2025;direito;Faculdade Dom Bosco de Porto Alegre;RS;351;Privada;;;501-600;16.62;;;501-600;4.74;;;1001+;1.24;;;;201-250;6.86;;;;251-300;401-500;3.78
2025;direito;Faculdade Doctum de Serra;ES;351;Privada;;;201-250;21.07;;;1001+;2.23;;;1;8;;;;401-500;5.75;;;;301-350;176;5.09
2025;direito;Faculdade de Ciências Sociais Aplicadas BA;BA;351;Privada;;;401-500;17.33;;;601-700;4.26;;;1;8;;;;701-800;3.54;;;;251-300;801-900;1.53
2025;direito;Universidade Católica de Pelotas;RS;351;Privada;;;401-500;17.04;;;501-600;5;;;701-800;3.84;;;;501-600;4.98;;;;251-300;501-600;3.22
2025;direito;Centro Universitário Sudoeste Paulista;SP;351;Privada;181;7.2;401-500;17.34;;;301-350;6.29;;;701-800;3.69;;;;901-1000;2.61;;;;251-300;201-250;4.75
2025;direito;Centro Universitário Funorte;MG;351;Privada;;;87;26.59;;;501-600;4.75;;;1;8;;;;29;7.84;;;;251-300;1;6
2025;direito;Escola Superior Associada de Goiânia;GO;351;Privada;;;401-500;16.81;;;601-700;4.52;;;401-500;5.21;;;;801-900;2.99;;;;251-300;351-400;4.09
2025;direito;Faculdade de Ciências Sociais e Agrárias de Itapeva;SP;351;Privada;;;251-300;19.99;;;601-700;4.28;;;1;8;;;;801-900;3.21;;;;251-300;251-300;4.5
2025;direito;Faculdades Integradas de Jahu;SP;351;Privada;;;701-800;13.69;;;301-350;6.2;;;1001+;1.51;;;;701-800;3.84;;;;251-300;701-800;2.14
2025;direito;Faculdade de Direito de Ipatinga;MG;351;Privada;;;701-800;13.99;;;351-400;5.81;;;901-1000;2.51;;;;1001+;1.63;;;;301-350;351-400;4.04
2025;direito;Faculdades Integradas do Extremo Sul da Bahia;BA;351;Privada;;;201-250;20.67;;;401-500;5.45;;;1;8;;;;501-600;4.79;;;;251-300;601-700;2.43
2025;direito;Faculdade Esamc Sorocaba;SP;351;Privada;;;1001+;8.68;;;501-600;5.16;;;1001+;1.47;;;;1001+;1.36;;;;251-300;1001+;0.69
2025;direito;Faculdade Uninassau Vilhena;RO;351;Privada;;;1001+;11.22;;;401-500;5.66;;;801-900;2.99;;;;1001+;1.17;;;;301-350;801-900;1.4
2025;direito;Faculdade de Direito de Contagem;MG;351;Privada;;;501-600;16.33;;;401-500;5.65;;;801-900;3.14;;;;801-900;3.02;;;;251-300;251-300;4.52
2025;direito;Instituto de Ensino Superior Integrado-iesi;MG;351;Privada;;;601-700;15.01;;;123;7.32;;;701-800;3.54;;;;1001+;1.79;;;;301-350;701-800;2.36
2025;direito;Centro Universitário Metrocamp Wyden;SP;351;Privada;;;251-300;19.83;;;351-400;5.96;;;901-1000;2.33;;;;401-500;5.54;;;;251-300;1;6
2025;direito;Universidade Pitágoras Unopar Anhanguera;PR;351;Privada;48;12.96;401-500;17.54;;;501-600;5.2;;;501-600;4.65;;;;158;7.12;;;;251-300;1001+;0.57
2025;direito;Universidade Castelo Branco;RJ;351;Privada;;;71;27.9;;;701-800;4.01;;;901-1000;2.61;;;;801-900;3.2;25;13.6;;251-300;251-300;4.48
2025;direito;Centro Universitário Alfredo Nasser;GO;351;Privada;181;7.2;501-600;15.88;;;601-700;4.47;;;1;8;;;;1001+;1.45;;;;301-350;701-800;1.96
2025;direito;Faculdade Santo Antônio de Pádua;RJ;351;Privada;;;601-700;15.61;;;801-900;3.24;;;801-900;3.02;;;;601-700;4.29;;;;251-300;182;5.06
2025;direito;Faculdade Ideal Wyden;PA;351;Privada;;;251-300;19.5;;;251-300;6.33;;;701-800;3.59;;;;601-700;4.41;;;;301-350;161;5.17
2025;direito;Centro Universitário Cesmac;AL;351;Privada;48;12.96;701-800;13.64;;;801-900;3.41;;;801-900;3.36;;;;801-900;3.14;;;;301-350;401-500;3.73
2025;direito;Centro Universitário Filadélfia;PR;351;Privada;;;901-1000;11.84;;;401-500;5.23;;;801-900;3.05;;;;1001+;2.19;;;;251-300;801-900;1.37
2025;direito;Faculdade Pio Décimo;SE;351;Privada;;;201-250;21.53;;;601-700;4.54;;;301-350;6;;;;351-400;5.85;;;;251-300;166;5.14
2025;direito;Centro Universitário Castelo Branco;ES;351;Privada;;;401-500;17.77;;;501-600;5.07;;;501-600;4.66;;;;701-800;4.06;;;;301-350;351-400;3.98
2025;direito;Faculdade de Excelência Unex de Itabuna;BA;351;Privada;;;201-250;21.08;;;501-600;5.08;;;1;8;;;;301-350;6.26;;;;301-350;801-900;1.74
2025;direito;Centro Universitário Paraíso;CE;351;Privada;;;301-350;19.37;;;89;7.51;;;401-500;5.28;;;;401-500;5.71;;;;251-300;901-1000;0.87
2025;direito;Faculdade de Pará de Minas;MG;351;Privada;;;701-800;13.9;;;187;6.96;;;1001+;0.43;;;;901-1000;2.41;;;;251-300;351-400;4.1
2025;direito;Faculdades Unificadas de Leopoldina;MG;351;Privada;;;351-400;18.27;;;601-700;4.25;;;1;8;;;;501-600;4.98;;;;301-350;901-1000;1.04
2025;direito;Faculdade da Saúde e Ecologia Humana;MG;351;Privada;;;701-800;13.86;;;180;7;;;1001+;1.94;;;;801-900;3.49;;;;301-350;801-900;1.43
2025;direito;Faculdade de Castelo;ES;351;Privada;;;901-1000;12.03;;;112;7.38;;;901-1000;2.38;;;;1001+;1.55;;;;301-350;1001+;0.72
2025;direito;Centro de Ensino Superior de Ilhéus;BA;351;Privada;;;801-900;12.84;;;701-800;3.64;;;501-600;4.63;;;;1001+;1.34;;;;301-350;501-600;3.23
2025;direito;Centro Universitário de Votuporanga;SP;351;Privada;;;1001+;10.85;;;701-800;4.01;;;1001+;0.83;;;;1001+;1.76;;;;251-300;301-350;4.25
2025;direito;Centro Universitário Católico Salesiano Auxilium;SP;351;Privada;;;141;23.13;;;162;7.1;;;351-400;5.78;;;;401-500;5.39;;;;251-300;201-250;4.86
2025;direito;Faculdade de Miguel Pereira;RJ;351;Privada;181;7.2;57;30.84;;;101;7.44;;;701-800;3.92;;;;901-1000;2.87;25;13.6;;301-350;501-600;3.01
2025;direito;Universidade do Vale do Paraíba;SP;351;Privada;;;801-900;13.52;;;106;7.41;;;1001+;0.35;;;;701-800;3.55;;;;251-300;701-800;2.21
2025;direito;Universidade de Sorocaba;SP;351;Privada;181;7.2;901-1000;12.06;;;701-800;3.94;;;1001+;0.68;;;;351-400;5.79;;;;251-300;801-900;1.65
2025;direito;Centro Universitário Alves Faria;GO;351;Privada;48;12.96;1001+;8.74;;;801-900;3.24;;;1001+;1.25;;;;801-900;3.43;;;;301-350;901-1000;0.82
2025;direito;Faculdade de São Lourenço;MG;351;Privada;;;401-500;17.89;;;401-500;5.38;;;401-500;5.56;;;;901-1000;2.48;;;;251-300;251-300;4.47
2025;direito;Centro Universitário São José;RJ;351;Privada;;;166;22.34;;;401-500;5.55;;;351-400;5.86;;;;351-400;5.98;;;;301-350;201-250;4.95
2025;direito;Instituto Matonense Municipal de Ensino Superior;SP;351;Privada;;;251-300;19.93;;;351-400;5.86;;;801-900;3.29;;;;501-600;4.78;;;;301-350;1;6
2025;direito;Centro Universitário de Ensino Superior do Amazonas;AM;351;Privada;181;7.2;801-900;13.05;;;601-700;4.32;;;801-900;3.09;;;;801-900;3.37;;;;301-350;701-800;2.27
2025;direito;Faculdade Verde Norte;MG;351;Privada;;;195;21.83;;;182;6.99;;;1;8;;;;1001+;0.84;;;;251-300;1;6
2025;direito;Faculdade Católica Imaculada Conceição do Recife;PE;351;Privada;;;801-900;12.88;;;198;6.9;;;1001+;0.7;;;;901-1000;2.47;;;;251-300;601-700;2.81
2025;direito;Centro Universitário - Católica de Santa Catarina em Jaraguá do Sul;SC;351;Privada;;;1001+;10.89;;;501-600;5.16;;;1001+;1.27;;;;901-1000;2.94;;;;301-350;801-900;1.52
2025;direito;Centro Universitário Assunção;SP;351;Privada;48;12.96;701-800;13.83;;;701-800;3.98;;;1001+;1.97;;;;401-500;5.44;;;;301-350;601-700;2.44
2025;direito;Faculdade Pedro Leopoldo;MG;351;Privada;;;601-700;15.32;;;99;7.45;;;1001+;0.84;;;;601-700;4.33;;;;301-350;601-700;2.7
2025;direito;Faculdade Doctum de Carangola;MG;351;Privada;;;401-500;17.91;;;901-1000;2.75;;;1;8;;;;501-600;4.75;;;;251-300;601-700;2.41
2025;direito;Instituto Machadense de Ensino Superior;MG;401;Privada;;;1001+;11.47;;;501-600;4.73;;;1001+;0.96;;;;1001+;2.2;;;;301-350;401-500;3.58
2025;direito;Universidade Federal do Oeste da Bahia;BA;401;Federal;181;7.2;90;26.27;;;35;7.81;;;1;8;;;;201-250;6.83;;;;84;401-500;3.63
2025;direito;Faculdade Anhanguera de Ipatinga;MG;401;Privada;181;7.2;301-350;18.6;;;201-250;6.74;;;501-600;5.02;;;;251-300;6.4;;;;351-400;1001+;0.44
2025;direito;Centro Universitário Una de Contagem;MG;401;Privada;;;501-600;16.03;;;601-700;4.62;;;701-800;3.88;;;;201-250;6.62;;;;401-500;901-1000;0.91
2025;direito;Faculdade de Administração e Negócios de Sergipe;SE;401;Privada;;;1001+;8.76;;;501-600;4.83;;;1001+;0.72;;;;1001+;1.51;;;;351-400;801-900;1.7
2025;direito;Faculdade La Salle;AM;401;Privada;;;301-350;19.24;;;401-500;5.62;;;401-500;5.58;;;;901-1000;2.93;;;;301-350;172;5.11
2025;direito;Centro Universitário Unifaat;SP;401;Privada;;;501-600;16.18;;;701-800;3.55;;;801-900;2.93;;;;601-700;4.56;;;;351-400;166;5.14
2025;direito;Faculdade Fatifajar Jaguariaíva;PR;401;Privada;;;401-500;16.91;;;108;7.4;;;1;8;;;;1001+;0.36;;;;351-400;901-1000;1.15
2025;direito;Centro Universitário Funcesi;MG;401;Privada;;;801-900;12.82;;;701-800;3.96;;;601-700;4.28;;;;701-800;3.52;;;;401-500;901-1000;1.06
2025;direito;Faculdade Educacional Jurídica e Gerencial de Oliveira;MG;401;Privada;;;601-700;14.76;;;251-300;6.43;;;1001+;0.44;;;;1001+;1.89;;;;351-400;1;6
2025;direito;Faculdade Estácio de Sá de Vitória;ES;401;Privada;;;601-700;14.69;;;301-350;6.24;;;901-1000;2.34;;;;601-700;4.14;;;;351-400;701-800;1.97
2025;direito;Centro Universitário Projeção;DF;401;Privada;;;144;22.91;;;351-400;5.95;;;1;8;;;;85;7.53;;;;401-500;801-900;1.43
2025;direito;Centro Universitário dos Guararapes;PE;401;Privada;;;901-1000;12.54;;;801-900;3.05;;;801-900;3;;;;401-500;5.4;;;;401-500;901-1000;1.09
2025;direito;Universidade de Cruz Alta;RS;401;Privada;181;7.2;701-800;13.83;;;601-700;4.1;;;1001+;1.96;;;;351-400;5.78;;;;301-350;701-800;1.99
2025;direito;Instituto Superior de Ciências Aplicadas;SP;401;Privada;48;12.96;1001+;9.54;;;701-800;3.97;;;1001+;0.7;;;;1001+;1.27;;;;301-350;401-500;3.6
2025;direito;Instituto de Ensino Superior do Sul do Maranhão;MA;401;Privada;;;1001+;11.39;;;601-700;4.21;;;1001+;1.66;;;;901-1000;2.9;;;;351-400;601-700;2.62
2025;direito;Faculdade Kennedy de Minas Gerais;MG;401;Privada;;;112;24.64;;;601-700;4.25;;;1;8;;;;111;7.38;;;;351-400;191;5.01
2025;direito;Universidade Federal do Sul e Sudeste do Pará;PA;401;Federal;181;7.2;86;26.66;;;127;7.3;;;1;8;;;;27;7.85;;;;83;401-500;3.51
2025;direito;Faculdade Autônoma de Direito;SP;401;Privada;;;251-300;19.64;;;301-350;6.28;;;701-800;3.99;;;;22;7.88;;;;301-350;801-900;1.49
2025;direito;Faculdade Evangélica de Goianésia;GO;401;Privada;;;301-350;18.58;;;601-700;4.47;;;401-500;5.29;;;;401-500;5.55;;;;351-400;501-600;3.27
2025;direito;Faculdade Cnec Varginha;MG;401;Privada;;;701-800;14.08;;;251-300;6.44;;;1001+;0.24;;;;701-800;3.7;;;;351-400;401-500;3.7
2025;direito;Centro Universitário Internacional;PR;401;Privada;181;7.2;601-700;15.72;;;501-600;4.99;;;801-900;3.37;;;;351-400;6.02;;;;301-350;801-900;1.34
2025;direito;Centro Universitário de Goiatuba;GO;401;Municipal;;;133;23.41;;;351-400;5.79;;;1;8;;;;501-600;4.79;;;;85;201-250;4.83
2025;direito;Faculdade Barretos;SP;401;Privada;181;7.2;601-700;14.95;;;251-300;6.56;;;401-500;5.14;;;;901-1000;2.65;;;;301-350;1001+;0.6
2025;direito;Instituto Itapetiningano de Ensino Superior;SP;401;Privada;;;501-600;16.21;;;351-400;5.99;;;1;8;;;;1001+;0.81;;;;301-350;801-900;1.41
2025;direito;Faculdade de Rolim de Moura;RO;401;Privada;181;7.2;701-800;13.59;;;601-700;4.14;;;801-900;3.17;;;;1001+;0.28;;;;351-400;1;6
2025;direito;Universidade Municipal de São Caetano do Sul;SP;401;Municipal;;;351-400;18.04;;;501-600;5;;;1001+;0.49;;;;251-300;6.55;;;;80;1;6
2025;direito;Centro Universitário Barriga Verde;SC;401;Privada;;;1001+;7.61;;;701-800;3.8;;;1001+;1.58;;;;1001+;1.61;;;;351-400;1001+;0.62
2025;direito;Instituto de Educação Superior Raimundo Sá;PI;401;Privada;;;401-500;17.78;;;601-700;4.6;;;351-400;5.93;;;;1001+;2.15;;;;351-400;174;5.1
2025;direito;Centro Universitário Leonardo da Vinci;SC;401;Privada;181;7.2;301-350;19.18;;;1001+;1.13;;;301-350;6.08;;;;120;7.33;;;;301-350;251-300;4.64
2025;direito;Faculdade de Americana;SP;401;Privada;;;601-700;14.59;;;251-300;6.48;;;1001+;1.6;;;;901-1000;2.57;;;;351-400;351-400;3.94
2025;direito;Centro Universitário Uniasselvi de Blumenau ;SC;401;Privada;;;301-350;18.77;;;901-1000;2.79;;;501-600;4.76;;;;251-300;6.5;;;;301-350;201-250;4.72
2025;direito;Faculdade do Sul da Bahia;BA;401;Privada;181;7.2;701-800;13.62;;;301-350;6.32;;;1001+;1.19;;;;1001+;1.12;;;;301-350;195;4.99
2025;direito;Centro Universitário Unifacthus;MG;401;Privada;181;7.2;701-800;13.64;;;301-350;6.05;;;1001+;1.91;;;;601-700;4.53;;;;301-350;901-1000;1.15
2025;direito;Centro Universitário Fanor Wyden;CE;401;Privada;;;301-350;19.03;;;601-700;4.29;;;901-1000;2.75;;;;351-400;5.99;;;;351-400;1;6
2025;direito;Universidade de Taubaté;SP;401;Municipal;;;701-800;13.68;;;701-800;3.97;;;351-400;5.79;;;;901-1000;2.64;;;;81;901-1000;1.28
2025;direito;Faculdade Presidente Antônio Carlos de Aimorés;MG;401;Privada;;;401-500;17.55;;;501-600;5.21;;;401-500;5.21;;;;301-350;6.26;;;;301-350;901-1000;0.87
2025;direito;Faculdade Estácio de Sá de Vila Velha;ES;401;Privada;;;701-800;14.03;;;401-500;5.63;;;1001+;1.79;;;;601-700;4.38;;;;301-350;701-800;2.23
2025;direito;Faculdade Estácio do Pará;PA;401;Privada;48;12.96;801-900;13.06;;;401-500;5.56;;;1001+;1.59;;;;801-900;3.3;;;;401-500;601-700;2.61
2025;direito;Centro Universitário Fadergs;RS;401;Privada;;;701-800;14.49;;;301-350;6.07;;;1001+;1.66;;;;601-700;4.38;;;;351-400;601-700;2.38
2025;direito;Instituto de Ensino Superior de Rondônia;RO;401;Privada;;;351-400;18.25;;;401-500;5.46;;;1;8;;;;1001+;1.63;;;;351-400;501-600;3.16
2025;direito;Centro Universitário de Ensino, Ciência e Tecnologia do Paraná;PR;401;Privada;;;50;33.75;;;601-700;4.31;;;351-400;5.9;;;;501-600;5.06;25;13.6;;351-400;201-250;4.88
2025;direito;Centro Universitário Tiradentes de Pernambuco;PE;401;Privada;;;351-400;18.15;;;251-300;6.34;;;1001+;1.85;;;;201-250;6.72;;;;351-400;501-600;3.24
2025;direito;Faculdade Doctum de Vitória;ES;401;Privada;;;251-300;19.49;;;901-1000;2.44;;;1;8;;;;401-500;5.25;;;;351-400;401-500;3.8
2025;direito;Centro Universitário Uniasselvi de Guaramirim;SC;401;Privada;;;201-250;20.56;;;1001+;1.94;;;1;8;;;;301-350;6.21;;;;401-500;301-350;4.41
2025;direito;Nova Faculdade;MG;401;Privada;;;251-300;19.79;;;501-600;5.02;;;301-350;6.11;;;;201-250;6.73;;;;351-400;701-800;1.93
2025;direito;Faculdade Promove de Belo Horizonte;MG;401;Privada;;;105;24.95;;;401-500;5.52;;;1;8;;;;143;7.2;;;;301-350;301-350;4.23
2025;direito;Centro de Ensino Superior do Amapá;AP;401;Privada;181;7.2;901-1000;11.98;;;501-600;5.05;;;1001+;0.79;;;;1001+;1.83;;;;301-350;301-350;4.31
2025;direito;Centro Universitário de Santa Fé do Sul;SP;401;Municipal;;;601-700;15.35;;;351-400;5.99;;;901-1000;2.37;;;;1001+;2.06;;;;82;201-250;4.93
2025;direito;Faculdade Santo Agostinho de Vitória da Conquista;BA;401;Privada;;;901-1000;12.02;;;1001+;2.14;;;601-700;4.01;;;;901-1000;2.51;;;;351-400;501-600;3.36
2025;direito;Centro Universitário Anhangüera;SP;401;Privada;;;501-600;16.73;;;301-350;6.21;;;701-800;3.96;;;;351-400;5.93;;;;351-400;1001+;0.63
2025;direito;Faculdade do Norte Novo de Apucarana;PR;401;Privada;;;701-800;13.95;;;301-350;6.09;;;501-600;4.74;;;;1001+;1.03;;;;351-400;701-800;2.09
2025;direito;Faculdade da Alta Paulista;SP;401;Privada;181;7.2;601-700;15.48;;;501-600;4.95;;;801-900;3.29;;;;701-800;3.91;;;;301-350;501-600;3.33
2025;direito;Faculdade Cnec Farroupilha;RS;401;Privada;;;901-1000;12.66;;;1001+;1.93;;;1001+;0.64;;;;184;6.97;;;;301-350;501-600;3.12
2025;direito;Centro Universitário Fip-moc;MG;401;Privada;;;601-700;15.29;;;301-350;6.16;;;601-700;4.29;;;;801-900;3.39;;;;301-350;801-900;1.45
2025;direito;Centro Universitário de Araras;SP;401;Privada;181;7.2;1001+;9.62;;;401-500;5.69;;;1001+;1.49;;;;1001+;1.15;;;;351-400;901-1000;1.29
2025;direito;Faculdade de Imperatriz Wyden;MA;401;Privada;;;501-600;15.99;;;601-700;4.2;;;901-1000;2.74;;;;701-800;4.01;;;;351-400;186;5.04
2025;direito;Universidade de Cuiabá;MT;401;Privada;48;12.96;601-700;14.54;;;801-900;3.23;;;501-600;4.94;;;;351-400;5.89;;;;401-500;1001+;0.48
2025;direito;Centro Universitário Facvest;SC;401;Privada;;;201-250;21.71;;;501-600;4.89;;;1;8;;;;401-500;5.76;;;;351-400;501-600;3.06
2025;direito;Facudade Ieducare;CE;401;Privada;;;301-350;18.56;;;501-600;4.7;;;1;8;;;;601-700;4.39;;;;301-350;801-900;1.47
2025;direito;Centro Universitário Maurício de Nassau de Teresina;PI;401;Privada;181;7.2;401-500;17.86;;;701-800;3.72;;;601-700;4.46;;;;501-600;4.91;;;;351-400;201-250;4.77
2025;direito;Centro Universitário Cathedral;MT;401;Privada;;;145;22.9;;;251-300;6.48;;;1;8;;;;701-800;3.96;;;;351-400;251-300;4.46
2025;direito;Centro Universitário Estácio de Santa Catarina;SC;401;Privada;;;501-600;15.88;;;601-700;4.35;;;701-800;3.72;;;;501-600;4.84;;;;351-400;501-600;2.97
2025;direito;Faculdade Una de Divinópolis;MG;401;Privada;181;7.2;901-1000;12.27;;;701-800;3.6;;;1001+;2.13;;;;501-600;5.1;;;;351-400;801-900;1.44
2025;direito;Centro Universitário Multiversa do Vale do Jaguaribe;CE;401;Privada;;;801-900;13.38;;;351-400;5.8;;;501-600;4.76;;;;1001+;1.19;;;;401-500;801-900;1.63
2025;direito;Faculdade de Ciências Humanas do Estado de São Paulo;SP;401;Privada;;;74;27.58;;;201-250;6.88;;;1;8;;;;201-250;6.7;;;;351-400;1;6
2025;direito;Faculdades Integradas dos Campos Gerais;PR;401;Privada;;;801-900;13.41;;;351-400;5.91;;;1001+;0.85;;;;1001+;2.38;;;;401-500;301-350;4.27
2025;direito;Faculdades Integradas de Três Lagoas;MS;401;Privada;;;109;24.85;;;178;7.01;;;1;8;;;;401-500;5.54;;;;401-500;301-350;4.3
2025;direito;Christus Faculdade do Piauí;PI;401;Privada;;;401-500;17.93;;;801-900;3.35;;;351-400;5.97;;;;701-800;3.67;;;;301-350;201-250;4.94
2025;direito;Universidade do Planalto Catarinense;SC;401;Privada;;;1001+;8.41;;;701-800;3.69;;;1001+;1.52;;;;1001+;1.18;;;;351-400;701-800;2.02
2025;direito;Faculdade de Direito de Conselheiro Lafaiete;MG;401;Privada;;;901-1000;12.5;;;401-500;5.67;;;1001+;0.69;;;;701-800;3.57;;;;401-500;601-700;2.57
2025;direito;Universidade Luterana do Brasil;RS;401;Privada;;;351-400;18.2;;;251-300;6.37;;;401-500;5.58;;;;501-600;4.74;;;;301-350;801-900;1.51
2025;direito;Faculdade de Ensino Superior e Formação Integral;SP;401;Privada;;;114;24.46;;;171;7.05;;;1;8;;;;801-900;3.41;;;;301-350;1;6
2025;direito;Faculdade Anhanguera Unidade Paragominas;PA;401;Privada;;;301-350;19.1;;;601-700;4.62;;;351-400;5.76;;;;31;7.83;;;;351-400;901-1000;0.89
2025;direito;Centro Universitário Facol;PE;401;Privada;;;118;24.17;;;251-300;6.36;;;1;8;;;;601-700;4.63;;;;301-350;159;5.18
2025;direito;Faculdade Multivix de Cachoeiro;ES;401;Privada;;;401-500;17.64;;;8;7.96;;;401-500;5.42;;;;1001+;1.46;;;;351-400;601-700;2.8
2025;direito;Centro Universitário de Itapira;SP;401;Privada;;;501-600;16.6;;;401-500;5.52;;;1;8;;;;1001+;1.26;;;;351-400;801-900;1.82
2025;direito;Universidade Salgado de Oliveira;RJ;401;Privada;48;12.96;1001+;9.97;;;901-1000;2.78;;;901-1000;2.71;;;;1001+;1.69;;;;401-500;601-700;2.79
2025;direito;Centro Universitário Maurício de Nassau de Maceió;AL;401;Privada;;;501-600;16.5;;;401-500;5.29;;;501-600;4.85;;;;501-600;5.19;;;;351-400;901-1000;1.17
2025;direito;Faculdade de Ensino Superior de Marechal Cândido Rondon;PR;401;Privada;;;601-700;14.85;;;301-350;6.25;;;1001+;1.4;;;;701-800;3.95;;;;301-350;501-600;3.25
2025;direito;Faculdades Doctum de Caratinga;MG;401;Privada;181;7.2;201-250;20.58;;;901-1000;2.85;;;1;8;;;;351-400;5.84;;;;301-350;401-500;3.89
2025;direito;Centro Universitário do Vale do Ribeira;SP;401;Privada;;;1001+;11.67;;;601-700;4.63;;;901-1000;2.42;;;;1001+;1.51;;;;351-400;501-600;3.11
2025;direito;Faculdade dos Carajás;PA;401;Privada;181;7.2;1001+;8.27;;;501-600;5.01;;;1001+;1.18;;;;1001+;0.54;;;;351-400;801-900;1.54
2025;direito;Faculdade Santa Teresa;AM;401;Privada;;;251-300;19.46;;;401-500;5.68;;;701-800;3.74;;;;701-800;4.04;;;;401-500;1;6
2025;direito;Faculdade Ideau de Bagé;RS;401;Privada;;;201-250;20.56;;;601-700;4.41;;;1;8;;;;401-500;5.24;;;;401-500;501-600;2.91
2025;direito;Universidade de Mogi das Cruzes;SP;401;Privada;;;401-500;17.46;;;401-500;5.42;;;601-700;4.04;;;;801-900;3.05;;;;351-400;201-250;4.95
2025;direito;Faculdade Anhanguera de Rondonópolis;MT;401;Privada;48;12.96;901-1000;12.52;;;901-1000;2.82;;;601-700;4.54;;;;601-700;4.56;;;;401-500;1001+;0.6
2025;direito;Centro Universitário Santa Cruz de Curitiba;PR;401;Privada;;;174;22.19;;;301-350;6.13;;;1;8;;;;163;7.09;;;;351-400;901-1000;0.97
2025;direito;Centro Universitário do Planalto Central Apparecido dos Santos;DF;401;Privada;;;171;22.24;;;201-250;6.75;;;401-500;5.47;;;;351-400;6.03;;;;351-400;351-400;3.99
2025;direito;Faculdade de Direito de Santa Maria;RS;401;Privada;181;7.2;1001+;10.68;;;351-400;5.79;;;1001+;0.19;;;;701-800;3.94;;;;301-350;1001+;0.76
2025;direito;Faculdade Anhanguera de Linhares;ES;401;Privada;181;7.2;501-600;16.09;;;801-900;3.27;;;401-500;5.48;;;;170;7.05;;;;351-400;1001+;0.29
2025;direito;Faculdades Integradas Hélio Alonso;RJ;401;Privada;;;301-350;18.8;;;251-300;6.49;;;901-1000;2.77;;;;601-700;4.47;;;;351-400;180;5.07
2025;direito;Centro Universitário Fluminense;RJ;401;Privada;;;601-700;15.33;;;701-800;3.73;;;501-600;4.62;;;;1001+;2.25;;;;301-350;201-250;4.73
2025;direito;Centro Universitário Unisep;PR;401;Privada;;;1001+;10.27;;;401-500;5.52;;;1001+;1.86;;;;1001+;1.02;;;;351-400;701-800;1.87
2025;direito;Faculdade Sudamérica;MG;401;Privada;;;601-700;15;;;601-700;4.51;;;1001+;1.99;;;;901-1000;2.5;;;;351-400;1;6
2025;direito;Centro Universitário de Jaguariúna;SP;401;Privada;;;901-1000;11.99;;;99;7.45;;;1001+;1.38;;;;1001+;0.8;;;;351-400;701-800;2.36
2025;direito;Centro Universitário de Ciências e Tecnologia do Maranhão;MA;401;Privada;;;201-250;20.32;;;401-500;5.59;;;401-500;5.61;;;;501-600;4.92;;;;351-400;301-350;4.2
2025;direito;Centro Universitário de Lavras;MG;401;Privada;;;701-800;14.03;;;87;7.52;;;1001+;1.55;;;;701-800;4.03;;;;351-400;901-1000;0.93
2025;direito;Faculdade Novo Milênio;ES;401;Privada;;;251-300;19.84;;;351-400;5.98;;;501-600;4.98;;;;601-700;4.21;;;;301-350;251-300;4.67
2025;direito;Centro Universitário Ages;BA;401;Privada;;;401-500;17.19;;;501-600;4.76;;;801-900;3.28;;;;401-500;5.7;;;;351-400;401-500;3.45
2025;direito;Faculdade Aldete Maria Alves;MG;501;Privada;;;201-250;20.64;;;351-400;5.84;;;401-500;5.42;;;;601-700;4.3;;;;401-500;178;5.08
2025;direito;Faculdade Cnec Rio das Ostras;RJ;501;Privada;;;701-800;14.46;;;401-500;5.27;;;701-800;3.75;;;;1001+;0.59;;;;401-500;201-250;4.85
2025;direito;Centro Universitário Tocantinense Presidente Antônio Carlos;TO;501;Privada;;;301-350;18.64;;;501-600;4.85;;;401-500;5.36;;;;251-300;6.34;;;;401-500;701-800;2.09
2025;direito;Centro de Estudos Superiores Aprendiz;MG;501;Privada;;;801-900;13.3;;;601-700;4.55;;;1001+;0.89;;;;1001+;1.86;;;;401-500;1;6
2025;direito;Centro Universitário São Judas Tadeu;SP;501;Privada;;;601-700;14.57;;;601-700;4.5;;;801-900;2.85;;;;251-300;6.51;;;;501-600;1001+;0.71
2025;direito;Centro Universitário Maurício de Nassau de João Pessoa;PB;501;Privada;181;7.2;401-500;17.79;;;201-250;6.61;;;601-700;4.5;;;;501-600;4.8;;;;401-500;701-800;1.88
2025;direito;Faculdade Concórdia;SC;501;Privada;;;1001+;6.87;;;601-700;4.3;;;1001+;0.47;;;;1001+;0.63;;;;401-500;801-900;1.47
2025;direito;Faculdade de Ensino Superior da Paraíba;PB;501;Privada;;;101;25.19;;;701-800;3.81;;;1001+;0.33;;;;501-600;4.74;25;13.6;;401-500;601-700;2.71
2025;direito;Faculdade de Filosofia, Ciências e Letras do Alto São Francisco;MG;501;Privada;;;351-400;18.18;;;1001+;2.24;;;1;8;;;;701-800;3.66;;;;401-500;301-350;4.28
2025;direito;Faculdade Estácio do Amazonas;AM;501;Privada;48;12.96;701-800;14.19;;;251-300;6.35;;;1001+;1.09;;;;901-1000;2.89;;;;501-600;401-500;3.86
2025;direito;Faculdade Christus;CE;501;Privada;48;12.96;601-700;14.66;;;1001+;0.66;;;1;8;;;;351-400;6;;;;401-500;;
2025;direito;Centro Universitário do Norte;AM;501;Privada;181;7.2;501-600;16.47;;;801-900;3.49;;;501-600;4.67;;;;601-700;4.17;;;;401-500;351-400;4.14
2025;direito;Faculdade do Maranhão;MA;501;Privada;181;7.2;401-500;17.3;;;801-900;3.26;;;401-500;5.5;;;;901-1000;2.54;;;;401-500;1;6
2025;direito;Centro Universitário Maurício de Nassau do Rio de Janeiro;RJ;501;Privada;;;501-600;16.01;;;115;7.36;;;1001+;1.92;;;;401-500;5.5;;;;401-500;901-1000;1.23
2025;direito;Centro Universitário Sul-americana;GO;501;Privada;181;7.2;1001+;8.85;;;1001+;1.95;;;901-1000;2.74;;;;1001+;1.25;;;;401-500;501-600;2.91
2025;direito;Centro Universitário Estácio Juiz de Fora;MG;501;Privada;;;601-700;15.01;;;701-800;3.89;;;901-1000;2.46;;;;251-300;6.46;;;;401-500;701-800;2.2
2025;direito;Centro Universitário da Fundação Educacional de Barretos;SP;501;Privada;;;1001+;11.47;;;132;7.27;;;1001+;0.52;;;;1001+;2.09;;;;401-500;801-900;1.59
2025;direito;Centro Universitário Unifacear;PR;501;Privada;;;401-500;17.54;;;601-700;4.24;;;701-800;3.64;;;;501-600;4.82;;;;401-500;201-250;4.84
2025;direito;Universidade Nilton Lins;AM;501;Privada;181;7.2;901-1000;12.59;;;701-800;3.91;;;1001+;0.86;;;;1001+;1.82;;;;401-500;1;6
2025;direito;Faculdade Asa de Brumadinho;MG;501;Privada;;;201-250;20.9;;;251-300;6.52;;;401-500;5.4;;;;801-900;2.98;;;;401-500;1;6
2025;direito;Faculdade de Direito do Vale do Rio Doce;MG;501;Privada;;;601-700;14.6;;;401-500;5.36;;;1001+;1.11;;;;1001+;2.13;;;;401-500;1;6
2025;direito;Centro Universitário Santa Cecília;SP;501;Privada;;;78;27.42;;;175;7.03;;;1;8;;;;251-300;6.39;;;;401-500;1;6
2025;direito;Faculdade Mogiana do Estado de São Paulo;SP;501;Privada;;;198;21.77;;;501-600;4.92;;;1;8;;;;601-700;4.31;;;;401-500;251-300;4.54
2025;direito;Faculdade Vale do Gorutuba;MG;501;Privada;;;601-700;15.46;;;1001+;1.55;;;601-700;4.18;;;;401-500;5.39;;;;401-500;301-350;4.34
2025;direito;Faculdade Anhanguera de Divinópolis;MG;501;Privada;;;351-400;17.99;;;401-500;5.64;;;501-600;4.59;;;;126;7.3;;;;401-500;1001+;0.46
2025;direito;Faculdade Cnec Capitão Lemos Cunha;RJ;501;Privada;;;1001+;2.97;;;1001+;0.97;;;1001+;0.36;;;;1001+;1.64;;;;401-500;;
2025;direito;Faculdades Integradas Rio Branco;SP;501;Privada;;;401-500;17.56;;;1001+;1.53;;;1;8;;;;149;7.17;;;;401-500;901-1000;0.86
2025;direito;Centro Universitário de Goiás;GO;501;Privada;;;1001+;10.74;;;801-900;3.17;;;901-1000;2.38;;;;501-600;4.83;;;;401-500;1001+;0.36
2025;direito;Universidade Santa Úrsula;RJ;501;Privada;;;63;30.09;;;1001+;0.97;;;901-1000;2.64;;;;200;6.88;25;13.6;;401-500;1;6
2025;direito;Centro Universitário Aparício Carvalho;RO;501;Privada;21;14.13;501-600;16.62;;;1001+;2.32;;;1;8;;;;1001+;0.3;;;;401-500;1;6
2025;direito;Faculdades Integradas de Garanhuns;PE;501;Municipal;;;1001+;10.94;;;701-800;3.64;;;701-800;3.52;;;;1001+;1.49;;;;86;701-800;2.29
2025;direito;Faculdade Estácio de Teresina;PI;501;Privada;;;901-1000;11.96;;;601-700;4.52;;;901-1000;2.32;;;;1001+;2.37;;;;401-500;601-700;2.75
2025;direito;Faculdade Cathedral;RR;501;Privada;;;131;23.51;;;701-800;3.71;;;1;8;;;;201-250;6.67;;;;401-500;168;5.13
2025;direito;Faculdade do Noroeste de Minas;MG;501;Privada;;;165;22.38;;;251-300;6.57;;;1;8;;;;601-700;4.14;;;;401-500;401-500;3.67
2025;direito;Universidade Cidade de São Paulo;SP;501;Privada;181;7.2;701-800;14.22;;;801-900;3.13;;;701-800;3.94;;;;401-500;5.61;;;;401-500;801-900;1.54
2025;direito;Faculdade Unirb - Mossoró;RN;501;Privada;;;251-300;19.75;;;157;7.13;;;801-900;3.26;;;;401-500;5.6;;;;401-500;401-500;3.76
2025;direito;Centro Universitário Natalense;RN;501;Privada;181;7.2;501-600;15.88;;;401-500;5.3;;;1;8;;;;1001+;1.39;;;;401-500;901-1000;1.19
2025;direito;Faculdade Presbiteriana Mackenzie Brasília;DF;501;Privada;;;65;28.96;;;801-900;3.34;;;1001+;0.38;;;;401-500;5.64;25;13.6;;401-500;1;6
2025;direito;Faculdade Batista de Minas Gerais;MG;501;Privada;;;701-800;13.92;;;1001+;2.25;;;501-600;5.13;;;;1001+;1.81;;;;501-600;201-250;4.73
2025;direito;Centro Universitário Augusto Motta;RJ;501;Privada;;;401-500;16.95;;;601-700;4.27;;;701-800;3.93;;;;701-800;3.71;;;;401-500;186;5.04
2025;direito;Faculdade Anhanguera de Betim;MG;501;Privada;;;501-600;16.55;;;601-700;4.44;;;501-600;4.75;;;;159;7.11;;;;401-500;1001+;0.25
2025;direito;Faculdade Anhanguera de Teixeira de Freitas;BA;501;Privada;;;401-500;17.41;;;401-500;5.76;;;501-600;4.8;;;;201-250;6.63;;;;401-500;1001+;0.22
2025;direito;Faculdade Anhanguera de Pelotas;RS;501;Privada;;;301-350;18.97;;;401-500;5.48;;;351-400;5.87;;;;149;7.17;;;;401-500;1001+;0.45
2025;direito;Faculdade de Tecnologia Alto Médio São Francisco;MG;501;Privada;;;68;28.33;;;201-250;6.65;;;1;8;;;;58;7.68;;;;401-500;1;6
2025;direito;Centro Universitário Braz Cubas;SP;501;Privada;181;7.2;701-800;14.18;;;701-800;3.66;;;1001+;2.02;;;;801-900;3.42;;;;501-600;178;5.08
2025;direito;Faculdade Católica Dom Orione;TO;501;Privada;;;1001+;11.01;;;351-400;5.85;;;1001+;0.74;;;;1001+;1.74;;;;501-600;601-700;2.68
2025;direito;Faculdade Casa do Estudante;ES;501;Privada;;;1001+;10.84;;;701-800;3.93;;;1001+;0.31;;;;1001+;0.6;;;;401-500;1;6
2025;direito;Faculdade Anhanguera de São José-SC;SC;501;Privada;;;401-500;17.44;;;601-700;4.17;;;301-350;6;;;;199;6.89;;;;501-600;1001+;0.38
2025;direito;Faculdade de Santo Antonio da Platina;PR;501;Privada;;;251-300;19.44;;;501-600;4.84;;;401-500;5.44;;;;801-900;3.16;;;;401-500;1;6
2025;direito;Faculdade Independente do Nordeste;BA;501;Privada;;;801-900;12.89;;;601-700;4.23;;;701-800;3.44;;;;901-1000;2.56;;;;401-500;601-700;2.66
2025;direito;Faculdade Doctum de Manhuaçu;MG;501;Privada;;;401-500;16.99;;;901-1000;2.67;;;1;8;;;;501-600;5.04;;;;401-500;901-1000;1.28
2025;direito;Centro Universitário Unicuritiba;PR;501;Privada;48;12.96;301-350;18.64;;;1001+;1.8;;;1;8;;;;1;8;;;;401-500;901-1000;0.84
2025;direito;Centro Universitário Nossa Senhora Aparecida;GO;501;Privada;;;351-400;18.17;;;601-700;4.26;;;401-500;5.39;;;;401-500;5.68;;;;401-500;601-700;2.84
2025;direito;Faculdade de Ensino Superior do Centro do Paraná;PR;501;Privada;;;601-700;15.7;;;401-500;5.56;;;501-600;5.02;;;;901-1000;2.83;;;;401-500;701-800;2.29
2025;direito;Centro Universitário de Desenvolvimento do Centro-Oeste;GO;501;Privada;;;251-300;19.87;;;501-600;4.93;;;501-600;4.89;;;;401-500;5.24;;;;401-500;201-250;4.81
2025;direito;Centro Universitário FG;BA;501;Privada;;;601-700;15.49;;;601-700;4.33;;;901-1000;2.72;;;;501-600;5.03;;;;401-500;401-500;3.41
2025;direito;Centro Universitário Luterano de Manaus;AM;501;Privada;181;7.2;501-600;16.38;;;801-900;3.35;;;301-350;6.16;;;;801-900;3.38;;;;401-500;401-500;3.49
2025;direito;Faculdade de Pinhais;PR;501;Privada;;;1001+;11.49;;;701-800;4.02;;;1001+;0.8;;;;1001+;1.87;;;;401-500;201-250;4.8
2025;direito;Faculdade de Direito Anhanguera Unidade Guarapari;ES;501;Privada;;;401-500;16.77;;;601-700;4.53;;;501-600;5.11;;;;201-250;6.83;;;;501-600;1001+;0.3
2025;direito;Faculdade Anhanguera de Anápolis;GO;501;Privada;181;7.2;701-800;14.38;;;601-700;4.65;;;601-700;4.41;;;;501-600;5.09;;;;401-500;1001+;0.23
2025;direito;Faculdade de Direito de Itu;SP;501;Privada;181;7.2;1001+;7.72;;;1001+;2.23;;;1001+;0.16;;;;901-1000;2.43;;;;401-500;501-600;2.9
2025;direito;Instituto Municipal de Ensino Superior de Assis;SP;501;Municipal;;;1001+;9.92;;;1001+;1.53;;;801-900;2.89;;;;601-700;4.52;;;;89;901-1000;0.98
2025;direito;Faculdade Frassinetti do Recife;PE;501;Privada;48;12.96;401-500;17.52;;;130;7.28;;;1001+;1.89;;;;301-350;6.07;;;;401-500;701-800;2.28
2025;direito;Faculdade Morgana Potrich;GO;501;Privada;48;12.96;801-900;13.19;;;901-1000;2.72;;;1;8;;;;1001+;0.41;;;;401-500;701-800;2.06
2025;direito;Faculdade de Direito de Varginha;MG;501;Privada;;;1001+;9.12;;;801-900;3.51;;;1001+;1.2;;;;1001+;0.88;;;;401-500;401-500;3.53
2025;direito;Centro Universitário Estácio do Ceará;CE;501;Privada;;;801-900;13.41;;;601-700;4.49;;;901-1000;2.63;;;;801-900;3.15;;;;401-500;501-600;3.14
2025;direito;Faculdade Maringá;PR;501;Privada;;;401-500;16.94;;;701-800;3.62;;;901-1000;2.45;;;;501-600;4.87;;;;501-600;1;6
2025;direito;Centro Universitário Fis;PE;501;Privada;;;801-900;13.41;;;501-600;5.19;;;501-600;4.95;;;;1001+;1.47;;;;401-500;801-900;1.8
2025;direito;Faculdade Venda Nova do Imigrante;ES;501;Privada;;;54;31.54;;;1001+;2.23;;;301-350;6.12;;;;701-800;3.59;25;13.6;;401-500;1;6
2025;direito;Centro Universitário de Sete Lagoas;MG;501;Privada;;;1001+;11.63;;;351-400;5.8;;;1001+;0.95;;;;801-900;3.24;;;;401-500;801-900;1.64
2025;direito;Instituto Municipal de Ensino Superior de Catanduva;SP;501;Municipal;;;501-600;16.42;;;501-600;4.95;;;901-1000;2.39;;;;801-900;3.08;;;;90;1;6
2025;direito;Faculdade Pio Décimo de Canindé do São Francisco;SE;501;Privada;48;12.96;301-350;18.58;;;351-400;5.81;;;401-500;5.17;;;;601-700;4.42;;;;401-500;501-600;3.18
2025;direito;Faculdade de Ibaiti;PR;501;Privada;;;901-1000;12.67;;;401-500;5.45;;;1001+;0.87;;;;1001+;0.35;;;;501-600;1;6
2025;direito;Faculdade de Colider;MT;501;Privada;;;901-1000;11.83;;;901-1000;2.71;;;801-900;3.08;;;;1001+;0.04;;;;401-500;1;6
2025;direito;Universidade Iguaçu;RJ;501;Privada;181;7.2;1001+;10.18;;;701-800;3.94;;;901-1000;2.79;;;;1001+;1.62;;;;401-500;801-900;1.83
2025;direito;Centro Universitário Uninorte;AC;501;Privada;;;901-1000;12.67;;;401-500;5.32;;;1001+;1.95;;;;1001+;1.27;;;;401-500;351-400;4.13
2025;direito;Faculdade Estácio de Sá de Campo Grande;MS;501;Privada;181;7.2;901-1000;11.9;;;801-900;3.5;;;1001+;1.29;;;;501-600;4.92;;;;401-500;701-800;2.19
2025;direito;Centro Universitário Nossa Senhora do Patrocínio;SP;501;Privada;;;701-800;14.03;;;801-900;3.25;;;701-800;3.65;;;;301-350;6.1;;;;401-500;901-1000;1.03
2025;direito;Centro Universitário do Rio São Francisco;BA;501;Privada;;;201-250;21.22;;;401-500;5.27;;;1;8;;;;601-700;4.15;;;;401-500;401-500;3.8
2025;direito;Faculdade Palotina;RS;501;Privada;;;901-1000;12.65;;;201-250;6.82;;;1001+;0.42;;;;601-700;4.55;;;;401-500;901-1000;0.86
2025;direito;Universidade Universus Veritas Guarulhos;SP;501;Privada;181;7.2;701-800;14.18;;;501-600;5.03;;;801-900;3.27;;;;601-700;4.32;;;;401-500;801-900;1.56
2025;direito;Centro Universitário Luterano de Palmas;TO;501;Privada;;;401-500;17.31;;;701-800;3.57;;;301-350;6;;;;351-400;5.86;;;;401-500;701-800;1.88
2025;direito;Faculdade Evangélica Raízes;GO;501;Privada;;;601-700;15.26;;;401-500;5.37;;;801-900;3.34;;;;801-900;3.45;;;;401-500;501-600;3.1
2025;direito;Faculdade de Suzano;SP;501;Privada;;;201-250;20.7;;;801-900;3.19;;;1;8;;;;801-900;3.51;;;;401-500;1;6
2025;direito;Faculdade Cnec Gravataí;RS;501;Privada;181;7.2;1001+;10.65;;;601-700;4.59;;;1001+;0.09;;;;1001+;1.9;;;;401-500;351-400;4.07
2025;direito;Centro Universitário do Instituto de Educação Superior de Brasília;DF;501;Privada;181;7.2;901-1000;12.29;;;501-600;4.69;;;1001+;1.53;;;;701-800;3.6;;;;401-500;601-700;2.47
2025;direito;Faculdade Anhanguera de Guarulhos;SP;501;Privada;181;7.2;351-400;18.11;;;501-600;4.75;;;301-350;6.04;;;;156;7.13;;;;401-500;1001+;0.19
2025;direito;Centro Universitário Una de Uberlândia;MG;501;Privada;181;7.2;701-800;13.74;;;501-600;4.81;;;801-900;3.15;;;;501-600;5.08;;;;401-500;1001+;0.7
2025;direito;Faculdades Integradas da Upis;DF;501;Privada;;;1001+;8.83;;;401-500;5.65;;;1001+;0.33;;;;1001+;0.77;;;;401-500;701-800;2.08
2025;direito;Centro Universitário Unihorizontes;MG;501;Privada;;;701-800;14.09;;;351-400;5.87;;;1001+;0.66;;;;401-500;5.21;;;;401-500;701-800;2.35
2025;direito;Faculdade de Ciências Contábeis de Nova Andradina;MS;501;Privada;181;7.2;501-600;15.9;;;1001+;1.65;;;1;8;;;;1001+;0.25;;;;401-500;1;6
2025;direito;Centro Universitário de Mineiros;GO;501;Municipal;181;7.2;401-500;17.48;;;1001+;1.66;;;1;8;;;;401-500;5.32;;;;87;601-700;2.5
2025;direito;Centro Universitário do Planalto de Araxá;MG;501;Privada;;;901-1000;11.95;;;701-800;3.92;;;1001+;2.21;;;;901-1000;2.5;;;;401-500;501-600;3.32
2025;direito;Instituto de Ensino Superior e Formação Avançada de Vitória;ES;501;Privada;;;801-900;13.52;;;401-500;5.46;;;501-600;5.13;;;;1001+;0.48;;;;401-500;601-700;2.45
2025;direito;Universidade Estadual de Goiás;GO;501;Estadual;181;7.2;153;22.75;;;76;7.58;;;1;8;;;;801-900;3.11;;;;88;351-400;4.06
2025;direito;Faculdade do Vale do Juruena;MT;501;Privada;;;1001+;11.49;;;701-800;3.55;;;1001+;1.04;;;;901-1000;2.62;;;;401-500;301-350;4.28
2025;direito;Centro Universitário Cenecista de Osório;RS;501;Privada;;;1001+;9.42;;;401-500;5.4;;;1001+;0.25;;;;801-900;3.06;;;;401-500;1001+;0.71
2025;direito;Centro Universitário do Triângulo;MG;501;Privada;48;12.96;1001+;10.85;;;701-800;3.7;;;901-1000;2.7;;;;801-900;3.19;;;;501-600;901-1000;1.26
2025;direito;Faculdade Santo Agostinho de Sete Lagoas;MG;501;Privada;;;701-800;14.13;;;301-350;6.28;;;1001+;1.54;;;;701-800;3.62;;;;401-500;601-700;2.69
2025;direito;Faculdade de Teologia, Filosofia e Ciências Humanas Gamaliel;PA;501;Privada;;;301-350;19.42;;;401-500;5.28;;;1;8;;;;1001+;0.14;;;;401-500;1;6
2025;direito;Faculdade Católica Rainha da Paz de Araputanga;MT;601;Privada;;;401-500;16.85;;;901-1000;2.44;;;351-400;5.75;;;;701-800;3.89;;;;501-600;201-250;4.77
2025;direito;Centro Universitário das Américas;SP;601;Privada;;;601-700;14.76;;;601-700;4.38;;;1001+;1.28;;;;401-500;5.63;;;;501-600;401-500;3.47
2025;direito;Faculdade de Ensino Superior da Amazônia Reunida;PA;601;Privada;;;1001+;6.35;;;901-1000;2.76;;;1001+;1.62;;;;1001+;0.42;;;;501-600;801-900;1.55
2025;direito;Centro Universitário Famec;BA;601;Privada;;;601-700;14.84;;;351-400;5.88;;;701-800;3.53;;;;701-800;3.68;;;;501-600;801-900;1.75
2025;direito;Faculdade Estácio de Natal;RN;601;Privada;;;901-1000;12.65;;;701-800;3.59;;;1001+;2.26;;;;701-800;3.58;;;;501-600;501-600;3.22
2025;direito;Faculdade Quirinópolis;GO;601;Privada;;;801-900;12.82;;;901-1000;2.65;;;501-600;4.79;;;;1001+;0.26;;;;501-600;170;5.12
2025;direito;Centro Universitário Metropolitano de Maringá;PR;601;Privada;;;901-1000;12.14;;;601-700;4.5;;;1001+;2.12;;;;1001+;1.43;;;;501-600;351-400;4.09
2025;direito;Faculdade Projeção de Sobradinho;DF;601;Privada;;;138;23.22;;;401-500;5.72;;;1;8;;;;47;7.74;;;;501-600;801-900;1.76
2025;direito;Centro Universitário Metodista;RS;601;Privada;;;601-700;15.73;;;701-800;3.82;;;1001+;1.29;;;;351-400;6.03;;;;501-600;251-300;4.59
2025;direito;Centro Universitário Maurício de Nassau de Barreiras;BA;601;Privada;;;601-700;15.59;;;351-400;6.01;;;501-600;4.86;;;;701-800;3.99;;;;501-600;1001+;0.73
2025;direito;Faculdade Peruíbe;SP;601;Privada;;;1001+;10.64;;;351-400;5.96;;;1001+;0.46;;;;801-900;2.97;;;;501-600;901-1000;1.25
2025;direito;Centro Universitário de Iporá;GO;601;Privada;;;1001+;7.47;;;801-900;3.39;;;901-1000;2.29;;;;1001+;0.56;;;;501-600;901-1000;1.23
2025;direito;Abeu - Centro Universitário;RJ;601;Privada;;;601-700;15.24;;;601-700;4.63;;;501-600;4.99;;;;801-900;3;;;;501-600;601-700;2.62
2025;direito;Faculdade de Ensino Superior Dom Bosco;PR;601;Privada;;;1001+;10.49;;;901-1000;2.76;;;1001+;1.06;;;;1001+;0.67;;;;501-600;1;6
2025;direito;Centro Universitário Mário Palmério;MG;601;Privada;;;601-700;15.21;;;501-600;5.13;;;601-700;4.52;;;;1001+;2;;;;501-600;401-500;3.56
2025;direito;Faculdade de Olímpia;SP;601;Privada;;;901-1000;12.2;;;601-700;4.12;;;1001+;0.93;;;;1001+;2.28;;;;501-600;201-250;4.87
2025;direito;Faculdade do Baixo Parnaíba;MA;601;Privada;;;117;24.27;;;201-250;6.66;;;1;8;;;;701-800;3.61;;;;501-600;1;6
2025;direito;Centro Universitário Mario Pontes Jucá;AL;601;Privada;;;199;21.76;;;801-900;3.5;;;1;8;;;;601-700;4.26;;;;501-600;1;6
2025;direito;Faculdade Estácio da Paraíba;PB;601;Privada;48;12.96;901-1000;12.01;;;801-900;3.12;;;901-1000;2.55;;;;701-800;3.64;;;;501-600;601-700;2.7
2025;direito;Centro Universitário Vale do Cricaré;ES;601;Privada;;;501-600;16.52;;;401-500;5.48;;;701-800;3.8;;;;801-900;3.35;;;;501-600;401-500;3.89
2025;direito;Faculdade de Ciências Gerenciais Alves Fortes;MG;601;Privada;;;1001+;10.66;;;501-600;5.19;;;;;;;;1001+;0.72;;;;501-600;201-250;4.75
2025;direito;Centro Universitário da Grande Fortaleza;CE;601;Privada;;;401-500;17.94;;;144;7.2;;;901-1000;2.42;;;;1001+;2.32;;;;501-600;1;6
2025;direito;Faculdade Unida de Campinas Goiânia;GO;601;Privada;;;103;25.15;;;51;7.72;;;301-350;6.17;;;;401-500;5.26;;;;501-600;1;6
2025;direito;Faculdade de Ensino Superior de Floriano;PI;601;Privada;;;601-700;15.22;;;701-800;3.65;;;301-350;6.08;;;;801-900;3.04;;;;501-600;601-700;2.45
2025;direito;Faculdade Anhanguera de Belo Horizonte;MG;601;Privada;;;401-500;16.9;;;401-500;5.35;;;501-600;4.64;;;;201-250;6.71;;;;501-600;1001+;0.2
2025;direito;Centro Universitário Luterano de Santarém;PA;601;Privada;;;501-600;16.13;;;601-700;4.46;;;301-350;6.11;;;;601-700;4.42;;;;501-600;901-1000;1.14
2025;direito;Faculdade Cnec Joinville;SC;601;Privada;;;1001+;9.59;;;1001+;1.13;;;401-500;5.21;;;;1001+;2.07;;;;501-600;901-1000;1.18
2025;direito;Faculdade Anhanguera de Poços de Caldas;MG;601;Privada;181;7.2;351-400;18.35;;;37;7.8;;;701-800;3.45;;;;172;7.04;;;;501-600;1001+;0.06
2025;direito;Faculdade Anhanguera de Brasília;DF;601;Privada;;;401-500;17.74;;;401-500;5.66;;;401-500;5.35;;;;251-300;6.49;;;;501-600;1001+;0.24
2025;direito;Faculdade Bahiana de Engenharia e Ciências Sociais Aplicadas;BA;601;Privada;181;7.2;401-500;16.9;;;1001+;0.9;;;1;8;;;;1;8;;;;501-600;;
2025;direito;Instituto Federal de Educação, Ciência e Tecnologia do Sudeste de Minas Gerais;MG;601;Federal;;;84;26.81;;;56;7.69;;;1;8;;;;501-600;5.12;;;;92;1;6
2025;direito;Instituto de Ensino Superior da Grande Florianópolis;SC;601;Privada;;;1001+;8.37;;;351-400;5.88;;;1001+;0.53;;;;1001+;1;;;;501-600;901-1000;0.96
2025;direito;Centro Universitário de Paulínia;SP;601;Privada;;;1001+;11.37;;;351-400;6.01;;;1001+;2.01;;;;1001+;0.78;;;;501-600;601-700;2.57
2025;direito;Faculdade Unirb - Arapiraca;AL;601;Privada;;;301-350;19.08;;;1001+;1.54;;;1;8;;;;301-350;6.16;;;;501-600;501-600;3.38
2025;direito;Centro Universitário Unirb;BA;601;Privada;;;351-400;18.54;;;801-900;3.49;;;1;8;;;;351-400;5.92;;;;501-600;901-1000;1.13
2025;direito;Centro Universitário do Norte de São Paulo;SP;601;Privada;181;7.2;401-500;17.32;;;701-800;3.67;;;601-700;4.35;;;;801-900;3.3;;;;501-600;1;6
2025;direito;Faculdade Fasipe;MT;601;Privada;;;401-500;16.83;;;401-500;5.34;;;601-700;4.36;;;;1001+;2.01;;;;501-600;170;5.12
2025;direito;Centro Universitário Metropolitano de São Paulo;SP;601;Privada;;;801-900;12.85;;;901-1000;2.66;;;351-400;5.92;;;;901-1000;2.45;;;;501-600;801-900;1.82
2025;direito;Centro Regional Universitário de Espírito Santo do Pinhal;SP;601;Privada;181;7.2;901-1000;11.86;;;146;7.19;;;1001+;0.41;;;;801-900;3.04;;;;601-700;901-1000;1.22
2025;direito;Centro Universitário Carlos Drummond de Andrade;SP;601;Privada;181;7.2;401-500;17.79;;;1001+;2.14;;;1;8;;;;401-500;5.39;;;;501-600;701-800;2.26
2025;direito;Centro Universitário Unidom - Bosco;PR;601;Privada;;;901-1000;12.55;;;801-900;3.15;;;1001+;2.17;;;;601-700;4.1;;;;501-600;501-600;3.13
2025;direito;Faculdade do Sertão do Pajeú;PE;601;Municipal;;;301-350;18.88;;;701-800;3.7;;;1;8;;;;801-900;3.34;;;;91;401-500;3.84
2025;direito;Centro Universitário Anhanguera Pitágoras Unopar de Campo Grande;MS;601;Privada;;;401-500;17.14;;;501-600;4.86;;;401-500;5.31;;;;201-250;6.6;;;;601-700;1001+;0.37
2025;direito;Faculdade Anhanguera de Ciências Jurídicas, Gerenciais e Educação de Sinop;MT;601;Privada;;;351-400;18.55;;;351-400;6.03;;;401-500;5.14;;;;201-250;6.81;;;;501-600;1001+;0.57
2025;direito;Centro Universitário Icesp;DF;601;Privada;;;501-600;16.29;;;201-250;6.73;;;801-900;3.1;;;;1001+;0.46;;;;501-600;1;6
2025;direito;Centro Universitário Unifatecie;PR;601;Privada;;;136;23.26;;;351-400;6;;;1;8;;;;501-600;4.7;;;;601-700;251-300;4.56
2025;direito;Faculdade Anhanguera de Sorriso;MT;601;Privada;;;701-800;13.8;;;601-700;4.22;;;601-700;4.31;;;;501-600;4.86;;;;501-600;1001+;0.41
2025;direito;Faculdade Estácio de Sá de Ourinhos;SP;601;Privada;;;701-800;14.01;;;501-600;5.12;;;1001+;1.04;;;;401-500;5.44;;;;501-600;601-700;2.41
2025;direito;Faculdade One Learning;SE;601;Privada;;;100;25.24;;;701-800;3.88;;;1;8;;;;115;7.36;;;;501-600;1;6
2025;direito;Faculdade Anhanguera de Primavera do Leste;MT;601;Privada;;;801-900;13.55;;;801-900;3.43;;;501-600;4.67;;;;501-600;5.02;;;;501-600;1001+;0.43
2025;direito;Faculdades Integradas de Itapetininga;SP;601;Privada;;;401-500;17.18;;;401-500;5.47;;;401-500;5.39;;;;1001+;0.32;;;;501-600;1;6
2025;direito;Faculdade de Ensino Superior da Cidade de Feira de Santana;BA;601;Privada;;;91;26.06;;;160;7.11;;;1;8;;;;251-300;6.59;;;;501-600;301-350;4.36
2025;direito;Centro Universitário do Vale do Araguaia;MT;601;Privada;;;98;25.33;;;1001+;2.08;;;801-900;3.16;;;;901-1000;2.52;25;13.6;;501-600;351-400;3.97
2025;direito;Faculdades Integradas de Rondonópolis;MT;601;Privada;;;401-500;17.39;;;901-1000;2.77;;;301-350;6.03;;;;401-500;5.21;;;;501-600;501-600;3.38
2025;direito;Faculdades Londrina;PR;601;Privada;;;401-500;16.92;;;301-350;6.08;;;901-1000;2.28;;;;251-300;6.41;;;;501-600;701-800;2.15
2025;direito;Centro Univeritário UniVOLTAIRE;AC;601;Privada;;;901-1000;12.41;;;251-300;6.47;;;1001+;0.79;;;;1001+;1.96;;;;501-600;501-600;3.19
2025;direito;Faculdade Anhanguera de São Luiz;MA;601;Privada;;;351-400;18.02;;;401-500;5.75;;;401-500;5.24;;;;201-250;6.76;;;;501-600;1001+;0.27
2025;direito;Faculdade São Francisco da Paraíba;PB;601;Privada;;;801-900;12.82;;;801-900;3.14;;;801-900;3.13;;;;1001+;1.65;;;;501-600;201-250;4.9
2025;direito;Instituto Superior do Litoral do Paraná;PR;601;Privada;;;351-400;18.2;;;801-900;3.06;;;351-400;5.92;;;;801-900;3.22;;;;501-600;1;6
2025;direito;Faculdade Estácio Macapá;AP;601;Privada;181;7.2;1001+;10.18;;;801-900;3.21;;;801-900;2.98;;;;1001+;1.5;;;;501-600;601-700;2.49
2025;direito;Faculdade de Tecnologia e Administração Edufor;MA;601;Privada;;;251-300;20.27;;;701-800;3.79;;;1;8;;;;701-800;3.57;;;;501-600;201-250;4.91
2025;direito;Centro Universitário Estácio da Bahia;BA;601;Privada;181;7.2;701-800;13.63;;;601-700;4.58;;;1001+;1.68;;;;601-700;4.19;;;;501-600;501-600;3.18
2025;direito;Centro Universitário La Salle;MT;601;Privada;;;501-600;16.06;;;501-600;5.03;;;351-400;5.86;;;;801-900;3.5;;;;501-600;801-900;1.67
2025;direito;Faculdade de Administração de Santa Cruz do Rio Pardo;SP;601;Privada;;;1001+;10.05;;;501-600;4.82;;;1001+;0.11;;;;1001+;1.53;;;;501-600;401-500;3.59
2025;direito;Faculdade do Litoral Paranaense;PR;601;Privada;;;401-500;16.98;;;701-800;3.77;;;1;8;;;;1001+;2.05;;;;501-600;501-600;3.16
2025;direito;Centro Universitário Maurício de Nassau Derby;PE;601;Privada;;;901-1000;12.34;;;801-900;3.04;;;1001+;0.41;;;;501-600;4.68;;;;501-600;301-350;4.21
2025;direito;Faculdade Cristo Rei;PR;601;Privada;;;701-800;13.95;;;901-1000;2.81;;;401-500;5.26;;;;1001+;1.21;;;;501-600;251-300;4.67
2025;direito;Faculdades Integradas São Judas Tadeu;RS;601;Privada;;;701-800;14.39;;;301-350;6.06;;;1001+;0.44;;;;601-700;4.18;;;;501-600;401-500;3.71
2025;direito;Instituto Universitário Una de Catalão;GO;601;Privada;;;501-600;16.49;;;401-500;5.74;;;901-1000;2.49;;;;501-600;5;;;;501-600;501-600;3.26
2025;direito;Faculdade de Direito de Alta Floresta;MT;601;Privada;;;801-900;13.25;;;501-600;5.17;;;351-400;5.82;;;;1001+;0.36;;;;501-600;701-800;1.9
2025;direito;Faculdades Integradas Asmec;MG;601;Privada;;;1001+;10.82;;;401-500;5.7;;;801-900;2.88;;;;1001+;1.11;;;;501-600;901-1000;1.13
2025;direito;Faculdade de Ciências Humanas Esuda;PE;601;Privada;;;121;24.05;;;801-900;3.04;;;1;8;;;;177;7.01;;;;501-600;1;6
2025;direito;Faculdade de Ciências Sociais Aplicadas de Extrema;MG;601;Privada;;;1001+;10.56;;;501-600;5.19;;;;;;;;1001+;1.76;;;;501-600;401-500;3.61
2025;direito;Faculdade de Santa Luzia;MG;601;Privada;;;701-800;14.29;;;901-1000;2.8;;;1001+;1.56;;;;701-800;3.93;;;;501-600;1;6
2025;direito;Centro Universitário Estácio de Brasília;DF;601;Privada;;;801-900;12.75;;;501-600;4.92;;;1001+;2.23;;;;701-800;3.86;;;;501-600;801-900;1.74
2025;direito;Universidade Estadual do Centro Oeste;PR;601;Estadual;;;135;23.31;;;124;7.31;;;1;8;;;;1;8;;;;95;;
2025;direito;Faculdade Anísio Teixeira de Feira de Santana;BA;601;Privada;;;251-300;19.93;;;160;7.11;;;1;8;;;;1001+;2.14;;;;501-600;601-700;2.68
2025;direito;Centro Universitário Claretiano;SP;601;Privada;181;7.2;401-500;17.63;;;251-300;6.56;;;801-900;3.2;;;;201-250;6.86;;;;501-600;901-1000;1.01
2025;direito;Faculdade de Ensino Superior Santa Barbara;SP;601;Privada;;;701-800;14.33;;;196;6.91;;;1001+;1.08;;;;1001+;1.38;;;;501-600;201-250;4.96
2025;direito;Faculdade Lions;GO;601;Privada;;;701-800;14.44;;;901-1000;2.7;;;501-600;4.78;;;;1001+;2.08;;;;501-600;201-250;4.88
2025;direito;Universidade Santo Amaro;SP;601;Privada;;;301-350;18.82;;;501-600;5.06;;;401-500;5.48;;;;301-350;6.2;;;;601-700;701-800;2.08
2025;direito;Faculdade Católica da Paraíba;PB;601;Privada;;;1001+;10.76;;;351-400;5.93;;;1001+;1.23;;;;1001+;1.82;;;;501-600;801-900;1.78
2025;direito;Faculdade Anhanguera de Jacareí;SP;601;Privada;;;401-500;17.19;;;501-600;4.73;;;401-500;5.34;;;;201-250;6.82;;;;501-600;1001+;0.3
2025;direito;Faculdade Guaraí;TO;601;Privada;;;1001+;9.34;;;701-800;4.02;;;901-1000;2.5;;;;1001+;0.49;;;;501-600;701-800;2.33
2025;direito;Faculdade Estácio do Rio Grande do Sul;RS;601;Privada;181;7.2;801-900;13.44;;;601-700;4.15;;;1001+;2.19;;;;601-700;4.23;;;;501-600;601-700;2.87
2025;direito;Instituto Salvador de Ensino e Cultura;BA;601;Privada;;;1001+;4.02;;;1001+;0.9;;;1001+;1.79;;;;1001+;0.58;;;;501-600;1001+;0.75
2025;direito;Escola de Ensino Superior do Agreste Paraibano;PB;601;Privada;181;7.2;501-600;16.39;;;801-900;3.12;;;501-600;5.06;;;;1001+;2.21;;;;501-600;1;6
2025;direito;Faculdade Cnec Alberto Torres;RJ;601;Privada;;;401-500;17.84;;;301-350;6.23;;;901-1000;2.31;;;;801-900;3.3;;;;501-600;1;6
2025;direito;Centro Universitário Santa Maria da Glória;PR;601;Privada;;;401-500;17.94;;;801-900;3.28;;;401-500;5.56;;;;301-350;6.31;;;;501-600;601-700;2.79
2025;direito;Faculdade Cesmac do Sertão;AL;601;Privada;;;601-700;15.62;;;401-500;5.51;;;901-1000;2.7;;;;801-900;3.26;;;;501-600;351-400;4.15
2025;direito;Universidade Federal de Jataí;GO;601;Federal;;;88;26.51;;;29;7.84;;;1;8;;;;105;7.42;;;;93;501-600;3.25
2025;direito;Faculdade Internacional da Paraíba;PB;601;Privada;;;701-800;14.21;;;201-250;6.88;;;901-1000;2.4;;;;601-700;4.37;;;;601-700;1001+;0.56
2025;direito;Centro Universitário Campos de Andrade;PR;601;Privada;;;201-250;21.14;;;601-700;4.18;;;401-500;5.26;;;;177;7.01;;;;501-600;251-300;4.69
2025;direito;Universidade de Rio Verde;GO;601;Municipal;;;351-400;18.12;;;701-800;3.67;;;351-400;5.98;;;;301-350;6.31;;;;94;701-800;2.16
2025;direito;Faculdade de Ciências e Tecnologia de Unaí;MG;601;Privada;;;1001+;11.27;;;401-500;5.38;;;901-1000;2.3;;;;1001+;1.88;;;;501-600;801-900;1.71
2025;direito;Faculdade Anhanguera de Ciências Sociais Aplicadas de Sinop;MT;601;Privada;;;251-300;19.95;;;162;7.1;;;401-500;5.33;;;;122;7.32;;;;501-600;1001+;0.2
2025;direito;Faculdades Integradas Rui Barbosa;SP;601;Privada;48;12.96;801-900;13.4;;;1001+;1.53;;;1;8;;;;1001+;0.9;;;;501-600;501-600;2.97
2025;direito;Centro Universitário Arnaldo Horácio Ferreira;BA;601;Privada;;;1001+;7.94;;;801-900;3.46;;;1001+;1.51;;;;1001+;1.64;;;;501-600;801-900;1.33
2025;direito;Centro Universitário São Lucas Ji-paraná;RO;601;Privada;;;1001+;9.59;;;1001+;2.32;;;501-600;4.84;;;;1001+;0.54;;;;501-600;701-800;1.89
2025;direito;Faculdade de Santa Catarina;SC;601;Privada;;;1001+;6.43;;;801-900;3.44;;;1001+;0.55;;;;1001+;1.06;;;;501-600;801-900;1.38
2025;direito;Centro Universitário Unirb - Alagoinhas;BA;701;Privada;;;501-600;16.14;;;1001+;0.9;;;401-500;5.56;;;;351-400;5.78;;;;601-700;401-500;3.9
2025;direito;Faculdade de Saúde, Ciências e Tecnologia;SP;701;Privada;181;7.2;601-700;15;;;701-800;3.9;;;601-700;4.2;;;;1001+;0.9;;;;601-700;1;6
2025;direito;Faculdade Anhanguera de Itapeva;SP;701;Privada;;;251-300;19.71;;;164;7.09;;;501-600;4.96;;;;201-250;6.78;;;;601-700;901-1000;0.88
2025;direito;Faculdade Três Marias;PB;701;Privada;181;7.2;701-800;14.28;;;801-900;3.12;;;901-1000;2.61;;;;901-1000;2.55;;;;601-700;1;6
2025;direito;Faculdade Ideau de Caxias do Sul;RS;701;Privada;;;201-250;21.11;;;83;7.54;;;1;8;;;;401-500;5.32;;;;601-700;1001+;0.25
2025;direito;Centro Universitário Uni-ban;SP;701;Privada;;;201-250;20.81;;;1001+;1.53;;;1;8;;;;401-500;5.28;;;;601-700;1;6
2025;direito;Centro Universitário Uniftc;BA;701;Privada;;;201-250;21.58;;;401-500;5.26;;;1;8;;;;131;7.27;;;;601-700;901-1000;1.05
2025;direito;Faculdade Minas Gerais;MG;701;Privada;;;501-600;15.96;;;251-300;6.33;;;1001+;1.7;;;;701-800;3.92;;;;601-700;351-400;4.01
2025;direito;Centro Universitário Celso Lisboa;RJ;701;Privada;181;7.2;701-800;13.72;;;1001+;0.97;;;1;8;;;;601-700;4.24;;;;601-700;1001+;0.51
2025;direito;Faculdade Espírito Santense de Ciências Jurídicas;ES;701;Privada;;;1001+;8;;;189;6.95;;;;;;;;1001+;0.47;;;;601-700;1001+;0.58
2025;direito;Faculdade Estácio de Castanhal;PA;701;Privada;;;1001+;11.71;;;601-700;4.48;;;1001+;1.87;;;;901-1000;2.48;;;;601-700;601-700;2.88
2025;direito;Faculdade de Educação Ciências e Artes Dom Bosco de Monte Aprazível;SP;701;Privada;;;1001+;11.59;;;601-700;4.11;;;1001+;0.74;;;;1001+;1.65;;;;601-700;176;5.09
2025;direito;Faculdade Brasileira do Recôncavo;BA;701;Privada;;;201-250;21.61;;;401-500;5.25;;;1;8;;;;801-900;3.47;;;;601-700;201-250;4.89
2025;direito;Centro Universitário Maria Milza;BA;701;Privada;;;201-250;21.63;;;351-400;5.98;;;1;8;;;;701-800;3.69;;;;601-700;351-400;3.96
2025;direito;Centro Universitário Unisan;SP;701;Privada;;;179;22.11;;;201-250;6.79;;;1;8;;;;401-500;5.49;;;;601-700;801-900;1.83
2025;direito;Centro de Ensino Superior de Jataí;GO;701;Privada;;;1001+;6.79;;;901-1000;2.83;;;;;;;;1001+;0.19;;;;601-700;401-500;3.77
2025;direito;Centro Universitário Ingá;PR;701;Privada;181;7.2;601-700;15.69;;;1001+;1.8;;;1;8;;;;501-600;4.89;;;;601-700;901-1000;1
2025;direito;Centro Universitário Espírito-Santense;ES;701;Privada;;;251-300;20.17;;;17;7.91;;;401-500;5.49;;;;701-800;3.72;;;;601-700;501-600;3.05
2025;direito;Centro Universitário Vale do Salgado;CE;701;Privada;;;201-250;20.9;;;251-300;6.57;;;401-500;5.64;;;;301-350;6.14;;;;601-700;601-700;2.55
2025;direito;Centro Universitário de Rondônia;RO;701;Privada;;;1001+;11.45;;;701-800;3.84;;;601-700;4.44;;;;901-1000;2.44;;;;601-700;1001+;0.73
2025;direito;Faculdade Interamericana de Porto Velho;RO;701;Privada;;;1001+;8.64;;;601-700;4.22;;;1001+;1.74;;;;1001+;0.5;;;;601-700;701-800;2.18
2025;direito;Faculdade Integrada Carajás;PA;701;Privada;;;167;22.33;;;901-1000;2.59;;;1;8;;;;401-500;5.74;;;;601-700;1;6
2025;direito;Faculdade Funorte de Januária;MG;701;Privada;;;251-300;19.96;;;1001+;0.36;;;301-350;6.14;;;;97;7.46;;;;601-700;1;6
2025;direito;Centro Universitário União das Américas Descomplica;PR;701;Privada;181;7.2;601-700;15.31;;;1001+;1.8;;;401-500;5.38;;;;601-700;4.44;;;;601-700;401-500;3.69
2025;direito;Faculdade Cnec Unaí;MG;701;Privada;;;1001+;3.43;;;901-1000;2.73;;;1001+;0.08;;;;1001+;0.62;;;;601-700;;
2025;direito;Centro Universitário Brasília do Estado de Goiás;GO;701;Privada;;;701-800;13.7;;;601-700;4.5;;;801-900;2.87;;;;701-800;3.61;;;;601-700;601-700;2.72
2025;direito;Centro Universitário de Goiânia;GO;701;Privada;;;1001+;7.27;;;401-500;5.48;;;1001+;0.16;;;;1001+;1.16;;;;601-700;1001+;0.47
2025;direito;Faculdade Estácio de Alagoas;AL;701;Privada;;;1001+;10.73;;;701-800;3.95;;;1001+;1.28;;;;801-900;3.1;;;;601-700;601-700;2.4
2025;direito;Faculdade Santos Dumont;MG;701;Privada;;;501-600;16.43;;;301-350;6.22;;;1001+;2.27;;;;1001+;1.94;;;;601-700;1;6
2025;direito;Centro Universitário Estácio de São Luís;MA;701;Privada;181;7.2;1001+;11.35;;;701-800;4.01;;;1001+;2.14;;;;1001+;1.92;;;;601-700;501-600;3.28
2025;direito;Centro Universitário Maurício de Nassau de Salvador;BA;701;Privada;;;401-500;17.42;;;301-350;6.29;;;601-700;4.48;;;;401-500;5.23;;;;601-700;801-900;1.42
2025;direito;Faculdade São Francisco de Assis;RS;701;Privada;;;1001+;7.58;;;1001+;1.93;;;1001+;1;;;;901-1000;2.88;;;;601-700;801-900;1.77
2025;direito;Centro Universitário Ibmr;RJ;701;Privada;;;152;22.77;;;182;6.99;;;501-600;4.71;;;;301-350;6.25;;;;601-700;201-250;4.82
2025;direito;Faculdade Anhanguera Unime de Salvador;BA;701;Privada;;;251-300;19.87;;;251-300;6.58;;;401-500;5.43;;;;201-250;6.64;;;;601-700;901-1000;1.22
2025;direito;Faculdade Nacional de Educação e Ensino Superior do Paraná;PR;701;Privada;;;601-700;15.48;;;901-1000;2.83;;;351-400;5.97;;;;801-900;3.16;;;;601-700;401-500;3.52
2025;direito;Faculdade Anhanguera de Passo Fundo;RS;701;Privada;;;401-500;17.54;;;351-400;5.97;;;601-700;4.15;;;;124;7.31;;;;601-700;1001+;0.11
2025;direito;Faculdade Uninassau Jaboatão Dos Guararapes;PE;701;Privada;;;251-300;19.83;;;801-900;3.04;;;1;8;;;;901-1000;2.79;;;;601-700;1;6
2025;direito;Faculdade de Direito e Ciências Sociais do Leste de Minas;MG;701;Privada;;;901-1000;12.03;;;1001+;0.36;;;401-500;5.47;;;;1001+;2.34;;;;601-700;401-500;3.86
2025;direito;Centro Universitário Módulo;SP;701;Privada;;;1001+;9.08;;;801-900;3.38;;;1001+;0.72;;;;801-900;3.41;;;;601-700;801-900;1.57
2025;direito;Faculdade Galileu;SP;701;Privada;;;173;22.19;;;97;7.46;;;801-900;3.39;;;;401-500;5.34;;;;601-700;1;6
2025;direito;Centro Universitário do Norte de Minas;MG;701;Privada;;;183;22.05;;;1001+;0.36;;;1;8;;;;56;7.69;;;;601-700;1;6
2025;direito;Faculdade do Vale do Itapecurú;MA;701;Privada;;;351-400;18.06;;;121;7.33;;;401-500;5.69;;;;1001+;0.63;;;;601-700;301-350;4.41
2025;direito;Faculdade Unirb - Aracaju;SE;701;Privada;;;251-300;20.06;;;701-800;3.88;;;1;8;;;;102;7.43;;;;601-700;1001+;0.75
2025;direito;Faculdade Três de Maio;RS;701;Privada;181;7.2;601-700;14.85;;;251-300;6.45;;;1001+;0.21;;;;1001+;2.19;;;;601-700;1;6
2025;direito;Centro Universitário Facisa;PB;701;Privada;;;251-300;20.16;;;401-500;5.41;;;1;8;;;;601-700;4.08;;;;601-700;601-700;2.67
2025;direito;Faculdade Inspirar;PR;701;Privada;;;182;22.07;;;201-250;6.85;;;401-500;5.64;;;;701-800;3.58;;;;601-700;1;6
2025;direito;Centro Universitário Anhanguera Pitágoras Ampli;SP;701;Privada;;;401-500;17.03;;;501-600;4.84;;;501-600;4.91;;;;154;7.14;;;;601-700;1001+;0.14
2025;direito;Faculdade Anhanguera de Indaiatuba;SP;701;Privada;181;7.2;601-700;15.73;;;401-500;5.72;;;701-800;3.48;;;;301-350;6.16;;;;601-700;1001+;0.37
2025;direito;Faculdade Anhanguera de São Bernardo;SP;701;Privada;;;301-350;19.25;;;301-350;6.13;;;401-500;5.66;;;;127;7.29;;;;601-700;1001+;0.17
2025;direito;Faculdade Maranhense São José Dos Cocais;MA;701;Privada;;;701-800;14.34;;;201-250;6.76;;;801-900;3.24;;;;1001+;0.31;;;;601-700;351-400;4.03
2025;direito;Faculdade Estácio do Amapá;AP;701;Privada;181;7.2;1001+;10.92;;;501-600;4.81;;;1001+;2.22;;;;1001+;1.35;;;;601-700;601-700;2.54
2025;direito;Centro Universitário Fundação Santo André;SP;701;Privada;;;701-800;13.74;;;601-700;4.57;;;1001+;1.5;;;;401-500;5.51;;;;601-700;701-800;2.16
2025;direito;Instituto Florence de Ensino Superior;MA;701;Privada;;;301-350;18.74;;;501-600;5.11;;;1;8;;;;1001+;0.85;;;;601-700;201-250;4.78
2025;direito;Faculdade Lusófona de São Paulo;SP;701;Privada;;;1001+;11.72;;;901-1000;2.8;;;;;;;;701-800;4;;;;601-700;201-250;4.92
2025;direito;Faculdade de Tecnologia e Ciências;PE;701;Privada;;;251-300;19.96;;;801-900;3.04;;;1;8;;;;118;7.34;;;;601-700;801-900;1.58
2025;direito;Faculdade Anhanguera de Itabuna;BA;701;Privada;;;701-800;14.34;;;601-700;4.39;;;601-700;4.09;;;;401-500;5.71;;;;601-700;1001+;0.15
2025;direito;Centro Universitário Piaget;SP;701;Privada;;;160;22.54;;;201-250;6.61;;;1;8;;;;1001+;1.93;;;;601-700;1;6
2025;direito;Centro Universitário Opet;PR;701;Privada;;;701-800;14.42;;;501-600;4.79;;;901-1000;2.36;;;;351-400;5.79;;;;601-700;801-900;1.48
2025;direito;Faculdade Almeida Rodrigues;GO;701;Privada;;;501-600;16.34;;;401-500;5.23;;;1;8;;;;1001+;1.42;;;;601-700;801-900;1.69
2025;direito;Faculdade Salesiana de Santa Teresa;MS;701;Privada;;;901-1000;12.5;;;501-600;4.83;;;901-1000;2.61;;;;1001+;0.57;;;;601-700;251-300;4.49
2025;direito;Faculdade São Sebastião;SP;701;Privada;;;1001+;4.98;;;1001+;1.53;;;1001+;0.83;;;;1001+;1.31;;;;601-700;901-1000;1.31
2025;direito;Faculdade Anhanguera de Jundiaí;SP;701;Privada;;;401-500;16.86;;;501-600;4.91;;;401-500;5.23;;;;201-250;6.61;;;;601-700;1001+;0.11
2025;direito;Faculdade Faipe;MT;701;Privada;;;184;22.03;;;301-350;6.3;;;351-400;5.94;;;;701-800;3.79;;;;601-700;1;6
2025;direito;Instituto de Ensino Superior de Bauru;SP;701;Privada;;;601-700;14.74;;;701-800;3.73;;;801-900;3.23;;;;1001+;1.78;;;;601-700;1;6
2025;direito;Centro Universitário da Amazônia - UNIESAMAZ;PA;701;Privada;;;158;22.57;;;901-1000;2.68;;;1;8;;;;351-400;5.89;;;;601-700;1;6
2025;direito;Ipog - Instituto de Pós-graduação & Graduação;GO;701;Privada;181;7.2;701-800;13.7;;;1001+;0.51;;;401-500;5.3;;;;701-800;3.78;;;;601-700;351-400;4.11
2025;direito;Universidade Anhanguera;MS;701;Privada;;;701-800;13.92;;;701-800;3.77;;;401-500;5.22;;;;601-700;4.55;;;;601-700;1001+;0.38
2025;direito;Universidade Estadual do Paraná;PR;701;Estadual;;;140;23.17;;;124;7.31;;;1;8;;;;401-500;5.46;;;;96;601-700;2.4
2025;direito;Faculdade de Araraquara;SP;701;Privada;;;601-700;15.39;;;701-800;4.03;;;701-800;3.83;;;;901-1000;2.87;;;;601-700;251-300;4.66
2025;direito;Centro Universitário Brasileiro;PE;701;Privada;;;189;21.98;;;601-700;4.37;;;501-600;5.03;;;;36;7.8;;;;601-700;201-250;4.78
2025;direito;Faculdade Padrão;GO;701;Privada;;;401-500;17.46;;;801-900;3.43;;;1;8;;;;1001+;1.7;;;;601-700;301-350;4.33
2025;direito;Centro Universitário Mais;GO;701;Privada;;;801-900;12.88;;;801-900;3.38;;;351-400;5.98;;;;1001+;2.21;;;;601-700;901-1000;1.31
2025;direito;Centro Universitário da Amazônia Belém;PA;701;Privada;;;501-600;16.48;;;501-600;4.87;;;501-600;4.94;;;;401-500;5.35;;;;601-700;901-1000;1.32
2025;direito;Faculdade de Tecnologia Estácio de Curitiba;PR;701;Privada;;;401-500;16.84;;;1001+;1.8;;;701-800;3.73;;;;176;7.02;;;;601-700;301-350;4.29
2025;direito;Escola Superior da Amazônia de Abaetetuba;PA;701;Privada;;;139;23.17;;;901-1000;2.59;;;1;8;;;;251-300;6.58;;;;601-700;1;6
2025;direito;Faculdade de Aracaju;SE;701;Privada;;;1001+;6.96;;;601-700;4.41;;;1001+;1.64;;;;1001+;0.12;;;;601-700;1001+;0.79
2025;direito;Faculdade Santa Rita de Cássia;GO;701;Privada;;;601-700;15.34;;;401-500;5.29;;;1001+;1.15;;;;901-1000;2.9;;;;601-700;1;6
2025;direito;Fundação Faculdade de Filosofia, Ciências e Letras de Mandaguari;PR;701;Municipal;;;901-1000;12.08;;;1001+;1.93;;;1001+;0.3;;;;701-800;3.85;;;;98;1;6
2025;direito;Universidade Metropolitana de Santos;SP;701;Privada;;;351-400;18.55;;;128;7.29;;;601-700;4.48;;;;601-700;4.58;;;;601-700;701-800;2.2
2025;direito;Faculdade de Direito Avantis de Itapema;SC;701;Privada;;;251-300;20.16;;;1001+;1.13;;;1;8;;;;501-600;5.03;;;;601-700;1;6
2025;direito;Centro Universitário Internacional Signorelli;RJ;701;Privada;;;1001+;11.81;;;701-800;3.91;;;1001+;1.26;;;;1001+;2.05;;;;601-700;251-300;4.59
2025;direito;Centro Universitário Unifateb;PR;701;Privada;;;1001+;11.07;;;601-700;4.15;;;1001+;2.22;;;;1001+;1.02;;;;601-700;401-500;3.68
2025;direito;Faculdade Unifametro Maracanaú;CE;701;Privada;;;201-250;21.35;;;401-500;5.57;;;501-600;4.91;;;;351-400;5.86;;;;601-700;191;5.01
2025;direito;Centro Universitário Unibras Rio Verde;GO;701;Privada;;;501-600;16.22;;;701-800;4.09;;;301-350;6.11;;;;601-700;4.25;;;;601-700;801-900;1.77
2025;direito;Centro Universitário das Faculdades Associadas de Ensino;SP;701;Municipal;48;12.96;1001+;7.34;;;1001+;1.53;;;901-1000;2.73;;;;801-900;3.08;;;;101;;
2025;direito;Faculdade Anhanguera de Ponta Grossa;PR;701;Privada;;;351-400;18.03;;;601-700;4.54;;;351-400;5.74;;;;74;7.59;;;;601-700;1001+;0.16
2025;direito;Faculdade de Ciências Humanas do Sertão Central;PE;701;Municipal;;;1001+;7.46;;;701-800;3.6;;;;;;;;1001+;0.2;;;;99;401-500;3.66
2025;direito;Faculdade Funorte de Janaúba;MG;701;Privada;;;177;22.14;;;1001+;0.36;;;1;8;;;;40;7.78;;;;601-700;1;6
2025;direito;Universidade Federal do Norte do Tocantins;TO;701;Federal;;;143;22.99;;;69;7.62;;;1;8;;;;113;7.37;;;;97;;
2025;direito;Centro Universitário de Salvador;BA;701;Privada;;;1001+;9.5;;;351-400;6.04;;;901-1000;2.29;;;;1001+;0.84;;;;601-700;1001+;0.33
2025;direito;Faculdade de Nova Serrana;MG;701;Privada;181;7.2;801-900;13.46;;;1001+;0.36;;;351-400;5.74;;;;901-1000;2.79;;;;601-700;251-300;4.57
2025;direito;Faculdade de Apucarana;PR;701;Privada;;;801-900;12.92;;;351-400;6.04;;;1001+;2.07;;;;1001+;0.62;;;;601-700;301-350;4.19
2025;direito;Faculdade Atitus Educação Online;RS;701;Privada;;;201-250;21.24;;;351-400;5.93;;;351-400;5.85;;;;27;7.85;;;;601-700;801-900;1.61
2025;direito;Faculdade Ibgen;RS;701;Privada;;;601-700;14.54;;;201-250;6.67;;;1001+;1.84;;;;901-1000;2.79;;;;601-700;501-600;3.24
2025;direito;Faculdade Projeção do Guará;DF;701;Privada;;;150;22.81;;;401-500;5.61;;;1;8;;;;38;7.79;;;;601-700;801-900;1.41
2025;direito;Faculdade Praia Grande;SP;701;Privada;;;501-600;16.19;;;901-1000;2.45;;;351-400;5.82;;;;201-250;6.68;;;;601-700;901-1000;1.24
2025;direito;Faculdade de Boituva;SP;701;Privada;;;251-300;19.62;;;501-600;5.09;;;351-400;5.74;;;;901-1000;2.79;;;;601-700;1;6
2025;direito;Faculdade Anhanguera de Macapá;AP;701;Privada;;;301-350;18.98;;;701-800;3.76;;;1;8;;;;170;7.05;;;;601-700;1001+;0.17
2025;direito;Faculdade Metodista Centenário;RS;701;Privada;;;701-800;13.81;;;301-350;6.14;;;1001+;0.42;;;;801-900;3.13;;;;601-700;351-400;4.12
2025;direito;Faculdade Iseib de Betim;MG;701;Privada;;;199;21.76;;;176;7.02;;;1;8;;;;351-400;5.91;;;;601-700;901-1000;0.83
2025;direito;Faculdade de Ciências Humanas e Sociais de Araripina;PE;701;Municipal;;;1001+;7.72;;;601-700;4.12;;;;;;;;1001+;0.02;;;;100;401-500;3.58
2025;direito;Centro Universitário Maurício de Nassau Paulista;PE;801;Privada;;;601-700;15.22;;;601-700;4.14;;;501-600;4.57;;;;601-700;4.46;;;;701-800;701-800;2.05
2025;direito;Faculdades Integradas de Paranaíba;MS;801;Privada;;;801-900;13.1;;;901-1000;2.81;;;601-700;4.43;;;;701-800;3.74;;;;701-800;701-800;2.12
2025;direito;Faculdade Guarapuava;PR;801;Privada;;;801-900;13.46;;;401-500;5.56;;;351-400;5.84;;;;1001+;0.69;;;;701-800;801-900;1.37
2025;direito;Faculdade de Matupá;MT;801;Privada;;;401-500;17.16;;;1001+;2.08;;;1;8;;;;1001+;1.08;;;;701-800;1;6
2025;direito;Faculdade de Ciências Humanas de Pernambuco;PE;801;Privada;;;801-900;12.72;;;601-700;4.61;;;1001+;1.39;;;;1001+;1.56;;;;701-800;162;5.16
2025;direito;Faculdade SOBRESP de Santa Maria;RS;801;Privada;;;401-500;17.29;;;1001+;1.93;;;1;8;;;;115;7.36;;;;701-800;;
2025;direito;Faculdade Anhanguera Franca;SP;801;Privada;;;301-350;18.88;;;85;7.53;;;701-800;3.47;;;;77;7.57;;;;701-800;1001+;0.31
2025;direito;Faculdade Anhanguera de Tangará da Serra;MT;801;Privada;;;401-500;17.8;;;601-700;4.43;;;401-500;5.52;;;;118;7.34;;;;701-800;1001+;0.51
2025;direito;Escola Superior de Propaganda e Marketing;SP;801;Privada;181;7.2;1001+;10.35;;;1001+;1.53;;;1001+;1.2;;;;68;7.62;;;;701-800;;
2025;direito;Faculdade Birigui;SP;801;Privada;;;301-350;18.64;;;501-600;4.77;;;401-500;5.64;;;;1001+;2.23;;;;701-800;1;6
2025;direito;Faculdade de Presidente Epitácio;SP;801;Privada;;;601-700;15.59;;;701-800;3.7;;;501-600;4.68;;;;1001+;1.21;;;;701-800;1;6
2025;direito;Centro Universitário Maurício de Nassau de Cacoal;RO;801;Privada;181;7.2;901-1000;12.27;;;1001+;2.32;;;701-800;3.89;;;;701-800;4.01;;;;701-800;701-800;2.05
2025;direito;Instituto Una de Itabira;MG;801;Privada;181;7.2;1001+;9.53;;;1001+;0.36;;;801-900;2.94;;;;301-350;6.23;;;;701-800;;
2025;direito;Universidade Ibirapuera;SP;801;Privada;;;401-500;17.2;;;901-1000;2.75;;;701-800;3.79;;;;301-350;6.3;;;;701-800;301-350;4.36
2025;direito;Faculdade de Piracanjuba;GO;801;Privada;;;351-400;18.4;;;801-900;3.37;;;1001+;2.08;;;;188;6.95;;;;701-800;1;6
2025;direito;Faculdade Sobresp de Pires do Rio;GO;801;Privada;;;701-800;14.16;;;901-1000;2.73;;;1;8;;;;801-900;3.01;;;;701-800;1001+;0.42
2025;direito;Faculdade Santa Helena;PE;801;Privada;;;351-400;18;;;801-900;3.04;;;1;8;;;;1001+;0.96;;;;701-800;1;6
2025;direito;Faculdade Batista Brasileira;BA;801;Privada;;;801-900;13.39;;;801-900;3.42;;;901-1000;2.61;;;;801-900;2.98;;;;701-800;301-350;4.38
2025;direito;Faculdade Anhanguera de Bauru;SP;801;Privada;;;501-600;16.02;;;501-600;4.94;;;801-900;3.35;;;;88;7.51;;;;701-800;1001+;0.22
2025;direito;Faculdade Anhanguera de Campinas;SP;801;Privada;;;501-600;16.41;;;701-800;3.99;;;501-600;5.1;;;;154;7.14;;;;701-800;1001+;0.18
2025;direito;Universidade Brasil;SP;801;Privada;;;1001+;9.91;;;801-900;3.12;;;1001+;1.93;;;;1001+;1.17;;;;701-800;401-500;3.69
2025;direito;Centro de Ensino Superior de Vitória;ES;801;Privada;;;1001+;10.96;;;701-800;3.83;;;1001+;0.75;;;;1001+;0.38;;;;701-800;1;6
2025;direito;Centro Universitário Gama e Souza;RJ;801;Privada;;;401-500;17.26;;;1001+;1.55;;;1;8;;;;174;7.03;;;;701-800;1001+;0.68
2025;direito;Faculdade Anhanguera de Taboão da Serra;SP;801;Privada;;;401-500;17.09;;;501-600;4.78;;;401-500;5.6;;;;251-300;6.43;;;;701-800;1001+;0.28
2025;direito;Centro Universitário Don Domênico;SP;801;Privada;;;351-400;18.07;;;501-600;4.71;;;1001+;2.07;;;;401-500;5.29;;;;701-800;1;6
2025;direito;Faculdade Cnec Campo Largo;PR;801;Privada;;;501-600;15.88;;;1001+;1.8;;;1001+;0.3;;;;1001+;0.18;25;13.6;;701-800;;
2025;direito;Faculdade de Educação São Francisco;MA;801;Privada;;;351-400;18.21;;;901-1000;2.43;;;1;8;;;;1001+;1.78;;;;701-800;1;6
2025;direito;Faculdade Anhanguera de Joinville;SC;801;Privada;;;351-400;18.48;;;60;7.67;;;601-700;4.4;;;;301-350;6.23;;;;701-800;1001+;0.18
2025;direito;Faculdade de Ciências Sociais Aplicadas do Vale do São Lourenço;MT;801;Privada;;;401-500;17.41;;;1001+;2.08;;;1;8;;;;1001+;1.33;;;;701-800;1;6
2025;direito;Instituto de Ensino Superior Múltiplo;MA;801;Privada;;;351-400;18.1;;;901-1000;2.43;;;1;8;;;;1001+;1.67;;;;701-800;1;6
2025;direito;Centro Universitário Uniasselvi de Brusque;SC;801;Privada;181;7.2;901-1000;12.37;;;1001+;1.13;;;501-600;4.77;;;;251-300;6.47;;;;701-800;;
2025;direito;Faculdade de Ciências Humanas e Exatas do Sertão do São Francisco;PE;801;Privada;;;1001+;10.67;;;601-700;4.64;;;1001+;1.17;;;;1001+;0.53;;;;701-800;301-350;4.33
2025;direito;Faculdade de Tecnologia de Teresina;PI;801;Privada;;;1001+;10.31;;;601-700;4.31;;;1001+;1.05;;;;1001+;0.34;;;;701-800;251-300;4.61
2025;direito;Faculdade de Direito de Uruguaiana - Anhanguera;RS;801;Privada;181;7.2;1001+;11.41;;;1001+;1.93;;;801-900;3.24;;;;401-500;5.72;;;;701-800;1001+;0.52
2025;direito;Faculdade União de Campo Mourão;PR;801;Privada;;;401-500;16.82;;;301-350;6.28;;;401-500;5.33;;;;1001+;1.9;;;;701-800;501-600;3.31
2025;direito;Universidade de Gurupi;TO;801;Municipal;;;1001+;7.63;;;1001+;1.61;;;901-1000;2.5;;;;1001+;0.48;;;;103;501-600;3.04
2025;direito;Faculdade de Tecnologia Jardim;SP;801;Privada;;;801-900;13.32;;;901-1000;2.68;;;901-1000;2.69;;;;1001+;1.95;;;;701-800;1;6
2025;direito;Centro Universitário Estácio de Belo Horizonte;MG;801;Privada;;;801-900;12.77;;;501-600;4.94;;;1001+;2.15;;;;801-900;3.25;;;;701-800;601-700;2.43
2025;direito;Faculdade de Ensino e Cultura do Ceará;CE;801;Privada;;;901-1000;12.09;;;401-500;5.28;;;501-600;5.08;;;;1001+;0.83;;;;701-800;901-1000;0.9
2025;direito;Faculdades Integradas Campos Salles;SP;801;Privada;;;701-800;14.3;;;901-1000;2.66;;;1;8;;;;901-1000;2.62;;;;701-800;901-1000;1.02
2025;direito;Universidade de Vassouras;RJ;801;Privada;181;7.2;1001+;10.97;;;1001+;0.97;;;401-500;5.53;;;;601-700;4.47;;;;701-800;;
2025;direito;Faculdade Educacional Araucária;PR;801;Privada;;;251-300;19.45;;;701-800;3.63;;;1;8;;;;501-600;4.69;;;;701-800;501-600;3.13
2025;direito;Centro Universitário LS;DF;801;Privada;;;301-350;19.37;;;801-900;3.34;;;1;8;;;;701-800;4.03;;;;701-800;351-400;4
2025;direito;Centro Universitário Facunicamps;GO;801;Privada;;;301-350;19.16;;;601-700;4.36;;;301-350;6.06;;;;401-500;5.53;;;;701-800;501-600;3.21
2025;direito;Faculdade do Instituto Brasil;GO;801;Privada;;;401-500;17.7;;;501-600;4.66;;;401-500;5.27;;;;701-800;3.75;;;;701-800;351-400;4.02
2025;direito;Faculdade Integrada de Advocacia da Amazônia;PA;801;Privada;;;501-600;16.74;;;801-900;3.19;;;1;8;;;;901-1000;2.6;;;;701-800;501-600;2.95
2025;direito;Faculdade Brasileira de Tecnologia-BA;BA;801;Privada;;;351-400;18.03;;;1001+;0.9;;;1;8;;;;401-500;5.56;;;;701-800;401-500;3.57
2025;direito;Faculdade Marechal Rondon-SP;SP;801;Privada;;;801-900;13.13;;;801-900;3.46;;;701-800;3.6;;;;701-800;3.53;;;;701-800;601-700;2.54
2025;direito;Centro Universitário Anhanguera Pitágoras Unopar de Niterói;RJ;801;Privada;;;501-600;16.43;;;701-800;3.78;;;401-500;5.45;;;;181;6.99;;;;701-800;1001+;0.21
2025;direito;Centro Universitário Maurício de Nassau de Natal;RN;801;Privada;;;801-900;12.91;;;701-800;3.55;;;701-800;3.85;;;;501-600;4.77;;;;701-800;1001+;0.74
2025;direito;Faculdade de São Bernardo do Campo;SP;801;Privada;;;501-600;15.81;;;801-900;3.44;;;1001+;1.56;;;;501-600;4.81;;;;701-800;1;6
2025;direito;Centro Universitário Cambury;GO;801;Privada;;;1001+;5.12;;;1001+;0.9;;;1001+;0.02;;;;1001+;0.55;;;;701-800;401-500;3.65
2025;direito;Faculdade Metropolitana de Itacoatiara;AM;801;Privada;;;351-400;18.4;;;901-1000;2.64;;;1;8;;;;44;7.76;;;;701-800;;
2025;direito;Faculdade Bertioga;SP;801;Privada;;;901-1000;12.15;;;401-500;5.57;;;1001+;1.64;;;;1001+;2.31;;;;701-800;601-700;2.63
2025;direito;Faculdade de Anicuns;GO;801;Municipal;;;501-600;16.06;;;701-800;4.03;;;351-400;5.97;;;;1001+;1.23;;;;102;201-250;4.83
2025;direito;Faculdade Una de Pouso Alegre;MG;801;Privada;;;401-500;17.26;;;601-700;4.46;;;901-1000;2.43;;;;251-300;6.42;;;;701-800;351-400;3.95
2025;direito;Instituto de Ensino Superior Franciscano;MA;801;Privada;;;301-350;18.71;;;901-1000;2.43;;;1;8;;;;1001+;2.28;;;;701-800;1;6
2025;direito;Centro Universitário Faema;RO;801;Privada;;;351-400;17.99;;;501-600;4.68;;;351-400;5.85;;;;901-1000;2.46;;;;701-800;193;5
2025;direito;Faculdade Unibrasília de Minas Gerais;MG;801;Privada;;;301-350;18.77;;;1001+;0.36;;;1;8;;;;601-700;4.41;;;;701-800;1;6
2025;direito;Centro Universitário Maurício de Nassau de Parnaíba;PI;801;Privada;;;501-600;16.73;;;501-600;4.85;;;501-600;4.89;;;;701-800;4.07;;;;701-800;501-600;2.92
2025;direito;Faculdade Unità;SP;801;Privada;;;401-500;16.83;;;1001+;1.53;;;1;8;;;;1001+;1.3;;;;701-800;1;6
2025;direito;Faculdade São Luís de França;SE;801;Privada;;;401-500;17.33;;;701-800;3.88;;;501-600;5.13;;;;401-500;5.3;;;;701-800;501-600;3.02
2025;direito;Centro Universitário Senai Paraná;PR;801;Privada;;;501-600;16.18;;;401-500;5.36;;;601-700;4.08;;;;601-700;4.63;;;;701-800;701-800;2.11
2025;direito;Centro Superior de Estudos Jurídicos Carlos Drummond de Andrade;SP;801;Privada;;;301-350;19.24;;;901-1000;2.69;;;1;8;;;;401-500;5.27;;;;701-800;501-600;3.28
2025;direito;Faculdade Sinergia;SC;801;Privada;;;801-900;13.32;;;501-600;5.05;;;1001+;0.54;;;;801-900;3.12;;;;701-800;251-300;4.61
2025;direito;Faculdade Anhanguera de Goiânia;GO;801;Privada;181;7.2;1001+;11.15;;;1001+;0.51;;;701-800;3.79;;;;201-250;6.85;;;;701-800;;
2025;direito;Faculdade de Sabará;MG;801;Privada;;;1001+;11.44;;;401-500;5.33;;;1001+;0.81;;;;1001+;2.29;;;;701-800;501-600;3.01
2025;direito;Faculdade Ágora;MT;801;Privada;181;7.2;901-1000;12.31;;;1001+;2.08;;;1001+;1.87;;;;1001+;2.36;;;;701-800;1;6
2025;direito;Centro Universitário Anhanguera de Marabá;PA;801;Privada;;;501-600;15.86;;;601-700;4.18;;;701-800;3.56;;;;201-250;6.67;;;;701-800;801-900;1.45
2025;direito;Faculdade de Ciências Jurídicas de Paraíso do Tocantins;TO;801;Privada;;;1001+;7.5;;;901-1000;2.82;;;1001+;0.56;;;;1001+;1.91;;;;701-800;701-800;2.21
2025;direito;Faculdade Ages de Tucano;BA;801;Privada;;;401-500;16.86;;;601-700;4.37;;;901-1000;2.44;;;;401-500;5.52;;;;701-800;251-300;4.53
2025;direito;Faculdade 05 de Julho;CE;801;Privada;;;301-350;19.15;;;1001+;0.66;;;1;8;;;;601-700;4.49;;;;701-800;1;6
2025;direito;Faculdade do Recife;PE;801;Privada;181;7.2;1001+;8.06;;;801-900;3.04;;;801-900;3.25;;;;1001+;1.3;;;;701-800;1001+;0.47
2025;direito;Faculdade Unirb - Natal;RN;801;Privada;;;401-500;16.97;;;701-800;3.55;;;351-400;5.82;;;;72;7.6;;;;701-800;;
2025;direito;Faculdade Terra Nordeste;CE;801;Privada;;;401-500;16.77;;;201-250;6.78;;;601-700;4.14;;;;801-900;3.1;;;;701-800;601-700;2.75
2025;direito;Faculdade Anhanguera do Rio Grande;RS;801;Privada;;;351-400;18.07;;;701-800;3.88;;;301-350;6.14;;;;49;7.73;;;;701-800;1001+;0.32
2025;direito;Strong Business School;SP;801;Privada;;;401-500;17.04;;;1001+;1.53;;;1001+;2.05;;;;97;7.46;;;;701-800;1;6
2025;direito;Centro Universitário Estácio de São Paulo;SP;801;Privada;;;701-800;13.59;;;601-700;4.64;;;1001+;1.75;;;;601-700;4.28;;;;701-800;501-600;2.92
2025;direito;Centro Universitário de Presidente Prudente;SP;801;Privada;;;601-700;15.02;;;801-900;3.39;;;501-600;4.81;;;;1001+;0.82;;;;701-800;1;6
2025;direito;Faculdade Alto Norte;TO;801;Privada;;;1001+;7.23;;;1001+;1.6;;;1001+;0.26;;;;1001+;0.67;;;;701-800;251-300;4.7
2025;direito;Faculdade Apogeu;DF;801;Privada;;;501-600;16.74;;;801-900;3.34;;;1;8;;;;501-600;5.05;;;;701-800;1001+;0.35
2025;direito;Faculdade Delmiro Gouveia;AL;801;Privada;;;601-700;15.5;;;601-700;4.14;;;501-600;5.05;;;;1001+;1.66;;;;701-800;251-300;4.65
2025;direito;Faculdade de Jussara;GO;801;Privada;;;801-900;13.26;;;601-700;4.32;;;901-1000;2.65;;;;1001+;1.74;;;;701-800;251-300;4.55
2025;direito;Faculdade Anhanguera de Valinhos;SP;801;Privada;;;501-600;16.49;;;701-800;4.07;;;501-600;4.86;;;;127;7.29;;;;701-800;1001+;0.27
2025;direito;Faculdade Católica do Rio Grande do Norte;RN;801;Privada;;;401-500;17.42;;;601-700;4.4;;;501-600;4.93;;;;501-600;5.19;;;;701-800;501-600;2.9
2025;direito;Faculdade de Estudos Avançados do Pará;PA;801;Privada;;;401-500;17.05;;;901-1000;2.59;;;501-600;4.64;;;;701-800;3.82;;;;701-800;1;6
2025;direito;Faculdade Zumbi dos Palmares;SP;801;Privada;181;7.2;1001+;9.64;;;1001+;1.95;;;901-1000;2.34;;;;701-800;3.62;;;;701-800;801-900;1.73
2025;direito;Faculdade Estácio de Florianópolis;SC;801;Privada;;;351-400;18.28;;;53;7.71;;;901-1000;2.45;;;;401-500;5.51;;;;701-800;601-700;2.61
2025;direito;Centro Universitário Maurício de Nassau de Juazeiro do Norte;CE;801;Privada;;;301-350;19.16;;;251-300;6.59;;;601-700;4.55;;;;601-700;4.2;;;;701-800;401-500;3.82
2025;direito;Faculdade Estácio de Carapicuíba;SP;801;Privada;;;701-800;14.02;;;401-500;5.5;;;901-1000;2.52;;;;601-700;4.13;;;;701-800;701-800;1.87
2025;direito;Faculdade Positivo Londrina;PR;801;Privada;;;601-700;15.33;;;501-600;4.89;;;1001+;2.06;;;;401-500;5.33;;;;701-800;501-600;3.05
2025;direito;Escola Superior Madre Celeste;PA;801;Privada;;;501-600;16.21;;;401-500;5.23;;;901-1000;2.67;;;;701-800;3.65;;;;701-800;251-300;4.66
2025;direito;Faculdade de Tecnologia do Piauí;PI;801;Privada;;;901-1000;12.44;;;401-500;5.22;;;701-800;3.87;;;;1001+;0.75;;;;701-800;601-700;2.6
2025;direito;Centro Universitário Campo Limpo Paulista;SP;801;Privada;;;1001+;10.23;;;801-900;3.47;;;1001+;2.19;;;;1001+;1.8;;;;701-800;601-700;2.77
2025;direito;Faculdade Guilherme Guimbala;SC;801;Privada;;;1001+;8.46;;;801-900;3.22;;;1001+;1.22;;;;1001+;0.85;;;;701-800;501-600;3.17
2025;direito;Faculdade Anhanguera de Sorocaba;SP;801;Privada;;;401-500;17.25;;;501-600;4.88;;;501-600;5.04;;;;129;7.28;;;;701-800;1001+;0.05
2025;direito;Centro Universitário Cearense;CE;801;Privada;;;1001+;9.11;;;701-800;4.08;;;1001+;0.88;;;;1001+;1.04;;;;701-800;501-600;3.11
2025;direito;Centro Universitário Santa Amélia;PR;801;Privada;;;1001+;9.06;;;901-1000;2.78;;;901-1000;2.31;;;;1001+;1.25;;;;701-800;601-700;2.72
2025;direito;Faculdade Metropolitana de Rio do Sul;SC;801;Privada;;;401-500;17.82;;;1001+;1.13;;;401-500;5.34;;;;401-500;5.35;;;;701-800;1;6
2025;direito;Faculdade Uninassau Petrolina;PE;801;Privada;;;401-500;17.55;;;801-900;3.04;;;601-700;4.51;;;;501-600;5.01;;;;701-800;195;4.99
2025;direito;Instituto de Desenvolvimento e Aprendizagem;MA;901;Privada;;;501-600;16.02;;;901-1000;2.43;;;1;8;;;;401-500;5.59;;;;801-900;;
2025;direito;Faculdade Estácio São Paulo de Rondônia;RO;901;Privada;181;7.2;1001+;9.09;;;1001+;2.32;;;1001+;1.8;;;;1001+;0.68;;;;801-900;301-350;4.29
2025;direito;Faculdade de Tecnologia e Ciências da Bahia;BA;901;Privada;;;601-700;14.5;;;1001+;0.9;;;1;8;;;;1001+;1.44;;;;801-900;351-400;4.16
2025;direito;Faculdade Pitágoras de Bacabal;MA;901;Privada;;;501-600;16.24;;;201-250;6.73;;;601-700;4.03;;;;501-600;5.15;;;;801-900;1001+;0.33
2025;direito;Centro Universitário Uniftec;RS;901;Privada;181;7.2;1001+;9.01;;;1001+;1.93;;;1001+;1.78;;;;701-800;3.8;;;;801-900;801-900;1.5
2025;direito;Faculdade da Associação Brasiliense de Educação;RS;901;Privada;;;601-700;15.08;;;96;7.47;;;1001+;1.21;;;;1001+;1.97;;;;801-900;301-350;4.43
2025;direito;Faculdades Unificadas de Foz do Iguaçu;PR;901;Privada;;;1001+;5.78;;;801-900;3.18;;;1001+;0.01;;;;1001+;0.27;;;;801-900;701-800;2.32
2025;direito;Centro Universitário Unigran Capital;MS;901;Privada;;;501-600;16.07;;;1001+;1.65;;;401-500;5.68;;;;401-500;5.47;;;;801-900;501-600;3.27
2025;direito;Faculdade Unisapiens;RO;901;Privada;181;7.2;1001+;7.39;;;1001+;2.32;;;1001+;2.08;;;;1001+;0.87;;;;801-900;701-800;2.12
2025;direito;Faculdades Integradas do Ceará;CE;901;Privada;;;601-700;14.67;;;501-600;5.18;;;1001+;1.76;;;;1001+;1.73;;;;801-900;1;6
2025;direito;Escola de Direito Fucape;ES;901;Privada;;;701-800;14.1;;;1001+;2.23;;;401-500;5.5;;;;251-300;6.37;;;;801-900;;
2025;direito;Centro Universitário Una de Betim;MG;901;Privada;;;601-700;15.34;;;701-800;3.92;;;701-800;3.71;;;;201-250;6.76;;;;801-900;901-1000;0.95
2025;direito;Faculdade Via Sapiens;CE;901;Privada;;;601-700;15.05;;;1001+;0.66;;;1;8;;;;1001+;0.39;;;;801-900;1;6
2025;direito;Faculdade Alfaunipac de Guanhães;MG;901;Privada;;;601-700;15.61;;;1001+;0.36;;;1;8;;;;134;7.25;;;;801-900;;
2025;direito;Faculdade Anhanguera de Sumaré;SP;901;Privada;;;501-600;16.3;;;601-700;4.32;;;401-500;5.17;;;;251-300;6.45;;;;801-900;1001+;0.36
2025;direito;Faculdade Fasipe Cuiabá;MT;901;Privada;;;501-600;15.78;;;801-900;3.04;;;501-600;4.75;;;;1001+;1.99;;;;801-900;1;6
2025;direito;Centro Universitário Anhanguera de São Paulo;SP;901;Privada;;;601-700;15.15;;;1001+;2.24;;;401-500;5.31;;;;99;7.45;;;;801-900;1001+;0.15
2025;direito;Faculdade Princesa do Oeste;CE;901;Privada;;;501-600;16.61;;;1001+;0.66;;;1;8;;;;1001+;1.95;;;;801-900;1;6
2025;direito;Centro Universitário São Roque;SP;901;Privada;;;901-1000;12.22;;;901-1000;2.74;;;701-800;3.51;;;;701-800;3.72;;;;801-900;701-800;2.25
2025;direito;Faculdade Metropolitana de Lages;SC;901;Privada;;;501-600;15.77;;;1001+;1.13;;;1;8;;;;201-250;6.64;;;;801-900;;
2025;direito;Faculdade Mato Grosso do Sul;MS;901;Privada;;;1001+;10.14;;;351-400;6;;;901-1000;2.61;;;;1001+;0.61;;;;801-900;901-1000;0.92
2025;direito;Faculdade Doctum de Vila Velha;ES;901;Privada;;;501-600;16.67;;;1001+;2.23;;;1;8;;;;301-350;6.21;;;;801-900;1001+;0.23
2025;direito;Faculdade Cesumar de Londrina;PR;901;Privada;;;601-700;14.94;;;1001+;1.8;;;1001+;1.75;;;;401-500;5.39;;;;801-900;1;6
2025;direito;Faculdade Unirb - Juazeiro;BA;901;Privada;;;501-600;16.07;;;1001+;0.9;;;1;8;;;;149;7.17;;;;801-900;;
2025;direito;Faculdade Pan Amazônica;PA;901;Privada;;;701-800;14.21;;;601-700;4.56;;;601-700;4.37;;;;501-600;4.73;;;;801-900;1001+;0.55
2025;direito;Faculdade Unirb - Barreiras;BA;901;Privada;;;501-600;16.54;;;1001+;0.9;;;1;8;;;;65;7.64;;;;801-900;;
2025;direito;Faculdade Conceito Educacional;PE;901;Privada;;;601-700;15.16;;;801-900;3.04;;;401-500;5.7;;;;1001+;0.42;;;;801-900;1;6
2025;direito;Faculdade Cesmac do Agreste;AL;901;Privada;;;601-700;14.6;;;701-800;3.83;;;501-600;4.61;;;;1001+;1.84;;;;801-900;301-350;4.32
2025;direito;Faculdade de Educação do Piauí;PI;901;Privada;;;601-700;14.81;;;1001+;2.13;;;1;8;;;;501-600;4.68;;;;801-900;;
2025;direito;Faculdade de Ciências de Timbaúba;PE;901;Privada;;;1001+;8.4;;;501-600;5.15;;;1001+;0.68;;;;1001+;1.07;;;;801-900;801-900;1.5
2025;direito;Faculdade Reges de Ribeirão Preto;SP;901;Privada;;;701-800;14.21;;;1001+;1.53;;;901-1000;2.83;;;;701-800;3.85;;;;801-900;1;6
2025;direito;Faculdades Doctum de Ipatinga;MG;901;Privada;;;601-700;14.53;;;1001+;0.36;;;1;8;;;;401-500;5.67;;;;801-900;1001+;0.5
2025;direito;Centro Universitário Itop;TO;901;Privada;;;501-600;16.14;;;1001+;1.59;;;1;8;;;;251-300;6.55;;;;801-900;;
2025;direito;Centro Universitário Mauá de Brasília;DF;901;Privada;;;801-900;13.11;;;601-700;4.2;;;301-350;6.05;;;;1001+;0.12;;;;801-900;601-700;2.74
2025;direito;Faculdade Assis Gurgacz;PR;901;Privada;181;7.2;1001+;8.17;;;301-350;6.11;;;1001+;0.54;;;;1001+;0.89;;;;801-900;1001+;0.63
2025;direito;Faculdade Alfaunipac de Araçuaí;MG;901;Privada;;;601-700;15.61;;;1001+;0.36;;;1;8;;;;134;7.25;;;;801-900;;
2025;direito;Centro Universitário do Sudeste Mineiro;MG;901;Privada;;;1001+;7.54;;;701-800;3.68;;;1001+;0.12;;;;1001+;1.32;;;;801-900;601-700;2.42
2025;direito;Centro Universitário Araguaia;GO;901;Privada;;;501-600;15.93;;;901-1000;2.68;;;501-600;5.09;;;;701-800;3.98;;;;801-900;351-400;4.18
2025;direito;Faculdade para o Desenvolvimento Sustentável da Amazônia;PA;901;Privada;181;7.2;1001+;6.91;;;901-1000;2.59;;;1001+;0.38;;;;1001+;1.09;;;;801-900;601-700;2.85
2025;direito;Faculdade Brasília;DF;901;Privada;;;601-700;14.84;;;801-900;3.34;;;1;8;;;;1001+;1.57;;;;801-900;701-800;1.93
2025;direito;Faculdade Ideau de Passo Fundo;RS;901;Privada;;;501-600;15.8;;;1001+;1.93;;;1;8;;;;601-700;4.57;;;;801-900;901-1000;1.3
2025;direito;Instituto Superior da Convenção Nac. das Assembleias de Deus;DF;901;Privada;;;601-700;15.62;;;801-900;3.34;;;1;8;;;;1001+;2.01;;;;801-900;701-800;2.27
2025;direito;Centro Universitário Maurício de Nassau Teresina Sul;PI;901;Privada;;;601-700;14.8;;;1001+;2.13;;;601-700;4.38;;;;401-500;5.43;;;;801-900;601-700;2.86
2025;direito;Faculdade Ages de Senhor do Bonfim;BA;901;Privada;;;501-600;16.61;;;901-1000;2.47;;;901-1000;2.54;;;;401-500;5.6;;;;801-900;1;6
2025;direito;Faculdade Dois de Julho;BA;901;Privada;;;801-900;13;;;1001+;0.9;;;1;8;;;;901-1000;2.83;;;;801-900;901-1000;1.27
2025;direito;Faculdade Atenas Sul de Minas;MG;901;Privada;;;601-700;14.91;;;1001+;0.36;;;1;8;;;;251-300;6.55;;;;801-900;;
2025;direito;Faculdade Pitágoras Unopar de João Pessoa;PB;901;Privada;;;501-600;16.02;;;701-800;3.97;;;701-800;3.75;;;;83;7.54;;;;801-900;1001+;0.76
2025;direito;Faculdade Una de Sete Lagoas;MG;901;Privada;;;701-800;14.1;;;501-600;5.07;;;901-1000;2.37;;;;401-500;5.4;;;;801-900;901-1000;1.26
2025;direito;Centro Universitário da Vitória de Santo Antão;PE;901;Privada;;;701-800;14.24;;;801-900;3.04;;;1;8;;;;801-900;3.2;;;;801-900;;
2025;direito;Faculdade União de Goyazes Formosa;GO;901;Privada;;;601-700;15.06;;;1001+;0.51;;;1;8;;;;251-300;6.55;;;;801-900;;
2025;direito;Faculdade de Saúde e Humanidades Ibituruna;MG;901;Privada;;;501-600;16.23;;;1001+;0.36;;;1;8;;;;24;7.87;;;;801-900;;
2025;direito;Universidade Estadual da Região Tocantina do Maranhão;MA;901;Estadual;;;601-700;15.43;;;105;7.42;;;1;8;;;;1001+;0.01;;;;105;;
2025;direito;Faculdade Curitibana;PR;901;Privada;;;1001+;11.61;;;801-900;3.41;;;401-500;5.64;;;;1001+;1.53;;;;701-800;901-1000;1.03
2025;direito;Faculdade Paranaense-Curitiba;PR;901;Privada;;;1001+;10.96;;;901-1000;2.71;;;401-500;5.64;;;;1001+;1.77;;;;801-900;901-1000;0.84
2025;direito;Faculdade Gennari e Peartree;SP;901;Privada;;;701-800;14.21;;;1001+;1.53;;;1;8;;;;501-600;4.68;;;;801-900;;
2025;direito;Faculdade Sensu;GO;901;Privada;;;501-600;16.21;;;1001+;0.51;;;1;8;;;;1001+;1.7;;;;801-900;1;6
2025;direito;Faculdade Vértix Trirriense;RJ;901;Privada;;;501-600;16.69;;;1001+;0.97;;;1;8;;;;1001+;1.72;;;;701-800;1;6
2025;direito;Faculdade de Ciências e Tecnologia Professor Dirson Maciel de Barros;PE;901;Municipal;;;901-1000;12.5;;;701-800;3.79;;;1001+;1.11;;;;1001+;1.6;;;;104;1;6
2025;direito;Faculdade de Gestão e Inovação;GO;901;Privada;;;601-700;14.49;;;1001+;0.51;;;1;8;;;;351-400;5.98;;;;801-900;;
2025;direito;Faculdade Santíssimo Sacramento;BA;901;Privada;;;701-800;14.11;;;1001+;0.9;;;801-900;3.3;;;;701-800;3.91;;;;801-900;1;6
2025;direito;Centro Universitário Estácio da Amazônia;RR;901;Privada;;;1001+;10.28;;;801-900;3.17;;;1001+;1.88;;;;801-900;2.97;;;;801-900;701-800;2.26
2025;direito;Centro Universitário Ideau;RS;901;Privada;;;501-600;16.62;;;1001+;2.09;;;1;8;;;;351-400;5.88;;;;801-900;1001+;0.65
2025;direito;Faculdade Anhanguera de Petrolina;PE;901;Privada;;;701-800;14.42;;;801-900;3.04;;;601-700;4.25;;;;156;7.13;;;;801-900;;
2025;direito;Faculdade Visconde de Cairú;BA;901;Privada;;;601-700;14.79;;;701-800;3.56;;;601-700;4.14;;;;801-900;3.01;;;;801-900;351-400;4.08
2025;direito;Centro de Ensino Unificado do Piauí;PI;901;Privada;;;701-800;14.36;;;301-350;6.14;;;1001+;1.91;;;;501-600;4.97;;;;801-900;801-900;1.34
2025;direito;Faculdade São Francisco da Paraíba Campina Grande;PB;901;Privada;;;601-700;15.17;;;801-900;3.12;;;601-700;4.14;;;;17;7.91;;;;801-900;;
2025;direito;Faculdade de Tecnologia e Ciências;RN;901;Privada;;;501-600;16.23;;;701-800;3.55;;;1;8;;;;501-600;4.68;;;;801-900;;
2025;direito;Faculdade Anhanguera de Imperatriz;MA;901;Privada;;;601-700;14.75;;;901-1000;2.43;;;301-350;6.07;;;;301-350;6.12;;;;801-900;1001+;0.13
2025;direito;Faculdade Uninta Fortaleza;CE;901;Privada;;;701-800;14.39;;;1001+;0.66;;;1;8;;;;401-500;5.73;;;;801-900;;
2025;direito;Faculdade Estácio de Feira de Santana;BA;901;Privada;;;601-700;14.95;;;401-500;5.55;;;1001+;1.65;;;;701-800;3.68;;;;801-900;351-400;4.07
2025;direito;Faculdade Metropolitana de Anápolis;GO;901;Privada;;;601-700;15.48;;;701-800;3.98;;;601-700;4.3;;;;1001+;2.18;;;;801-900;189;5.02
2025;direito;Faculdade de Colinas do Tocantins;TO;901;Privada;;;901-1000;12.4;;;1001+;1.59;;;501-600;4.58;;;;1001+;1.36;;;;801-900;201-250;4.87
2025;direito;Faculdade Unisul de Florianópolis;SC;901;Privada;;;601-700;15.41;;;401-500;5.7;;;1001+;2.15;;;;351-400;5.81;;;;801-900;801-900;1.75
2025;direito;Faculdade Anhanguera de Porto Alegre;RS;901;Privada;;;601-700;14.51;;;1001+;1.93;;;501-600;5;;;;76;7.58;;;;801-900;;
2025;direito;Faculdade do Cariri Paraibano;PB;901;Privada;;;601-700;15.63;;;801-900;3.12;;;1;8;;;;1001+;1.08;;;;801-900;401-500;3.43
2025;direito;Faculdade Castro Alves;BA;901;Privada;;;601-700;15.19;;;1001+;0.9;;;1;8;;;;301-350;6.29;;;;801-900;;
2025;direito;Centro Universitário do Rio de Janeiro;RJ;901;Privada;;;1001+;11.45;;;1001+;0.97;;;501-600;4.6;;;;1001+;0.7;;;;801-900;159;5.18
2025;direito;Faculdade Católica Paulista;SP;901;Privada;;;501-600;16.08;;;1001+;1.53;;;1;8;;;;251-300;6.55;;;;801-900;;
2025;direito;Faculdade Anhanguera Itabira;MG;901;Privada;;;1001+;8.47;;;1001+;0.36;;;1001+;2.27;;;;501-600;5.07;;;;801-900;1001+;0.77
2025;direito;Faculdade Luiz Eduardo Magalhães;BA;901;Privada;;;801-900;12.83;;;901-1000;2.46;;;601-700;4.56;;;;1001+;0.88;;;;801-900;201-250;4.93
2025;direito;Faculdades Integradas Aparício Carvalho Vilhena;RO;901;Privada;;;501-600;16.38;;;1001+;2.32;;;1;8;;;;1001+;0.06;;;;801-900;1;6
2025;direito;Faculdade da Região Serrana;ES;901;Privada;;;501-600;16.62;;;1001+;2.23;;;351-400;5.97;;;;901-1000;2.42;;;;801-900;1;6
2025;direito;Faculdade Anhanguera de Dourados;MS;901;Privada;;;601-700;14.64;;;1001+;1.65;;;401-500;5.59;;;;122;7.32;;;;801-900;1001+;0.08
2025;direito;Faculdade Uriel de Almeida Leitão;MG;901;Privada;;;601-700;15.16;;;1001+;0.36;;;1;8;;;;301-350;6.13;;;;801-900;1001+;0.67
2025;direito;Faculdade Anhanguera de Santo Antônio de Jesus;BA;901;Privada;181;7.2;1001+;8.51;;;1001+;0.9;;;901-1000;2.33;;;;501-600;4.85;;;;801-900;1001+;0.43
2025;direito;Faculdade Uninassau Cabo;PE;901;Privada;;;501-600;15.74;;;801-900;3.04;;;601-700;4.05;;;;601-700;4.61;;;;801-900;351-400;4.04
2025;direito;Faculdade Estácio de Pimenta Bueno;RO;901;Privada;181;7.2;1001+;7.27;;;1001+;2.32;;;1001+;1.6;;;;1001+;1.13;;;;801-900;701-800;2.22
2025;direito;Centro Universitário Maurício de Nassau de Caruaru;PE;901;Privada;;;501-600;15.85;;;401-500;5.33;;;701-800;3.92;;;;701-800;3.96;;;;801-900;601-700;2.64
2025;direito;Faculdade Unirb - Feira de Santana;BA;901;Privada;;;501-600;15.96;;;1001+;0.9;;;1;8;;;;168;7.06;;;;801-900;;
2025;direito;Faculdade Estácio do Rio Grande do Norte;RN;901;Privada;;;701-800;14.38;;;701-800;3.55;;;901-1000;2.84;;;;601-700;4.45;;;;801-900;401-500;3.54
2025;direito;Faculdade do Maciço do Baturité;CE;901;Privada;;;601-700;14.8;;;501-600;5.13;;;701-800;3.9;;;;1001+;0.93;;;;801-900;201-250;4.84
2025;direito;Faculdade de São Vicente;SP;901;Privada;;;601-700;15;;;501-600;4.9;;;501-600;4.78;;;;1001+;1.81;;;;801-900;401-500;3.51
2025;direito;Centro Universitário Faveni;SP;901;Privada;;;501-600;16.63;;;1001+;1.53;;;1;8;;;;801-900;3.31;;;;801-900;401-500;3.79
2025;direito;Faculdade da Cidade de Maceió;AL;901;Privada;181;7.2;1001+;5.67;;;601-700;4.51;;;;;;;;1001+;0.06;;;;801-900;901-1000;1.1
2025;direito;Faculdade Serra do Carmo;TO;901;Privada;;;1001+;9.09;;;401-500;5.53;;;1001+;0.81;;;;1001+;1.84;;;;801-900;901-1000;0.91
2025;direito;Faculdade Unifacig;PE;901;Privada;;;901-1000;12.27;;;801-900;3.25;;;1001+;0.07;;;;601-700;4.5;;;;801-900;251-300;4.45
2025;direito;Faculdade Santa Rita de Chapecó;SC;901;Privada;;;601-700;15.14;;;1001+;1.13;;;1;8;;;;351-400;6.01;;;;801-900;;
2025;direito;Faculdades João Paulo II - Campus Porto Alegre;RS;901;Privada;;;601-700;14.51;;;1001+;1.93;;;1001+;0.03;;;;251-300;6.55;;;;801-900;1;6
2025;direito;Faculdade Estácio de Curitiba;PR;901;Privada;;;601-700;14.49;;;501-600;4.74;;;1001+;1.95;;;;601-700;4.46;;;;801-900;501-600;3.34
2025;direito;Faculdade de Caldas Novas;GO;901;Privada;;;1001+;6.11;;;1001+;1.95;;;1001+;1.02;;;;1001+;0.08;;;;801-900;501-600;3.06
2025;direito;Faculdade Pitágoras de Eunápolis;BA;1001;Privada;;;1001+;11.1;;;1001+;0.9;;;801-900;2.96;;;;201-250;6.8;;;;1001+;1001+;0.44
2025;direito;Centro Universitário Unime;BA;1001;Privada;;;801-900;12.91;;;1001+;0.9;;;401-500;5.25;;;;251-300;6.37;;;;901-1000;1001+;0.39
2025;direito;Faculdade Unicentral;MT;1001;Privada;;;1001+;3.49;;;1001+;2.08;;;1001+;1.07;;;;1001+;0.34;;;;1001+;;
2025;direito;Centro Universitário Ateneu;CE;1001;Privada;;;901-1000;11.85;;;1001+;0.66;;;901-1000;2.76;;;;401-500;5.7;;;;1001+;601-700;2.73
2025;direito;Faculdade de Educação de Jaru;RO;1001;Privada;;;1001+;10.43;;;1001+;2.32;;;1;8;;;;1001+;0.11;;;;1001+;;
2025;direito;Centro Universitário Academia;MG;1001;Privada;;;1001+;3.93;;;1001+;0.36;;;1001+;0.03;;;;701-800;3.54;;;;1001+;;
2025;direito;Faculdade Doctum da Zona Norte de Juiz de Fora;MG;1001;Privada;;;701-800;14.02;;;1001+;0.36;;;1;8;;;;401-500;5.66;;;;801-900;;
2025;direito;Faculdade Assembleiana do Brasil;GO;1001;Privada;;;1001+;8.29;;;1001+;0.51;;;501-600;4.99;;;;901-1000;2.79;;;;1001+;;
2025;direito;Faculdade Andreotti de Maringá;PR;1001;Privada;;;801-900;13.47;;;1001+;1.8;;;1;8;;;;701-800;3.67;;;;901-1000;;
2025;direito;Faculdade dos Cerrados Piauienses;PI;1001;Privada;;;1001+;9.29;;;601-700;4.45;;;1001+;1.98;;;;1001+;0.35;;;;901-1000;601-700;2.51
2025;direito;Faculdade Pitágoras de Irecê;BA;1001;Privada;;;1001+;8.24;;;1001+;0.9;;;1001+;2.16;;;;501-600;4.84;;;;1001+;1001+;0.34
2025;direito;Centro Universitário do Paraná;PR;1001;Privada;;;801-900;12.85;;;1001+;1.8;;;1001+;0.76;;;;601-700;4.29;;;;901-1000;1;6
2025;direito;Faculdade Anclivepa de Gestão e Humanologia;SP;1001;Privada;;;701-800;13.62;;;1001+;1.53;;;1;8;;;;601-700;4.09;;;;901-1000;;
2025;direito;Escola Superior Batista do Amazonas;AM;1001;Privada;;;1001+;11.23;;;901-1000;2.64;;;701-800;3.69;;;;1001+;1.5;;;;901-1000;501-600;3.4
2025;direito;Faculdade Espírito Santense;ES;1001;Privada;;;1001+;7.81;;;1001+;2.23;;;901-1000;2.62;;;;801-900;2.96;;;;1001+;;
2025;direito;Faculdade de São Paulo;SP;1001;Privada;;;801-900;13.18;;;1001+;2.15;;;801-900;3.17;;;;901-1000;2.83;;;;901-1000;188;5.03
2025;direito;Faculdade de Ciências Jurídicas de Belo Jardim;PE;1001;Privada;;;701-800;13.7;;;801-900;3.04;;;801-900;3.01;;;;251-300;6.36;;;;901-1000;901-1000;1.29
2025;direito;Faculdade Vidal;CE;1001;Privada;;;1001+;11.59;;;401-500;5.37;;;801-900;3;;;;1001+;1.31;;;;1001+;701-800;1.91
2025;direito;Centro Universitário São Miguel;PE;1001;Privada;;;801-900;13.35;;;801-900;3.04;;;401-500;5.17;;;;801-900;3.25;;;;901-1000;701-800;1.89
2025;direito;Faculdade Presidente Antônio Carlos de Visconde do Rio Branco;MG;1001;Privada;;;1001+;1.98;;;1001+;0.36;;;1001+;0.64;;;;1001+;0.98;;;;1001+;;
2025;direito;Faculdade Fasipe de Primavera;MT;1001;Privada;;;1001+;9.7;;;1001+;2.08;;;501-600;4.83;;;;901-1000;2.79;;;;1001+;;
2025;direito;Faculdade de Nova Mutum;MT;1001;Privada;;;1001+;2.5;;;1001+;2.08;;;1001+;0.04;;;;1001+;0.38;;;;1001+;;
2025;direito;Faculdade Unesc-Unama;RO;1001;Privada;;;1001+;8.62;;;1001+;2.32;;;701-800;3.51;;;;901-1000;2.79;;;;1001+;;
2025;direito;Faculdade Unisul de Balneário Camboriú;SC;1001;Privada;;;1001+;10.25;;;1001+;1.13;;;1001+;1.83;;;;351-400;5.99;;;;1001+;901-1000;1.3
2025;direito;Faculdade Alis de Itabirito;MG;1001;Privada;;;801-900;12.92;;;251-300;6.58;;;801-900;3.04;;;;1001+;0.91;;;;901-1000;601-700;2.39
2025;direito;Faculdade de Fortaleza;CE;1001;Privada;;;1001+;6.92;;;1001+;0.66;;;501-600;4.98;;;;1001+;0.33;;;;1001+;901-1000;0.95
2025;direito;Faculdade Atenas Centro de Mato Grosso;MT;1001;Privada;;;1001+;7.82;;;1001+;2.08;;;601-700;4.14;;;;1001+;1.6;;;;1001+;;
2025;direito;Faculdade de Ensino Regional Alternativa;AL;1001;Privada;;;1001+;1;;;1001+;1;;;;;;;;;;;;;1001+;;
2025;direito;Faculdade Presidente Antônio Carlos de Ubá;MG;1001;Privada;;;901-1000;11.95;;;178;7.01;;;1001+;1.9;;;;1001+;0.86;;;;1001+;701-800;2.18
2025;direito;Faculdade Pitágoras de Belém;PA;1001;Privada;;;1001+;7.02;;;901-1000;2.59;;;1001+;1.92;;;;901-1000;2.51;;;;1001+;;
2025;direito;Conservatório Brasileiro de Música;RJ;1001;Privada;;;1001+;6.98;;;1001+;0.97;;;1001+;1.67;;;;901-1000;2.79;;;;1001+;801-900;1.55
2025;direito;Faculdade Anhanguera de Serra;ES;1001;Privada;;;801-900;13.19;;;1001+;2.23;;;701-800;3.59;;;;124;7.31;;;;901-1000;1001+;0.06
2025;direito;Faculdade Metropolitana do Cariri;CE;1001;Privada;;;1001+;0.68;;;1001+;0.66;;;;;;;;1001+;0.02;;;;1001+;;
2025;direito;Centro Universitário Estácio Meta de Rio Branco Estácio;AC;1001;Privada;;;1001+;9.89;;;401-500;5.32;;;1001+;1.84;;;;1001+;0.94;;;;1001+;801-900;1.79
2025;direito;Faculdade Unibrasília;DF;1001;Privada;;;1001+;7.24;;;801-900;3.34;;;;;;;;701-800;3.9;;;;1001+;;
2025;direito;Faculdade Estácio de Santo André;SP;1001;Privada;;;1001+;10.56;;;1001+;1.53;;;1001+;2.11;;;;801-900;3.48;;;;1001+;401-500;3.44
2025;direito;Faculdade Vale do Aço;MA;1001;Privada;;;1001+;5.13;;;901-1000;2.43;;;901-1000;2.46;;;;1001+;0.24;;;;1001+;;
2025;direito;Faculdade de Ciências e Tecnologias de Campos Gerais;MG;1001;Privada;;;1001+;11.15;;;1001+;0.36;;;1;8;;;;901-1000;2.79;;;;1001+;;
2025;direito;Faculdade de Educação Vale do Pajeú;PE;1001;Privada;;;1001+;7.18;;;801-900;3.04;;;601-700;4.14;;;;;;;;;1001+;;
2025;direito;Faculdade Mega;MG;1001;Privada;;;1001+;3.36;;;1001+;0.36;;;1001+;0.64;;;;1001+;2.36;;;;1001+;;
2025;direito;Faculdade da Amazônia;PA;1001;Privada;;;1001+;11.29;;;901-1000;2.59;;;801-900;3.19;;;;1001+;1.19;;;;1001+;301-350;4.32
2025;direito;Faculdade Embu das Artes;SP;1001;Privada;;;1001+;11.25;;;1001+;1.53;;;1;8;;;;1001+;1.72;;;;1001+;;
2025;direito;Faculdade Anhanguera de Governador Valadares;MG;1001;Privada;;;1001+;10.02;;;1001+;0.36;;;701-800;3.98;;;;401-500;5.42;;;;1001+;1001+;0.26
2025;direito;Faculdade de Palmeiras de Goiás;GO;1001;Privada;;;1001+;6.44;;;1001+;0.51;;;701-800;3.95;;;;1001+;1.98;;;;1001+;;
2025;direito;Faculdade Alfaunipac de Almenara;MG;1001;Privada;;;1001+;11.5;;;1001+;0.36;;;801-900;3.34;;;;601-700;4.15;;;;1001+;401-500;3.65
2025;direito;Faculdade Vale do Pajeu;PE;1001;Privada;;;701-800;13.88;;;801-900;3.26;;;601-700;4.47;;;;1001+;0.15;;;;901-1000;1;6
2025;direito;Faculdade Paraíso Fortaleza;CE;1001;Privada;;;1001+;6.78;;;1001+;0.66;;;901-1000;2.81;;;;801-900;3.31;;;;1001+;;
2025;direito;Faculdade Anhanguera de Taubaté;SP;1001;Privada;;;901-1000;12.3;;;1001+;1.53;;;601-700;4.28;;;;251-300;6.4;;;;1001+;1001+;0.09
2025;direito;Faculdade Santa Luzia;MA;1001;Privada;;;1001+;9.88;;;901-1000;2.43;;;351-400;5.89;;;;1001+;1.56;;;;1001+;;
2025;direito;Faculdade Empresarial de Chapecó;SC;1001;Privada;;;1001+;6.02;;;1001+;1.13;;;1001+;1.17;;;;1001+;2.37;;;;1001+;801-900;1.35
2025;direito;Faculdade Pitágoras Unopar de Quixeramobim;CE;1001;Privada;;;901-1000;12.08;;;1001+;0.66;;;601-700;4.32;;;;161;7.1;;;;1001+;;
2025;direito;Faculdade Mauá de Goiás;GO;1001;Privada;;;901-1000;12.38;;;1001+;0.51;;;351-400;5.74;;;;1001+;0.13;;;;901-1000;1;6
2025;direito;Unama Faculdade da Amazônia de Rio Branco;AC;1001;Privada;;;801-900;12.82;;;401-500;5.32;;;801-900;3.38;;;;1001+;0.31;;;;901-1000;401-500;3.81
2025;direito;Faculdade de Ciências Jurídicas de Assis;SP;1001;Privada;;;801-900;13.32;;;1001+;1.53;;;601-700;4.27;;;;86;7.52;;;;901-1000;;
2025;direito;Faculdade de Educação Superior de Tangará da Serra;MT;1001;Privada;;;1001+;8.73;;;1001+;2.08;;;351-400;5.74;;;;1001+;0.91;;;;1001+;;
2025;direito;Centro Universitário do Recife;PE;1001;Privada;;;1001+;7.9;;;801-900;3.41;;;901-1000;2.55;;;;1001+;0.86;;;;1001+;901-1000;1.08
2025;direito;Faculdade Unibras Juazeiro;BA;1001;Privada;;;1001+;10.23;;;1001+;0.9;;;1001+;1.46;;;;24;7.87;;;;1001+;;
2025;direito;Faculdade São Francisco do Ceará;CE;1001;Privada;;;1001+;2.78;;;1001+;0.66;;;1001+;0.25;;;;1001+;1.87;;;;1001+;;
2025;direito;Faculdade Dinâmica;GO;1001;Privada;;;1001+;0.75;;;1001+;0.51;;;;;;;;1001+;0.24;;;;1001+;;
2025;direito;Faculdade Centro Mato-grossense;MT;1001;Privada;;;1001+;5.02;;;1001+;2.08;;;1001+;0.58;;;;1001+;0.29;;;;1001+;701-800;2.07
2025;direito;Faculdade Internacional Cidade Viva;PB;1001;Privada;;;1001+;7.3;;;801-900;3.12;;;1001+;0.89;;;;801-900;3.29;;;;1001+;;
2025;direito;Faculdade Imesp Monitor;SP;1001;Privada;;;1001+;8.42;;;1001+;1.53;;;1001+;0.95;;;;351-400;5.94;;;;1001+;;
2025;direito;Faculdade Metropolitana de Coari;AM;1001;Privada;;;1001+;11.82;;;901-1000;2.64;;;1;8;;;;1001+;1.18;;;;1001+;;
2025;direito;Faculdade Viva Vitória;ES;1001;Privada;;;1001+;5.97;;;1001+;2.23;;;1001+;0.64;;;;1001+;0.51;;;;1001+;601-700;2.59
2025;direito;Faculdade Pitágoras de Luis Eduardo Magalhães;BA;1001;Privada;;;1001+;10.14;;;1001+;0.9;;;701-800;3.46;;;;401-500;5.57;;;;1001+;1001+;0.21
2025;direito;Faculdade Regional de Minas Gerais;MG;1001;Privada;;;1001+;2.94;;;1001+;0.36;;;1001+;1.12;;;;1001+;1.46;;;;1001+;;
2025;direito;Faculdade Anhanguera de Catanduva;SP;1001;Privada;;;701-800;13.9;;;1001+;1.53;;;501-600;4.63;;;;90;7.5;;;;901-1000;1001+;0.24
2025;direito;Faculdade Invest de Ciências e Tecnologia;MT;1001;Privada;;;801-900;13.16;;;701-800;3.73;;;1001+;1.61;;;;901-1000;2.86;;;;901-1000;201-250;4.96
2025;direito;Instituto Amazônico de Ensino Superior;AM;1001;Privada;;;701-800;13.86;;;901-1000;2.64;;;1;8;;;;801-900;3.22;;;;901-1000;;
2025;direito;Faculdade de Tecnologia do Vale do Ivaí;PR;1001;Privada;;;1001+;6.6;;;1001+;1.8;;;601-700;4.07;;;;1001+;0.73;;;;1001+;;
2025;direito;Faculdade Marquês de Olinda;SP;1001;Privada;;;1001+;7.08;;;1001+;1.53;;;1001+;1.82;;;;701-800;3.73;;;;1001+;;
2025;direito;Faculdade Presidente Antônio Carlos de Uberlândia;MG;1001;Privada;;;1001+;10.91;;;601-700;4.24;;;1001+;1.35;;;;1001+;0.97;;;;1001+;301-350;4.35
2025;direito;Faculdade Anhanguera de Sobral;CE;1001;Privada;;;1001+;3.1;;;1001+;0.66;;;1001+;1.46;;;;1001+;0.98;;;;1001+;;
2025;direito;Centro de Ensino Superior de Arcoverde;PE;1001;Municipal;;;1001+;7.26;;;801-900;3.04;;;;;;;;1001+;0.79;;;;109;401-500;3.43
2025;direito;Faculdade da Fundação Educacional Araçatuba;SP;1001;Privada;;;1001+;10.06;;;701-800;3.58;;;1001+;0.14;;;;801-900;3.46;;;;1001+;601-700;2.88
2025;direito;Faculdade de Olinda;PE;1001;Privada;;;1001+;8.97;;;801-900;3.36;;;1001+;0.64;;;;701-800;3.87;;;;901-1000;901-1000;1.1
2025;direito;Faculdade Santo Antonio de Itabuna;BA;1001;Privada;;;1001+;0.9;;;1001+;0.9;;;;;;;;;;;;;1001+;;
2025;direito;Faculdade Cesumar de Ponta Grossa;PR;1001;Privada;;;901-1000;12.43;;;1001+;1.8;;;1001+;1.31;;;;801-900;3.32;;;;901-1000;1;6
2025;direito;Faculdade Sergipana;SE;1001;Privada;;;1001+;6.02;;;701-800;3.88;;;1001+;0.77;;;;1001+;0.19;;;;1001+;901-1000;1.18
2025;direito;Faculdade Regional de Riachão do Jacuípe;BA;1001;Privada;;;1001+;10.5;;;1001+;0.9;;;1;8;;;;1001+;1.6;;;;1001+;;
2025;direito;Faculdade Cerrado;DF;1001;Privada;;;1001+;5.59;;;801-900;3.34;;;;;;;;1001+;2.25;;;;1001+;;
2025;direito;Faculdade Unibras do Mato Grosso;MT;1001;Privada;;;801-900;12.9;;;501-600;4.66;;;1001+;1.91;;;;1001+;1.69;;;;901-1000;251-300;4.64
2025;direito;Instituto de Ensino Superior de Foz do Iguaçu;PR;1001;Privada;;;1001+;6.76;;;901-1000;2.77;;;1001+;1.31;;;;1001+;1.48;;;;801-900;901-1000;1.2
2025;direito;Faculdade Anhanguera de Alvorada;RS;1001;Privada;;;1001+;5.4;;;1001+;1.93;;;1001+;0.64;;;;901-1000;2.83;;;;1001+;;
2025;direito;Instituto de Ensino Superior Blauro Cardoso de Mattos;ES;1001;Privada;;;801-900;13.02;;;1001+;2.23;;;1;8;;;;901-1000;2.79;;;;901-1000;;
2025;direito;Faculdade de Caieiras;SP;1001;Privada;;;801-900;13.14;;;901-1000;2.72;;;601-700;4.43;;;;1001+;1.1;;;;901-1000;201-250;4.89
2025;direito;Faculdade Presidente Antônio Carlos de Teófilo Otoni;MG;1001;Privada;;;801-900;13.01;;;901-1000;2.7;;;901-1000;2.8;;;;601-700;4.12;;;;901-1000;501-600;3.39
2025;direito;Faculdade Católica de Cuiabá;MT;1001;Privada;;;1001+;10.18;;;1001+;2.08;;;1001+;1;;;;901-1000;2.56;;;;1001+;251-300;4.54
2025;direito;Faculdade de Tecnologia e Ciências;CE;1001;Privada;;;801-900;13.34;;;1001+;0.66;;;1;8;;;;501-600;4.68;;;;901-1000;;
2025;direito;Centro Universitário Anhanguera de Fortaleza;CE;1001;Privada;;;801-900;13.32;;;1001+;0.66;;;501-600;4.95;;;;52;7.71;;;;901-1000;;
2025;direito;Faculdade de Ciências e Tecnologia de Janaúba;MG;1001;Privada;;;1001+;2.61;;;1001+;0.36;;;1001+;1.1;;;;1001+;1.15;;;;1001+;;
2025;direito;Faculdade Alfredo Nasser de Casa Nova;BA;1001;Privada;;;1001+;10.42;;;1001+;0.9;;;1;8;;;;1001+;1.52;;;;1001+;;
2025;direito;Faculdade de Direito 8 de Julho;SE;1001;Privada;;;1001+;8.95;;;701-800;3.88;;;1001+;0.32;;;;701-800;4.05;;;;1001+;1001+;0.7
2025;direito;Faculdade Uberlandense de Núcleos Integrados de Ensino, Serviço Social e Aprendizagem;MG;1001;Privada;;;1001+;7.76;;;1001+;0.36;;;701-800;3.49;;;;701-800;3.81;;;;1001+;1001+;0.1
2025;direito;Faculdade Multivix Serra;ES;1001;Privada;;;801-900;13.12;;;1001+;2.23;;;801-900;3.21;;;;1001+;1.68;;;;901-1000;1;6
2025;direito;Faculdade Guerra;DF;1001;Privada;;;1001+;11.8;;;801-900;3.34;;;1;8;;;;1001+;0.46;;;;1001+;;
2025;direito;Faculdade Anhanguera de Piracicaba;SP;1001;Privada;;;801-900;13.12;;;1001+;1.53;;;601-700;4.54;;;;201-250;6.73;;;;901-1000;1001+;0.32
2025;direito;Faculdade de Santo Ângelo;RS;1001;Privada;;;1001+;7.36;;;1001+;1.93;;;;;;;;401-500;5.43;;;;1001+;;
2025;direito;Centro Universitário Unic;MT;1001;Privada;;;701-800;13.62;;;501-600;4.67;;;601-700;4.17;;;;601-700;4.24;;;;901-1000;1001+;0.54
2025;direito;Centro Universitário Universo Salvador;BA;1001;Privada;;;1001+;6.97;;;1001+;0.9;;;1001+;1.35;;;;1001+;2.14;;;;1001+;601-700;2.58
2025;direito;Faculdade Fasipe de Sorriso;MT;1001;Privada;;;1001+;7.58;;;1001+;2.08;;;501-600;4.69;;;;1001+;0.81;;;;1001+;;
2025;direito;Faculdade Pitágoras de Juiz de Fora;MG;1001;Privada;;;1001+;11.53;;;1001+;0.36;;;701-800;3.48;;;;79;7.56;;;;1001+;1001+;0.13
2025;direito;Faculdade Finom de Patos de Minas;MG;1001;Privada;;;1001+;8.54;;;1001+;0.36;;;1001+;1.5;;;;1001+;0.68;;;;1001+;1;6
2025;direito;Gaia;SP;1001;Privada;;;901-1000;12.47;;;1001+;1.53;;;501-600;4.83;;;;301-350;6.11;;;;901-1000;;
2025;direito;Faculdade CCI;DF;1001;Privada;;;1001+;11.8;;;801-900;3.34;;;1;8;;;;1001+;0.46;;;;1001+;;
2025;direito;Faculdade de Martinópolis;SP;1001;Privada;;;1001+;9.99;;;1001+;1.53;;;1;8;;;;1001+;0.46;;;;1001+;;
2025;direito;Faculdade São Salvador;BA;1001;Privada;;;901-1000;11.83;;;1001+;0.9;;;901-1000;2.61;;;;401-500;5.39;;;;1001+;501-600;2.93
2025;direito;Centro Universitário Dom Bosco do Rio de Janeiro;RJ;1001;Privada;;;1001+;4.27;;;1001+;0.97;;;1001+;1.08;;;;1001+;2.22;;;;1001+;;
2025;direito;Faculdade Nove de Julho Guarulhos;SP;1001;Privada;;;1001+;4.8;;;1001+;1.53;;;1001+;0.48;;;;901-1000;2.79;;;;1001+;;
2025;direito;Faculdade Madre Tereza;AP;1001;Privada;;;701-800;13.67;;;801-900;3.21;;;501-600;4.99;;;;401-500;5.47;;;;901-1000;;
2025;direito;Faculdade Anhanguera de Alagoinhas;BA;1001;Privada;;;1001+;11.21;;;1001+;0.9;;;801-900;3.38;;;;251-300;6.58;;;;1001+;1001+;0.35
2025;direito;Escola Superior São Judas de São Bernardo do Campo;SP;1001;Privada;;;1001+;8.74;;;1001+;1.53;;;1001+;1.46;;;;401-500;5.75;;;;1001+;;
2025;direito;Faculdade Tecnológica de Pernambuco;PE;1001;Privada;;;1001+;5.45;;;801-900;3.04;;;1001+;0.93;;;;1001+;1.48;;;;1001+;;
2025;direito;Faculdade Unisul de Itajaí;SC;1001;Privada;;;1001+;10.41;;;1001+;1.13;;;801-900;2.85;;;;251-300;6.43;;;;1001+;;
2025;direito;Unama Faculdade da Amazônia de Macapá;AP;1001;Privada;;;1001+;10.56;;;801-900;3.21;;;601-700;4.56;;;;901-1000;2.79;;;;1001+;;
2025;direito;Faculdade KEEP EDUC;GO;1001;Privada;;;1001+;11.8;;;1001+;0.51;;;1;8;;;;801-900;3.29;;;;1001+;;
2025;direito;Centro de Ensino Superior Riograndese;RS;1001;Privada;;;1001+;5.31;;;1001+;1.93;;;1001+;1.55;;;;1001+;1.83;;;;1001+;;
2025;direito;Instituto de Ensino Superior Santo Antônio;SC;1001;Privada;;;1001+;5.16;;;1001+;1.13;;;1001+;0.96;;;;801-900;3.07;;;;1001+;;
2025;direito;Faculdade São Paulo de Presidente Venceslau;SP;1001;Privada;;;1001+;6.18;;;1001+;1.53;;;1001+;1.33;;;;801-900;3.32;;;;1001+;;
2025;direito;Faculdade de Educação e Tecnologia da Amazônia;PA;1001;Privada;;;1001+;11.59;;;901-1000;2.59;;;301-350;6.05;;;;901-1000;2.95;;;;1001+;;
2025;direito;Faculdade Atenas do Sul Baiano;BA;1001;Privada;;;1001+;10.65;;;1001+;0.9;;;1;8;;;;1001+;1.75;;;;1001+;;
2025;direito;Faculdade Unex;BA;1001;Privada;;;1001+;10.23;;;1001+;0.9;;;1;8;;;;1001+;1.33;;;;1001+;;
2025;direito;Centro Universitário Maurício de Nassau de Aracaju;SE;1001;Privada;;;801-900;13.37;;;701-800;3.88;;;601-700;4.5;;;;601-700;4.59;;;;901-1000;1001+;0.4
2025;direito;Faculdade Anhanguera de Marabá;PA;1001;Privada;;;801-900;12.99;;;901-1000;2.59;;;601-700;4.23;;;;401-500;5.56;;;;901-1000;1001+;0.61
2025;direito;Faculdade Cgesp Goiânia;GO;1001;Privada;;;1001+;8.05;;;1001+;0.51;;;1001+;0.64;;;;197;6.9;;;;1001+;;
2025;direito;Faculdade Pitágoras Unopar de Chapecó;SC;1001;Privada;;;901-1000;12.17;;;1001+;1.13;;;701-800;3.57;;;;95;7.47;;;;1001+;;
2025;direito;Faculdade Anhanguera do Maranhão;MA;1001;Privada;;;901-1000;12.03;;;901-1000;2.43;;;801-900;2.98;;;;251-300;6.59;;;;1001+;1001+;0.03
2025;direito;Faculdade Uninassau Maracanaú;CE;1001;Privada;;;901-1000;12.44;;;1001+;0.66;;;601-700;4.3;;;;501-600;5.02;;;;901-1000;601-700;2.46
2025;direito;Centro Universitário Estácio de Goiás;GO;1001;Privada;;;1001+;11.06;;;1001+;0.51;;;1001+;2.24;;;;401-500;5.58;;;;1001+;601-700;2.73
2025;direito;Faculdade Uninassau Serra Talhada;PE;1001;Privada;;;1001+;10.48;;;801-900;3.04;;;401-500;5.14;;;;1001+;2.3;;;;1001+;;
2025;direito;Faculdade de Educação Superior de Pernambuco - Facesp PE;PE;1001;Privada;;;1001+;3.5;;;801-900;3.04;;;;;;;;1001+;0.46;;;;1001+;;
2025;direito;Faculdade Promove de Sete Lagoas;MG;1001;Privada;;;1001+;4.04;;;1001+;0.36;;;1001+;0.05;;;;1001+;2.24;;;;1001+;801-900;1.39
2025;direito;Faculdade Una de Jataí;GO;1001;Privada;;;1001+;3.3;;;1001+;0.51;;;;;;;;901-1000;2.79;;;;1001+;;
2025;direito;Faculdade Georgina;CE;1001;Privada;;;1001+;0.69;;;1001+;0.66;;;;;;;;1001+;0.03;;;;1001+;;
2025;direito;Faculdade Adventista da Bahia;BA;1001;Privada;;;1001+;5.55;;;1001+;0.9;;;1001+;1.72;;;;901-1000;2.93;;;;1001+;;
2025;direito;Faculdade de Engenharia de Minas Gerais;MG;1001;Privada;;;1001+;4.59;;;1001+;0.36;;;1001+;1.62;;;;901-1000;2.61;;;;1001+;;
2025;direito;Faculdade Anhanguera de Maceió;AL;1001;Privada;;;801-900;13.51;;;1001+;1;;;401-500;5.53;;;;251-300;6.39;;;;901-1000;1001+;0.59
2025;direito;Faculdade Mais de Ituiutaba;MG;1001;Privada;;;1001+;11.78;;;1001+;0.36;;;351-400;5.97;;;;801-900;3.5;;;;901-1000;701-800;1.95
2025;direito;Faculdade de Boa Vista;RR;1001;Privada;;;1001+;6.37;;;801-900;3.17;;;1001+;0.41;;;;901-1000;2.79;;;;1001+;;
2025;direito;Instituto de Educação Superior de Pouso Alegre;MG;1001;Privada;;;1001+;9.75;;;1001+;0.36;;;1001+;2.25;;;;1001+;1.14;;;;1001+;1;6
2025;direito;Faculdade de Ciências Jurídicas de Jacobina;BA;1001;Privada;;;901-1000;12.52;;;1001+;0.9;;;601-700;4.4;;;;140;7.22;;;;901-1000;;
2025;direito;Centro Universitário Dom Pedro II;BA;1001;Privada;;;1001+;10;;;701-800;3.59;;;1001+;2;;;;1001+;0.79;;;;1001+;401-500;3.62
2025;direito;Faculdade Santo André;RO;1001;Privada;;;1001+;10.44;;;1001+;2.32;;;501-600;4.83;;;;801-900;3.29;;;;1001+;;
2025;direito;Faculdade CDL;CE;1001;Privada;;;1001+;3.78;;;1001+;0.66;;;1001+;0.13;;;;801-900;2.99;;;;1001+;;
2025;direito;Faculdade Irecê;BA;1001;Privada;;;1001+;7.6;;;1001+;0.9;;;1001+;1.09;;;;1001+;1.04;;;;1001+;251-300;4.57
2025;direito;Faculdade Unida de São Paulo;SP;1001;Privada;;;901-1000;12.07;;;1001+;1.53;;;501-600;4.71;;;;351-400;5.83;;;;1001+;;
2025;direito;Faculdade de Ciências e Saúde Edufor;MA;1001;Privada;;;701-800;13.87;;;901-1000;2.43;;;1;8;;;;801-900;3.44;;;;901-1000;;
2025;direito;Faculdade Conexão;MG;1001;Privada;;;1001+;7.49;;;1001+;0.36;;;351-400;5.92;;;;1001+;0.29;;;;1001+;901-1000;0.92
2025;direito;Faculdade Santo Antônio - SJC;SP;1001;Privada;;;1001+;6.88;;;1001+;1.53;;;701-800;3.64;;;;1001+;1.71;;;;1001+;;
2025;direito;Faculdade de Ciências Jurídicas Anhanguera de Arapiraca;AL;1001;Privada;;;1001+;10.45;;;1001+;1;;;801-900;3.12;;;;301-350;6.28;;;;1001+;1001+;0.05
2025;direito;Faculdade de Educação Memorial Adelaide Franco;MA;1001;Privada;;;1001+;10.83;;;901-1000;2.43;;;1;8;;;;1001+;0.4;;;;1001+;;
2025;direito;Faculdade de Ciências Humanas de Curvelo;MG;1001;Privada;;;1001+;10.96;;;1001+;0.36;;;1;8;;;;901-1000;2.6;;;;1001+;;
2025;direito;Faculdade Leonardo da Vinci de Belo Horizonte;MG;1001;Privada;;;1001+;11.15;;;1001+;0.36;;;1;8;;;;901-1000;2.79;;;;1001+;;
2025;direito;Faculdade de Goiana;PE;1001;Privada;;;1001+;6.9;;;801-900;3.04;;;1001+;1.39;;;;901-1000;2.47;;;;1001+;;
2025;direito;Faculdade Anhanguera de Cachoeiro de Itapemirim;ES;1001;Privada;;;1001+;5.95;;;1001+;2.23;;;1001+;0.93;;;;901-1000;2.79;;;;1001+;;
2025;direito;Faculdade Nova Roma Caruaru;PE;1001;Privada;;;1001+;8.43;;;801-900;3.04;;;;;;;;401-500;5.39;;;;1001+;;
2025;direito;Faculdade Anhanguera de Parauapebas;PA;1001;Privada;;;1001+;4.08;;;901-1000;2.59;;;1001+;0.73;;;;1001+;0.76;;;;1001+;;
2025;direito;Faculdade de Ciências Jurídicas de Santa Maria;RS;1001;Privada;;;1001+;5.43;;;1001+;1.93;;;1001+;0.1;;;;801-900;3.4;;;;1001+;;
2025;direito;Faculdade Anhanguera de Rio Claro;SP;1001;Privada;;;1001+;11.31;;;1001+;1.53;;;801-900;3.02;;;;201-250;6.69;;;;1001+;1001+;0.07
2025;direito;Faculdade Ibiapaba;CE;1001;Privada;;;1001+;1.12;;;1001+;0.66;;;;;;;;1001+;0.46;;;;1001+;;
2025;direito;Faculdades Integradas Stella Maris de Andradina;SP;1001;Privada;;;1001+;2.69;;;1001+;1.53;;;1001+;0.46;;;;1001+;0.7;;;;1001+;;
2025;direito;Faculdade Paraense de Ensino;PA;1001;Privada;;;901-1000;12.58;;;701-800;3.78;;;701-800;3.57;;;;601-700;4.12;;;;901-1000;901-1000;1.11
2025;direito;Faculdade Unificada do Estado de São Paulo;SP;1001;Privada;;;1001+;10.86;;;1001+;1.53;;;1;8;;;;1001+;1.33;;;;1001+;;
2025;direito;Faculdade do Norte de Mato Grosso;MT;1001;Privada;;;1001+;11.46;;;1001+;2.08;;;1001+;0.99;;;;1001+;2.39;;;;1001+;1;6
2025;direito;Faculdade Vale do Iguaçu Canoinhas;SC;1001;Privada;181;7.2;1001+;1.96;;;1001+;1.13;;;1001+;0.18;;;;1001+;0.65;;;;1001+;;
2025;direito;Centro Universitário Universo Goiânia;GO;1001;Privada;181;7.2;1001+;6.43;;;1001+;0.51;;;1001+;1.12;;;;1001+;2.28;;;;901-1000;601-700;2.52
2025;direito;Centro de Ensino Superior Sociesc de Jaraguá do Sul;SC;1001;Privada;;;1001+;8.1;;;1001+;1.13;;;1001+;1.77;;;;401-500;5.2;;;;1001+;;
2025;direito;Faculdade Santíssima Trindade;PE;1001;Privada;;;1001+;11.83;;;801-900;3.04;;;501-600;4.92;;;;1001+;2.28;;;;1001+;801-900;1.59
2025;direito;Faculdade Fleming Cerquilho;SP;1001;Privada;;;1001+;9.67;;;1001+;1.53;;;401-500;5.56;;;;901-1000;2.58;;;;1001+;;
2025;direito;Faculdades Integradas de Cataguases;MG;1001;Privada;;;1001+;2.83;;;1001+;0.36;;;1001+;0.56;;;;1001+;1.91;;;;1001+;;
2025;direito;Instituto de Ensino Superior de Olinda;PE;1001;Privada;;;1001+;9.64;;;601-700;4.16;;;901-1000;2.8;;;;1001+;1.26;;;;901-1000;801-900;1.42
2025;direito;Faculdade Vanguarda;SP;1001;Privada;;;1001+;6.39;;;1001+;1.53;;;;;;;;501-600;4.86;;;;1001+;;
2025;direito;Faculdade Raimundo Marinho;AL;1001;Privada;;;1001+;3.64;;;1001+;1;;;1001+;0.58;;;;1001+;1.37;;;;1001+;1001+;0.69
2025;direito;Faculdade de Viçosa;MG;1001;Privada;;;1001+;8.71;;;1001+;0.36;;;1001+;1.34;;;;351-400;5.8;;;;1001+;901-1000;1.21
2025;direito;Faculdade de Educação Social da Bahia;BA;1001;Privada;;;1001+;3.06;;;1001+;0.9;;;1001+;1.23;;;;1001+;0.93;;;;1001+;;
2025;direito;Faculdade Uninassau Vitória da Conquista;BA;1001;Privada;;;1001+;10.63;;;1001+;0.9;;;601-700;4.01;;;;501-600;4.93;;;;1001+;1001+;0.79
2025;direito;Faculdade Progresso;SP;1001;Privada;;;1001+;3.74;;;1001+;1.66;;;1001+;0.27;;;;1001+;0.99;;;;1001+;901-1000;0.82
2025;direito;Faculdade Presidente Dutra;MA;1001;Privada;;;901-1000;12.16;;;901-1000;2.43;;;1;8;;;;1001+;1.73;;;;1001+;;
2025;direito;Faculdade de Tecnologia de Piracicaba - Fatep;SP;1001;Privada;;;701-800;13.58;;;1001+;1.53;;;501-600;4.6;;;;99;7.45;;;;901-1000;;
2025;direito;Faculdade Ages de Jacobina;BA;1001;Privada;;;801-900;12.88;;;1001+;0.9;;;1001+;2;;;;701-800;3.98;;;;901-1000;1;6
2025;direito;Faculdades Integradas Rio Branco Granja Vianna;SP;1001;Privada;;;1001+;7.24;;;1001+;1.53;;;1001+;0.57;;;;701-800;4.02;;;;1001+;901-1000;1.12
2025;direito;Faculdade Pitágoras Unopar de Muriaé;MG;1001;Privada;;;1001+;11.5;;;1001+;0.36;;;701-800;3.77;;;;113;7.37;;;;1001+;;
2025;direito;Instituto Paraibano de Ensino Renovado;PB;1001;Privada;;;1001+;3.77;;;801-900;3.12;;;;;;;;1001+;0.1;;;;1001+;1001+;0.55
2025;direito;Unama Faculdade da Amazônia de Boa Vista;RR;1001;Privada;;;1001+;10.39;;;801-900;3.17;;;701-800;3.67;;;;701-800;3.55;;;;1001+;;
2025;direito;Faculdade Católica Santa Teresinha;RN;1001;Privada;;;1001+;11.63;;;701-800;3.55;;;1001+;1.03;;;;1001+;1.05;;;;1001+;1;6
2025;direito;Faculdade Anhanguera de Matão;SP;1001;Privada;;;701-800;14.02;;;1001+;1.53;;;501-600;4.87;;;;93;7.48;;;;801-900;1001+;0.14
2025;direito;Faculdade Anhanguera de Feira de Santana;BA;1001;Privada;;;901-1000;11.84;;;1001+;0.9;;;501-600;4.7;;;;301-350;6.15;;;;1001+;1001+;0.09
2025;direito;Faculdade Integrada Cete;PE;1001;Privada;;;1001+;6.22;;;801-900;3.04;;;1001+;1.82;;;;1001+;1.36;;;;1001+;;
2025;direito;Centro Universitário do Sul de Minas;MG;1001;Privada;;;1001+;4.77;;;1001+;0.36;;;1001+;1.55;;;;901-1000;2.86;;;;1001+;;
2025;direito;Faculdade de Educação e Tecnologia do Pará;PA;1001;Privada;;;1001+;6.31;;;901-1000;2.59;;;1001+;0.93;;;;901-1000;2.79;;;;1001+;;
2025;direito;Centro Universitário do Piauí;PI;1001;Privada;;;1001+;8.33;;;1001+;2.13;;;701-800;3.86;;;;1001+;1.01;;;;901-1000;801-900;1.33
2025;direito;Faculdade Unibras do Norte Goiano;GO;1001;Privada;;;901-1000;12.13;;;1001+;2.13;;;351-400;5.97;;;;1001+;1.29;;;;1001+;601-700;2.74
2025;direito;Faculdade Anhanguera de São José do Rio Preto;SP;1001;Privada;;;901-1000;12.38;;;1001+;1.53;;;701-800;3.52;;;;172;7.04;;;;901-1000;1001+;0.29
2025;direito;Faculdade do Centro Maranhense;MA;1001;Privada;;;1001+;9.31;;;901-1000;2.43;;;1001+;0.83;;;;1001+;0.05;;;;1001+;1;6
2025;direito;Faculdades João Paulo II;RS;1001;Privada;;;1001+;7.08;;;1001+;1.93;;;;;;;;1001+;0.71;;;;1001+;301-350;4.44
2025;direito;Faculdade Metropolitana de Parintins;AM;1001;Privada;;;1001+;10.88;;;901-1000;2.64;;;1;8;;;;1001+;0.24;;;;1001+;;
2025;direito;Faculdade do Vale do Rio Arinos;MT;1001;Privada;;;1001+;4.96;;;1001+;2.08;;;1001+;0.77;;;;1001+;2.11;;;;1001+;;
2025;direito;Faculdade de Integração do Ensino Superior do Cone Sul;RS;1001;Privada;;;801-900;12.9;;;401-500;5.72;;;1001+;0.1;;;;801-900;3.38;;;;901-1000;401-500;3.7
2025;direito;Faculdade de Ciências e Tecnologia da Bahia;BA;1001;Privada;;;1001+;11.37;;;1001+;0.9;;;401-500;5.17;;;;1001+;0.99;;;;1001+;301-350;4.31
2025;direito;Faculdade Enau;SP;1001;Privada;;;1001+;6.62;;;1001+;1.53;;;1001+;1.46;;;;701-800;3.63;;;;1001+;;
2025;direito;Faculdade Sobresp de Cristalina;GO;1001;Privada;;;1001+;10.9;;;801-900;3.21;;;701-800;3.73;;;;1001+;1.62;;;;901-1000;701-800;2.34
2025;direito;Faculdade Pitágoras de Pouso Alegre;MG;1001;Privada;;;901-1000;11.87;;;1001+;0.36;;;701-800;3.81;;;;83;7.54;;;;1001+;1001+;0.16
2025;direito;Faculdade de Tecnologia da Amazônia;AM;1001;Privada;;;1001+;11.4;;;901-1000;2.64;;;1;8;;;;1001+;0.76;;;;1001+;;
2025;direito;Centro Universitário Católico Ítalo Brasileiro;SP;1001;Privada;;;901-1000;12.04;;;1001+;1.53;;;901-1000;2.53;;;;301-350;6.06;;;;1001+;701-800;1.92
2025;direito;Faculdade Unise;PR;1001;Privada;;;1001+;6.94;;;1001+;1.8;;;1001+;2.04;;;;801-900;3.1;;;;1001+;;
2025;direito;Faculdade Cidade de Patos de Minas;MG;1001;Privada;;;1001+;10.38;;;1001+;0.36;;;501-600;4.81;;;;1001+;1.6;;;;1001+;401-500;3.61
2025;direito;Faculdade Dom Adelio Tomasin;CE;1001;Privada;;;1001+;5.47;;;1001+;0.66;;;1001+;2.26;;;;901-1000;2.55;;;;1001+;;
2025;direito;Faculdade de Tecnologia Ftec de Porto Alegre;RS;1001;Privada;;;1001+;9.36;;;1001+;1.93;;;801-900;3.08;;;;601-700;4.35;;;;1001+;;
2025;direito;Centro Universitário Guairacá;PR;1001;Privada;;;1001+;7.39;;;1001+;1.8;;;901-1000;2.41;;;;801-900;3.18;;;;1001+;;
2025;direito;Faculdade de Ciências Jurídicas de Luziânia;GO;1001;Privada;;;801-900;13.27;;;1001+;0.51;;;601-700;4.24;;;;143;7.2;;;;901-1000;901-1000;1.32
2025;direito;Instituto Esperança de Ensino Superior;PA;1001;Privada;;;1001+;6.23;;;901-1000;2.59;;;1001+;0.85;;;;901-1000;2.79;;;;1001+;;
2025;direito;Faculdade Gil Gal;PB;1001;Privada;;;1001+;7.93;;;801-900;3.12;;;701-800;3.92;;;;1001+;0.89;;;;1001+;;
2025;direito;Faculdade Anhanguera de São João de Meriti;RJ;1001;Privada;;;801-900;13.56;;;1001+;0.97;;;501-600;4.82;;;;42;7.77;;;;901-1000;;
2025;direito;Centro Universitário Estácio de Ji-paraná;RO;1001;Privada;;;901-1000;12.11;;;401-500;5.75;;;1001+;2.11;;;;1001+;0.77;;;;1001+;401-500;3.48
2025;direito;Faculdade de Ciências e Educação Sena Aires;GO;1001;Privada;;;801-900;13.45;;;1001+;0.51;;;301-350;6.02;;;;193;6.92;;;;901-1000;;
2025;direito;Faculdade Uninassau Belo Horizonte;MG;1001;Privada;;;1001+;10.39;;;1001+;0.36;;;601-700;4.21;;;;501-600;4.88;;;;1001+;901-1000;0.94
2025;direito;Faculdade Única de Contagem;MG;1001;Privada;;;1001+;9.38;;;1001+;0.36;;;601-700;4.39;;;;1001+;1.4;;;;1001+;501-600;3.23
2025;direito;Faculdade de Tecnologia e Ciências;SE;1001;Privada;;;901-1000;12.16;;;701-800;3.88;;;1;8;;;;1001+;0.28;;;;1001+;;
2025;direito;Faculdade Uniguaçu;PR;1001;Privada;;;1001+;11.66;;;1001+;1.8;;;501-600;5.03;;;;801-900;3.15;;;;1001+;801-900;1.68
2025;direito;Faculdade Multivix Vila Velha;ES;1001;Privada;;;1001+;10.9;;;1001+;2.23;;;401-500;5.64;;;;801-900;3.03;;;;1001+;;
2025;direito;Faculdade da Serra Gaúcha de Bento Gonçalves;RS;1001;Privada;;;1001+;9.93;;;1001+;1.93;;;1001+;1.26;;;;201-250;6.74;;;;1001+;;
2025;direito;Faculdade de Educação de Patos de Minas;MG;1001;Privada;;;1001+;7.33;;;1001+;0.36;;;1001+;0.64;;;;1001+;0.33;;;;1001+;1;6
2025;direito;Centro Universitário Maurício de Nassau de São Luís;MA;1001;Privada;;;701-800;13.58;;;901-1000;2.43;;;501-600;4.91;;;;601-700;4.58;;;;901-1000;801-900;1.66
2025;direito;Faculdade de Ciências Humanas e Sociais Aplicadas do Cabo de Santo Agostinho;PE;1001;Municipal;;;801-900;13.17;;;33;7.82;;;501-600;4.62;;;;1001+;0.73;;;;106;;
2025;direito;Faculdade Ésper;GO;1001;Privada;;;1001+;1.56;;;1001+;0.51;;;1001+;0.87;;;;1001+;0.18;;;;1001+;;
2025;direito;Faculdade Anhanguera de Rio Branco;AC;1001;Privada;;;801-900;13.24;;;401-500;5.32;;;901-1000;2.35;;;;601-700;4.59;;;;901-1000;901-1000;0.98
2025;direito;Centro Universitário Universo Juiz de Fora;MG;1001;Privada;;;1001+;11.13;;;1001+;0.36;;;601-700;4.08;;;;601-700;4.27;;;;1001+;601-700;2.42
2025;direito;Faculdade Anhanguera de Paragominas;PA;1001;Privada;;;901-1000;12.57;;;901-1000;2.59;;;801-900;3.1;;;;301-350;6.24;;;;901-1000;1001+;0.64
2025;direito;Faculdade Reges de Osvaldo Cruz;SP;1001;Privada;;;801-900;13.5;;;1001+;1.53;;;801-900;3.32;;;;901-1000;2.65;;;;901-1000;1;6
2025;direito;Faculdade Laboro;MA;1001;Privada;;;1001+;11.77;;;901-1000;2.43;;;1001+;0.21;;;;801-900;3.13;;;;1001+;1;6
2025;direito;Faculdade Garça Branca Pantanal;MT;1001;Privada;;;901-1000;11.85;;;1001+;2.08;;;401-500;5.68;;;;601-700;4.09;;;;1001+;;
2025;direito;Faculdade Nove de Julho Mauá;SP;1001;Privada;;;1001+;4.33;;;1001+;1.53;;;1001+;0.14;;;;1001+;2.35;;;;1001+;1001+;0.31
2025;direito;Faculdade Conhecimento & Ciência;PA;1001;Privada;;;1001+;5;;;901-1000;2.59;;;;;;;;901-1000;2.41;;;;1001+;;
2025;direito;Faculdade Anhanguera de Ribeirão Preto;SP;1001;Privada;;;701-800;13.6;;;251-300;6.54;;;1001+;1.73;;;;401-500;5.29;;;;901-1000;1001+;0.04
2025;direito;Faculdade São Vicente de Irati;PR;1001;Privada;;;1001+;10.82;;;1001+;1.8;;;801-900;2.91;;;;301-350;6.11;;;;1001+;;
2025;direito;Centro Universitário de Jales;SP;1001;Privada;;;801-900;12.75;;;1001+;1.53;;;401-500;5.44;;;;801-900;3.13;;;;901-1000;601-700;2.65
2025;direito;Faculdade de Ciências do Tocantins;TO;1001;Privada;;;1001+;8.17;;;1001+;1.59;;;1001+;2.13;;;;1001+;1.97;;;;1001+;601-700;2.48
2025;direito;Escola Superior Una de Conselheiro Lafaiete;MG;1001;Privada;;;1001+;6.51;;;1001+;0.36;;;1001+;1.75;;;;601-700;4.4;;;;1001+;;
2025;direito;Faculdade Católica de Várzea Grande;MT;1001;Privada;;;1001+;7.75;;;1001+;2.08;;;1001+;0.76;;;;1001+;0.64;;;;1001+;301-350;4.27
2025;direito;Faculdade Anhanguera de Contagem;MG;1001;Privada;;;1001+;10.88;;;1001+;0.36;;;701-800;3.95;;;;251-300;6.56;;;;1001+;1001+;0.01
2025;direito;Faculdade Uninassau Lauro de Freitas;BA;1001;Privada;;;701-800;13.59;;;801-900;3.48;;;501-600;4.97;;;;601-700;4.37;;;;901-1000;1001+;0.77
2025;direito;Faculdade Master do Pará;PA;1001;Privada;;;1001+;2.59;;;901-1000;2.59;;;;;;;;;;;;;1001+;;
2025;direito;Faculdade Uninassau Palmas;TO;1001;Privada;;;1001+;11.08;;;1001+;1.59;;;1001+;1.24;;;;1001+;2.25;;;;1001+;1;6
2025;direito;Faculdade Unibras do Pará;PA;1001;Privada;;;1001+;2.59;;;901-1000;2.59;;;;;;;;;;;;;1001+;;
2025;direito;Faculdade CTA;SP;1001;Privada;;;1001+;3.92;;;1001+;1.53;;;1001+;0.23;;;;1001+;2.16;;;;1001+;;
2025;direito;Faculdade Central do Recife Centro;PE;1001;Privada;;;1001+;5.73;;;801-900;3.04;;;1001+;0.12;;;;901-1000;2.57;;;;1001+;;
2025;direito;Faculdade Uninassau Brasília;DF;1001;Privada;;;901-1000;12.07;;;801-900;3.34;;;701-800;3.96;;;;501-600;4.77;;;;1001+;;
2025;direito;Faculdade Anhanguera de Valparaíso;GO;1001;Privada;;;1001+;2.98;;;1001+;0.51;;;1001+;1.82;;;;1001+;0.65;;;;1001+;;
2025;direito;Centro Universitário de Excelência Eniac;SP;1001;Privada;181;7.2;1001+;6.12;;;1001+;1.53;;;901-1000;2.67;;;;1001+;1.92;;;;901-1000;;
2025;direito;Faculdade Pitágoras de Concórdia;SC;1001;Privada;;;901-1000;11.89;;;1001+;1.13;;;701-800;3.65;;;;159;7.11;;;;1001+;;
2025;direito;Faculdade Uninassau Arapiraca;AL;1001;Privada;;;1001+;9.47;;;1001+;1;;;701-800;3.68;;;;801-900;3.35;;;;1001+;801-900;1.44
2025;direito;Faculdade de Ciências Jurídicas de Altamira;PA;1001;Privada;;;1001+;9.13;;;901-1000;2.59;;;1001+;2.18;;;;601-700;4.36;;;;1001+;;
2025;direito;Faculdade Unibras Catalão;GO;1001;Privada;;;1001+;6.32;;;1001+;0.51;;;701-800;3.64;;;;1001+;1.67;;;;1001+;1001+;0.5
2025;direito;Faculdade Metropolitana de Itajaí;SC;1001;Privada;;;901-1000;12.36;;;1001+;1.13;;;501-600;5.06;;;;301-350;6.17;;;;901-1000;;
2025;direito;Faculdades Integradas de Fernandópolis;SP;1001;Privada;;;1001+;6.68;;;1001+;1.53;;;1001+;1.63;;;;701-800;3.52;;;;1001+;;
2025;direito;Faculdade Unirb - Salvador;BA;1001;Privada;;;1001+;1.36;;;1001+;0.9;;;;;;;;1001+;0.46;;;;1001+;;
2025;direito;Faculdade de Ciências Aplicadas de Limoeiro;PE;1001;Municipal;;;1001+;8.79;;;601-700;4.57;;;1001+;0.06;;;;1001+;0.82;;;;107;501-600;3.34
2025;direito;Faculdade Uninassau Carpina;PE;1001;Privada;;;1001+;8.95;;;801-900;3.04;;;801-900;3.08;;;;901-1000;2.83;;;;1001+;;
2025;direito;Faculdade de Tecnologia Ftec;RS;1001;Privada;;;1001+;10.74;;;1001+;1.93;;;1001+;1.94;;;;801-900;3.21;;;;1001+;401-500;3.66
2025;direito;Faculdade de Ciências Sociais Aplicadas do Sul de Minas;MG;1001;Privada;;;1001+;8.4;;;1001+;0.36;;;801-900;3.08;;;;501-600;4.96;;;;1001+;;
2025;direito;Centro de Estudos em Direito e Negócios;MG;1001;Privada;;;1001+;6.57;;;1001+;0.36;;;1001+;1.78;;;;601-700;4.43;;;;1001+;;
2025;direito;Faculdade de Ciências Humanas, Exatas e da Saúde do Piauí;PI;1001;Privada;;;701-800;13.94;;;1001+;2.13;;;401-500;5.7;;;;801-900;3.29;;;;901-1000;601-700;2.82
2025;direito;Faculdades Integradas Vale do Rio Verde;SP;1001;Privada;;;1001+;1.93;;;1001+;1.53;;;;;;;;1001+;0.4;;;;901-1000;;
2025;direito;Faculdade Metropolitana de Florianópolis;SC;1001;Privada;;;701-800;13.76;;;1001+;1.13;;;351-400;5.89;;;;201-250;6.74;;;;901-1000;;
2025;direito;Faculdade Santo Antonio BA;BA;1001;Privada;;;1001+;7.51;;;1001+;0.9;;;1001+;0.5;;;;1001+;0.11;;;;1001+;1;6
2025;direito;Faculdade do Estado do Maranhão;MA;1001;Privada;;;1001+;9.63;;;901-1000;2.43;;;401-500;5.21;;;;1001+;0.8;;;;1001+;901-1000;1.19
2025;direito;Faculdade Presidente Antônio Carlos de Itabirito;MG;1001;Privada;;;1001+;11.62;;;601-700;4.21;;;1001+;2.2;;;;601-700;4.6;;;;1001+;1001+;0.61
2025;direito;Faculdade Anhanguera de Palmas;TO;1001;Privada;;;1001+;8.55;;;1001+;1.59;;;1001+;0.41;;;;251-300;6.55;;;;1001+;;
2025;direito;Faculdade de Roseira;SP;1001;Privada;;;1001+;8.68;;;1001+;1.53;;;1001+;2.25;;;;601-700;4.51;;;;1001+;1001+;0.39
2025;direito;Faculdade Cidade de João Pinheiro;MG;1001;Privada;;;901-1000;12.48;;;1001+;0.36;;;351-400;5.82;;;;1001+;0.3;;;;901-1000;1;6
2025;direito;Faculdade Pitágoras Unopar de Brumado;BA;1001;Privada;;;1001+;11.1;;;1001+;0.9;;;701-800;3.81;;;;251-300;6.35;;;;1001+;1001+;0.04
2025;direito;Faculdade Ibituruna;MG;1001;Privada;;;901-1000;12.2;;;601-700;4.58;;;801-900;2.96;;;;1001+;0.95;;;;1001+;401-500;3.71
2025;direito;Faculdade Leonardo da Vinci de São Gonçalo;RJ;1001;Privada;;;701-800;13.84;;;1001+;0.97;;;1;8;;;;501-600;4.87;;;;901-1000;;
2025;direito;Faculdades Integradas Simonsen;RJ;1001;Privada;;;901-1000;12.07;;;1001+;1.6;;;1001+;1.33;;;;401-500;5.52;;;;1001+;401-500;3.62
2025;direito;Faculdade dos Palmares;PE;1001;Privada;;;1001+;4.18;;;801-900;3.04;;;1001+;0.18;;;;1001+;0.96;;;;1001+;;
2025;direito;Faculdade de Itaituba;PA;1001;Privada;;;1001+;11.8;;;701-800;3.75;;;801-900;3.4;;;;1001+;0.21;;;;1001+;301-350;4.44
2025;direito;Faculdade Anhanguera de Camaçari;BA;1001;Privada;;;1001+;2.07;;;1001+;0.9;;;1001+;0.93;;;;1001+;0.24;;;;1001+;;
2025;direito;Centro de Ensino Superior de Bacabeira;MA;1001;Privada;;;1001+;4.99;;;901-1000;2.43;;;1001+;1.46;;;;1001+;1.1;;;;1001+;;
2025;direito;Faculdade de Belém;PA;1001;Privada;;;1001+;10.16;;;701-800;4.08;;;1001+;0.37;;;;1001+;1.79;;;;1001+;401-500;3.92
2025;direito;Faculdade Presidente Antônio Carlos de Mariana;MG;1001;Privada;;;1001+;10.7;;;155;7.14;;;1001+;0.57;;;;1001+;2.33;;;;1001+;1001+;0.66
2025;direito;Faculdade Filos;GO;1001;Privada;;;1001+;2.25;;;1001+;0.51;;;1001+;0.2;;;;1001+;1.54;;;;1001+;;
2025;direito;Faculdade de Tecnologia de Cruzeiro do Oeste;PR;1001;Privada;;;1001+;7.83;;;401-500;5.42;;;1001+;0.02;;;;1001+;1;;;;1001+;801-900;1.39
2025;direito;Instituto Maranhense de Ensino e Cultura;MA;1001;Privada;;;901-1000;12.66;;;901-1000;2.64;;;601-700;4.26;;;;501-600;4.96;;;;901-1000;1001+;0.8
2025;direito;Faculdade Luiz Mário Moutinho;PE;1001;Privada;;;1001+;11.12;;;801-900;3.04;;;1;8;;;;1001+;0.08;;;;1001+;;
2025;direito;Faculdade Anhanguera de São José;SP;1001;Privada;;;801-900;12.68;;;1001+;1.53;;;501-600;4.72;;;;251-300;6.33;;;;901-1000;1001+;0.1
2025;direito;Instituto de Ensino Superior de Teresina;PI;1001;Privada;;;1001+;9.41;;;601-700;4.2;;;701-800;3.83;;;;1001+;0.49;;;;901-1000;901-1000;0.89
2025;direito;Faculdades Integradas de Patos;PB;1001;Privada;;;1001+;8.85;;;801-900;3.12;;;1001+;0.34;;;;401-500;5.39;;;;1001+;;
2025;direito;Faculdade Cnec Santo Ângelo;RS;1001;Privada;;;801-900;13.33;;;601-700;4.42;;;1001+;0.24;;;;301-350;6.18;;;;901-1000;601-700;2.49
2025;direito;Centro Universitário Universo Recife;PE;1001;Privada;;;1001+;9.43;;;801-900;3.04;;;1001+;0.51;;;;801-900;3.49;;;;1001+;601-700;2.39
2025;direito;Faculdade do Futuro;MG;1001;Privada;;;1001+;8.76;;;1001+;0.36;;;901-1000;2.61;;;;1001+;1.16;;;;1001+;251-300;4.63
2025;direito;Faculdade Cenecista de Capivari;SP;1001;Privada;;;1001+;1.53;;;1001+;1.53;;;;;;;;;;;;;1001+;;
2025;direito;Faculdade Uninorte Tailândia;PA;1001;Privada;;;1001+;2.66;;;901-1000;2.59;;;;;;;;1001+;0.07;;;;1001+;;
2025;direito;Faculdade Republicana;DF;1001;Privada;;;1001+;7.25;;;801-900;3.34;;;1001+;0.18;;;;701-800;3.73;;;;1001+;;
2025;direito;Faculdade de Tecnologia e Ciências;PE;1001;Privada;;;701-800;13.83;;;801-900;3.04;;;1;8;;;;901-1000;2.79;;;;901-1000;;
2025;direito;Centro Universitário de Caratinga;MG;1001;Privada;;;1001+;9.3;;;1001+;0.36;;;601-700;4;;;;1001+;1.86;;;;1001+;501-600;3.08
2025;direito;Faculdade Lusófona do Rio de Janeiro;RJ;1001;Privada;;;801-900;12.92;;;1001+;1.56;;;601-700;4.51;;;;601-700;4.54;;;;901-1000;701-800;2.31
2025;direito;Faculdade Inova Mais de São Paulo;SP;1001;Privada;;;801-900;12.86;;;1001+;1.53;;;1;8;;;;801-900;3.33;;;;901-1000;;
2025;direito;Instituto Superior e Centro Educacional Luterano;SC;1001;Privada;;;1001+;9.31;;;1001+;1.13;;;1001+;1.96;;;;301-350;6.22;;;;1001+;;
2025;direito;Faculdade Nove de Julho de Osasco;SP;1001;Privada;;;1001+;5.22;;;1001+;1.53;;;1001+;0.05;;;;1001+;1.4;;;;1001+;701-800;2.24
2025;direito;Faculdade Cosmopolita;PA;1001;Privada;;;1001+;11.82;;;901-1000;2.59;;;601-700;4.43;;;;901-1000;2.83;;;;1001+;701-800;1.97
2025;direito;Centro Técnico-educacional Superior do Oeste Paranaense;PR;1001;Privada;;;1001+;4.54;;;1001+;1.8;;;1001+;1.46;;;;1001+;1.28;;;;1001+;;
2025;direito;Faculdade Insted;MS;1001;Privada;;;1001+;7.57;;;1001+;1.65;;;901-1000;2.63;;;;1001+;2.13;;;;1001+;901-1000;1.16
2025;direito;Faculdade Boas Novas de Ciências Teológicas, Sociais e Biotecnológicas;AM;1001;Privada;;;1001+;5.32;;;901-1000;2.64;;;1001+;0.39;;;;1001+;2.29;;;;1001+;;
2025;direito;Faculdade Anhanguera de Jaú;SP;1001;Privada;;;901-1000;12.67;;;1001+;1.53;;;701-800;3.76;;;;111;7.38;;;;901-1000;;
2025;direito;Centro Universitário Estácio do Pantanal;MT;1001;Privada;;;1001+;9.45;;;801-900;3.14;;;901-1000;2.47;;;;1001+;1.77;;;;1001+;701-800;2.07
2025;direito;Instituto Cuiabá de Ensino e Cultura;MT;1001;Privada;;;1001+;7.9;;;801-900;3.48;;;1001+;0.26;;;;1001+;0.53;;;;1001+;401-500;3.63
2025;direito;Faculdade Alfredo Nasser de Pontalina;GO;1001;Privada;;;1001+;10.5;;;1001+;0.51;;;1;8;;;;1001+;1.99;;;;1001+;;
2025;direito;Faculdade Pitágoras Unopar de Canindé;CE;1001;Privada;;;1001+;11.03;;;1001+;0.66;;;701-800;3.93;;;;251-300;6.44;;;;1001+;;
2025;direito;Faculdade Uninassau Garanhuns;PE;1001;Privada;;;1001+;11.81;;;801-900;3.04;;;701-800;3.97;;;;601-700;4.31;;;;1001+;1001+;0.49
2025;direito;Faculdade Católica de Anápolis;GO;1001;Privada;;;1001+;3.69;;;1001+;0.51;;;1001+;1.57;;;;1001+;0.61;;;;1001+;901-1000;1
2025;direito;Instituto de Ensino Superior de Cuiabá;MT;1001;Privada;;;801-900;13.13;;;1001+;2.08;;;301-350;6.11;;;;501-600;4.94;;;;901-1000;;
2025;direito;Faculdade de Ensino Superior Paschoal Dantas;SP;1001;Privada;;;1001+;9.37;;;1001+;1.53;;;1001+;0.49;;;;801-900;3.45;;;;1001+;401-500;3.9
2025;direito;Faculdade Padrão;GO;1001;Privada;;;1001+;3.3;;;1001+;0.51;;;;;;;;901-1000;2.79;;;;1001+;;
2025;direito;Faculdade Pan-americana de Administração e Direito;PR;1001;Privada;;;1001+;11.15;;;1001+;1.8;;;501-600;4.73;;;;601-700;4.62;;;;1001+;;
2025;direito;Instituto Belo Horizonte de Ensino Superior;MG;1001;Privada;;;1001+;7;;;501-600;4.7;;;1001+;0.97;;;;1001+;0.26;;;;1001+;901-1000;1.07
2025;direito;Faculdade Atenas Centro de Minas;MG;1001;Privada;;;1001+;7.55;;;1001+;0.36;;;501-600;4.91;;;;1001+;2.28;;;;1001+;;
2025;direito;Faculdade Estácio de Belém;PA;1001;Privada;;;1001+;8.73;;;901-1000;2.59;;;1001+;1.46;;;;501-600;4.68;;;;1001+;;
2025;direito;Faculdade da Escada;PE;1001;Privada;;;901-1000;12;;;801-900;3.04;;;1;8;;;;1001+;0.96;;;;1001+;;
2025;direito;Faculdade Harven Agribusiness School;SP;1001;Privada;;;801-900;12.79;;;1001+;1.53;;;701-800;3.83;;;;102;7.43;;;;901-1000;;
2025;direito;Faculdade da Região Sisaleira;BA;1001;Privada;;;1001+;4.85;;;1001+;0.9;;;1001+;0.15;;;;1001+;0.16;;;;1001+;401-500;3.64
2025;direito;Faculdade Paranaense-Rolândia;PR;1001;Privada;;;1001+;6.3;;;1001+;1.8;;;1001+;0.52;;;;1001+;1.21;;;;901-1000;601-700;2.77
2025;direito;Faculdade de Direito Serra Dourada;PA;1001;Privada;;;1001+;10.4;;;901-1000;2.59;;;601-700;4.06;;;;1001+;0.72;;;;1001+;501-600;3.03
2025;direito;Faculdade de Guarantã do Norte;MT;1001;Privada;;;701-800;13.57;;;1001+;2.08;;;501-600;5.07;;;;1001+;1.42;;;;901-1000;193;5
2025;direito;Faculdade Metropolitana do Ceará;CE;1001;Privada;;;1001+;11.45;;;1001+;0.66;;;1;8;;;;901-1000;2.79;;;;1001+;;
2025;direito;Faculdade de Nova Mutum - Unifama;MT;1001;Privada;;;1001+;7.78;;;1001+;2.08;;;401-500;5.33;;;;1001+;0.37;;;;1001+;;
2025;direito;Faculdade Cidade de Coromandel;MG;1001;Privada;;;1001+;4.02;;;1001+;0.36;;;1001+;2.06;;;;1001+;1.6;;;;1001+;;
2025;direito;Faculdade Uninta Tianguá;CE;1001;Privada;;;901-1000;12.42;;;1001+;0.66;;;1;8;;;;701-800;3.76;;;;901-1000;;
2025;direito;Faculdade Brasil Norte;AP;1001;Privada;;;901-1000;12.49;;;701-800;3.83;;;1;8;;;;1001+;0.1;;;;901-1000;1001+;0.56
2025;direito;Faculdades Famep Unidade Teresina - PI;PI;1001;Privada;;;1001+;11.42;;;1001+;2.13;;;1;8;;;;1001+;1.29;;;;1001+;;
2025;direito;Escola Superior de Engenharia e Gestão de São Paulo;SP;1001;Privada;;;1001+;7.87;;;1001+;1.53;;;1001+;0.2;;;;301-350;6.14;;;;1001+;;
2025;direito;Faculdades Integradas da América do Sul;GO;1001;Privada;;;1001+;6.73;;;1001+;0.51;;;1001+;1.36;;;;1001+;1.12;;;;1001+;401-500;3.74
2025;direito;Gran Centro Universitário;PR;1001;Privada;;;901-1000;12.05;;;1001+;1.8;;;801-900;3.17;;;;165;7.08;;;;1001+;;
2025;direito;Faculdade de Ciências Jurídicas de Erechim;RS;1001;Privada;;;801-900;12.98;;;1001+;1.93;;;801-900;2.93;;;;186;6.96;;;;901-1000;901-1000;1.16
2025;direito;Faculdade Metropolitana do Marajó;PA;1001;Privada;;;1001+;10.57;;;901-1000;2.59;;;601-700;4.35;;;;701-800;3.63;;;;1001+;;
2025;direito;Faculdade Alfa Umuarama;PR;1001;Privada;;;901-1000;12.33;;;1001+;1.8;;;301-350;6.01;;;;601-700;4.52;;;;901-1000;;
2025;direito;Faculdade Metropolitana da Grande Recife;PE;1001;Privada;;;1001+;6.31;;;601-700;4.43;;;1001+;0.07;;;;1001+;0.57;;;;1001+;901-1000;1.24
2025;direito;Faculdade Anhanguera de Cascavel;PR;1001;Privada;;;901-1000;12.24;;;1001+;1.8;;;701-800;3.55;;;;201-250;6.81;;;;1001+;1001+;0.08
2025;direito;Faculdade Presidente Antônio Carlos de Conselheiro Lafaiete;MG;1001;Privada;;;1001+;3.6;;;1001+;0.36;;;1001+;0.85;;;;1001+;2.39;;;;1001+;;
2025;direito;Centro de Ensino Superior de Lorena;SP;1001;Privada;;;1001+;7.16;;;1001+;1.53;;;601-700;4.39;;;;1001+;1.24;;;;1001+;;
2025;direito;Faculdade Educaremt;MT;1001;Privada;;;1001+;2.28;;;1001+;2.08;;;1001+;0.06;;;;1001+;0.14;;;;1001+;;
2025;direito;Faculdade Presidente Antônio Carlos de Governador Valadares;MG;1001;Privada;;;1001+;6.45;;;1001+;0.36;;;901-1000;2.61;;;;801-900;3.48;;;;1001+;;
2025;direito;Faculdade Lumina;SP;1001;Privada;;;1001+;9.4;;;1001+;1.53;;;;;;;;24;7.87;;;;1001+;;
2025;direito;Faculdade Liber de Porangatu;GO;1001;Privada;;;1001+;1.33;;;1001+;0.51;;;1001+;0.73;;;;1001+;0.09;;;;1001+;;
2025;direito;Faculdade Skema Business School;MG;1001;Privada;;;1001+;11.05;;;1001+;0.36;;;601-700;4.14;;;;251-300;6.55;;;;1001+;;
2025;direito;Faculdade São Vicente;AL;1001;Privada;;;1001+;7.74;;;1001+;1;;;;;;;;1001+;0.74;;;;1001+;1;6
2025;direito;Faculdade de Ciências Humanas e Sociais do Xingu e Amazônia;PA;1001;Privada;;;901-1000;12.04;;;901-1000;2.59;;;1;8;;;;1001+;1.45;;;;1001+;;
2025;direito;Escola Superior do Sul de Santa Catarina;SC;1001;Privada;;;1001+;3.47;;;1001+;1.13;;;1001+;0.3;;;;1001+;2.04;;;;1001+;;
2025;direito;Faculdade Metropolitana;RO;1001;Privada;;;1001+;11.39;;;1001+;2.32;;;1;8;;;;1001+;1.07;;;;1001+;;
2025;direito;Faculdade Anhanguera de Itapetininga;SP;1001;Privada;;;801-900;12.92;;;1001+;1.53;;;601-700;4.22;;;;149;7.17;;;;901-1000;;
2025;direito;Faculdade Anhanguera de Ribeirão das Neves;MG;1001;Privada;;;801-900;13.36;;;1001+;0.36;;;701-800;3.97;;;;95;7.47;;;;901-1000;801-900;1.56
2025;direito;Cesrei Faculdade;PB;1001;Privada;;;1001+;8.42;;;701-800;3.89;;;1001+;0.29;;;;1001+;0.21;;;;1001+;351-400;4.03
2025;direito;Faculdade de Tecnologia e Ciências;BA;1001;Privada;;;1001+;9.47;;;1001+;0.9;;;1;8;;;;1001+;0.57;;;;1001+;;
2025;direito;Faculdade de Ciências Aplicadas Piauiense;PI;1001;Privada;;;701-800;13.95;;;1001+;2.13;;;1;8;;;;701-800;3.82;;;;901-1000;;
2025;direito;Faculdade Pitágoras de Paranaguá;PR;1001;Privada;;;1001+;3.49;;;1001+;1.8;;;1001+;0.93;;;;1001+;0.76;;;;1001+;;
2025;direito;Faculdade Anhanguera de Caxias do Sul;RS;1001;Privada;;;901-1000;12.17;;;1001+;1.93;;;801-900;3.04;;;;145;7.19;;;;1001+;1001+;0.01
2025;direito;Centro Universitário Fieo;SP;1001;Privada;;;1001+;9.54;;;601-700;4.16;;;1001+;1.03;;;;1001+;2.12;;;;801-900;701-800;2.23
2025;direito;Faculdade Unifael Curitiba;PR;1001;Privada;;;1001+;8.91;;;1001+;1.8;;;801-900;3.41;;;;701-800;3.7;;;;1001+;;
2025;direito;Centro Universitário Amparense;SP;1001;Privada;;;1001+;8.22;;;1001+;1.53;;;1001+;0.22;;;;1001+;0.47;;;;1001+;1;6
2025;direito;Faculdade de Campina Grande;PB;1001;Privada;;;1001+;5.7;;;801-900;3.12;;;1001+;0.46;;;;1001+;1.22;;;;1001+;901-1000;0.9
2025;direito;Escola Superior Una de Itumbiara;GO;1001;Privada;;;1001+;9.78;;;1001+;0.51;;;801-900;2.97;;;;301-350;6.3;;;;1001+;;
2025;direito;Faculdades João Paulo II - Pelotas;RS;1001;Privada;;;1001+;10.72;;;1001+;1.93;;;;;;;;901-1000;2.79;;;;1001+;1;6
2025;direito;Faculdade de Informática de Ouro Preto do Oeste;RO;1001;Privada;;;901-1000;11.9;;;1001+;2.32;;;1;8;;;;1001+;0.01;;;;1001+;801-900;1.57
2025;direito;Faculdade Rio Parnaíba;MA;1001;Privada;;;1001+;10.43;;;901-1000;2.43;;;401-500;5.21;;;;901-1000;2.79;;;;1001+;;
2025;direito;Faculdade Multivix São Mateus;ES;1001;Privada;;;1001+;11.52;;;1001+;2.23;;;601-700;4.32;;;;1001+;0.51;;;;1001+;251-300;4.46
2025;direito;Faculdade Pitágoras Bacabal Mearim;MA;1001;Privada;;;701-800;13.66;;;901-1000;2.43;;;701-800;3.71;;;;201-250;6.71;;;;901-1000;1001+;0.81
2025;direito;Faculdades de Ciências e Tecnologia do Nordeste Ltda;CE;1001;Privada;;;701-800;14.06;;;90;7.5;;;601-700;4.05;;;;901-1000;2.44;;;;801-900;1001+;0.07
2025;direito;Faculdade Macêdo de Amorim;PE;1001;Privada;;;1001+;5.44;;;801-900;3.04;;;1001+;1.46;;;;1001+;0.94;;;;1001+;;
2025;direito;Faculdade Cers;PE;1001;Privada;;;801-900;13.43;;;801-900;3.04;;;401-500;5.42;;;;501-600;4.97;;;;901-1000;;
2025;direito;Faculdade Sociesc de Educação de São Bento do Sul;SC;1001;Privada;;;1001+;6.27;;;1001+;1.13;;;1001+;0.18;;;;501-600;4.96;;;;1001+;;
2025;direito;Faculdade Anhanguera de Santa Bárbara;SP;1001;Privada;;;1001+;11.48;;;1001+;1.53;;;801-900;3.36;;;;251-300;6.57;;;;1001+;1001+;0.02
2025;direito;Faculdade Pitágoras Unopar de Itajubá;MG;1001;Privada;;;1001+;11.78;;;1001+;0.36;;;701-800;3.71;;;;52;7.71;;;;1001+;;
2025;direito;Faculdade Anhanguera de Sertãozinho;SP;1001;Privada;;;801-900;12.85;;;1001+;1.53;;;701-800;3.61;;;;147;7.18;;;;901-1000;1001+;0.53
2025;direito;Faculdade Uninassau Mossoró;RN;1001;Privada;;;801-900;12.82;;;701-800;3.55;;;601-700;4.16;;;;501-600;5.11;;;;901-1000;;
2025;direito;Faculdade Reges de Realeza;PR;1001;Privada;;;1001+;8.28;;;1001+;1.8;;;1001+;1.48;;;;901-1000;2.88;;;;1001+;701-800;2.12
2025;direito;Faculdade Unopar de Ciências Jurídicas de Sete Lagoas;MG;1001;Privada;;;901-1000;11.87;;;1001+;0.36;;;701-800;3.72;;;;38;7.79;;;;1001+;;
2025;direito;Faculdade Novo Horizonte de Ipojuca;PE;1001;Privada;;;1001+;11.21;;;801-900;3.04;;;1;8;;;;1001+;0.17;;;;1001+;;
2025;direito;Centro Universitário Unifecaf;SP;1001;Privada;;;1001+;5.32;;;1001+;1.53;;;901-1000;2.39;;;;1001+;0.52;;;;1001+;901-1000;0.88
2025;direito;Faculdade Anhanguera de Itapecerica da Serra;SP;1001;Privada;;;801-900;13.2;;;1001+;1.53;;;501-600;5.01;;;;201-250;6.63;;;;901-1000;1001+;0.03
2025;direito;Faculdade Metropolitana de Palhoça;SC;1001;Privada;;;801-900;13.48;;;1001+;1.13;;;351-400;5.89;;;;251-300;6.46;;;;901-1000;;
2025;direito;Faculdade Alfaunipac de Capelinha;MG;1001;Privada;;;1001+;8.82;;;1001+;0.36;;;701-800;3.64;;;;501-600;4.82;;;;1001+;;
2025;direito;Faculdade de Palmas;TO;1001;Privada;;;1001+;6.51;;;801-900;3.46;;;1001+;1.37;;;;1001+;0.22;;;;1001+;801-900;1.46
2025;direito;Faculdade de Educação da Ibiapaba;CE;1001;Privada;;;1001+;1.98;;;1001+;0.66;;;1001+;0.93;;;;1001+;0.39;;;;1001+;;
2025;direito;Faculdade de Desenvolvimento do Norte;MG;1001;Privada;;;1001+;4.7;;;1001+;0.36;;;901-1000;2.73;;;;1001+;0.15;;;;1001+;801-900;1.46
2025;direito;Real Faculdade de Brasília;DF;1001;Privada;;;1001+;5.83;;;351-400;5.77;;;1001+;0.01;;;;1001+;0.05;;;;1001+;;
2025;direito;Faculdade Anhanguera de Pindamonhangaba;SP;1001;Privada;;;801-900;12.94;;;1001+;1.53;;;601-700;4.19;;;;174;7.03;;;;901-1000;1001+;0.19
2025;direito;Faculdade Fasipe de Rondonópolis;MT;1001;Privada;;;1001+;7.76;;;1001+;2.08;;;601-700;4.27;;;;1001+;1.41;;;;1001+;;
2025;direito;Faculdade Anhanguera de Vitória da Conquista;BA;1001;Privada;;;1001+;11.78;;;1001+;0.9;;;701-800;3.87;;;;181;6.99;;;;1001+;1001+;0.02
2025;direito;Faculdade de Ciências Jurídicas de Itumbiara;GO;1001;Privada;;;1001+;11.37;;;1001+;0.51;;;601-700;4.09;;;;201-250;6.77;;;;1001+;;
2025;direito;Centro de Ensino Superior de Palmas;TO;1001;Privada;;;1001+;11.41;;;1001+;1.59;;;1001+;1.3;;;;901-1000;2.52;;;;1001+;1;6
2025;direito;Faculdade Tecnológica Latino Americana;RS;1001;Privada;;;1001+;3.3;;;1001+;1.93;;;1001+;0.23;;;;1001+;1.14;;;;1001+;;
2025;direito;Faculdade Doctum de Almenara;MG;1001;Privada;;;801-900;13.45;;;1001+;0.36;;;1;8;;;;501-600;5.09;;;;901-1000;;
2025;direito;Faculdade Anhanguera Jaraguá do Sul;SC;1001;Privada;;;1001+;11.08;;;1001+;1.13;;;701-800;3.42;;;;251-300;6.41;;;;1001+;1001+;0.12
2025;direito;Faculdade Presidente Antônio Carlos de Uberaba;MG;1001;Privada;;;1001+;10.54;;;601-700;4.11;;;701-800;3.44;;;;901-1000;2.53;;;;1001+;1001+;0.46
2025;direito;Instituto Tecnológico e das Ciências Sociais Aplicadas e da Saúde do Centro Educ. N. Srª Auxiliadora;RJ;1001;Privada;;;901-1000;12.1;;;1001+;0.97;;;1001+;1.36;;;;701-800;3.77;;;;1001+;1;6
2025;direito;Faculdade Anhanguera de Juazeiro do Norte;CE;1001;Privada;;;1001+;10.8;;;1001+;0.66;;;701-800;3.45;;;;201-250;6.69;;;;1001+;;
2025;direito;Centro Universitário de Tecnologia de Curitiba;PR;1001;Privada;;;1001+;10.47;;;1001+;1.8;;;1001+;0.88;;;;601-700;4.19;;;;1001+;401-500;3.6
2025;direito;Faculdade Anhanguera de Jequié;BA;1001;Privada;;;1001+;10.22;;;1001+;0.9;;;701-800;3.42;;;;401-500;5.62;;;;1001+;1001+;0.28
2025;direito;Faculdade Unibras - Prudente;SP;1001;Privada;;;1001+;7.9;;;1001+;1.53;;;601-700;4.14;;;;1001+;2.23;;;;1001+;;
2025;direito;Faculdade de Ciências e Tecnologia de Birigui;SP;1001;Municipal;;;1001+;8.99;;;701-800;3.58;;;1001+;0.28;;;;501-600;5.13;;;;108;;
2025;direito;Faculdade Unibras Gama;DF;1001;Privada;;;1001+;11.29;;;701-800;3.94;;;1001+;2.18;;;;1001+;1.49;;;;1001+;401-500;3.68
2025;direito;Faculdade de Ciências Jurídicas de Bom Jesus da Lapa;BA;1001;Privada;;;901-1000;12.47;;;1001+;0.9;;;601-700;4.07;;;;251-300;6.45;;;;901-1000;901-1000;1.05
2025;direito;Faculdade Pinhalzinho;SC;1001;Privada;;;1001+;7.78;;;1001+;1.13;;;1001+;0.45;;;;1001+;0.2;;;;1001+;1;6
2025;direito;Faculdade Uninassau Olinda;PE;1001;Privada;;;701-800;13.64;;;801-900;3.04;;;701-800;3.66;;;;601-700;4.08;;;;901-1000;601-700;2.86
2025;direito;Faculdade Supremo Redentor;MA;1001;Privada;;;901-1000;12.31;;;901-1000;2.43;;;1;8;;;;1001+;1.88;;;;901-1000;;
2025;direito;Faculdade Única de Ipatinga;MG;1001;Privada;;;1001+;10.27;;;1001+;0.36;;;801-900;3.25;;;;1001+;0.66;;;;1001+;1;6
2025;direito;Faculdade São Francisco do Ceará;CE;1001;Privada;;;1001+;2.53;;;1001+;0.66;;;1001+;1.16;;;;1001+;0.71;;;;1001+;;
2025;direito;Faculdade Uninassau Sobral;CE;1001;Privada;;;1001+;6.4;;;1001+;0.66;;;601-700;4.14;;;;1001+;1.6;;;;1001+;;
2025;direito;Faculdade Presidente Antônio Carlos de Nova Lima;MG;1001;Privada;;;1001+;8.07;;;501-600;4.83;;;1001+;2.14;;;;1001+;0.58;;;;1001+;1001+;0.52
2025;direito;Faculdade de Tecnologia e Ciências;CE;1001;Privada;;;801-900;13.34;;;1001+;0.66;;;1;8;;;;501-600;4.68;;;;901-1000;;
2025;direito;Faculdade Raimundo Marinho de Penedo;AL;1001;Privada;;;1001+;6;;;1001+;1.61;;;1001+;0.5;;;;1001+;0.07;;;;1001+;401-500;3.82
2025;direito;Faculdade da Amazônia Legal;MT;1001;Privada;;;1001+;2.11;;;1001+;2.08;;;;;;;;1001+;0.03;;;;1001+;;
2025;direito;Faculdade de Ensino de Minas Gerais;MG;1001;Privada;;;1001+;7.19;;;501-600;4.78;;;1001+;1.49;;;;1001+;0.26;;;;1001+;1001+;0.66
2025;direito;Faculdade Cesumar de Campo Grande;MS;1001;Privada;;;901-1000;12.48;;;1001+;1.65;;;1;8;;;;901-1000;2.83;;;;901-1000;;
2025;direito;Faculdade Dom Pedro II de Sergipe;SE;1001;Privada;;;1001+;10.57;;;201-250;6.63;;;1001+;0.64;;;;1001+;0.16;;;;1001+;501-600;3.14
2025;direito;Faculdade Brasileira de Inovação;RS;1001;Privada;;;1001+;11.35;;;1001+;1.93;;;1001+;0.36;;;;801-900;3.06;;;;1001+;1;6
2025;direito;Centro Universitario Universo Belo Horizonte;MG;1001;Privada;;;1001+;9.52;;;1001+;0.36;;;1001+;2.1;;;;501-600;4.76;;;;1001+;701-800;2.3
2025;direito;Faculdade Unibras do Maranhão;MA;1001;Privada;;;1001+;6.01;;;901-1000;2.43;;;1001+;1.15;;;;901-1000;2.43;;;;1001+;;
2025;direito; Faculdade Anhanguera Unopar de Guanambi;BA;1001;Privada;;;801-900;12.97;;;1001+;0.9;;;601-700;4.47;;;;147;7.18;;;;901-1000;1001+;0.42
2025;direito;Escola Superior de Educação;MG;1001;Privada;;;1001+;5.64;;;1001+;0.36;;;1001+;0.64;;;;601-700;4.64;;;;1001+;;
2025;direito;Faculdades Ipede MA;MA;1001;Privada;;;1001+;10.43;;;901-1000;2.43;;;1;8;;;;;;;;;1001+;;
2025;direito;Faculdade Nove de Julho de Bauru;SP;1001;Privada;;;1001+;3.58;;;1001+;1.53;;;1001+;0.37;;;;1001+;1.68;;;;1001+;;
2025;direito;Faculdade Fasipe Mato Grosso;MT;1001;Privada;;;1001+;10.42;;;1001+;2.08;;;601-700;4.46;;;;701-800;3.88;;;;1001+;;
2025;direito;Faculdade Estácio de Ananindeua;PA;1001;Privada;;;1001+;10.14;;;901-1000;2.59;;;901-1000;2.56;;;;501-600;4.99;;;;1001+;;
2025;direito;Escola Superior São Judas de Guarulhos;SP;1001;Privada;;;1001+;8.91;;;1001+;1.53;;;1001+;1.46;;;;351-400;5.92;;;;1001+;;
2025;direito;Faculdade Brasileira Cristã;ES;1001;Privada;;;901-1000;12.35;;;1001+;2.23;;;401-500;5.47;;;;701-800;3.8;;;;901-1000;901-1000;0.85
2025;direito;Faculdade Pitágoras de Penápolis;SP;1001;Privada;;;701-800;13.7;;;1001+;1.53;;;601-700;4.52;;;;63;7.65;;;;901-1000;;
2025;direito;Faculdade Santo Antônio SP;SP;1001;Privada;;;1001+;9.66;;;1001+;1.53;;;801-900;2.91;;;;601-700;4.5;;;;1001+;1001+;0.72
2025;direito;Faculdades Magsul;MS;1001;Privada;;;1001+;10.74;;;1001+;1.65;;;1001+;1.4;;;;901-1000;2.63;;;;1001+;182;5.06
2025;direito;Faculdade Sucesso-PB;PB;1001;Privada;;;1001+;7.06;;;801-900;3.12;;;1001+;1.15;;;;901-1000;2.79;;;;1001+;;
2025;direito;Faculdade de Ciências e Tecnologia de Teresina;PI;1001;Privada;;;901-1000;12.29;;;1001+;2.13;;;1;8;;;;1001+;2.16;;;;1001+;;
2025;direito;Faculdade Prime;MS;1001;Privada;;;1001+;8.26;;;1001+;1.65;;;501-600;4.68;;;;1001+;1.93;;;;1001+;;
2025;direito;Faculdade Mário Quintana;RS;1001;Privada;;;901-1000;12.18;;;1001+;1.93;;;1001+;1.76;;;;901-1000;2.49;;;;1001+;1;6
2025;direito;Faculdade Instituto Rio de Janeiro;RJ;1001;Privada;;;901-1000;12.36;;;1001+;0.97;;;1;8;;;;801-900;3.39;;;;901-1000;;
