ano;curso;Universidade;Estado;Posição;Pública ou Privada;Posição em avaliação do Mercado;Nota em avaliação do Mercado;Posição em qualidade de ensino;Nota em qualidade de ensino;Posição em Instrução dos Professores;Nota em Instrução dos Professores;Posição Nota dos concluintes;Nota dos concluintes;Posição Desistência;Nota Desistência;Posição em Tempo de Dedicação dos Professores;Nota em Tempo de Dedicação dos Professores;Posição no MEC;Nota no MEC;Posição em Professores com doutorado e mestrado;Nota em Professores com doutorado e mestrado;Posição em avaliação dos docentes;Nota em avaliação dos docentes;Posição PP;Posição em Permanência dos alunos;Nota em Permanência dos alunos
2019;engenharia-ambiental;Universidade de São Paulo;SP;1;Estadual;1;36;3;61.58;3;7.95;64;5.63;;;1;8;1;40;;;;;;;
2019;engenharia-ambiental;Universidade Federal de Minas Gerais;MG;1;Federal;2;35.61;2;61.97;10;7.75;2;7.96;;;1;8;2;38.26;;;;;;;
2019;engenharia-ambiental;Universidade Estadual de Campinas;SP;3;Estadual;2;35.61;5;60.67;37;7.01;17;7.4;;;1;8;2;38.26;;;;;;;
2019;engenharia-ambiental;Universidade Federal do Rio de Janeiro;RJ;4;Federal;6;34.04;1;62.18;4;7.92;1;8;;;1;8;2;38.26;;;;;;;
2019;engenharia-ambiental;Universidade Federal de Santa Catarina;SC;5;Federal;14;30.91;4;61.07;24;7.37;16;7.44;;;1;8;2;38.26;;;;;;;
2019;engenharia-ambiental;Universidade Federal do Rio Grande do Sul;RS;6;Federal;6;34.04;7;54.79;14;7.64;5;7.85;;;1;8;6;31.3;;;;;;;
2019;engenharia-ambiental;Universidade Estadual Paulista Júlio de Mesquita Filho;SP;7;Estadual;6;34.04;8;49.75;5;7.89;64;5.63;;;112;4.93;6;31.3;;;;;;;
2019;engenharia-ambiental;Universidade Federal do Ceará;CE;8;Federal;6;34.04;10;49.35;20;7.48;7;7.78;;;1;8;9;26.09;;;;;;;
2019;engenharia-ambiental;Universidade Federal do Paraná;PR;9;Federal;6;34.04;13;47.12;12;7.7;72;5.33;;;1;8;9;26.09;;;;;;;
2019;engenharia-ambiental;Universidade Federal de Santa Maria;RS;10;Federal;14;30.91;11;48.24;27;7.28;31;6.87;;;1;8;9;26.09;;;;;;;
2019;engenharia-ambiental;Universidade Federal da Bahia;BA;11;Federal;14;30.91;14;47.03;94;5.43;14;7.51;;;1;8;9;26.09;;;;;;;
2019;engenharia-ambiental;Universidade Federal de Viçosa;MG;12;Federal;36;22.3;6;55.06;7;7.83;3;7.93;;;1;8;6;31.3;;;;;;;
2019;engenharia-ambiental;Universidade Federal de São Carlos;SP;13;Federal;6;34.04;15;41.87;9;7.78;;;;;1;8;9;26.09;;;;;;;
2019;engenharia-ambiental;Universidade de Brasília;DF;14;Federal;36;22.3;9;49.59;15;7.61;4;7.89;;;1;8;9;26.09;;;;;;;
2019;engenharia-ambiental;Universidade Federal de Mato Grosso;MT;15;Federal;6;34.04;19;34.48;82;5.77;33;6.8;;;1;8;16;13.91;;;;;;;
2019;engenharia-ambiental;Universidade Federal do Espírito Santo;ES;16;Federal;14;30.91;17;36.55;34;7.09;13;7.55;;;1;8;16;13.91;;;;;;;
2019;engenharia-ambiental;Universidade Federal do Pará;PA;17;Federal;14;30.91;20;32.39;69;6.12;98;4.36;;;1;8;16;13.91;;;;;;;
2019;engenharia-ambiental;Universidade Estadual de Maringá;PR;18;Estadual;14;30.91;22;30.06;177;3.15;81;5;;;1;8;16;13.91;;;;;;;
2019;engenharia-ambiental;Universidade Federal de Ouro Preto;MG;19;Federal;36;22.3;18;36.25;49;6.68;10;7.66;;;1;8;16;13.91;;;;;;;
2019;engenharia-ambiental;Universidade Federal de Goiás;GO;20;Federal;6;34.04;37;21.08;43;6.84;48;6.24;;;1;8;;;;;;;;;
2019;engenharia-ambiental;Universidade da Região de Joinville;SC;21;Privada;36;22.3;21;31.07;72;6.04;44;6.39;;;119;4.73;16;13.91;;;;;;;
2019;engenharia-ambiental;Universidade Federal de Alagoas;AL;22;Federal;14;30.91;29;22.22;30;7.2;27;7.02;;;1;8;;;;;;;;;
2019;engenharia-ambiental;Universidade Federal do Rio Grande do Norte;RN;23;Federal;14;30.91;39;20.81;77;5.9;30;6.91;;;1;8;;;;;;;;;
2019;engenharia-ambiental;Universidade do Vale do Rio dos Sinos;RS;24;Privada;2;35.61;68;15.39;11;7.72;149;2.44;;;101;5.23;;;;;;;;;
2019;engenharia-ambiental;Universidade Federal de Mato Grosso do Sul;MS;25;Federal;14;30.91;57;17.32;63;6.29;42;6.46;;;125;4.57;;;;;;;;;
2019;engenharia-ambiental;Universidade de Fortaleza;CE;26;Privada;2;35.61;109;12.27;45;6.79;122;3.46;;;201-250;2.02;;;;;;;;;
2019;engenharia-ambiental;Universidade Federal de Itajubá;MG;27;Federal;;;12;47.81;47;6.73;28;6.99;;;1;8;9;26.09;;;;;;;
2019;engenharia-ambiental;Universidade de Caxias do Sul;RS;28;Privada;14;30.91;73;14.96;70;6.1;76;5.18;;;157;3.68;;;;;;;;;
2019;engenharia-ambiental;Universidade Federal de Lavras;MG;29;Federal;36;22.3;23;23.48;6;7.86;11;7.62;;;1;8;;;;;;;;;
2019;engenharia-ambiental;Universidade do Vale do Itajaí;SC;30;Privada;14;30.91;76;14.69;158;3.67;32;6.84;;;139;4.18;;;;;;;;;
2019;engenharia-ambiental;Universidade Veiga de Almeida;RJ;31;Privada;14;30.91;78;14.61;58;6.43;75;5.22;;;183;2.96;;;;;;;;;
2019;engenharia-ambiental;Universidade de Uberaba;MG;32;Privada;36;22.3;25;22.97;251-300;0.8;112;3.83;;;130;4.43;16;13.91;;;;;;;
2019;engenharia-ambiental;Universidade Federal de Juiz de Fora;MG;33;Federal;36;22.3;26;22.93;33;7.12;6;7.81;;;1;8;;;;;;;;;
2019;engenharia-ambiental;Centro Universitário de Várzea Grande;MT;34;Privada;14;30.91;88;13.72;19;7.5;156;2.18;;;144;4.04;;;;;;;;;
2019;engenharia-ambiental;Universidade Federal de Uberlândia;MG;35;Federal;36;22.3;28;22.31;31;7.17;24;7.14;;;1;8;;;;;;;;;
2019;engenharia-ambiental;Fundação Universidade Federal do Tocantins;TO;36;Federal;36;22.3;30;22.21;21;7.45;34;6.76;;;1;8;;;;;;;;;
2019;engenharia-ambiental;Universidade Federal da Paraíba;PB;37;Federal;36;22.3;31;22.14;22;7.42;35;6.72;;;1;8;;;;;;;;;
2019;engenharia-ambiental;Universidade Federal de Sergipe;SE;38;Federal;36;22.3;33;21.99;59;6.4;12;7.59;;;1;8;;;;;;;;;
2019;engenharia-ambiental;Universidade Federal do Triângulo Mineiro;MG;39;Federal;36;22.3;34;21.6;36;7.03;39;6.57;;;1;8;;;;;;;;;
2019;engenharia-ambiental;Universidade Tecnológica Federal do Paraná;PR;40;Federal;36;22.3;40;20.57;68;6.15;43;6.42;;;1;8;;;;;;;;;
2019;engenharia-ambiental;Pontifícia Universidade Católica do Paraná;PR;41;Privada;14;30.91;117;11.83;107;5.08;94;4.51;;;201-250;2.24;;;;;;;;;
2019;engenharia-ambiental;Universidade Salvador;BA;42;Privada;14;30.91;120;11.67;109;5.02;99;4.32;;;201-250;2.33;;;;;;;;;
2019;engenharia-ambiental;Pontifícia Universidade Católica de Campinas;SP;43;Privada;14;30.91;127;11.18;83;5.74;78;5.11;;;251-300;0.33;;;;;;;;;
2019;engenharia-ambiental;Universidade Católica de Pernambuco;PE;44;Privada;14;30.91;143;10.48;54;6.54;140;2.78;;;201-250;1.16;;;;;;;;;
2019;engenharia-ambiental;Universidade Federal de Campina Grande;PB;45;Federal;36;22.3;49;18.82;50;6.65;103;4.17;;;1;8;;;;;;;;;
2019;engenharia-ambiental;Universidade Estácio de Sá;RJ;46;Privada;14;30.91;148;10.13;141;4.14;135;2.97;;;181;3.02;;;;;;;;;
2019;engenharia-ambiental;Universidade Federal do Oeste da Bahia;BA;47;Federal;36;22.3;52;18.26;133;4.36;57;5.9;;;1;8;;;;;;;;;
2019;engenharia-ambiental;Universidade Cesumar;PR;48;Privada;36;22.3;55;17.56;76;5.93;52;6.09;;;90;5.54;;;;;;;;;
2019;engenharia-ambiental;Universidade do Oeste Paulista;SP;49;Privada;36;22.3;56;17.44;65;6.23;60;5.78;;;94;5.43;;;;;;;;;
2019;engenharia-ambiental;Pontifícia Universidade Católica de Goiás;GO;50;Privada;14;30.91;190;8.27;136;4.28;141;2.74;;;201-250;1.25;;;;;;;;;
2019;engenharia-ambiental;Centro Universitário das Faculdades Metropolitanas Unidas;SP;51;Privada;14;30.91;199;8;201-250;2.32;107;4.02;;;201-250;1.66;;;;;;;;;
2019;engenharia-ambiental;Centro Universitário do Norte;AM;52;Privada;14;30.91;201-250;6.97;145;4.03;199;0.56;;;201-250;2.38;;;;;;;;;
2019;engenharia-ambiental;Centro Universitário de Excelência;BA;53;Privada;36;22.3;67;15.55;201-250;2.48;79;5.07;;;1;8;;;;;;;;;
2019;engenharia-ambiental;Fundação Universidade Federal do ABC;SP;54;Federal;;;16;37.23;1;8;19;7.32;;;1;8;16;13.91;;;;;;;
2019;engenharia-ambiental;Universidade Católica de Brasília;DF;55;Privada;36;22.3;74;14.82;57;6.46;130;3.16;;;102;5.2;;;;;;;;;
2019;engenharia-ambiental;Universidade Anhembi Morumbi;SP;56;Privada;36;22.3;79;14.52;60;6.37;56;5.93;;;201-250;2.22;;;;;;;;;
2019;engenharia-ambiental;Universidade Feevale;RS;57;Privada;36;22.3;80;14.48;56;6.48;;;;;1;8;;;;;;;;;
2019;engenharia-ambiental;Universidade de Cuiabá;MT;58;Privada;14;30.91;201-250;5.83;201-250;1.32;178;1.35;;;176;3.16;;;;;;;;;
2019;engenharia-ambiental;Fundação Universidade do Estado de Santa Catarina;SC;59;Estadual;36;22.3;81;14.43;53;6.57;66;5.56;;;201-250;2.3;;;;;;;;;
2019;engenharia-ambiental;Centro Universitário Una;MG;60;Privada;36;22.3;84;14.16;110;4.99;85;4.85;;;134;4.32;;;;;;;;;
2019;engenharia-ambiental;Universidade La Salle;RS;61;Privada;36;22.3;85;14.1;8;7.81;174;1.5;;;117;4.79;;;;;;;;;
2019;engenharia-ambiental;Universidade São Francisco;SP;62;Privada;36;22.3;86;13.98;112;4.94;67;5.52;;;163;3.52;;;;;;;;;
2019;engenharia-ambiental;Universidade do Sul de Santa Catarina;SC;63;Privada;36;22.3;89;13.71;152;3.83;41;6.5;;;168;3.38;;;;;;;;;
2019;engenharia-ambiental;Universidade do Grande Rio Professor José de Souza Herdy;RJ;64;Privada;36;22.3;95;13.41;95;5.41;;;;;1;8;;;;;;;;;
2019;engenharia-ambiental;Universidade de Santa Cruz do Sul;RS;65;Privada;36;22.3;96;13.36;93;5.46;40;6.54;;;201-250;1.36;;;;;;;;;
2019;engenharia-ambiental;Universidade Federal do Maranhão;MA;66;Federal;36;22.3;99;13.13;105;5.13;;;;;1;8;;;;;;;;;
2019;engenharia-ambiental;Universidade do Estado do Rio de Janeiro;RJ;67;Estadual;36;22.3;101;13.09;23;7.39;;;;;84;5.7;;;;;;;;;
2019;engenharia-ambiental;Universidade Tuiuti do Paraná;PR;68;Privada;36;22.3;109;12.27;42;6.87;;;;;95;5.4;;;;;;;;;
2019;engenharia-ambiental;Centro Universitário de Belo Horizonte;MG;69;Privada;36;22.3;111;12.26;116;4.83;132;3.08;;;133;4.35;;;;;;;;;
2019;engenharia-ambiental;Universidade Franciscana;RS;70;Privada;36;22.3;115;12.03;108;5.05;169;1.69;;;99;5.29;;;;;;;;;
2019;engenharia-ambiental;Universidade de Passo Fundo;RS;71;Privada;36;22.3;126;11.42;139;4.19;74;5.26;;;201-250;1.97;;;;;;;;;
2019;engenharia-ambiental;Universidade Luterana do Brasil;RS;72;Privada;36;22.3;128;11.11;176;3.17;139;2.82;;;105;5.12;;;;;;;;;
2019;engenharia-ambiental;Universidade Católica Dom Bosco;MS;73;Privada;36;22.3;131;10.96;201-250;1.66;108;3.98;;;98;5.32;;;;;;;;;
2019;engenharia-ambiental;Universidade do Extremo Sul Catarinense;SC;74;Privada;36;22.3;135;10.8;191;2.76;50;6.16;;;201-250;1.88;;;;;;;;;
2019;engenharia-ambiental;Centro Regional Universitário de Espírito Santo do Pinhal;SP;75;Privada;36;22.3;138;10.66;165;3.48;45;6.35;;;251-300;0.83;;;;;;;;;
2019;engenharia-ambiental;Escola de Engenharia de Piracicaba;SP;75;Municipal;36;22.3;138;10.66;81;5.79;91;4.62;;;251-300;0.25;;;;;;;;;
2019;engenharia-ambiental;Centro Universitário Senac;SP;77;Privada;36;22.3;145;10.3;102;5.21;119;3.57;;;201-250;1.52;;;;;;;;;
2019;engenharia-ambiental;Centro Universitário Leonardo da Vinci;SC;78;Privada;36;22.3;146;10.23;187;2.87;114;3.76;;;160;3.6;;;;;;;;;
2019;engenharia-ambiental;Universidade Tiradentes;SE;79;Privada;36;22.3;153;9.98;98;5.32;137;2.89;;;201-250;1.77;;;;;;;;;
2019;engenharia-ambiental;Faculdade Estácio de Belém;PA;80;Privada;36;22.3;155;9.82;125;4.58;104;4.13;;;201-250;1.11;;;;;;;;;
2019;engenharia-ambiental;Universidade Federal do Amazonas;AM;81;Federal;36;22.3;157;9.78;201-250;1.52;201-250;0.26;;;1;8;;;;;;;;;
2019;engenharia-ambiental;Centro Universitário Barão de Mauá;SP;82;Privada;36;22.3;173;9.18;151;3.86;124;3.38;;;201-250;1.94;;;;;;;;;
2019;engenharia-ambiental;Universidade Potiguar;RN;82;Privada;36;22.3;173;9.18;99;5.3;;;;;150;3.88;;;;;;;;;
2019;engenharia-ambiental;Centro Universitário Jorge Amado;BA;84;Privada;36;22.3;178;8.96;185;2.92;101;4.24;;;201-250;1.8;;;;;;;;;
2019;engenharia-ambiental;Centro Universitário Ceuni;AM;85;Privada;36;22.3;180;8.85;147;3.97;201-250;0.23;;;122;4.65;;;;;;;;;
2019;engenharia-ambiental;Centro Universitário Fanor Wyden;CE;86;Privada;36;22.3;183;8.68;154;3.78;172;1.58;;;170;3.32;;;;;;;;;
2019;engenharia-ambiental;Centro Universitário de Patos de Minas;MG;87;Privada;36;22.3;196;8.06;201-250;2.21;90;4.66;;;201-250;1.19;;;;;;;;;
2019;engenharia-ambiental;Centro Universitário Espírito-Santense;ES;88;Privada;36;22.3;200;7.93;159;3.64;;;;;135;4.29;;;;;;;;;
2019;engenharia-ambiental;Universidade do Estado do Pará;PA;89;Estadual;36;22.3;201-250;7.91;179;3.09;;;;;116;4.82;;;;;;;;;
2019;engenharia-ambiental;Universidade da Amazônia;PA;90;Privada;36;22.3;201-250;7.9;162;3.56;136;2.93;;;201-250;1.41;;;;;;;;;
2019;engenharia-ambiental;Centro Universitário Maurício de Nassau;PE;91;Privada;36;22.3;201-250;7.62;201-250;1.93;150;2.4;;;171;3.29;;;;;;;;;
2019;engenharia-ambiental;Centro Universitário Nossa Senhora do Patrocínio;SP;92;Privada;36;22.3;201-250;4.97;201-250;1.27;133;3.04;;;251-300;0.66;;;;;;;;;
2019;engenharia-ambiental;Faculdade de Ciências Exatas e Tecnológicas Santo Agostinho;MG;93;Privada;36;22.3;251-300;3.28;251-300;0.3;153;2.29;;;251-300;0.69;;;;;;;;;
2019;engenharia-ambiental;Centro Universitário da Serra Gaúcha;RS;94;Privada;36;22.3;251-300;2.79;201-250;2.18;;;;;251-300;0.61;;;;;;;;;
2019;engenharia-ambiental;Universidade Federal de Alfenas;MG;95;Federal;;;24;23.37;13;7.67;9;7.7;;;1;8;;;;;;;;;
2019;engenharia-ambiental;Faculdade Espírito Santense;ES;96;Privada;;;27;22.73;28;7.26;15;7.47;;;1;8;;;;;;;;;
2019;engenharia-ambiental;Universidade Federal de Pelotas;RS;97;Federal;;;32;22.08;38;6.98;25;7.1;;;1;8;;;;;;;;;
2019;engenharia-ambiental;Universidade Estadual do Centro Oeste;PR;98;Estadual;;;35;21.55;41;6.9;37;6.65;;;1;8;;;;;;;;;
2019;engenharia-ambiental;Universidade Federal Fluminense;RJ;99;Federal;;;36;21.5;18;7.53;55;5.97;;;1;8;;;;;;;;;
2019;engenharia-ambiental;Centro Federal de Educação Tecnológica de Minas Gerais;MG;100;Federal;;;38;20.86;89;5.57;20;7.29;;;1;8;;;;;;;;;
2019;engenharia-ambiental;Instituto Federal de Educação, Ciência e Tecnologia do Espírito Santo;ES;101;Federal;;;41;20.55;96;5.38;23;7.17;;;1;8;;;;;;;;;
2019;engenharia-ambiental;Universidade Federal da Fronteira Sul;SC;102;Federal;;;42;20.13;73;6.01;51;6.12;;;1;8;;;;;;;;;
2019;engenharia-ambiental;Universidade Federal Rural do Semi-árido;RN;103;Federal;;;43;20.03;66;6.21;59;5.82;;;1;8;;;;;;;;;
2019;engenharia-ambiental;Instituto Federal de Educação, Ciência e Tecnologia Goiano;GO;104;Federal;;;44;19.92;51;6.62;73;5.3;;;1;8;;;;;;;;;
2019;engenharia-ambiental;Fundação Universidade Federal do Pampa;RS;105;Federal;;;45;19.78;26;7.31;95;4.47;;;1;8;;;;;;;;;
2019;engenharia-ambiental;Instituto Federal de Educação, Ciência e Tecnologia de Goiás;GO;106;Federal;;;46;19.69;134;4.33;18;7.36;;;1;8;;;;;;;;;
2019;engenharia-ambiental;Fundação Universidade Federal de Rondônia;RO;107;Federal;;;47;19.38;91;5.52;58;5.86;;;1;8;;;;;;;;;
2019;engenharia-ambiental;Universidade Estadual do Sudoeste da Bahia;BA;108;Estadual;;;48;18.95;71;6.07;84;4.88;;;1;8;;;;;;;;;
2019;engenharia-ambiental;Universidade Federal Rural da Amazônia;PA;109;Federal;;;50;18.68;39;6.95;53;6.05;;;85;5.68;;;;;;;;;
2019;engenharia-ambiental;Centro Universitário de Ensino, Ciência e Tecnologia do Paraná;PR;110;Privada;;;51;18.44;61;6.35;105;4.09;;;1;8;;;;;;;;;
2019;engenharia-ambiental;Instituto Federal de Educação, Ciência e Tecnologia da Bahia;BA;111;Federal;;;53;18.21;128;4.5;62;5.71;;;1;8;;;;;;;;;
2019;engenharia-ambiental;Instituto Federal de Educação, Ciência e Tecnologia Fluminense;RJ;112;Federal;;;54;17.81;175;3.2;38;6.61;;;1;8;;;;;;;;;
2019;engenharia-ambiental;Centro Universitário Zarns;BA;113;Privada;;;58;16.48;124;4.61;111;3.87;;;1;8;;;;;;;;;
2019;engenharia-ambiental;Universidade Católica de Santos;SP;114;Privada;;;59;16.36;67;6.18;89;4.7;;;92;5.48;;;;;;;;;
2019;engenharia-ambiental;Pontifícia Universidade Católica do Rio de Janeiro;RJ;115;Privada;;;60;16.33;25;7.34;21;7.25;;;201-250;1.74;;;;;;;;;
2019;engenharia-ambiental;Universidade do Vale do Paraíba;SP;116;Privada;;;61;16.16;48;6.7;63;5.67;;;153;3.79;;;;;;;;;
2019;engenharia-ambiental;Centro Universitário de Volta Redonda;RJ;117;Privada;;;62;16.08;44;6.81;116;3.68;;;88;5.59;;;;;;;;;
2019;engenharia-ambiental;Universidade Federal de São Paulo;SP;118;Federal;;;63;15.97;2;7.97;;;;;1;8;;;;;;;;;
2019;engenharia-ambiental;Faculdade Educacional Araucária;PR;119;Privada;;;64;15.92;90;5.55;83;4.92;;;93;5.45;;;;;;;;;
2019;engenharia-ambiental;Universidade Federal Rural do Rio de Janeiro;RJ;120;Federal;;;65;15.59;16;7.59;;;;;1;8;;;;;;;;;
2019;engenharia-ambiental;Centro Universitário Católico Salesiano Auxilium;SP;121;Privada;;;66;15.56;17;7.56;;;;;1;8;;;;;;;;;
2019;engenharia-ambiental;Centro Universitário Multivix Vitória;ES;122;Privada;;;69;15.27;132;4.39;71;5.37;;;91;5.51;;;;;;;;;
2019;engenharia-ambiental;Centro Universitário Facvest;SC;123;Privada;;;70;15.23;29;7.23;;;;;1;8;;;;;;;;;
2019;engenharia-ambiental;Faculdade de Ensino Superior da Cidade de Feira de Santana;BA;124;Privada;;;71;15.06;35;7.06;;;;;1;8;;;;;;;;;
2019;engenharia-ambiental;Universidade do Vale do Taquari;RS;125;Privada;;;72;15;111;4.97;70;5.41;;;123;4.62;;;;;;;;;
2019;engenharia-ambiental;União das Faculdades dos Grandes Lagos;SP;126;Privada;;;75;14.71;120;4.72;96;4.43;;;89;5.56;;;;;;;;;
2019;engenharia-ambiental;Instituto Federal de Educação, Ciência e Tecnologia do Ceará;CE;127;Federal;;;77;14.68;190;2.79;47;6.27;;;87;5.62;;;;;;;;;
2019;engenharia-ambiental;Faculdades Integradas de Três Lagoas;MS;128;Privada;;;82;14.41;86;5.66;110;3.91;;;115;4.84;;;;;;;;;
2019;engenharia-ambiental;Universidade Ceuma;MA;129;Privada;;;83;14.34;121;4.69;170;1.65;;;1;8;;;;;;;;;
2019;engenharia-ambiental;Centro Universitário de Viçosa;MG;130;Privada;;;87;13.88;79;5.85;121;3.49;;;126;4.54;;;;;;;;;
2019;engenharia-ambiental;Centro Universitário Redentor;RJ;131;Privada;;;89;13.71;84;5.71;;;;;1;8;;;;;;;;;
2019;engenharia-ambiental;Fundação Universidade Federal do Vale do São Francisco;PE;132;Federal;;;91;13.63;87;5.63;;;;;1;8;;;;;;;;;
2019;engenharia-ambiental;Centro Federal de Educação Tecnológica Celso Suckow da Fonseca;RJ;133;Federal;;;92;13.6;88;5.6;;;;;1;8;;;;;;;;;
2019;engenharia-ambiental;Centro Universitário Gama e Souza;RJ;134;Privada;;;93;13.49;92;5.49;;;;;1;8;;;;;;;;;
2019;engenharia-ambiental;Centro Universitário Ritter dos Reis;RS;135;Privada;;;94;13.48;117;4.8;8;7.74;;;251-300;0.94;;;;;;;;;
2019;engenharia-ambiental;Centro Universitário Serra dos Órgãos;RJ;136;Privada;;;97;13.33;172;3.28;77;5.15;;;113;4.9;;;;;;;;;
2019;engenharia-ambiental;Faculdade Redentor de Campos;RJ;137;Privada;;;98;13.19;103;5.19;;;;;1;8;;;;;;;;;
2019;engenharia-ambiental;Universidade do Estado do Amazonas;AM;138;Estadual;;;99;13.13;105;5.13;;;;;1;8;;;;;;;;;
2019;engenharia-ambiental;Universidade do Estado do Amapá;AP;139;Estadual;;;102;12.94;201-250;1.3;117;3.64;;;1;8;;;;;;;;;
2019;engenharia-ambiental;Faculdade Doctum de Juiz de Fora;MG;140;Privada;;;103;12.83;188;2.84;161;1.99;;;1;8;;;;;;;;;
2019;engenharia-ambiental;Faculdade Multivix Nova Venécia;ES;141;Privada;;;104;12.64;196;2.62;54;6.01;;;145;4.01;;;;;;;;;
2019;engenharia-ambiental;Universidade Federal Rural de Pernambuco;PE;142;Federal;;;105;12.57;40;6.92;;;;;86;5.65;;;;;;;;;
2019;engenharia-ambiental;Centro Universitário de União da Vitória;PR;143;Municipal;;;106;12.54;251-300;0.33;102;4.21;;;1;8;;;;;;;;;
2019;engenharia-ambiental;Universidade Estadual de Mato Grosso do Sul;MS;144;Estadual;;;107;12.48;52;6.59;97;4.39;;;201-250;1.5;;;;;;;;;
2019;engenharia-ambiental;FAE Centro Universitário;PR;145;Privada;;;108;12.44;156;3.72;68;5.48;;;173;3.24;;;;;;;;;
2019;engenharia-ambiental;Centro Universitário Uninovafapi;PI;146;Privada;;;112;12.25;137;4.25;;;;;1;8;;;;;;;;;
2019;engenharia-ambiental;Universidade Alto Vale do Rio do Peixe;SC;147;Privada;;;113;12.17;200;2.51;46;6.31;;;169;3.35;;;;;;;;;
2019;engenharia-ambiental;Centro Universitário Sagrado Coração;SP;148;Privada;;;114;12.09;62;6.32;145;2.59;;;175;3.18;;;;;;;;;
2019;engenharia-ambiental;Centro Universitário de Mineiros;GO;149;Municipal;;;116;12;146;4;;;;;1;8;;;;;;;;;
2019;engenharia-ambiental;Centro Universitário Famec;BA;150;Privada;;;118;11.82;157;3.7;115;3.72;;;131;4.4;;;;;;;;;
2019;engenharia-ambiental;Faculdade Área1 Wyden;BA;151;Privada;;;119;11.75;115;4.86;144;2.63;;;136;4.26;;;;;;;;;
2019;engenharia-ambiental;Universidade Cidade de São Paulo;SP;152;Privada;;;121;11.61;32;7.15;194;0.75;;;156;3.71;;;;;;;;;
2019;engenharia-ambiental;Centro Universitário Metropolitano da Amazônia;PA;152;Privada;;;121;11.61;160;3.61;;;;;1;8;;;;;;;;;
2019;engenharia-ambiental;Faculdade de Viçosa;MG;154;Privada;;;123;11.6;100;5.27;61;5.75;;;251-300;0.58;;;;;;;;;
2019;engenharia-ambiental;Faculdade de Tecnologia e Ciências de Itabuna;BA;155;Privada;;;124;11.55;195;2.65;190;0.9;;;1;8;;;;;;;;;
2019;engenharia-ambiental;Centro Universitário Unirb;BA;156;Privada;;;125;11.43;85;5.68;196;0.68;;;107;5.07;;;;;;;;;
2019;engenharia-ambiental;Centro Universitário Estácio de Santa Catarina;SC;157;Privada;;;129;11.01;201-250;1.82;26;7.06;;;201-250;2.13;;;;;;;;;
2019;engenharia-ambiental;Centro Universitário das Américas;SP;158;Privada;;;130;10.97;78;5.88;;;;;106;5.09;;;;;;;;;
2019;engenharia-ambiental;Centro Universitário Salesiano de São Paulo;SP;159;Privada;;;132;10.95;46;6.76;201-250;0.34;;;151;3.85;;;;;;;;;
2019;engenharia-ambiental;Instituto de Ensino Superior Fucapi;AM;160;Privada;;;133;10.93;119;4.75;175;1.47;;;120;4.71;;;;;;;;;
2019;engenharia-ambiental;Centro Universitário de Caratinga;MG;161;Privada;;;134;10.89;201-250;2.23;88;4.73;;;148;3.93;;;;;;;;;
2019;engenharia-ambiental;Centro Universitário Newton Paiva;MG;162;Privada;;;136;10.79;131;4.41;118;3.61;;;190;2.77;;;;;;;;;
2019;engenharia-ambiental;Centro Universitário Luterano de Manaus;AM;163;Privada;;;137;10.78;193;2.7;131;3.12;;;111;4.96;;;;;;;;;
2019;engenharia-ambiental;Centro Universitário Doctum de Teófilo Otoni;MG;164;Privada;;;140;10.61;201-250;1.41;182;1.2;;;1;8;;;;;;;;;
2019;engenharia-ambiental;Faculdade Dom Bosco de Porto Alegre;RS;165;Privada;;;141;10.59;75;5.96;93;4.55;;;251-300;0.08;;;;;;;;;
2019;engenharia-ambiental;Centro Universitário Funcesi;MG;166;Privada;;;142;10.55;144;4.06;123;3.42;;;179;3.07;;;;;;;;;
2019;engenharia-ambiental;Universidade de Taubaté;SP;167;Municipal;;;144;10.33;149;3.92;173;1.54;;;114;4.87;;;;;;;;;
2019;engenharia-ambiental;Centro Universitário Celso Lisboa;RJ;168;Privada;;;147;10.14;101;5.24;166;1.8;;;178;3.1;;;;;;;;;
2019;engenharia-ambiental;Centro Universitário Dinâmica das Cataratas;PR;169;Privada;;;149;10.08;127;4.52;201-250;0.38;;;103;5.18;;;;;;;;;
2019;engenharia-ambiental;Centro Universitário Santa Rita;MG;170;Privada;;;150;10.03;140;4.17;171;1.62;;;137;4.24;;;;;;;;;
2019;engenharia-ambiental;Faculdade Pitágoras Unopar Anhanguera de Londrina;PR;171;Privada;;;151;9.99;201-250;1.49;29;6.95;;;201-250;1.55;;;;;;;;;
2019;engenharia-ambiental;Centro Universitário Maurício de Nassau de João Pessoa;PB;171;Privada;;;151;9.99;201-250;1.99;;;;;1;8;;;;;;;;;
2019;engenharia-ambiental;Faculdades Oswaldo Cruz;SP;173;Privada;;;154;9.87;138;4.22;113;3.79;;;201-250;1.86;;;;;;;;;
2019;engenharia-ambiental;Faculdade Anhanguera de Uberlândia;MG;174;Privada;;;156;9.79;201-250;1.38;36;6.69;;;201-250;1.72;;;;;;;;;
2019;engenharia-ambiental;Instituto Federal de Educação, Ciência e Tecnologia do Norte de Minas Gerais;MG;175;Federal;;;158;9.77;201-250;1.77;;;;;1;8;;;;;;;;;
2019;engenharia-ambiental;Centro Universitário Metodista Izabela Hendrix;MG;175;Privada;;;158;9.77;104;5.16;128;3.23;;;201-250;1.38;;;;;;;;;
2019;engenharia-ambiental;Universidade Castelo Branco;RJ;177;Privada;;;160;9.73;74;5.99;;;;;155;3.74;;;;;;;;;
2019;engenharia-ambiental;Faculdade Politécnica de Campinas;SP;178;Privada;;;161;9.72;161;3.59;163;1.92;;;138;4.21;;;;;;;;;
2019;engenharia-ambiental;Centro Universitário de Jaguariúna;SP;178;Privada;;;161;9.72;201-250;2.07;22;7.21;;;251-300;0.44;;;;;;;;;
2019;engenharia-ambiental;Centro Universitário de Maceió;AL;180;Privada;;;163;9.65;130;4.44;155;2.22;;;182;2.99;;;;;;;;;
2019;engenharia-ambiental;Centro Universitário de Sete Lagoas;MG;181;Privada;;;164;9.64;155;3.75;134;3.01;;;186;2.88;;;;;;;;;
2019;engenharia-ambiental;Faculdade de Administração de Mariana;MG;182;Privada;;;165;9.58;201-250;1.43;201-250;0.15;;;1;8;;;;;;;;;
2019;engenharia-ambiental;Centro Universitário São Judas Tadeu;SP;183;Privada;;;166;9.53;129;4.47;181;1.24;;;152;3.82;;;;;;;;;
2019;engenharia-ambiental;Centro Universitário Sant'Anna;SP;184;Privada;;;167;9.36;114;4.88;;;;;128;4.48;;;;;;;;;
2019;engenharia-ambiental;Centro Universitário Católica do Leste de Minas Gerais;MG;185;Privada;;;168;9.31;192;2.73;126;3.31;;;172;3.27;;;;;;;;;
2019;engenharia-ambiental;Centro Universitário FBV Wyden;PE;186;Privada;;;169;9.29;148;3.95;;;;;97;5.34;;;;;;;;;
2019;engenharia-ambiental;Universidade de Rio Verde;GO;187;Municipal;;;170;9.26;181;3.03;191;0.86;;;96;5.37;;;;;;;;;
2019;engenharia-ambiental;Centro Universitário Faema;RO;188;Privada;;;171;9.24;201-250;1.24;;;;;1;8;;;;;;;;;
2019;engenharia-ambiental;Faculdade Figueiredo Costa;AL;188;Privada;;;171;9.24;201-250;1.96;147;2.52;;;118;4.76;;;;;;;;;
2019;engenharia-ambiental;Faculdade Terra Nordeste;CE;190;Privada;;;175;9.17;64;6.26;;;;;185;2.91;;;;;;;;;
2019;engenharia-ambiental;Centro Universitário Araguaia;GO;191;Privada;;;176;9.03;180;3.06;195;0.71;;;100;5.26;;;;;;;;;
2019;engenharia-ambiental;Faculdade de Ribeirão Preto;SP;192;Privada;;;177;8.99;118;4.77;185;1.09;;;177;3.13;;;;;;;;;
2019;engenharia-ambiental;Faculdade do Futuro;MG;193;Privada;;;179;8.88;251-300;0.88;;;;;1;8;;;;;;;;;
2019;engenharia-ambiental;Centro Universitário de Adamantina;SP;194;Municipal;;;181;8.82;169;3.37;164;1.88;;;161;3.57;;;;;;;;;
2019;engenharia-ambiental;Centro Universitário Fundação Santo André;SP;195;Privada;;;182;8.73;97;5.35;129;3.19;;;251-300;0.19;;;;;;;;;
2019;engenharia-ambiental;Centro Universitário Favip Wyden;PE;196;Privada;;;183;8.68;164;3.5;;;;;103;5.18;;;;;;;;;
2019;engenharia-ambiental;Centro Universitário Católica do Tocantins;TO;197;Privada;;;185;8.67;201-250;2.04;148;2.48;;;140;4.15;;;;;;;;;
2019;engenharia-ambiental;Faculdade São Salvador;BA;198;Privada;;;186;8.63;251-300;0.63;;;;;1;8;;;;;;;;;
2019;engenharia-ambiental;Centro Universitário Estácio de Ribeirão Preto;SP;199;Privada;;;187;8.61;55;6.51;;;;;201-250;2.1;;;;;;;;;
2019;engenharia-ambiental;Faculdade de Iporá;GO;200;Privada;;;188;8.39;251-300;0.39;;;;;1;8;;;;;;;;;
2019;engenharia-ambiental;Centro Universitário do Rio de Janeiro;RJ;201;Privada;;;201-250;7.34;126;4.55;201-250;0.3;;;200;2.49;;;;;;;;;
2019;engenharia-ambiental;Centro Universitário de Lins;SP;201;Privada;;;201-250;6.12;184;2.95;151;2.37;;;251-300;0.8;;;;;;;;;
2019;engenharia-ambiental;Faculdade Esamc Uberlândia;MG;201;Privada;;;201-250;7.91;201-250;2.1;69;5.45;;;251-300;0.36;;;;;;;;;
2019;engenharia-ambiental;Universidade de Cruz Alta;RS;201;Privada;;;201-250;7.73;143;4.08;;;;;158;3.65;;;;;;;;;
2019;engenharia-ambiental;Centro Universitário União das Américas Descomplica;PR;201;Privada;;;189;8.35;173;3.26;201-250;0.49;;;124;4.6;;;;;;;;;
2019;engenharia-ambiental;Faculdades Integradas de Fernandópolis;SP;201;Privada;;;201-250;6.84;163;3.53;179;1.32;;;201-250;1.99;;;;;;;;;
2019;engenharia-ambiental;Centro Universitário Barriga Verde;SC;201;Privada;;;201-250;5.29;251-300;1.1;157;2.14;;;201-250;2.05;;;;;;;;;
2019;engenharia-ambiental;Faculdade Martha Falcão Wyden;AM;201;Privada;;;201-250;6.5;153;3.81;;;;;193;2.69;;;;;;;;;
2019;engenharia-ambiental;Faculdade Presidente Antônio Carlos de Leopoldina;MG;201;Privada;;;201-250;7.85;201-250;2.37;146;2.55;;;184;2.93;;;;;;;;;
2019;engenharia-ambiental;Universidade Fumec;MG;201;Privada;;;191;8.21;189;2.81;138;2.85;;;198;2.55;;;;;;;;;
2019;engenharia-ambiental;Faculdade Metropolitana de Anápolis;GO;201;Privada;;;201-250;7.26;201-250;1.46;168;1.73;;;143;4.07;;;;;;;;;
2019;engenharia-ambiental;Faculdade Anhanguera de Poços de Caldas;MG;201;Privada;;;201-250;7.58;251-300;0.91;49;6.2;;;251-300;0.47;;;;;;;;;
2019;engenharia-ambiental;Faculdade da Região Serrana;ES;201;Privada;;;201-250;6.25;201-250;1.74;159;2.07;;;201-250;2.44;;;;;;;;;
2019;engenharia-ambiental;Universidade Universus Veritas Guarulhos;SP;201;Privada;;;201-250;6.29;174;3.23;193;0.79;;;201-250;2.27;;;;;;;;;
2019;engenharia-ambiental;Faculdade Venda Nova do Imigrante;ES;201;Privada;;;201-250;6.82;113;4.91;;;;;201-250;1.91;;;;;;;;;
2019;engenharia-ambiental;Universidade de Vassouras;RJ;201;Privada;;;201-250;6.85;201-250;2.29;198;0.6;;;147;3.96;;;;;;;;;
2019;engenharia-ambiental;Centro Universitário do Planalto de Araxá;MG;201;Privada;;;192;8.18;201-250;1.68;80;5.03;;;201-250;1.47;;;;;;;;;
2019;engenharia-ambiental;Faculdade do Noroeste de Minas;MG;201;Privada;;;201-250;6.24;251-300;0.83;162;1.95;;;165;3.46;;;;;;;;;
2019;engenharia-ambiental;Centro Universitário Vale do Rio Verde;MG;201;Privada;;;195;8.07;122;4.66;;;;;167;3.41;;;;;;;;;
2019;engenharia-ambiental;Faculdade Anhanguera de Belo Horizonte;MG;201;Privada;;;193;8.16;201-250;1.9;82;4.96;;;201-250;1.3;;;;;;;;;
2019;engenharia-ambiental;Centro Universitário de Rondônia;RO;201;Privada;;;201-250;7.04;251-300;0.66;154;2.25;;;141;4.13;;;;;;;;;
2019;engenharia-ambiental;Centro Universitário Tabosa de Almeida;PE;201;Privada;;;198;8.02;142;4.11;152;2.33;;;201-250;1.58;;;;;;;;;
2019;engenharia-ambiental;Universidade Estadual Vale do Acaraú;CE;201;Estadual;;;201-250;7.22;201-250;2.15;;;;;107;5.07;;;;;;;;;
2019;engenharia-ambiental;Universidade Santo Amaro;SP;201;Privada;;;201-250;7.3;197;2.59;180;1.28;;;166;3.43;;;;;;;;;
2019;engenharia-ambiental;Faculdade Esamc Sorocaba;SP;201;Privada;;;201-250;7.25;201-250;1.57;127;3.27;;;201-250;2.41;;;;;;;;;
2019;engenharia-ambiental;Faculdade Uninassau Vilhena;RO;201;Privada;;;201-250;6.28;201-250;1.6;;;;;121;4.68;;;;;;;;;
2019;engenharia-ambiental;Centro Universitário da Fundação Educacional de Barretos;SP;201;Privada;;;201-250;6.68;123;4.63;192;0.83;;;201-250;1.22;;;;;;;;;
2019;engenharia-ambiental;Centro Universitário Estácio da Bahia;BA;201;Privada;;;201-250;5.93;80;5.82;;;;;251-300;0.11;;;;;;;;;
2019;engenharia-ambiental;Faculdade Internacional da Paraíba;PB;201;Privada;;;201-250;5.56;201-250;2.4;197;0.64;;;199;2.52;;;;;;;;;
2019;engenharia-ambiental;Centro Universitário Padre Anchieta;SP;201;Privada;;;201-250;6.49;201-250;1.71;100;4.28;;;251-300;0.5;;;;;;;;;
2019;engenharia-ambiental;Faculdade de Americana;SP;201;Privada;;;201-250;5.15;178;3.12;177;1.39;;;251-300;0.64;;;;;;;;;
2019;engenharia-ambiental;Centro Universitário Maurício de Nassau de Natal;RN;201;Privada;;;201-250;5.72;183;2.98;;;;;191;2.74;;;;;;;;;
2019;engenharia-ambiental;Centro Universitário Farias Brito;CE;201;Privada;;;201-250;5.5;171;3.31;;;;;201-250;2.19;;;;;;;;;
2019;engenharia-ambiental;Faculdade Estácio de Sá de Campo Grande;MS;201;Privada;;;201-250;6.06;201-250;2.43;;;;;159;3.63;;;;;;;;;
2019;engenharia-ambiental;Universidade Metodista de São Paulo;SP;201;Privada;;;201-250;7.18;201-250;1.63;142;2.7;;;187;2.85;;;;;;;;;
2019;engenharia-ambiental;Universidade do Contestado;SC;201;Privada;;;201-250;7.2;198;2.57;200;0.53;;;142;4.1;;;;;;;;;
2019;engenharia-ambiental;Faculdade Católica Salesiana de Macaé;RJ;201;Privada;;;201-250;7.21;201-250;2.12;86;4.81;;;251-300;0.28;;;;;;;;;
2019;engenharia-ambiental;Centro Universitário de Formiga;MG;201;Privada;;;201-250;7.54;166;3.45;125;3.34;;;251-300;0.75;;;;;;;;;
2019;engenharia-ambiental;Faculdade Anhanguera Pitágoras Votorantim;SP;201;Privada;;;201-250;6.22;201-250;1.85;;;;;132;4.37;;;;;;;;;
2019;engenharia-ambiental;Faculdade Anhanguera de Divinópolis;MG;201;Privada;;;201-250;6.58;251-300;1.08;106;4.06;;;201-250;1.44;;;;;;;;;
2019;engenharia-ambiental;Universidade do Estado de Minas Gerais;MG;201;Estadual;;;201-250;7.69;251-300;0.52;158;2.1;;;107;5.07;;;;;;;;;
2019;engenharia-ambiental;Faculdade Anhanguera de Macapá;AP;201;Privada;;;201-250;5.57;251-300;0.5;;;;;107;5.07;;;;;;;;;
2019;engenharia-ambiental;Faculdade Ideal Wyden;PA;201;Privada;;;201-250;7.41;186;2.9;;;;;127;4.51;;;;;;;;;
2019;engenharia-ambiental;Faculdade Flórida;SP;201;Privada;;;201-250;5.11;168;3.39;201-250;0.45;;;201-250;1.27;;;;;;;;;
2019;engenharia-ambiental;Gran Centro Universitário;PR;201;Privada;;;201-250;5.91;201-250;2.37;;;;;162;3.54;;;;;;;;;
2019;engenharia-ambiental;Universidade de Sorocaba;SP;201;Privada;;;201-250;6.08;150;3.89;167;1.77;;;251-300;0.42;;;;;;;;;
2019;engenharia-ambiental;Centro Universitário Estácio de São Paulo;SP;201;Privada;;;201-250;7.59;135;4.3;189;0.94;;;201-250;2.35;;;;;;;;;
2019;engenharia-ambiental;Universidade do Oeste de Santa Catarina;SC;201;Privada;;;197;8.03;251-300;0.99;92;4.58;;;201-250;2.46;;;;;;;;;
2019;engenharia-ambiental;Faculdade Anhanguera de Cascavel;PR;201;Privada;;;194;8.11;251-300;0.77;87;4.77;;;197;2.57;;;;;;;;;
2019;engenharia-ambiental;Centro Universitário da Amazônia Belém;PA;201;Privada;;;201-250;6.08;167;3.42;;;;;194;2.66;;;;;;;;;
2019;engenharia-ambiental;Faculdade Presbiteriana Augusto Galvão;BA;251;Privada;;;251-300;0.14;251-300;0.11;;;;;251-300;0.03;;;;;;;;;
2019;engenharia-ambiental;Centro Universitário de Talentos Humanos;MG;251;Privada;;;201-250;4.97;251-300;1.02;184;1.13;;;188;2.82;;;;;;;;;
2019;engenharia-ambiental;Centro Universitário Estácio Meta de Rio Branco Estácio;AC;251;Privada;;;251-300;2.44;251-300;0.75;;;;;201-250;1.69;;;;;;;;;
2019;engenharia-ambiental;Faculdade Intesp;SP;251;Privada;;;201-250;5.07;251-300;0.61;;;;;129;4.46;;;;;;;;;
2019;engenharia-ambiental;Faculdade Master de Parauapebas;PA;251;Privada;;;251-300;3.07;182;3.01;;;;;251-300;0.06;;;;;;;;;
2019;engenharia-ambiental;Faculdade Anhanguera de Linhares;ES;251;Privada;;;251-300;3.99;251-300;0.22;;;;;154;3.77;;;;;;;;;
2019;engenharia-ambiental;Faculdades Integradas de Araraquara;SP;251;Privada;;;251-300;4.46;170;3.34;188;0.98;;;251-300;0.14;;;;;;;;;
2019;engenharia-ambiental;Faculdade Anhanguera de Governador Valadares;MG;251;Privada;;;251-300;4.22;251-300;0.47;120;3.53;;;251-300;0.22;;;;;;;;;
2019;engenharia-ambiental;Universidade Anhanguera;MS;251;Privada;;;251-300;4.84;251-300;0.94;;;;;149;3.9;;;;;;;;;
2019;engenharia-ambiental;Centro Universitário Univinte;SC;251;Privada;;;251-300;4.15;199;2.54;;;;;201-250;1.61;;;;;;;;;
2019;engenharia-ambiental;Faculdade de Informática de Ouro Preto do Oeste;RO;251;Privada;;;251-300;4.76;194;2.68;;;;;201-250;2.08;;;;;;;;;
2019;engenharia-ambiental;Faculdade Esamc Santos;SP;251;Privada;;;251-300;0.97;251-300;0.19;;;;;251-300;0.78;;;;;;;;;
2019;engenharia-ambiental;Centro Universitário Unisep;PR;251;Privada;;;251-300;4.78;251-300;0.72;187;1.01;;;180;3.05;;;;;;;;;
2019;engenharia-ambiental;Centro Superior de Ensino e Pesquisa de Machado;MG;251;Privada;;;251-300;4.28;201-250;2.01;201-250;0.11;;;201-250;2.16;;;;;;;;;
2019;engenharia-ambiental;Faculdade Estácio do Pantanal;MT;251;Privada;;;251-300;1.25;251-300;0.17;;;;;251-300;1.08;;;;;;;;;
2019;engenharia-ambiental;Faculdade Estácio São Paulo de Rondônia;RO;251;Privada;;;251-300;2.86;251-300;0.06;;;;;189;2.8;;;;;;;;;
2019;engenharia-ambiental;Faculdade de Ciências Sociais Aplicadas SC;SC;251;Privada;;;251-300;0.71;251-300;0.41;;;;;251-300;0.3;;;;;;;;;
2019;engenharia-ambiental;Faculdade do Rio de Janeiro;RJ;251;Privada;;;251-300;1.62;251-300;0.86;201-250;0.04;;;251-300;0.72;;;;;;;;;
2019;engenharia-ambiental;Centro Universitário São Camilo - Espírito Santo;ES;251;Privada;;;251-300;3.43;201-250;2.46;;;;;251-300;0.97;;;;;;;;;
2019;engenharia-ambiental;Centro Universitário Vale do Cricaré;ES;251;Privada;;;251-300;1.58;251-300;0.25;;;;;201-250;1.33;;;;;;;;;
2019;engenharia-ambiental;Instituto Superior de Ciências Aplicadas;SP;251;Privada;;;251-300;3.78;201-250;1.35;176;1.43;;;251-300;1;;;;;;;;;
2019;engenharia-ambiental;Centro Universitário Anhanguera Pitágoras Ampli;SP;251;Privada;;;251-300;0.61;251-300;0.08;;;;;251-300;0.53;;;;;;;;;
2019;engenharia-ambiental;Faculdade Anhanguera Unidade Guarapari;ES;251;Privada;;;251-300;2.63;251-300;0.58;183;1.16;;;251-300;0.89;;;;;;;;;
2019;engenharia-ambiental;Faculdade Esamc Campinas;SP;251;Privada;;;251-300;3.82;201-250;1.19;;;;;195;2.63;;;;;;;;;
2019;engenharia-ambiental;Centro Universitário Piaget;SP;251;Privada;;;251-300;3.36;201-250;1.16;160;2.03;;;251-300;0.17;;;;;;;;;
2019;engenharia-ambiental;Universidade Nilton Lins;AM;251;Privada;;;251-300;2.77;201-250;1.55;201-250;0.08;;;201-250;1.14;;;;;;;;;
2019;engenharia-ambiental;Faculdade Anhanguera de São Luiz;MA;251;Privada;;;251-300;2.73;251-300;0.69;201-250;0.41;;;201-250;1.63;;;;;;;;;
2019;engenharia-ambiental;Faculdade Municipal Professor Franco Montoro de Mogi Guaçu;SP;251;Municipal;;;251-300;2.45;201-250;2.26;201-250;0.19;;;;;;;;;;;;;
2019;engenharia-ambiental;Centro Universitário Estácio de Ji-paraná;RO;251;Privada;;;251-300;2.21;201-250;1.13;;;;;251-300;1.08;;;;;;;;;
2019;engenharia-ambiental;Faculdade Empresarial de Chapecó;SC;251;Privada;;;251-300;3.62;201-250;1.79;;;;;201-250;1.83;;;;;;;;;
2019;engenharia-ambiental;Centro Universitário Facid Wyden;PI;251;Privada;;;251-300;4.04;251-300;0.55;;;;;164;3.49;;;;;;;;;
2019;engenharia-ambiental;Faculdade Única de Ipatinga;MG;251;Privada;;;251-300;0.67;251-300;0.28;;;;;251-300;0.39;;;;;;;;;
2019;engenharia-ambiental;Faculdade Anhanguera de Ipatinga;MG;251;Privada;;;251-300;2.85;251-300;0.14;;;;;192;2.71;;;;;;;;;
2019;engenharia-ambiental;Faculdade Santo Agostinho de Sete Lagoas;MG;251;Privada;;;251-300;4.27;201-250;1.88;165;1.84;;;251-300;0.55;;;;;;;;;
2019;engenharia-ambiental;Faculdade de Educação de Porto Velho;RO;251;Privada;;;251-300;4.96;251-300;0.97;;;;;146;3.99;;;;;;;;;
2019;engenharia-ambiental;Centro Universitário Anhanguera Pitágoras Unopar de Niterói;RJ;251;Privada;;;251-300;1.44;251-300;0.36;;;;;251-300;1.08;;;;;;;;;
2019;engenharia-ambiental;Faculdade Anhanguera de Betim;MG;251;Privada;;;251-300;4.58;251-300;1.05;143;2.67;;;251-300;0.86;;;;;;;;;
2019;engenharia-ambiental;Faculdade de Caldas Novas;GO;251;Privada;;;251-300;4.88;251-300;0.03;109;3.94;;;251-300;0.91;;;;;;;;;
2019;engenharia-ambiental;Facudade Ieducare;CE;251;Privada;;;251-300;4.45;201-250;1.24;;;;;174;3.21;;;;;;;;;
2019;engenharia-ambiental;Centro Universitário Una de Bom Despacho;MG;251;Privada;;;251-300;4.09;251-300;0.44;186;1.05;;;196;2.6;;;;;;;;;
2023;engenharia-ambiental;Universidade de São Paulo;SP;1;Estadual;1;36;1;62.49;27;7.24;27;7.25;;;1;8;1;40;;;;;;;
2023;engenharia-ambiental;Universidade Federal de Minas Gerais;MG;2;Federal;2;35.77;2;62.11;36;6.98;1;8;;;1;8;2;39.13;;;;;;;
2023;engenharia-ambiental;Universidade Estadual de Campinas;SP;3;Estadual;2;35.77;4;60.32;76;5.82;23;7.37;;;1;8;2;39.13;;;;;;;
2023;engenharia-ambiental;Universidade Estadual Paulista Júlio de Mesquita Filho;SP;4;Estadual;2;35.77;5;59.77;1;8;27;7.25;;;1;8;5;36.52;;;;;;;
2023;engenharia-ambiental;Universidade Federal do Rio Grande do Sul;RS;5;Federal;7;34.64;7;58.87;52;6.52;7;7.83;;;1;8;5;36.52;;;;;;;
2023;engenharia-ambiental;Universidade Federal do Rio de Janeiro;RJ;6;Federal;7;34.64;8;58.86;54;6.46;5;7.88;;;1;8;5;36.52;;;;;;;
2023;engenharia-ambiental;Universidade Federal de Santa Catarina;SC;7;Federal;21;31.47;3;61.1;53;6.49;19;7.48;;;1;8;2;39.13;;;;;;;
2023;engenharia-ambiental;Universidade Federal de Viçosa;MG;8;Federal;21;31.47;6;59.54;30;7.16;6;7.86;;;1;8;5;36.52;;;;;;;
2023;engenharia-ambiental;Universidade Federal de São Carlos;SP;9;Federal;7;34.64;9;55.56;31;7.13;22;7.39;;;1;8;9;33.04;;;;;;;
2023;engenharia-ambiental;Universidade Federal do Paraná;PR;10;Federal;7;34.64;14;53.54;29;7.19;94;5.31;;;1;8;9;33.04;;;;;;;
2023;engenharia-ambiental;Universidade de Brasília;DF;11;Federal;21;31.47;10;55.47;47;6.66;9;7.77;;;1;8;9;33.04;;;;;;;
2023;engenharia-ambiental;Universidade Federal de Santa Maria;RS;12;Federal;21;31.47;13;53.91;68;6.05;42;6.82;;;1;8;9;33.04;;;;;;;
2023;engenharia-ambiental;Universidade Estadual de Maringá;PR;13;Estadual;21;31.47;15;51.56;92;5.35;99;5.17;;;1;8;9;33.04;;;;;;;
2023;engenharia-ambiental;Universidade Federal do Ceará;CE;14;Federal;7;34.64;20;47.3;90;5.41;8;7.8;;;1;8;17;26.09;;;;;;;
2023;engenharia-ambiental;Universidade Federal da Bahia;BA;15;Federal;7;34.64;23;46.83;110;4.83;4;7.91;;;1;8;17;26.09;;;;;;;
2023;engenharia-ambiental;Universidade Federal de Mato Grosso;MT;16;Federal;7;34.64;27;45.71;82;5.64;71;5.98;;;1;8;17;26.09;;;;;;;
2023;engenharia-ambiental;Universidade Federal de Lavras;MG;17;Federal;21;31.47;17;48.5;28;7.22;29;7.19;;;1;8;17;26.09;;;;;;;
2023;engenharia-ambiental;Universidade Federal de Ouro Preto;MG;18;Federal;54;24;11;55.19;51;6.55;15;7.6;;;1;8;9;33.04;;;;;;;
2023;engenharia-ambiental;Universidade Federal de Itajubá;MG;19;Federal;54;24;12;54.75;55;6.43;26;7.28;;;1;8;9;33.04;;;;;;;
2023;engenharia-ambiental;Universidade Federal do Espírito Santo;ES;20;Federal;21;31.47;21;47.19;78;5.76;24;7.34;;;1;8;17;26.09;;;;;;;
2023;engenharia-ambiental;Universidade Federal do Pará;PA;21;Federal;21;31.47;25;46.2;91;5.38;45;6.73;;;1;8;17;26.09;;;;;;;
2023;engenharia-ambiental;Universidade Tecnológica Federal do Paraná;PR;22;Federal;21;31.47;26;45.98;66;6.11;78;5.78;;;1;8;17;26.09;;;;;;;
2023;engenharia-ambiental;Pontifícia Universidade Católica do Paraná;PR;23;Privada;7;34.64;31;41.59;55;6.43;69;6.04;;;167;3.03;17;26.09;;;;;;;
2023;engenharia-ambiental;Universidade Federal de Uberlândia;MG;24;Federal;54;24;18;48.27;33;7.07;32;7.11;;;1;8;17;26.09;;;;;;;
2023;engenharia-ambiental;Universidade da Região de Joinville;SC;25;Privada;54;24;19;47.94;97;5.21;67;6.09;;;148;3.6;9;33.04;;;;;;;
2023;engenharia-ambiental;Universidade Federal de São Paulo;SP;26;Federal;54;24;22;47.02;32;7.1;76;5.83;;;1;8;17;26.09;;;;;;;
2023;engenharia-ambiental;Universidade Federal Rural do Rio de Janeiro;RJ;27;Federal;54;24;24;46.67;72;5.94;48;6.64;;;1;8;17;26.09;;;;;;;
2023;engenharia-ambiental;Pontifícia Universidade Católica de Campinas;SP;28;Privada;7;34.64;41;35.75;135;4.1;95;5.29;;;251-300;0.27;17;26.09;;;;;;;
2023;engenharia-ambiental;Universidade Federal da Fronteira Sul;SC;29;Federal;54;24;28;45.6;67;6.08;90;5.43;;;1;8;17;26.09;;;;;;;
2023;engenharia-ambiental;Universidade do Vale do Itajaí;SC;30;Privada;21;31.47;36;37.63;150;3.67;73;5.92;;;201-250;1.95;17;26.09;;;;;;;
2023;engenharia-ambiental;Universidade Tiradentes;SE;31;Privada;21;31.47;42;35.4;116;4.66;173;3.03;;;201-250;1.62;17;26.09;;;;;;;
2023;engenharia-ambiental;Instituto Federal de Educação, Ciência e Tecnologia do Ceará;CE;32;Federal;54;24;29;41.75;201-250;1.22;55;6.44;;;1;8;17;26.09;;;;;;;
2023;engenharia-ambiental;Universidade Federal de Pelotas;RS;33;Federal;54;24;30;41.74;194;2.39;96;5.26;;;1;8;17;26.09;;;;;;;
2023;engenharia-ambiental;Universidade do Oeste Paulista;SP;34;Privada;54;24;32;40.15;69;6.02;118;4.62;;;154;3.42;17;26.09;;;;;;;
2023;engenharia-ambiental;Universidade do Vale do Paraíba;SP;35;Privada;54;24;33;39.76;81;5.67;107;4.94;;;166;3.06;17;26.09;;;;;;;
2023;engenharia-ambiental;Universidade Católica de Pernambuco;PE;36;Privada;54;24;35;38.23;99;5.15;86;5.55;;;201-250;1.44;17;26.09;;;;;;;
2023;engenharia-ambiental;Universidade Luterana do Brasil;RS;37;Privada;54;24;38;36.99;157;3.46;142;3.93;;;151;3.51;17;26.09;;;;;;;
2023;engenharia-ambiental;Universidade de Uberaba;MG;38;Privada;54;24;39;36.38;201-250;1.51;79;5.75;;;167;3.03;17;26.09;;;;;;;
2023;engenharia-ambiental;Universidade Federal de Goiás;GO;39;Federal;7;34.64;51;21.97;58;6.34;14;7.63;;;1;8;;;;;;;;;
2023;engenharia-ambiental;Faculdade Flórida;SP;40;Privada;54;24;45;32.13;196;2.33;201-250;1.16;;;183;2.55;17;26.09;;;;;;;
2023;engenharia-ambiental;Universidade Federal da Paraíba;PB;41;Federal;21;31.47;58;21.59;38;6.92;47;6.67;;;1;8;;;;;;;;;
2023;engenharia-ambiental;Universidade Federal de Sergipe;SE;42;Federal;21;31.47;59;21.54;62;6.23;25;7.31;;;1;8;;;;;;;;;
2023;engenharia-ambiental;Universidade Federal de Alagoas;AL;43;Federal;21;31.47;60;21.53;57;6.37;30;7.16;;;1;8;;;;;;;;;
2023;engenharia-ambiental;Universidade do Estado do Rio de Janeiro;RJ;44;Estadual;21;31.47;62;21.41;80;5.7;11;7.71;;;1;8;;;;;;;;;
2023;engenharia-ambiental;Universidade Federal do Rio Grande do Norte;RN;45;Federal;21;31.47;69;20.32;49;6.6;80;5.72;;;1;8;;;;;;;;;
2023;engenharia-ambiental;Universidade Cesumar;PR;46;Privada;21;31.47;72;19.91;69;6.02;74;5.89;;;1;8;;;;;;;;;
2023;engenharia-ambiental;Fundação Universidade Federal de Rondônia;RO;47;Federal;21;31.47;73;19.65;69;6.02;83;5.63;;;1;8;;;;;;;;;
2023;engenharia-ambiental;Universidade do Vale do Rio dos Sinos;RS;48;Privada;2;35.77;132;14.27;46;6.69;138;4.04;;;150;3.54;;;;;;;;;
2023;engenharia-ambiental;Fundação Universidade Federal do ABC;SP;49;Federal;;;16;49.83;1;8;10;7.74;;;1;8;17;26.09;;;;;;;
2023;engenharia-ambiental;Centro Universitário de Várzea Grande;MT;50;Privada;21;31.47;97;17.55;43;6.78;182;2.77;;;1;8;;;;;;;;;
2023;engenharia-ambiental;Pontifícia Universidade Católica de Goiás;GO;51;Privada;7;34.64;136;14.03;136;4.07;201-250;1.96;;;1;8;;;;;;;;;
2023;engenharia-ambiental;Centro Universitário Leonardo da Vinci;SC;52;Privada;21;31.47;100;17.14;83;5.62;156;3.52;;;1;8;;;;;;;;;
2023;engenharia-ambiental;Universidade Federal de Mato Grosso do Sul;MS;53;Federal;21;31.47;104;16.9;79;5.73;17;7.54;;;147;3.63;;;;;;;;;
2023;engenharia-ambiental;Universidade de Caxias do Sul;RS;54;Privada;7;34.64;161;12.53;132;4.19;65;6.15;;;195;2.19;;;;;;;;;
2023;engenharia-ambiental;Universidade Federal de Campina Grande;PB;55;Federal;21;31.47;120;15.4;124;4.42;175;2.98;;;1;8;;;;;;;;;
2023;engenharia-ambiental;Universidade Federal de Juiz de Fora;MG;56;Federal;54;24;47;22.69;45;6.72;2;7.97;;;1;8;;;;;;;;;
2023;engenharia-ambiental;Universidade Federal de Alfenas;MG;56;Federal;54;24;47;22.69;35;7.01;12;7.68;;;1;8;;;;;;;;;
2023;engenharia-ambiental;Centro Universitário de Jaguariúna;SP;58;Privada;54;24;50;22.07;1;8;68;6.07;;;1;8;;;;;;;;;
2023;engenharia-ambiental;Universidade Federal Rural do Semi-árido;RN;59;Federal;54;24;53;21.83;41;6.84;36;6.99;;;1;8;;;;;;;;;
2023;engenharia-ambiental;Universidade Federal Fluminense;RJ;60;Federal;54;24;54;21.82;37;6.95;40;6.87;;;1;8;;;;;;;;;
2023;engenharia-ambiental;Universidade do Oeste de Santa Catarina;SC;61;Privada;54;24;55;21.81;1;8;77;5.81;;;1;8;;;;;;;;;
2023;engenharia-ambiental;Universidade Anhanguera;MS;62;Privada;54;24;57;21.74;64;6.17;16;7.57;;;1;8;;;;;;;;;
2023;engenharia-ambiental;Universidade de Cuiabá;MT;63;Privada;21;31.47;137;14.03;127;4.34;59;6.33;;;156;3.36;;;;;;;;;
2023;engenharia-ambiental;Universidade de Fortaleza;CE;64;Privada;2;35.77;195;9.57;172;3.03;120;4.56;;;201-250;1.98;;;;;;;;;
2023;engenharia-ambiental;Universidade Federal do Sul da Bahia;BA;65;Federal;54;24;63;21.3;75;5.85;20;7.45;;;1;8;;;;;;;;;
2023;engenharia-ambiental;Universidade Federal do Triângulo Mineiro;MG;66;Federal;54;24;64;21.11;42;6.81;60;6.3;;;1;8;;;;;;;;;
2023;engenharia-ambiental;Centro Universitário de Patos de Minas;MG;67;Privada;54;24;65;20.97;1;8;106;4.97;;;1;8;;;;;;;;;
2023;engenharia-ambiental;Universidade Federal do Maranhão;MA;68;Federal;54;24;68;20.45;111;4.8;13;7.65;;;1;8;;;;;;;;;
2023;engenharia-ambiental;Fundação Universidade Federal do Vale do São Francisco;PE;69;Federal;54;24;70;20.2;77;5.79;56;6.41;;;1;8;;;;;;;;;
2023;engenharia-ambiental;Faculdade Anhanguera de Poços de Caldas;MG;70;Privada;54;24;71;19.98;44;6.75;97;5.23;;;1;8;;;;;;;;;
2023;engenharia-ambiental;Universidade Estácio de Sá;RJ;71;Privada;7;34.64;200;9.25;93;5.32;198;2.31;;;201-250;1.62;;;;;;;;;
2023;engenharia-ambiental;Instituto Federal de Educação, Ciência e Tecnologia do Espírito Santo;ES;72;Federal;54;24;74;19.64;131;4.22;21;7.42;;;1;8;;;;;;;;;
2023;engenharia-ambiental;Universidade Federal do Amazonas;AM;73;Federal;21;31.47;167;12.01;171;3.06;201-250;0.95;;;1;8;;;;;;;;;
2023;engenharia-ambiental;Universidade Federal do Oeste da Bahia;BA;74;Federal;54;24;77;19.38;126;4.36;35;7.02;;;1;8;;;;;;;;;
2023;engenharia-ambiental;Centro Universitário de Volta Redonda;RJ;75;Privada;54;24;78;19.36;96;5.24;66;6.12;;;1;8;;;;;;;;;
2023;engenharia-ambiental;Universidade Federal Rural da Amazônia;PA;76;Federal;54;24;80;19.31;63;6.2;101;5.11;;;1;8;;;;;;;;;
2023;engenharia-ambiental;Universidade São Francisco;SP;77;Privada;54;24;82;19.12;1;8;170;3.12;;;1;8;;;;;;;;;
2023;engenharia-ambiental;Universidade Estadual do Sudoeste da Bahia;BA;78;Estadual;54;24;83;18.98;119;4.57;56;6.41;;;1;8;;;;;;;;;
2023;engenharia-ambiental;Universidade Anhembi Morumbi;SP;79;Privada;21;31.47;172;11.37;115;4.68;119;4.59;;;198;2.1;;;;;;;;;
2023;engenharia-ambiental;Universidade Salvador;BA;80;Privada;7;34.64;201-250;8.03;183;2.71;128;4.33;;;201-250;0.99;;;;;;;;;
2023;engenharia-ambiental;Centro Universitário São Judas Tadeu;SP;81;Privada;54;24;86;18.66;1;8;186;2.66;;;1;8;;;;;;;;;
2023;engenharia-ambiental;Universidade Católica Dom Bosco;MS;82;Privada;21;31.47;174;11.17;195;2.36;52;6.53;;;192;2.28;;;;;;;;;
2023;engenharia-ambiental;Instituto Federal de Educação, Ciência e Tecnologia do Rio Grande do Norte;RN;83;Federal;54;24;87;18.43;114;4.71;80;5.72;;;1;8;;;;;;;;;
2023;engenharia-ambiental;Universidade La Salle;RS;84;Privada;54;24;88;18.4;1;8;195;2.4;;;1;8;;;;;;;;;
2023;engenharia-ambiental;Fundação Universidade Federal do Tocantins;TO;85;Federal;54;24;89;18.22;39;6.9;163;3.32;;;1;8;;;;;;;;;
2023;engenharia-ambiental;Universidade do Contestado;SC;86;Privada;54;24;90;18.2;1;8;201-250;2.2;;;1;8;;;;;;;;;
2023;engenharia-ambiental;Instituto Federal de Educação, Ciência e Tecnologia Fluminense;RJ;87;Federal;54;24;91;18.04;159;3.4;48;6.64;;;1;8;;;;;;;;;
2023;engenharia-ambiental;Pontifícia Universidade Católica do Rio de Janeiro;RJ;88;Privada;54;24;94;17.8;1;8;53;6.5;;;158;3.3;;;;;;;;;
2023;engenharia-ambiental;Universidade Federal Rural de Pernambuco;PE;89;Federal;54;24;96;17.61;48;6.63;175;2.98;;;1;8;;;;;;;;;
2023;engenharia-ambiental;Universidade do Sul de Santa Catarina;SC;90;Privada;21;31.47;198;9.27;201-250;1.46;43;6.79;;;201-250;1.02;;;;;;;;;
2023;engenharia-ambiental;Instituto Federal de Educação, Ciência e Tecnologia da Bahia;BA;91;Federal;54;24;106;16.68;198;2.27;56;6.41;;;1;8;;;;;;;;;
2023;engenharia-ambiental;Universidade Veiga de Almeida;RJ;92;Privada;21;31.47;201-250;9.14;154;3.55;122;4.51;;;201-250;1.08;;;;;;;;;
2023;engenharia-ambiental;União das Faculdades dos Grandes Lagos;SP;93;Privada;54;24;107;16.49;156;3.49;105;5;;;1;8;;;;;;;;;
2023;engenharia-ambiental;Centro Universitário de Rondônia;RO;94;Privada;54;24;110;16.17;136;4.07;136;4.1;;;1;8;;;;;;;;;
2023;engenharia-ambiental;Instituto Federal de Educação, Ciência e Tecnologia de Minas Gerais;MG;95;Federal;54;24;112;15.99;201-250;1.69;60;6.3;;;1;8;;;;;;;;;
2023;engenharia-ambiental;Centro Universitário de Belo Horizonte;MG;96;Privada;54;24;113;15.97;136;4.07;143;3.9;;;1;8;;;;;;;;;
2023;engenharia-ambiental;Universidade do Estado do Pará;PA;97;Estadual;54;24;115;15.93;179;2.82;101;5.11;;;1;8;;;;;;;;;
2023;engenharia-ambiental;Faculdade Área1 Wyden;BA;98;Privada;54;24;116;15.69;117;4.63;172;3.06;;;1;8;;;;;;;;;
2023;engenharia-ambiental;Faculdade Multivix Nova Venécia;ES;99;Privada;54;24;121;15.37;251-300;0.41;37;6.96;;;1;8;;;;;;;;;
2023;engenharia-ambiental;Universidade do Estado de Minas Gerais;MG;100;Estadual;54;24;123;15.33;166;3.2;135;4.13;;;1;8;;;;;;;;;
2023;engenharia-ambiental;Universidade da Amazônia;PA;101;Privada;21;31.47;201-250;7.82;198;2.27;168;3.18;;;189;2.37;;;;;;;;;
2023;engenharia-ambiental;Faculdades Oswaldo Cruz;SP;102;Privada;;;34;39.07;113;4.74;84;5.6;;;180;2.64;17;26.09;;;;;;;
2023;engenharia-ambiental;Universidade de Taubaté;SP;103;Municipal;54;24;126;14.76;162;3.32;159;3.44;;;1;8;;;;;;;;;
2023;engenharia-ambiental;Centro Universitário Celso Lisboa;RJ;104;Privada;54;24;127;14.7;154;3.55;169;3.15;;;1;8;;;;;;;;;
2023;engenharia-ambiental;Centro Universitário de Excelência;BA;105;Privada;54;24;131;14.42;105;4.98;201-250;1.44;;;1;8;;;;;;;;;
2023;engenharia-ambiental;Faculdade de Tecnologia e Ciências de Itabuna;BA;106;Privada;54;24;134;14.16;105;4.98;201-250;1.18;;;1;8;;;;;;;;;
2023;engenharia-ambiental;Faculdade Figueiredo Costa;AL;107;Privada;54;24;135;14.06;196;2.33;149;3.73;;;1;8;;;;;;;;;
2023;engenharia-ambiental;Centro Universitário Newton Paiva;MG;108;Privada;54;24;138;14.01;201-250;1.19;111;4.82;;;1;8;;;;;;;;;
2023;engenharia-ambiental;Centro Universitário Fanor Wyden;CE;109;Privada;21;31.47;201-250;6.46;105;4.98;201-250;1.36;;;251-300;0.12;;;;;;;;;
2023;engenharia-ambiental;Universidade Universus Veritas Guarulhos;SP;110;Privada;54;24;141;13.92;157;3.46;193;2.46;;;1;8;;;;;;;;;
2023;engenharia-ambiental;Faculdade Anhanguera de Divinópolis;MG;111;Privada;54;24;142;13.83;93;5.32;104;5.03;;;152;3.48;;;;;;;;;
2023;engenharia-ambiental;Centro Universitário Barão de Mauá;SP;112;Privada;54;24;143;13.8;162;3.32;192;2.48;;;1;8;;;;;;;;;
2023;engenharia-ambiental;Faculdade Anhanguera de Linhares;ES;113;Privada;54;24;146;13.62;149;3.7;31;7.13;;;175;2.79;;;;;;;;;
2023;engenharia-ambiental;Centro Universitário Nossa Senhora do Patrocínio;SP;114;Privada;54;24;147;13.61;201-250;1.19;125;4.42;;;1;8;;;;;;;;;
2023;engenharia-ambiental;Centro Universitário das Faculdades Metropolitanas Unidas;SP;115;Privada;21;31.47;201-250;5.95;201-250;1.48;144;3.87;;;201-250;0.6;;;;;;;;;
2023;engenharia-ambiental;Centro Universitário Estácio de São Paulo;SP;115;Privada;;;37;37.42;201-250;1.19;201-250;2.14;;;1;8;17;26.09;;;;;;;
2023;engenharia-ambiental;Faculdade Internacional da Paraíba;PB;117;Privada;54;24;151;13.37;136;4.07;201-250;1.3;;;1;8;;;;;;;;;
2023;engenharia-ambiental;Centro Universitário Maurício de Nassau de João Pessoa;PB;117;Privada;54;24;151;13.37;136;4.07;201-250;1.3;;;1;8;;;;;;;;;
2023;engenharia-ambiental;Centro Universitário do Norte;AM;119;Privada;21;31.47;201-250;5.86;201-250;1.8;201-250;1.21;;;173;2.85;;;;;;;;;
2023;engenharia-ambiental;Centro Universitário Católica do Leste de Minas Gerais;MG;120;Privada;54;24;154;13.24;1;8;185;2.69;;;183;2.55;;;;;;;;;
2023;engenharia-ambiental;Centro Universitário Una;MG;121;Privada;54;24;155;13.15;201-250;1.19;141;3.96;;;1;8;;;;;;;;;
2023;engenharia-ambiental;Universidade do Grande Rio Professor José de Souza Herdy;RJ;122;Privada;54;24;160;12.56;183;2.71;201-250;1.85;;;1;8;;;;;;;;;
2023;engenharia-ambiental;Faculdade de Americana;SP;123;Privada;54;24;162;12.42;136;4.07;251-300;0.35;;;1;8;;;;;;;;;
2023;engenharia-ambiental;Fundação Universidade do Estado de Santa Catarina;SC;124;Estadual;54;24;163;12.36;136;4.07;70;6.01;;;192;2.28;;;;;;;;;
2023;engenharia-ambiental;Centro Universitário de Ensino, Ciência e Tecnologia do Paraná;PR;125;Privada;;;40;36.26;151;3.64;164;3.29;;;160;3.24;17;26.09;;;;;;;
2023;engenharia-ambiental;Universidade de Passo Fundo;RS;126;Privada;54;24;170;11.61;105;4.98;145;3.84;;;175;2.79;;;;;;;;;
2023;engenharia-ambiental;Faculdade Anhanguera de Betim;MG;127;Privada;54;24;171;11.46;122;4.48;134;4.16;;;174;2.82;;;;;;;;;
2023;engenharia-ambiental;Centro Universitário Araguaia;GO;128;Privada;54;24;173;11.22;201-250;1.69;201-250;1.53;;;1;8;;;;;;;;;
2023;engenharia-ambiental;Faculdade Ideal Wyden;PA;129;Privada;54;24;179;10.87;1;8;201-250;0.92;;;201-250;1.95;;;;;;;;;
2023;engenharia-ambiental;Instituto Federal de Educação, Ciência e Tecnologia Goiano;GO;130;Federal;54;24;183;10.73;112;4.77;161;3.38;;;182;2.58;;;;;;;;;
2023;engenharia-ambiental;Centro Universitário Jorge Amado;BA;131;Privada;54;24;186;10.48;160;3.38;112;4.79;;;191;2.31;;;;;;;;;
2023;engenharia-ambiental;Universidade Estadual de Mato Grosso do Sul;MS;132;Estadual;54;24;187;10.21;102;5.06;158;3.47;;;201-250;1.68;;;;;;;;;
2023;engenharia-ambiental;Centro Universitário da Serra Gaúcha;RS;133;Privada;54;24;190;9.96;103;5.03;148;3.76;;;201-250;1.17;;;;;;;;;
2023;engenharia-ambiental;Universidade de Santa Cruz do Sul;RS;134;Privada;54;24;191;9.93;180;2.79;87;5.52;;;201-250;1.62;;;;;;;;;
2023;engenharia-ambiental;Universidade de Sorocaba;SP;135;Privada;;;43;33.67;177;2.88;131;4.25;;;251-300;0.45;17;26.09;;;;;;;
2023;engenharia-ambiental;Centro Universitário Tabosa de Almeida;PE;136;Privada;54;24;194;9.61;173;3;124;4.45;;;196;2.16;;;;;;;;;
2023;engenharia-ambiental;Centro Universitário Espírito-Santense;ES;137;Privada;54;24;196;9.43;201-250;1.37;51;6.56;;;201-250;1.5;;;;;;;;;
2023;engenharia-ambiental;Universidade Ceuma;MA;138;Privada;54;24;201-250;9.16;151;3.64;199;2.28;;;160;3.24;;;;;;;;;
2023;engenharia-ambiental;Universidade Fumec;MG;139;Privada;54;24;201-250;9.1;192;2.44;92;5.37;;;201-250;1.29;;;;;;;;;
2023;engenharia-ambiental;Universidade Católica de Brasília;DF;140;Privada;54;24;201-250;9.08;136;4.07;117;4.65;;;251-300;0.36;;;;;;;;;
2023;engenharia-ambiental;Centro Universitário São Camilo - Espírito Santo;ES;140;Privada;;;44;33.08;201-250;0.82;139;4.01;;;196;2.16;17;26.09;;;;;;;
2023;engenharia-ambiental;Centro Universitário Senac;SP;142;Privada;54;24;201-250;8.73;164;3.26;126;4.39;;;201-250;1.08;;;;;;;;;
2023;engenharia-ambiental;Escola de Engenharia de Piracicaba;SP;143;Municipal;54;24;201-250;8.62;100;5.12;165;3.26;;;251-300;0.24;;;;;;;;;
2023;engenharia-ambiental;Universidade Franciscana;RS;144;Privada;54;24;201-250;8.48;118;4.6;251-300;0.46;;;154;3.42;;;;;;;;;
2023;engenharia-ambiental;Universidade do Extremo Sul Catarinense;SC;145;Privada;54;24;201-250;8.43;201-250;2.01;113;4.77;;;201-250;1.65;;;;;;;;;
2023;engenharia-ambiental;Universidade Feevale;RS;146;Privada;21;31.47;251-300;0.46;;;251-300;0.46;;;;;;;;;;;;;
2023;engenharia-ambiental;Universidade Cidade de São Paulo;SP;147;Privada;54;24;201-250;7.91;64;6.17;201-250;1.44;;;251-300;0.3;;;;;;;;;
2023;engenharia-ambiental;Faculdade Estácio de Sá de Campo Grande;MS;148;Privada;54;24;201-250;7.86;136;4.07;181;2.8;;;201-250;0.99;;;;;;;;;
2023;engenharia-ambiental;Centro Universitário Ritter dos Reis;RS;149;Privada;;;46;31.72;251-300;0.67;150;3.7;;;201-250;1.26;17;26.09;;;;;;;
2023;engenharia-ambiental;Faculdade Estácio de Belém;PA;150;Privada;54;24;201-250;7.71;167;3.17;201-250;1.99;;;183;2.55;;;;;;;;;
2023;engenharia-ambiental;Centro Universitário Luterano de Manaus;AM;151;Privada;54;24;201-250;7.67;201-250;1.57;175;2.98;;;164;3.12;;;;;;;;;
2023;engenharia-ambiental;Centro Universitário Maurício de Nassau;PE;152;Privada;54;24;201-250;7.64;182;2.74;201-250;2.11;;;175;2.79;;;;;;;;;
2023;engenharia-ambiental;Faculdade Anhanguera de São Luiz;MA;153;Privada;54;24;201-250;7.52;151;3.64;251-300;0.64;;;160;3.24;;;;;;;;;
2023;engenharia-ambiental;Centro Universitário Católica do Tocantins;TO;154;Privada;54;24;201-250;7.5;136;4.07;201-250;2.02;;;201-250;1.41;;;;;;;;;
2023;engenharia-ambiental;Universidade de Cruz Alta;RS;155;Privada;54;24;201-250;7.17;183;2.71;191;2.51;;;201-250;1.95;;;;;;;;;
2023;engenharia-ambiental;Centro Universitário do Planalto de Araxá;MG;156;Privada;54;24;201-250;7.04;201-250;0.82;130;4.27;;;201-250;1.95;;;;;;;;;
2023;engenharia-ambiental;Faculdade Metropolitana de Anápolis;GO;157;Privada;54;24;201-250;7.02;201-250;2.04;194;2.43;;;183;2.55;;;;;;;;;
2023;engenharia-ambiental;Centro Universitário de Adamantina;SP;158;Municipal;54;24;201-250;6.92;170;3.08;196;2.37;;;201-250;1.47;;;;;;;;;
2023;engenharia-ambiental;Universidade Anhanguera de São Paulo;SP;159;Privada;54;24;201-250;6.67;133;4.16;251-300;0.23;;;192;2.28;;;;;;;;;
2023;engenharia-ambiental;Centro Universitário de Caratinga;MG;160;Privada;54;24;201-250;6.46;201-250;1.95;201-250;1.24;;;159;3.27;;;;;;;;;
2023;engenharia-ambiental;Centro Universitário Univinte;SC;161;Privada;54;24;201-250;6.04;201-250;1.8;201-250;2.2;;;200;2.04;;;;;;;;;
2023;engenharia-ambiental;Universidade Potiguar;RN;162;Privada;54;24;201-250;5.3;183;2.71;251-300;0.64;;;201-250;1.95;;;;;;;;;
2023;engenharia-ambiental;Centro Universitário Maurício de Nassau de Natal;RN;163;Privada;54;24;251-300;4.88;201-250;1.69;251-300;0.64;;;183;2.55;;;;;;;;;
2023;engenharia-ambiental;Centro Universitário Ceuni;AM;164;Privada;54;24;251-300;4.82;251-300;0.52;201-250;1.39;;;171;2.91;;;;;;;;;
2023;engenharia-ambiental;Centro Universitário Barriga Verde;SC;165;Privada;54;24;251-300;3.81;201-250;1.19;201-250;2.05;;;201-250;0.57;;;;;;;;;
2023;engenharia-ambiental;Centro Universitário Anhanguera Pitágoras Unopar de Niterói;RJ;166;Privada;;;49;22.47;1;8;54;6.47;;;1;8;;;;;;;;;
2023;engenharia-ambiental;FAE Centro Universitário;PR;167;Privada;;;52;21.86;1;8;75;5.86;;;1;8;;;;;;;;;
2023;engenharia-ambiental;Universidade Estadual do Centro Oeste;PR;168;Estadual;;;56;21.8;40;6.87;38;6.93;;;1;8;;;;;;;;;
2023;engenharia-ambiental;Centro Universitário da Fundação Educacional de Barretos;SP;169;Privada;;;61;21.46;1;8;89;5.46;;;1;8;;;;;;;;;
2023;engenharia-ambiental;Universidade Federal dos Vales do Jequitinhonha e Mucuri;MG;170;Federal;;;66;20.88;50;6.58;60;6.3;;;1;8;;;;;;;;;
2023;engenharia-ambiental;Centro Federal de Educação Tecnológica de Minas Gerais;MG;171;Federal;;;67;20.69;98;5.18;18;7.51;;;1;8;;;;;;;;;
2023;engenharia-ambiental;Instituto Federal de Educação, Ciência e Tecnologia de Goiás;GO;172;Federal;159;0.23;79;19.33;122;4.48;41;6.85;;;1;8;;;;;;;;;
2023;engenharia-ambiental;Universidade Federal de Rondonópolis;MT;173;Federal;;;75;19.48;87;5.5;71;5.98;;;1;8;;;;;;;;;
2023;engenharia-ambiental;Centro Universitário Gama e Souza;RJ;174;Privada;;;76;19.47;124;4.42;34;7.05;;;1;8;;;;;;;;;
2023;engenharia-ambiental;Fundação Universidade Federal do Pampa;RS;175;Federal;;;81;19.16;59;6.31;110;4.85;;;1;8;;;;;;;;;
2023;engenharia-ambiental;Centro Universitário de Viçosa;MG;176;Privada;;;84;18.96;83;5.62;93;5.34;;;1;8;;;;;;;;;
2023;engenharia-ambiental;Centro Federal de Educação Tecnológica Celso Suckow da Fonseca;RJ;177;Federal;;;85;18.92;129;4.28;48;6.64;;;1;8;;;;;;;;;
2023;engenharia-ambiental;Universidade Tuiuti do Paraná;PR;178;Privada;;;92;17.94;1;8;201-250;1.94;;;1;8;;;;;;;;;
2023;engenharia-ambiental;Faculdade Feitep;PR;178;Privada;;;92;17.94;1;8;201-250;1.94;;;1;8;;;;;;;;;
2023;engenharia-ambiental;Universidade do Vale do Taquari;RS;180;Privada;;;95;17.69;105;4.98;115;4.71;;;1;8;;;;;;;;;
2023;engenharia-ambiental;Faculdade Anhanguera de Cascavel;PR;181;Privada;;;98;17.37;34;7.04;44;6.76;;;149;3.57;;;;;;;;;
2023;engenharia-ambiental;Universidade Católica de Santos;SP;182;Privada;;;99;17.26;73;5.91;162;3.35;;;1;8;;;;;;;;;
2023;engenharia-ambiental;Faculdade Anhanguera Unidade Guarapari;ES;183;Privada;;;101;17.13;93;5.32;146;3.81;;;1;8;;;;;;;;;
2023;engenharia-ambiental;Faculdades Integradas de Fernandópolis;SP;184;Privada;;;102;17.13;1;8;201-250;1.13;;;1;8;;;;;;;;;
2023;engenharia-ambiental;Instituto Federal de Educação, Ciência e Tecnologia do Norte de Minas Gerais;MG;185;Federal;;;103;17.06;181;2.76;60;6.3;;;1;8;;;;;;;;;
2023;engenharia-ambiental;Centro Universitário Una de Bom Despacho;MG;186;Privada;;;105;16.69;1;8;251-300;0.69;;;1;8;;;;;;;;;
2023;engenharia-ambiental;Centro Universitário Multivix Vitória;ES;187;Privada;;;108;16.27;201-250;1.19;33;7.08;;;1;8;;;;;;;;;
2023;engenharia-ambiental;Centro Universitário Vale do Rio Verde;MG;188;Privada;;;109;16.26;136;4.07;133;4.19;;;1;8;;;;;;;;;
2023;engenharia-ambiental;Faculdade Educacional Araucária;PR;189;Privada;;;111;16.14;173;3;100;5.14;;;1;8;;;;;;;;;
2023;engenharia-ambiental;Centro Universitário Favip Wyden;PE;190;Privada;;;114;15.94;1;8;3;7.94;;;;;;;;;;;;;
2023;engenharia-ambiental;Centro Universitário Zarns;BA;191;Privada;;;117;15.67;198;2.27;91;5.4;;;1;8;;;;;;;;;
2023;engenharia-ambiental;Centro Universitário FBV Wyden;PE;192;Privada;;;118;15.62;136;4.07;155;3.55;;;1;8;;;;;;;;;
2023;engenharia-ambiental;Instituto Federal de Educação, Ciência e Tecnologia de Pernambuco;PE;193;Federal;;;119;15.52;120;4.54;175;2.98;;;1;8;;;;;;;;;
2023;engenharia-ambiental;Instituto Federal de Educação, Ciência e Tecnologia do Sul de Minas Gerais;MG;194;Federal;;;121;15.37;60;6.28;60;6.3;;;175;2.79;;;;;;;;;
2023;engenharia-ambiental;Faculdades Integradas de Três Lagoas;MS;195;Privada;;;124;15.23;87;5.5;201-250;1.73;;;1;8;;;;;;;;;
2023;engenharia-ambiental;Universidade do Estado do Amapá;AP;196;Estadual;;;125;15.17;120;4.54;187;2.63;;;1;8;;;;;;;;;
2023;engenharia-ambiental;Faculdade de Ensino Superior da Cidade de Feira de Santana;BA;197;Privada;;;128;14.54;87;5.5;201-250;1.04;;;1;8;;;;;;;;;
2023;engenharia-ambiental;Instituto Federal de Educação, Ciência e Tecnologia do Pará;PA;198;Federal;;;129;14.45;201-250;1.34;101;5.11;;;1;8;;;;;;;;;
2023;engenharia-ambiental;Universidade Alto Vale do Rio do Peixe;SC;199;Privada;;;130;14.43;83;5.62;201-250;0.81;;;1;8;;;;;;;;;
2023;engenharia-ambiental;Faculdade Anhanguera de Macapá;AP;200;Privada;;;133;14.2;74;5.88;251-300;0.32;;;1;8;;;;;;;;;
2023;engenharia-ambiental;Faculdade Pitágoras Unopar Anhanguera de Londrina;PR;201;Privada;;;169;11.91;60;6.28;184;2.72;;;171;2.91;;;;;;;;;
2023;engenharia-ambiental;Centro Universitário de Formiga;MG;201;Privada;;;201-250;7.16;201-250;1.95;132;4.22;;;201-250;0.99;;;;;;;;;
2023;engenharia-ambiental;Faculdade Anhanguera de Governador Valadares;MG;201;Privada;;;201-250;6.81;201-250;1.98;201-250;1.47;;;156;3.36;;;;;;;;;
2023;engenharia-ambiental;Centro Universitário Unirb;BA;201;Privada;;;166;12.04;173;3;201-250;1.04;;;1;8;;;;;;;;;
2023;engenharia-ambiental;Faculdade Anhanguera de Uberlândia;MG;201;Privada;;;150;13.39;104;5;84;5.6;;;175;2.79;;;;;;;;;
2023;engenharia-ambiental;Centro Universitário de Lins;SP;201;Privada;;;201-250;6.33;201-250;1.83;166;3.24;;;201-250;1.26;;;;;;;;;
2023;engenharia-ambiental;Faculdade Empresarial de Chapecó;SC;201;Privada;;;145;13.67;201-250;1.19;123;4.48;;;1;8;;;;;;;;;
2023;engenharia-ambiental;Centro Universitário de Mineiros;GO;201;Municipal;;;201-250;9.22;201-250;1.19;251-300;0.03;;;1;8;;;;;;;;;
2023;engenharia-ambiental;Faculdade de Viçosa;MG;201;Privada;;;201-250;7.3;83;5.62;251-300;0.69;;;201-250;0.99;;;;;;;;;
2023;engenharia-ambiental;Faculdade Doctum de Juiz de Fora;MG;201;Privada;;;149;13.52;251-300;0.32;98;5.2;;;1;8;;;;;;;;;
2023;engenharia-ambiental;Universidade Metodista de São Paulo;SP;201;Privada;;;201-250;7.32;198;2.27;127;4.36;;;201-250;0.69;;;;;;;;;
2023;engenharia-ambiental;Centro Universitário Faema;RO;201;Privada;;;175;10.98;201-250;1.28;201-250;1.7;;;1;8;;;;;;;;;
2023;engenharia-ambiental;Faculdade Unirb - Teresina;PI;201;Privada;;;177;10.91;198;2.27;251-300;0.64;;;1;8;;;;;;;;;
2023;engenharia-ambiental;Faculdade do Noroeste de Minas;MG;201;Privada;;;159;12.7;183;2.71;39;6.9;;;165;3.09;;;;;;;;;
2023;engenharia-ambiental;Faculdade Única de Ipatinga;MG;201;Privada;;;201-250;6.55;251-300;0.23;108;4.91;;;201-250;1.41;;;;;;;;;
2023;engenharia-ambiental;Faculdade Dom Bosco de Porto Alegre;RS;201;Privada;;;199;9.26;136;4.07;116;4.68;;;251-300;0.51;;;;;;;;;
2023;engenharia-ambiental;Centro Universitário Estácio de Santa Catarina;SC;201;Privada;;;144;13.72;201-250;1.19;121;4.53;;;1;8;;;;;;;;;
2023;engenharia-ambiental;Centro Universitário de Sete Lagoas;MG;201;Privada;;;201-250;7.24;167;3.17;157;3.5;;;201-250;0.57;;;;;;;;;
2023;engenharia-ambiental;Faculdade da Região Serrana;ES;201;Privada;;;153;13.24;251-300;0.5;114;4.74;;;1;8;;;;;;;;;
2023;engenharia-ambiental;Centro Universitário Estácio de Ji-paraná;RO;201;Privada;;;193;9.7;1;8;201-250;1.7;;;;;;;;;;;;;
2023;engenharia-ambiental;Faculdade Venda Nova do Imigrante;ES;201;Privada;;;201-250;6.68;251-300;0.5;146;3.81;;;189;2.37;;;;;;;;;
2023;engenharia-ambiental;Centro Universitário Facid Wyden;PI;201;Privada;;;185;10.59;1;8;251-300;0.64;;;201-250;1.95;;;;;;;;;
2023;engenharia-ambiental;Centro Universitário Santa Rita;MG;201;Privada;;;165;12.08;1;8;171;3.09;;;201-250;0.99;;;;;;;;;
2023;engenharia-ambiental;Faculdades Integradas de Araraquara;SP;201;Privada;;;201-250;8.3;130;4.25;140;3.99;;;251-300;0.06;;;;;;;;;
2023;engenharia-ambiental;Faculdade Anhanguera de Ipatinga;MG;201;Privada;;;157;13;128;4.31;82;5.66;;;167;3.03;;;;;;;;;
2023;engenharia-ambiental;Faculdade do Futuro;MG;201;Privada;;;164;12.23;201-250;0.82;160;3.41;;;1;8;;;;;;;;;
2023;engenharia-ambiental;Centro Universitário Metodista Izabela Hendrix;MG;201;Privada;;;192;9.88;1;8;201-250;1.88;;;;;;;;;;;;;
2023;engenharia-ambiental;Faculdade Anhanguera de Belo Horizonte;MG;201;Privada;;;201-250;8.45;198;2.27;88;5.49;;;201-250;0.69;;;;;;;;;
2023;engenharia-ambiental;Centro Universitário Estácio Meta de Rio Branco Estácio;AC;201;Privada;;;201-250;8.32;1;8;251-300;0.32;;;;;;;;;;;;;
2023;engenharia-ambiental;Centro Universitário Ruy Barbosa Wyden;BA;201;Privada;;;188;10.03;1;8;201-250;1.04;;;201-250;0.99;;;;;;;;;
2023;engenharia-ambiental;Centro Universitário Famec;BA;201;Privada;;;180;10.86;251-300;0.32;190;2.54;;;1;8;;;;;;;;;
2023;engenharia-ambiental;Faculdade de Educação de Porto Velho;RO;201;Privada;;;178;10.89;201-250;1.19;201-250;1.7;;;1;8;;;;;;;;;
2023;engenharia-ambiental;Centro Universitário da Amazônia Belém;PA;201;Privada;;;201-250;6.56;178;2.85;201-250;1.1;;;181;2.61;;;;;;;;;
2023;engenharia-ambiental;Centro Universitário Facvest;SC;201;Privada;;;140;13.93;100;5.12;201-250;0.81;;;1;8;;;;;;;;;
2023;engenharia-ambiental;Centro Universitário Metropolitano da Amazônia;PA;201;Privada;;;201-250;6.12;201-250;1.72;201-250;0.92;;;152;3.48;;;;;;;;;
2023;engenharia-ambiental;Faculdade de Informática de Ouro Preto do Oeste;RO;201;Privada;;;189;10.02;251-300;0.32;201-250;1.7;;;1;8;;;;;;;;;
2023;engenharia-ambiental;Gran Centro Universitário;PR;201;Privada;;;201-250;6.96;201-250;1.75;137;4.07;;;201-250;1.14;;;;;;;;;
2023;engenharia-ambiental;Universidade de Rio Verde;GO;201;Municipal;;;182;10.77;183;2.71;251-300;0.06;;;1;8;;;;;;;;;
2023;engenharia-ambiental;Centro Universitário Funcesi;MG;201;Privada;;;201-250;8.99;183;2.71;128;4.33;;;201-250;1.95;;;;;;;;;
2023;engenharia-ambiental;Faculdade Politécnica de Campinas;SP;201;Privada;;;176;10.94;183;2.71;251-300;0.23;;;1;8;;;;;;;;;
2023;engenharia-ambiental;Faculdade Estácio do Pantanal;MT;201;Privada;;;168;11.96;201-250;1.19;182;2.77;;;1;8;;;;;;;;;
2023;engenharia-ambiental;Faculdade de Ciências Sociais Aplicadas SC;SC;201;Privada;;;158;12.73;173;3;46;6.7;;;167;3.03;;;;;;;;;
2023;engenharia-ambiental;Faculdade Unirb - Maceió;AL;201;Privada;;;139;13.94;198;2.27;151;3.67;;;1;8;;;;;;;;;
2023;engenharia-ambiental;Faculdade Terra Nordeste;CE;201;Privada;;;184;10.7;201-250;1.95;251-300;0.75;;;1;8;;;;;;;;;
2023;engenharia-ambiental;Centro Universitário de União da Vitória;PR;201;Municipal;;;156;13.08;251-300;0.2;109;4.88;;;1;8;;;;;;;;;
2023;engenharia-ambiental;Facudade Ieducare;CE;201;Privada;;;181;10.82;201-250;2.07;251-300;0.75;;;1;8;;;;;;;;;
2023;engenharia-ambiental;Centro Universitário Piaget;SP;201;Privada;;;201-250;9.18;167;3.17;179;2.86;;;163;3.15;;;;;;;;;
2023;engenharia-ambiental;Centro Universitário Fundação Santo André;SP;201;Privada;;;201-250;6.2;161;3.35;197;2.34;;;251-300;0.51;;;;;;;;;
2023;engenharia-ambiental;Centro Universitário Doctum de Teófilo Otoni;MG;201;Privada;;;148;13.54;183;2.71;180;2.83;;;1;8;;;;;;;;;
2023;engenharia-ambiental;Centro Universitário de Maceió;AL;201;Privada;;;197;9.33;134;4.13;151;3.67;;;201-250;1.53;;;;;;;;;
2023;engenharia-ambiental;Faculdade de Administração de Mariana;MG;251;Privada;;;251-300;1.68;251-300;0.61;201-250;1.07;;;;;;;;;;;;;
2023;engenharia-ambiental;Faculdade Internacional de São Luís;MA;251;Privada;;;251-300;2.82;201-250;1.19;251-300;0.64;;;201-250;0.99;;;;;;;;;
2023;engenharia-ambiental;Faculdade de Ribeirão Preto;SP;251;Privada;;;251-300;3.17;201-250;1.95;251-300;0.23;;;201-250;0.99;;;;;;;;;
2023;engenharia-ambiental;Faculdade Esamc Campinas;SP;251;Privada;;;251-300;4.28;251-300;0.38;167;3.21;;;201-250;0.69;;;;;;;;;
2023;engenharia-ambiental;Faculdade Esamc Santos;SP;251;Privada;;;251-300;3.57;251-300;0.12;200;2.25;;;201-250;1.2;;;;;;;;;
2023;engenharia-ambiental;Universidade Santa Úrsula;RJ;251;Privada;;;251-300;3.72;201-250;1.69;201-250;1.85;;;251-300;0.18;;;;;;;;;
2023;engenharia-ambiental;Faculdade Esamc Jundiaí;SP;251;Privada;;;251-300;0.35;251-300;0.03;251-300;0.23;;;251-300;0.09;;;;;;;;;
2023;engenharia-ambiental;Universidade Nilton Lins;AM;251;Privada;;;251-300;3.16;251-300;0.44;251-300;0.32;;;188;2.4;;;;;;;;;
2023;engenharia-ambiental;Centro Universitário de Talentos Humanos;MG;251;Privada;;;201-250;5.06;201-250;1.4;200;2.25;;;201-250;1.41;;;;;;;;;
2023;engenharia-ambiental;Faculdade de Caldas Novas;GO;251;Privada;;;251-300;3.14;251-300;0.15;189;2.57;;;251-300;0.42;;;;;;;;;
2023;engenharia-ambiental;Faculdade Horizontina;RS;251;Privada;;;251-300;3.18;201-250;1.31;251-300;0.46;;;201-250;1.41;;;;;;;;;
2023;engenharia-ambiental;Faculdade de Santo Ângelo;RS;251;Privada;;;251-300;1.31;251-300;0.64;251-300;0.46;;;251-300;0.21;;;;;;;;;
2023;engenharia-ambiental;Instituto Superior de Ciências Aplicadas;SP;251;Privada;;;251-300;4.77;201-250;1.19;154;3.58;;;;;;;;;;;;;
2023;engenharia-ambiental;Instituto de Ensino Superior Fucapi;AM;251;Privada;;;251-300;1.97;251-300;0.61;201-250;1.33;;;251-300;0.03;;;;;;;;;
2023;engenharia-ambiental;Centro Universitário Anhanguera Pitágoras Ampli;SP;251;Privada;;;201-250;5.27;193;2.42;201-250;0.84;;;201-250;2.01;;;;;;;;;
2023;engenharia-ambiental;Faculdade Municipal Professor Franco Montoro de Mogi Guaçu;SP;251;Municipal;;;251-300;2.37;251-300;0.61;201-250;1.76;;;;;;;;;;;;;
2023;engenharia-ambiental;Faculdade Esamc São Paulo;SP;251;Privada;;;251-300;1.4;251-300;0.18;251-300;0.23;;;201-250;0.99;;;;;;;;;
2023;engenharia-ambiental;Faculdade Master de Parauapebas;PA;251;Privada;;;251-300;2.96;251-300;0.09;201-250;0.92;;;201-250;1.95;;;;;;;;;
2023;engenharia-ambiental;Faculdade Santo Agostinho;MG;251;Privada;;;251-300;4.81;201-250;0.82;174;3;;;201-250;0.99;;;;;;;;;
2023;engenharia-ambiental;Faculdade Uninassau Vilhena;RO;251;Privada;;;251-300;4.47;201-250;0.82;201-250;1.7;;;201-250;1.95;;;;;;;;;
2023;engenharia-ambiental;Centro Universitário Farias Brito;CE;251;Privada;;;201-250;5.57;201-250;1.54;153;3.61;;;251-300;0.42;;;;;;;;;
2023;engenharia-ambiental;Faculdade Estácio São Paulo de Rondônia;RO;251;Privada;;;251-300;1.7;;;201-250;1.7;;;;;;;;;;;;;
2023;engenharia-ambiental;Centro Universitário das Américas;SP;251;Privada;;;251-300;3.82;165;3.23;251-300;0.23;;;251-300;0.36;;;;;;;;;
2023;engenharia-ambiental;Faculdade Católica Salesiana de Macaé;RJ;251;Privada;;;251-300;3.46;201-250;1.46;201-250;1.85;;;251-300;0.15;;;;;;;;;
2023;engenharia-ambiental;Faculdade Presidente Antônio Carlos de Leopoldina;MG;251;Privada;;;251-300;2.17;251-300;0.09;201-250;2.08;;;;;;;;;;;;;
2023;engenharia-ambiental;Centro Universitário Padre Anchieta;SP;251;Privada;;;201-250;4.99;201-250;1.25;187;2.63;;;201-250;1.11;;;;;;;;;
2023;engenharia-ambiental;Faculdade de Iporá;GO;251;Privada;;;251-300;3.95;251-300;0.35;201-250;1.53;;;199;2.07;;;;;;;;;
2024;engenharia-ambiental;Universidade de São Paulo;SP;1;Estadual;1;36;1;63.04;;;27;7.22;;;1;8;;;7;7.82;1;40;;;
2024;engenharia-ambiental;Universidade Federal de Minas Gerais;MG;2;Federal;2;35.79;2;62.92;;;1;8;;;1;8;;;12;7.67;2;39.25;;;
2024;engenharia-ambiental;Universidade Estadual de Campinas;SP;3;Estadual;2;35.79;3;61.15;;;23;7.34;;;1;8;;;49;6.56;2;39.25;;;
2024;engenharia-ambiental;Universidade Estadual Paulista Júlio de Mesquita Filho;SP;4;Estadual;2;35.79;4;60.96;;;27;7.22;;;1;8;;;1;8;4;37.74;;;
2024;engenharia-ambiental;Universidade Federal do Rio de Janeiro;RJ;5;Federal;10;34.11;5;60.33;;;5;7.88;;;1;8;;;44;6.71;4;37.74;;;
2024;engenharia-ambiental;Universidade Federal de Santa Catarina;SC;6;Federal;10;34.11;6;60;;;19;7.46;;;1;8;;;41;6.8;4;37.74;;;
2024;engenharia-ambiental;Universidade Federal de São Carlos;SP;7;Federal;10;34.11;8;58.54;;;22;7.37;;;1;8;;;11;7.7;7;35.47;;;
2024;engenharia-ambiental;Universidade Federal do Rio Grande do Sul;RS;8;Federal;10;34.11;9;58.45;;;7;7.82;;;1;8;;;29;7.16;7;35.47;;;
2024;engenharia-ambiental;Universidade Federal de Goiás;GO;9;Federal;2;35.79;13;55.35;;;14;7.61;;;1;8;;;50;6.53;10;33.21;;;
2024;engenharia-ambiental;Universidade Federal do Ceará;CE;10;Federal;2;35.79;17;54.6;;;8;7.79;;;1;8;;;81;5.6;10;33.21;;;
2024;engenharia-ambiental;Universidade de Brasília;DF;11;Federal;10;34.11;11;55.98;;;9;7.76;;;1;8;;;34;7.01;10;33.21;;;
2024;engenharia-ambiental;Universidade Federal da Bahia;BA;12;Federal;2;35.79;19;54.18;;;4;7.91;;;1;8;;;99;5.06;10;33.21;;;
2024;engenharia-ambiental;Universidade Federal do Espírito Santo;ES;13;Federal;10;34.11;18;54.57;;;24;7.31;;;1;8;;;66;6.05;10;33.21;;;
2024;engenharia-ambiental;Universidade Federal de Viçosa;MG;14;Federal;37;28.42;7;58.9;;;6;7.85;;;1;8;;;15;7.58;7;35.47;;;
2024;engenharia-ambiental;Universidade Federal do Paraná;PR;15;Federal;2;35.79;20;50.84;;;95;5.18;;;112;4.66;;;8;7.79;10;33.21;;;
2024;engenharia-ambiental;Universidade Federal de Lavras;MG;16;Federal;37;28.42;10;56.13;;;29;7.16;;;1;8;;;9;7.76;10;33.21;;;
2024;engenharia-ambiental;Universidade Federal de Uberlândia;MG;17;Federal;37;28.42;12;55.68;;;32;7.07;;;1;8;;;21;7.4;10;33.21;;;
2024;engenharia-ambiental;Pontifícia Universidade Católica do Paraná;PR;18;Privada;10;34.11;21;49.43;;;70;5.93;;;125;4.27;;;67;6.02;10;33.21;;;
2024;engenharia-ambiental;Universidade Federal de Santa Maria;RS;19;Federal;37;28.42;15;54.96;;;42;6.77;;;1;8;;;35;6.98;10;33.21;;;
2024;engenharia-ambiental;Universidade Federal de São Paulo;SP;20;Federal;37;28.42;16;54.66;;;77;5.72;;;1;8;;;10;7.73;10;33.21;;;
2024;engenharia-ambiental;Universidade Federal do Pará;PA;21;Federal;10;34.11;30;43.5;;;46;6.65;;;1;8;;;86;5.45;23;23.4;;;
2024;engenharia-ambiental;Universidade Tecnológica Federal do Paraná;PR;22;Federal;10;34.11;31;43.47;;;79;5.66;;;1;8;;;54;6.41;23;23.4;;;
2024;engenharia-ambiental;Pontifícia Universidade Católica do Rio de Janeiro;RJ;22;Privada;37;28.42;22;49.16;;;52;6.47;;;194;2.2;;;25;7.28;10;33.21;;;
2024;engenharia-ambiental;Universidade Estadual de Maringá;PR;24;Estadual;10;34.11;37;42.15;;;101;5;;;1;8;;;76;5.75;23;23.4;;;
2024;engenharia-ambiental;Universidade Federal de Juiz de Fora;MG;25;Federal;37;28.42;25;46.44;;;2;7.97;;;1;8;;;32;7.07;23;23.4;;;
2024;engenharia-ambiental;Centro Universitário Leonardo da Vinci;SC;26;Privada;10;34.11;39;40.18;;;156;3.36;;;1;8;;;87;5.42;23;23.4;;;
2024;engenharia-ambiental;Universidade Federal de Ouro Preto;MG;27;Federal;37;28.42;26;45.81;;;15;7.58;;;1;8;;;40;6.83;23;23.4;;;
2024;engenharia-ambiental;Universidade Federal Fluminense;RJ;28;Federal;37;28.42;27;45.69;;;40;6.83;;;1;8;;;19;7.46;23;23.4;;;
2024;engenharia-ambiental;Universidade Federal da Paraíba;PB;29;Federal;37;28.42;28;45.42;;;45;6.68;;;1;8;;;23;7.34;23;23.4;;;
2024;engenharia-ambiental;Universidade Federal Rural do Rio de Janeiro;RJ;30;Federal;37;28.42;29;44.64;;;47;6.62;;;1;8;;;47;6.62;23;23.4;;;
2024;engenharia-ambiental;Universidade do Vale do Rio dos Sinos;RS;31;Privada;10;34.11;42;38.64;;;138;3.9;;;130;4.12;;;27;7.22;23;23.4;;;
2024;engenharia-ambiental;Universidade Federal do Oeste da Bahia;BA;32;Federal;37;28.42;34;42.78;;;35;6.98;;;1;8;;;121;4.4;23;23.4;;;
2024;engenharia-ambiental;Universidade Federal de Itajubá;MG;33;Federal;97;15.79;14;55.11;;;26;7.25;;;1;8;;;46;6.65;10;33.21;;;
2024;engenharia-ambiental;Fundação Universidade Federal do Tocantins;TO;34;Federal;37;28.42;36;42.22;;;162;3.18;;;1;8;;;13;7.64;23;23.4;;;
2024;engenharia-ambiental;Universidade do Estado do Rio de Janeiro;RJ;35;Estadual;37;28.42;38;42.02;;;11;7.7;;;110;4.72;;;61;6.2;23;23.4;;;
2024;engenharia-ambiental;Universidade do Vale do Itajaí;SC;36;Privada;10;34.11;45;35.22;;;75;5.78;;;187;2.41;;;147;3.63;23;23.4;;;
2024;engenharia-ambiental;Universidade Federal da Fronteira Sul;SC;37;Federal;37;28.42;40;39.71;;;91;5.3;;;120;4.42;;;48;6.59;23;23.4;;;
2024;engenharia-ambiental;Instituto Federal de Educação, Ciência e Tecnologia do Ceará;CE;38;Federal;37;28.42;41;39.7;;;54;6.41;;;1;8;;;201-250;1.89;23;23.4;;;
2024;engenharia-ambiental;Universidade de Fortaleza;CE;39;Privada;2;35.79;50;31.89;;;122;4.38;;;201-250;1.41;;;178;2.7;23;23.4;;;
2024;engenharia-ambiental;Pontifícia Universidade Católica de Campinas;SP;40;Privada;10;34.11;49;32.63;;;96;5.15;;;251-300;0.42;;;146;3.66;23;23.4;;;
2024;engenharia-ambiental;Universidade do Oeste Paulista;SP;41;Privada;37;28.42;43;38;;;120;4.43;;;136;3.94;;;60;6.23;23;23.4;;;
2024;engenharia-ambiental;Universidade Federal de Alfenas;MG;42;Federal;97;15.79;24;46.68;;;12;7.67;;;1;8;;;14;7.61;23;23.4;;;
2024;engenharia-ambiental;Universidade Tiradentes;SE;43;Privada;37;28.42;47;33.51;;;172;2.88;;;182;2.56;;;112;4.67;23;23.4;;;
2024;engenharia-ambiental;Universidade de Uberaba;MG;44;Privada;37;28.42;48;33.48;;;80;5.63;;;164;3.1;;;201-250;1.35;23;23.4;;;
2024;engenharia-ambiental;Instituto Federal de Educação, Ciência e Tecnologia do Espírito Santo;ES;45;Federal;97;15.79;33;43.18;;;21;7.4;;;1;8;;;122;4.38;23;23.4;;;
2024;engenharia-ambiental;Centro Universitário de Volta Redonda;RJ;46;Privada;97;15.79;34;42.78;;;65;6.08;;;1;8;;;91;5.3;23;23.4;;;
2024;engenharia-ambiental;Universidade Federal de Sergipe;SE;47;Federal;10;34.11;59;21.75;;;25;7.28;;;1;8;;;52;6.47;;;;;
2024;engenharia-ambiental;Universidade Federal de Mato Grosso;MT;48;Federal;10;34.11;70;19.17;;;73;5.84;;;1;8;;;90;5.33;;;;;
2024;engenharia-ambiental;Universidade Federal de Mato Grosso do Sul;MS;49;Federal;10;34.11;81;18.17;;;17;7.52;;;118;4.48;;;62;6.17;;;;;
2024;engenharia-ambiental;Universidade Federal Rural do Semi-árido;RN;50;Federal;37;28.42;56;22.26;;;36;6.95;;;1;8;;;24;7.31;;;;;
2024;engenharia-ambiental;Universidade Federal de Alagoas;AL;51;Federal;37;28.42;58;21.81;;;30;7.13;;;1;8;;;45;6.68;;;;;
2024;engenharia-ambiental;Universidade Cesumar;PR;52;Privada;10;34.11;97;16.01;;;76;5.75;;;142;3.76;;;51;6.5;;;;;
2024;engenharia-ambiental;Universidade Federal do Maranhão;MA;53;Federal;37;28.42;62;21.48;;;13;7.64;;;1;8;;;73;5.84;;;;;
2024;engenharia-ambiental;Universidade Federal do Triângulo Mineiro;MG;54;Federal;37;28.42;63;21.45;;;59;6.26;;;1;8;;;28;7.19;;;;;
2024;engenharia-ambiental;Universidade Federal do Rio Grande do Norte;RN;55;Federal;37;28.42;65;20.55;;;81;5.6;;;1;8;;;36;6.95;;;;;
2024;engenharia-ambiental;Fundação Universidade Federal de Rondônia;RO;56;Federal;37;28.42;66;20.43;;;84;5.51;;;1;8;;;37;6.92;;;;;
2024;engenharia-ambiental;Universidade de Cuiabá;MT;57;Privada;10;34.11;114;14.33;;;58;6.29;;;151;3.49;;;116;4.55;;;;;
2024;engenharia-ambiental;Universidade Federal Rural da Amazônia;PA;58;Federal;37;28.42;68;19.71;;;103;4.94;;;1;8;;;42;6.77;;;;;
2024;engenharia-ambiental;Universidade Estadual do Sudoeste da Bahia;BA;59;Estadual;37;28.42;73;18.84;;;66;6.05;;;1;8;;;108;4.79;;;;;
2024;engenharia-ambiental;Fundação Universidade Federal do ABC;SP;60;Federal;;;23;47.13;;;10;7.73;;;1;8;;;1;8;23;23.4;;;
2024;engenharia-ambiental;Universidade de Caxias do Sul;RS;61;Privada;10;34.11;134;12.8;;;64;6.11;;;192;2.26;;;120;4.43;;;;;
2024;engenharia-ambiental;Universidade do Estado da Bahia;BA;62;Estadual;37;28.42;80;18.25;;;66;6.05;;;1;8;;;128;4.2;;;;;
2024;engenharia-ambiental;Universidade de Sorocaba;SP;63;Privada;97;15.79;51;30.87;;;131;4.11;;;251-300;0.33;;;167;3.03;23;23.4;;;
2024;engenharia-ambiental;Centro Universitário de Várzea Grande;MT;64;Privada;37;28.42;82;18.1;;;182;2.58;;;1;8;;;17;7.52;;;;;
2024;engenharia-ambiental;Universidade do Contestado;SC;65;Privada;37;28.42;84;17.98;;;201-250;1.98;;;1;8;;;1;8;;;;;
2024;engenharia-ambiental;Universidade Federal Rural de Pernambuco;PE;66;Federal;37;28.42;86;17.83;;;175;2.79;;;1;8;;;33;7.04;;;;;
2024;engenharia-ambiental;Centro Universitário São Camilo - Espírito Santo;ES;67;Privada;97;15.79;52;30.1;;;139;3.87;;;198;2.08;;;201-250;0.75;23;23.4;;;
2024;engenharia-ambiental;Fundação Universidade Federal do Vale do São Francisco;PE;68;Federal;37;28.42;91;17.27;;;55;6.38;;;113;4.63;;;59;6.26;;;;;
2024;engenharia-ambiental;Universidade Federal do Amazonas;AM;69;Federal;10;34.11;153;11.42;;;201-250;0.87;;;1;8;;;183;2.55;;;;;
2024;engenharia-ambiental;Instituto Federal de Educação, Ciência e Tecnologia da Bahia;BA;70;Federal;37;28.42;95;16.63;;;55;6.38;;;1;8;;;193;2.25;;;;;
2024;engenharia-ambiental;Centro Universitário Ritter dos Reis;RS;71;Privada;97;15.79;53;29.04;;;150;3.54;;;201-250;1.32;;;201-250;0.78;23;23.4;;;
2024;engenharia-ambiental;Universidade Católica Dom Bosco;MS;72;Privada;10;34.11;164;10.56;;;51;6.5;;;190;2.32;;;201-250;1.74;;;;;
2024;engenharia-ambiental;Universidade Federal de Campina Grande;PB;73;Federal;37;28.42;96;16.15;;;175;2.79;;;1;8;;;89;5.36;;;;;
2024;engenharia-ambiental;Pontifícia Universidade Católica de Goiás;GO;74;Privada;10;34.11;167;10.35;;;201-250;1.77;;;162;3.16;;;87;5.42;;;;;
2024;engenharia-ambiental;Universidade da Região de Joinville;SC;75;Privada;37;28.42;98;15.98;;;66;6.05;;;121;4.39;;;83;5.54;;;;;
2024;engenharia-ambiental;Universidade do Estado do Pará;PA;76;Estadual;37;28.42;100;15.79;;;103;4.94;;;1;8;;;173;2.85;;;;;
2024;engenharia-ambiental;Universidade Salvador;BA;77;Privada;10;34.11;182;9.61;;;128;4.2;;;196;2.14;;;159;3.27;;;;;
2024;engenharia-ambiental;Universidade do Oeste de Santa Catarina;SC;78;Privada;37;28.42;107;15.29;;;78;5.69;;;144;3.7;;;71;5.9;;;;;
2024;engenharia-ambiental;Fundação Universidade Federal do Pampa;RS;79;Federal;;;32;43.32;;;112;4.67;;;1;8;;;26;7.25;23;23.4;;;
2024;engenharia-ambiental;Centro Universitário de Jaguariúna;SP;80;Privada;37;28.42;117;14.03;;;69;5.96;;;169;2.95;;;97;5.12;;;;;
2024;engenharia-ambiental;Centro Universitário de Excelência;BA;81;Privada;37;28.42;120;13.81;;;201-250;1.32;;;1;8;;;118;4.49;;;;;
2024;engenharia-ambiental;Universidade Estácio de Sá;RJ;82;Privada;10;34.11;201-250;7.43;;;198;2.1;;;201-250;0.87;;;119;4.46;;;;;
2024;engenharia-ambiental;Universidade Católica de Pernambuco;PE;83;Privada;37;28.42;141;12.13;;;87;5.42;;;201-250;1.2;;;84;5.51;;;;;
2024;engenharia-ambiental;Centro Universitário do Norte;AM;84;Privada;10;34.11;201-250;6.01;;;201-250;1.11;;;177;2.71;;;195;2.19;;;;;
2024;engenharia-ambiental;Universidade de Passo Fundo;RS;85;Privada;37;28.42;150;11.67;;;145;3.69;;;175;2.77;;;94;5.21;;;;;
2024;engenharia-ambiental;Fundação Universidade do Estado de Santa Catarina;SC;86;Estadual;37;28.42;159;11.01;;;71;5.9;;;174;2.8;;;191;2.31;;;;;
2024;engenharia-ambiental;Centro Universitário Ceuni;AM;87;Privada;10;34.11;201-250;5.23;;;201-250;1.26;;;153;3.43;;;201-250;0.54;;;;;
2024;engenharia-ambiental;Centro Universitário Celso Lisboa;RJ;88;Privada;37;28.42;162;10.66;;;168;3;;;115;4.57;;;165;3.09;;;;;
2024;engenharia-ambiental;Universidade Anhembi Morumbi;SP;89;Privada;37;28.42;163;10.59;;;121;4.4;;;201-250;1.93;;;126;4.26;;;;;
2024;engenharia-ambiental;Centro Universitário Una;MG;90;Privada;37;28.42;168;10.27;;;141;3.81;;;122;4.36;;;198;2.1;;;;;
2024;engenharia-ambiental;Universidade Estadual de Mato Grosso do Sul;MS;91;Estadual;37;28.42;170;10.22;;;158;3.3;;;201-250;1.26;;;79;5.66;;;;;
2024;engenharia-ambiental;Universidade Veiga de Almeida;RJ;92;Privada;37;28.42;171;10.08;;;124;4.32;;;201-250;1.77;;;135;3.99;;;;;
2024;engenharia-ambiental;Universidade do Sul de Santa Catarina;SC;93;Privada;37;28.42;174;9.95;;;43;6.74;;;201-250;1.35;;;201-250;1.86;;;;;
2024;engenharia-ambiental;Centro Universitário da Serra Gaúcha;RS;94;Privada;37;28.42;177;9.71;;;148;3.6;;;201-250;0.96;;;96;5.15;;;;;
2024;engenharia-ambiental;Centro Universitário Favip Wyden;PE;95;Privada;97;15.79;54;22.32;;;3;7.94;;;1;8;;;55;6.38;;;;;
2024;engenharia-ambiental;Centro Universitário Espírito-Santense;ES;96;Privada;37;28.42;180;9.66;;;50;6.53;;;201-250;1.84;;;201-250;1.29;;;;;
2024;engenharia-ambiental;Universidade Cidade de São Paulo;SP;97;Privada;37;28.42;181;9.62;;;201-250;1.32;;;201-250;1.56;;;43;6.74;;;;;
2024;engenharia-ambiental;Universidade Federal do Sul da Bahia;BA;98;Federal;97;15.79;60;21.72;;;20;7.43;;;1;8;;;58;6.29;;;;;
2024;engenharia-ambiental;Universidade Católica de Brasília;DF;99;Privada;37;28.42;188;9.05;;;119;4.46;;;201-250;1.05;;;150;3.54;;;;;
2024;engenharia-ambiental;Universidade Franciscana;RS;100;Privada;37;28.42;195;8.5;;;251-300;0.39;;;140;3.82;;;125;4.29;;;;;
2024;engenharia-ambiental;Universidade do Extremo Sul Catarinense;SC;101;Privada;37;28.42;199;8.3;;;115;4.58;;;201-250;1.71;;;201-250;2.01;;;;;
2024;engenharia-ambiental;Faculdades Oswaldo Cruz;SP;102;Privada;;;44;36.59;;;85;5.48;;;173;2.83;;;105;4.88;23;23.4;;;
2024;engenharia-ambiental;Centro Universitário Maurício de Nassau;PE;103;Privada;37;28.42;200;8.11;;;201-250;1.89;;;160;3.22;;;168;3;;;;;
2024;engenharia-ambiental;Centro Federal de Educação Tecnológica de Minas Gerais;MG;104;Federal;97;15.79;64;20.73;;;18;7.49;;;1;8;;;93;5.24;;;;;
2024;engenharia-ambiental;Centro Universitário Católica do Tocantins;TO;105;Privada;37;28.42;201-250;7.93;;;201-250;1.83;;;188;2.38;;;144;3.72;;;;;
2024;engenharia-ambiental;Universidade Estadual da Paraíba;PB;106;Estadual;97;15.79;67;19.98;;;72;5.87;;;1;8;;;64;6.11;;;;;
2024;engenharia-ambiental;Universidade da Amazônia;PA;107;Privada;37;28.42;201-250;7.18;;;167;3.03;;;195;2.17;;;201-250;1.98;;;;;
2024;engenharia-ambiental;Centro Universitário Fanor Wyden;CE;108;Privada;37;28.42;201-250;6.72;;;201-250;1.23;;;201-250;1.38;;;131;4.11;;;;;
2024;engenharia-ambiental;Instituto Federal de Educação, Ciência e Tecnologia Fluminense;RJ;109;Federal;97;15.79;75;18.7;;;47;6.62;;;1;8;;;132;4.08;;;;;
2024;engenharia-ambiental;Universidade Federal de Pelotas;RS;110;Federal;97;15.79;76;18.69;;;97;5.12;;;1;8;;;82;5.57;;;;;
2024;engenharia-ambiental;Universidade Potiguar;RN;111;Privada;37;28.42;201-250;5.98;;;201-250;0.57;;;185;2.47;;;170;2.94;;;;;
2024;engenharia-ambiental;Faculdade Feitep;PR;112;Privada;97;15.79;78;18.52;;;184;2.52;;;1;8;;;1;8;;;;;
2024;engenharia-ambiental;Centro Universitário da Fundação Educacional de Barretos;SP;113;Privada;97;15.79;79;18.45;;;90;5.33;;;1;8;;;97;5.12;;;;;
2024;engenharia-ambiental;Centro Universitário de Ensino, Ciência e Tecnologia do Paraná;PR;114;Privada;;;46;34.12;;;163;3.15;;;125;4.27;;;158;3.3;23;23.4;;;
2024;engenharia-ambiental;Universidade São Francisco;SP;115;Privada;97;15.79;83;18.07;;;169;2.97;;;1;8;;;31;7.1;;;;;
2024;engenharia-ambiental;Instituto Federal de Educação, Ciência e Tecnologia do Rio Grande do Norte;RN;116;Federal;97;15.79;85;17.92;;;81;5.6;;;1;8;;;124;4.32;;;;;
2024;engenharia-ambiental;União das Faculdades dos Grandes Lagos;SP;117;Privada;97;15.79;88;17.73;;;107;4.82;;;1;8;;;104;4.91;;;;;
2024;engenharia-ambiental;Universidade Anhanguera;MS;118;Privada;97;15.79;90;17.48;;;16;7.55;;;129;4.15;;;75;5.78;;;;;
2024;engenharia-ambiental;Faculdade Anhanguera de Poços de Caldas;MG;119;Privada;97;15.79;92;17.09;;;99;5.06;;;116;4.54;;;18;7.49;;;;;
2024;engenharia-ambiental;Centro Universitário Maurício de Nassau de Natal;RN;120;Privada;37;28.42;251-300;3.12;;;201-250;0.57;;;201-250;1.53;;;201-250;1.02;;;;;
2024;engenharia-ambiental;Instituto Federal de Educação, Ciência e Tecnologia de Minas Gerais;MG;121;Federal;97;15.79;101;15.73;;;59;6.26;;;1;8;;;201-250;1.47;;;;;
2024;engenharia-ambiental;Instituto Federal de Educação, Ciência e Tecnologia de Goiás;GO;122;Federal;97;15.79;102;15.54;;;41;6.8;;;114;4.6;;;130;4.14;;;;;
2024;engenharia-ambiental;Universidade do Estado de Minas Gerais;MG;123;Estadual;97;15.79;108;14.9;;;135;3.99;;;1;8;;;171;2.91;;;;;
2024;engenharia-ambiental;Centro Universitário de Patos de Minas;MG;124;Privada;97;15.79;110;14.72;;;108;4.79;;;127;4.21;;;77;5.72;;;;;
2024;engenharia-ambiental;Centro Universitário Newton Paiva;MG;125;Privada;97;15.79;115;14.32;;;113;4.64;;;1;8;;;201-250;1.68;;;;;
2024;engenharia-ambiental;Universidade do Vale do Paraíba;SP;126;Privada;97;15.79;118;13.97;;;109;4.76;;;165;3.07;;;63;6.14;;;;;
2024;engenharia-ambiental;Faculdade Anhanguera Unidade Guarapari;ES;127;Privada;97;15.79;119;13.95;;;146;3.66;;;124;4.3;;;68;5.99;;;;;
2024;engenharia-ambiental;Faculdade de Tecnologia e Ciências de Itabuna;BA;128;Privada;97;15.79;122;13.69;;;201-250;1.08;;;1;8;;;114;4.61;;;;;
2024;engenharia-ambiental;Centro Universitário Facvest;SC;129;Privada;97;15.79;125;13.45;;;201-250;0.72;;;1;8;;;110;4.73;;;;;
2024;engenharia-ambiental;Faculdades Integradas de Três Lagoas;MS;130;Privada;97;15.79;126;13.37;;;201-250;1.62;;;1;8;;;143;3.75;;;;;
2024;engenharia-ambiental;Faculdade Anhanguera de Belo Horizonte;MG;131;Privada;97;15.79;130;13.01;;;89;5.36;;;178;2.68;;;102;4.97;;;;;
2024;engenharia-ambiental;Centro Universitário de União da Vitória;PR;132;Municipal;97;15.79;132;12.85;;;111;4.7;;;1;8;;;251-300;0.15;;;;;
2024;engenharia-ambiental;Faculdade Anhanguera de Betim;MG;133;Privada;97;15.79;135;12.75;;;134;4.02;;;152;3.46;;;92;5.27;;;;;
2024;engenharia-ambiental;Centro Universitário Araguaia;GO;134;Privada;97;15.79;142;12.05;;;201-250;1.41;;;1;8;;;180;2.64;;;;;
2024;engenharia-ambiental;Faculdade Área1 Wyden;BA;135;Privada;97;15.79;143;12.02;;;171;2.91;;;1;8;;;201-250;1.11;;;;;
2024;engenharia-ambiental;Universidade São Judas Tadeu;SP;136;Privada;97;15.79;147;11.72;;;251-300;0.3;;;1;8;;;154;3.42;;;;;
2024;engenharia-ambiental;Centro Universitário Multivix Vitória;ES;137;Privada;97;15.79;148;11.7;;;33;7.04;;;159;3.25;;;201-250;1.41;;;;;
2024;engenharia-ambiental;Centro Universitário Católica do Leste de Minas Gerais;MG;137;Privada;97;15.79;148;11.7;;;186;2.46;;;189;2.35;;;38;6.89;;;;;
2024;engenharia-ambiental;Instituto Federal de Educação, Ciência e Tecnologia Goiano;GO;139;Federal;97;15.79;152;11.61;;;160;3.24;;;155;3.37;;;101;5;;;;;
2024;engenharia-ambiental;Centro Universitário de Belo Horizonte;MG;140;Privada;97;15.79;155;11.26;;;143;3.75;;;122;4.36;;;163;3.15;;;;;
2024;engenharia-ambiental;Centro Universitário Estácio Meta de Rio Branco Estácio;AC;141;Privada;97;15.79;156;11.21;;;251-300;0.15;;;1;8;;;166;3.06;;;;;
2024;engenharia-ambiental;Universidade de Rio Verde;GO;142;Municipal;97;15.79;157;11.18;;;251-300;0.06;;;1;8;;;164;3.12;;;;;
2024;engenharia-ambiental;Faculdade Multivix Nova Venécia;ES;143;Privada;97;15.79;158;11.07;;;37;6.92;;;148;3.58;;;201-250;0.57;;;;;
2024;engenharia-ambiental;Centro Universitário Jorge Amado;BA;144;Privada;97;15.79;161;10.77;;;114;4.61;;;179;2.65;;;151;3.51;;;;;
2024;engenharia-ambiental;Faculdade Figueiredo Costa;AL;145;Privada;97;15.79;166;10.48;;;149;3.57;;;117;4.51;;;188;2.4;;;;;
2024;engenharia-ambiental;Universidade Luterana do Brasil;RS;146;Privada;97;15.79;169;10.27;;;142;3.78;;;147;3.61;;;172;2.88;;;;;
2024;engenharia-ambiental;Universidade Fumec;MG;147;Privada;97;15.79;175;9.92;;;93;5.24;;;201-250;1.44;;;160;3.24;;;;;
2024;engenharia-ambiental;Universidade de Santa Cruz do Sul;RS;148;Privada;97;15.79;176;9.77;;;88;5.39;;;201-250;1.59;;;175;2.79;;;;;
2024;engenharia-ambiental;Escola de Engenharia de Piracicaba;SP;149;Municipal;97;15.79;177;9.71;;;164;3.12;;;201-250;0.72;;;72;5.87;;;;;
2024;engenharia-ambiental;Universidade Universus Veritas Guarulhos;SP;150;Privada;97;15.79;184;9.46;;;193;2.25;;;157;3.31;;;138;3.9;;;;;
2024;engenharia-ambiental;Centro Universitário Luterano de Manaus;AM;151;Privada;97;15.79;189;8.98;;;175;2.79;;;132;4.06;;;197;2.13;;;;;
2024;engenharia-ambiental;Universidade Ceuma;MA;152;Privada;97;15.79;190;8.8;;;199;2.07;;;154;3.4;;;157;3.33;;;;;
2024;engenharia-ambiental;Centro Universitário Senac;SP;153;Privada;97;15.79;194;8.58;;;126;4.26;;;201-250;1.65;;;179;2.67;;;;;
2024;engenharia-ambiental;Centro Universitário Tabosa de Almeida;PE;154;Privada;97;15.79;197;8.4;;;125;4.29;;;201-250;1.68;;;187;2.43;;;;;
2024;engenharia-ambiental;Faculdade Dom Bosco de Porto Alegre;RS;155;Privada;97;15.79;198;8.36;;;118;4.49;;;251-300;0.39;;;152;3.48;;;;;
2024;engenharia-ambiental;Faculdade Anhanguera de São Luiz;MA;156;Privada;97;15.79;201-250;8.02;;;201-250;0.57;;;138;3.88;;;149;3.57;;;;;
2024;engenharia-ambiental;Centro Universitário São Judas Tadeu;SP;157;Privada;97;15.79;201-250;7.96;;;187;2.43;;;167;3.01;;;184;2.52;;;;;
2024;engenharia-ambiental;Centro Universitário do Planalto de Araxá;MG;158;Privada;97;15.79;201-250;7.66;;;130;4.14;;;185;2.47;;;201-250;1.05;;;;;
2024;engenharia-ambiental;Faculdade de Americana;SP;159;Privada;97;15.79;201-250;7.57;;;251-300;0.3;;;137;3.91;;;156;3.36;;;;;
2024;engenharia-ambiental;Centro Universitário de Rondônia;RO;160;Privada;97;15.79;201-250;7.18;;;136;3.96;;;180;2.62;;;201-250;0.6;;;;;
2024;engenharia-ambiental;Faculdade Anhanguera de Governador Valadares;MG;161;Privada;97;15.79;201-250;6.94;;;201-250;1.35;;;146;3.64;;;201-250;1.95;;;;;
2024;engenharia-ambiental;Centro Universitário Anhanguera Pitágoras Ampli;SP;162;Privada;97;15.79;201-250;6.79;;;201-250;0.75;;;197;2.11;;;137;3.93;;;;;
2024;engenharia-ambiental;Faculdade Ideal Wyden;PA;163;Privada;97;15.79;201-250;6.76;;;201-250;0.84;;;199;2.05;;;139;3.87;;;;;
2024;engenharia-ambiental;Faculdade Estácio de Sá de Campo Grande;MS;164;Privada;97;15.79;201-250;6.72;;;181;2.61;;;251-300;0.24;;;139;3.87;;;;;
2024;engenharia-ambiental;Centro Universitário das Faculdades Metropolitanas Unidas;SP;165;Privada;97;15.79;201-250;6.69;;;144;3.72;;;201-250;0.63;;;190;2.34;;;;;
2024;engenharia-ambiental;Universidade de Cruz Alta;RS;166;Privada;97;15.79;201-250;6.54;;;192;2.28;;;201-250;1.08;;;162;3.18;;;;;
2024;engenharia-ambiental;Universidade Estadual do Centro Oeste;PR;167;Estadual;;;54;22.32;;;38;6.89;;;1;8;;;20;7.43;;;;;
2024;engenharia-ambiental;Centro Universitário de Caratinga;MG;168;Privada;97;15.79;201-250;6.46;;;201-250;1.14;;;150;3.52;;;201-250;1.8;;;;;
2024;engenharia-ambiental;Centro Universitário Anhanguera Pitágoras Unopar de Niterói;RJ;169;Privada;;;57;21.99;;;53;6.44;;;1;8;;;16;7.55;;;;;
2024;engenharia-ambiental;Faculdade Única de Ipatinga;MG;170;Privada;97;15.79;201-250;6.11;;;110;4.73;;;201-250;1.17;;;251-300;0.21;;;;;
2024;engenharia-ambiental;Universidade Federal dos Vales do Jequitinhonha e Mucuri;MG;171;Federal;;;61;21.63;;;59;6.26;;;1;8;;;22;7.37;;;;;
2024;engenharia-ambiental;Faculdade Flórida;SP;172;Privada;97;15.79;201-250;5.41;;;201-250;1.05;;;176;2.74;;;201-250;1.62;;;;;
2024;engenharia-ambiental;Faculdade Internacional da Paraíba;PB;173;Privada;97;15.79;201-250;5.35;;;201-250;1.17;;;201-250;1.96;;;194;2.22;;;;;
2024;engenharia-ambiental;Centro Universitário Univinte;SC;174;Privada;97;15.79;201-250;4.29;;;201-250;1.98;;;201-250;1.23;;;201-250;1.08;;;;;
2024;engenharia-ambiental;Centro Universitário Padre Anchieta;SP;175;Privada;97;15.79;201-250;4.26;;;188;2.4;;;201-250;1.02;;;201-250;0.84;;;;;
2024;engenharia-ambiental;Faculdade Uninassau Vilhena;RO;176;Privada;97;15.79;201-250;3.99;;;201-250;1.59;;;201-250;1.47;;;201-250;0.93;;;;;
2024;engenharia-ambiental;Centro Universitário Barriga Verde;SC;177;Privada;97;15.79;251-300;3.66;;;201-250;1.86;;;201-250;0.99;;;201-250;0.81;;;;;
2024;engenharia-ambiental;Centro Universitário Gama e Souza;RJ;178;Privada;;;69;19.36;;;34;7.01;;;1;8;;;123;4.35;;;;;
2024;engenharia-ambiental;Centro Federal de Educação Tecnológica Celso Suckow da Fonseca;RJ;179;Federal;;;71;19.14;;;47;6.62;;;1;8;;;117;4.52;;;;;
2024;engenharia-ambiental;Centro Universitário de Viçosa;MG;180;Privada;;;72;19.02;;;94;5.21;;;1;8;;;74;5.81;;;;;
2024;engenharia-ambiental;Universidade Nilton Lins;AM;181;Privada;97;15.79;251-300;3.13;;;251-300;0.15;;;183;2.53;;;251-300;0.45;;;;;
2024;engenharia-ambiental;Universidade Federal de Rondonópolis;MT;182;Federal;;;74;18.78;;;73;5.84;;;1;8;;;103;4.94;;;;;
2024;engenharia-ambiental;Universidade Federal do Oeste do Pará;PA;183;Federal;;;77;18.57;;;98;5.09;;;1;8;;;85;5.48;;;;;
2024;engenharia-ambiental;Centro Universitário FBV Wyden;PE;184;Privada;;;87;17.77;;;155;3.39;;;1;8;;;55;6.38;;;;;
2024;engenharia-ambiental;Universidade Católica de Santos;SP;185;Privada;;;89;17.65;;;161;3.21;;;1;8;;;53;6.44;;;;;
2024;engenharia-ambiental;Universidade La Salle;RS;186;Privada;;;93;17.08;;;195;2.19;;;1;8;;;38;6.89;;;;;
2024;engenharia-ambiental;Instituto Federal de Educação, Ciência e Tecnologia do Norte de Minas Gerais;MG;187;Federal;;;94;16.84;;;59;6.26;;;1;8;;;182;2.58;;;;;
2024;engenharia-ambiental;Universidade Federal do Recôncavo da Bahia;BA;188;Federal;;;99;15.83;;;55;6.38;;;111;4.69;;;109;4.76;;;;;
2024;engenharia-ambiental;Universidade do Estado do Amapá;AP;189;Estadual;;;103;15.43;;;188;2.4;;;1;8;;;100;5.03;;;;;
2024;engenharia-ambiental;Faculdade Anhanguera de Linhares;ES;190;Privada;;;104;15.35;;;31;7.1;;;145;3.67;;;115;4.58;;;;;
2024;engenharia-ambiental;Instituto Federal de Educação, Ciência e Tecnologia do Sul de Minas Gerais;MG;191;Federal;;;105;15.32;;;59;6.26;;;163;3.13;;;70;5.93;;;;;
2024;engenharia-ambiental;Centro Universitário Zarns;BA;192;Privada;;;106;15.31;;;92;5.27;;;1;8;;;200;2.04;;;;;
2024;engenharia-ambiental;Instituto Federal de Educação, Ciência e Tecnologia de Pernambuco;PE;193;Federal;;;109;14.84;;;175;2.79;;;1;8;;;133;4.05;;;;;
2024;engenharia-ambiental;Faculdade de Ensino Superior da Cidade de Feira de Santana;BA;194;Privada;;;111;14.68;;;201-250;0.96;;;1;8;;;77;5.72;;;;;
2024;engenharia-ambiental;Faculdade Doctum de Juiz de Fora;MG;195;Privada;;;112;14.41;;;100;5.03;;;1;8;;;201-250;1.38;;;;;
2024;engenharia-ambiental;Faculdade Unirb - Maceió;AL;196;Privada;;;113;14.33;;;151;3.51;;;1;8;;;174;2.82;;;;;
2024;engenharia-ambiental;Instituto Federal de Educação, Ciência e Tecnologia do Pará;PA;197;Federal;;;116;14.08;;;103;4.94;;;1;8;;;201-250;1.14;;;;;
2024;engenharia-ambiental;Faculdade Anhanguera de Macapá;AP;198;Privada;;;121;13.78;;;251-300;0.15;;;1;8;;;80;5.63;;;;;
2024;engenharia-ambiental;Faculdade Anhanguera de Ipatinga;MG;199;Privada;;;123;13.58;;;83;5.54;;;172;2.86;;;95;5.18;;;;;
2024;engenharia-ambiental;Faculdade Anhanguera de Divinópolis;MG;200;Privada;;;124;13.55;;;106;4.85;;;134;4;;;111;4.7;;;;;
2024;engenharia-ambiental;Universidade Metodista de São Paulo;SP;201;Privada;;;201-250;7.45;;;127;4.23;;;201-250;1.9;;;201-250;1.32;;;;;
2024;engenharia-ambiental;Faculdade da Região Serrana;ES;201;Privada;;;185;9.42;;;116;4.55;;;119;4.45;;;251-300;0.42;;;;;
2024;engenharia-ambiental;Centro Universitário de Maceió;AL;201;Privada;;;187;9.1;;;151;3.51;;;201-250;1.9;;;145;3.69;;;;;
2024;engenharia-ambiental;Centro Universitário Fundação Santo André;SP;201;Privada;;;201-250;6.06;;;197;2.13;;;251-300;0.48;;;153;3.45;;;;;
2024;engenharia-ambiental;Faculdade Venda Nova do Imigrante;ES;201;Privada;;;201-250;6.61;;;146;3.66;;;191;2.29;;;201-250;0.66;;;;;
2024;engenharia-ambiental;Faculdade de Informática de Ouro Preto do Oeste;RO;201;Privada;;;173;9.98;;;201-250;1.59;;;1;8;;;251-300;0.39;;;;;
2024;engenharia-ambiental;Faculdades Integradas de Araraquara;SP;201;Privada;;;193;8.69;;;140;3.84;;;251-300;0.03;;;107;4.82;;;;;
2024;engenharia-ambiental;Universidade do Vale do Taquari;RS;201;Privada;;;127;13.25;;;117;4.52;;;131;4.09;;;113;4.64;;;;;
2024;engenharia-ambiental;Gran Centro Universitário;PR;201;Privada;;;201-250;7.44;;;137;3.93;;;201-250;0.54;;;169;2.97;;;;;
2024;engenharia-ambiental;Centro Universitário de Lins;SP;201;Privada;;;201-250;6.3;;;165;3.09;;;201-250;1.29;;;201-250;1.92;;;;;
2024;engenharia-ambiental;Centro Universitário Metropolitano da Amazônia;PA;201;Privada;;;201-250;7.06;;;201-250;0.84;;;139;3.85;;;189;2.37;;;;;
2024;engenharia-ambiental;Centro Universitário de Adamantina;SP;201;Municipal;;;201-250;6.13;;;196;2.16;;;201-250;1.81;;;196;2.16;;;;;
2024;engenharia-ambiental;Faculdade Metropolitana de Anápolis;GO;201;Privada;;;201-250;7.15;;;194;2.22;;;158;3.28;;;201-250;1.65;;;;;
2024;engenharia-ambiental;Facudade Ieducare;CE;201;Privada;;;160;10.94;;;201-250;0.66;;;1;8;;;192;2.28;;;;;
2024;engenharia-ambiental;Centro Universitário Facid Wyden;PI;201;Privada;;;183;9.48;;;201-250;0.57;;;169;2.95;;;69;5.96;;;;;
2024;engenharia-ambiental;Centro Universitário Estácio de São Paulo;SP;201;Privada;;;201-250;5.74;;;201-250;1.92;;;201-250;1.99;;;201-250;1.83;;;;;
2024;engenharia-ambiental;Centro Universitário de Formiga;MG;201;Privada;;;201-250;5.52;;;132;4.08;;;201-250;0.57;;;201-250;0.87;;;;;
2024;engenharia-ambiental;Centro Universitário Farias Brito;CE;201;Privada;;;201-250;5.94;;;153;3.45;;;201-250;0.78;;;201-250;1.71;;;;;
2024;engenharia-ambiental;Centro Universitário Estácio de Ji-paraná;RO;201;Privada;;;179;9.71;;;201-250;1.59;;;201-250;1.74;;;55;6.38;;;;;
2024;engenharia-ambiental;Centro Universitário Doctum de Teófilo Otoni;MG;201;Privada;;;128;13.1;;;180;2.64;;;1;8;;;186;2.46;;;;;
2024;engenharia-ambiental;Universidade Alto Vale do Rio do Peixe;SC;201;Privada;;;186;9.16;;;201-250;0.72;;;127;4.21;;;127;4.23;;;;;
2024;engenharia-ambiental;Faculdade Estácio São Paulo de Rondônia;RO;201;Privada;;;201-250;5.7;;;201-250;1.59;;;251-300;0.24;;;139;3.87;;;;;
2024;engenharia-ambiental;Universidade Santa Úrsula;RJ;201;Privada;;;201-250;4.71;;;201-250;1.71;;;251-300;0.36;;;180;2.64;;;;;
2024;engenharia-ambiental;Faculdade de Viçosa;MG;201;Privada;;;201-250;7.82;;;201-250;0.6;;;201-250;1.14;;;65;6.08;;;;;
2024;engenharia-ambiental;Faculdade Unirb - Teresina;PI;201;Privada;;;145;11.96;;;201-250;0.57;;;1;8;;;155;3.39;;;;;
2024;engenharia-ambiental;Centro Universitário de Mineiros;GO;201;Municipal;;;191;8.78;;;251-300;0.06;;;1;8;;;201-250;0.72;;;;;
2024;engenharia-ambiental;Centro Universitário Unirb;BA;201;Privada;;;138;12.56;;;201-250;0.96;;;1;8;;;148;3.6;;;;;
2024;engenharia-ambiental;Centro Universitário Vale do Rio Verde;MG;201;Privada;;;146;11.86;;;133;4.05;;;141;3.79;;;134;4.02;;;;;
2024;engenharia-ambiental;Faculdade Esamc Santos;SP;201;Privada;;;201-250;4.15;;;200;2.04;;;200;2.02;;;251-300;0.09;;;;;
2024;engenharia-ambiental;Centro Universitário Piaget;SP;201;Privada;;;201-250;7.96;;;179;2.67;;;143;3.73;;;201-250;1.56;;;;;
2024;engenharia-ambiental;Faculdade de Educação de Porto Velho;RO;201;Privada;;;201-250;5.32;;;201-250;1.59;;;184;2.5;;;201-250;1.23;;;;;
2024;engenharia-ambiental;Faculdade Terra Nordeste;CE;201;Privada;;;133;12.83;;;201-250;0.66;;;1;8;;;129;4.17;;;;;
2024;engenharia-ambiental;Centro Universitário Santa Rita;MG;201;Privada;;;151;11.63;;;170;2.94;;;201-250;0.69;;;1;8;;;;;
2024;engenharia-ambiental;Centro Universitário de Sete Lagoas;MG;201;Privada;;;192;8.78;;;157;3.33;;;201-250;0.6;;;106;4.85;;;;;
2024;engenharia-ambiental;Centro Universitário Estácio de Santa Catarina;SC;201;Privada;;;136;12.62;;;123;4.35;;;1;8;;;251-300;0.27;;;;;
2024;engenharia-ambiental;Faculdade Estácio do Pantanal;MT;201;Privada;;;154;11.3;;;182;2.58;;;1;8;;;201-250;0.72;;;;;
2024;engenharia-ambiental;Faculdade do Futuro;MG;201;Privada;;;140;12.44;;;159;3.27;;;1;8;;;201-250;1.17;;;;;
2024;engenharia-ambiental;Centro Universitário Metodista Izabela Hendrix;MG;201;Privada;;;201-250;6.48;;;201-250;1.74;;;201-250;1.53;;;161;3.21;;;;;
2024;engenharia-ambiental;Faculdade Anhanguera de Uberlândia;MG;201;Privada;;;139;12.48;;;85;5.48;;;166;3.04;;;136;3.96;;;;;
2024;engenharia-ambiental;Centro Universitário de Talentos Humanos;MG;201;Privada;;;201-250;4.2;;;200;2.04;;;201-250;0.9;;;201-250;1.26;;;;;
2024;engenharia-ambiental;Faculdade de Ciências Sociais Aplicadas SC;SC;201;Privada;;;129;13.02;;;44;6.71;;;149;3.55;;;176;2.76;;;;;
2024;engenharia-ambiental;Centro Universitário Funcesi;MG;201;Privada;;;196;8.41;;;128;4.2;;;180;2.62;;;201-250;1.59;;;;;
2024;engenharia-ambiental;Centro Universitário da Amazônia Belém;PA;201;Privada;;;201-250;6.91;;;201-250;0.99;;;161;3.19;;;177;2.73;;;;;
2024;engenharia-ambiental;Faculdade Pitágoras Unopar Anhanguera de Londrina;PR;201;Privada;;;131;12.99;;;184;2.52;;;156;3.34;;;30;7.13;;;;;
2024;engenharia-ambiental;Faculdade do Noroeste de Minas;MG;201;Privada;;;137;12.6;;;39;6.86;;;135;3.97;;;201-250;1.77;;;;;
2024;engenharia-ambiental;Centro Universitário Ruy Barbosa Wyden;BA;201;Privada;;;201-250;7.06;;;201-250;0.96;;;193;2.23;;;139;3.87;;;;;
2024;engenharia-ambiental;Centro Universitário Famec;BA;201;Privada;;;201-250;7.27;;;191;2.31;;;133;4.03;;;201-250;0.93;;;;;
2024;engenharia-ambiental;Centro Universitário Faema;RO;201;Privada;;;165;10.55;;;201-250;1.59;;;1;8;;;201-250;0.96;;;;;
2024;engenharia-ambiental;Faculdades Integradas de Fernandópolis;SP;201;Privada;;;144;11.97;;;201-250;1.02;;;169;2.95;;;1;8;;;;;
2024;engenharia-ambiental;Faculdade Educacional Araucária;PR;201;Privada;;;172;10.02;;;102;4.97;;;168;2.98;;;199;2.07;;;;;
2024;engenharia-ambiental;Faculdade de Iporá;GO;251;Privada;;;251-300;3.36;;;201-250;1.41;;;201-250;1.62;;;251-300;0.33;;;;;
2024;engenharia-ambiental;Centro Universitário das Américas;SP;251;Privada;;;251-300;2.94;;;251-300;0.3;;;251-300;0.15;;;185;2.49;;;;;
2024;engenharia-ambiental;Faculdade Master de Parauapebas;PA;251;Privada;;;251-300;2.07;;;201-250;0.84;;;201-250;1.11;;;251-300;0.12;;;;;
2024;engenharia-ambiental;Instituto de Ensino Superior Fucapi;AM;251;Privada;;;251-300;2.1;;;201-250;1.2;;;251-300;0.27;;;201-250;0.63;;;;;
2024;engenharia-ambiental;Faculdade de Caldas Novas;GO;251;Privada;;;251-300;2.7;;;190;2.34;;;251-300;0.3;;;251-300;0.06;;;;;
2024;engenharia-ambiental;Faculdade Estácio de Belém;PA;251;Privada;;;201-250;4.05;;;201-250;1.8;;;201-250;0.75;;;201-250;1.5;;;;;
2024;engenharia-ambiental;Faculdade de Santo Ângelo;RS;251;Privada;;;251-300;0.87;;;251-300;0.39;;;251-300;0.12;;;251-300;0.36;;;;;
2024;engenharia-ambiental;Faculdade Católica Salesiana de Macaé;RJ;251;Privada;;;251-300;3.33;;;201-250;1.71;;;251-300;0.09;;;201-250;1.53;;;;;
2024;engenharia-ambiental;Faculdade Esamc Campinas;SP;251;Privada;;;251-300;3.81;;;166;3.06;;;201-250;0.51;;;251-300;0.24;;;;;
2024;engenharia-ambiental;Faculdade Esamc Jundiaí;SP;251;Privada;;;251-300;1.17;;;251-300;0.3;;;201-250;0.84;;;251-300;0.03;;;;;
2024;engenharia-ambiental;Instituto Superior de Ciências Aplicadas;SP;251;Privada;;;201-250;4.14;;;154;3.42;;;251-300;0.24;;;251-300;0.48;;;;;
2024;engenharia-ambiental;Faculdade Horizontina;RS;251;Privada;;;251-300;2.52;;;251-300;0.39;;;201-250;0.93;;;201-250;1.2;;;;;
2024;engenharia-ambiental;Faculdade Santo Agostinho;MG;251;Privada;;;201-250;4.14;;;174;2.82;;;201-250;0.81;;;251-300;0.51;;;;;
2024;engenharia-ambiental;Faculdade Uniftb;SE;251;Privada;;;251-300;3.09;;;172;2.88;;;;;;;251-300;0.21;;;;;
2024;engenharia-ambiental;Faculdade Internacional de São Luís;MA;251;Privada;;;251-300;2.28;;;201-250;0.57;;;201-250;0.69;;;201-250;1.02;;;;;
2024;engenharia-ambiental;Faculdade Esamc São Paulo;SP;251;Privada;;;251-300;1.05;;;251-300;0.3;;;251-300;0.45;;;251-300;0.3;;;;;
2024;engenharia-ambiental;Faculdade Municipal Professor Franco Montoro de Mogi Guaçu;SP;251;Municipal;;;251-300;3.15;;;201-250;1.65;;;251-300;0.06;;;201-250;1.44;;;;;
2025;engenharia-ambiental;Universidade de São Paulo;SP;1;Estadual;1;30;1;68.32;;;25;7.21;;;1;8;;;12;7.64;1;40;1;16;5.47
2025;engenharia-ambiental;Universidade Federal de Minas Gerais;MG;2;Federal;2;29.8;2;65.25;;;3;7.93;;;1;8;;;24;7.24;2;39.13;2;88;2.95
2025;engenharia-ambiental;Universidade Estadual Paulista Júlio de Mesquita Filho;SP;3;Estadual;2;29.8;3;65.02;;;25;7.21;;;1;8;;;1;8;4;37.39;3;46;4.42
2025;engenharia-ambiental;Universidade Estadual de Campinas;SP;4;Estadual;5;29.18;4;64.94;;;17;7.47;;;1;8;;;49;6.41;2;39.13;4;60;3.93
2025;engenharia-ambiental;Universidade Federal do Rio de Janeiro;RJ;5;Federal;5;29.18;6;63.45;;;5;7.87;;;1;8;;;46;6.51;4;37.39;5;67;3.68
2025;engenharia-ambiental;Universidade Federal de Santa Catarina;SC;6;Federal;15;27.12;5;64.82;;;13;7.61;;;1;8;;;38;6.77;4;37.39;6;28;5.05
2025;engenharia-ambiental;Universidade Federal do Rio Grande do Sul;RS;7;Federal;5;29.18;8;61.48;;;1;8;;;1;8;;;35;6.87;7;34.78;7;63;3.83
2025;engenharia-ambiental;Universidade Federal de São Carlos;SP;8;Federal;5;29.18;9;60.15;;;67;5.83;;;1;8;;;17;7.47;7;34.78;8;56;4.07
2025;engenharia-ambiental;Universidade Federal de Lavras;MG;9;Federal;15;27.12;10;60.1;;;34;6.91;;;1;8;;;14;7.57;7;34.78;9;91;2.84
2025;engenharia-ambiental;Universidade Federal do Paraná;PR;10;Federal;5;29.18;14;57.03;;;27;7.14;;;1;8;;;15;7.54;11;31.3;10;85;3.05
2025;engenharia-ambiental;Universidade de Brasília;DF;11;Federal;15;27.12;12;58.23;;;8;7.77;;;1;8;;;36;6.84;11;31.3;11;49;4.32
2025;engenharia-ambiental;Universidade Federal de Goiás;GO;12;Federal;5;29.18;16;56;;;35;6.88;;;1;8;;;55;6.21;11;31.3;12;69;3.61
2025;engenharia-ambiental;Universidade Federal do Espírito Santo;ES;13;Federal;15;27.12;13;57.16;;;6;7.84;;;1;8;;;64;5.91;11;31.3;13;55;4.11
2025;engenharia-ambiental;Universidade Federal do Ceará;CE;14;Federal;5;29.18;19;54.94;;;32;6.98;;;1;8;;;87;5.15;11;31.3;14;72;3.51
2025;engenharia-ambiental;Universidade Federal de Viçosa;MG;15;Federal;44;21.16;7;62.64;;;4;7.9;;;1;8;;;19;7.4;7;34.78;15;42;4.56
2025;engenharia-ambiental;Universidade Federal da Bahia;BA;16;Federal;2;29.8;22;53.02;;;12;7.64;;;1;8;;;103;4.61;11;31.3;16;130;1.47
2025;engenharia-ambiental;Universidade Tecnológica Federal do Paraná;PR;17;Federal;15;27.12;21;53.12;;;45;6.55;;;1;8;;;58;6.11;11;31.3;17;139;1.16
2025;engenharia-ambiental;Universidade Federal de São Paulo;SP;18;Federal;44;21.16;11;58.57;;;44;6.58;;;1;8;;;13;7.6;11;31.3;18;27;5.09
2025;engenharia-ambiental;Universidade Federal de Uberlândia;MG;19;Federal;44;21.16;15;56.99;;;81;5.37;;;1;8;;;22;7.3;11;31.3;19;29;5.02
2025;engenharia-ambiental;Universidade Federal de Itajubá;MG;20;Federal;44;21.16;17;55.19;;;57;6.16;;;1;8;;;45;6.54;11;31.3;20;81;3.19
2025;engenharia-ambiental;Universidade Federal do Pará;PA;21;Federal;44;21.16;18;55.13;;;68;5.79;;;1;8;;;98;4.78;11;31.3;21;22;5.26
2025;engenharia-ambiental;Universidade Federal de Santa Maria;RS;22;Federal;44;21.16;20;54.82;;;86;5.2;;;1;8;;;41;6.67;11;31.3;22;68;3.65
2025;engenharia-ambiental;Pontifícia Universidade Católica do Rio de Janeiro;RJ;23;Privada;44;21.16;24;52.8;;;46;6.52;;;169;2.42;;;20;7.37;11;31.3;1;24;5.19
2025;engenharia-ambiental;Universidade Federal da Paraíba;PB;24;Federal;15;27.12;26;46.51;;;23;7.28;;;1;8;;;32;6.97;26;18.26;23;1;6
2025;engenharia-ambiental;Universidade Federal de Ouro Preto;MG;25;Federal;15;27.12;27;46.15;;;15;7.54;;;1;8;;;34;6.91;26;18.26;24;17;5.44
2025;engenharia-ambiental;Pontifícia Universidade Católica do Paraná;PR;26;Privada;5;29.18;30;43.58;;;157;2.86;;;127;3.82;;;85;5.21;11;31.3;2;161;0.39
2025;engenharia-ambiental;Universidade do Estado do Rio de Janeiro;RJ;27;Estadual;15;27.12;37;38.59;;;16;7.51;;;107;4.48;;;67;5.81;26;18.26;25;100;2.53
2025;engenharia-ambiental;Universidade Federal de Juiz de Fora;MG;28;Federal;44;21.16;29;44.16;;;2;7.97;;;1;8;;;37;6.81;26;18.26;26;83;3.12
2025;engenharia-ambiental;Centro Universitário Leonardo da Vinci;SC;29;Privada;15;27.12;38;37.93;;;117;4.18;;;1;8;;;104;4.58;26;18.26;3;89;2.91
2025;engenharia-ambiental;Fundação Universidade Federal do Tocantins;TO;30;Federal;44;21.16;31;43.49;;;56;6.19;;;1;8;;;30;7.04;26;18.26;27;58;4
2025;engenharia-ambiental;Universidade Federal Fluminense;RJ;31;Federal;44;21.16;32;40.4;;;71;5.7;;;1;8;;;31;7;26;18.26;28;131;1.44
2025;engenharia-ambiental;Centro Universitário de Volta Redonda;RJ;32;Privada;108;8.01;23;52.94;;;53;6.29;;;1;8;;;82;5.31;11;31.3;4;114;2.04
2025;engenharia-ambiental;Universidade do Vale do Rio dos Sinos;RS;33;Privada;44;21.16;35;39.27;;;36;6.85;;;122;3.98;;;42;6.64;26;18.26;5;71;3.54
2025;engenharia-ambiental;Universidade de Fortaleza;CE;34;Privada;5;29.18;45;31.08;;;100;4.74;;;196;1.53;;;126;3.85;26;18.26;6;95;2.7
2025;engenharia-ambiental;Pontifícia Universidade Católica de Campinas;SP;35;Privada;15;27.12;43;32.91;;;50;6.39;;;201-250;0.5;;;133;3.62;26;18.26;7;54;4.14
2025;engenharia-ambiental;Universidade do Vale do Itajaí;SC;36;Privada;15;27.12;44;32.03;;;31;7.01;;;182;1.99;;;149;3.09;26;18.26;8;124;1.68
2025;engenharia-ambiental;Universidade Federal da Fronteira Sul;SC;37;Federal;44;21.16;39;37.18;;;49;6.42;;;110;4.38;;;50;6.37;26;18.26;29;122;1.75
2025;engenharia-ambiental;Fundação Universidade Federal do ABC;SP;38;Federal;108;8.01;25;47.05;;;11;7.67;;;1;8;;;1;8;26;18.26;30;26;5.12
2025;engenharia-ambiental;Universidade Federal de Alagoas;AL;39;Federal;15;27.12;48;26.3;;;33;6.95;;;1;8;;;48;6.44;;;31;32;4.91
2025;engenharia-ambiental;Universidade Federal de Alfenas;MG;40;Federal;108;8.01;28;44.59;;;42;6.65;;;1;8;;;16;7.5;26;18.26;32;53;4.18
2025;engenharia-ambiental;Universidade Federal de Sergipe;SE;41;Federal;15;27.12;54;24.9;;;20;7.37;;;1;8;;;53;6.27;;;33;79;3.26
2025;engenharia-ambiental;Universidade Estadual de Maringá;PR;42;Estadual;15;27.12;55;24.89;;;95;4.91;;;1;8;;;62;5.98;;;34;1;6
2025;engenharia-ambiental;Universidade do Oeste Paulista;SP;43;Privada;44;21.16;46;30.71;;;201-250;1.19;;;112;4.32;;;33;6.94;26;18.26;9;;
2025;engenharia-ambiental;Universidade Federal de Mato Grosso;MT;44;Federal;15;27.12;60;24.24;;;69;5.76;;;1;8;;;88;5.11;;;35;19;5.37
2025;engenharia-ambiental;Centro Universitário de Várzea Grande;MT;45;Privada;15;27.12;67;22.24;;;74;5.6;;;1;8;;;39;6.74;;;10;118;1.9
2025;engenharia-ambiental;Fundação Universidade Federal de Rondônia;RO;46;Federal;15;27.12;70;21.39;;;108;4.48;;;1;8;;;57;6.14;;;36;93;2.77
2025;engenharia-ambiental;Universidade Federal do Rio Grande do Norte;RN;47;Federal;44;21.16;47;26.83;;;38;6.78;;;1;8;;;26;7.17;;;37;33;4.88
2025;engenharia-ambiental;Universidade Federal do Maranhão;MA;48;Federal;44;21.16;49;26.22;;;22;7.31;;;1;8;;;74;5.58;;;38;20;5.33
2025;engenharia-ambiental;Instituto Federal de Educação, Ciência e Tecnologia do Espírito Santo;ES;49;Federal;108;8.01;36;39.26;;;29;7.08;;;1;8;;;123;3.95;26;18.26;39;116;1.97
2025;engenharia-ambiental;Universidade Federal Rural do Semi-árido;RN;50;Federal;44;21.16;50;25.99;;;19;7.41;;;1;8;;;27;7.14;;;40;74;3.44
2025;engenharia-ambiental;Universidade Federal de Mato Grosso do Sul;MS;51;Federal;15;27.12;80;19.63;;;88;5.14;;;105;4.55;;;59;6.08;;;41;62;3.86
2025;engenharia-ambiental;Fundação Universidade Federal do Vale do São Francisco;PE;52;Federal;44;21.16;51;25.57;;;61;6.03;;;1;8;;;52;6.31;;;42;23;5.23
2025;engenharia-ambiental;Universidade Federal do Triângulo Mineiro;MG;53;Federal;44;21.16;52;24.97;;;7;7.8;;;1;8;;;21;7.34;;;43;120;1.83
2025;engenharia-ambiental;Universidade Federal do Sul da Bahia;BA;54;Federal;44;21.16;56;24.84;;;43;6.62;;;1;8;;;63;5.94;;;44;50;4.28
2025;engenharia-ambiental;Pontifícia Universidade Católica de Goiás;GO;55;Privada;5;29.18;109;16.08;;;167;2.54;;;1;8;;;75;5.54;;;11;;
2025;engenharia-ambiental;Instituto Federal de Educação, Ciência e Tecnologia do Ceará;CE;56;Federal;108;8.01;40;36.77;;;59;6.09;;;1;8;;;201-250;1.33;26;18.26;45;84;3.09
2025;engenharia-ambiental;Universidade Federal Rural de Pernambuco;PE;57;Federal;44;21.16;62;23.46;;;132;3.69;;;1;8;;;43;6.61;;;46;25;5.16
2025;engenharia-ambiental;Universidade Federal Rural do Rio de Janeiro;RJ;58;Federal;44;21.16;64;23.05;;;71;5.7;;;1;8;;;47;6.47;;;47;90;2.88
2025;engenharia-ambiental;Universidade Cesumar;PR;59;Privada;15;27.12;99;17.03;;;157;2.86;;;1;8;;;56;6.17;;;12;;
2025;engenharia-ambiental;Universidade da Região de Joinville;SC;60;Privada;15;27.12;110;16.03;;;66;5.86;;;119;4.08;;;83;5.28;;;13;149;0.81
2025;engenharia-ambiental;Centro Universitário Facvest;SC;61;Privada;44;21.16;69;21.5;;;117;4.18;;;1;8;;;105;4.55;;;14;36;4.77
2025;engenharia-ambiental;Faculdades Oswaldo Cruz;SP;62;Privada;108;8.01;42;34.12;;;85;5.24;;;157;2.82;;;134;3.59;26;18.26;15;52;4.21
2025;engenharia-ambiental;Universidade Estácio de Sá;RJ;63;Privada;15;27.12;122;14.73;;;152;3.03;;;201-250;1.36;;;69;5.74;;;16;41;4.6
2025;engenharia-ambiental;Universidade Estadual da Paraíba;PB;64;Estadual;44;21.16;74;20.61;;;104;4.61;;;1;8;;;92;4.98;;;48;86;3.02
2025;engenharia-ambiental;Universidade do Oeste de Santa Catarina;SC;65;Privada;44;21.16;76;20.18;;;117;4.18;;;1;8;;;1;8;;;17;;
2025;engenharia-ambiental;Centro Universitário Ceuni;AM;66;Privada;15;27.12;128;14.2;;;154;2.96;;;126;3.85;;;200;1.39;;;18;1;6
2025;engenharia-ambiental;Universidade do Estado da Bahia;BA;67;Estadual;44;21.16;78;20.03;;;98;4.81;;;1;8;;;127;3.82;;;49;75;3.4
2025;engenharia-ambiental;Centro Universitário Jorge Amado;BA;68;Privada;15;27.12;139;13.2;;;110;4.41;;;150;3.05;;;107;4.48;;;19;136;1.26
2025;engenharia-ambiental;Universidade de Cuiabá;MT;69;Privada;15;27.12;141;13.04;;;161;2.73;;;117;4.15;;;84;5.25;;;20;146;0.91
2025;engenharia-ambiental;Universidade Federal do Oeste da Bahia;BA;70;Federal;;;33;40.15;;;20;7.37;;;1;8;;;108;4.45;26;18.26;50;113;2.07
2025;engenharia-ambiental;Fundação Universidade Federal do Pampa;RS;71;Federal;;;34;39.76;;;90;5.07;;;1;8;;;25;7.2;26;18.26;51;137;1.23
2025;engenharia-ambiental;Universidade Anhembi Morumbi;SP;72;Privada;15;27.12;147;12.57;;;107;4.51;;;149;3.09;;;125;3.88;;;21;141;1.09
2025;engenharia-ambiental;Universidade Federal do Amazonas;AM;73;Federal;44;21.16;90;17.99;;;140;3.42;;;1;8;;;189;1.76;;;52;35;4.81
2025;engenharia-ambiental;Fundação Universidade do Estado de Santa Catarina;SC;74;Estadual;44;21.16;92;17.84;;;60;6.06;;;156;2.86;;;93;4.95;;;53;59;3.97
2025;engenharia-ambiental;Universidade do Estado de Minas Gerais;MG;75;Estadual;44;21.16;93;17.7;;;91;5.04;;;1;8;;;162;2.66;;;54;115;2
2025;engenharia-ambiental;Universidade do Estado do Pará;PA;76;Estadual;44;21.16;101;16.74;;;142;3.36;;;1;8;;;157;2.82;;;55;99;2.56
2025;engenharia-ambiental;Universidade do Sul de Santa Catarina;SC;77;Privada;44;21.16;102;16.64;;;30;7.05;;;161;2.69;;;142;3.32;;;22;70;3.58
2025;engenharia-ambiental;Universidade Estadual de Mato Grosso do Sul;MS;78;Estadual;44;21.16;103;16.5;;;137;3.52;;;201-250;1.3;;;71;5.68;;;56;1;6
2025;engenharia-ambiental;Instituto Federal de Educação, Ciência e Tecnologia de Goiás;GO;79;Federal;44;21.16;104;16.41;;;54;6.26;;;104;4.58;;;124;3.92;;;57;125;1.65
2025;engenharia-ambiental;Instituto Federal de Educação, Ciência e Tecnologia de Minas Gerais;MG;80;Federal;44;21.16;105;16.4;;;65;5.89;;;1;8;;;197;1.49;;;58;143;1.02
2025;engenharia-ambiental;Universidade Salvador;BA;81;Privada;15;27.12;173;10.42;;;110;4.41;;;158;2.79;;;145;3.22;;;23;;
2025;engenharia-ambiental;Universidade de Caxias do Sul;RS;82;Privada;44;21.16;115;15.85;;;58;6.12;;;164;2.59;;;122;3.98;;;24;82;3.16
2025;engenharia-ambiental;Universidade Católica Dom Bosco;MS;83;Privada;15;27.12;181;9.62;;;167;2.54;;;162;2.66;;;148;3.12;;;25;135;1.3
2025;engenharia-ambiental;Universidade da Amazônia;PA;84;Privada;15;27.12;186;9.41;;;75;5.56;;;201-250;0.47;;;201-250;0.4;;;26;87;2.98
2025;engenharia-ambiental;Faculdade Dom Bosco de Porto Alegre;RS;85;Privada;44;21.16;123;14.71;;;63;5.96;;;201-250;0.3;;;147;3.15;;;27;21;5.3
2025;engenharia-ambiental;Universidade Veiga de Almeida;RJ;86;Privada;44;21.16;125;14.59;;;127;3.85;;;180;2.06;;;117;4.15;;;28;43;4.53
2025;engenharia-ambiental;Centro Universitário de Ensino, Ciência e Tecnologia do Paraná;PR;87;Privada;;;41;34.29;;;157;2.86;;;115;4.22;;;153;2.95;26;18.26;29;1;6
2025;engenharia-ambiental;Centro Universitário Multivix Vitória;ES;88;Privada;44;21.16;140;13.12;;;176;2.24;;;141;3.35;;;196;1.53;;;30;1;6
2025;engenharia-ambiental;Universidade Anhanguera;MS;89;Privada;44;21.16;142;12.92;;;167;2.54;;;114;4.25;;;65;5.88;;;31;165;0.25
2025;engenharia-ambiental;Universidade Tiradentes;SE;90;Privada;44;21.16;143;12.66;;;182;2.04;;;137;3.49;;;95;4.88;;;32;108;2.25
2025;engenharia-ambiental;Centro Universitário Ritter dos Reis;RS;91;Privada;44;21.16;148;12.49;;;63;5.96;;;143;3.29;;;178;2.12;;;33;140;1.12
2025;engenharia-ambiental;Universidade de Uberaba;MG;92;Privada;44;21.16;150;12.3;;;201-250;0.66;;;129;3.75;;;185;1.89;;;34;1;6
2025;engenharia-ambiental;Universidade Franciscana;RS;93;Privada;44;21.16;153;12.17;;;89;5.1;;;152;2.99;;;119;4.08;;;35;;
2025;engenharia-ambiental;Faculdades Integradas de Três Lagoas;MS;94;Privada;44;21.16;155;12.13;;;167;2.54;;;1;8;;;194;1.59;;;36;;
2025;engenharia-ambiental;Universidade Potiguar;RN;95;Privada;15;27.12;201-250;5.99;;;182;2.04;;;183;1.96;;;182;1.99;;;37;;
2025;engenharia-ambiental;Centro Universitário Católica do Tocantins;TO;96;Privada;44;21.16;157;11.73;;;101;4.71;;;141;3.35;;;141;3.35;;;38;163;0.32
2025;engenharia-ambiental;Universidade Federal Rural da Amazônia;PA;97;Federal;108;8.01;58;24.41;;;92;5;;;1;8;;;44;6.57;;;59;34;4.84
2025;engenharia-ambiental;Centro Federal de Educação Tecnológica de Minas Gerais;MG;98;Federal;108;8.01;59;24.39;;;9;7.74;;;1;8;;;86;5.18;;;60;73;3.47
2025;engenharia-ambiental;Escola de Engenharia de Piracicaba;SP;99;Municipal;44;21.16;159;11.13;;;144;3.29;;;201-250;1.03;;;39;6.74;;;61;170;0.07
2025;engenharia-ambiental;Universidade do Extremo Sul Catarinense;SC;100;Privada;44;21.16;168;10.83;;;28;7.11;;;184;1.93;;;188;1.79;;;39;;
2025;engenharia-ambiental;Centro Universitário Maurício de Nassau;PE;101;Privada;44;21.16;169;10.72;;;182;2.04;;;136;3.52;;;165;2.56;;;40;98;2.6
2025;engenharia-ambiental;Universidade de Passo Fundo;RS;102;Privada;44;21.16;175;10.3;;;154;2.96;;;151;3.02;;;112;4.32;;;41;;
2025;engenharia-ambiental;Universidade de Sorocaba;SP;103;Privada;44;21.16;176;10.27;;;99;4.77;;;201-250;0.4;;;136;3.52;;;42;127;1.58
2025;engenharia-ambiental;Universidade Fumec;MG;104;Privada;44;21.16;184;9.53;;;201-250;1.22;;;201-250;1.13;;;158;2.79;;;43;47;4.39
2025;engenharia-ambiental;Universidade de Santa Cruz do Sul;RS;105;Privada;44;21.16;187;9.24;;;156;2.9;;;170;2.39;;;144;3.25;;;44;152;0.7
2025;engenharia-ambiental;Centro Universitário Favip Wyden;PE;106;Privada;44;21.16;189;8.84;;;182;2.04;;;185;1.89;;;94;4.91;;;45;;
2025;engenharia-ambiental;Centro Universitário Padre Anchieta;SP;107;Privada;44;21.16;192;7.95;;;201-250;1.19;;;201-250;1.06;;;201-250;1;;;46;38;4.7
2025;engenharia-ambiental;Universidade Estadual do Sudoeste da Bahia;BA;108;Estadual;108;8.01;72;20.92;;;84;5.27;;;1;8;;;113;4.28;;;62;76;3.37
2025;engenharia-ambiental;Universidade Católica de Brasília;DF;109;Privada;44;21.16;195;7.76;;;167;2.54;;;181;2.03;;;146;3.19;;;47;;
2025;engenharia-ambiental;Centro Universitário Una;MG;110;Privada;44;21.16;198;7.37;;;201-250;0.66;;;123;3.95;;;159;2.76;;;48;;
2025;engenharia-ambiental;Centro Universitário UninCor;MG;111;Privada;108;8.01;75;20.38;;;126;3.89;;;1;8;;;167;2.49;;;49;1;6
2025;engenharia-ambiental;Centro Universitário das Faculdades Metropolitanas Unidas;SP;112;Privada;44;21.16;200;7.07;;;163;2.67;;;201-250;1;;;181;2.03;;;50;133;1.37
2025;engenharia-ambiental;Instituto Federal de Educação, Ciência e Tecnologia da Bahia;BA;113;Federal;108;8.01;77;20.11;;;40;6.72;;;1;8;;;177;2.16;;;63;80;3.23
2025;engenharia-ambiental;Universidade São Judas Tadeu;SP;114;Privada;44;21.16;201-250;6.54;;;201-250;1.19;;;171;2.36;;;152;2.99;;;51;;
2025;engenharia-ambiental;Centro Universitário Newton Paiva;MG;115;Privada;44;21.16;201-250;6.47;;;201-250;0.66;;;118;4.12;;;191;1.69;;;52;;
2025;engenharia-ambiental;Centro Universitário Maurício de Nassau de Natal;RN;116;Privada;44;21.16;201-250;6.42;;;182;2.04;;;172;2.32;;;180;2.06;;;53;;
2025;engenharia-ambiental;Centro Universitário do Norte;AM;117;Privada;44;21.16;201-250;5.87;;;197;1.55;;;168;2.46;;;186;1.86;;;54;;
2025;engenharia-ambiental;Instituto Federal de Educação, Ciência e Tecnologia do Rio Grande do Norte;RN;118;Federal;108;8.01;83;18.9;;;38;6.78;;;1;8;;;118;4.12;;;64;;
2025;engenharia-ambiental;Centro Universitário Espírito-Santense;ES;119;Privada;44;21.16;201-250;5.59;;;176;2.24;;;167;2.49;;;201-250;0.86;;;55;;
2025;engenharia-ambiental;Universidade Federal de Campina Grande;PB;120;Federal;108;8.01;84;18.68;;;132;3.69;;;1;8;;;80;5.38;;;65;126;1.61
2025;engenharia-ambiental;Centro Universitário Araguaia;GO;121;Privada;108;8.01;88;18.08;;;138;3.49;;;1;8;;;143;3.29;;;56;78;3.3
2025;engenharia-ambiental;Universidade do Contestado;SC;122;Privada;44;21.16;201-250;4.18;;;117;4.18;;;;;;;;;;;57;;
2025;engenharia-ambiental;Universidade São Francisco;SP;123;Privada;108;8.01;95;17.19;;;201-250;1.19;;;1;8;;;1;8;;;58;;
2025;engenharia-ambiental;Faculdade Anhanguera de Divinópolis;MG;124;Privada;108;8.01;98;17.14;;;51;6.35;;;116;4.18;;;99;4.75;;;59;119;1.86
2025;engenharia-ambiental;Centro Universitário de Viçosa;MG;125;Privada;;;53;24.91;;;55;6.22;;;1;8;;;70;5.71;;;60;30;4.98
2025;engenharia-ambiental;Centro Universitário do Planalto de Araxá;MG;126;Privada;44;21.16;201-250;3.74;;;201-250;0.66;;;153;2.95;;;201-250;0.13;;;61;;
2025;engenharia-ambiental;Universidade Federal dos Vales do Jequitinhonha e Mucuri;MG;127;Federal;;;57;24.48;;;81;5.37;;;1;8;;;29;7.07;;;66;57;4.04
2025;engenharia-ambiental;Faculdade Uninassau Vilhena;RO;128;Privada;44;21.16;201-250;3.31;;;197;1.55;;;201-250;1.2;;;201-250;0.56;;;62;;
2025;engenharia-ambiental;Universidade Federal de Rondonópolis;MT;129;Federal;;;61;23.72;;;69;5.76;;;1;8;;;91;5.01;;;67;31;4.95
2025;engenharia-ambiental;Universidade Federal do Oeste do Pará;PA;130;Federal;;;63;23.14;;;142;3.36;;;1;8;;;68;5.78;;;68;1;6
2025;engenharia-ambiental;Centro Universitário Celso Lisboa;RJ;131;Privada;108;8.01;121;14.89;;;149;3.13;;;1;8;;;132;3.65;;;63;169;0.11
2025;engenharia-ambiental;Universidade do Estado do Amapá;AP;132;Estadual;;;65;22.85;;;87;5.17;;;1;8;;;90;5.05;;;69;40;4.63
2025;engenharia-ambiental;Universidade Pitágoras Unopar Anhanguera;PR;133;Privada;108;8.01;124;14.66;;;157;2.86;;;132;3.65;;;23;7.27;;;64;147;0.88
2025;engenharia-ambiental;Faculdade Anhanguera de Betim;MG;134;Privada;108;8.01;127;14.44;;;105;4.58;;;130;3.72;;;73;5.61;;;65;157;0.53
2025;engenharia-ambiental;Universidade Federal de Pelotas;RS;135;Federal;;;66;22.25;;;18;7.44;;;1;8;;;79;5.41;;;70;132;1.4
2025;engenharia-ambiental;Centro Universitário Piaget;SP;136;Privada;108;8.01;129;14.18;;;146;3.23;;;108;4.45;;;190;1.73;;;66;36;4.77
2025;engenharia-ambiental;Universidade Estadual do Centro Oeste;PR;137;Estadual;;;68;22.15;;;96;4.87;;;1;8;;;28;7.1;;;71;110;2.18
2025;engenharia-ambiental;Universidade Ceuma;MA;138;Privada;108;8.01;133;13.47;;;103;4.64;;;133;3.62;;;139;3.42;;;67;121;1.79
2025;engenharia-ambiental;Universidade de Rio Verde;GO;139;Municipal;108;8.01;134;13.41;;;124;3.95;;;1;8;;;198;1.46;;;72;;
2025;engenharia-ambiental;Universidade Luterana do Brasil;RS;140;Privada;108;8.01;136;13.3;;;93;4.97;;;140;3.39;;;163;2.62;;;68;106;2.32
2025;engenharia-ambiental;Centro Universitário de União da Vitória;PR;141;Municipal;108;8.01;138;13.24;;;96;4.87;;;1;8;;;201-250;0.37;;;73;;
2025;engenharia-ambiental;Centro Universitário de Maceió;AL;141;Privada;108;8.01;137;13.24;;;135;3.59;;;155;2.89;;;102;4.65;;;69;112;2.11
2025;engenharia-ambiental;Centro Federal de Educação Tecnológica Celso Suckow da Fonseca;RJ;143;Federal;;;71;21.04;;;14;7.57;;;1;8;;;109;4.42;;;74;142;1.05
2025;engenharia-ambiental;Universidade Federal do Recôncavo da Bahia;BA;144;Federal;;;73;20.77;;;61;6.03;;;1;8;;;97;4.81;;;75;117;1.93
2025;engenharia-ambiental;Faculdade Estácio de Sá de Campo Grande;MS;145;Privada;108;8.01;151;12.25;;;167;2.54;;;201-250;0.27;;;75;5.54;;;70;61;3.9
2025;engenharia-ambiental;Centro Universitário Univinte;SC;146;Privada;108;8.01;152;12.18;;;117;4.18;;;175;2.22;;;199;1.43;;;71;48;4.35
2025;engenharia-ambiental;Instituto Federal de Educação, Ciência e Tecnologia Fluminense;RJ;147;Federal;;;79;19.87;;;71;5.7;;;1;8;;;129;3.75;;;76;103;2.42
2025;engenharia-ambiental;Centro Universitário Unirb;BA;148;Privada;;;81;19.59;;;110;4.41;;;1;8;;;140;3.39;;;72;64;3.79
2025;engenharia-ambiental;Instituto Federal de Educação, Ciência e Tecnologia do Sul de Minas Gerais;MG;149;Federal;;;82;19.44;;;47;6.49;;;147;3.15;;;81;5.34;;;77;45;4.46
2025;engenharia-ambiental;Faculdade Anhanguera de São Luiz;MA;150;Privada;108;8.01;160;11.07;;;182;2.04;;;131;3.69;;;100;4.71;;;73;154;0.63
2025;engenharia-ambiental;Instituto Federal de Educação, Ciência e Tecnologia do Norte de Minas Gerais;MG;151;Federal;;;84;18.68;;;81;5.37;;;1;8;;;154;2.92;;;78;104;2.39
2025;engenharia-ambiental;Universidade La Salle;RS;152;Privada;;;87;18.63;;;164;2.63;;;1;8;;;1;8;;;74;;
2025;engenharia-ambiental;Universidade do Vale do Paraíba;SP;152;Privada;;;86;18.63;;;37;6.82;;;163;2.62;;;78;5.44;;;74;65;3.75
2025;engenharia-ambiental;Faculdade Ideal Wyden;PA;154;Privada;;;89;18;;;75;5.56;;;153;2.95;;;137;3.49;;;76;1;6
2025;engenharia-ambiental;Faculdade de Excelência Unex de Itabuna;BA;155;Privada;;;91;17.97;;;110;4.41;;;1;8;;;120;4.05;;;77;129;1.51
2025;engenharia-ambiental;Faculdade Terra Nordeste;CE;156;Privada;;;94;17.33;;;129;3.79;;;1;8;;;75;5.54;;;78;;
2025;engenharia-ambiental;Faculdades Integradas de Fernandópolis;SP;157;Privada;;;95;17.19;;;201-250;1.19;;;1;8;;;1;8;;;79;;
2025;engenharia-ambiental;Centro Universitário de Jaguariúna;SP;157;Privada;;;95;17.19;;;201-250;1.19;;;1;8;;;1;8;;;79;;
2025;engenharia-ambiental;Centro Universitário Anhanguera Pitágoras Ampli;SP;159;Privada;108;8.01;188;9.06;;;196;1.58;;;166;2.52;;;101;4.68;;;81;164;0.28
2025;engenharia-ambiental;Centro Universitário de Belo Horizonte;MG;160;Privada;;;100;16.95;;;41;6.68;;;123;3.95;;;116;4.18;;;82;111;2.14
2025;engenharia-ambiental;Universidade Católica de Pernambuco;PE;161;Privada;108;8.01;190;8.82;;;182;2.04;;;201-250;0.93;;;89;5.08;;;83;150;0.77
2025;engenharia-ambiental;Instituto Federal de Educação, Ciência e Tecnologia Goiano;GO;162;Federal;;;106;16.29;;;124;3.95;;;139;3.42;;;114;4.25;;;79;39;4.67
2025;engenharia-ambiental;Centro Universitário Fanor Wyden;CE;163;Privada;;;107;16.2;;;129;3.79;;;195;1.56;;;96;4.85;;;84;1;6
2025;engenharia-ambiental;Faculdade Anhanguera de Poços de Caldas;MG;164;Privada;;;108;16.1;;;201-250;0.66;;;1;8;;;18;7.44;;;85;;
2025;engenharia-ambiental;Universidade do Vale do Taquari;RS;165;Privada;;;111;16.02;;;106;4.54;;;106;4.52;;;115;4.22;;;86;94;2.74
2025;engenharia-ambiental;Universidade Católica de Santos;SP;166;Privada;;;112;15.99;;;201-250;1.19;;;1;8;;;51;6.34;;;87;159;0.46
2025;engenharia-ambiental;Faculdade Anhanguera de Macapá;AP;167;Privada;;;113;15.97;;;197;1.55;;;1;8;;;54;6.24;;;88;167;0.18
2025;engenharia-ambiental;Centro Universitário FBV Wyden;PE;167;Privada;;;114;15.97;;;182;2.04;;;185;1.89;;;60;6.04;;;88;1;6
2025;engenharia-ambiental;Faculdade Anhanguera de Governador Valadares;MG;169;Privada;108;8.01;196;7.52;;;181;2.07;;;145;3.22;;;195;1.56;;;90;153;0.67
2025;engenharia-ambiental;Faculdade Anhanguera de Belo Horizonte;MG;170;Privada;108;8.01;197;7.51;;;201-250;0.66;;;178;2.12;;;106;4.52;;;91;166;0.21
2025;engenharia-ambiental;Universidade Nilton Lins;AM;171;Privada;108;8.01;198;7.37;;;197;1.55;;;159;2.76;;;201-250;0.43;;;92;97;2.63
2025;engenharia-ambiental;Facudade Ieducare;CE;172;Privada;;;116;15.34;;;129;3.79;;;1;8;;;187;1.83;;;93;123;1.72
2025;engenharia-ambiental;Instituto Federal de Educação, Ciência e Tecnologia de Pernambuco;PE;173;Federal;;;117;15.24;;;132;3.69;;;1;8;;;135;3.55;;;80;;
2025;engenharia-ambiental;Instituto Federal de Educação, Ciência e Tecnologia do Pará;PA;174;Federal;;;118;14.92;;;109;4.44;;;1;8;;;201-250;0.9;;;81;127;1.58
2025;engenharia-ambiental;Centro Universitário Farias Brito;CE;174;Privada;;;118;14.92;;;10;7.7;;;176;2.19;;;175;2.22;;;94;92;2.81
2025;engenharia-ambiental;Centro Universitário Gama e Souza;RJ;176;Privada;;;120;14.91;;;147;3.19;;;1;8;;;130;3.72;;;95;;
2025;engenharia-ambiental;Centro Universitário de Sete Lagoas;MG;177;Privada;108;8.01;201-250;6.6;;;201-250;0.66;;;201-250;0.1;;;66;5.84;;;96;;
2025;engenharia-ambiental;Gran Centro Universitário;PR;178;Privada;;;126;14.49;;;24;7.24;;;197;1.49;;;201-250;1.23;;;97;43;4.53
2025;engenharia-ambiental;Faculdade Esamc Campinas;SP;178;Privada;108;8.01;201-250;6.48;;;141;3.39;;;199;1.43;;;201-250;0.33;;;97;134;1.33
2025;engenharia-ambiental;Centro Universitário Estácio Meta de Rio Branco Estácio;AC;180;Privada;108;8.01;201-250;5.84;;;197;1.55;;;201-250;0.8;;;137;3.49;;;99;;
2025;engenharia-ambiental;Centro Universitário Famec;BA;181;Privada;;;130;13.71;;;110;4.41;;;1;8;;;201-250;1.3;;;100;;
2025;engenharia-ambiental;Centro Universitário Metropolitano da Amazônia;PA;182;Privada;;;131;13.68;;;75;5.56;;;127;3.82;;;179;2.09;;;101;109;2.21
2025;engenharia-ambiental;Faculdade Unirb - Maceió;AL;183;Privada;;;132;13.55;;;135;3.59;;;1;8;;;183;1.96;;;102;;
2025;engenharia-ambiental;Centro Universitário da Serra Gaúcha;RS;184;Privada;;;135;13.31;;;52;6.32;;;193;1.63;;;110;4.38;;;103;144;0.98
2025;engenharia-ambiental;Faculdade Internacional da Paraíba;PB;185;Privada;108;8.01;201-250;4.65;;;182;2.04;;;200;1.39;;;201-250;0.8;;;104;160;0.42
2025;engenharia-ambiental;Faculdade Estácio de Belém;PA;186;Privada;;;144;12.63;;;75;5.56;;;201-250;0.56;;;121;4.02;;;105;101;2.49
2025;engenharia-ambiental;Centro Universitário Ruy Barbosa Wyden;BA;186;Privada;;;145;12.63;;;110;4.41;;;201-250;1.26;;;201-250;0.96;;;105;1;6
2025;engenharia-ambiental;Faculdade Master de Parauapebas;PA;188;Privada;;;146;12.59;;;75;5.56;;;201-250;0.8;;;201-250;0.23;;;107;1;6
2025;engenharia-ambiental;Centro Universitário da Amazônia Belém;PA;189;Privada;;;149;12.47;;;75;5.56;;;121;4.02;;;155;2.89;;;108;;
2025;engenharia-ambiental;Centro Universitário São Camilo - Espírito Santo;ES;189;Privada;108;8.01;201-250;4.46;;;176;2.24;;;194;1.59;;;201-250;0.63;;;108;;
2025;engenharia-ambiental;Centro Universitário Estácio de Santa Catarina;SC;191;Privada;;;154;12.15;;;117;4.18;;;185;1.89;;;171;2.36;;;110;66;3.72
2025;engenharia-ambiental;Faculdade Venda Nova do Imigrante;ES;192;Privada;;;156;11.77;;;128;3.82;;;137;3.49;;;201-250;1.13;;;111;77;3.33
2025;engenharia-ambiental;Faculdade Educacional Araucária;PR;193;Privada;;;158;11.55;;;102;4.68;;;108;4.45;;;169;2.42;;;112;;
2025;engenharia-ambiental;Faculdade da Região Serrana;ES;194;Privada;;;161;11.07;;;176;2.24;;;1;8;;;201-250;0.83;;;113;;
2025;engenharia-ambiental;Universidade Universus Veritas Guarulhos;SP;195;Privada;;;162;11.02;;;201-250;1.19;;;134;3.59;;;128;3.78;;;114;102;2.46
2025;engenharia-ambiental;Centro Universitário Católica do Leste de Minas Gerais;MG;196;Privada;;;163;10.95;;;201-250;0.66;;;173;2.29;;;1;8;;;115;;
2025;engenharia-ambiental;Faculdade São Salvador;BA;197;Privada;;;165;10.94;;;110;4.41;;;185;1.89;;;171;2.36;;;116;107;2.28
2025;engenharia-ambiental;Centro Universitário Facid Wyden;PI;197;Privada;;;164;10.94;;;182;2.04;;;201-250;0.9;;;1;8;;;116;;
2025;engenharia-ambiental;Centro Universitário Estácio do Pantanal;MT;199;Privada;;;166;10.86;;;161;2.73;;;1;8;;;201-250;0.13;;;118;;
2025;engenharia-ambiental;Centro Universitário Estácio de São Paulo;SP;200;Privada;;;167;10.84;;;201-250;1.19;;;185;1.89;;;171;2.36;;;119;18;5.4
2025;engenharia-ambiental;Universidade de Cruz Alta;RS;201;Privada;;;201-250;5.22;;;164;2.63;;;201-250;0.9;;;191;1.69;;;147;;
2025;engenharia-ambiental;Centro Universitário Tabosa de Almeida;PE;201;Privada;;;201-250;6.49;;;182;2.04;;;174;2.26;;;176;2.19;;;138;;
2025;engenharia-ambiental;Faculdades Integradas de Araraquara;SP;201;Privada;;;201-250;5.74;;;201-250;1.19;;;201-250;0.2;;;111;4.35;;;143;;
2025;engenharia-ambiental;Faculdade Unirb - Teresina;PI;201;Privada;;;191;8.65;;;182;2.04;;;134;3.59;;;151;3.02;;;132;;
2025;engenharia-ambiental;Faculdade Anhanguera de Linhares;ES;201;Privada;;;201-250;6.43;;;176;2.24;;;201-250;1.2;;;170;2.39;;;140;155;0.6
2025;engenharia-ambiental;Centro Universitário de Lins;SP;201;Privada;;;179;10.03;;;48;6.45;;;198;1.46;;;193;1.63;;;125;158;0.49
2025;engenharia-ambiental;Faculdade Católica Salesiana de Macaé;RJ;201;Privada;;;201-250;4.42;;;149;3.13;;;201-250;0.13;;;201-250;1.16;;;152;;
2025;engenharia-ambiental;Faculdade Anhanguera de Ipatinga;MG;201;Privada;;;183;9.56;;;201-250;0.66;;;148;3.12;;;72;5.64;;;129;168;0.14
2025;engenharia-ambiental;Faculdade de Educação Unisapiens;RO;201;Privada;;;201-250;4.24;;;197;1.55;;;177;2.16;;;201-250;0.53;;;154;;
2025;engenharia-ambiental;Faculdade Esamc Jundiaí;SP;201;Privada;;;201-250;2.48;;;201-250;1.19;;;201-250;1.26;;;201-250;0.03;;;159;;
2025;engenharia-ambiental;Faculdade Uniftb;SE;201;Privada;;;201-250;2.24;;;182;2.04;;;;;;;201-250;0.2;;;160;;
2025;engenharia-ambiental;Centro Universitário de Iporá;GO;201;Privada;;;201-250;5.7;;;167;2.54;;;165;2.56;;;201-250;0.6;;;144;;
2025;engenharia-ambiental;Universidade Metodista de São Paulo;SP;201;Privada;;;201-250;4.34;;;201-250;1.19;;;178;2.12;;;201-250;1.03;;;153;;
2025;engenharia-ambiental;Faculdade de Santo Ângelo;RS;201;Privada;;;201-250;4.89;;;148;3.16;;;201-250;0.07;;;201-250;0.47;;;149;138;1.19
2025;engenharia-ambiental;Centro Universitário Barriga Verde;SC;201;Privada;;;201-250;5.36;;;117;4.18;;;201-250;0.53;;;201-250;0.3;;;146;162;0.35
2025;engenharia-ambiental;Instituto de Ensino Superior Fucapi;AM;201;Privada;;;201-250;6.47;;;197;1.55;;;201-250;0.17;;;201-250;0.5;;;139;51;4.25
2025;engenharia-ambiental;Faculdade de Viçosa;MG;201;Privada;;;194;7.77;;;201-250;0.66;;;201-250;1.1;;;61;6.01;;;134;;
2025;engenharia-ambiental;Centro Universitário de Adamantina;SP;201;Municipal;;;201-250;4.45;;;201-250;1.19;;;201-250;1.33;;;184;1.93;;;83;;
2025;engenharia-ambiental;Faculdade Esamc São Paulo;SP;201;Privada;;;201-250;4.61;;;201-250;1.19;;;201-250;0.8;;;201-250;0.27;;;150;105;2.35
2025;engenharia-ambiental;Faculdade Anhanguera de Uberlândia;MG;201;Privada;;;193;7.85;;;201-250;0.66;;;146;3.19;;;150;3.05;;;133;145;0.95
2025;engenharia-ambiental;Faculdade Municipal Professor Franco Montoro de Mogi Guaçu;SP;201;Municipal;;;201-250;5.91;;;144;3.29;;;201-250;0.03;;;164;2.59;;;82;;
2025;engenharia-ambiental;Faculdade do Noroeste de Minas;MG;201;Privada;;;201-250;6.4;;;201-250;0.66;;;111;4.35;;;200;1.39;;;141;;
2025;engenharia-ambiental;Faculdade Única de Ipatinga;MG;201;Privada;108;8.01;201-250;1.46;;;201-250;0.66;;;201-250;0.8;;;;;;;130;;
2025;engenharia-ambiental;Universidade Santa Úrsula;RJ;201;Privada;;;201-250;5.92;;;149;3.13;;;201-250;0.33;;;168;2.46;;;142;;
2025;engenharia-ambiental;Centro Universitário Santa Rita;MG;201;Privada;;;185;9.46;;;201-250;0.66;;;201-250;0.8;;;1;8;;;131;;
2025;engenharia-ambiental;Faculdade Estácio São Paulo de Rondônia;RO;201;Privada;;;201-250;2.55;;;197;1.55;;;201-250;0.27;;;201-250;0.73;;;158;;
2025;engenharia-ambiental;Centro Universitário Estácio de Ji-paraná;RO;201;Privada;;;201-250;3.08;;;197;1.55;;;201-250;0.8;;;201-250;0.73;;;157;;
2025;engenharia-ambiental;Faculdade Esamc Santos;SP;201;Privada;;;201-250;7.06;;;153;3;;;144;3.25;;;201-250;0.07;;;135;151;0.74
2025;engenharia-ambiental;Centro Universitário Senac;SP;201;Privada;;;201-250;6.63;;;201-250;1.19;;;160;2.72;;;160;2.72;;;136;;
2025;engenharia-ambiental;Faculdade do Futuro;MG;201;Privada;;;201-250;3.48;;;201-250;0.66;;;185;1.89;;;201-250;0.93;;;155;;
2025;engenharia-ambiental;Centro Universitário de Patos de Minas;MG;201;Privada;;;171;10.55;;;201-250;0.66;;;185;1.89;;;1;8;;;121;;
2025;engenharia-ambiental;Centro Universitário das Américas;SP;201;Privada;;;170;10.67;;;94;4.94;;;201-250;0.37;;;161;2.69;;;120;96;2.67
2025;engenharia-ambiental;Faculdade Horizontina;RS;201;Privada;;;201-250;5.5;;;164;2.63;;;201-250;0.83;;;201-250;1.2;;;145;148;0.84
2025;engenharia-ambiental;Faculdade Metropolitana de Anápolis;GO;201;Privada;;;177;10.18;;;167;2.54;;;123;3.95;;;131;3.69;;;124;;
2025;engenharia-ambiental;Centro Universitário Unifacthus;MG;201;Privada;;;201-250;4.48;;;201-250;0.66;;;201-250;0.96;;;156;2.86;;;151;;
2025;engenharia-ambiental;Centro Universitário Metodista Izabela Hendrix;MG;201;Privada;;;201-250;4.91;;;201-250;0.66;;;185;1.89;;;171;2.36;;;148;;
2025;engenharia-ambiental;Centro Universitário Faema;RO;201;Privada;;;174;10.31;;;197;1.55;;;1;8;;;201-250;0.76;;;123;;
2025;engenharia-ambiental;Centro Universitário Luterano de Manaus;AM;201;Privada;;;178;10.03;;;139;3.46;;;120;4.05;;;166;2.52;;;125;;
2025;engenharia-ambiental;Faculdade Doctum de Juiz de Fora;MG;201;Privada;;;180;9.76;;;201-250;0.66;;;1;8;;;201-250;1.06;;;127;171;0.04
2025;engenharia-ambiental;Centro Universitário de Caratinga;MG;201;Privada;;;201-250;6.6;;;201-250;0.66;;;113;4.28;;;201-250;1.1;;;137;156;0.56
2025;engenharia-ambiental;Centro Universitário de Excelência Eniac;SP;201;Privada;;;172;10.45;;;201-250;1.19;;;1;8;;;201-250;1.26;;;122;;
2025;engenharia-ambiental;Faculdade de Caldas Novas;GO;201;Privada;;;201-250;3.14;;;167;2.54;;;201-250;0.43;;;201-250;0.17;;;156;;
2025;engenharia-ambiental;Faculdade Internacional de São Luís;MA;201;Privada;;;182;9.57;;;182;2.04;;;201-250;0.8;;;201-250;0.73;;;128;1;6
