ano;curso;Universidade;Estado;Posição;Pública ou Privada;Posição em avaliação do Mercado;Nota em avaliação do Mercado;Posição em qualidade de ensino;Nota em qualidade de ensino;Posição em Instrução dos Professores;Nota em Instrução dos Professores;Posição Nota dos concluintes;Nota dos concluintes;Posição Desistência;Nota Desistência;Posição em Tempo de Dedicação dos Professores;Nota em Tempo de Dedicação dos Professores;Posição no MEC;Nota no MEC;Posição em Professores com doutorado e mestrado;Nota em Professores com doutorado e mestrado;Posição em avaliação dos docentes;Nota em avaliação dos docentes;Posição PP;Posição em Permanência dos alunos;Nota em Permanência dos alunos
2019;engenharia-quimica;Universidade de São Paulo;SP;1;Estadual;1;36;1;63.53;3;7.92;7;7.61;;;1;8;1;40;;;;;;;
2019;engenharia-quimica;Universidade Estadual de Campinas;SP;2;Estadual;2;35.49;2;63.06;14;7.45;7;7.61;;;1;8;1;40;;;;;;;
2019;engenharia-quimica;Universidade Federal de Minas Gerais;MG;3;Federal;2;35.49;4;57.65;8;7.71;2;7.94;;;1;8;4;34;;;;;;;
2019;engenharia-quimica;Universidade Federal do Rio de Janeiro;RJ;4;Federal;5;33.94;3;58.89;4;7.87;16;7.02;;;1;8;3;36;;;;;;;
2019;engenharia-quimica;Universidade Federal de São Carlos;SP;5;Federal;5;33.94;5;57.49;7;7.75;5;7.74;;;1;8;4;34;;;;;;;
2019;engenharia-quimica;Universidade Federal do Rio Grande do Sul;RS;6;Federal;5;33.94;6;52.76;26;6.95;4;7.81;;;1;8;6;30;;;;;;;
2019;engenharia-quimica;Universidade Federal do Paraná;PR;7;Federal;5;33.94;7;52.47;22;7.12;11;7.35;;;1;8;6;30;;;;;;;
2019;engenharia-quimica;Universidade Federal do Ceará;CE;8;Federal;5;33.94;10;46.83;12;7.54;12;7.29;;;1;8;9;24;;;;;;;
2019;engenharia-quimica;Universidade Estadual Paulista Júlio de Mesquita Filho;SP;9;Estadual;2;35.49;15;44.64;2;7.96;6;7.68;;;72;5;9;24;;;;;;;
2019;engenharia-quimica;Universidade Federal de Santa Catarina;SC;10;Federal;20;26.23;8;52.34;28;6.86;9;7.48;;;1;8;6;30;;;;;;;
2019;engenharia-quimica;Universidade do Estado do Rio de Janeiro;RJ;11;Estadual;5;33.94;19;42.61;24;7.03;22;6.63;;;73;4.95;9;24;;;;;;;
2019;engenharia-quimica;Universidade Federal de Viçosa;MG;12;Federal;20;26.23;9;46.88;9;7.66;13;7.22;;;1;8;9;24;;;;;;;
2019;engenharia-quimica;Universidade Federal de Uberlândia;MG;13;Federal;20;26.23;12;45.92;21;7.16;20;6.76;;;1;8;9;24;;;;;;;
2019;engenharia-quimica;Universidade Federal de Santa Maria;RS;14;Federal;20;26.23;13;45.91;29;6.82;15;7.09;;;1;8;9;24;;;;;;;
2019;engenharia-quimica;Universidade Estadual de Maringá;PR;15;Estadual;20;26.23;15;44.64;53;5.81;19;6.83;;;1;8;9;24;;;;;;;
2019;engenharia-quimica;Universidade Federal da Bahia;BA;16;Federal;20;26.23;17;44.62;55;5.73;18;6.89;;;1;8;9;24;;;;;;;
2019;engenharia-quimica;Universidade Federal do Espírito Santo;ES;17;Federal;5;33.94;35;19.87;48;6.02;34;5.85;;;1;8;;;;;;;;;
2019;engenharia-quimica;Universidade do Vale do Rio dos Sinos;RS;18;Privada;5;33.94;36;19.85;15;7.41;14;7.15;;;65;5.29;;;;;;;;;
2019;engenharia-quimica;Pontifícia Universidade Católica do Rio Grande do Sul;RS;19;Privada;5;33.94;54;14.33;52;5.85;28;6.24;;;137;2.24;;;;;;;;;
2019;engenharia-quimica;Universidade Federal de Mato Grosso;MT;20;Federal;5;33.94;56;14.23;43;6.23;;;;;1;8;;;;;;;;;
2019;engenharia-quimica;Universidade de Brasília;DF;21;Federal;20;26.23;21;21.87;13;7.5;26;6.37;;;1;8;;;;;;;;;
2019;engenharia-quimica;Centro Universitário da Fundação Educacional Inaciana Pe Sabóia de Medeiros;SP;22;Privada;5;33.94;57;13.9;34;6.61;23;6.57;;;173;0.72;;;;;;;;;
2019;engenharia-quimica;Universidade Federal do Rio Grande do Norte;RN;23;Federal;20;26.23;25;21.03;19;7.24;35;5.79;;;1;8;;;;;;;;;
2019;engenharia-quimica;Universidade Federal Fluminense;RJ;24;Federal;;;11;46.54;11;7.58;17;6.96;;;1;8;9;24;;;;;;;
2019;engenharia-quimica;Universidade Federal de Pernambuco;PE;25;Federal;20;26.23;32;20.05;33;6.65;41;5.4;;;1;8;;;;;;;;;
2019;engenharia-quimica;Universidade Metodista de Piracicaba;SP;26;Privada;41;15.43;20;30.82;65;5.31;108;1.04;;;179;0.47;9;24;;;;;;;
2019;engenharia-quimica;Centro Universitário do Instituto Mauá de Tecnologia;SP;27;Privada;5;33.94;77;11.86;72;5.01;46;5.07;;;148;1.78;;;;;;;;;
2019;engenharia-quimica;Universidade Federal Rural do Rio de Janeiro;RJ;28;Federal;20;26.23;40;19.49;20;7.2;58;4.29;;;1;8;;;;;;;;;
2019;engenharia-quimica;Instituto Militar de Engenharia;RJ;29;Federal;;;14;45.68;56;5.68;1;8;;;1;8;9;24;;;;;;;
2019;engenharia-quimica;Pontifícia Universidade Católica de Minas Gerais;MG;30;Privada;5;33.94;80;11.73;95;4.04;37;5.66;;;142;2.03;;;;;;;;;
2019;engenharia-quimica;Universidade Federal do Pará;PA;31;Federal;20;26.23;42;19.29;37;6.48;50;4.81;;;1;8;;;;;;;;;
2019;engenharia-quimica;Universidade Federal de Goiás;GO;32;Federal;20;26.23;44;18.89;36;6.53;57;4.36;;;1;8;;;;;;;;;
2019;engenharia-quimica;Universidade Federal de Alagoas;AL;33;Federal;20;26.23;45;18.68;27;6.91;66;3.77;;;1;8;;;;;;;;;
2019;engenharia-quimica;Pontifícia Universidade Católica do Paraná;PR;34;Privada;5;33.94;96;10.28;104;3.66;56;4.42;;;138;2.2;;;;;;;;;
2019;engenharia-quimica;Universidade Federal dos Vales do Jequitinhonha e Mucuri;MG;35;Federal;;;18;43.07;44;6.19;49;4.88;;;1;8;9;24;;;;;;;
2019;engenharia-quimica;Pontifícia Universidade Católica do Rio de Janeiro;RJ;36;Privada;20;26.23;48;16.43;17;7.33;38;5.59;;;107;3.51;;;;;;;;;
2019;engenharia-quimica;Faculdades Oswaldo Cruz;SP;37;Privada;5;33.94;109;8.26;99;3.87;95;1.89;;;131;2.5;;;;;;;;;
2019;engenharia-quimica;Universidade de Caxias do Sul;RS;38;Privada;20;26.23;73;12.16;63;5.39;68;3.64;;;116;3.13;;;;;;;;;
2019;engenharia-quimica;Universidade Federal do Triângulo Mineiro;MG;39;Federal;41;15.43;24;21.44;31;6.74;21;6.7;;;1;8;;;;;;;;;
2019;engenharia-quimica;Universidade Federal de Sergipe;SE;40;Federal;41;15.43;29;20.54;40;6.36;29;6.18;;;1;8;;;;;;;;;
2019;engenharia-quimica;Universidade Federal do Rio Grande;RS;41;Federal;41;15.43;38;19.67;59;5.56;30;6.11;;;1;8;;;;;;;;;
2019;engenharia-quimica;Universidade Federal de Campina Grande;PB;42;Federal;41;15.43;39;19.54;39;6.4;45;5.14;;;1;8;;;;;;;;;
2019;engenharia-quimica;Universidade Federal da Paraíba;PB;43;Federal;41;15.43;43;19.18;18;7.28;64;3.9;;;1;8;;;;;;;;;
2019;engenharia-quimica;Universidade Estácio de Sá;RJ;44;Privada;20;26.23;110;8.2;94;4.08;107;1.11;;;119;3.01;;;;;;;;;
2019;engenharia-quimica;Universidade São Francisco;SP;45;Privada;20;26.23;115;7.68;102;3.75;93;2.02;;;145;1.91;;;;;;;;;
2019;engenharia-quimica;Universidade Católica de Pernambuco;PE;46;Privada;20;26.23;116;7.57;49;5.98;110;0.91;;;174;0.68;;;;;;;;;
2019;engenharia-quimica;Universidade do Sul de Santa Catarina;SC;47;Privada;20;26.23;118;7.48;129;2.61;81;2.8;;;141;2.07;;;;;;;;;
2019;engenharia-quimica;Universidade de Ribeirão Preto;SP;48;Privada;41;15.43;46;17.45;50;5.94;70;3.51;;;1;8;;;;;;;;;
2019;engenharia-quimica;Fundação Universidade do Estado de Santa Catarina;SC;49;Estadual;20;26.23;129;6.49;61;5.47;;;;;166;1.02;;;;;;;;;
2019;engenharia-quimica;Pontifícia Universidade Católica de Campinas;SP;50;Privada;20;26.23;131;6.44;42;6.27;;;;;186;0.17;;;;;;;;;
2019;engenharia-quimica;Universidade Federal do Amazonas;AM;51;Federal;41;15.43;49;16.17;105;3.62;54;4.55;;;1;8;;;;;;;;;
2019;engenharia-quimica;Universidade do Grande Rio Professor José de Souza Herdy;RJ;52;Privada;41;15.43;60;13.24;79;4.72;116;0.52;;;1;8;;;;;;;;;
2019;engenharia-quimica;Universidade Feevale;RS;53;Privada;41;15.43;62;12.91;89;4.3;75;3.19;;;62;5.42;;;;;;;;;
2019;engenharia-quimica;Universidade La Salle;RS;54;Privada;41;15.43;65;12.64;10;7.62;106;1.17;;;99;3.85;;;;;;;;;
2019;engenharia-quimica;Centro Universitário Una;MG;55;Privada;41;15.43;70;12.27;78;4.76;73;3.32;;;91;4.19;;;;;;;;;
2019;engenharia-quimica;Centro Universitário de Belo Horizonte;MG;56;Privada;41;15.43;78;11.82;76;4.84;87;2.41;;;82;4.57;;;;;;;;;
2019;engenharia-quimica;Universidade Franciscana;RS;57;Privada;41;15.43;93;10.62;82;4.59;114;0.65;;;63;5.38;;;;;;;;;
2019;engenharia-quimica;Universidade Regional de Blumenau;SC;58;Municipal;41;15.43;95;10.47;88;4.34;33;5.92;;;185;0.21;;;;;;;;;
2019;engenharia-quimica;Universidade de Franca;SP;59;Privada;41;15.43;98;10.1;81;4.63;90;2.21;;;113;3.26;;;;;;;;;
2019;engenharia-quimica;Centro Universitário Sagrado Coração;SP;60;Privada;41;15.43;99;9.99;66;5.26;91;2.15;;;129;2.58;;;;;;;;;
2019;engenharia-quimica;Universidade Potiguar;RN;61;Privada;41;15.43;101;9.87;57;5.64;;;;;90;4.23;;;;;;;;;
2019;engenharia-quimica;Universidade Luterana do Brasil;RS;62;Privada;41;15.43;102;9.85;121;2.95;98;1.69;;;67;5.21;;;;;;;;;
2019;engenharia-quimica;Universidade do Oeste de Santa Catarina;SC;63;Privada;41;15.43;104;9.34;158;1.39;65;3.84;;;93;4.11;;;;;;;;;
2019;engenharia-quimica;Universidade Vila Velha;ES;64;Privada;41;15.43;117;7.53;118;3.07;77;3.06;;;157;1.4;;;;;;;;;
2019;engenharia-quimica;Centro Universitário do Norte de São Paulo;SP;65;Privada;41;15.43;121;7.35;116;3.16;117;0.46;;;102;3.73;;;;;;;;;
2019;engenharia-quimica;Universidade de Uberaba;MG;66;Privada;41;15.43;132;6.43;175;0.67;96;1.82;;;97;3.94;;;;;;;;;
2019;engenharia-quimica;Universidade Federal Rural do Semi-árido;RN;67;Federal;;;22;21.81;5;7.83;32;5.98;;;1;8;;;;;;;;;
2019;engenharia-quimica;Universidade Fumec;MG;68;Privada;41;15.43;133;6.33;109;3.45;;;;;122;2.88;;;;;;;;;
2019;engenharia-quimica;Universidade de Passo Fundo;RS;68;Privada;41;15.43;133;6.33;106;3.58;;;;;125;2.75;;;;;;;;;
2019;engenharia-quimica;Universidade Federal de Itajubá;MG;70;Federal;;;23;21.48;47;6.06;10;7.42;;;1;8;;;;;;;;;
2019;engenharia-quimica;Universidade de Santa Cruz do Sul;RS;71;Privada;41;15.43;142;5.74;84;4.51;;;;;161;1.23;;;;;;;;;
2019;engenharia-quimica;Universidade Federal de São Paulo;SP;72;Federal;;;26;20.94;1;8;48;4.94;;;1;8;;;;;;;;;
2019;engenharia-quimica;Instituto Federal de Educação, Ciência e Tecnologia da Bahia;BA;73;Federal;;;27;20.92;71;5.05;3;7.87;;;1;8;;;;;;;;;
2019;engenharia-quimica;Universidade Estadual de Santa Cruz;BA;74;Estadual;;;28;20.88;38;6.44;25;6.44;;;1;8;;;;;;;;;
2019;engenharia-quimica;Universidade de Sorocaba;SP;75;Privada;41;15.43;145;5.45;117;3.12;92;2.08;;;184;0.25;;;;;;;;;
2019;engenharia-quimica;Universidade Federal do Maranhão;MA;76;Federal;;;30;20.42;46;6.11;27;6.31;;;1;8;;;;;;;;;
2019;engenharia-quimica;Universidade do Extremo Sul Catarinense;SC;77;Privada;41;15.43;150;4.97;160;1.31;84;2.6;;;165;1.06;;;;;;;;;
2019;engenharia-quimica;Centro Universitário de Patos de Minas;MG;77;Privada;41;15.43;150;4.97;149;1.77;97;1.76;;;156;1.44;;;;;;;;;
2019;engenharia-quimica;Universidade Estadual do Oeste do Paraná;PR;79;Estadual;;;31;20.08;23;7.07;47;5.01;;;1;8;;;;;;;;;
2019;engenharia-quimica;Universidade Federal de Alfenas;MG;80;Federal;;;32;20.05;16;7.37;52;4.68;;;1;8;;;;;;;;;
2019;engenharia-quimica;Universidade Tecnológica Federal do Paraná;PR;81;Federal;;;34;20.04;41;6.32;36;5.72;;;1;8;;;;;;;;;
2019;engenharia-quimica;Fundação Universidade Federal do Pampa;RS;82;Federal;;;37;19.77;35;6.57;44;5.2;;;1;8;;;;;;;;;
2019;engenharia-quimica;Centro Universitário Facvest;SC;83;Privada;;;41;19.32;32;6.7;53;4.62;;;1;8;;;;;;;;;
2019;engenharia-quimica;Centro Universitário Jorge Amado;BA;84;Privada;41;15.43;168;3.24;141;2.11;121;0.2;;;168;0.93;;;;;;;;;
2019;engenharia-quimica;Universidade do Estado do Amazonas;AM;85;Estadual;;;47;17.28;68;5.18;61;4.1;;;1;8;;;;;;;;;
2019;engenharia-quimica;Universidade do Estado do Amapá;AP;86;Estadual;;;50;15.95;146;1.9;31;6.05;;;1;8;;;;;;;;;
2019;engenharia-quimica;Universidade Federal de Lavras;MG;87;Federal;;;51;15.79;6;7.79;;;;;1;8;;;;;;;;;
2019;engenharia-quimica;Universidade Federal da Integração Latino-americana;PR;88;Federal;;;52;14.99;25;6.99;;;;;1;8;;;;;;;;;
2019;engenharia-quimica;Universidade Federal de São João Del Rei;MG;89;Federal;;;53;14.78;30;6.78;;;;;1;8;;;;;;;;;
2019;engenharia-quimica;Instituto Federal de Educação, Ciência e Tecnologia do Norte de Minas Gerais;MG;90;Federal;;;55;14.3;168;0.97;42;5.33;;;1;8;;;;;;;;;
2019;engenharia-quimica;Faculdade de Ensino Superior da Cidade de Feira de Santana;BA;91;Privada;;;58;13.77;54;5.77;;;;;1;8;;;;;;;;;
2019;engenharia-quimica;Instituto Federal de Educação, Ciência e Tecnologia do Rio Grande do Sul;RS;92;Federal;;;59;13.35;64;5.35;;;;;1;8;;;;;;;;;
2019;engenharia-quimica;Centro Universitário das Américas;SP;93;Privada;;;61;13.14;69;5.14;;;;;1;8;;;;;;;;;
2019;engenharia-quimica;Universidade Federal do Sul e Sudeste do Pará;PA;94;Federal;;;63;12.88;75;4.88;;;;;1;8;;;;;;;;;
2019;engenharia-quimica;Centro Universitário Facens;SP;95;Privada;;;64;12.79;67;5.22;59;4.23;;;111;3.34;;;;;;;;;
2019;engenharia-quimica;Universidade Santa Cecília;SP;96;Privada;;;66;12.58;98;3.92;69;3.58;;;70;5.08;;;;;;;;;
2019;engenharia-quimica;Faculdades Integradas de Três Lagoas;MS;97;Privada;;;67;12.42;86;4.42;;;;;1;8;;;;;;;;;
2019;engenharia-quimica;Universidade Regional Integrada do Alto Uruguai e das Missões;RS;98;Privada;;;68;12.4;80;4.67;43;5.27;;;132;2.46;;;;;;;;;
2019;engenharia-quimica;União das Faculdades dos Grandes Lagos;SP;99;Privada;;;69;12.38;87;4.38;;;;;1;8;;;;;;;;;
2019;engenharia-quimica;Faculdade Unime de Ciências Exatas e Tecnológicas;BA;100;Privada;;;71;12.21;91;4.21;;;;;1;8;;;;;;;;;
2019;engenharia-quimica;Universidade São Judas Tadeu;SP;100;Privada;;;71;12.21;91;4.21;;;;;1;8;;;;;;;;;
2019;engenharia-quimica;Centro Universitário Unirb;BA;102;Privada;;;73;12.16;70;5.1;89;2.28;;;77;4.78;;;;;;;;;
2019;engenharia-quimica;Centro Universitário Sociesc;SC;103;Privada;;;75;12.1;101;3.79;62;4.03;;;89;4.28;;;;;;;;;
2019;engenharia-quimica;Universidade do Vale do Itajaí;SC;104;Privada;;;76;12.09;115;3.2;55;4.49;;;86;4.4;;;;;;;;;
2019;engenharia-quimica;Centro Universitário de Viçosa;MG;105;Privada;;;79;11.79;62;5.43;86;2.47;;;98;3.89;;;;;;;;;
2019;engenharia-quimica;Instituto Federal de Educação, Ciência e Tecnologia Sul-Rio-Grandense;RS;106;Federal;;;81;11.71;103;3.71;;;;;1;8;;;;;;;;;
2019;engenharia-quimica;Universidade Salvador;BA;107;Privada;;;82;11.58;85;4.46;51;4.75;;;134;2.37;;;;;;;;;
2019;engenharia-quimica;Faculdades Integradas Urubupungá;SP;108;Privada;;;83;11.54;107;3.54;;;;;1;8;;;;;;;;;
2019;engenharia-quimica;Faculdade do Centro Leste;ES;109;Privada;;;84;11.48;111;3.37;71;3.45;;;80;4.66;;;;;;;;;
2019;engenharia-quimica;Universidade do Vale do Taquari;RS;110;Privada;;;85;11.3;73;4.97;99;1.63;;;79;4.7;;;;;;;;;
2019;engenharia-quimica;Faculdade Anhanguera Pitágoras de Jundiaí;SP;111;Privada;;;86;11.22;110;3.41;24;6.5;;;159;1.31;;;;;;;;;
2019;engenharia-quimica;Centro Universitário das Faculdades Associadas de Ensino;SP;112;Municipal;;;87;10.95;74;4.93;88;2.34;;;103;3.68;;;;;;;;;
2019;engenharia-quimica;Faculdade de São Bernardo do Campo - FASB I;SP;113;Privada;;;88;10.91;83;4.55;79;2.93;;;109;3.43;;;;;;;;;
2019;engenharia-quimica;Universidade do Vale do Paraíba;SP;114;Privada;;;89;10.86;45;6.15;105;1.24;;;108;3.47;;;;;;;;;
2019;engenharia-quimica;Instituto Federal de Educação, Ciência e Tecnologia do Sul de Minas Gerais;MG;115;Federal;;;90;10.85;58;5.6;;;;;66;5.25;;;;;;;;;
2019;engenharia-quimica;Universidade Cesumar;PR;116;Privada;;;91;10.73;51;5.9;;;;;76;4.83;;;;;;;;;
2019;engenharia-quimica;Universidade da Região de Joinville;SC;117;Privada;;;92;10.64;114;3.24;72;3.38;;;95;4.02;;;;;;;;;
2019;engenharia-quimica;Universidade Comunitária da Região de Chapecó;SC;118;Privada;;;94;10.5;153;1.6;60;4.16;;;78;4.74;;;;;;;;;
2019;engenharia-quimica;Centro Universitário FBV Wyden;PE;119;Privada;;;97;10.13;77;4.8;;;;;64;5.33;;;;;;;;;
2019;engenharia-quimica;Faculdades Integradas de Aracruz;ES;120;Privada;;;100;9.94;131;2.53;40;5.46;;;144;1.95;;;;;;;;;
2019;engenharia-quimica;Centro Universitário Católica do Leste de Minas Gerais;MG;121;Privada;;;103;9.85;93;4.13;83;2.67;;;118;3.05;;;;;;;;;
2019;engenharia-quimica;Centro Universitário Newton Paiva;MG;122;Privada;;;105;9.33;97;3.96;74;3.25;;;140;2.12;;;;;;;;;
2019;engenharia-quimica;Faculdade Senai-cetiqt;RJ;123;Privada;;;106;9.3;120;2.99;85;2.54;;;101;3.77;;;;;;;;;
2019;engenharia-quimica;Centro Universitário Satc;SC;124;Privada;;;107;8.53;135;2.36;39;5.53;;;175;0.64;;;;;;;;;
2019;engenharia-quimica;Centro Universitário Favip Wyden;PE;125;Privada;;;108;8.49;112;3.33;;;;;68;5.16;;;;;;;;;
2019;engenharia-quimica;Centro Universitário Fanor Wyden;CE;126;Privada;;;111;8.09;108;3.5;103;1.37;;;114;3.22;;;;;;;;;
2019;engenharia-quimica;Universidade de Mogi das Cruzes;SP;127;Privada;;;112;7.93;132;2.48;104;1.3;;;92;4.15;;;;;;;;;
2019;engenharia-quimica;Universidade Regional do Noroeste do Estado do Rio Grande do Sul;RS;128;Privada;;;113;7.82;125;2.78;;;;;71;5.04;;;;;;;;;
2019;engenharia-quimica;Centro Universitário Uniftec;RS;129;Privada;;;114;7.81;60;5.52;;;;;136;2.29;;;;;;;;;
2019;engenharia-quimica;Centro Universitário Espírito-Santense;ES;130;Privada;;;119;7.47;123;2.86;;;;;81;4.61;;;;;;;;;
2019;engenharia-quimica;Universidade Brasil;SP;131;Privada;;;120;7.42;138;2.23;123;0.07;;;69;5.12;;;;;;;;;
2019;engenharia-quimica;Centro Universitário Multivix Vitória;ES;132;Privada;;;121;7.35;133;2.44;;;;;74;4.91;;;;;;;;;
2019;engenharia-quimica;Centro Universitário Senai Cimatec;BA;133;Privada;;;123;7.26;124;2.82;;;;;85;4.44;;;;;;;;;
2019;engenharia-quimica;Universidade de Vassouras;RJ;134;Privada;;;124;7.14;139;2.19;100;1.56;;;110;3.39;;;;;;;;;
2019;engenharia-quimica;Faculdade Anhanguera de Linhares;ES;135;Privada;;;125;7.06;181;0.42;63;3.97;;;127;2.67;;;;;;;;;
2019;engenharia-quimica;Centro Universitário Uniasselvi de Guaramirim;SC;136;Privada;;;126;6.97;178;0.55;76;3.12;;;112;3.3;;;;;;;;;
2019;engenharia-quimica;Centro Universitário Luterano de Manaus;AM;137;Privada;;;127;6.94;162;1.22;111;0.85;;;75;4.87;;;;;;;;;
2019;engenharia-quimica;Centro Universitário Unicuritiba;PR;138;Privada;;;128;6.84;113;3.28;;;;;106;3.56;;;;;;;;;
2019;engenharia-quimica;Faculdade Empresarial de Chapecó;SC;139;Privada;;;130;6.46;128;2.65;;;;;100;3.81;;;;;;;;;
2019;engenharia-quimica;Faculdade João Paulo II;GO;140;Privada;;;135;6.21;147;1.85;;;;;87;4.36;;;;;;;;;
2019;engenharia-quimica;Faculdade de Ciência e Tecnologia de Montes Claros;MG;141;Privada;;;136;6.12;154;1.56;78;2.99;;;153;1.57;;;;;;;;;
2019;engenharia-quimica;Faculdade Multivix São Mateus;ES;142;Privada;;;137;6.11;172;0.8;112;0.78;;;83;4.53;;;;;;;;;
2019;engenharia-quimica;Centro Universitário da Fundação Educacional de Barretos;SP;143;Privada;;;138;6.07;96;4;113;0.72;;;158;1.35;;;;;;;;;
2019;engenharia-quimica;Centro Universitário Maurício de Nassau;PE;144;Privada;;;139;6.03;126;2.74;102;1.43;;;146;1.86;;;;;;;;;
2019;engenharia-quimica;Centro Universitário Maurício de Nassau de João Pessoa;PB;145;Privada;;;140;6;134;2.4;;;;;105;3.6;;;;;;;;;
2019;engenharia-quimica;Faculdade Área1 Wyden;BA;146;Privada;;;141;5.87;122;2.91;;;;;120;2.96;;;;;;;;;
2019;engenharia-quimica;Faculdade Horizontina;RS;147;Privada;;;143;5.54;163;1.18;;;;;87;4.36;;;;;;;;;
2019;engenharia-quimica;Faculdade Municipal Professor Franco Montoro de Mogi Guaçu;SP;148;Municipal;;;144;5.52;148;1.81;67;3.71;;;;;;;;;;;;;
2019;engenharia-quimica;Faculdade Uninorte;AM;149;Privada;;;146;5.32;127;2.7;;;;;128;2.62;;;;;;;;;
2019;engenharia-quimica;Faculdade Anhanguera de Anápolis;GO;150;Privada;;;147;5.21;174;0.72;;;;;84;4.49;;;;;;;;;
2019;engenharia-quimica;Faculdade Esamc Campinas;SP;151;Privada;;;148;5.18;159;1.35;101;1.5;;;135;2.33;;;;;;;;;
2019;engenharia-quimica;Centro Universitário Maurício de Nassau de Natal;RN;152;Privada;;;149;5.11;130;2.57;;;;;130;2.54;;;;;;;;;
2019;engenharia-quimica;Centro Universitário da Amazônia Belém;PA;153;Privada;;;152;4.9;142;2.06;;;;;123;2.84;;;;;;;;;
2019;engenharia-quimica;Faculdade Anhanguera de Maceió;AL;154;Privada;;;153;4.9;171;0.84;;;;;94;4.06;;;;;;;;;
2019;engenharia-quimica;Faculdade Anhanguera de Betim;MG;155;Privada;;;154;4.88;167;1.01;82;2.73;;;163;1.14;;;;;;;;;
2019;engenharia-quimica;Centro Universitário Maurício de Nassau de Maceió;AL;156;Privada;;;155;4.86;145;1.94;;;;;121;2.92;;;;;;;;;
2019;engenharia-quimica;Centro Universitário da Fundação Educacional Guaxupé;MG;157;Privada;;;156;4.72;119;3.03;;;;;150;1.69;;;;;;;;;
2019;engenharia-quimica;Universidade Pitágoras Unopar Anhanguera;PR;158;Privada;;;157;4.52;170;0.88;;;;;104;3.64;;;;;;;;;
2019;engenharia-quimica;Centro Universitário Ruy Barbosa Wyden;BA;159;Privada;;;158;4.52;150;1.73;;;;;124;2.79;;;;;;;;;
2019;engenharia-quimica;Centro Universitário Padre Anchieta;SP;160;Privada;;;159;4.46;161;1.26;80;2.86;;;182;0.34;;;;;;;;;
2019;engenharia-quimica;Centro Universitário da Fundação Herminio Ometto;SP;161;Privada;;;160;4.42;100;3.83;;;;;176;0.59;;;;;;;;;
2019;engenharia-quimica;Centro Universitário Uniasselvi de Brusque;SC;162;Privada;;;161;4.36;182;0.38;;;;;96;3.98;;;;;;;;;
2019;engenharia-quimica;Faculdade de Americana;SP;163;Privada;;;162;4.29;90;4.25;;;;;189;0.04;;;;;;;;;
2019;engenharia-quimica;Faculdade Feitep;PR;164;Privada;;;163;4.23;155;1.52;;;;;126;2.71;;;;;;;;;
2019;engenharia-quimica;Universidade Universus Veritas Guarulhos;SP;165;Privada;;;164;4.01;151;1.68;115;0.59;;;149;1.74;;;;;;;;;
2019;engenharia-quimica;Centro Universitário de Brusque;SC;166;Privada;;;165;3.88;142;2.06;;;;;147;1.82;;;;;;;;;
2019;engenharia-quimica;Faculdade Anhanguera de Guarulhos;SP;167;Privada;;;166;3.77;177;0.59;;;;;115;3.18;;;;;;;;;
2019;engenharia-quimica;Universidade Católica do Salvador;BA;168;Privada;;;167;3.46;144;1.98;;;;;155;1.48;;;;;;;;;
2019;engenharia-quimica;Centro Universitário de Sete Lagoas;MG;169;Privada;;;169;3.16;152;1.64;;;;;154;1.52;;;;;;;;;
2019;engenharia-quimica;Faculdade Anhanguera de Teixeira de Freitas;BA;170;Privada;;;170;3.13;190;0.04;;;;;117;3.09;;;;;;;;;
2019;engenharia-quimica;Faculdade Católica Salesiana de Macaé;RJ;170;Privada;;;170;3.13;166;1.05;94;1.95;;;187;0.13;;;;;;;;;
2019;engenharia-quimica;Faculdade Flórida;SP;172;Privada;;;172;3.09;136;2.32;120;0.26;;;178;0.51;;;;;;;;;
2019;engenharia-quimica;Centro de Ensino Superior de Conselheiro Lafaiete;MG;173;Privada;;;173;3.03;137;2.27;;;;;172;0.76;;;;;;;;;
2019;engenharia-quimica;Centro Universitário de Formiga;MG;174;Privada;;;174;3;156;1.47;109;0.98;;;177;0.55;;;;;;;;;
2019;engenharia-quimica;Faculdade Anhanguera de Educação, Ciências e Tecnologia de Sorocaba;SP;175;Privada;;;175;2.83;179;0.51;119;0.33;;;143;1.99;;;;;;;;;
2019;engenharia-quimica;Faculdade Anhanguera de São Luiz;MA;176;Privada;;;176;2.66;185;0.25;;;;;133;2.41;;;;;;;;;
2019;engenharia-quimica;Centro Universitário Una de Betim;MG;177;Privada;;;177;2.53;157;1.43;;;;;164;1.1;;;;;;;;;
2019;engenharia-quimica;Centro Universitário Ritter dos Reis;RS;178;Privada;;;178;2.45;140;2.15;;;;;183;0.3;;;;;;;;;
2019;engenharia-quimica;Faculdade Anhanguera de Ipatinga;MG;179;Privada;;;179;2.37;186;0.21;;;;;139;2.16;;;;;;;;;
2019;engenharia-quimica;Faculdade Anhanguera do Maranhão;MA;180;Privada;;;180;2.28;176;0.63;;;;;151;1.65;;;;;;;;;
2019;engenharia-quimica;Faculdade Anhanguera Unidade Guarapari;ES;181;Privada;;;181;2.2;180;0.46;122;0.13;;;152;1.61;;;;;;;;;
2019;engenharia-quimica;Centro Universitário Toledo Wyden;SP;182;Privada;;;182;2.03;163;1.18;;;;;170;0.85;;;;;;;;;
2019;engenharia-quimica;Centro Universitário do Norte;AM;182;Privada;;;182;2.03;163;1.18;;;;;170;0.85;;;;;;;;;
2019;engenharia-quimica;Faculdade Anhanguera Unime de Salvador;BA;184;Privada;;;184;1.95;173;0.76;;;;;162;1.19;;;;;;;;;
2019;engenharia-quimica;Centro Universitário Unifateb;PR;185;Privada;;;185;1.74;169;0.93;118;0.39;;;180;0.42;;;;;;;;;
2019;engenharia-quimica;Centro Universitário Anhanguera Pitágoras Ampli;SP;186;Privada;;;186;1.61;183;0.34;;;;;160;1.27;;;;;;;;;
2019;engenharia-quimica;Centro Universitário Anhanguera Pitágoras Unopar de Niterói;RJ;187;Privada;;;187;1.05;189;0.08;;;;;167;0.97;;;;;;;;;
2019;engenharia-quimica;Faculdade Esamc Santos;SP;188;Privada;;;188;1.02;188;0.13;;;;;169;0.89;;;;;;;;;
2019;engenharia-quimica;Faculdade Anhanguera de Jacareí;SP;189;Privada;;;189;0.68;184;0.3;;;;;181;0.38;;;;;;;;;
2019;engenharia-quimica;Faculdade Única de Ipatinga;MG;190;Privada;;;190;0.26;187;0.17;;;;;188;0.09;;;;;;;;;
2023;engenharia-quimica;Universidade de São Paulo;SP;1;Estadual;1;36;1;63.36;13;7.55;6;7.81;;;1;8;1;40;;;;;;;
2023;engenharia-quimica;Universidade Estadual de Campinas;SP;2;Estadual;2;35.68;2;63.32;19;7.32;1;8;;;1;8;1;40;;;;;;;
2023;engenharia-quimica;Universidade Federal de Minas Gerais;MG;3;Federal;2;35.68;3;59.93;16;7.43;3;7.93;;;1;8;4;36.57;;;;;;;
2023;engenharia-quimica;Universidade Federal de São Carlos;SP;4;Federal;5;34.74;4;59.62;12;7.58;15;7.47;;;1;8;4;36.57;;;;;;;
2023;engenharia-quimica;Universidade Federal do Rio de Janeiro;RJ;5;Federal;5;34.74;5;59.22;33;6.79;35;6.72;;;1;8;3;37.71;;;;;;;
2023;engenharia-quimica;Universidade Federal do Paraná;PR;6;Federal;5;34.74;6;57.11;17;7.39;16;7.43;;;1;8;6;34.29;;;;;;;
2023;engenharia-quimica;Universidade Federal do Rio Grande do Sul;RS;7;Federal;5;34.74;8;56.47;46;6.29;4;7.89;;;1;8;6;34.29;;;;;;;
2023;engenharia-quimica;Universidade Federal de Santa Catarina;SC;8;Federal;15;31.58;7;57.08;22;7.2;12;7.59;;;1;8;6;34.29;;;;;;;
2023;engenharia-quimica;Universidade Estadual Paulista Júlio de Mesquita Filho;SP;9;Estadual;2;35.68;11;52.38;1;8;6;7.81;;;1;8;11;28.57;;;;;;;
2023;engenharia-quimica;Universidade Federal de Uberlândia;MG;10;Federal;15;31.58;9;56.21;21;7.24;36;6.68;;;1;8;6;34.29;;;;;;;
2023;engenharia-quimica;Universidade Estadual de Maringá;PR;11;Estadual;15;31.58;10;55.3;50;6.14;31;6.87;;;1;8;6;34.29;;;;;;;
2023;engenharia-quimica;Universidade Federal do Ceará;CE;12;Federal;15;31.58;15;49.96;49;6.18;22;7.21;;;1;8;11;28.57;;;;;;;
2023;engenharia-quimica;Universidade do Estado do Rio de Janeiro;RJ;13;Estadual;5;34.74;23;46.45;44;6.37;23;7.17;;;97;4.34;11;28.57;;;;;;;
2023;engenharia-quimica;Universidade Federal de Santa Maria;RS;14;Federal;15;31.58;17;49.54;35;6.71;47;6.26;;;1;8;11;28.57;;;;;;;
2023;engenharia-quimica;Universidade do Vale do Rio dos Sinos;RS;15;Privada;5;34.74;24;46.16;30;6.9;43;6.42;;;99;4.27;11;28.57;;;;;;;
2023;engenharia-quimica;Universidade Federal da Bahia;BA;16;Federal;15;31.58;21;47.98;99;4.28;24;7.13;;;1;8;11;28.57;;;;;;;
2023;engenharia-quimica;Pontifícia Universidade Católica do Rio Grande do Sul;RS;17;Privada;5;34.74;27;41.94;64;5.61;61;5.74;;;158;2.02;11;28.57;;;;;;;
2023;engenharia-quimica;Centro Universitário da Fundação Educacional Inaciana Pe Sabóia de Medeiros;SP;18;Privada;15;31.58;25;45.01;25;7.09;21;7.25;;;156;2.1;11;28.57;;;;;;;
2023;engenharia-quimica;Universidade Federal de Viçosa;MG;19;Federal;40;23.68;12;51.82;14;7.51;8;7.74;;;1;8;11;28.57;;;;;;;
2023;engenharia-quimica;Universidade Federal Fluminense;RJ;20;Federal;40;23.68;13;51.81;17;7.39;5;7.85;;;1;8;11;28.57;;;;;;;
2023;engenharia-quimica;Instituto Militar de Engenharia;RJ;21;Federal;40;23.68;14;51.36;32;6.83;2;7.96;;;1;8;11;28.57;;;;;;;
2023;engenharia-quimica;Universidade Tecnológica Federal do Paraná;PR;22;Federal;40;23.68;16;49.58;43;6.41;38;6.6;;;1;8;11;28.57;;;;;;;
2023;engenharia-quimica;Universidade Federal dos Vales do Jequitinhonha e Mucuri;MG;23;Federal;40;23.68;17;49.54;22;7.2;60;5.77;;;1;8;11;28.57;;;;;;;
2023;engenharia-quimica;Universidade Federal Rural do Rio de Janeiro;RJ;24;Federal;40;23.68;20;48.18;60;5.76;58;5.85;;;1;8;11;28.57;;;;;;;
2023;engenharia-quimica;Universidade de Caxias do Sul;RS;25;Privada;15;31.58;29;40.09;103;4.13;93;4.53;;;136;2.86;11;28.57;;;;;;;
2023;engenharia-quimica;Universidade do Oeste de Santa Catarina;SC;26;Privada;15;31.58;30;39.71;153;2.24;86;4.79;;;103;4.11;11;28.57;;;;;;;
2023;engenharia-quimica;Universidade Regional de Blumenau;SC;27;Municipal;15;31.58;31;39.63;119;3.53;73;5.28;;;152;2.25;11;28.57;;;;;;;
2023;engenharia-quimica;Universidade de Passo Fundo;RS;28;Privada;15;31.58;32;39.07;117;3.6;105;4.08;;;137;2.82;11;28.57;;;;;;;
2023;engenharia-quimica;Pontifícia Universidade Católica de Campinas;SP;29;Privada;15;31.58;33;38.74;96;4.4;69;5.43;;;201-250;0.34;11;28.57;;;;;;;
2023;engenharia-quimica;Pontifícia Universidade Católica do Rio de Janeiro;RJ;30;Privada;40;23.68;22;46.61;1;8;48;6.23;;;111;3.81;11;28.57;;;;;;;
2023;engenharia-quimica;Centro Universitário do Instituto Mauá de Tecnologia;SP;31;Privada;40;23.68;26;42.17;76;5.16;56;5.93;;;145;2.51;11;28.57;;;;;;;
2023;engenharia-quimica;Universidade do Extremo Sul Catarinense;SC;32;Privada;40;23.68;34;38.34;150;2.35;82;4.94;;;146;2.48;11;28.57;;;;;;;
2023;engenharia-quimica;Universidade de Uberaba;MG;33;Privada;40;23.68;35;35.33;186;0.99;146;2.53;;;126;3.24;11;28.57;;;;;;;
2023;engenharia-quimica;Universidade Federal de Goiás;GO;34;Federal;5;34.74;37;22.3;29;6.94;18;7.36;;;1;8;;;;;;;;;
2023;engenharia-quimica;Universidade Federal de Mato Grosso;MT;35;Federal;5;34.74;49;20.83;47;6.26;39;6.57;;;1;8;;;;;;;;;
2023;engenharia-quimica;Universidade Federal do Rio Grande do Norte;RN;36;Federal;15;31.58;40;21.96;15;7.47;41;6.49;;;1;8;;;;;;;;;
2023;engenharia-quimica;Universidade de Brasília;DF;37;Federal;15;31.58;43;21.58;38;6.6;28;6.98;;;1;8;;;;;;;;;
2023;engenharia-quimica;Universidade Federal de Sergipe;SE;38;Federal;15;31.58;46;21.2;59;5.8;17;7.4;;;1;8;;;;;;;;;
2023;engenharia-quimica;Universidade Federal de Alagoas;AL;39;Federal;15;31.58;51;20.68;28;6.98;62;5.7;;;1;8;;;;;;;;;
2023;engenharia-quimica;Universidade Federal do Espírito Santo;ES;40;Federal;15;31.58;56;19.77;48;6.22;66;5.55;;;1;8;;;;;;;;;
2023;engenharia-quimica;Universidade Federal de Pernambuco;PE;41;Federal;15;31.58;57;19.72;70;5.38;45;6.34;;;1;8;;;;;;;;;
2023;engenharia-quimica;Universidade Metodista de Piracicaba;SP;42;Privada;15;31.58;66;18.72;1;8;141;2.72;;;1;8;;;;;;;;;
2023;engenharia-quimica;Universidade Federal do Pará;PA;43;Federal;15;31.58;68;18.48;63;5.65;85;4.83;;;1;8;;;;;;;;;
2023;engenharia-quimica;Universidade Federal do Amazonas;AM;44;Federal;15;31.58;69;18.41;62;5.69;88;4.72;;;1;8;;;;;;;;;
2023;engenharia-quimica;Universidade Federal de Itajubá;MG;45;Federal;;;19;49.39;61;5.73;25;7.09;;;1;8;11;28.57;;;;;;;
2023;engenharia-quimica;Pontifícia Universidade Católica do Paraná;PR;46;Privada;5;34.74;94;14.63;81;4.97;53;6.04;;;116;3.62;;;;;;;;;
2023;engenharia-quimica;Fundação Universidade do Estado de Santa Catarina;SC;47;Estadual;15;31.58;86;15.87;90;4.63;14;7.51;;;113;3.73;;;;;;;;;
2023;engenharia-quimica;Universidade Federal de Lavras;MG;48;Federal;40;23.68;36;22.94;20;7.28;10;7.66;;;1;8;;;;;;;;;
2023;engenharia-quimica;Universidade Federal de São Paulo;SP;49;Federal;40;23.68;38;22;1;8;54;6;;;1;8;;;;;;;;;
2023;engenharia-quimica;Universidade Federal do Triângulo Mineiro;MG;50;Federal;40;23.68;39;21.99;26;7.05;29;6.94;;;1;8;;;;;;;;;
2023;engenharia-quimica;Faculdade Anhanguera de Linhares;ES;51;Privada;40;23.68;41;21.76;41;6.48;20;7.28;;;1;8;;;;;;;;;
2023;engenharia-quimica;Universidade Federal de Alfenas;MG;52;Federal;40;23.68;44;21.47;1;8;68;5.47;;;1;8;;;;;;;;;
2023;engenharia-quimica;Universidade Federal da Paraíba;PB;53;Federal;40;23.68;48;20.86;35;6.71;50;6.15;;;1;8;;;;;;;;;
2023;engenharia-quimica;Universidade Estadual do Oeste do Paraná;PR;54;Estadual;40;23.68;50;20.75;37;6.64;51;6.11;;;1;8;;;;;;;;;
2023;engenharia-quimica;Universidade Federal de São João Del Rei;MG;55;Federal;40;23.68;52;20.53;24;7.13;70;5.4;;;1;8;;;;;;;;;
2023;engenharia-quimica;Universidade Federal de Campina Grande;PB;56;Federal;40;23.68;53;20.45;40;6.52;56;5.93;;;1;8;;;;;;;;;
2023;engenharia-quimica;Faculdades Oswaldo Cruz;SP;57;Privada;15;31.58;117;11.94;100;4.25;92;4.57;;;129;3.12;;;;;;;;;
2023;engenharia-quimica;Universidade Federal do Rio Grande;RS;58;Federal;40;23.68;64;19.19;65;5.57;64;5.62;;;1;8;;;;;;;;;
2023;engenharia-quimica;Pontifícia Universidade Católica de Minas Gerais;MG;59;Privada;15;31.58;131;10.9;130;3.11;52;6.08;;;166;1.71;;;;;;;;;
2023;engenharia-quimica;Instituto Federal de Educação, Ciência e Tecnologia Sul-Rio-Grandense;RS;60;Federal;40;23.68;67;18.55;112;3.79;34;6.76;;;1;8;;;;;;;;;
2023;engenharia-quimica;Universidade de Vassouras;RJ;61;Privada;;;28;41.35;111;3.83;87;4.76;;;101;4.19;11;28.57;;;;;;;
2023;engenharia-quimica;Universidade de Ribeirão Preto;SP;62;Privada;40;23.68;74;17.61;82;4.93;89;4.68;;;1;8;;;;;;;;;
2023;engenharia-quimica;Centro Universitário de Viçosa;MG;63;Privada;40;23.68;75;17.5;71;5.35;103;4.15;;;1;8;;;;;;;;;
2023;engenharia-quimica;Universidade Federal do Maranhão;MA;64;Federal;40;23.68;77;17.34;98;4.32;80;5.02;;;1;8;;;;;;;;;
2023;engenharia-quimica;Universidade do Estado do Amazonas;AM;65;Estadual;40;23.68;79;17.11;121;3.45;63;5.66;;;1;8;;;;;;;;;
2023;engenharia-quimica;Centro Universitário Sociesc;SC;66;Privada;40;23.68;80;17.08;83;4.89;102;4.19;;;1;8;;;;;;;;;
2023;engenharia-quimica;Universidade Comunitária da Região de Chapecó;SC;67;Privada;40;23.68;81;17.07;130;3.11;55;5.96;;;1;8;;;;;;;;;
2023;engenharia-quimica;Universidade Federal de Mato Grosso do Sul;MS;68;Federal;40;23.68;82;16.8;56;5.92;39;6.57;;;98;4.31;;;;;;;;;
2023;engenharia-quimica;Instituto Federal de Educação, Ciência e Tecnologia Goiano;GO;69;Federal;40;23.68;83;16.36;57;5.88;18;7.36;;;129;3.12;;;;;;;;;
2023;engenharia-quimica;Universidade Estácio de Sá;RJ;70;Privada;15;31.58;156;8.03;123;3.37;118;3.59;;;183;1.07;;;;;;;;;
2023;engenharia-quimica;Centro Universitário de Belo Horizonte;MG;71;Privada;40;23.68;87;15.41;123;3.37;106;4.04;;;1;8;;;;;;;;;
2023;engenharia-quimica;Universidade Cesumar;PR;72;Privada;40;23.68;89;15.16;69;5.42;167;1.74;;;1;8;;;;;;;;;
2023;engenharia-quimica;Universidade São Judas Tadeu;SP;72;Privada;40;23.68;89;15.16;39;6.56;197;0.6;;;1;8;;;;;;;;;
2023;engenharia-quimica;Centro Universitário Facens;SP;74;Privada;40;23.68;91;15.08;71;5.35;59;5.81;;;108;3.92;;;;;;;;;
2023;engenharia-quimica;Universidade do Grande Rio Professor José de Souza Herdy;RJ;75;Privada;40;23.68;99;13.9;135;2.92;134;2.98;;;1;8;;;;;;;;;
2023;engenharia-quimica;Centro Universitário Una;MG;76;Privada;40;23.68;103;13.64;158;2.05;118;3.59;;;1;8;;;;;;;;;
2023;engenharia-quimica;Faculdade Multivix São Mateus;ES;77;Privada;40;23.68;107;13.03;195;0.65;97;4.38;;;1;8;;;;;;;;;
2023;engenharia-quimica;Centro Universitário Maurício de Nassau de João Pessoa;PB;78;Privada;40;23.68;108;12.93;90;4.63;201-250;0.3;;;1;8;;;;;;;;;
2023;engenharia-quimica;União das Faculdades dos Grandes Lagos;SP;79;Privada;40;23.68;110;12.69;118;3.56;183;1.13;;;1;8;;;;;;;;;
2023;engenharia-quimica;Faculdade Área1 Wyden;BA;80;Privada;40;23.68;113;12.62;71;5.35;84;4.87;;;148;2.4;;;;;;;;;
2023;engenharia-quimica;Universidade do Vale do Paraíba;SP;81;Privada;40;23.68;114;12.4;71;5.35;117;3.62;;;121;3.43;;;;;;;;;
2023;engenharia-quimica;Universidade da Região de Joinville;SC;82;Privada;40;23.68;115;12.28;114;3.72;72;5.32;;;126;3.24;;;;;;;;;
2023;engenharia-quimica;Universidade de Santa Cruz do Sul;RS;83;Privada;40;23.68;119;11.66;88;4.7;81;4.98;;;159;1.98;;;;;;;;;
2023;engenharia-quimica;Centro Universitário Senai Cimatec;BA;84;Privada;40;23.68;122;11.62;133;3;27;7.02;;;169;1.6;;;;;;;;;
2023;engenharia-quimica;Universidade Franciscana;RS;85;Privada;40;23.68;123;11.54;90;4.63;137;2.87;;;105;4.04;;;;;;;;;
2023;engenharia-quimica;Universidade do Vale do Itajaí;SC;86;Privada;40;23.68;124;11.43;138;2.81;42;6.45;;;154;2.17;;;;;;;;;
2023;engenharia-quimica;Universidade Luterana do Brasil;RS;87;Privada;40;23.68;126;11.25;142;2.65;95;4.45;;;102;4.15;;;;;;;;;
2023;engenharia-quimica;Centro Universitário do Norte de São Paulo;SP;88;Privada;40;23.68;128;11.03;168;1.67;177;1.36;;;1;8;;;;;;;;;
2023;engenharia-quimica;Universidade de Mogi das Cruzes;SP;89;Privada;40;23.68;132;10.84;140;2.73;100;4.26;;;110;3.85;;;;;;;;;
2023;engenharia-quimica;Universidade Pitágoras Unopar Anhanguera;PR;90;Privada;40;23.68;133;10.5;51;6.1;166;1.77;;;142;2.63;;;;;;;;;
2023;engenharia-quimica;Universidade Feevale;RS;91;Privada;40;23.68;134;10.38;116;3.64;104;4.11;;;142;2.63;;;;;;;;;
2023;engenharia-quimica;Universidade Fumec;MG;92;Privada;40;23.68;136;10.04;71;5.35;101;4.23;;;199;0.46;;;;;;;;;
2023;engenharia-quimica;Universidade Regional do Noroeste do Estado do Rio Grande do Sul;RS;93;Privada;40;23.68;138;10;160;1.97;90;4.64;;;122;3.39;;;;;;;;;
2023;engenharia-quimica;Universidade São Francisco;SP;94;Privada;40;23.68;141;9.82;141;2.69;120;3.51;;;116;3.62;;;;;;;;;
2023;engenharia-quimica;Universidade Católica de Pernambuco;PE;95;Privada;40;23.68;142;9.54;77;5.12;126;3.28;;;181;1.14;;;;;;;;;
2023;engenharia-quimica;Universidade de Franca;SP;96;Privada;40;23.68;144;9.16;123;3.37;116;3.66;;;155;2.13;;;;;;;;;
2023;engenharia-quimica;Centro Universitário Newton Paiva;MG;97;Privada;40;23.68;145;9.15;171;1.56;109;3.93;;;115;3.66;;;;;;;;;
2023;engenharia-quimica;Faculdade do Centro Leste;ES;98;Privada;40;23.68;146;9.12;177;1.33;49;6.19;;;169;1.6;;;;;;;;;
2023;engenharia-quimica;Universidade Salvador;BA;99;Privada;40;23.68;149;9.05;154;2.2;79;5.06;;;164;1.79;;;;;;;;;
2023;engenharia-quimica;Centro Universitário Maurício de Nassau;PE;100;Privada;40;23.68;151;8.69;167;1.71;128;3.21;;;112;3.77;;;;;;;;;
2023;engenharia-quimica;Centro Universitário Jorge Amado;BA;101;Privada;40;23.68;160;7.55;184;1.06;140;2.76;;;113;3.73;;;;;;;;;
2023;engenharia-quimica;Centro Universitário Luterano de Manaus;AM;102;Privada;40;23.68;161;7.44;179;1.25;155;2.19;;;106;4;;;;;;;;;
2023;engenharia-quimica;Universidade Tiradentes;SE;103;Privada;40;23.68;162;7.4;86;4.78;201-250;0.3;;;150;2.32;;;;;;;;;
2023;engenharia-quimica;Centro Universitário da Fundação Herminio Ometto;SP;104;Privada;40;23.68;163;7.27;169;1.63;107;4;;;168;1.64;;;;;;;;;
2023;engenharia-quimica;Universidade Vila Velha;ES;105;Privada;40;23.68;164;7.26;194;0.68;71;5.36;;;179;1.22;;;;;;;;;
2023;engenharia-quimica;Centro Universitário de Patos de Minas;MG;106;Privada;40;23.68;165;7.23;181;1.18;91;4.6;;;173;1.45;;;;;;;;;
2023;engenharia-quimica;Centro Universitário Uniftec;RS;107;Privada;40;23.68;166;7.09;134;2.96;137;2.87;;;178;1.26;;;;;;;;;
2023;engenharia-quimica;Universidade Potiguar;RN;108;Privada;40;23.68;168;6.83;174;1.44;159;2.04;;;123;3.35;;;;;;;;;
2023;engenharia-quimica;Centro Universitário do Norte;AM;109;Privada;40;23.68;169;6.76;183;1.1;155;2.19;;;120;3.47;;;;;;;;;
2023;engenharia-quimica;Centro Universitário Sagrado Coração;SP;110;Privada;40;23.68;170;6.7;161;1.93;124;3.36;;;174;1.41;;;;;;;;;
2023;engenharia-quimica;Faculdade Senai-cetiqt;RJ;111;Privada;40;23.68;173;6.36;154;2.2;134;2.98;;;180;1.18;;;;;;;;;
2023;engenharia-quimica;Centro Universitário Fanor Wyden;CE;112;Privada;40;23.68;179;5.87;143;2.62;143;2.64;;;195;0.61;;;;;;;;;
2023;engenharia-quimica;Universidade de Sorocaba;SP;113;Privada;40;23.68;183;5.65;143;2.62;149;2.42;;;195;0.61;;;;;;;;;
2023;engenharia-quimica;Faculdade de Americana;SP;114;Privada;40;23.68;192;4.5;169;1.63;148;2.45;;;200;0.42;;;;;;;;;
2023;engenharia-quimica;Universidade do Sul de Santa Catarina;SC;115;Privada;40;23.68;194;4.4;187;0.95;145;2.57;;;188;0.88;;;;;;;;;
2023;engenharia-quimica;Centro Universitário da Fundação Educacional de Barretos;SP;116;Privada;40;23.68;195;4.39;166;1.74;150;2.38;;;201-250;0.27;;;;;;;;;
2023;engenharia-quimica;Universidade Federal Rural do Semi-árido;RN;117;Federal;;;42;21.59;1;8;65;5.59;;;1;8;;;;;;;;;
2023;engenharia-quimica;Universidade Federal do Sul e Sudeste do Pará;PA;118;Federal;;;45;21.28;44;6.37;30;6.91;;;1;8;;;;;;;;;
2023;engenharia-quimica;Universidade Federal da Integração Latino-americana;PR;119;Federal;;;47;21.13;34;6.75;44;6.38;;;1;8;;;;;;;;;
2023;engenharia-quimica;Fundação Universidade Federal do Pampa;RS;120;Federal;;;54;20.37;31;6.86;67;5.51;;;1;8;;;;;;;;;
2023;engenharia-quimica;Universidade Estadual de Santa Cruz;BA;121;Estadual;;;55;19.83;79;5.04;33;6.79;;;1;8;;;;;;;;;
2023;engenharia-quimica;Instituto Federal de Educação, Ciência e Tecnologia de Santa Catarina;SC;122;Federal;;;58;19.5;109;3.91;12;7.59;;;1;8;;;;;;;;;
2023;engenharia-quimica;Instituto Federal de Educação, Ciência e Tecnologia do Rio Grande do Sul;RS;123;Federal;;;59;19.49;84;4.85;37;6.64;;;1;8;;;;;;;;;
2023;engenharia-quimica;Instituto Federal de Educação, Ciência e Tecnologia da Bahia;BA;124;Federal;;;60;19.37;113;3.75;11;7.62;;;1;8;;;;;;;;;
2023;engenharia-quimica;Universidade Federal Rural de Pernambuco;PE;125;Federal;;;61;19.35;80;5.01;45;6.34;;;1;8;;;;;;;;;
2023;engenharia-quimica;Faculdade Anhanguera do Maranhão;MA;126;Privada;;;62;19.32;1;8;125;3.32;;;1;8;;;;;;;;;
2023;engenharia-quimica;Faculdade Anhanguera de Ipatinga;MG;127;Privada;;;63;19.27;101;4.21;26;7.06;;;1;8;;;;;;;;;
2023;engenharia-quimica;Faculdade Anhanguera Unidade Guarapari;ES;128;Privada;;;65;19.04;55;5.95;78;5.09;;;1;8;;;;;;;;;
2023;engenharia-quimica;Universidade La Salle;RS;129;Privada;;;70;18.18;41;6.48;115;3.7;;;1;8;;;;;;;;;
2023;engenharia-quimica;Centro Universitário Facvest;SC;130;Privada;;;71;17.95;68;5.46;94;4.49;;;1;8;;;;;;;;;
2023;engenharia-quimica;Faculdade Feitep;PR;131;Privada;;;72;17.74;1;8;167;1.74;;;1;8;;;;;;;;;
2023;engenharia-quimica;Centro Universitário Una de Betim;MG;132;Privada;;;73;17.73;57;5.88;111;3.85;;;1;8;;;;;;;;;
2023;engenharia-quimica;Universidade do Vale do Taquari;RS;133;Privada;;;75;17.5;78;5.08;96;4.42;;;1;8;;;;;;;;;
2023;engenharia-quimica;Centro Universitário Unicuritiba;PR;134;Privada;;;78;17.23;51;6.1;130;3.13;;;1;8;;;;;;;;;
2023;engenharia-quimica;Instituto Federal de Educação, Ciência e Tecnologia do Sul de Minas Gerais;MG;135;Federal;;;84;16.14;101;4.21;9;7.7;;;100;4.23;;;;;;;;;
2023;engenharia-quimica;Instituto Federal de Educação, Ciência e Tecnologia do Norte de Minas Gerais;MG;136;Federal;;;85;16.12;178;1.29;32;6.83;;;1;8;;;;;;;;;
2023;engenharia-quimica;Faculdade Anhanguera Unime de Salvador;BA;137;Privada;;;88;15.31;27;7.01;201-250;0.3;;;1;8;;;;;;;;;
2023;engenharia-quimica;Universidade do Oeste Paulista;SP;138;Privada;;;92;14.67;66;5.54;183;1.13;;;1;8;;;;;;;;;
2023;engenharia-quimica;Centro Universitário Toledo Wyden;SP;138;Privada;;;92;14.67;66;5.54;183;1.13;;;1;8;;;;;;;;;
2023;engenharia-quimica;Faculdade Unirb - Arapiraca;AL;140;Privada;;;95;14.18;90;4.63;172;1.55;;;1;8;;;;;;;;;
2023;engenharia-quimica;Faculdades Integradas de Três Lagoas;MS;141;Privada;;;96;14.17;110;3.87;152;2.3;;;1;8;;;;;;;;;
2023;engenharia-quimica;Faculdade Unirb - Natal;RN;142;Privada;;;97;14.14;104;4.1;159;2.04;;;1;8;;;;;;;;;
2023;engenharia-quimica;Centro Universitário Favip Wyden;PE;143;Privada;;;98;13.98;1;8;83;4.91;;;183;1.07;;;;;;;;;
2023;engenharia-quimica;Universidade do Estado do Amapá;AP;144;Estadual;;;99;13.9;159;2.01;110;3.89;;;1;8;;;;;;;;;
2023;engenharia-quimica;Universidade Católica de Santos;SP;145;Privada;;;101;13.87;87;4.74;183;1.13;;;1;8;;;;;;;;;
2023;engenharia-quimica;Universidade Santo Amaro;SP;146;Privada;;;102;13.86;139;2.77;131;3.09;;;1;8;;;;;;;;;
2023;engenharia-quimica;Faculdades Integradas Urubupungá;SP;147;Privada;;;104;13.5;104;4.1;176;1.4;;;1;8;;;;;;;;;
2023;engenharia-quimica;Centro Universitário Católica do Leste de Minas Gerais;MG;148;Privada;;;105;13.26;51;6.1;112;3.81;;;123;3.35;;;;;;;;;
2023;engenharia-quimica;Faculdade de Imperatriz Wyden;MA;149;Privada;;;106;13.2;90;4.63;198;0.57;;;1;8;;;;;;;;;
2023;engenharia-quimica;Universidade Santa Cecília;SP;150;Privada;;;109;12.69;97;4.36;76;5.17;;;128;3.16;;;;;;;;;
2023;engenharia-quimica;Centro Universitário Multivix Vitória;ES;151;Privada;;;111;12.68;201-250;0.3;97;4.38;;;1;8;;;;;;;;;
2023;engenharia-quimica;Faculdades Integradas de Aracruz;ES;152;Privada;;;112;12.64;51;6.1;77;5.13;;;174;1.41;;;;;;;;;
2023;engenharia-quimica;Faculdade Anhanguera de Teixeira de Freitas;BA;153;Privada;;;116;12.24;108;3.94;201-250;0.3;;;1;8;;;;;;;;;
2023;engenharia-quimica;Faculdade de Ensino Superior da Cidade de Feira de Santana;BA;154;Privada;;;118;11.71;122;3.41;201-250;0.3;;;1;8;;;;;;;;;
2023;engenharia-quimica;Centro Universitário FBV Wyden;PE;155;Privada;;;120;11.63;1;8;123;3.4;;;201-250;0.23;;;;;;;;;
2023;engenharia-quimica;Centro Universitário Unirb;BA;156;Privada;;;121;11.63;151;2.31;178;1.32;;;1;8;;;;;;;;;
2023;engenharia-quimica;Universidade Católica do Salvador;BA;157;Privada;;;125;11.4;137;2.84;75;5.21;;;123;3.35;;;;;;;;;
2023;engenharia-quimica;Centro Universitário São Judas Tadeu;SP;158;Privada;;;127;11.06;161;1.93;183;1.13;;;1;8;;;;;;;;;
2023;engenharia-quimica;Faculdade João Paulo II;GO;159;Privada;;;129;10.95;195;0.65;152;2.3;;;1;8;;;;;;;;;
2023;engenharia-quimica;Faculdade Unirb - Feira de Santana;BA;160;Privada;;;130;10.92;143;2.62;201-250;0.3;;;1;8;;;;;;;;;
2023;engenharia-quimica;Faculdade de Tecnologia Senai CIC;PR;161;Privada;;;135;10.08;201-250;0.34;167;1.74;;;1;8;;;;;;;;;
2023;engenharia-quimica;Faculdade Anhanguera de Maceió;AL;162;Privada;;;137;10.02;84;4.85;172;1.55;;;116;3.62;;;;;;;;;
2023;engenharia-quimica;Centro Universitário Ruy Barbosa Wyden;BA;163;Privada;;;139;9.9;1;8;201-250;0.3;;;169;1.6;;;;;;;;;
2023;engenharia-quimica;Faculdade de São Bernardo do Campo - FASB I;SP;164;Privada;;;140;9.85;135;2.92;74;5.25;;;167;1.68;;;;;;;;;
2023;engenharia-quimica;Faculdade Anhanguera de Betim;MG;165;Privada;;;143;9.26;104;4.1;151;2.34;;;137;2.82;;;;;;;;;
2023;engenharia-quimica;Faculdade Anhanguera de Guarulhos;SP;166;Privada;;;147;9.07;107;3.98;183;1.13;;;107;3.96;;;;;;;;;
2023;engenharia-quimica;Universidade Regional Integrada do Alto Uruguai e das Missões;RS;167;Privada;;;148;9.06;129;3.15;121;3.47;;;147;2.44;;;;;;;;;
2023;engenharia-quimica;Centro Universitário Uniasselvi de Guaramirim;SC;168;Privada;;;150;8.84;151;2.31;136;2.91;;;116;3.62;;;;;;;;;
2023;engenharia-quimica;Faculdade Anhanguera de Anápolis;GO;169;Privada;;;152;8.57;123;3.37;152;2.3;;;135;2.9;;;;;;;;;
2023;engenharia-quimica;Centro Universitário Anhanguera Pitágoras Unopar de Niterói;RJ;170;Privada;;;153;8.49;123;3.37;132;3.06;;;157;2.06;;;;;;;;;
2023;engenharia-quimica;Centro Universitário da Amazônia Belém;PA;171;Privada;;;154;8.47;149;2.39;155;2.19;;;109;3.89;;;;;;;;;
2023;engenharia-quimica;Faculdade Anhanguera Pitágoras de Jundiaí;SP;172;Privada;;;155;8.34;89;4.66;165;1.81;;;162;1.87;;;;;;;;;
2023;engenharia-quimica;Universidade Universus Veritas Guarulhos;SP;173;Privada;;;156;8.03;146;2.5;144;2.6;;;134;2.93;;;;;;;;;
2023;engenharia-quimica;Centro Universitário Espírito-Santense;ES;174;Privada;;;158;7.92;201-250;0.42;97;4.38;;;129;3.12;;;;;;;;;
2023;engenharia-quimica;Faculdade Unime de Ciências Exatas e Tecnológicas;BA;175;Privada;;;159;7.75;90;4.63;201-250;0.3;;;137;2.82;;;;;;;;;
2023;engenharia-quimica;Faculdade Anhanguera de Sorocaba;SP;176;Privada;;;167;6.9;123;3.37;183;1.13;;;148;2.4;;;;;;;;;
2023;engenharia-quimica;Centro Universitário Ritter dos Reis;RS;177;Privada;;;171;6.51;189;0.87;113;3.77;;;162;1.87;;;;;;;;;
2023;engenharia-quimica;Faculdade Flórida;SP;178;Privada;;;172;6.48;161;1.93;175;1.43;;;129;3.12;;;;;;;;;
2023;engenharia-quimica;Centro Universitário das Américas;SP;179;Privada;;;174;6.24;132;3.03;133;3.02;;;201-250;0.19;;;;;;;;;
2023;engenharia-quimica;Faculdade Única de Ipatinga;MG;180;Privada;;;175;6.18;201-250;0.11;127;3.25;;;137;2.82;;;;;;;;;
2023;engenharia-quimica;Centro Universitário Tabosa de Almeida;PE;181;Privada;;;176;6.14;181;1.18;128;3.21;;;165;1.75;;;;;;;;;
2023;engenharia-quimica;Faculdade do Noroeste de Minas;MG;182;Privada;;;177;6.09;172;1.52;200;0.49;;;104;4.08;;;;;;;;;
2023;engenharia-quimica;Faculdade Anhanguera de Jacareí;SP;183;Privada;;;178;6.03;120;3.49;183;1.13;;;174;1.41;;;;;;;;;
2023;engenharia-quimica;Centro Universitário Maurício de Nassau de Maceió;AL;184;Privada;;;180;5.85;157;2.09;172;1.55;;;153;2.21;;;;;;;;;
2023;engenharia-quimica;Faculdade Uninorte;AM;185;Privada;;;181;5.84;185;1.02;155;2.19;;;142;2.63;;;;;;;;;
2023;engenharia-quimica;Centro Universitário Anhanguera Pitágoras Ampli;SP;186;Privada;;;182;5.69;154;2.2;182;1.17;;;150;2.32;;;;;;;;;
2023;engenharia-quimica;Centro Universitário de Sete Lagoas;MG;187;Privada;;;184;5.47;115;3.68;200;0.49;;;177;1.3;;;;;;;;;
2023;engenharia-quimica;Faculdade Anhanguera de São Luiz;MA;188;Privada;;;185;5.17;173;1.48;198;0.57;;;129;3.12;;;;;;;;;
2023;engenharia-quimica;Faculdade Horizontina;RS;189;Privada;;;186;5.16;191;0.8;137;2.87;;;172;1.49;;;;;;;;;
2023;engenharia-quimica;Centro Universitário Uniasselvi de Brusque;SC;190;Privada;;;187;5.15;161;1.93;179;1.28;;;160;1.94;;;;;;;;;
2023;engenharia-quimica;Faculdade Católica Salesiana de Macaé;RJ;191;Privada;;;188;4.79;193;0.72;108;3.96;;;201-250;0.11;;;;;;;;;
2023;engenharia-quimica;Centro Universitário de Brusque;SC;192;Privada;;;189;4.75;195;0.65;179;1.28;;;137;2.82;;;;;;;;;
2023;engenharia-quimica;Centro Universitário Satc;SC;193;Privada;;;190;4.65;201-250;0.38;114;3.74;;;197;0.53;;;;;;;;;
2023;engenharia-quimica;Faculdade Esamc Santos;SP;193;Privada;;;190;4.65;201-250;0.08;122;3.43;;;181;1.14;;;;;;;;;
2023;engenharia-quimica;Centro Universitário de Tecnologia de Curitiba;PR;195;Privada;;;193;4.48;148;2.43;167;1.74;;;201-250;0.31;;;;;;;;;
2023;engenharia-quimica;Centro Universitário Padre Anchieta;SP;196;Privada;;;196;4.21;195;0.65;147;2.49;;;183;1.07;;;;;;;;;
2023;engenharia-quimica;Centro Universitário de Formiga;MG;197;Privada;;;197;4.13;174;1.44;162;1.93;;;191;0.76;;;;;;;;;
2023;engenharia-quimica;Centro Universitário das Faculdades Metropolitanas Unidas;SP;198;Privada;;;198;4.05;146;2.5;183;1.13;;;200;0.42;;;;;;;;;
2023;engenharia-quimica;Faculdade Municipal Professor Franco Montoro de Mogi Guaçu;SP;199;Municipal;;;199;3.82;161;1.93;163;1.89;;;;;;;;;;;;;
2023;engenharia-quimica;Centro Universitário Nossa Senhora do Patrocínio;SP;200;Privada;;;200;3.72;195;0.65;183;1.13;;;160;1.94;;;;;;;;;
2023;engenharia-quimica;Faculdade Ciências da Vida;MG;201;Privada;;;201-250;1.4;190;0.83;200;0.49;;;201-250;0.08;;;;;;;;;
2023;engenharia-quimica;Centro Universitário Braz Cubas;SP;201;Privada;;;201-250;1.55;201-250;0.27;183;1.13;;;201-250;0.15;;;;;;;;;
2023;engenharia-quimica;Faculdade Esamc São Paulo;SP;201;Privada;;;201-250;2.24;201-250;0.04;183;1.13;;;183;1.07;;;;;;;;;
2023;engenharia-quimica;Centro de Ensino Superior de Conselheiro Lafaiete;MG;201;Privada;;;201-250;3.37;195;0.65;161;1.96;;;191;0.76;;;;;;;;;
2023;engenharia-quimica;Centro Universitário das Faculdades Associadas de Ensino;SP;201;Municipal;;;201-250;3.49;192;0.76;163;1.89;;;189;0.84;;;;;;;;;
2023;engenharia-quimica;Universidade Brasil;SP;201;Privada;;;201-250;2.47;201-250;0.27;183;1.13;;;183;1.07;;;;;;;;;
2023;engenharia-quimica;Centro Universitário Unifateb;PR;201;Privada;;;201-250;3.41;188;0.91;167;1.74;;;191;0.76;;;;;;;;;
2023;engenharia-quimica;Faculdade Esamc Uberlândia;MG;201;Privada;;;201-250;0.49;;;200;0.49;;;;;;;;;;;;;
2023;engenharia-quimica;Faculdade Esamc Campinas;SP;201;Privada;;;201-250;3.36;201-250;0.15;142;2.68;;;197;0.53;;;;;;;;;
2023;engenharia-quimica;Centro Universitário de Paulínia;SP;201;Privada;;;201-250;2.99;180;1.21;183;1.13;;;194;0.65;;;;;;;;;
2023;engenharia-quimica;Faculdade Empresarial de Chapecó;SC;201;Privada;;;201-250;1.59;201-250;0.27;179;1.28;;;201-250;0.04;;;;;;;;;
2023;engenharia-quimica;Centro Universitário da Fundação Educacional Guaxupé;MG;201;Privada;;;201-250;2.66;176;1.37;200;0.49;;;190;0.8;;;;;;;;;
2024;engenharia-quimica;Universidade de São Paulo;SP;1;Estadual;1;36;2;63.66;;;6;7.81;;;1;8;;;5;7.85;1;40;;;
2024;engenharia-quimica;Universidade Estadual de Campinas;SP;2;Estadual;2;35.67;1;63.7;;;1;8;;;1;8;;;9;7.7;1;40;;;
2024;engenharia-quimica;Universidade Federal do Rio de Janeiro;RJ;3;Federal;2;35.67;4;59.65;;;35;6.72;;;1;8;;;28;6.98;3;37.95;;;
2024;engenharia-quimica;Universidade Federal de Minas Gerais;MG;4;Federal;2;35.67;5;59.57;;;3;7.93;;;1;8;;;8;7.74;5;35.9;;;
2024;engenharia-quimica;Universidade Federal de São Carlos;SP;5;Federal;7;34.04;3;60.2;;;15;7.47;;;1;8;;;6;7.81;4;36.92;;;
2024;engenharia-quimica;Universidade Estadual Paulista Júlio de Mesquita Filho;SP;6;Estadual;2;35.67;7;57.43;;;6;7.81;;;1;8;;;7;7.77;7;33.85;;;
2024;engenharia-quimica;Universidade Federal do Rio Grande do Sul;RS;7;Federal;7;34.04;6;58.66;;;4;7.89;;;1;8;;;31;6.87;5;35.9;;;
2024;engenharia-quimica;Universidade Federal de Santa Catarina;SC;8;Federal;21;29.46;8;56.69;;;12;7.59;;;1;8;;;21;7.25;7;33.85;;;
2024;engenharia-quimica;Universidade Federal do Paraná;PR;9;Federal;2;35.67;17;49.99;;;16;7.43;;;72;5.31;;;14;7.51;11;29.74;;;
2024;engenharia-quimica;Universidade Federal do Ceará;CE;10;Federal;7;34.04;14;51.29;;;22;7.21;;;1;8;;;45;6.34;11;29.74;;;
2024;engenharia-quimica;Universidade Estadual de Maringá;PR;11;Estadual;21;29.46;10;55.02;;;31;6.87;;;1;8;;;46;6.3;7;33.85;;;
2024;engenharia-quimica;Universidade Federal da Bahia;BA;12;Federal;7;34.04;16;50.15;;;24;7.13;;;1;8;;;73;5.28;11;29.74;;;
2024;engenharia-quimica;Universidade Federal de Pernambuco;PE;13;Federal;7;34.04;18;49.82;;;45;6.34;;;1;8;;;61;5.74;11;29.74;;;
2024;engenharia-quimica;Universidade Federal Fluminense;RJ;14;Federal;21;29.46;11;53.21;;;5;7.85;;;1;8;;;11;7.62;11;29.74;;;
2024;engenharia-quimica;Universidade Federal de Viçosa;MG;15;Federal;21;29.46;12;52.42;;;8;7.74;;;1;8;;;29;6.94;11;29.74;;;
2024;engenharia-quimica;Universidade do Estado do Rio de Janeiro;RJ;16;Estadual;21;29.46;19;48.41;;;23;7.17;;;82;4.93;;;39;6.57;11;29.74;;;
2024;engenharia-quimica;Universidade do Vale do Rio dos Sinos;RS;17;Privada;21;29.46;20;48.26;;;43;6.42;;;78;5.08;;;27;7.02;11;29.74;;;
2024;engenharia-quimica;Universidade de Passo Fundo;RS;18;Privada;21;29.46;22;41.08;;;105;4.08;;;131;3.07;;;102;4.19;11;29.74;;;
2024;engenharia-quimica;Universidade Federal de Lavras;MG;19;Federal;21;29.46;23;40.76;;;10;7.66;;;1;8;;;10;7.66;23;17.44;;;
2024;engenharia-quimica;Universidade Federal de Santa Maria;RS;20;Federal;21;29.46;24;39.1;;;47;6.26;;;1;8;;;17;7.4;23;17.44;;;
2024;engenharia-quimica;Universidade Estadual do Oeste do Paraná;PR;21;Estadual;21;29.46;26;38.91;;;51;6.11;;;1;8;;;18;7.36;23;17.44;;;
2024;engenharia-quimica;Universidade Tecnológica Federal do Paraná;PR;22;Federal;21;29.46;27;38.57;;;38;6.6;;;1;8;;;40;6.53;23;17.44;;;
2024;engenharia-quimica;Instituto Militar de Engenharia;RJ;23;Federal;62;16.04;13;51.81;;;2;7.96;;;1;8;;;51;6.11;11;29.74;;;
2024;engenharia-quimica;Universidade Federal de Campina Grande;PB;24;Federal;21;29.46;28;38.05;;;56;5.93;;;1;8;;;36;6.68;23;17.44;;;
2024;engenharia-quimica;Universidade Federal Rural do Rio de Janeiro;RJ;25;Federal;21;29.46;29;37.71;;;58;5.85;;;1;8;;;43;6.42;23;17.44;;;
2024;engenharia-quimica;Pontifícia Universidade Católica do Rio Grande do Sul;RS;26;Privada;7;34.04;33;31.38;;;61;5.74;;;154;2.2;;;54;6;23;17.44;;;
2024;engenharia-quimica;Fundação Universidade do Estado de Santa Catarina;SC;27;Estadual;21;29.46;30;34.75;;;14;7.51;;;101;4.21;;;65;5.59;23;17.44;;;
2024;engenharia-quimica;Universidade de Caxias do Sul;RS;28;Privada;7;34.04;34;29.42;;;93;4.53;;;135;2.92;;;93;4.53;23;17.44;;;
2024;engenharia-quimica;Centro Universitário da Fundação Educacional Inaciana Pe Sabóia de Medeiros;SP;29;Privada;21;29.46;31;33.83;;;21;7.25;;;167;1.71;;;16;7.43;23;17.44;;;
2024;engenharia-quimica;Pontifícia Universidade Católica de Campinas;SP;30;Privada;7;34.04;36;28.49;;;69;5.43;;;199;0.49;;;77;5.13;23;17.44;;;
2024;engenharia-quimica;Pontifícia Universidade Católica do Rio de Janeiro;RJ;31;Privada;62;16.04;21;45.68;;;48;6.23;;;146;2.5;;;22;7.21;11;29.74;;;
2024;engenharia-quimica;Centro Universitário do Instituto Mauá de Tecnologia;SP;32;Privada;21;29.46;32;32.1;;;56;5.93;;;139;2.77;;;55;5.96;23;17.44;;;
2024;engenharia-quimica;Universidade Federal de Goiás;GO;33;Federal;7;34.04;40;22.95;;;18;7.36;;;1;8;;;12;7.59;;;;;
2024;engenharia-quimica;Universidade do Extremo Sul Catarinense;SC;34;Privada;21;29.46;38;26.65;;;82;4.94;;;151;2.31;;;161;1.96;23;17.44;;;
2024;engenharia-quimica;Universidade Federal de Uberlândia;MG;35;Federal;;;9;56.08;;;36;6.68;;;1;8;;;13;7.55;7;33.85;;;
2024;engenharia-quimica;Universidade de Brasília;DF;36;Federal;7;34.04;44;21.81;;;28;6.98;;;1;8;;;32;6.83;;;;;
2024;engenharia-quimica;Universidade Federal de Sergipe;SE;37;Federal;7;34.04;45;21.78;;;17;7.4;;;1;8;;;44;6.38;;;;;
2024;engenharia-quimica;Universidade Federal de Mato Grosso;MT;38;Federal;7;34.04;57;19.89;;;39;6.57;;;1;8;;;72;5.32;;;;;
2024;engenharia-quimica;Universidade de Uberaba;MG;39;Privada;21;29.46;39;24.25;;;147;2.49;;;115;3.68;;;196;0.64;23;17.44;;;
2024;engenharia-quimica;Universidade Federal do Rio Grande do Norte;RN;40;Federal;21;29.46;43;21.96;;;41;6.49;;;1;8;;;15;7.47;;;;;
2024;engenharia-quimica;Universidade Federal dos Vales do Jequitinhonha e Mucuri;MG;41;Federal;;;15;50.83;;;60;5.77;;;1;8;;;19;7.32;11;29.74;;;
2024;engenharia-quimica;Universidade Federal da Paraíba;PB;42;Federal;21;29.46;49;21.06;;;50;6.15;;;1;8;;;30;6.91;;;;;
2024;engenharia-quimica;Universidade Federal do Espírito Santo;ES;43;Federal;21;29.46;54;20.34;;;66;5.55;;;1;8;;;33;6.79;;;;;
2024;engenharia-quimica;Universidade Federal do Rio Grande;RS;44;Federal;21;29.46;60;19.66;;;64;5.62;;;1;8;;;53;6.04;;;;;
2024;engenharia-quimica;Universidade Federal do Pará;PA;45;Federal;21;29.46;62;19.02;;;85;4.83;;;1;8;;;49;6.19;;;;;
2024;engenharia-quimica;Universidade Federal do Maranhão;MA;46;Federal;21;29.46;63;18.95;;;80;5.02;;;1;8;;;56;5.93;;;;;
2024;engenharia-quimica;Pontifícia Universidade Católica do Paraná;PR;47;Privada;7;34.04;83;14.25;;;53;6.04;;;111;3.83;;;97;4.38;;;;;
2024;engenharia-quimica;Universidade Federal do Amazonas;AM;48;Federal;21;29.46;65;18.42;;;88;4.72;;;1;8;;;62;5.7;;;;;
2024;engenharia-quimica;Pontifícia Universidade Católica de Minas Gerais;MG;49;Privada;7;34.04;128;10.5;;;52;6.08;;;174;1.44;;;134;2.98;;;;;
2024;engenharia-quimica;Universidade do Grande Rio Professor José de Souza Herdy;RJ;50;Privada;21;29.46;80;14.49;;;134;2.98;;;1;8;;;120;3.51;;;;;
2024;engenharia-quimica;Universidade de Ribeirão Preto;SP;51;Privada;21;29.46;88;13.91;;;89;4.68;;;91;4.59;;;90;4.64;;;;;
2024;engenharia-quimica;Universidade do Vale do Paraíba;SP;52;Privada;21;29.46;99;12.39;;;117;3.62;;;127;3.22;;;66;5.55;;;;;
2024;engenharia-quimica;Universidade do Oeste de Santa Catarina;SC;53;Privada;21;29.46;104;11.99;;;86;4.79;;;90;4.63;;;145;2.57;;;;;
2024;engenharia-quimica;Faculdades Oswaldo Cruz;SP;54;Privada;21;29.46;105;11.98;;;92;4.57;;;130;3.11;;;99;4.3;;;;;
2024;engenharia-quimica;Universidade Cesumar;PR;55;Privada;21;29.46;111;11.68;;;166;1.77;;;75;5.19;;;88;4.72;;;;;
2024;engenharia-quimica;Universidade Regional de Blumenau;SC;56;Municipal;21;29.46;112;11.67;;;73;5.28;;;153;2.24;;;103;4.15;;;;;
2024;engenharia-quimica;Centro Universitário do Norte de São Paulo;SP;57;Privada;21;29.46;123;10.72;;;174;1.47;;;1;8;;;180;1.25;;;;;
2024;engenharia-quimica;Centro Universitário Una;MG;58;Privada;21;29.46;130;10.32;;;118;3.59;;;94;4.47;;;153;2.26;;;;;
2024;engenharia-quimica;Universidade São Judas Tadeu;SP;59;Privada;21;29.46;134;9.8;;;181;1.21;;;89;4.66;;;109;3.93;;;;;
2024;engenharia-quimica;Universidade São Francisco;SP;60;Privada;21;29.46;138;9.6;;;120;3.51;;;112;3.79;;;152;2.3;;;;;
2024;engenharia-quimica;Universidade Federal de Itajubá;MG;61;Federal;;;25;39.02;;;25;7.09;;;1;8;;;41;6.49;23;17.44;;;
2024;engenharia-quimica;Universidade Estácio de Sá;RJ;61;Privada;21;29.46;139;9.56;;;118;3.59;;;156;2.12;;;111;3.85;;;;;
2024;engenharia-quimica;Universidade Tiradentes;SE;63;Privada;21;29.46;141;9.31;;;201-250;0.34;;;114;3.72;;;74;5.25;;;;;
2024;engenharia-quimica;Universidade Federal do Triângulo Mineiro;MG;64;Federal;62;16.04;41;22.22;;;29;6.94;;;1;8;;;20;7.28;;;;;
2024;engenharia-quimica;Universidade Federal de São Paulo;SP;65;Federal;62;16.04;42;22;;;54;6;;;1;8;;;1;8;;;;;
2024;engenharia-quimica;Universidade Federal de Alfenas;MG;66;Federal;62;16.04;47;21.47;;;68;5.47;;;1;8;;;1;8;;;;;
2024;engenharia-quimica;Universidade Federal de Alagoas;AL;67;Federal;62;16.04;50;20.79;;;62;5.7;;;1;8;;;25;7.09;;;;;
2024;engenharia-quimica;Universidade Estadual de Santa Cruz;BA;68;Estadual;62;16.04;55;20.26;;;33;6.79;;;1;8;;;68;5.47;;;;;
2024;engenharia-quimica;Universidade de Sorocaba;SP;69;Privada;21;29.46;182;5.71;;;150;2.38;;;201-250;0.42;;;136;2.91;;;;;
2024;engenharia-quimica;Centro Universitário do Norte;AM;70;Privada;21;29.46;185;5.49;;;156;2.15;;;152;2.28;;;185;1.06;;;;;
2024;engenharia-quimica;Universidade do Sul de Santa Catarina;SC;71;Privada;21;29.46;187;5.33;;;146;2.53;;;170;1.59;;;181;1.21;;;;;
2024;engenharia-quimica;Instituto Federal de Educação, Ciência e Tecnologia Sul-Rio-Grandense;RS;72;Federal;62;16.04;64;18.65;;;34;6.76;;;1;8;;;110;3.89;;;;;
2024;engenharia-quimica;Universidade Federal de Mato Grosso do Sul;MS;73;Federal;62;16.04;66;18.37;;;39;6.57;;;76;5.16;;;37;6.64;;;;;
2024;engenharia-quimica;Instituto Federal de Educação, Ciência e Tecnologia Goiano;GO;74;Federal;62;16.04;68;18.09;;;18;7.36;;;103;4.13;;;38;6.6;;;;;
2024;engenharia-quimica;Faculdade Feitep;PR;75;Privada;62;16.04;69;17.77;;;166;1.77;;;1;8;;;1;8;;;;;
2024;engenharia-quimica;Centro Universitário de Viçosa;MG;76;Privada;62;16.04;70;17.66;;;103;4.15;;;1;8;;;67;5.51;;;;;
2024;engenharia-quimica;Centro Universitário Facens;SP;77;Privada;62;16.04;76;16.33;;;59;5.81;;;95;4.44;;;52;6.08;;;;;
2024;engenharia-quimica;Universidade Comunitária da Região de Chapecó;SC;78;Privada;62;16.04;85;14.13;;;55;5.96;;;79;5.04;;;130;3.13;;;;;
2024;engenharia-quimica;Universidade de Vassouras;RJ;79;Privada;;;35;29.2;;;87;4.76;;;99;4.28;;;141;2.72;23;17.44;;;
2024;engenharia-quimica;Universidade da Região de Joinville;SC;80;Privada;62;16.04;94;12.89;;;72;5.32;;;119;3.53;;;106;4.04;;;;;
2024;engenharia-quimica;União das Faculdades dos Grandes Lagos;SP;81;Privada;62;16.04;96;12.8;;;181;1.21;;;1;8;;;118;3.59;;;;;
2024;engenharia-quimica;Universidade Metodista de Piracicaba;SP;82;Privada;62;16.04;97;12.63;;;142;2.68;;;128;3.19;;;34;6.76;;;;;
2024;engenharia-quimica;Faculdade de Ensino Superior da Cidade de Feira de Santana;BA;83;Privada;62;16.04;100;12.34;;;201-250;0.34;;;1;8;;;107;4;;;;;
2024;engenharia-quimica;Centro Universitário de Belo Horizonte;MG;84;Privada;62;16.04;107;11.88;;;106;4.04;;;81;4.97;;;137;2.87;;;;;
2024;engenharia-quimica;Centro Universitário Sociesc;SC;85;Privada;62;16.04;108;11.87;;;102;4.19;;;96;4.4;;;126;3.28;;;;;
2024;engenharia-quimica;Universidade do Vale do Itajaí;SC;86;Privada;62;16.04;114;11.48;;;42;6.45;;;145;2.54;;;147;2.49;;;;;
2024;engenharia-quimica;Universidade Franciscana;RS;87;Privada;62;16.04;115;11.38;;;137;2.87;;;100;4.25;;;100;4.26;;;;;
2024;engenharia-quimica;Universidade Pitágoras Unopar Anhanguera;PR;88;Privada;62;16.04;122;11.03;;;165;1.81;;;134;2.96;;;47;6.26;;;;;
2024;engenharia-quimica;Universidade de Franca;SP;89;Privada;;;37;26.73;;;116;3.66;;;147;2.46;;;129;3.17;23;17.44;;;
2024;engenharia-quimica;Universidade Regional do Noroeste do Estado do Rio Grande do Sul;RS;90;Privada;62;16.04;129;10.39;;;90;4.64;;;113;3.75;;;160;2;;;;;
2024;engenharia-quimica;Centro Universitário FBV Wyden;PE;91;Privada;62;16.04;132;10.24;;;123;3.4;;;164;1.82;;;80;5.02;;;;;
2024;engenharia-quimica;Universidade Salvador;BA;92;Privada;62;16.04;133;9.94;;;79;5.06;;;148;2.43;;;148;2.45;;;;;
2024;engenharia-quimica;Universidade Católica de Pernambuco;PE;93;Privada;62;16.04;135;9.7;;;126;3.28;;;184;1.06;;;71;5.36;;;;;
2024;engenharia-quimica;Faculdade do Centro Leste;ES;94;Privada;62;16.04;136;9.67;;;49;6.19;;;166;1.74;;;167;1.74;;;;;
2024;engenharia-quimica;Universidade Feevale;RS;95;Privada;62;16.04;137;9.63;;;104;4.11;;;158;2.05;;;121;3.47;;;;;
2024;engenharia-quimica;Faculdade Multivix São Mateus;ES;96;Privada;62;16.04;140;9.46;;;97;4.38;;;98;4.32;;;193;0.76;;;;;
2024;engenharia-quimica;Universidade Regional Integrada do Alto Uruguai e das Missões;RS;97;Privada;62;16.04;142;9.26;;;121;3.47;;;149;2.39;;;123;3.4;;;;;
2024;engenharia-quimica;Universidade de Mogi das Cruzes;SP;98;Privada;62;16.04;144;9.15;;;100;4.26;;;120;3.49;;;176;1.4;;;;;
2024;engenharia-quimica;Universidade Fumec;MG;99;Privada;62;16.04;145;9.11;;;101;4.23;;;200;0.46;;;96;4.42;;;;;
2024;engenharia-quimica;Centro Universitário Luterano de Manaus;AM;100;Privada;62;16.04;150;8.55;;;156;2.15;;;84;4.85;;;172;1.55;;;;;
2024;engenharia-quimica;Faculdade Anhanguera Pitágoras de Jundiaí;SP;101;Privada;62;16.04;151;8.43;;;164;1.85;;;159;2.01;;;92;4.57;;;;;
2024;engenharia-quimica;Centro Universitário de Patos de Minas;MG;102;Privada;62;16.04;156;7.97;;;91;4.6;;;172;1.52;;;164;1.85;;;;;
2024;engenharia-quimica;Centro Universitário Maurício de Nassau;PE;103;Privada;62;16.04;157;7.91;;;128;3.21;;;124;3.34;;;177;1.36;;;;;
2024;engenharia-quimica;Centro Universitário Uniftec;RS;104;Privada;62;16.04;158;7.9;;;137;2.87;;;160;1.97;;;132;3.06;;;;;
2024;engenharia-quimica;Universidade Vila Velha;ES;105;Privada;62;16.04;161;7.37;;;71;5.36;;;173;1.48;;;199;0.53;;;;;
2024;engenharia-quimica;Faculdade Senai-cetiqt;RJ;106;Privada;62;16.04;162;7.32;;;134;2.98;;;179;1.25;;;131;3.09;;;;;
2024;engenharia-quimica;Centro Universitário Sagrado Coração;SP;107;Privada;62;16.04;164;7.15;;;124;3.36;;;163;1.86;;;162;1.93;;;;;
2024;engenharia-quimica;Centro Universitário da Fundação Herminio Ometto;SP;108;Privada;62;16.04;167;6.8;;;107;4;;;183;1.1;;;168;1.7;;;;;
2024;engenharia-quimica;Universidade Potiguar;RN;109;Privada;62;16.04;173;6.24;;;159;2.04;;;140;2.73;;;174;1.47;;;;;
2024;engenharia-quimica;Centro Universitário Ritter dos Reis;RS;110;Privada;62;16.04;178;6;;;113;3.77;;;178;1.29;;;188;0.94;;;;;
2024;engenharia-quimica;Centro Universitário Fanor Wyden;CE;111;Privada;62;16.04;180;5.89;;;144;2.6;;;182;1.14;;;156;2.15;;;;;
2024;engenharia-quimica;Universidade Federal Rural do Semi-árido;RN;112;Federal;;;46;21.59;;;65;5.59;;;1;8;;;1;8;;;;;
2024;engenharia-quimica;Universidade Federal da Integração Latino-americana;PR;113;Federal;;;48;21.44;;;44;6.38;;;1;8;;;26;7.06;;;;;
2024;engenharia-quimica;Centro Universitário Anhanguera Pitágoras Ampli;SP;114;Privada;62;16.04;189;5.26;;;180;1.25;;;168;1.67;;;151;2.34;;;;;
2024;engenharia-quimica;Fundação Universidade Federal do Pampa;RS;115;Federal;;;51;20.68;;;67;5.51;;;1;8;;;23;7.17;;;;;
2024;engenharia-quimica;Centro Universitário da Fundação Educacional de Barretos;SP;116;Privada;62;16.04;192;4.53;;;151;2.34;;;201-250;0.3;;;163;1.89;;;;;
2024;engenharia-quimica;Universidade Federal de São João Del Rei;MG;117;Federal;;;52;20.53;;;70;5.4;;;1;8;;;24;7.13;;;;;
2024;engenharia-quimica;Instituto Federal de Educação, Ciência e Tecnologia de Santa Catarina;SC;118;Federal;;;53;20.42;;;12;7.59;;;1;8;;;85;4.83;;;;;
2024;engenharia-quimica;Universidade Federal Rural de Pernambuco;PE;119;Federal;;;56;20.15;;;45;6.34;;;1;8;;;59;5.81;;;;;
2024;engenharia-quimica;Faculdade de Americana;SP;120;Privada;62;16.04;195;4.01;;;149;2.42;;;201-250;0.27;;;178;1.32;;;;;
2024;engenharia-quimica;Instituto Federal de Educação, Ciência e Tecnologia do Rio Grande do Sul;RS;121;Federal;;;58;19.85;;;37;6.64;;;1;8;;;75;5.21;;;;;
2024;engenharia-quimica;Centro Universitário Padre Anchieta;SP;122;Privada;62;16.04;198;3.77;;;148;2.45;;;189;0.87;;;201-250;0.45;;;;;
2024;engenharia-quimica;Instituto Federal de Educação, Ciência e Tecnologia da Bahia;BA;123;Federal;;;59;19.7;;;11;7.62;;;1;8;;;105;4.08;;;;;
2024;engenharia-quimica;Faculdade Anhanguera de Linhares;ES;124;Privada;;;61;19.23;;;20;7.28;;;74;5.23;;;35;6.72;;;;;
2024;engenharia-quimica;Universidade Federal do Sul e Sudeste do Pará;PA;125;Federal;;;67;18.33;;;30;6.91;;;73;5.27;;;50;6.15;;;;;
2024;engenharia-quimica;Instituto Federal de Educação, Ciência e Tecnologia do Sul de Minas Gerais;MG;126;Federal;;;71;17.12;;;9;7.7;;;87;4.74;;;89;4.68;;;;;
2024;engenharia-quimica;Universidade La Salle;RS;127;Privada;;;72;17.1;;;115;3.7;;;1;8;;;70;5.4;;;;;
2024;engenharia-quimica;Centro Universitário Facvest;SC;128;Privada;;;73;16.94;;;94;4.49;;;1;8;;;95;4.45;;;;;
2024;engenharia-quimica;Universidade do Estado do Amazonas;AM;129;Estadual;;;74;16.91;;;63;5.66;;;1;8;;;127;3.25;;;;;
2024;engenharia-quimica;Instituto Federal de Educação, Ciência e Tecnologia do Norte de Minas Gerais;MG;130;Federal;;;75;16.42;;;32;6.83;;;1;8;;;171;1.59;;;;;
2024;engenharia-quimica;Faculdade Anhanguera Unidade Guarapari;ES;131;Privada;;;77;15.49;;;78;5.09;;;93;4.51;;;57;5.89;;;;;
2024;engenharia-quimica;Universidade do Estado do Amapá;AP;132;Estadual;;;78;14.83;;;110;3.89;;;1;8;;;135;2.94;;;;;
2024;engenharia-quimica;Faculdade Anhanguera do Maranhão;MA;133;Privada;;;79;14.78;;;125;3.32;;;80;5.01;;;42;6.45;;;;;
2024;engenharia-quimica;Universidade Santo Amaro;SP;134;Privada;;;81;14.45;;;131;3.09;;;1;8;;;124;3.36;;;;;
2024;engenharia-quimica;Universidade do Vale do Taquari;RS;135;Privada;;;82;14.3;;;96;4.42;;;85;4.82;;;79;5.06;;;;;
2024;engenharia-quimica;Faculdade Anhanguera de Ipatinga;MG;136;Privada;;;84;14.17;;;26;7.06;;;123;3.37;;;114;3.74;;;;;
2024;engenharia-quimica;Universidade Católica de Santos;SP;137;Privada;;;86;14.08;;;181;1.21;;;1;8;;;84;4.87;;;;;
2024;engenharia-quimica;Faculdades Integradas de Três Lagoas;MS;138;Privada;;;87;13.92;;;153;2.26;;;1;8;;;116;3.66;;;;;
2024;engenharia-quimica;Universidade Santa Cecília;SP;139;Privada;;;89;13.83;;;76;5.17;;;105;4.06;;;91;4.6;;;;;
2024;engenharia-quimica;Faculdade Unisul de Itajaí;SC;140;Privada;;;90;13.63;;;176;1.4;;;1;8;;;101;4.23;;;;;
2024;engenharia-quimica;Faculdade Unirb - Natal;RN;141;Privada;;;91;13.59;;;159;2.04;;;1;8;;;119;3.55;;;;;
2024;engenharia-quimica;Centro Universitário Favip Wyden;PE;142;Privada;;;92;13.53;;;83;4.91;;;128;3.19;;;69;5.43;;;;;
2024;engenharia-quimica;Faculdade Unirb - Arapiraca;AL;143;Privada;;;93;13.43;;;201-250;0.34;;;1;8;;;78;5.09;;;;;
2024;engenharia-quimica;Centro Universitário Unirb;BA;144;Privada;;;95;12.86;;;175;1.43;;;1;8;;;122;3.43;;;;;
2024;engenharia-quimica;Faculdades Integradas de Aracruz;ES;145;Privada;;;98;12.54;;;77;5.13;;;181;1.18;;;48;6.23;;;;;
2024;engenharia-quimica;Centro Universitário Católica do Leste de Minas Gerais;MG;146;Privada;;;101;12.31;;;112;3.81;;;137;2.84;;;63;5.66;;;;;
2024;engenharia-quimica;Faculdades Integradas Urubupungá;SP;147;Privada;;;102;12.27;;;173;1.51;;;1;8;;;140;2.76;;;;;
2024;engenharia-quimica;Faculdade Unirb - Feira de Santana;BA;148;Privada;;;103;12.04;;;201-250;0.34;;;1;8;;;115;3.7;;;;;
2024;engenharia-quimica;Centro Universitário Senai Cimatec;BA;149;Privada;;;106;11.97;;;27;7.02;;;155;2.16;;;139;2.79;;;;;
2024;engenharia-quimica;Centro Universitário Una de Betim;MG;150;Privada;;;109;11.87;;;111;3.85;;;102;4.17;;;111;3.85;;;;;
2024;engenharia-quimica;Universidade de Santa Cruz do Sul;RS;151;Privada;;;110;11.83;;;81;4.98;;;157;2.09;;;87;4.76;;;;;
2024;engenharia-quimica;Faculdade Anhanguera Unime de Salvador;BA;152;Privada;;;113;11.66;;;201-250;0.34;;;1;8;;;125;3.32;;;;;
2024;engenharia-quimica;Faculdade João Paulo II;GO;153;Privada;;;116;11.24;;;153;2.26;;;1;8;;;187;0.98;;;;;
2024;engenharia-quimica;Universidade Luterana do Brasil;RS;154;Privada;;;117;11.23;;;95;4.45;;;97;4.36;;;149;2.42;;;;;
2024;engenharia-quimica;Universidade Católica do Salvador;BA;154;Privada;;;117;11.23;;;75;5.21;;;116;3.64;;;150;2.38;;;;;
2024;engenharia-quimica;Faculdade Anhanguera de Betim;MG;156;Privada;;;119;11.19;;;152;2.3;;;107;3.98;;;83;4.91;;;;;
2024;engenharia-quimica;Universidade do Oeste Paulista;SP;157;Privada;;;120;11.16;;;181;1.21;;;76;5.16;;;86;4.79;;;;;
2024;engenharia-quimica;Faculdade Anhanguera de Guarulhos;SP;158;Privada;;;121;11.08;;;181;1.21;;;83;4.89;;;81;4.98;;;;;
2024;engenharia-quimica;Faculdade Área1 Wyden;BA;159;Privada;;;124;10.61;;;84;4.87;;;175;1.4;;;98;4.34;;;;;
2024;engenharia-quimica;Centro Universitário Anhanguera Pitágoras Unopar de Niterói;RJ;160;Privada;;;125;10.55;;;132;3.06;;;133;3;;;94;4.49;;;;;
2024;engenharia-quimica;Centro Universitário Toledo Wyden;SP;161;Privada;;;126;10.51;;;181;1.21;;;121;3.45;;;58;5.85;;;;;
2024;engenharia-quimica;Faculdade Anhanguera de Maceió;AL;161;Privada;;;127;10.51;;;201-250;0.34;;;92;4.55;;;64;5.62;;;;;
2024;engenharia-quimica;Centro Universitário Unicuritiba;PR;163;Privada;;;131;10.25;;;130;3.13;;;104;4.1;;;133;3.02;;;;;
2024;engenharia-quimica;Faculdade Anhanguera de Anápolis;GO;164;Privada;;;143;9.25;;;153;2.26;;;132;3.03;;;108;3.96;;;;;
2024;engenharia-quimica;Centro Universitário Newton Paiva;MG;165;Privada;;;145;9.11;;;109;3.93;;;144;2.58;;;144;2.6;;;;;
2024;engenharia-quimica;Faculdade Anhanguera de Sorocaba;SP;166;Privada;;;147;8.96;;;181;1.21;;;138;2.81;;;82;4.94;;;;;
2024;engenharia-quimica;Centro Universitário Uniasselvi de Guaramirim;SC;167;Privada;;;148;8.85;;;136;2.91;;;125;3.3;;;143;2.64;;;;;
2024;engenharia-quimica;Faculdade de São Bernardo do Campo - FASB I;SP;168;Privada;;;149;8.76;;;74;5.25;;;190;0.83;;;142;2.68;;;;;
2024;engenharia-quimica;Centro Universitário Multivix Vitória;ES;169;Privada;;;152;8.36;;;97;4.38;;;117;3.6;;;201-250;0.38;;;;;
2024;engenharia-quimica;Faculdade Unime de Ciências Exatas e Tecnológicas;BA;169;Privada;;;152;8.36;;;201-250;0.34;;;109;3.91;;;104;4.11;;;;;
2024;engenharia-quimica;Centro Universitário da Amazônia Belém;PA;171;Privada;;;154;8.25;;;156;2.15;;;106;4.02;;;158;2.08;;;;;
2024;engenharia-quimica;Centro Universitário Espírito-Santense;ES;172;Privada;;;155;8.09;;;97;4.38;;;136;2.88;;;191;0.83;;;;;
2024;engenharia-quimica;Faculdade Anhanguera de Teixeira de Freitas;BA;173;Privada;;;159;7.49;;;201-250;0.34;;;108;3.94;;;128;3.21;;;;;
2024;engenharia-quimica;Universidade Universus Veritas Guarulhos;SP;174;Privada;;;160;7.41;;;145;2.57;;;142;2.65;;;155;2.19;;;;;
2024;engenharia-quimica;Centro Universitário São Judas Tadeu;SP;175;Privada;;;163;7.27;;;181;1.21;;;86;4.78;;;179;1.28;;;;;
2024;engenharia-quimica;Centro Universitário Jorge Amado;BA;176;Privada;;;165;6.88;;;141;2.72;;;150;2.35;;;165;1.81;;;;;
2024;engenharia-quimica;Faculdade Flórida;SP;177;Privada;;;166;6.81;;;172;1.55;;;117;3.6;;;169;1.66;;;;;
2024;engenharia-quimica;Faculdade do Noroeste de Minas;MG;178;Privada;;;168;6.74;;;199;0.53;;;88;4.7;;;173;1.51;;;;;
2024;engenharia-quimica;Centro Universitário de Sete Lagoas;MG;179;Privada;;;169;6.69;;;199;0.53;;;186;0.99;;;76;5.17;;;;;
2024;engenharia-quimica;Centro Universitário Ruy Barbosa Wyden;BA;180;Privada;;;170;6.64;;;201-250;0.34;;;198;0.53;;;60;5.77;;;;;
2024;engenharia-quimica;Faculdade Anhanguera de Jacareí;SP;181;Privada;;;171;6.61;;;181;1.21;;;165;1.78;;;117;3.62;;;;;
2024;engenharia-quimica;Universidade Anhembi Morumbi;SP;182;Privada;;;172;6.28;;;181;1.21;;;122;3.41;;;169;1.66;;;;;
2024;engenharia-quimica;Faculdade Anhanguera de São Luiz;MA;183;Privada;;;173;6.24;;;197;0.6;;;110;3.87;;;166;1.77;;;;;
2024;engenharia-quimica;Centro Universitário Tabosa de Almeida;PE;184;Privada;;;175;6.2;;;128;3.21;;;171;1.56;;;175;1.43;;;;;
2024;engenharia-quimica;Centro Universitário Uniasselvi de Brusque;SC;185;Privada;;;176;6.06;;;176;1.4;;;143;2.62;;;159;2.04;;;;;
2024;engenharia-quimica;Faculdade Única de Ipatinga;MG;186;Privada;;;177;6.05;;;127;3.25;;;141;2.69;;;201-250;0.11;;;;;
2024;engenharia-quimica;Centro Universitário das Américas;SP;187;Privada;;;178;6;;;133;3.02;;;201-250;0.15;;;138;2.83;;;;;
2024;engenharia-quimica;Centro Universitário Satc;SC;188;Privada;;;181;5.79;;;114;3.74;;;177;1.33;;;194;0.72;;;;;
2024;engenharia-quimica;Faculdade de Imperatriz Wyden;MA;189;Privada;;;183;5.66;;;197;0.6;;;180;1.21;;;111;3.85;;;;;
2024;engenharia-quimica;Centro Universitário de Brusque;SC;190;Privada;;;184;5.53;;;176;1.4;;;126;3.26;;;190;0.87;;;;;
2024;engenharia-quimica;Faculdade Esamc Santos;SP;191;Privada;;;186;5.37;;;122;3.43;;;162;1.9;;;201-250;0.04;;;;;
2024;engenharia-quimica;Centro Universitário de Tecnologia de Curitiba;PR;192;Privada;;;188;5.32;;;166;1.77;;;185;1.02;;;146;2.53;;;;;
2024;engenharia-quimica;Faculdade Católica Salesiana de Macaé;RJ;193;Privada;;;190;4.64;;;108;3.96;;;201-250;0.08;;;197;0.6;;;;;
2024;engenharia-quimica;Faculdade Horizontina;RS;194;Privada;;;191;4.61;;;137;2.87;;;187;0.95;;;192;0.79;;;;;
2024;engenharia-quimica;Faculdade Municipal Professor Franco Montoro de Mogi Guaçu;SP;195;Municipal;;;193;4.16;;;163;1.89;;;201-250;0.04;;;154;2.23;;;;;
2024;engenharia-quimica;Centro Universitário Opet;PR;195;Privada;;;193;4.16;;;166;1.77;;;176;1.37;;;186;1.02;;;;;
2024;engenharia-quimica;Faculdade de Tecnologia Senai CIC;PR;197;Privada;;;196;3.96;;;166;1.77;;;161;1.93;;;201-250;0.26;;;;;
2024;engenharia-quimica;Centro Universitário das Faculdades Metropolitanas Unidas;SP;198;Privada;;;197;3.89;;;181;1.21;;;197;0.57;;;157;2.11;;;;;
2024;engenharia-quimica;Centro Universitário de Formiga;MG;199;Privada;;;199;3.67;;;162;1.93;;;195;0.65;;;184;1.09;;;;;
2024;engenharia-quimica;Centro Universitário Unifateb;PR;200;Privada;;;200;3.62;;;166;1.77;;;193;0.72;;;183;1.13;;;;;
2024;engenharia-quimica;Centro Universitário de Paulínia;SP;201;Privada;;;201-250;2.73;;;181;1.21;;;196;0.61;;;189;0.91;;;;;
2024;engenharia-quimica;Centro Universitário da Fundação Educacional Guaxupé;MG;201;Privada;;;201-250;2.38;;;199;0.53;;;194;0.68;;;182;1.17;;;;;
2024;engenharia-quimica;Faculdade Esamc Campinas;SP;201;Privada;;;201-250;3.13;;;143;2.64;;;201-250;0.34;;;201-250;0.15;;;;;
2024;engenharia-quimica;Universidade Brasil;SP;201;Privada;;;201-250;2.2;;;181;1.21;;;192;0.76;;;201-250;0.23;;;;;
2024;engenharia-quimica;Faculdade Ciências da Vida;MG;201;Privada;;;201-250;1.21;;;199;0.53;;;201-250;0.19;;;200;0.49;;;;;
2024;engenharia-quimica;Faculdade Esamc Uberlândia;MG;201;Privada;;;201-250;2.5;;;199;0.53;;;169;1.63;;;201-250;0.34;;;;;
2024;engenharia-quimica;Centro Universitário Braz Cubas;SP;201;Privada;;;201-250;2.54;;;181;1.21;;;188;0.91;;;201-250;0.42;;;;;
2024;engenharia-quimica;Faculdade Esamc São Paulo;SP;201;Privada;;;201-250;1.78;;;181;1.21;;;201-250;0.38;;;201-250;0.19;;;;;
2024;engenharia-quimica;Faculdade de Santo Ângelo;RS;201;Privada;;;201-250;2.95;;;137;2.87;;;;;;;201-250;0.08;;;;;
2024;engenharia-quimica;Faculdade Empresarial de Chapecó;SC;201;Privada;;;201-250;1.85;;;176;1.4;;;201-250;0.11;;;201-250;0.34;;;;;
2024;engenharia-quimica;Centro de Ensino Superior de Conselheiro Lafaiete;MG;201;Privada;;;201-250;2.76;;;161;1.96;;;201-250;0.23;;;198;0.57;;;;;
2024;engenharia-quimica;Centro Universitário Nossa Senhora do Patrocínio;SP;201;Privada;;;201-250;2.69;;;181;1.21;;;191;0.8;;;195;0.68;;;;;
2025;engenharia-quimica;Universidade de São Paulo;SP;1;Estadual;1;30;1;68.52;;;15;7.46;;;1;8;;;7;7.77;1;40;1;22;5.29
2025;engenharia-quimica;Universidade Estadual de Campinas;SP;2;Estadual;2;29.76;2;67.6;;;10;7.65;;;1;8;;;12;7.58;1;40;2;49;4.37
2025;engenharia-quimica;Universidade Federal do Rio de Janeiro;RJ;3;Federal;2;29.76;3;64.44;;;24;7.11;;;1;8;;;38;6.57;3;37.78;3;31;4.98
2025;engenharia-quimica;Universidade Federal de Minas Gerais;MG;4;Federal;2;29.76;4;64.24;;;4;7.88;;;1;8;;;11;7.61;5;35.56;4;25;5.19
2025;engenharia-quimica;Universidade Federal de Santa Catarina;SC;5;Federal;8;28.29;5;63.87;;;6;7.81;;;1;8;;;24;7.11;5;35.56;5;19;5.39
2025;engenharia-quimica;Universidade Federal de São Carlos;SP;6;Federal;8;28.29;6;63.11;;;13;7.54;;;1;8;;;10;7.65;4;36.67;6;82;3.25
2025;engenharia-quimica;Universidade Federal do Rio Grande do Sul;RS;7;Federal;8;28.29;7;62.08;;;8;7.73;;;1;8;;;36;6.65;5;35.56;7;56;4.14
2025;engenharia-quimica;Universidade Estadual Paulista Júlio de Mesquita Filho;SP;8;Estadual;2;29.76;8;60.1;;;15;7.46;;;1;8;;;6;7.81;8;32.22;8;42;4.61
2025;engenharia-quimica;Universidade Estadual de Maringá;PR;9;Estadual;8;28.29;10;59.86;;;9;7.69;;;1;8;;;40;6.49;8;32.22;9;17;5.46
2025;engenharia-quimica;Universidade Federal da Bahia;BA;10;Federal;8;28.29;12;56.07;;;22;7.19;;;1;8;;;76;5.1;8;32.22;10;73;3.56
2025;engenharia-quimica;Universidade Federal de Uberlândia;MG;11;Federal;25;24.15;9;59.98;;;23;7.15;;;1;8;;;9;7.69;8;32.22;11;33;4.92
2025;engenharia-quimica;Universidade Federal do Paraná;PR;12;Federal;2;29.76;15;53.56;;;5;7.85;;;1;8;;;19;7.3;14;25.56;12;35;4.85
2025;engenharia-quimica;Universidade do Estado do Rio de Janeiro;RJ;13;Estadual;8;28.29;17;52.53;;;32;6.8;;;97;4.25;;;44;6.34;8;32.22;13;92;2.92
2025;engenharia-quimica;Universidade de Brasília;DF;14;Federal;8;28.29;19;51.73;;;19;7.3;;;1;8;;;31;6.84;14;25.56;14;59;4.03
2025;engenharia-quimica;Universidade Federal do Ceará;CE;15;Federal;8;28.29;20;51.35;;;35;6.69;;;1;8;;;47;6.22;14;25.56;15;34;4.88
2025;engenharia-quimica;Universidade Federal de Pernambuco;PE;16;Federal;8;28.29;22;51;;;62;5.64;;;1;8;;;58;5.8;14;25.56;16;1;6
2025;engenharia-quimica;Universidade Estadual do Oeste do Paraná;PR;17;Estadual;25;24.15;14;53.9;;;25;7.07;;;1;8;;;20;7.27;14;25.56;17;1;6
2025;engenharia-quimica;Universidade Federal de Santa Maria;RS;18;Federal;25;24.15;16;53;;;12;7.58;;;1;8;;;17;7.38;14;25.56;18;46;4.48
2025;engenharia-quimica;Universidade Federal de Viçosa;MG;19;Federal;25;24.15;21;51.03;;;11;7.61;;;1;8;;;23;7.15;14;25.56;19;98;2.71
2025;engenharia-quimica;Universidade Federal do Rio Grande do Norte;RN;20;Federal;25;24.15;23;50.77;;;61;5.68;;;1;8;;;15;7.46;14;25.56;20;58;4.07
2025;engenharia-quimica;Centro Universitário da Fundação Educacional Inaciana Pe Sabóia de Medeiros;SP;21;Privada;8;28.29;30;46.31;;;65;5.53;;;162;1.72;;;14;7.5;14;25.56;1;1;6
2025;engenharia-quimica;Universidade Federal Fluminense;RJ;22;Federal;25;24.15;24;50.15;;;14;7.5;;;1;8;;;21;7.23;14;25.56;21;123;1.86
2025;engenharia-quimica;Universidade de Caxias do Sul;RS;23;Privada;8;28.29;33;43.7;;;79;4.99;;;123;3.24;;;84;4.79;14;25.56;2;27;5.12
2025;engenharia-quimica;Universidade Federal de Campina Grande;PB;24;Federal;25;24.15;27;46.94;;;55;5.91;;;1;8;;;42;6.42;14;25.56;22;147;1.05
2025;engenharia-quimica;Universidade do Vale do Rio dos Sinos;RS;25;Privada;25;24.15;28;46.85;;;53;5.99;;;87;4.64;;;32;6.8;14;25.56;3;64;3.86
2025;engenharia-quimica;Centro Universitário do Instituto Mauá de Tecnologia;SP;26;Privada;25;24.15;31;45.96;;;45;6.3;;;133;2.85;;;45;6.3;14;25.56;4;32;4.95
2025;engenharia-quimica;Fundação Universidade do Estado de Santa Catarina;SC;27;Estadual;25;24.15;32;45.7;;;91;4.52;;;105;3.94;;;61;5.68;14;25.56;23;1;6
2025;engenharia-quimica;Universidade Federal de Lavras;MG;28;Federal;66;14.15;13;54.32;;;26;7.03;;;1;8;;;8;7.73;14;25.56;24;1;6
2025;engenharia-quimica;Universidade de Passo Fundo;RS;29;Privada;25;24.15;34;40.59;;;33;6.76;;;107;3.86;;;116;3.56;14;25.56;5;153;0.85
2025;engenharia-quimica;Universidade Federal Rural do Rio de Janeiro;RJ;30;Federal;66;14.15;26;47.93;;;46;6.26;;;1;8;;;50;6.11;14;25.56;25;119;2
2025;engenharia-quimica;Pontifícia Universidade Católica do Rio de Janeiro;RJ;31;Privada;66;14.15;29;46.42;;;29;6.92;;;145;2.38;;;30;6.88;14;25.56;6;40;4.68
2025;engenharia-quimica;Universidade de Franca;SP;32;Privada;25;24.15;35;35.81;;;182;1.01;;;120;3.36;;;91;4.52;14;25.56;7;138;1.36
2025;engenharia-quimica;Instituto Militar de Engenharia;RJ;33;Federal;;;11;59.67;;;3;7.92;;;1;8;;;65;5.53;8;32.22;26;1;6
2025;engenharia-quimica;Universidade Presbiteriana Mackenzie;SP;34;Privada;25;24.15;36;35.03;;;182;1.01;;;124;3.2;;;72;5.26;14;25.56;8;;
2025;engenharia-quimica;Universidade Federal de Goiás;GO;35;Federal;2;29.76;39;26.25;;;1;8;;;1;8;;;26;7.03;;;27;83;3.22
2025;engenharia-quimica;Universidade Federal dos Vales do Jequitinhonha e Mucuri;MG;36;Federal;;;18;51.95;;;57;5.84;;;1;8;;;22;7.19;14;25.56;28;20;5.36
2025;engenharia-quimica;Universidade Federal da Paraíba;PB;37;Federal;25;24.15;37;26.68;;;59;5.76;;;1;8;;;29;6.92;;;29;1;6
2025;engenharia-quimica;Universidade Federal de Itajubá;MG;38;Federal;;;25;49.81;;;36;6.65;;;1;8;;;41;6.45;14;25.56;30;85;3.15
2025;engenharia-quimica;Universidade Federal de Alagoas;AL;39;Federal;25;24.15;43;25.2;;;67;5.45;;;1;8;;;34;6.73;;;31;30;5.02
2025;engenharia-quimica;Universidade Federal de Sergipe;SE;40;Federal;25;24.15;45;24.85;;;18;7.34;;;1;8;;;49;6.15;;;32;79;3.36
2025;engenharia-quimica;Universidade Federal do Espírito Santo;ES;41;Federal;25;24.15;46;24.74;;;47;6.22;;;1;8;;;33;6.76;;;33;67;3.76
2025;engenharia-quimica;Universidade Federal de Mato Grosso;MT;42;Federal;25;24.15;48;24.15;;;73;5.22;;;1;8;;;57;5.84;;;34;28;5.09
2025;engenharia-quimica;Universidade Federal do Maranhão;MA;43;Federal;25;24.15;49;23.95;;;75;5.14;;;1;8;;;59;5.76;;;35;29;5.05
2025;engenharia-quimica;Universidade Federal de Mato Grosso do Sul;MS;44;Federal;25;24.15;51;23.83;;;17;7.38;;;75;5.11;;;39;6.53;;;36;36;4.81
2025;engenharia-quimica;Universidade Federal do Triângulo Mineiro;MG;45;Federal;25;24.15;52;23.57;;;64;5.57;;;1;8;;;16;7.42;;;37;102;2.58
2025;engenharia-quimica;Universidade Federal do Pará;PA;46;Federal;25;24.15;53;23.41;;;95;4.37;;;1;8;;;46;6.26;;;38;37;4.78
2025;engenharia-quimica;Universidade Tecnológica Federal do Paraná;PR;47;Federal;25;24.15;54;23.39;;;52;6.03;;;1;8;;;43;6.38;;;39;90;2.98
2025;engenharia-quimica;Pontifícia Universidade Católica do Paraná;PR;48;Privada;8;28.29;73;18.7;;;50;6.11;;;95;4.33;;;90;4.56;;;9;69;3.7
2025;engenharia-quimica;Pontifícia Universidade Católica do Rio Grande do Sul;RS;49;Privada;8;28.29;74;18.63;;;42;6.42;;;147;2.3;;;62;5.64;;;10;52;4.27
2025;engenharia-quimica;Pontifícia Universidade Católica de Minas Gerais;MG;50;Privada;8;28.29;96;14.91;;;38;6.57;;;167;1.52;;;143;2.51;;;11;51;4.31
2025;engenharia-quimica;Universidade Regional de Blumenau;SC;51;Municipal;8;28.29;108;14.09;;;77;5.06;;;155;1.99;;;104;4.02;;;40;89;3.02
2025;engenharia-quimica;Universidade Cesumar;PR;52;Privada;8;28.29;112;13.22;;;168;1.55;;;1;8;;;113;3.67;;;12;;
2025;engenharia-quimica;Pontifícia Universidade Católica de Campinas;SP;53;Privada;25;24.15;88;16.3;;;51;6.07;;;189;0.66;;;69;5.37;;;13;54;4.2
2025;engenharia-quimica;Universidade Federal de São Paulo;SP;54;Federal;66;14.15;40;26.02;;;39;6.53;;;1;8;;;1;8;;;41;75;3.49
2025;engenharia-quimica;Universidade de Ribeirão Preto;SP;55;Privada;25;24.15;91;15.82;;;92;4.48;;;91;4.49;;;85;4.75;;;14;116;2.1
2025;engenharia-quimica;Universidade Federal Rural do Semi-árido;RN;56;Federal;66;14.15;41;25.46;;;73;5.22;;;1;8;;;1;8;;;42;53;4.24
2025;engenharia-quimica;Faculdade Feitep;PR;57;Privada;66;14.15;42;25.36;;;101;4.14;;;1;8;;;1;8;;;15;24;5.22
2025;engenharia-quimica;Centro Universitário Una;MG;58;Privada;8;28.29;140;11.04;;;131;2.98;;;110;3.75;;;121;3.36;;;16;150;0.95
2025;engenharia-quimica;Universidade Federal de São João Del Rei;MG;59;Federal;66;14.15;44;25.12;;;54;5.95;;;1;8;;;25;7.07;;;43;57;4.1
2025;engenharia-quimica;Universidade do Oeste de Santa Catarina;SC;60;Privada;25;24.15;98;14.77;;;94;4.41;;;84;4.76;;;128;3.09;;;17;104;2.51
2025;engenharia-quimica;Universidade Tiradentes;SE;61;Privada;25;24.15;100;14.63;;;138;2.71;;;99;4.18;;;63;5.6;;;18;115;2.14
2025;engenharia-quimica;Faculdades Oswaldo Cruz;SP;62;Privada;25;24.15;103;14.53;;;102;4.1;;;134;2.81;;;110;3.79;;;19;65;3.83
2025;engenharia-quimica;Centro Universitário Sociesc;SC;63;Privada;25;24.15;105;14.22;;;148;2.32;;;80;4.92;;;95;4.37;;;20;101;2.61
2025;engenharia-quimica;Instituto Federal de Educação, Ciência e Tecnologia do Rio Grande do Sul;RS;64;Federal;66;14.15;50;23.88;;;41;6.45;;;1;8;;;79;4.99;;;44;47;4.44
2025;engenharia-quimica;Universidade São Judas Tadeu;SP;65;Privada;25;24.15;111;13.4;;;117;3.52;;;117;3.47;;;93;4.44;;;21;120;1.97
2025;engenharia-quimica;Instituto Federal de Educação, Ciência e Tecnologia Sul-Rio-Grandense;RS;66;Federal;66;14.15;55;23.12;;;30;6.88;;;1;8;;;107;3.9;;;45;50;4.34
2025;engenharia-quimica;Universidade Feevale;RS;67;Privada;25;24.15;114;13.09;;;98;4.25;;;139;2.62;;;133;2.9;;;22;80;3.32
2025;engenharia-quimica;Centro Universitário de Viçosa;MG;68;Privada;66;14.15;56;22.86;;;84;4.79;;;1;8;;;66;5.49;;;23;43;4.58
2025;engenharia-quimica;Universidade Luterana do Brasil;RS;69;Privada;25;24.15;118;12.58;;;107;3.9;;;89;4.57;;;149;2.28;;;24;124;1.83
2025;engenharia-quimica;Universidade do Vale do Itajaí;SC;70;Privada;25;24.15;119;12.55;;;34;6.73;;;140;2.58;;;161;1.82;;;25;136;1.42
2025;engenharia-quimica;Universidade Federal do Amazonas;AM;71;Federal;66;14.15;60;22.05;;;76;5.1;;;1;8;;;80;4.95;;;46;60;4
2025;engenharia-quimica;Universidade Estadual de Santa Cruz;BA;72;Estadual;66;14.15;61;21.98;;;37;6.61;;;1;8;;;71;5.3;;;47;117;2.07
2025;engenharia-quimica;Universidade Federal do Rio Grande;RS;73;Federal;66;14.15;62;21.96;;;60;5.72;;;1;8;;;56;5.87;;;48;108;2.37
2025;engenharia-quimica;Universidade Vila Velha;ES;74;Privada;25;24.15;132;11.65;;;49;6.15;;;152;2.11;;;180;1.08;;;26;110;2.31
2025;engenharia-quimica;Universidade Salvador;BA;75;Privada;25;24.15;134;11.55;;;100;4.17;;;126;3.12;;;132;2.94;;;27;139;1.32
2025;engenharia-quimica;Universidade de Uberaba;MG;76;Privada;25;24.15;137;11.41;;;120;3.4;;;108;3.82;;;189;0.73;;;28;76;3.46
2025;engenharia-quimica;Faculdade de Ensino Superior da Cidade de Feira de Santana;BA;77;Privada;66;14.15;64;20.15;;;110;3.79;;;1;8;;;125;3.21;;;29;26;5.15
2025;engenharia-quimica;Faculdades Integradas de Três Lagoas;MS;78;Privada;66;14.15;69;19.28;;;154;2.09;;;1;8;;;106;3.94;;;30;23;5.25
2025;engenharia-quimica;Universidade do Sul de Santa Catarina;SC;79;Privada;25;24.15;157;9.14;;;130;3.01;;;142;2.5;;;150;2.24;;;31;137;1.39
2025;engenharia-quimica;Universidade de Sorocaba;SP;80;Privada;25;24.15;171;8.04;;;132;2.94;;;198;0.31;;;134;2.86;;;32;121;1.93
2025;engenharia-quimica;Universidade Estácio de Sá;RJ;81;Privada;25;24.15;172;8;;;142;2.55;;;200;0.23;;;73;5.22;;;33;;
2025;engenharia-quimica;Centro Universitário Favip Wyden;PE;82;Privada;66;14.15;81;17.66;;;136;2.78;;;130;2.97;;;55;5.91;;;34;1;6
2025;engenharia-quimica;Centro Federal de Educação Tecnológica de Minas Gerais;MG;83;Federal;66;14.15;82;17.32;;;81;4.91;;;1;8;;;94;4.41;;;49;;
2025;engenharia-quimica;Universidade Comunitária da Região de Chapecó;SC;84;Privada;66;14.15;83;16.93;;;81;4.91;;;77;5.03;;;101;4.14;;;35;94;2.85
2025;engenharia-quimica;Centro Universitário Facens;SP;85;Privada;66;14.15;84;16.84;;;86;4.72;;;94;4.37;;;54;5.95;;;36;125;1.8
2025;engenharia-quimica;Instituto Federal de Educação, Ciência e Tecnologia Goiano;GO;86;Federal;66;14.15;85;16.58;;;1;8;;;104;3.98;;;89;4.6;;;50;;
2025;engenharia-quimica;União das Faculdades dos Grandes Lagos;SP;87;Privada;66;14.15;90;15.95;;;182;1.01;;;1;8;;;117;3.52;;;37;77;3.42
2025;engenharia-quimica;Universidade Anhembi Morumbi;SP;88;Privada;25;24.15;189;5.82;;;182;1.01;;;154;2.03;;;136;2.78;;;38;;
2025;engenharia-quimica;Centro Universitário das Faculdades Metropolitanas Unidas;SP;89;Privada;25;24.15;191;5.59;;;160;1.86;;;192;0.55;;;154;2.09;;;39;146;1.09
2025;engenharia-quimica;Universidade do Grande Rio Professor José de Souza Herdy;RJ;90;Privada;66;14.15;93;15.21;;;142;2.55;;;1;8;;;148;2.32;;;40;109;2.34
2025;engenharia-quimica;Centro Universitário FBV Wyden;PE;91;Privada;66;14.15;94;15.1;;;140;2.63;;;166;1.56;;;81;4.91;;;41;1;6
2025;engenharia-quimica;Universidade de Mogi das Cruzes;SP;92;Privada;66;14.15;98;14.77;;;103;4.06;;;119;3.4;;;174;1.31;;;42;1;6
2025;engenharia-quimica;Universidade São Francisco;SP;93;Privada;66;14.15;113;13.16;;;106;3.94;;;93;4.41;;;153;2.13;;;43;99;2.68
2025;engenharia-quimica;Universidade Santo Amaro;SP;94;Privada;66;14.15;115;12.9;;;182;1.01;;;1;8;;;124;3.25;;;44;159;0.64
2025;engenharia-quimica;Universidade da Região de Joinville;SC;95;Privada;66;14.15;116;12.77;;;108;3.87;;;118;3.43;;;98;4.25;;;45;142;1.22
2025;engenharia-quimica;Centro Universitário de Belo Horizonte;MG;96;Privada;66;14.15;120;12.54;;;135;2.82;;;86;4.68;;;111;3.75;;;46;140;1.29
2025;engenharia-quimica;Centro Universitário Jorge Amado;BA;97;Privada;66;14.15;122;12.5;;;110;3.79;;;120;3.36;;;146;2.4;;;47;91;2.95
2025;engenharia-quimica;Universidade Regional do Noroeste do Estado do Rio Grande do Sul;RS;98;Privada;66;14.15;123;12.47;;;27;7;;;125;3.16;;;171;1.43;;;48;152;0.88
2025;engenharia-quimica;Universidade Fumec;MG;99;Privada;66;14.15;124;12.4;;;121;3.36;;;196;0.39;;;78;5.02;;;49;71;3.63
2025;engenharia-quimica;Faculdade Anhanguera Pitágoras de Jundiaí;SP;100;Privada;66;14.15;125;12.23;;;118;3.48;;;141;2.54;;;51;6.07;;;50;174;0.14
2025;engenharia-quimica;Universidade Federal de Alfenas;MG;101;Federal;;;38;26.33;;;81;4.91;;;1;8;;;1;8;;;51;18;5.42
2025;engenharia-quimica;Universidade Franciscana;RS;102;Privada;66;14.15;128;12.13;;;128;3.09;;;101;4.1;;;82;4.87;;;51;176;0.07
2025;engenharia-quimica;Centro Universitário Unime;BA;103;Privada;66;14.15;130;11.99;;;110;3.79;;;102;4.06;;;114;3.63;;;52;163;0.51
2025;engenharia-quimica;Centro Universitário Newton Paiva;MG;104;Privada;66;14.15;142;10.79;;;85;4.75;;;163;1.68;;;126;3.17;;;53;143;1.19
2025;engenharia-quimica;Universidade Católica do Salvador;BA;105;Privada;66;14.15;144;10.51;;;109;3.83;;;150;2.19;;;155;2.05;;;54;106;2.44
2025;engenharia-quimica;Universidade Federal da Integração Latino-americana;PR;106;Federal;;;47;24.22;;;66;5.49;;;1;8;;;27;7;;;52;68;3.73
2025;engenharia-quimica;Centro Universitário da Fundação Herminio Ometto;SP;107;Privada;66;14.15;146;9.9;;;99;4.21;;;171;1.37;;;177;1.2;;;55;86;3.12
2025;engenharia-quimica;Universidade do Extremo Sul Catarinense;SC;108;Privada;66;14.15;147;9.74;;;124;3.25;;;146;2.34;;;163;1.74;;;56;107;2.41
2025;engenharia-quimica;Faculdade Esamc Uberlândia;MG;109;Privada;66;14.15;149;9.51;;;173;1.35;;;1;8;;;201-250;0.16;;;57;;
2025;engenharia-quimica;Universidade do Oeste Paulista;SP;110;Privada;66;14.15;150;9.49;;;182;1.01;;;88;4.61;;;108;3.87;;;58;;
2025;engenharia-quimica;Centro Universitário Uniftec;RS;111;Privada;66;14.15;152;9.37;;;201-250;0.23;;;160;1.8;;;140;2.63;;;59;39;4.71
2025;engenharia-quimica;Universidade Católica de Pernambuco;PE;112;Privada;66;14.15;153;9.22;;;149;2.28;;;187;0.74;;;67;5.45;;;60;156;0.75
2025;engenharia-quimica;Universidade Regional Integrada do Alto Uruguai e das Missões;RS;113;Privada;66;14.15;155;9.18;;;163;1.74;;;157;1.91;;;129;3.05;;;61;105;2.48
2025;engenharia-quimica;Faculdade do Centro Leste;ES;113;Privada;66;14.15;155;9.18;;;88;4.64;;;156;1.95;;;170;1.47;;;61;145;1.12
2025;engenharia-quimica;Centro Universitário Sagrado Coração;SP;115;Privada;66;14.15;158;9.05;;;146;2.4;;;173;1.29;;;164;1.7;;;63;70;3.66
2025;engenharia-quimica;Centro Universitário Maurício de Nassau;PE;116;Privada;66;14.15;160;8.78;;;149;2.28;;;113;3.63;;;183;0.97;;;64;122;1.9
2025;engenharia-quimica;Centro Universitário Padre Anchieta;SP;116;Privada;66;14.15;160;8.78;;;133;2.9;;;177;1.13;;;193;0.58;;;64;55;4.17
2025;engenharia-quimica;Universidade Universus Veritas Guarulhos;SP;118;Privada;66;14.15;163;8.64;;;164;1.7;;;137;2.69;;;156;2.01;;;66;112;2.24
2025;engenharia-quimica;Universidade Federal do Sul e Sudeste do Pará;PA;119;Federal;;;57;22.74;;;69;5.37;;;1;8;;;48;6.18;;;53;84;3.19
2025;engenharia-quimica;Universidade de Santa Cruz do Sul;RS;120;Privada;66;14.15;165;8.46;;;201-250;0.23;;;144;2.42;;;83;4.83;;;67;149;0.98
2025;engenharia-quimica;Centro Universitário da Fundação Educacional de Barretos;SP;121;Privada;66;14.15;167;8.41;;;105;3.98;;;193;0.51;;;159;1.89;;;68;118;2.03
2025;engenharia-quimica;Faculdade Unirb - Feira de Santana;BA;122;Privada;;;58;22.51;;;110;3.79;;;1;8;;;86;4.72;;;69;1;6
2025;engenharia-quimica;Universidade do Vale do Taquari;RS;123;Privada;;;59;22.31;;;21;7.23;;;78;5;;;70;5.33;;;70;38;4.75
2025;engenharia-quimica;Faculdade de Americana;SP;124;Privada;66;14.15;175;7.71;;;141;2.59;;;195;0.43;;;185;0.89;;;71;66;3.8
2025;engenharia-quimica;Centro Universitário de Brusque;SC;125;Privada;66;14.15;176;7.69;;;152;2.16;;;91;4.49;;;181;1.04;;;72;;
2025;engenharia-quimica;Centro Universitário do Norte;AM;126;Privada;66;14.15;179;7.44;;;180;1.08;;;151;2.15;;;179;1.12;;;73;87;3.09
2025;engenharia-quimica;Faculdade Esamc Campinas;SP;127;Privada;66;14.15;185;6.47;;;165;1.66;;;176;1.17;;;199;0.35;;;74;81;3.29
2025;engenharia-quimica;Centro Universitário de Sete Lagoas;MG;128;Privada;66;14.15;186;6.4;;;173;1.35;;;199;0.27;;;102;4.1;;;75;158;0.68
2025;engenharia-quimica;Centro Universitário Ritter dos Reis;RS;129;Privada;66;14.15;187;6.37;;;166;1.62;;;153;2.07;;;165;1.66;;;76;148;1.02
2025;engenharia-quimica;Fundação Universidade Federal do Pampa;RS;130;Federal;;;63;20.17;;;126;3.17;;;1;8;;;18;7.34;;;54;129;1.66
2025;engenharia-quimica;Instituto Federal de Educação, Ciência e Tecnologia da Bahia;BA;131;Federal;;;65;20.13;;;20;7.27;;;1;8;;;120;3.4;;;55;135;1.46
2025;engenharia-quimica;Instituto Federal de Educação, Ciência e Tecnologia de Santa Catarina;SC;132;Federal;;;66;20.1;;;6;7.81;;;1;8;;;97;4.29;;;56;;
2025;engenharia-quimica;Faculdade Anhanguera do Maranhão;MA;133;Privada;;;67;20.05;;;70;5.33;;;1;8;;;35;6.69;;;77;177;0.03
2025;engenharia-quimica;Instituto Federal de Educação, Ciência e Tecnologia do Norte de Minas Gerais;MG;134;Federal;;;68;19.65;;;28;6.96;;;1;8;;;178;1.16;;;57;74;3.53
2025;engenharia-quimica;Universidade do Estado do Amazonas;AM;135;Estadual;;;70;19.2;;;43;6.38;;;1;8;;;123;3.29;;;58;133;1.53
2025;engenharia-quimica;Universidade Potiguar;RN;136;Privada;66;14.15;194;5.02;;;196;0.46;;;122;3.28;;;175;1.28;;;78;;
2025;engenharia-quimica;Centro Universitário Anhanguera Pitágoras Ampli;SP;137;Privada;66;14.15;195;4.98;;;182;1.01;;;172;1.33;;;144;2.47;;;79;173;0.17
2025;engenharia-quimica;Centro Universitário Facvest;SC;138;Privada;;;71;18.9;;;156;2.01;;;1;8;;;92;4.48;;;80;48;4.41
2025;engenharia-quimica;Universidade Federal Rural de Pernambuco;PE;139;Federal;;;72;18.82;;;62;5.64;;;1;8;;;74;5.18;;;59;;
2025;engenharia-quimica;Faculdade de Imperatriz Wyden;MA;140;Privada;;;75;18.56;;;70;5.33;;;190;0.62;;;37;6.61;;;81;1;6
2025;engenharia-quimica;Faculdade Unirb - Arapiraca;AL;141;Privada;;;76;18.44;;;196;0.46;;;1;8;;;105;3.98;;;82;1;6
2025;engenharia-quimica;Universidade Santa Cecília;SP;142;Privada;;;77;18.23;;;56;5.87;;;116;3.51;;;99;4.21;;;83;41;4.64
2025;engenharia-quimica;Universidade do Estado do Amapá;AP;143;Estadual;;;78;18.01;;;87;4.68;;;1;8;;;142;2.55;;;60;96;2.78
2025;engenharia-quimica;Centro Universitário Ruy Barbosa Wyden;BA;144;Privada;;;79;17.9;;;110;3.79;;;174;1.25;;;13;7.54;;;84;21;5.32
2025;engenharia-quimica;Centro Universitário do Norte de São Paulo;SP;145;Privada;;;80;17.83;;;182;1.01;;;1;8;;;135;2.82;;;85;1;6
2025;engenharia-quimica;Centro Universitário Unirb;BA;146;Privada;;;86;16.51;;;110;3.79;;;1;8;;;127;3.13;;;86;131;1.59
2025;engenharia-quimica;Instituto Federal de Educação, Ciência e Tecnologia do Sul de Minas Gerais;MG;147;Federal;;;87;16.31;;;80;4.95;;;76;5.07;;;75;5.14;;;61;144;1.15
2025;engenharia-quimica;Centro Universitário Católica do Leste de Minas Gerais;MG;148;Privada;;;89;15.95;;;92;4.48;;;111;3.71;;;52;6.03;;;87;127;1.73
2025;engenharia-quimica;Universidade La Salle;RS;149;Privada;;;92;15.45;;;48;6.18;;;96;4.29;;;100;4.17;;;88;154;0.81
2025;engenharia-quimica;Centro Universitário Senai Cimatec;BA;150;Privada;;;95;14.93;;;31;6.84;;;129;3.01;;;115;3.59;;;89;134;1.49
2025;engenharia-quimica;Centro Universitário Multivix Vitória;ES;151;Privada;;;97;14.81;;;88;4.64;;;115;3.55;;;192;0.62;;;90;1;6
2025;engenharia-quimica;Universidade de Vassouras;RJ;152;Privada;;;101;14.57;;;78;5.02;;;82;4.84;;;130;3.01;;;91;128;1.7
2025;engenharia-quimica;Centro Universitário de Patos de Minas;MG;153;Privada;;;102;14.54;;;40;6.49;;;158;1.87;;;141;2.59;;;92;72;3.59
2025;engenharia-quimica;Universidade do Vale do Paraíba;SP;154;Privada;;;104;14.36;;;134;2.86;;;136;2.73;;;60;5.72;;;93;88;3.05
2025;engenharia-quimica;Faculdades Integradas Urubupungá;SP;155;Privada;;;106;14.17;;;147;2.36;;;1;8;;;119;3.44;;;94;167;0.37
2025;engenharia-quimica;Faculdade Anhanguera de Ipatinga;MG;156;Privada;;;107;14.12;;;68;5.41;;;114;3.59;;;87;4.68;;;95;165;0.44
2025;engenharia-quimica;Faculdade Unisul de Itajaí;SC;157;Privada;;;109;13.88;;;156;2.01;;;1;8;;;108;3.87;;;96;;
2025;engenharia-quimica;Centro Universitário Una de Betim;MG;158;Privada;;;110;13.85;;;119;3.44;;;100;4.14;;;88;4.64;;;97;130;1.63
2025;engenharia-quimica;Instituto Federal de Educação, Ciência e Tecnologia de Rondônia;RO;159;Federal;;;117;12.76;;;95;4.37;;;1;8;;;198;0.39;;;62;;
2025;engenharia-quimica;Faculdade Unirb - Natal;RN;160;Privada;;;121;12.52;;;196;0.46;;;1;8;;;103;4.06;;;98;;
2025;engenharia-quimica;Faculdade do Noroeste de Minas;MG;161;Privada;;;125;12.23;;;162;1.78;;;79;4.96;;;167;1.59;;;99;63;3.9
2025;engenharia-quimica;Centro Universitário Toledo Wyden;SP;162;Privada;;;127;12.17;;;182;1.01;;;106;3.9;;;77;5.06;;;100;113;2.2
2025;engenharia-quimica;Faculdade Anhanguera de São Luiz;MA;163;Privada;;;129;12.04;;;70;5.33;;;109;3.79;;;145;2.44;;;101;164;0.48
2025;engenharia-quimica;Centro Universitário Satc;SC;164;Privada;;;131;11.67;;;44;6.34;;;161;1.76;;;184;0.93;;;102;100;2.64
2025;engenharia-quimica;Universidade Pitágoras Unopar Anhanguera;PR;165;Privada;;;133;11.59;;;168;1.55;;;127;3.08;;;28;6.96;;;103;;
2025;engenharia-quimica;Faculdade Anhanguera de Maceió;AL;166;Privada;;;135;11.48;;;196;0.46;;;85;4.72;;;53;5.99;;;104;169;0.31
2025;engenharia-quimica;Faculdade Anhanguera de Guarulhos;SP;167;Privada;;;136;11.44;;;182;1.01;;;80;4.92;;;68;5.41;;;105;175;0.1
2025;engenharia-quimica;Faculdade Anhanguera de Betim;MG;168;Privada;;;138;11.35;;;173;1.35;;;103;4.02;;;64;5.57;;;106;166;0.41
2025;engenharia-quimica;Centro Universitário Unicuritiba;PR;169;Privada;;;139;11.31;;;129;3.05;;;135;2.77;;;122;3.32;;;107;114;2.17
2025;engenharia-quimica;Faculdade Anhanguera de Teixeira de Freitas;BA;170;Privada;;;141;10.98;;;110;3.79;;;112;3.67;;;131;2.98;;;108;162;0.54
2025;engenharia-quimica;Centro Universitário São Judas Tadeu;SP;171;Privada;;;143;10.52;;;139;2.67;;;98;4.22;;;138;2.71;;;109;151;0.92
2025;engenharia-quimica;Centro Universitário de Tecnologia de Curitiba;PR;172;Privada;;;145;10.17;;;137;2.74;;;165;1.6;;;160;1.86;;;110;61;3.97
2025;engenharia-quimica;Centro Universitário Espírito-Santense;ES;173;Privada;;;148;9.73;;;88;4.64;;;130;2.97;;;169;1.51;;;111;160;0.61
2025;engenharia-quimica;Centro Universitário Fanor Wyden;CE;174;Privada;;;151;9.48;;;196;0.46;;;179;1.05;;;157;1.97;;;112;1;6
2025;engenharia-quimica;Faculdade Esamc Santos;SP;175;Privada;;;154;9.21;;;122;3.32;;;128;3.04;;;201-250;0.04;;;113;95;2.81
2025;engenharia-quimica;Faculdade Senai-cetiqt;RJ;176;Privada;;;159;8.93;;;142;2.55;;;169;1.44;;;139;2.67;;;114;111;2.27
2025;engenharia-quimica;Centro Universitário Unifateb;PR;177;Privada;;;162;8.71;;;168;1.55;;;170;1.41;;;176;1.24;;;115;45;4.51
2025;engenharia-quimica;Centro Universitário Luterano de Manaus;AM;178;Privada;;;164;8.55;;;161;1.82;;;83;4.8;;;158;1.93;;;116;;
2025;engenharia-quimica;Faculdade Unirb - Teresina;PI;179;Privada;;;165;8.46;;;196;0.46;;;;;;;1;8;;;117;;
2025;engenharia-quimica;Centro Universitário das Américas;SP;180;Privada;;;168;8.39;;;123;3.29;;;201-250;0.2;;;147;2.36;;;118;103;2.54
2025;engenharia-quimica;Faculdade Ciências da Vida;MG;181;Privada;;;169;8.37;;;125;3.21;;;201-250;0.08;;;194;0.54;;;119;44;4.54
2025;engenharia-quimica;Centro Universitário de Paulínia;SP;182;Privada;;;170;8.21;;;127;3.13;;;186;0.78;;;168;1.55;;;120;97;2.75
2025;engenharia-quimica;Centro Universitário Nossa Senhora do Patrocínio;SP;183;Privada;;;173;7.87;;;58;5.8;;;188;0.7;;;191;0.66;;;121;157;0.71
2025;engenharia-quimica;Centro Universitário da Amazônia Belém;PA;184;Privada;;;174;7.77;;;180;1.08;;;90;4.53;;;152;2.16;;;122;;
2025;engenharia-quimica;Faculdade de São Bernardo do Campo FASB;SP;185;Privada;;;177;7.56;;;153;2.13;;;197;0.35;;;151;2.2;;;123;93;2.88
2025;engenharia-quimica;Faculdade Anhanguera de Sorocaba;SP;186;Privada;;;178;7.55;;;182;1.01;;;159;1.83;;;95;4.37;;;124;168;0.34
2025;engenharia-quimica;Faculdade Católica Salesiana de Macaé;RJ;187;Privada;;;180;7.14;;;142;2.55;;;201-250;0.16;;;195;0.5;;;125;62;3.93
2025;engenharia-quimica;Faculdade Anhanguera de Jacareí;SP;188;Privada;;;181;6.98;;;155;2.05;;;175;1.21;;;118;3.48;;;126;171;0.24
2025;engenharia-quimica;Centro Universitário Uniasselvi de Brusque;SC;189;Privada;;;182;6.76;;;156;2.01;;;130;2.97;;;162;1.78;;;127;;
2025;engenharia-quimica;Faculdade Anhanguera de Anápolis;GO;190;Privada;;;183;6.71;;;201-250;0.08;;;138;2.65;;;112;3.71;;;128;170;0.27
2025;engenharia-quimica;Faculdade Municipal Professor Franco Montoro de Mogi Guaçu;SP;191;Municipal;;;184;6.66;;;104;4.02;;;201-250;0.04;;;181;1.04;;;63;132;1.56
2025;engenharia-quimica;Universidade Brasil;SP;192;Privada;;;188;6.15;;;167;1.59;;;181;0.98;;;201-250;0.19;;;129;78;3.39
2025;engenharia-quimica;Faculdade Empresarial de Chapecó;SC;193;Privada;;;190;5.65;;;97;4.29;;;194;0.47;;;200;0.31;;;130;161;0.58
2025;engenharia-quimica;Centro Universitário Tabosa de Almeida;PE;194;Privada;;;192;5.51;;;149;2.28;;;143;2.46;;;188;0.77;;;131;;
2025;engenharia-quimica;Centro Universitário Opet;PR;195;Privada;;;193;5.16;;;168;1.55;;;149;2.22;;;172;1.39;;;132;;
2025;engenharia-quimica;Faculdade João Paulo II;GO;196;Privada;;;196;4.34;;;201-250;0.08;;;168;1.48;;;136;2.78;;;133;;
2025;engenharia-quimica;Centro Universitário Uniasselvi de Guaramirim;SC;197;Privada;;;197;4.3;;;156;2.01;;;182;0.94;;;173;1.35;;;134;;
2025;engenharia-quimica;Faculdade Única de Ipatinga;MG;198;Privada;;;198;3.89;;;173;1.35;;;148;2.26;;;201-250;0.08;;;135;172;0.2
2025;engenharia-quimica;Centro Universitário da Fundação Educacional Guaxupé;MG;199;Privada;;;199;3.76;;;173;1.35;;;185;0.82;;;187;0.81;;;136;155;0.78
2025;engenharia-quimica;Faculdade de Roseira;SP;200;Privada;;;200;3.68;;;182;1.01;;;179;1.05;;;166;1.62;;;137;;
2025;engenharia-quimica;Centro Universitário Braz Cubas;SP;201;Privada;;;201-250;2.56;;;182;1.01;;;178;1.09;;;196;0.46;;;142;;
2025;engenharia-quimica;Faculdade Esamc São Paulo;SP;201;Privada;;;201-250;3.51;;;182;1.01;;;190;0.62;;;201-250;0.12;;;138;126;1.76
2025;engenharia-quimica;Centro Universitário Senai Paraná;PR;201;Privada;;;201-250;3.46;;;168;1.55;;;164;1.64;;;201-250;0.27;;;139;;
2025;engenharia-quimica;Faculdade de Santo Ângelo;RS;201;Privada;;;201-250;0.46;;;201-250;0.23;;;;;;;201-250;0.23;;;144;;
2025;engenharia-quimica;Centro Universitário de Formiga;MG;201;Privada;;;201-250;3.06;;;173;1.35;;;184;0.86;;;186;0.85;;;141;;
2025;engenharia-quimica;Faculdade Horizontina;RS;201;Privada;;;201-250;3.08;;;201-250;0.23;;;183;0.9;;;190;0.7;;;140;141;1.25
2025;engenharia-quimica;Centro de Ensino Superior de Conselheiro Lafaiete;MG;201;Privada;;;201-250;1.9;;;173;1.35;;;201-250;0.12;;;197;0.43;;;143;;
