ano;curso;Universidade;Estado;Posição;Pública ou Privada;Posição em avaliação do Mercado;Nota em avaliação do Mercado;Posição em qualidade de ensino;Nota em qualidade de ensino;Posição em Instrução dos Professores;Nota em Instrução dos Professores;Posição Nota dos concluintes;Nota dos concluintes;Posição Desistência;Nota Desistência;Posição em Tempo de Dedicação dos Professores;Nota em Tempo de Dedicação dos Professores;Posição no MEC;Nota no MEC;Posição em Professores com doutorado e mestrado;Nota em Professores com doutorado e mestrado;Posição em avaliação dos docentes;Nota em avaliação dos docentes;Posição PP;Posição em Permanência dos alunos;Nota em Permanência dos alunos
2019;engenharia-mecanica;Universidade de São Paulo;SP;1;Estadual;1;36;1;62.72;1;8;36;6.72;;;1;8;1;40;;;;;;;
2019;engenharia-mecanica;Universidade Estadual de Campinas;SP;2;Estadual;2;35.63;2;60.61;6;7.89;36;6.72;;;1;8;2;38;;;;;;;
2019;engenharia-mecanica;Universidade Federal de Minas Gerais;MG;3;Federal;2;35.63;4;57.76;5;7.91;5;7.85;;;1;8;4;34;;;;;;;
2019;engenharia-mecanica;Universidade Federal do Rio de Janeiro;RJ;4;Federal;6;34.13;5;56.95;2;7.98;29;6.97;;;1;8;4;34;;;;;;;
2019;engenharia-mecanica;Universidade Federal de Santa Catarina;SC;5;Federal;18;29.63;3;59.26;13;7.74;14;7.52;;;1;8;3;36;;;;;;;
2019;engenharia-mecanica;Universidade Federal do Rio Grande do Sul;RS;6;Federal;6;34.13;9;51.19;18;7.63;13;7.56;;;1;8;7;28;;;;;;;
2019;engenharia-mecanica;Universidade Estadual Paulista Júlio de Mesquita Filho;SP;7;Estadual;6;34.13;11;49.07;4;7.94;21;7.27;;;99;5.86;7;28;;;;;;;
2019;engenharia-mecanica;Universidade Federal de São Carlos;SP;8;Federal;18;29.63;7;51.89;3;7.96;3;7.93;;;1;8;7;28;;;;;;;
2019;engenharia-mecanica;Universidade Federal do Paraná;PR;9;Federal;6;34.13;12;41.02;16;7.68;19;7.34;;;1;8;12;18;;;;;;;
2019;engenharia-mecanica;Instituto Tecnológico de Aeronáutica;SP;10;Federal;49;18;6;55.41;15;7.7;16;7.45;;;81;6.26;4;34;;;;;;;
2019;engenharia-mecanica;Universidade Federal de Itajubá;MG;11;Federal;18;29.63;14;40.12;35;7.26;32;6.86;;;1;8;12;18;;;;;;;
2019;engenharia-mecanica;Universidade Presbiteriana Mackenzie;SP;12;Privada;6;34.13;18;35.49;34;7.29;69;5.51;;;153;4.69;12;18;;;;;;;
2019;engenharia-mecanica;Universidade Federal de Uberlândia;MG;13;Federal;49;18;8;51.21;19;7.61;12;7.6;;;1;8;7;28;;;;;;;
2019;engenharia-mecanica;Centro Universitário da Fundação Educacional Inaciana Pe Sabóia de Medeiros;SP;14;Privada;2;35.63;19;32.75;74;6.42;17;7.41;;;301-350;0.92;12;18;;;;;;;
2019;engenharia-mecanica;Universidade Federal de Viçosa;MG;15;Federal;49;18;13;40.95;26;7.46;15;7.49;;;1;8;12;18;;;;;;;
2019;engenharia-mecanica;Universidade Federal de Pernambuco;PE;16;Federal;6;34.13;26;22.45;40;7.15;20;7.3;;;1;8;;;;;;;;;
2019;engenharia-mecanica;Universidade de Brasília;DF;17;Federal;18;29.63;21;23.67;11;7.78;4;7.89;;;1;8;;;;;;;;;
2019;engenharia-mecanica;Universidade do Vale do Rio dos Sinos;RS;18;Privada;6;34.13;53;19.05;29;7.39;60;5.84;;;101;5.82;;;;;;;;;
2019;engenharia-mecanica;Universidade Federal de Goiás;GO;19;Federal;18;29.63;22;23.16;38;7.2;2;7.96;;;1;8;;;;;;;;;
2019;engenharia-mecanica;Universidade Federal do Ceará;CE;20;Federal;18;29.63;23;23;10;7.81;23;7.19;;;1;8;;;;;;;;;
2019;engenharia-mecanica;Universidade Federal do Espírito Santo;ES;21;Federal;18;29.63;24;22.85;37;7.22;11;7.63;;;1;8;;;;;;;;;
2019;engenharia-mecanica;Universidade Federal de Santa Maria;RS;22;Federal;18;29.63;29;22.08;32;7.33;35;6.75;;;1;8;;;;;;;;;
2019;engenharia-mecanica;Universidade Tecnológica Federal do Paraná;PR;23;Federal;18;29.63;32;21.89;56;6.81;26;7.08;;;1;8;;;;;;;;;
2019;engenharia-mecanica;Universidade Estadual de Maringá;PR;24;Estadual;18;29.63;34;21.58;77;6.35;22;7.23;;;1;8;;;;;;;;;
2019;engenharia-mecanica;Pontifícia Universidade Católica do Paraná;PR;25;Privada;6;34.13;67;16.86;92;6.03;25;7.12;;;198;3.71;;;;;;;;;
2019;engenharia-mecanica;Instituto Militar de Engenharia;RJ;26;Federal;;;10;50.63;64;6.63;1;8;;;1;8;7;28;;;;;;;
2019;engenharia-mecanica;Universidade Paulista;SP;27;Privada;2;35.63;106;14.3;131;5.18;123;3.52;;;111;5.6;;;;;;;;;
2019;engenharia-mecanica;Universidade Federal de Mato Grosso;MT;28;Federal;18;29.63;44;20.23;109;5.66;40;6.57;;;1;8;;;;;;;;;
2019;engenharia-mecanica;Universidade Federal da Bahia;BA;29;Federal;18;29.63;46;20.19;72;6.46;63;5.73;;;1;8;;;;;;;;;
2019;engenharia-mecanica;Pontifícia Universidade Católica do Rio Grande do Sul;RS;30;Privada;6;34.13;84;15.49;49;6.96;75;5.28;;;201-250;3.25;;;;;;;;;
2019;engenharia-mecanica;Universidade do Estado do Amazonas;AM;31;Estadual;18;29.63;49;19.89;79;6.31;67;5.58;;;1;8;;;;;;;;;
2019;engenharia-mecanica;Universidade Federal do Rio Grande do Norte;RN;32;Federal;18;29.63;50;19.68;24;7.5;105;4.18;;;1;8;;;;;;;;;
2019;engenharia-mecanica;Pontifícia Universidade Católica de Minas Gerais;MG;33;Privada;6;34.13;98;14.73;99;5.88;57;5.95;;;201-250;2.9;;;;;;;;;
2019;engenharia-mecanica;Centro Universitário do Instituto Mauá de Tecnologia;SP;34;Privada;6;34.13;100;14.56;80;6.29;55;6.02;;;251-300;2.25;;;;;;;;;
2019;engenharia-mecanica;Universidade de Fortaleza;CE;35;Privada;6;34.13;103;14.5;68;6.55;98;4.44;;;201-250;3.51;;;;;;;;;
2019;engenharia-mecanica;Universidade do Estado do Rio de Janeiro;RJ;36;Estadual;18;29.63;56;18.7;23;7.52;79;5.14;;;91;6.04;;;;;;;;;
2019;engenharia-mecanica;Universidade Federal do Pará;PA;37;Federal;18;29.63;57;18.54;55;6.83;118;3.71;;;1;8;;;;;;;;;
2019;engenharia-mecanica;Fundação Universidade do Estado de Santa Catarina;SC;38;Estadual;18;29.63;63;17.5;88;6.11;9;7.71;;;199;3.68;;;;;;;;;
2019;engenharia-mecanica;Universidade Federal do Amazonas;AM;39;Federal;18;29.63;65;17.07;201-250;3.01;54;6.06;;;1;8;;;;;;;;;
2019;engenharia-mecanica;Universidade São Judas Tadeu;SP;40;Privada;18;29.63;71;16.36;63;6.66;48;6.28;;;201-250;3.42;;;;;;;;;
2019;engenharia-mecanica;Universidade Católica Dom Bosco;MS;41;Privada;18;29.63;74;16;160;4.55;74;5.32;;;87;6.13;;;;;;;;;
2019;engenharia-mecanica;Universidade de Caxias do Sul;RS;42;Privada;18;29.63;96;14.83;75;6.4;91;4.7;;;197;3.73;;;;;;;;;
2019;engenharia-mecanica;Universidade Positivo;PR;43;Privada;18;29.63;113;13.56;108;5.68;97;4.48;;;201-250;3.4;;;;;;;;;
2019;engenharia-mecanica;Universidade Vila Velha;ES;44;Privada;18;29.63;114;13.43;170;4.34;10;7.67;;;301-350;1.42;;;;;;;;;
2019;engenharia-mecanica;Universidade Salvador;BA;45;Privada;18;29.63;119;13.01;145;4.88;81;5.06;;;201-250;3.07;;;;;;;;;
2019;engenharia-mecanica;Centro Federal de Educação Tecnológica de Minas Gerais;MG;46;Federal;49;18;27;22.35;65;6.61;8;7.74;;;1;8;;;;;;;;;
2019;engenharia-mecanica;Universidade Federal Fluminense;RJ;47;Federal;49;18;28;22.29;12;7.76;41;6.53;;;1;8;;;;;;;;;
2019;engenharia-mecanica;Centro Universitário Fanor Wyden;CE;48;Privada;18;29.63;172;10.23;155;4.66;186;1.21;;;168;4.36;;;;;;;;;
2019;engenharia-mecanica;Universidade Federal de São João Del Rei;MG;49;Federal;49;18;33;21.76;30;7.37;45;6.39;;;1;8;;;;;;;;;
2019;engenharia-mecanica;Universidade Metodista de Piracicaba;SP;50;Privada;18;29.63;176;10.11;60;6.72;163;2.06;;;301-350;1.33;;;;;;;;;
2019;engenharia-mecanica;Universidade Federal do Maranhão;MA;51;Federal;49;18;35;21.34;17;7.65;64;5.69;;;1;8;;;;;;;;;
2019;engenharia-mecanica;Universidade Federal do Rio Grande;RS;52;Federal;;;15;39.03;57;6.79;49;6.24;;;1;8;12;18;;;;;;;
2019;engenharia-mecanica;Universidade Estácio de Sá;RJ;53;Privada;18;29.63;192;9.27;152;4.73;166;1.95;;;201-250;2.59;;;;;;;;;
2019;engenharia-mecanica;Universidade Federal da Paraíba;PB;54;Federal;49;18;39;20.78;21;7.57;77;5.21;;;1;8;;;;;;;;;
2019;engenharia-mecanica;Universidade Federal de Campina Grande;PB;55;Federal;49;18;41;20.72;66;6.59;52;6.13;;;1;8;;;;;;;;;
2019;engenharia-mecanica;Escola de Engenharia de Piracicaba;SP;56;Municipal;18;29.63;197;9.04;126;5.29;131;3.23;;;301-350;0.52;;;;;;;;;
2019;engenharia-mecanica;Universidade Federal de Sergipe;SE;57;Federal;49;18;42;20.59;50;6.94;65;5.65;;;1;8;;;;;;;;;
2019;engenharia-mecanica;Universidade Federal do Piauí;PI;58;Federal;49;18;45;20.21;122;5.38;33;6.83;;;1;8;;;;;;;;;
2019;engenharia-mecanica;Centro Federal de Educação Tecnológica Celso Suckow da Fonseca;RJ;59;Federal;;;16;38.18;101;5.83;46;6.35;;;1;8;12;18;;;;;;;
2019;engenharia-mecanica;Centro Universitário do Norte;AM;60;Privada;18;29.63;201-250;8.47;96;5.94;197;0.81;;;251-300;1.72;;;;;;;;;
2019;engenharia-mecanica;Pontifícia Universidade Católica do Rio de Janeiro;RJ;61;Privada;;;17;36.54;9;7.83;58;5.91;;;148;4.8;12;18;;;;;;;
2019;engenharia-mecanica;Centro Universitário Católico Salesiano Auxilium;SP;62;Privada;49;18;59;18.43;46;7.02;126;3.41;;;1;8;;;;;;;;;
2019;engenharia-mecanica;Faculdade do Centro Leste;ES;63;Privada;49;18;68;16.77;163;4.49;24;7.16;;;133;5.12;;;;;;;;;
2019;engenharia-mecanica;Centro Universitário de Belo Horizonte;MG;64;Privada;49;18;70;16.53;78;6.33;89;4.77;;;119;5.43;;;;;;;;;
2019;engenharia-mecanica;Centro Universitário Una;MG;65;Privada;49;18;72;16.35;83;6.22;86;4.88;;;127;5.25;;;;;;;;;
2019;engenharia-mecanica;Centro Universitário da Serra Gaúcha;RS;66;Privada;18;29.63;251-300;4.59;201-250;3.3;;;;;301-350;1.29;;;;;;;;;
2019;engenharia-mecanica;Universidade de Cuiabá;MT;67;Privada;18;29.63;251-300;4.56;351-400;0.35;;;;;175;4.21;;;;;;;;;
2019;engenharia-mecanica;Centro Universitário Sociesc;SC;68;Privada;49;18;73;16.03;100;5.85;90;4.73;;;118;5.45;;;;;;;;;
2019;engenharia-mecanica;Universidade Anhembi Morumbi;SP;69;Privada;49;18;76;15.87;33;7.31;108;4.07;;;162;4.49;;;;;;;;;
2019;engenharia-mecanica;Universidade Federal Rural de Pernambuco;PE;70;Federal;49;18;80;15.59;20;7.59;;;;;1;8;;;;;;;;;
2019;engenharia-mecanica;Universidade Feevale;RS;71;Privada;49;18;83;15.5;117;5.49;115;3.82;;;84;6.19;;;;;;;;;
2019;engenharia-mecanica;Centro Universitário Senai Cimatec;BA;72;Privada;49;18;86;15.32;200;3.69;43;6.46;;;131;5.17;;;;;;;;;
2019;engenharia-mecanica;Centro Universitário Faesa;ES;73;Privada;49;18;90;15.09;201-250;3.27;39;6.61;;;129;5.21;;;;;;;;;
2019;engenharia-mecanica;Universidade Santa Cecília;SP;74;Privada;49;18;93;15.02;127;5.27;119;3.67;;;89;6.08;;;;;;;;;
2019;engenharia-mecanica;Universidade Luterana do Brasil;RS;75;Privada;49;18;94;14.88;147;4.84;109;4.04;;;93;6;;;;;;;;;
2019;engenharia-mecanica;Centro Universitário Satc;SC;76;Privada;49;18;99;14.64;188;3.95;44;6.42;;;172;4.27;;;;;;;;;
2019;engenharia-mecanica;Universidade Potiguar;RN;77;Privada;49;18;116;13.2;58;6.76;188;1.14;;;125;5.3;;;;;;;;;
2019;engenharia-mecanica;Universidade da Região de Joinville;SC;78;Privada;49;18;120;12.88;201-250;2.95;104;4.22;;;106;5.71;;;;;;;;;
2019;engenharia-mecanica;Universidade de Passo Fundo;RS;79;Privada;49;18;121;12.86;161;4.53;84;4.95;;;201-250;3.38;;;;;;;;;
2019;engenharia-mecanica;Universidade de Itaúna;MG;80;Privada;49;18;131;12.45;201-250;2.75;87;4.84;;;145;4.86;;;;;;;;;
2019;engenharia-mecanica;Universidade Ceuma;MA;81;Privada;49;18;132;12.42;166;4.42;;;;;1;8;;;;;;;;;
2019;engenharia-mecanica;Universidade de Mogi das Cruzes;SP;81;Privada;49;18;132;12.42;201-250;3.14;111;3.96;;;124;5.32;;;;;;;;;
2019;engenharia-mecanica;Universidade Cruzeiro do Sul;SP;83;Privada;49;18;134;12.33;54;6.85;185;1.25;;;174;4.23;;;;;;;;;
2019;engenharia-mecanica;Universidade de Santa Cruz do Sul;RS;84;Privada;49;18;146;11.63;105;5.75;102;4.29;;;251-300;1.59;;;;;;;;;
2019;engenharia-mecanica;Universidade de Franca;SP;85;Privada;49;18;150;11.49;138;5.03;138;2.97;;;201-250;3.49;;;;;;;;;
2019;engenharia-mecanica;Universidade do Extremo Sul Catarinense;SC;86;Privada;49;18;163;10.6;251-300;2.52;50;6.2;;;251-300;1.88;;;;;;;;;
2019;engenharia-mecanica;Universidade São Francisco;SP;87;Privada;49;18;166;10.46;115;5.53;135;3.08;;;251-300;1.85;;;;;;;;;
2019;engenharia-mecanica;Universidade Universus Veritas Guarulhos;SP;88;Privada;49;18;173;10.21;176;4.21;140;2.9;;;201-250;3.1;;;;;;;;;
2019;engenharia-mecanica;Centro Universitário Uniftec;RS;89;Privada;49;18;179;9.83;201-250;3.38;99;4.4;;;251-300;2.05;;;;;;;;;
2019;engenharia-mecanica;Universidade Estadual do Maranhão;MA;90;Estadual;49;18;183;9.6;201-250;3.43;;;;;85;6.17;;;;;;;;;
2019;engenharia-mecanica;Faculdade Estácio de Belém;PA;91;Privada;49;18;185;9.53;119;5.44;155;2.35;;;251-300;1.74;;;;;;;;;
2019;engenharia-mecanica;Centro Universitário das Faculdades Metropolitanas Unidas;SP;92;Privada;49;18;194;9.15;251-300;2.54;125;3.45;;;201-250;3.16;;;;;;;;;
2019;engenharia-mecanica;Centro Universitário Jorge Amado;BA;93;Privada;49;18;201-250;8.61;201-250;3.6;145;2.72;;;251-300;2.29;;;;;;;;;
2019;engenharia-mecanica;Universidade da Amazônia;PA;94;Privada;49;18;201-250;8.33;194;3.82;;;;;161;4.51;;;;;;;;;
2019;engenharia-mecanica;Pontifícia Universidade Católica de Campinas;SP;95;Privada;49;18;201-250;8.23;27;7.44;;;;;301-350;0.79;;;;;;;;;
2019;engenharia-mecanica;Centro Universitário Metrocamp Wyden;SP;96;Privada;;;20;24.5;185;4.01;;;;;251-300;2.49;12;18;;;;;;;
2019;engenharia-mecanica;Universidade Regional de Blumenau;SC;97;Municipal;49;18;251-300;5.73;123;5.36;;;;;351-400;0.37;;;;;;;;;
2019;engenharia-mecanica;Universidade Pitágoras Unopar Anhanguera;PR;98;Privada;49;18;251-300;4.88;251-300;1.65;;;;;201-250;3.23;;;;;;;;;
2019;engenharia-mecanica;Faculdade Anhanguera de Poços de Caldas;MG;99;Privada;49;18;251-300;4.58;251-300;1.86;173;1.69;;;301-350;1.03;;;;;;;;;
2019;engenharia-mecanica;Faculdade Anhanguera de Jundiaí;SP;100;Privada;49;18;251-300;4.48;301-350;1.11;189;1.1;;;251-300;2.27;;;;;;;;;
2019;engenharia-mecanica;Universidade Federal do Triângulo Mineiro;MG;101;Federal;;;25;22.47;28;7.42;27;7.05;;;1;8;;;;;;;;;
2019;engenharia-mecanica;Universidade Federal dos Vales do Jequitinhonha e Mucuri;MG;102;Federal;;;30;22.07;41;7.13;30;6.94;;;1;8;;;;;;;;;
2019;engenharia-mecanica;Universidade Federal de Juiz de Fora;MG;103;Federal;;;31;22.05;22;7.55;42;6.5;;;1;8;;;;;;;;;
2019;engenharia-mecanica;Universidade Federal de Ouro Preto;MG;104;Federal;;;36;21.17;47;7;51;6.17;;;1;8;;;;;;;;;
2019;engenharia-mecanica;Instituto Federal de Educação, Ciência e Tecnologia de São Paulo;SP;105;Federal;;;37;20.96;53;6.87;53;6.09;;;1;8;;;;;;;;;
2019;engenharia-mecanica;Fundação Universidade Federal do Pampa;RS;106;Federal;;;38;20.9;51;6.92;56;5.98;;;1;8;;;;;;;;;
2019;engenharia-mecanica;Universidade Estadual de Santa Cruz;BA;107;Estadual;;;40;20.74;48;6.98;62;5.76;;;1;8;;;;;;;;;
2019;engenharia-mecanica;Universidade Estadual do Oeste do Paraná;PR;108;Estadual;;;43;20.56;97;5.92;38;6.64;;;1;8;;;;;;;;;
2019;engenharia-mecanica;Centro Universitário Padre Anchieta;SP;109;Privada;49;18;301-350;2.26;251-300;2.04;;;;;351-400;0.22;;;;;;;;;
2019;engenharia-mecanica;Instituto Federal de Educação, Ciência e Tecnologia de Pernambuco;PE;110;Federal;;;47;20.05;173;4.27;7;7.78;;;1;8;;;;;;;;;
2019;engenharia-mecanica;Centro Universitário Nobre de Feira de Santana;BA;110;Privada;;;47;20.05;36;7.24;88;4.81;;;1;8;;;;;;;;;
2019;engenharia-mecanica;Fundação Universidade Federal do Vale do São Francisco;PE;112;Federal;;;51;19.57;85;6.18;72;5.39;;;1;8;;;;;;;;;
2019;engenharia-mecanica;Instituto Federal de Educação, Ciência e Tecnologia do Espírito Santo;ES;113;Federal;;;52;19.11;198;3.73;18;7.38;;;1;8;;;;;;;;;
2019;engenharia-mecanica;Instituto Federal de Educação, Ciência e Tecnologia do Rio Grande do Sul;RS;114;Federal;;;54;18.8;151;4.75;6;7.82;;;82;6.23;;;;;;;;;
2019;engenharia-mecanica;Instituto Federal de Educação, Ciência e Tecnologia de Goiás;GO;115;Federal;;;55;18.71;167;4.4;47;6.31;;;1;8;;;;;;;;;
2019;engenharia-mecanica;Instituto Federal de Educação, Ciência e Tecnologia de Minas Gerais;MG;116;Federal;;;58;18.52;201-250;3.62;31;6.9;;;1;8;;;;;;;;;
2019;engenharia-mecanica;Universidade Federal Rural do Semi-árido;RN;117;Federal;;;60;18.41;142;4.94;70;5.47;;;1;8;;;;;;;;;
2019;engenharia-mecanica;Centro Universitário Facvest;SC;117;Privada;;;60;18.41;42;7.11;129;3.3;;;1;8;;;;;;;;;
2019;engenharia-mecanica;Instituto Federal de Educação, Ciência e Tecnologia Sul-Rio-Grandense;RS;119;Federal;;;62;17.8;84;6.2;121;3.6;;;1;8;;;;;;;;;
2019;engenharia-mecanica;Instituto Federal de Educação, Ciência e Tecnologia do Piauí;PI;120;Federal;;;64;17.33;195;3.79;68;5.54;;;1;8;;;;;;;;;
2019;engenharia-mecanica;Centro Universitário Multivix Vitória;ES;121;Privada;;;66;16.97;106;5.72;80;5.1;;;86;6.15;;;;;;;;;
2019;engenharia-mecanica;Universidade do Vale do Taquari;RS;122;Privada;;;69;16.6;86;6.16;85;4.92;;;115;5.52;;;;;;;;;
2019;engenharia-mecanica;Universidade Cidade de São Paulo;SP;123;Privada;;;75;15.95;14;7.72;113;3.89;;;169;4.34;;;;;;;;;
2019;engenharia-mecanica;Universidade Federal de Lavras;MG;124;Federal;;;77;15.85;8;7.85;;;;;1;8;;;;;;;;;
2019;engenharia-mecanica;Centro Universitário - Católica de Santa Catarina em Joinville;SC;125;Privada;;;78;15.7;114;5.55;34;6.79;;;201-250;3.36;;;;;;;;;
2019;engenharia-mecanica;Centro Universitário Facens;SP;126;Privada;;;79;15.68;82;6.24;71;5.43;;;184;4.01;;;;;;;;;
2019;engenharia-mecanica;Universidade do Vale do Itajaí;SC;127;Privada;;;81;15.57;190;3.9;59;5.87;;;102;5.8;;;;;;;;;
2019;engenharia-mecanica;Centro Universitário de Volta Redonda;RJ;128;Privada;;;82;15.56;39;7.18;157;2.28;;;88;6.1;;;;;;;;;
2019;engenharia-mecanica;Faculdade de Ensino Superior da Cidade de Feira de Santana;BA;129;Privada;;;85;15.48;25;7.48;;;;;1;8;;;;;;;;;
2019;engenharia-mecanica;Universidade Nove de Julho;SP;130;Privada;;;87;15.31;62;6.68;139;2.94;;;107;5.69;;;;;;;;;
2019;engenharia-mecanica;Centro Universitário Fip-moc;MG;131;Privada;;;88;15.25;132;5.16;162;2.09;;;1;8;;;;;;;;;
2019;engenharia-mecanica;FAE Centro Universitário;PR;132;Privada;;;89;15.14;107;5.7;76;5.25;;;176;4.19;;;;;;;;;
2019;engenharia-mecanica;Fundação Universidade Federal da Grande Dourados;MS;133;Federal;;;90;15.09;43;7.09;;;;;1;8;;;;;;;;;
2019;engenharia-mecanica;Faculdade Redentor de Campos;RJ;134;Privada;;;92;15.05;45;7.05;;;;;1;8;;;;;;;;;
2019;engenharia-mecanica;Universidade Tuiuti do Paraná;PR;135;Privada;;;95;14.87;71;6.48;136;3.05;;;123;5.34;;;;;;;;;
2019;engenharia-mecanica;Centro Universitário FBV Wyden;PE;136;Privada;;;97;14.74;59;6.74;;;;;1;8;;;;;;;;;
2019;engenharia-mecanica;Instituto Federal de Educação, Ciência e Tecnologia da Bahia;BA;137;Federal;;;101;14.53;69;6.53;;;;;1;8;;;;;;;;;
2019;engenharia-mecanica;Universidade Federal do Recôncavo da Bahia;BA;138;Federal;;;102;14.53;201-250;3.34;132;3.19;;;1;8;;;;;;;;;
2019;engenharia-mecanica;Universidade Federal do Sul e Sudeste do Pará;PA;139;Federal;;;103;14.5;70;6.5;;;;;1;8;;;;;;;;;
2019;engenharia-mecanica;Centro Universitário Nossa Senhora do Patrocínio;SP;140;Privada;;;105;14.44;73;6.44;;;;;1;8;;;;;;;;;
2019;engenharia-mecanica;Faculdade Dom Pedro II de Tecnologia;BA;141;Privada;;;107;14.12;113;5.57;201-250;0.55;;;1;8;;;;;;;;;
2019;engenharia-mecanica;Centro Universitário da Fundação Herminio Ometto;SP;142;Privada;;;108;14.11;98;5.9;28;7.01;;;301-350;1.2;;;;;;;;;
2019;engenharia-mecanica;Universidade Federal do Oeste da Bahia;BA;143;Federal;;;109;14.09;89;6.09;;;;;1;8;;;;;;;;;
2019;engenharia-mecanica;Faculdade Unirb - Aracaju;SE;144;Privada;;;110;14.05;91;6.05;;;;;1;8;;;;;;;;;
2019;engenharia-mecanica;Centro Universitário Unirb;BA;145;Privada;;;111;13.81;102;5.81;;;;;1;8;;;;;;;;;
2019;engenharia-mecanica;Universidade do Oeste de Santa Catarina;SC;146;Privada;;;112;13.69;201-250;3.08;66;5.62;;;139;4.99;;;;;;;;;
2019;engenharia-mecanica;Centro Universitário de Itajubá;MG;147;Privada;;;115;13.37;112;5.59;156;2.31;;;117;5.47;;;;;;;;;
2019;engenharia-mecanica;Universidade La Salle;RS;148;Privada;;;117;13.15;7;7.87;;;;;126;5.28;;;;;;;;;
2019;engenharia-mecanica;Instituto Federal de Educação, Ciência e Tecnologia de Santa Catarina;SC;149;Federal;;;118;13.1;135;5.1;;;;;1;8;;;;;;;;;
2019;engenharia-mecanica;Centro Universitário Maurício de Nassau de Natal;RN;150;Privada;;;122;12.82;144;4.9;112;3.93;;;185;3.99;;;;;;;;;
2019;engenharia-mecanica;Universidade Cesumar;PR;151;Privada;;;123;12.76;61;6.7;;;;;90;6.06;;;;;;;;;
2019;engenharia-mecanica;Centro Universitário das Faculdades Associadas de Ensino;SP;152;Municipal;;;124;12.75;139;5.01;128;3.34;;;166;4.4;;;;;;;;;
2019;engenharia-mecanica;Centro Universitário - Católica de Santa Catarina em Jaraguá do Sul;SC;153;Privada;;;125;12.66;201-250;2.99;82;5.03;;;155;4.64;;;;;;;;;
2019;engenharia-mecanica;Faculdade Educacional Araucária;PR;154;Privada;;;126;12.6;158;4.6;;;;;1;8;;;;;;;;;
2019;engenharia-mecanica;Centro Universitário do Espírito Santo;ES;155;Privada;;;127;12.58;201-250;3.56;73;5.36;;;200;3.66;;;;;;;;;
2019;engenharia-mecanica;Universidade Regional do Noroeste do Estado do Rio Grande do Sul;RS;156;Privada;;;128;12.56;201-250;3.58;92;4.66;;;170;4.32;;;;;;;;;
2019;engenharia-mecanica;Centro Universitário Augusto Motta;RJ;157;Privada;;;129;12.51;179;4.14;61;5.8;;;201-250;2.57;;;;;;;;;
2019;engenharia-mecanica;Centro Universitário Unirb - Alagoinhas;BA;158;Privada;;;130;12.47;164;4.47;;;;;1;8;;;;;;;;;
2019;engenharia-mecanica;Insper Instituto de Ensino e Pesquisa;SP;159;Privada;;;135;12.26;31;7.35;;;;;143;4.91;;;;;;;;;
2019;engenharia-mecanica;Centro Universitário das Faculdades Integradas de Ourinhos;SP;160;Privada;;;136;12.16;178;4.16;;;;;1;8;;;;;;;;;
2019;engenharia-mecanica;Centro Universitário do Sul de Minas;MG;161;Privada;;;137;12.04;251-300;2.49;83;4.99;;;159;4.56;;;;;;;;;
2019;engenharia-mecanica;Faculdade dos Guararapes;PE;162;Privada;;;138;12.02;44;7.07;;;;;141;4.95;;;;;;;;;
2019;engenharia-mecanica;Centro Universitário Newton Paiva;MG;163;Privada;;;139;12;157;4.62;117;3.74;;;201-250;3.64;;;;;;;;;
2019;engenharia-mecanica;Centro Universitário das Américas;SP;164;Privada;;;140;11.98;95;5.96;;;;;92;6.02;;;;;;;;;
2019;engenharia-mecanica;Centro Universitário Católica do Leste de Minas Gerais;MG;165;Privada;;;141;11.9;156;4.64;153;2.42;;;146;4.84;;;;;;;;;
2019;engenharia-mecanica;UGV Centro Universitário;PR;166;Privada;;;142;11.76;251-300;1.67;96;4.51;;;112;5.58;;;;;;;;;
2019;engenharia-mecanica;Centro Universitário União das Américas Descomplica;PR;167;Privada;;;143;11.75;76;6.37;;;;;121;5.38;;;;;;;;;
2019;engenharia-mecanica;Universidade de Rio Verde;GO;168;Municipal;;;144;11.72;199;3.71;170;1.8;;;83;6.21;;;;;;;;;
2019;engenharia-mecanica;Centro Universitário Toledo Wyden;SP;169;Privada;;;145;11.64;110;5.64;127;3.38;;;201-250;2.62;;;;;;;;;
2019;engenharia-mecanica;Centro Universitário Maurício de Nassau de Campina Grande;PB;170;Privada;;;147;11.6;169;4.36;147;2.64;;;157;4.6;;;;;;;;;
2019;engenharia-mecanica;Centro Universitário Sant'Anna;SP;171;Privada;;;148;11.55;93;6.01;;;;;114;5.54;;;;;;;;;
2019;engenharia-mecanica;Centro Universitário Dinâmica das Cataratas;PR;172;Privada;;;149;11.54;189;3.92;161;2.13;;;116;5.49;;;;;;;;;
2019;engenharia-mecanica;Centro Universitário Una de Uberlândia;MG;173;Privada;;;151;11.42;120;5.42;175;1.62;;;167;4.38;;;;;;;;;
2019;engenharia-mecanica;Faculdade Pitágoras Unopar de João Pessoa;PB;173;Privada;;;151;11.42;52;6.89;;;;;160;4.53;;;;;;;;;
2019;engenharia-mecanica;Instituto de Ensino Superior Fucapi;AM;175;Privada;;;153;11.39;94;5.98;;;;;120;5.41;;;;;;;;;
2019;engenharia-mecanica;Faculdade Anhanguera de Uberlândia;MG;176;Privada;;;154;11.35;201-250;3.23;110;4;;;179;4.12;;;;;;;;;
2019;engenharia-mecanica;Universidade Comunitária da Região de Chapecó;SC;177;Privada;;;155;11.31;251-300;1.63;93;4.62;;;136;5.06;;;;;;;;;
2019;engenharia-mecanica;Instituto Federal de Educação, Ciência e Tecnologia do Ceará;CE;178;Federal;;;156;11.25;201-250;3.25;;;;;1;8;;;;;;;;;
2019;engenharia-mecanica;Instituto Federal de Educação, Ciência e Tecnologia Catarinense;SC;179;Federal;;;157;11.17;201-250;3.17;;;;;1;8;;;;;;;;;
2019;engenharia-mecanica;Centro Universitário do Distrito Federal;DF;180;Privada;;;158;11.12;87;6.14;160;2.17;;;201-250;2.81;;;;;;;;;
2019;engenharia-mecanica;Centro Universitário Geraldo Di Biase;RJ;181;Privada;;;159;10.96;121;5.4;;;;;113;5.56;;;;;;;;;
2019;engenharia-mecanica;Centro Universitário Luterano de Manaus;AM;182;Privada;;;160;10.94;201-250;3.64;177;1.54;;;104;5.76;;;;;;;;;
2019;engenharia-mecanica;Centro Universitário Uniasselvi de Blumenau ;SC;183;Privada;;;161;10.89;137;5.05;;;;;100;5.84;;;;;;;;;
2019;engenharia-mecanica;Faculdades de Campinas;SP;184;Privada;;;162;10.78;104;5.77;;;;;138;5.01;;;;;;;;;
2019;engenharia-mecanica;Centro Universitário do Rio de Janeiro;RJ;185;Privada;;;164;10.59;90;6.07;201-250;0.62;;;189;3.9;;;;;;;;;
2019;engenharia-mecanica;Centro Universitário Ritter dos Reis;RS;186;Privada;;;165;10.49;125;5.31;94;4.59;;;301-350;0.59;;;;;;;;;
2019;engenharia-mecanica;Universidade Católica de Petrópolis;RJ;187;Privada;;;167;10.45;128;5.25;103;4.26;;;301-350;0.94;;;;;;;;;
2019;engenharia-mecanica;Faculdade Redentor de Paraíba do Sul;RJ;187;Privada;;;167;10.45;251-300;2.45;;;;;1;8;;;;;;;;;
2019;engenharia-mecanica;Centro Universitário Maurício de Nassau;PE;189;Privada;;;169;10.3;165;4.44;154;2.39;;;201-250;3.47;;;;;;;;;
2019;engenharia-mecanica;Faculdades Integradas Rui Barbosa;SP;190;Privada;;;170;10.28;251-300;2.28;;;;;1;8;;;;;;;;;
2019;engenharia-mecanica;Centro Universitário Favip Wyden;PE;191;Privada;;;171;10.25;159;4.58;;;;;108;5.67;;;;;;;;;
2019;engenharia-mecanica;Faculdade Leonardo da Vinci - Santa Catarina;SC;192;Privada;;;174;10.19;251-300;1.89;114;3.85;;;164;4.45;;;;;;;;;
2019;engenharia-mecanica;Centro Universitário Autônomo do Brasil;PR;193;Privada;;;175;10.18;133;5.14;;;;;137;5.04;;;;;;;;;
2019;engenharia-mecanica;Faculdade de Engenharia Souza Marques;RJ;194;Privada;;;177;10.02;146;4.86;168;1.87;;;201-250;3.29;;;;;;;;;
2019;engenharia-mecanica;Universidade Veiga de Almeida;RJ;195;Privada;;;178;9.94;140;4.99;;;;;141;4.95;;;;;;;;;
2019;engenharia-mecanica;Universidade de Taubaté;SP;196;Municipal;;;180;9.81;182;4.08;;;;;105;5.73;;;;;;;;;
2019;engenharia-mecanica;Centro Universitário Ruy Barbosa Wyden;BA;197;Privada;;;181;9.8;124;5.33;;;;;163;4.47;;;;;;;;;
2019;engenharia-mecanica;Centro Universitário Unicuritiba;PR;198;Privada;;;182;9.72;181;4.1;;;;;110;5.62;;;;;;;;;
2019;engenharia-mecanica;Centro Universitário São Judas Tadeu;SP;199;Privada;;;184;9.56;154;4.68;;;;;144;4.88;;;;;;;;;
2019;engenharia-mecanica;Faculdade Horizontina;RS;200;Privada;;;185;9.53;201-250;3.19;152;2.46;;;190;3.88;;;;;;;;;
2019;engenharia-mecanica;Centro Universitário Maurício de Nassau de Teresina;PI;201;Privada;;;201-250;8.85;177;4.18;;;;;154;4.67;;;;;;;;;
2019;engenharia-mecanica;Centro Universitário Salesiano de São Paulo;SP;201;Privada;;;201-250;7.6;129;5.23;184;1.28;;;301-350;1.09;;;;;;;;;
2019;engenharia-mecanica;Universidade Fumec;MG;201;Privada;;;200;9;174;4.25;;;;;150;4.75;;;;;;;;;
2019;engenharia-mecanica;Faculdade Multivix Serra;ES;201;Privada;;;201-250;7.34;301-350;1.41;;;;;96;5.93;;;;;;;;;
2019;engenharia-mecanica;Centro Universitário Maurício de Nassau de Aracaju;SE;201;Privada;;;201-250;7.82;196;3.77;;;;;182;4.05;;;;;;;;;
2019;engenharia-mecanica;Faculdade Anhanguera Pitágoras de Jundiaí;SP;201;Privada;;;201-250;7.75;149;4.79;193;0.95;;;251-300;2.01;;;;;;;;;
2019;engenharia-mecanica;Centro Universitário Maurício de Nassau de Caruaru;PE;201;Privada;;;201-250;7.7;191;3.88;;;;;193;3.82;;;;;;;;;
2019;engenharia-mecanica;Universidade Cândido Mendes;RJ;201;Privada;;;193;9.23;201-250;3.51;78;5.17;;;301-350;0.55;;;;;;;;;
2019;engenharia-mecanica;Centro Universitário Fundação Santo André;SP;201;Privada;;;198;9.02;111;5.62;134;3.12;;;351-400;0.28;;;;;;;;;
2019;engenharia-mecanica;Centro Universitário Uni-ban;SP;201;Privada;;;201-250;8.42;201-250;2.91;201-250;0.15;;;122;5.36;;;;;;;;;
2019;engenharia-mecanica;Faculdade de Tecnologia Ftec;RS;201;Privada;;;201-250;7.43;168;4.38;;;;;201-250;3.05;;;;;;;;;
2019;engenharia-mecanica;Centro Universitário de Talentos Humanos;MG;201;Privada;;;201-250;8.48;251-300;2.36;164;2.02;;;180;4.1;;;;;;;;;
2019;engenharia-mecanica;Instituto Federal de Educação, Ciência e Tecnologia do Amazonas;AM;201;Federal;;;195;9.1;301-350;1.24;167;1.91;;;95;5.95;;;;;;;;;
2019;engenharia-mecanica;Faculdade Ibmec;MG;201;Privada;;;201-250;8.47;67;6.57;;;;;251-300;1.9;;;;;;;;;
2019;engenharia-mecanica;Centro Universitário Maurício de Nassau de Fortaleza;CE;201;Privada;;;201-250;7.98;184;4.03;;;;;187;3.95;;;;;;;;;
2019;engenharia-mecanica;Centro Universitário Assis Gurgacz;PR;201;Privada;;;201-250;8.29;301-350;1.28;106;4.15;;;201-250;2.86;;;;;;;;;
2019;engenharia-mecanica;Faculdade Uninorte;AM;201;Privada;;;201-250;8.3;162;4.51;;;;;194;3.79;;;;;;;;;
2019;engenharia-mecanica;Universidade Regional Integrada do Alto Uruguai e das Missões;RS;201;Privada;;;196;9.04;201-250;3.49;100;4.37;;;301-350;1.18;;;;;;;;;
2019;engenharia-mecanica;Centro Universitário Maurício de Nassau de Maceió;AL;201;Privada;;;189;9.48;143;4.92;201-250;0.4;;;177;4.16;;;;;;;;;
2019;engenharia-mecanica;Universidade Alto Vale do Rio do Peixe;SC;201;Privada;;;201-250;8.98;301-350;1;143;2.79;;;130;5.19;;;;;;;;;
2019;engenharia-mecanica;Faculdade Anhanguera de Pelotas;RS;201;Privada;;;201-250;7.49;301-350;1.19;133;3.16;;;201-250;3.14;;;;;;;;;
2019;engenharia-mecanica;Universidade Iguaçu;RJ;201;Privada;;;201-250;7.38;251-300;2.15;;;;;128;5.23;;;;;;;;;
2019;engenharia-mecanica;Instituto Tecnológico e das Ciências Sociais Aplicadas e da Saúde do Centro Educ. N. Srª Auxiliadora;RJ;201;Privada;;;201-250;7.61;201-250;2.93;158;2.24;;;251-300;2.44;;;;;;;;;
2019;engenharia-mecanica;Faculdade Anhanguera de Ribeirão Preto;SP;201;Privada;;;201-250;7.57;251-300;2.47;144;2.75;;;251-300;2.35;;;;;;;;;
2019;engenharia-mecanica;Faculdade Cnec Rio das Ostras;RJ;201;Privada;;;201-250;8.71;103;5.79;;;;;201-250;2.92;;;;;;;;;
2019;engenharia-mecanica;Centro Universitário Estácio de Sergipe;SE;201;Privada;;;201-250;7.61;192;3.86;;;;;196;3.75;;;;;;;;;
2019;engenharia-mecanica;Faculdade Área1 Wyden;BA;201;Privada;;;201-250;8.7;186;3.99;;;;;152;4.71;;;;;;;;;
2019;engenharia-mecanica;Faculdade Esamc Sorocaba;SP;201;Privada;;;201-250;8.48;251-300;2.06;116;3.78;;;201-250;2.64;;;;;;;;;
2019;engenharia-mecanica;Universidade Santa Úrsula;RJ;201;Privada;;;201-250;7.63;201-250;3.45;149;2.57;;;251-300;1.61;;;;;;;;;
2019;engenharia-mecanica;Faculdade Anhanguera de Sumaré;SP;201;Privada;;;201-250;8.74;251-300;1.8;120;3.63;;;201-250;3.31;;;;;;;;;
2019;engenharia-mecanica;Faculdade Anhanguera de Teixeira de Freitas;BA;201;Privada;;;201-250;7.85;301-350;0.78;124;3.49;;;201-250;3.58;;;;;;;;;
2019;engenharia-mecanica;Centro Universitário da Amazônia Belém;PA;201;Privada;;;188;9.5;150;4.77;;;;;151;4.73;;;;;;;;;
2019;engenharia-mecanica;Faculdade Evangélica de Goianésia;GO;201;Privada;;;201-250;7.67;183;4.05;;;;;201-250;3.62;;;;;;;;;
2019;engenharia-mecanica;Faculdade Una de Pouso Alegre;MG;201;Privada;;;201-250;8.91;140;4.99;;;;;188;3.92;;;;;;;;;
2019;engenharia-mecanica;Faculdade Pitágoras Unopar Anhanguera de Londrina;PR;201;Privada;;;201-250;8.1;251-300;1.93;142;2.83;;;201-250;3.34;;;;;;;;;
2019;engenharia-mecanica;Faculdade Esamc Campinas;SP;201;Privada;;;201-250;8.91;251-300;2.02;141;2.86;;;183;4.03;;;;;;;;;
2019;engenharia-mecanica;Centro Universitário Anhanguera de Marabá;PA;201;Privada;;;201-250;8.84;301-350;0.8;130;3.27;;;149;4.77;;;;;;;;;
2019;engenharia-mecanica;Centro Universitário Ibmec;RJ;201;Privada;;;200;9;81;6.27;;;;;201-250;2.73;;;;;;;;;
2019;engenharia-mecanica;Centro Universitário Sete de Setembro;CE;201;Privada;;;190;9.44;201-250;3.47;;;;;94;5.97;;;;;;;;;
2019;engenharia-mecanica;Faculdades Integradas de Aracruz;ES;201;Privada;;;201-250;8.71;201-250;3.36;107;4.11;;;301-350;1.24;;;;;;;;;
2019;engenharia-mecanica;Centro Universitário Campos de Andrade;PR;201;Privada;;;201-250;8.62;201-250;2.97;;;;;109;5.65;;;;;;;;;
2019;engenharia-mecanica;Centro Universitário Uniasselvi de Brusque;SC;201;Privada;;;201-250;8.71;201-250;2.78;;;;;96;5.93;;;;;;;;;
2019;engenharia-mecanica;Centro Universitário Farias Brito;CE;201;Privada;;;191;9.37;116;5.51;;;;;191;3.86;;;;;;;;;
2019;engenharia-mecanica;Centro Universitário da Fundação Educacional de Barretos;SP;201;Privada;;;201-250;8.4;134;5.12;195;0.88;;;251-300;2.4;;;;;;;;;
2019;engenharia-mecanica;Centro Universitário Campo Real;PR;201;Privada;;;198;9.02;301-350;1.02;;;;;1;8;;;;;;;;;
2019;engenharia-mecanica;Faculdade Anhanguera de Linhares;ES;201;Privada;;;187;9.51;301-350;1.21;101;4.33;;;186;3.97;;;;;;;;;
2019;engenharia-mecanica;Universidade Evangélica de Goiás;GO;201;Privada;;;201-250;7.52;201-250;3.1;174;1.65;;;201-250;2.77;;;;;;;;;
2019;engenharia-mecanica;Centro Universitário Braz Cubas;SP;201;Privada;;;201-250;8.4;148;4.81;181;1.39;;;251-300;2.2;;;;;;;;;
2019;engenharia-mecanica;Centro Universitário Estácio do Recife;PE;201;Privada;;;201-250;7.5;201-250;3.06;171;1.76;;;201-250;2.68;;;;;;;;;
2019;engenharia-mecanica;Centro Universitário Maurício de Nassau de João Pessoa;PB;201;Privada;;;201-250;8.58;172;4.29;;;;;171;4.29;;;;;;;;;
2019;engenharia-mecanica;Faculdade Anhanguera de Joinville;SC;251;Privada;;;251-300;5.57;251-300;2.19;150;2.53;;;301-350;0.85;;;;;;;;;
2019;engenharia-mecanica;Faculdade Internacional da Paraíba;PB;251;Privada;;;251-300;4.7;301-350;0.54;;;;;177;4.16;;;;;;;;;
2019;engenharia-mecanica;Centro Universitário da Grande Dourados;MS;251;Privada;;;251-300;6.27;251-300;1.69;;;;;158;4.58;;;;;;;;;
2019;engenharia-mecanica;Centro Universitário da Fundação Educacional Guaxupé;MG;251;Privada;;;251-300;5.26;201-250;3.12;;;;;251-300;2.14;;;;;;;;;
2019;engenharia-mecanica;Centro Universitário Anhangüera;SP;251;Privada;;;251-300;6.2;251-300;2.58;201-250;0.44;;;201-250;3.18;;;;;;;;;
2019;engenharia-mecanica;Instituto de Ensino Superior de Cuiabá;MT;251;Privada;;;251-300;6.75;251-300;1.56;201-250;0.11;;;135;5.08;;;;;;;;;
2019;engenharia-mecanica;Claretiano - Centro Universitário de Rio Claro;SP;251;Privada;;;251-300;5.12;201-250;2.65;182;1.36;;;301-350;1.11;;;;;;;;;
2019;engenharia-mecanica;Faculdade Presidente Antônio Carlos de Conselheiro Lafaiete;MG;251;Privada;;;251-300;5.03;301-350;0.87;151;2.5;;;251-300;1.66;;;;;;;;;
2019;engenharia-mecanica;Centro Universitário Ingá;PR;251;Privada;;;251-300;5.53;301-350;0.56;;;;;140;4.97;;;;;;;;;
2019;engenharia-mecanica;Faculdade Anhanguera de Piracicaba;SP;251;Privada;;;251-300;4.91;251-300;2.13;179;1.47;;;301-350;1.31;;;;;;;;;
2019;engenharia-mecanica;Faculdade de Engenharia de Resende;RJ;251;Privada;;;251-300;5.3;201-250;3.66;;;;;251-300;1.64;;;;;;;;;
2019;engenharia-mecanica;Centro Universitário de Patos de Minas;MG;251;Privada;;;201-250;6.98;175;4.23;;;;;201-250;2.75;;;;;;;;;
2019;engenharia-mecanica;Centro Universitário de Votuporanga;SP;251;Privada;;;251-300;6.26;197;3.75;;;;;251-300;2.51;;;;;;;;;
2019;engenharia-mecanica;Faculdade Anhanguera de Divinópolis;MG;251;Privada;;;251-300;5.91;251-300;2.43;187;1.17;;;251-300;2.31;;;;;;;;;
2019;engenharia-mecanica;Faculdade Uninassau Lauro de Freitas;BA;251;Privada;;;251-300;6.41;186;3.99;;;;;251-300;2.42;;;;;;;;;
2019;engenharia-mecanica;Faculdade Anhanguera de Macapá;AP;251;Privada;;;251-300;6.54;301-350;0.76;;;;;103;5.78;;;;;;;;;
2019;engenharia-mecanica;Universidade Católica do Salvador;BA;251;Privada;;;201-250;7.3;171;4.31;;;;;201-250;2.99;;;;;;;;;
2019;engenharia-mecanica;Faculdade Finom de Patos de Minas;MG;251;Privada;;;251-300;6.35;251-300;1.73;;;;;156;4.62;;;;;;;;;
2019;engenharia-mecanica;Faculdade Anhanguera de Betim;MG;251;Privada;;;251-300;6.41;251-300;2.41;169;1.84;;;251-300;2.16;;;;;;;;;
2019;engenharia-mecanica;Faculdade Anhanguera de Jacareí;SP;251;Privada;;;251-300;5.32;201-250;2.67;199;0.73;;;251-300;1.92;;;;;;;;;
2019;engenharia-mecanica;Faculdade de Americana;SP;251;Privada;;;251-300;5.11;136;5.07;;;;;351-400;0.04;;;;;;;;;
2019;engenharia-mecanica;Faculdade Una de Sete Lagoas;MG;251;Privada;;;251-300;5.59;251-300;2.56;;;;;201-250;3.03;;;;;;;;;
2019;engenharia-mecanica;Universidade de Sorocaba;SP;251;Privada;;;251-300;5.94;118;5.46;;;;;301-350;0.48;;;;;;;;;
2019;engenharia-mecanica;Centro Universitário dos Guararapes;PE;251;Privada;;;251-300;4.77;201-250;3.4;;;;;301-350;1.37;;;;;;;;;
2019;engenharia-mecanica;Centro Universitário Una de Contagem;MG;251;Privada;;;251-300;6.26;201-250;3.32;;;;;201-250;2.94;;;;;;;;;
2019;engenharia-mecanica;Faculdade Anhanguera de Osasco;SP;251;Privada;;;251-300;5.47;301-350;1.39;;;;;181;4.08;;;;;;;;;
2019;engenharia-mecanica;Centro Universitário Univinte;SC;251;Privada;;;251-300;4.93;201-250;2.82;;;;;251-300;2.11;;;;;;;;;
2019;engenharia-mecanica;Centro Universitário de Lins;SP;251;Privada;;;251-300;5.34;193;3.84;;;;;251-300;1.5;;;;;;;;;
2019;engenharia-mecanica;Centro Universitário Vale do Cricaré;ES;251;Privada;;;251-300;5.14;301-350;1.3;;;;;192;3.84;;;;;;;;;
2019;engenharia-mecanica;Faculdade Anhanguera de Limeira;SP;251;Privada;;;251-300;5.29;301-350;1.06;137;3.01;;;301-350;1.22;;;;;;;;;
2019;engenharia-mecanica;Faculdade Esamc Uberlândia;MG;251;Privada;;;251-300;5.28;153;4.71;;;;;301-350;0.57;;;;;;;;;
2019;engenharia-mecanica;Centro Universitário de Brusque;SC;251;Privada;;;201-250;7.05;201-250;2.8;;;;;173;4.25;;;;;;;;;
2019;engenharia-mecanica;Faculdade Anhanguera de São Luiz;MA;251;Privada;;;251-300;5.38;301-350;1.34;194;0.92;;;201-250;3.12;;;;;;;;;
2019;engenharia-mecanica;Faculdade Anhanguera de Ponta Grossa;PR;251;Privada;;;201-250;6.88;251-300;1.78;;;;;134;5.1;;;;;;;;;
2019;engenharia-mecanica;Faculdade Ideal Wyden;PA;251;Privada;;;251-300;5.98;201-250;2.71;;;;;201-250;3.27;;;;;;;;;
2019;engenharia-mecanica;Faculdade Anhanguera de São José;SP;251;Privada;;;251-300;6.05;201-250;2.69;200;0.7;;;201-250;2.66;;;;;;;;;
2019;engenharia-mecanica;Centro Universitário Estácio da Bahia;BA;251;Privada;;;251-300;5.82;201-250;2.6;180;1.43;;;251-300;1.79;;;;;;;;;
2019;engenharia-mecanica;Faculdade de Tecnologia e Ciências da Bahia;BA;251;Privada;;;251-300;5.3;351-400;0.22;201-250;0.26;;;147;4.82;;;;;;;;;
2019;engenharia-mecanica;Centro Universitário Funorte;MG;251;Privada;;;201-250;6.81;201-250;3.04;;;;;195;3.77;;;;;;;;;
2019;engenharia-mecanica;Centro Universitário Uniftec Bento Gonçalves;RS;251;Privada;;;251-300;5.99;251-300;2.39;;;;;201-250;3.6;;;;;;;;;
2019;engenharia-mecanica;Centro Universitário Alves Faria;GO;251;Privada;;;251-300;5.53;301-350;0.59;95;4.55;;;301-350;0.39;;;;;;;;;
2019;engenharia-mecanica;Conservatório Brasileiro de Música;RJ;251;Privada;;;251-300;6.6;130;5.2;;;;;301-350;1.4;;;;;;;;;
2019;engenharia-mecanica;Faculdade Anhanguera de Maceió;AL;251;Privada;;;251-300;5.25;251-300;2.1;201-250;0.18;;;201-250;2.97;;;;;;;;;
2019;engenharia-mecanica;Centro Universitário Facid Wyden;PI;251;Privada;;;251-300;6.39;301-350;0.5;;;;;98;5.89;;;;;;;;;
2019;engenharia-mecanica;Faculdade Anhanguera Pitágoras Votorantim;SP;251;Privada;;;201-250;7.05;251-300;1.84;159;2.2;;;201-250;3.01;;;;;;;;;
2019;engenharia-mecanica;Faculdade Metropolitana de Rio do Sul;SC;251;Privada;;;251-300;5.95;251-300;1.52;;;;;165;4.43;;;;;;;;;
2019;engenharia-mecanica;Faculdade Flórida;SP;251;Privada;;;251-300;5.26;180;4.12;201-250;0.51;;;301-350;0.63;;;;;;;;;
2019;engenharia-mecanica;Faculdade de Filosofia Ciências e Letras de Ituverava;SP;251;Privada;;;251-300;5.67;201-250;3.21;;;;;251-300;2.46;;;;;;;;;
2019;engenharia-mecanica;Centro Universitário Una de Bom Despacho;MG;251;Privada;;;251-300;5.29;351-400;0.15;;;;;132;5.14;;;;;;;;;
2019;engenharia-mecanica;Faculdade Anhanguera de Ipatinga;MG;251;Privada;;;201-250;6.91;301-350;1.32;122;3.56;;;251-300;2.03;;;;;;;;;
2019;engenharia-mecanica;Faculdade Unime de Ciências Exatas e Tecnológicas;BA;301;Privada;;;301-350;4.24;251-300;1.71;;;;;251-300;2.53;;;;;;;;;
2019;engenharia-mecanica;Centro Universitário Unifacear;PR;301;Privada;;;301-350;4.42;301-350;1.13;148;2.61;;;301-350;0.68;;;;;;;;;
2019;engenharia-mecanica;Faculdade Empresarial de Chapecó;SC;301;Privada;;;301-350;3.82;301-350;1.15;178;1.51;;;301-350;1.16;;;;;;;;;
2019;engenharia-mecanica;Centro Universitário Anhanguera Pitágoras Unopar de Campo Grande;MS;301;Privada;;;301-350;4.42;251-300;1.58;201-250;0.29;;;251-300;2.55;;;;;;;;;
2019;engenharia-mecanica;Centro Universitário de Paulínia;SP;301;Privada;;;301-350;2.67;251-300;2.17;;;;;301-350;0.5;;;;;;;;;
2019;engenharia-mecanica;Faculdade do Rio de Janeiro;RJ;301;Privada;;;301-350;3.08;251-300;1.91;201-250;0.04;;;301-350;1.13;;;;;;;;;
2019;engenharia-mecanica;Faculdade Anhanguera de Anápolis;GO;301;Privada;;;301-350;2.59;301-350;1.47;201-250;0.07;;;301-350;1.05;;;;;;;;;
2019;engenharia-mecanica;Centro Universitário de Tecnologia de Curitiba;PR;301;Privada;;;301-350;2.24;301-350;0.74;;;;;251-300;1.5;;;;;;;;;
2019;engenharia-mecanica;Centro Universitário Unifateb;PR;301;Privada;;;301-350;3.43;251-300;2.08;;;;;301-350;1.35;;;;;;;;;
2019;engenharia-mecanica;Universidade do Planalto Catarinense;SC;301;Privada;;;301-350;3.96;351-400;0.41;;;;;201-250;3.55;;;;;;;;;
2019;engenharia-mecanica;Centro Universitário de Barra Mansa;RJ;301;Privada;;;301-350;3.3;251-300;2.34;;;;;301-350;0.96;;;;;;;;;
2019;engenharia-mecanica;Faculdade Anhanguera de Goiânia;GO;301;Privada;;;301-350;2.56;301-350;0.52;183;1.32;;;301-350;0.72;;;;;;;;;
2019;engenharia-mecanica;Faculdade Anhanguera Jaraguá do Sul;SC;301;Privada;;;301-350;3.25;301-350;1.43;196;0.84;;;301-350;0.98;;;;;;;;;
2019;engenharia-mecanica;Centro Universitário Etep;SP;301;Privada;;;301-350;3.4;301-350;1.5;172;1.73;;;351-400;0.17;;;;;;;;;
2019;engenharia-mecanica;Universidade Anhanguera de São Paulo;SP;301;Privada;;;251-300;4.52;251-300;1.97;201-250;0.33;;;251-300;2.22;;;;;;;;;
2019;engenharia-mecanica;Centro Universitário Opet;PR;301;Privada;;;301-350;2.63;301-350;1.08;;;;;251-300;1.55;;;;;;;;;
2019;engenharia-mecanica;Faculdade Alis de Itabirito;MG;301;Privada;;;301-350;2.37;251-300;2.28;;;;;351-400;0.09;;;;;;;;;
2019;engenharia-mecanica;Faculdade de Ciência e Tecnologia de Montes Claros;MG;301;Privada;;;301-350;4.11;251-300;2.3;;;;;251-300;1.81;;;;;;;;;
2019;engenharia-mecanica;Centro Universitário Anhanguera de São Paulo;SP;301;Privada;;;301-350;3.71;301-350;1.26;198;0.77;;;251-300;1.68;;;;;;;;;
2019;engenharia-mecanica;Faculdade Anhanguera do Maranhão;MA;301;Privada;;;301-350;3.09;351-400;0.26;;;;;201-250;2.83;;;;;;;;;
2019;engenharia-mecanica;Faculdade Anhanguera de Caxias do Sul;RS;301;Privada;;;301-350;2.05;301-350;0.48;;;;;251-300;1.57;;;;;;;;;
2019;engenharia-mecanica;Faculdade Ciências da Vida;MG;301;Privada;;;301-350;2.97;201-250;2.62;;;;;351-400;0.35;;;;;;;;;
2019;engenharia-mecanica;Faculdade Martha Falcão Wyden;AM;301;Privada;;;301-350;3.91;201-250;2.91;;;;;301-350;1;;;;;;;;;
2019;engenharia-mecanica;Faculdade de Tecnologia Ftec de Porto Alegre;RS;301;Privada;;;301-350;2.36;251-300;2.21;;;;;351-400;0.15;;;;;;;;;
2019;engenharia-mecanica;Faculdade Anhanguera de Rondonópolis;MT;301;Privada;;;301-350;2.03;351-400;0.07;;;;;251-300;1.96;;;;;;;;;
2019;engenharia-mecanica;Faculdade Anhanguera Unidade Guarapari;ES;301;Privada;;;301-350;4.36;301-350;0.95;176;1.58;;;251-300;1.83;;;;;;;;;
2019;engenharia-mecanica;Faculdade Anhanguera de Belo Horizonte;MG;301;Privada;;;301-350;4.29;251-300;2;191;1.03;;;301-350;1.26;;;;;;;;;
2019;engenharia-mecanica;Centro Universitário Anhanguera Pitágoras Unopar de Niterói;RJ;301;Privada;;;301-350;4.33;301-350;1.04;201-250;0.59;;;201-250;2.7;;;;;;;;;
2019;engenharia-mecanica;Faculdade Anhanguera de Contagem;MG;301;Privada;;;301-350;3.73;301-350;0.85;146;2.68;;;351-400;0.2;;;;;;;;;
2019;engenharia-mecanica;Faculdade Anhanguera de Santa Bárbara;SP;301;Privada;;;301-350;2.89;251-300;1.6;201-250;0.48;;;301-350;0.81;;;;;;;;;
2019;engenharia-mecanica;Faculdade Pitágoras;MG;301;Privada;;;301-350;2.68;301-350;0.93;201-250;0.22;;;251-300;1.53;;;;;;;;;
2019;engenharia-mecanica;Universidade Castelo Branco;RJ;301;Privada;;;301-350;4.18;201-250;3.53;;;;;301-350;0.65;;;;;;;;;
2019;engenharia-mecanica;Faculdade Anhanguera de Bauru;SP;301;Privada;;;301-350;3.25;351-400;0.37;;;;;201-250;2.88;;;;;;;;;
2019;engenharia-mecanica;Faculdade Anhanguera de Cascavel;PR;301;Privada;;;301-350;2.03;351-400;0.33;;;;;251-300;1.7;;;;;;;;;
2019;engenharia-mecanica;Faculdade do Centro Leste - Cariacica;ES;301;Privada;;;301-350;3.02;201-250;2.91;;;;;351-400;0.11;;;;;;;;;
2019;engenharia-mecanica;Faculdade Cesurg Marau;RS;301;Privada;;;301-350;3.08;201-250;2.73;;;;;351-400;0.35;;;;;;;;;
2019;engenharia-mecanica;Faculdade Anhanguera de Brasília;DF;301;Privada;;;301-350;3.7;201-250;2.91;;;;;301-350;0.79;;;;;;;;;
2019;engenharia-mecanica;Faculdade Anhanguera do Rio Grande;RS;301;Privada;;;301-350;4.15;301-350;1.45;201-250;0.37;;;251-300;2.33;;;;;;;;;
2019;engenharia-mecanica;Centro Universitário Avantis;SC;301;Privada;;;301-350;2.66;301-350;0.72;;;;;251-300;1.94;;;;;;;;;
2019;engenharia-mecanica;Faculdade Anhanguera Unime de Salvador;BA;301;Privada;;;301-350;3.93;251-300;1.95;;;;;251-300;1.98;;;;;;;;;
2019;engenharia-mecanica;Faculdade Una de Catalão;GO;301;Privada;;;301-350;3.68;351-400;0.24;;;;;201-250;3.44;;;;;;;;;
2019;engenharia-mecanica;Faculdade Anhanguera de Matão;SP;301;Privada;;;301-350;3.64;251-300;1.82;192;0.99;;;301-350;0.83;;;;;;;;;
2019;engenharia-mecanica;Faculdades Integradas Einstein de Limeira;SP;301;Privada;;;301-350;4.11;301-350;0.91;;;;;201-250;3.2;;;;;;;;;
2019;engenharia-mecanica;Faculdade Anhanguera de Campinas;SP;301;Privada;;;301-350;4.18;301-350;0.65;;;;;201-250;3.53;;;;;;;;;
2019;engenharia-mecanica;Faculdade Anhanguera de Governador Valadares;MG;301;Privada;;;301-350;2.85;301-350;0.61;165;1.98;;;351-400;0.26;;;;;;;;;
2019;engenharia-mecanica;Centro Universitário do Planalto de Araxá;MG;301;Privada;;;301-350;4.37;251-300;2.28;;;;;251-300;2.09;;;;;;;;;
2019;engenharia-mecanica;Centro Universitário Anhanguera Pitágoras Ampli;SP;301;Privada;;;301-350;4.22;301-350;0.98;190;1.06;;;251-300;2.18;;;;;;;;;
2019;engenharia-mecanica;Centro Universitário Campo Limpo Paulista;SP;301;Privada;;;301-350;3.91;301-350;0.46;201-250;0.66;;;201-250;2.79;;;;;;;;;
2019;engenharia-mecanica;Faculdade Anhanguera de Indaiatuba;SP;301;Privada;;;301-350;2.37;351-400;0.3;;;;;251-300;2.07;;;;;;;;;
2019;engenharia-mecanica;Centro Universitário Leonardo da Vinci;SC;301;Privada;;;301-350;3.92;251-300;1.54;;;;;251-300;2.38;;;;;;;;;
2019;engenharia-mecanica;Faculdade Anhanguera de Feira de Santana;BA;301;Privada;;;301-350;4.09;251-300;2.32;;;;;251-300;1.77;;;;;;;;;
2019;engenharia-mecanica;Faculdade de Tecnologia Ipanema;SP;351;Privada;;;351-400;1.65;351-400;0.15;;;;;251-300;1.5;;;;;;;;;
2019;engenharia-mecanica;Faculdade Anhanguera de Rio Claro;SP;351;Privada;;;351-400;1.3;301-350;0.89;;;;;301-350;0.41;;;;;;;;;
2019;engenharia-mecanica;Faculdade Esamc Santos;SP;351;Privada;;;351-400;1.3;301-350;0.43;;;;;301-350;0.87;;;;;;;;;
2019;engenharia-mecanica;Centro Universitário Vértice;MG;351;Privada;;;351-400;0.52;351-400;0.17;;;;;351-400;0.35;;;;;;;;;
2019;engenharia-mecanica;Faculdade de Ciências Sociais Aplicadas;MT;351;Privada;;;351-400;1.5;;;;;;;251-300;1.5;;;;;;;;;
2019;engenharia-mecanica;Faculdade Pitágoras de Bacabal;MA;351;Privada;;;351-400;0.02;351-400;0.02;;;;;;;;;;;;;;;
2019;engenharia-mecanica;Faculdade Anhanguera de Vitória da Conquista;BA;351;Privada;;;351-400;1.76;251-300;1.76;;;;;;;;;;;;;;;
2019;engenharia-mecanica;Faculdade Anhanguera de Passo Fundo;RS;351;Privada;;;351-400;0.52;351-400;0.28;;;;;351-400;0.24;;;;;;;;;
2019;engenharia-mecanica;Faculdade Anhanguera de Jequié;BA;351;Privada;;;351-400;0.72;301-350;0.72;;;;;;;;;;;;;;;
2019;engenharia-mecanica;Faculdade Anhanguera de Pindamonhangaba;SP;351;Privada;;;351-400;0.7;301-350;0.63;;;;;351-400;0.07;;;;;;;;;
2019;engenharia-mecanica;Faculdade Anhanguera de Itabuna;BA;351;Privada;;;351-400;1.89;301-350;0.82;;;;;301-350;1.07;;;;;;;;;
2019;engenharia-mecanica;Centro Universitário para o Desenvolvimento do Alto Vale do Itajaí;SC;351;Privada;;;351-400;0.13;351-400;0.11;;;;;351-400;0.02;;;;;;;;;
2019;engenharia-mecanica;Faculdade Pitágoras de João Pessoa;PB;351;Privada;;;351-400;1.61;301-350;1.17;;;;;301-350;0.44;;;;;;;;;
2019;engenharia-mecanica;Universidade Paranaense;PR;351;Privada;;;351-400;1.98;301-350;1.37;;;;;301-350;0.61;;;;;;;;;
2019;engenharia-mecanica;Faculdade Tecsoma;MG;351;Privada;;;351-400;0.52;351-400;0.39;;;;;351-400;0.13;;;;;;;;;
2019;engenharia-mecanica;Faculdade Pitágoras de Luis Eduardo Magalhães;BA;351;Privada;;;351-400;0.98;351-400;0.09;;;;;301-350;0.89;;;;;;;;;
2019;engenharia-mecanica;Centro Universitário Univel;PR;351;Privada;;;351-400;1.51;301-350;0.72;;;;;301-350;0.79;;;;;;;;;
2019;engenharia-mecanica;Faculdade Anhanguera de Imperatriz;MA;351;Privada;;;351-400;0.66;351-400;0.2;;;;;301-350;0.46;;;;;;;;;
2019;engenharia-mecanica;Faculdade Anhanguera de Sorocaba;SP;351;Privada;;;351-400;0.74;351-400;0.04;;;;;301-350;0.7;;;;;;;;;
2023;engenharia-mecanica;Universidade de São Paulo;SP;1;Estadual;1;36;1;63.5;11;7.82;19;7.68;;;1;8;1;40;;;;;;;
2023;engenharia-mecanica;Universidade Estadual de Campinas;SP;2;Estadual;3;35.6;2;62.43;16;7.73;8;7.88;;;1;8;2;38.82;;;;;;;
2023;engenharia-mecanica;Universidade Federal de Santa Catarina;SC;3;Federal;6;35;3;61.26;20;7.66;4;7.95;;;1;8;3;37.65;;;;;;;
2023;engenharia-mecanica;Universidade Federal do Rio de Janeiro;RJ;4;Federal;6;35;5;59.09;63;6.89;16;7.73;;;1;8;4;36.47;;;;;;;
2023;engenharia-mecanica;Universidade Federal de Minas Gerais;MG;5;Federal;1;36;7;56.6;15;7.75;6;7.91;;;1;8;7;32.94;;;;;;;
2023;engenharia-mecanica;Universidade Estadual Paulista Júlio de Mesquita Filho;SP;6;Estadual;6;35;9;56.42;12;7.8;19;7.68;;;1;8;7;32.94;;;;;;;
2023;engenharia-mecanica;Universidade Federal do Rio Grande do Sul;RS;7;Federal;6;35;10;56.22;30;7.48;12;7.8;;;1;8;7;32.94;;;;;;;
2023;engenharia-mecanica;Universidade Federal de São Carlos;SP;8;Federal;24;31.4;8;56.48;14;7.77;14;7.77;;;1;8;7;32.94;;;;;;;
2023;engenharia-mecanica;Centro Universitário da Fundação Educacional Inaciana Pe Sabóia de Medeiros;SP;9;Privada;3;35.6;14;49.7;49;7.14;50;7.12;;;301-350;2.5;7;32.94;;;;;;;
2023;engenharia-mecanica;Universidade Federal de Uberlândia;MG;10;Federal;59;24.4;6;58.98;37;7.35;48;7.16;;;1;8;4;36.47;;;;;;;
2023;engenharia-mecanica;Universidade Federal de Viçosa;MG;11;Federal;59;24.4;11;55.76;33;7.43;35;7.39;;;1;8;7;32.94;;;;;;;
2023;engenharia-mecanica;Universidade Federal de Pernambuco;PE;12;Federal;6;35;19;44.9;65;6.85;18;7.7;;;1;8;16;22.35;;;;;;;
2023;engenharia-mecanica;Universidade Tecnológica Federal do Paraná;PR;13;Federal;6;35;21;44.5;66;6.83;39;7.32;;;1;8;16;22.35;;;;;;;
2023;engenharia-mecanica;Instituto Militar de Engenharia;RJ;14;Federal;59;24.4;12;54.99;110;6.05;1;8;;;1;8;7;32.94;;;;;;;
2023;engenharia-mecanica;Universidade de Brasília;DF;15;Federal;24;31.4;15;45.58;36;7.37;9;7.86;;;1;8;16;22.35;;;;;;;
2023;engenharia-mecanica;Universidade Federal de Itajubá;MG;16;Federal;24;31.4;16;45.36;40;7.3;17;7.71;;;1;8;16;22.35;;;;;;;
2023;engenharia-mecanica;Universidade Federal do Ceará;CE;17;Federal;24;31.4;17;45.11;56;7.01;15;7.75;;;1;8;16;22.35;;;;;;;
2023;engenharia-mecanica;Universidade Federal de Santa Maria;RS;18;Federal;24;31.4;20;44.54;32;7.44;71;6.75;;;1;8;16;22.35;;;;;;;
2023;engenharia-mecanica;Universidade Federal do Rio Grande do Norte;RN;19;Federal;24;31.4;22;44.43;26;7.55;83;6.53;;;1;8;16;22.35;;;;;;;
2023;engenharia-mecanica;Pontifícia Universidade Católica do Rio de Janeiro;RJ;20;Privada;59;24.4;13;50.91;13;7.79;114;5.98;;;201-250;4.2;7;32.94;;;;;;;
2023;engenharia-mecanica;Universidade Presbiteriana Mackenzie;SP;21;Privada;6;35;28;37.55;128;5.72;56;7.02;;;301-350;2.46;16;22.35;;;;;;;
2023;engenharia-mecanica;Pontifícia Universidade Católica de Minas Gerais;MG;22;Privada;6;35;29;36.82;156;5.22;94;6.34;;;251-300;2.91;16;22.35;;;;;;;
2023;engenharia-mecanica;Universidade de Fortaleza;CE;23;Privada;6;35;31;34.28;251-300;2.92;81;6.57;;;301-350;2.44;16;22.35;;;;;;;
2023;engenharia-mecanica;Fundação Universidade Federal do Vale do São Francisco;PE;24;Federal;59;24.4;23;44.2;86;6.48;36;7.37;;;1;8;16;22.35;;;;;;;
2023;engenharia-mecanica;Universidade Federal do Rio Grande;RS;25;Federal;59;24.4;24;44.16;64;6.87;60;6.94;;;1;8;16;22.35;;;;;;;
2023;engenharia-mecanica;Centro Federal de Educação Tecnológica Celso Suckow da Fonseca;RJ;26;Federal;59;24.4;25;43.23;133;5.63;43;7.25;;;1;8;16;22.35;;;;;;;
2023;engenharia-mecanica;Centro Universitário Funorte;MG;27;Privada;59;24.4;27;40.05;110;6.05;201-250;3.65;;;1;8;16;22.35;;;;;;;
2023;engenharia-mecanica;Escola de Engenharia de Piracicaba;SP;28;Municipal;24;31.4;32;31.47;201-250;3.64;155;5.24;;;401-500;0.24;16;22.35;;;;;;;
2023;engenharia-mecanica;Universidade de Passo Fundo;RS;29;Privada;59;24.4;30;36.8;117;5.92;150;5.33;;;251-300;3.2;16;22.35;;;;;;;
2023;engenharia-mecanica;Instituto Tecnológico de Aeronáutica;SP;30;Federal;;;4;60.11;19;7.68;3;7.96;;;1;8;4;36.47;;;;;;;
2023;engenharia-mecanica;Universidade Federal do Paraná;PR;31;Federal;6;35;43;22.58;22;7.62;59;6.96;;;1;8;;;;;;;;;
2023;engenharia-mecanica;Universidade Federal da Bahia;BA;32;Federal;6;35;48;22.03;89;6.42;23;7.61;;;1;8;;;;;;;;;
2023;engenharia-mecanica;Universidade Federal de Goiás;GO;33;Federal;24;31.4;35;23.5;23;7.61;7;7.89;;;1;8;;;;;;;;;
2023;engenharia-mecanica;Universidade Federal do Espírito Santo;ES;34;Federal;24;31.4;37;23.26;41;7.28;2;7.98;;;1;8;;;;;;;;;
2023;engenharia-mecanica;Universidade do Estado do Rio de Janeiro;RJ;35;Estadual;6;35;77;19.3;51;7.1;66;6.84;;;147;5.36;;;;;;;;;
2023;engenharia-mecanica;Universidade Federal de Sergipe;SE;36;Federal;24;31.4;42;22.79;42;7.27;28;7.52;;;1;8;;;;;;;;;
2023;engenharia-mecanica;Universidade do Vale do Rio dos Sinos;RS;37;Privada;6;35;78;19.13;31;7.46;92;6.37;;;150;5.3;;;;;;;;;
2023;engenharia-mecanica;Universidade Federal da Paraíba;PB;38;Federal;24;31.4;47;22.32;35;7.39;61;6.93;;;1;8;;;;;;;;;
2023;engenharia-mecanica;Universidade Federal de São João Del Rei;MG;39;Federal;24;31.4;52;21.83;46;7.19;77;6.64;;;1;8;;;;;;;;;
2023;engenharia-mecanica;Universidade Estadual de Maringá;PR;40;Estadual;24;31.4;53;21.62;98;6.26;37;7.36;;;1;8;;;;;;;;;
2023;engenharia-mecanica;Universidade Tiradentes;SE;41;Privada;59;24.4;34;28.48;196;4.5;401-500;0.09;;;351-400;1.54;16;22.35;;;;;;;
2023;engenharia-mecanica;Pontifícia Universidade Católica do Paraná;PR;42;Privada;6;35;103;17.75;104;6.15;46;7.2;;;200;4.4;;;;;;;;;
2023;engenharia-mecanica;Universidade Federal do Pará;PA;43;Federal;24;31.4;61;21.14;87;6.46;75;6.68;;;1;8;;;;;;;;;
2023;engenharia-mecanica;Universidade São Judas Tadeu;SP;44;Privada;24;31.4;63;20.85;59;6.96;119;5.89;;;1;8;;;;;;;;;
2023;engenharia-mecanica;Pontifícia Universidade Católica do Rio Grande do Sul;RS;45;Privada;6;35;112;16.68;81;6.57;74;6.69;;;251-300;3.42;;;;;;;;;
2023;engenharia-mecanica;Universidade Federal do Piauí;PI;46;Federal;24;31.4;68;19.84;176;4.86;58;6.98;;;1;8;;;;;;;;;
2023;engenharia-mecanica;Universidade Federal do Amazonas;AM;47;Federal;24;31.4;73;19.65;178;4.83;67;6.82;;;1;8;;;;;;;;;
2023;engenharia-mecanica;Centro Universitário Una;MG;48;Privada;24;31.4;79;19.07;95;6.31;182;4.76;;;1;8;;;;;;;;;
2023;engenharia-mecanica;Centro Universitário do Instituto Mauá de Tecnologia;SP;49;Privada;6;35;132;15.29;90;6.4;21;7.64;;;351-400;1.25;;;;;;;;;
2023;engenharia-mecanica;Universidade Metodista de Piracicaba;SP;50;Privada;24;31.4;90;18.44;143;5.45;169;4.99;;;1;8;;;;;;;;;
2023;engenharia-mecanica;Universidade de Caxias do Sul;RS;51;Privada;6;35;148;14.41;139;5.53;108;6.09;;;251-300;2.79;;;;;;;;;
2023;engenharia-mecanica;Universidade Pitágoras Unopar Anhanguera;PR;52;Privada;24;31.4;105;17.45;104;6.15;10;7.84;;;251-300;3.46;;;;;;;;;
2023;engenharia-mecanica;Universidade Paulista;SP;53;Privada;3;35.6;190;12.97;201-250;3.68;145;5.42;;;201-250;3.87;;;;;;;;;
2023;engenharia-mecanica;Universidade Anhembi Morumbi;SP;54;Privada;6;35;189;12.97;168;5;139;5.53;;;301-350;2.44;;;;;;;;;
2023;engenharia-mecanica;Universidade Federal de Lavras;MG;55;Federal;59;24.4;36;23.33;17;7.71;22;7.62;;;1;8;;;;;;;;;
2023;engenharia-mecanica;Universidade Federal de Juiz de Fora;MG;56;Federal;59;24.4;38;23.12;25;7.57;26;7.55;;;1;8;;;;;;;;;
2023;engenharia-mecanica;Universidade Positivo;PR;57;Privada;24;31.4;124;15.93;169;4.99;123;5.82;;;160;5.12;;;;;;;;;
2023;engenharia-mecanica;Universidade Federal Rural de Pernambuco;PE;58;Federal;59;24.4;40;22.91;34;7.41;29;7.5;;;1;8;;;;;;;;;
2023;engenharia-mecanica;Universidade Federal Fluminense;RJ;59;Federal;59;24.4;41;22.87;27;7.53;38;7.34;;;1;8;;;;;;;;;
2023;engenharia-mecanica;Universidade Federal do Maranhão;MA;60;Federal;59;24.4;44;22.55;70;6.76;13;7.79;;;1;8;;;;;;;;;
2023;engenharia-mecanica;Centro Federal de Educação Tecnológica de Minas Gerais;MG;61;Federal;59;24.4;45;22.49;75;6.67;11;7.82;;;1;8;;;;;;;;;
2023;engenharia-mecanica;Universidade Federal dos Vales do Jequitinhonha e Mucuri;MG;62;Federal;59;24.4;46;22.39;43;7.25;49;7.14;;;1;8;;;;;;;;;
2023;engenharia-mecanica;Universidade Católica Dom Bosco;MS;63;Privada;24;31.4;139;15.13;201-250;3.96;121;5.85;;;149;5.32;;;;;;;;;
2023;engenharia-mecanica;Universidade Regional de Blumenau;SC;64;Municipal;24;31.4;143;14.54;130;5.69;68;6.8;;;301-350;2.05;;;;;;;;;
2023;engenharia-mecanica;Universidade Federal de Campina Grande;PB;65;Federal;59;24.4;56;21.51;88;6.44;53;7.07;;;1;8;;;;;;;;;
2023;engenharia-mecanica;Fundação Universidade Federal do Pampa;RS;66;Federal;59;24.4;59;21.22;78;6.62;79;6.6;;;1;8;;;;;;;;;
2023;engenharia-mecanica;Universidade Estadual do Oeste do Paraná;PR;67;Estadual;59;24.4;60;21.19;96;6.3;63;6.89;;;1;8;;;;;;;;;
2023;engenharia-mecanica;Universidade Estácio de Sá;RJ;68;Privada;24;31.4;163;13.87;38;7.34;201-250;3.76;;;251-300;2.77;;;;;;;;;
2023;engenharia-mecanica;Faculdades de Campinas;SP;69;Privada;;;18;45.01;201-250;3.7;25;7.57;;;351-400;0.8;7;32.94;;;;;;;
2023;engenharia-mecanica;Instituto Federal de Educação, Ciência e Tecnologia de São Paulo;SP;70;Federal;59;24.4;64;20.5;100;6.22;97;6.28;;;1;8;;;;;;;;;
2023;engenharia-mecanica;Fundação Universidade do Estado de Santa Catarina;SC;71;Estadual;24;31.4;194;12.92;301-350;2.6;24;7.59;;;251-300;2.73;;;;;;;;;
2023;engenharia-mecanica;Universidade Feevale;RS;72;Privada;24;31.4;201-250;12.43;176;4.86;116;5.94;;;351-400;1.63;;;;;;;;;
2023;engenharia-mecanica;Universidade Salvador;BA;73;Privada;24;31.4;201-250;12.29;201-250;4.07;99;6.25;;;301-350;1.97;;;;;;;;;
2023;engenharia-mecanica;Instituto Federal de Educação, Ciência e Tecnologia do Espírito Santo;ES;74;Federal;59;24.4;80;19.02;201-250;3.61;34;7.41;;;1;8;;;;;;;;;
2023;engenharia-mecanica;Universidade do Estado do Amazonas;AM;75;Estadual;59;24.4;82;18.9;201-250;4.4;85;6.5;;;1;8;;;;;;;;;
2023;engenharia-mecanica;Universidade Federal do Oeste da Bahia;BA;76;Federal;59;24.4;84;18.77;161;5.13;133;5.64;;;1;8;;;;;;;;;
2023;engenharia-mecanica;Centro Universitário Facens;SP;77;Privada;59;24.4;90;18.44;69;6.78;92;6.37;;;151;5.29;;;;;;;;;
2023;engenharia-mecanica;Centro Universitário de Belo Horizonte;MG;78;Privada;59;24.4;92;18.43;142;5.47;171;4.96;;;1;8;;;;;;;;;
2023;engenharia-mecanica;Faculdade Ideal Wyden;PA;79;Privada;59;24.4;94;18.29;52;7.09;251-300;3.2;;;1;8;;;;;;;;;
2023;engenharia-mecanica;Universidade de Cuiabá;MT;80;Privada;24;31.4;251-300;11.28;301-350;2.53;201-250;3.72;;;165;5.03;;;;;;;;;
2023;engenharia-mecanica;Universidade do Oeste de Santa Catarina;SC;81;Privada;59;24.4;98;18.05;201-250;4.04;112;6.01;;;1;8;;;;;;;;;
2023;engenharia-mecanica;Centro Universitário Senai Cimatec;BA;82;Privada;24;31.4;251-300;11.05;251-300;3.14;73;6.71;;;351-400;1.2;;;;;;;;;
2023;engenharia-mecanica;Universidade da Amazônia;PA;83;Privada;24;31.4;251-300;10.88;251-300;3.03;201-250;3.74;;;201-250;4.11;;;;;;;;;
2023;engenharia-mecanica;Universidade Cesumar;PR;84;Privada;59;24.4;102;17.81;48;7.16;251-300;2.65;;;1;8;;;;;;;;;
2023;engenharia-mecanica;Universidade Vila Velha;ES;85;Privada;24;31.4;251-300;10.39;301-350;1.85;51;7.11;;;351-400;1.43;;;;;;;;;
2023;engenharia-mecanica;Centro Universitário Multivix Vitória;ES;86;Privada;59;24.4;106;17.36;301-350;2.58;69;6.78;;;1;8;;;;;;;;;
2023;engenharia-mecanica;Centro Universitário Toledo Wyden;SP;87;Privada;59;24.4;107;17.25;52;7.09;105;6.14;;;201-250;4.02;;;;;;;;;
2023;engenharia-mecanica;Universidade Luterana do Brasil;RS;88;Privada;59;24.4;115;16.48;143;5.45;130;5.69;;;148;5.34;;;;;;;;;
2023;engenharia-mecanica;Universidade Estadual do Maranhão;MA;89;Estadual;59;24.4;117;16.28;251-300;3.18;163;5.1;;;1;8;;;;;;;;;
2023;engenharia-mecanica;Centro Universitário Ingá;PR;90;Privada;;;26;40.42;201-250;4.32;127;5.75;;;1;8;16;22.35;;;;;;;
2023;engenharia-mecanica;Universidade Santa Cecília;SP;91;Privada;59;24.4;121;16;125;5.78;103;6.17;;;201-250;4.05;;;;;;;;;
2023;engenharia-mecanica;Instituto Federal de Educação, Ciência e Tecnologia do Amazonas;AM;92;Federal;59;24.4;125;15.73;301-350;2.15;136;5.58;;;1;8;;;;;;;;;
2023;engenharia-mecanica;Centro Universitário do Norte;AM;93;Privada;24;31.4;301-350;8.65;251-300;2.89;351-400;1.52;;;201-250;4.24;;;;;;;;;
2023;engenharia-mecanica;Universidade Católica de Santos;SP;94;Privada;59;24.4;129;15.48;74;6.69;401-500;0.79;;;1;8;;;;;;;;;
2023;engenharia-mecanica;Universidade Comunitária da Região de Chapecó;SC;95;Privada;59;24.4;130;15.47;301-350;2.03;144;5.44;;;1;8;;;;;;;;;
2023;engenharia-mecanica;Centro Universitário Fanor Wyden;CE;96;Privada;24;31.4;301-350;8.43;201-250;4.32;201-250;3.6;;;401-500;0.51;;;;;;;;;
2023;engenharia-mecanica;Centro Universitário Sociesc;SC;97;Privada;59;24.4;134;15.22;120;5.87;141;5.49;;;201-250;3.86;;;;;;;;;
2023;engenharia-mecanica;Faculdade Anhanguera de Linhares;ES;98;Privada;59;24.4;137;15.16;119;5.88;173;4.92;;;201-250;4.36;;;;;;;;;
2023;engenharia-mecanica;Universidade de Rio Verde;GO;99;Municipal;59;24.4;140;14.78;251-300;2.82;201-250;3.96;;;1;8;;;;;;;;;
2023;engenharia-mecanica;Universidade Cruzeiro do Sul;SP;100;Privada;24;31.4;351-400;7.67;251-300;3.5;251-300;2.99;;;351-400;1.18;;;;;;;;;
2023;engenharia-mecanica;Faculdade Anhanguera de Passo Fundo;RS;101;Privada;59;24.4;145;14.5;122;5.83;175;4.89;;;201-250;3.78;;;;;;;;;
2023;engenharia-mecanica;Centro Universitário Católico Salesiano Auxilium;SP;102;Privada;59;24.4;146;14.48;301-350;1.97;196;4.51;;;1;8;;;;;;;;;
2023;engenharia-mecanica;Pontifícia Universidade Católica de Campinas;SP;103;Privada;24;31.4;351-400;7.36;106;6.12;401-500;0.79;;;401-500;0.45;;;;;;;;;
2023;engenharia-mecanica;Universidade Universus Veritas Guarulhos;SP;104;Privada;59;24.4;149;14.34;171;4.95;167;5.03;;;201-250;4.36;;;;;;;;;
2023;engenharia-mecanica;Universidade da Região de Joinville;SC;105;Privada;59;24.4;157;14.1;201-250;3.66;132;5.66;;;179;4.78;;;;;;;;;
2023;engenharia-mecanica;Faculdade Anhanguera de Poços de Caldas;MG;106;Privada;59;24.4;173;13.63;93;6.35;251-300;3.04;;;201-250;4.24;;;;;;;;;
2023;engenharia-mecanica;Faculdade Área1 Wyden;BA;107;Privada;59;24.4;180;13.25;301-350;2.12;70;6.77;;;201-250;4.36;;;;;;;;;
2023;engenharia-mecanica;Faculdade Estácio de Belém;PA;108;Privada;59;24.4;186;13.07;201-250;4.2;201-250;4.42;;;197;4.45;;;;;;;;;
2023;engenharia-mecanica;Universidade São Francisco;SP;109;Privada;59;24.4;192;12.95;301-350;2.14;96;6.3;;;194;4.51;;;;;;;;;
2023;engenharia-mecanica;Faculdade do Centro Leste;ES;110;Privada;59;24.4;197;12.74;251-300;2.87;40;7.3;;;301-350;2.57;;;;;;;;;
2023;engenharia-mecanica;Universidade Regional do Noroeste do Estado do Rio Grande do Sul;RS;111;Privada;59;24.4;198;12.69;201-250;4.16;201-250;4.33;;;201-250;4.2;;;;;;;;;
2023;engenharia-mecanica;Universidade do Extremo Sul Catarinense;SC;112;Privada;59;24.4;201-250;12.55;301-350;2.24;64;6.87;;;251-300;3.44;;;;;;;;;
2023;engenharia-mecanica;Centro Universitário Campo Real;PR;113;Privada;59;24.4;201-250;12.43;301-350;1.78;251-300;2.65;;;1;8;;;;;;;;;
2023;engenharia-mecanica;Centro Universitário Favip Wyden;PE;114;Privada;59;24.4;201-250;12.41;165;5.06;117;5.92;;;351-400;1.43;;;;;;;;;
2023;engenharia-mecanica;Universidade Nove de Julho;SP;115;Privada;59;24.4;201-250;12.29;109;6.06;251-300;3.01;;;251-300;3.22;;;;;;;;;
2023;engenharia-mecanica;Centro Universitário da Serra Gaúcha;RS;115;Privada;59;24.4;201-250;12.29;81;6.57;168;5.01;;;401-500;0.71;;;;;;;;;
2023;engenharia-mecanica;Centro Universitário Faesa;ES;117;Privada;59;24.4;201-250;12.26;351-400;1.69;82;6.55;;;201-250;4.02;;;;;;;;;
2023;engenharia-mecanica;Centro Universitário de João Pessoa;PB;118;Privada;59;24.4;201-250;12.2;201-250;3.91;251-300;3.4;;;173;4.89;;;;;;;;;
2023;engenharia-mecanica;Faculdade Anhanguera de Jundiaí;SP;119;Privada;59;24.4;201-250;12.1;140;5.51;251-300;3.49;;;251-300;3.1;;;;;;;;;
2023;engenharia-mecanica;Universidade Ceuma;MA;120;Privada;59;24.4;201-250;12.08;201-250;3.91;251-300;2.92;;;153;5.25;;;;;;;;;
2023;engenharia-mecanica;Centro Universitário Maurício de Nassau de João Pessoa;PB;121;Privada;59;24.4;201-250;11.9;201-250;3.91;201-250;4.28;;;201-250;3.71;;;;;;;;;
2023;engenharia-mecanica;Universidade de Santa Cruz do Sul;RS;121;Privada;59;24.4;201-250;11.9;138;5.54;201-250;4.28;;;301-350;2.08;;;;;;;;;
2023;engenharia-mecanica;Centro Universitário Maurício de Nassau;PE;123;Privada;59;24.4;201-250;11.88;251-300;2.98;201-250;3.87;;;165;5.03;;;;;;;;;
2023;engenharia-mecanica;Centro Universitário Estácio de Sergipe;SE;124;Privada;59;24.4;201-250;11.56;110;6.05;201-250;3.63;;;301-350;1.88;;;;;;;;;
2023;engenharia-mecanica;Universidade de Mogi das Cruzes;SP;125;Privada;59;24.4;201-250;11.5;351-400;1.42;158;5.19;;;173;4.89;;;;;;;;;
2023;engenharia-mecanica;Centro Universitário de Patos de Minas;MG;126;Privada;59;24.4;201-250;11.49;251-300;3.39;104;6.16;;;301-350;1.94;;;;;;;;;
2023;engenharia-mecanica;Faculdade Anhanguera de Contagem;MG;127;Privada;59;24.4;201-250;11.39;165;5.06;201-250;3.85;;;301-350;2.48;;;;;;;;;
2023;engenharia-mecanica;Centro Universitário Newton Paiva;MG;128;Privada;59;24.4;201-250;11.29;301-350;2.42;198;4.47;;;200;4.4;;;;;;;;;
2023;engenharia-mecanica;Centro Universitário do Sul de Minas;MG;129;Privada;59;24.4;251-300;11.27;301-350;1.99;137;5.57;;;201-250;3.71;;;;;;;;;
2023;engenharia-mecanica;Centro Universitário Geraldo Di Biase;RJ;130;Privada;59;24.4;251-300;11.04;301-350;2.28;251-300;3.51;;;153;5.25;;;;;;;;;
2023;engenharia-mecanica;Universidade de Itaúna;MG;131;Privada;59;24.4;251-300;10.72;401-500;0.72;89;6.43;;;201-250;3.57;;;;;;;;;
2023;engenharia-mecanica;Faculdade de Engenharia Souza Marques;RJ;132;Privada;59;24.4;251-300;10.62;301-350;1.97;176;4.87;;;201-250;3.78;;;;;;;;;
2023;engenharia-mecanica;Faculdade Anhanguera de Betim;MG;133;Privada;59;24.4;251-300;10.44;126;5.76;251-300;3.03;;;351-400;1.65;;;;;;;;;
2023;engenharia-mecanica;Centro Universitário Uniftec;RS;134;Privada;59;24.4;251-300;10.41;251-300;3.5;151;5.32;;;351-400;1.59;;;;;;;;;
2023;engenharia-mecanica;Centro Universitário Dom Pedro II;BA;135;Privada;59;24.4;251-300;10.17;401-500;0.38;301-350;1.79;;;1;8;;;;;;;;;
2023;engenharia-mecanica;Faculdade Anhanguera de Anápolis;GO;136;Privada;59;24.4;251-300;10.14;143;5.45;351-400;1.29;;;251-300;3.4;;;;;;;;;
2023;engenharia-mecanica;Universidade Evangélica de Goiás;GO;137;Privada;59;24.4;251-300;9.92;351-400;1.72;166;5.05;;;251-300;3.15;;;;;;;;;
2023;engenharia-mecanica;Universidade de Franca;SP;138;Privada;59;24.4;251-300;9.82;251-300;3.16;197;4.49;;;301-350;2.17;;;;;;;;;
2023;engenharia-mecanica;Universidade Veiga de Almeida;RJ;139;Privada;59;24.4;301-350;9.57;129;5.7;301-350;1.99;;;301-350;1.88;;;;;;;;;
2023;engenharia-mecanica;Centro Universitário Estácio da Bahia;BA;140;Privada;59;24.4;301-350;9.51;301-350;2.08;301-350;2.36;;;163;5.07;;;;;;;;;
2023;engenharia-mecanica;Centro Universitário Maurício de Nassau de Caruaru;PE;141;Privada;59;24.4;301-350;9.44;301-350;2.58;251-300;3.31;;;201-250;3.55;;;;;;;;;
2023;engenharia-mecanica;Universidade Fumec;MG;142;Privada;59;24.4;301-350;9.33;401-500;0.56;54;7.05;;;301-350;1.72;;;;;;;;;
2023;engenharia-mecanica;Centro Universitário Assis Gurgacz;PR;143;Privada;59;24.4;301-350;9.3;401-500;0.81;181;4.78;;;201-250;3.71;;;;;;;;;
2023;engenharia-mecanica;Centro Universitário Anhanguera Pitágoras Unopar de Niterói;RJ;143;Privada;59;24.4;301-350;9.3;191;4.59;301-350;1.99;;;251-300;2.72;;;;;;;;;
2023;engenharia-mecanica;Faculdade Anhanguera de Belo Horizonte;MG;145;Privada;59;24.4;301-350;9.21;201-250;4.41;251-300;3.42;;;351-400;1.38;;;;;;;;;
2023;engenharia-mecanica;Centro Universitário Salesiano de São Paulo;SP;146;Privada;59;24.4;301-350;8.82;201-250;3.57;201-250;4.31;;;351-400;0.94;;;;;;;;;
2023;engenharia-mecanica;Centro Universitário Estácio de Belo Horizonte;MG;147;Privada;59;24.4;301-350;8.78;184;4.72;351-400;1.18;;;251-300;2.88;;;;;;;;;
2023;engenharia-mecanica;Universidade Anhanguera de São Paulo;SP;148;Privada;59;24.4;301-350;8.56;179;4.81;301-350;2.08;;;351-400;1.67;;;;;;;;;
2023;engenharia-mecanica;Universidade de Taubaté;SP;149;Municipal;59;24.4;301-350;8.28;251-300;3.35;251-300;3.45;;;351-400;1.48;;;;;;;;;
2023;engenharia-mecanica;Centro Universitário Ritter dos Reis;RS;150;Privada;59;24.4;301-350;8.17;351-400;0.93;142;5.48;;;301-350;1.76;;;;;;;;;
2023;engenharia-mecanica;Centro Universitário Satc;SC;151;Privada;59;24.4;301-350;8.13;401-500;0.83;91;6.39;;;351-400;0.91;;;;;;;;;
2023;engenharia-mecanica;Faculdade Anhanguera de Caxias do Sul;RS;152;Privada;59;24.4;301-350;8.06;251-300;2.8;201-250;4.28;;;351-400;0.98;;;;;;;;;
2023;engenharia-mecanica;Faculdade Anhanguera de Goiânia;GO;153;Privada;59;24.4;301-350;7.76;301-350;2.53;301-350;2.13;;;251-300;3.1;;;;;;;;;
2023;engenharia-mecanica;Centro Universitário Fundação Santo André;SP;154;Privada;59;24.4;351-400;7.75;195;4.52;301-350;2.27;;;351-400;0.96;;;;;;;;;
2023;engenharia-mecanica;Centro Universitário da Grande Dourados;MS;154;Privada;59;24.4;351-400;7.75;351-400;1.42;301-350;2.31;;;201-250;4.02;;;;;;;;;
2023;engenharia-mecanica;Centro Universitário Jorge Amado;BA;156;Privada;59;24.4;351-400;7.7;301-350;2.42;201-250;3.81;;;351-400;1.47;;;;;;;;;
2023;engenharia-mecanica;Universidade Cidade de São Paulo;SP;157;Privada;59;24.4;351-400;7.65;191;4.59;301-350;2.35;;;401-500;0.71;;;;;;;;;
2023;engenharia-mecanica;Universidade Potiguar;RN;158;Privada;59;24.4;351-400;7.46;351-400;1.53;201-250;4.03;;;301-350;1.9;;;;;;;;;
2023;engenharia-mecanica;Centro Universitário Augusto Motta;RJ;159;Privada;59;24.4;351-400;7.31;301-350;2.01;251-300;3.06;;;301-350;2.24;;;;;;;;;
2023;engenharia-mecanica;Centro Universitário Metrocamp Wyden;SP;160;Privada;;;33;31.29;143;5.45;251-300;3.49;;;;;16;22.35;;;;;;;
2023;engenharia-mecanica;Universidade Cândido Mendes;RJ;161;Privada;59;24.4;351-400;6.45;401-500;0.61;128;5.73;;;401-500;0.11;;;;;;;;;
2023;engenharia-mecanica;Centro Universitário Alves Faria;GO;162;Privada;59;24.4;351-400;6.1;401-500;0.25;170;4.98;;;351-400;0.87;;;;;;;;;
2023;engenharia-mecanica;Centro Universitário das Américas;SP;163;Privada;59;24.4;401-500;5.96;179;4.81;401-500;0.79;;;401-500;0.36;;;;;;;;;
2023;engenharia-mecanica;Faculdade de Filosofia Ciências e Letras de Ituverava;SP;164;Privada;59;24.4;401-500;5.91;401-500;0.52;149;5.35;;;401-500;0.04;;;;;;;;;
2023;engenharia-mecanica;Centro Universitário Nossa Senhora do Patrocínio;SP;165;Privada;59;24.4;401-500;5.59;198;4.47;401-500;0.79;;;401-500;0.33;;;;;;;;;
2023;engenharia-mecanica;Universidade de Sorocaba;SP;166;Privada;59;24.4;401-500;5.5;201-250;4.22;401-500;0.79;;;401-500;0.49;;;;;;;;;
2023;engenharia-mecanica;Centro Universitário Padre Anchieta;SP;167;Privada;59;24.4;401-500;5.34;351-400;1.45;301-350;2.26;;;351-400;1.63;;;;;;;;;
2023;engenharia-mecanica;Universidade Santa Úrsula;RJ;168;Privada;59;24.4;401-500;3.95;301-350;1.79;301-350;2.11;;;401-500;0.05;;;;;;;;;
2023;engenharia-mecanica;Universidade Federal do Triângulo Mineiro;MG;169;Federal;165;3.2;39;22.97;18;7.7;42;7.27;;;1;8;;;;;;;;;
2023;engenharia-mecanica;Universidade Federal Rural do Semi-árido;RN;170;Federal;165;3.2;55;21.59;28;7.52;109;6.07;;;1;8;;;;;;;;;
2023;engenharia-mecanica;Fundação Universidade Federal da Grande Dourados;MS;171;Federal;165;3.2;58;21.26;68;6.8;87;6.46;;;1;8;;;;;;;;;
2023;engenharia-mecanica;Instituto Federal de Educação, Ciência e Tecnologia de Santa Catarina;SC;172;Federal;165;3.2;85;18.76;251-300;3.3;31;7.46;;;1;8;;;;;;;;;
2023;engenharia-mecanica;Universidade Federal do Sul e Sudeste do Pará;PA;173;Federal;;;49;21.95;52;7.09;65;6.86;;;1;8;;;;;;;;;
2023;engenharia-mecanica;Universidade Federal de Ouro Preto;MG;174;Federal;;;50;21.94;39;7.32;78;6.62;;;1;8;;;;;;;;;
2023;engenharia-mecanica;Universidade Federal de Catalão;GO;175;Federal;;;51;21.85;21;7.64;101;6.21;;;1;8;;;;;;;;;
2023;engenharia-mecanica;Universidade Federal do Oeste do Pará;PA;176;Federal;;;53;21.62;60;6.94;75;6.68;;;1;8;;;;;;;;;
2023;engenharia-mecanica;Instituto Federal de Educação, Ciência e Tecnologia do Rio de Janeiro;RJ;177;Federal;;;57;21.3;110;6.05;43;7.25;;;1;8;;;;;;;;;
2023;engenharia-mecanica;Instituto Federal de Educação, Ciência e Tecnologia da Paraíba;PB;178;Federal;;;61;21.14;101;6.21;61;6.93;;;1;8;;;;;;;;;
2023;engenharia-mecanica;Universidade Estadual de Santa Cruz;BA;179;Estadual;;;65;20.35;91;6.39;115;5.96;;;1;8;;;;;;;;;
2023;engenharia-mecanica;Universidade de Pernambuco;PE;180;Estadual;;;66;20.2;187;4.66;27;7.54;;;1;8;;;;;;;;;
2023;engenharia-mecanica;Centro Universitário Una de Contagem;MG;181;Privada;;;67;20.06;79;6.6;143;5.46;;;1;8;;;;;;;;;
2023;engenharia-mecanica;Instituto Federal de Educação, Ciência e Tecnologia de Goiás;GO;182;Federal;;;69;19.82;134;5.61;101;6.21;;;1;8;;;;;;;;;
2023;engenharia-mecanica;Instituto Federal de Educação, Ciência e Tecnologia do Rio Grande do Sul;RS;183;Federal;;;70;19.79;190;4.61;47;7.18;;;1;8;;;;;;;;;
2023;engenharia-mecanica;Instituto Federal de Educação, Ciência e Tecnologia Sul-Rio-Grandense;RS;184;Federal;;;71;19.75;141;5.49;98;6.26;;;1;8;;;;;;;;;
2023;engenharia-mecanica;Centro Universitário de Volta Redonda;RJ;185;Privada;;;72;19.74;47;7.18;193;4.56;;;1;8;;;;;;;;;
2023;engenharia-mecanica;Instituto Federal de Educação, Ciência e Tecnologia de Pernambuco;PE;186;Federal;;;74;19.5;181;4.77;72;6.73;;;1;8;;;;;;;;;
2023;engenharia-mecanica;Centro Universitário São Judas Tadeu;SP;187;Privada;;;75;19.38;136;5.58;124;5.8;;;1;8;;;;;;;;;
2023;engenharia-mecanica;Centro Universitário de Itajubá;MG;187;Privada;;;75;19.38;106;6.12;154;5.26;;;1;8;;;;;;;;;
2023;engenharia-mecanica;Universidade La Salle;RS;189;Privada;;;81;18.95;75;6.67;201-250;4.28;;;1;8;;;;;;;;;
2023;engenharia-mecanica;Centro Universitário Redentor;RJ;190;Privada;;;82;18.9;92;6.37;195;4.53;;;1;8;;;;;;;;;
2023;engenharia-mecanica;Instituto Federal de Educação, Ciência e Tecnologia do Piauí;PI;191;Federal;;;86;18.71;251-300;3.28;33;7.43;;;1;8;;;;;;;;;
2023;engenharia-mecanica;Faculdade Feitep;PR;192;Privada;;;87;18.65;1;8;251-300;2.65;;;1;8;;;;;;;;;
2023;engenharia-mecanica;Instituto Federal de Educação, Ciência e Tecnologia do Ceará;CE;193;Federal;165;3.2;131;15.41;401-500;0.38;55;7.03;;;1;8;;;;;;;;;
2023;engenharia-mecanica;Centro Universitário Facvest;SC;194;Privada;;;88;18.56;122;5.83;184;4.73;;;1;8;;;;;;;;;
2023;engenharia-mecanica;Instituto Federal de Educação, Ciência e Tecnologia Catarinense;SC;194;Federal;;;88;18.56;251-300;3.1;31;7.46;;;1;8;;;;;;;;;
2023;engenharia-mecanica;Instituto Federal de Educação, Ciência e Tecnologia da Bahia;BA;196;Federal;165;3.2;132;15.29;351-400;1.65;133;5.64;;;1;8;;;;;;;;;
2023;engenharia-mecanica;Centro Universitário Nobre de Feira de Santana;BA;197;Privada;;;93;18.37;201-250;4.34;111;6.03;;;1;8;;;;;;;;;
2023;engenharia-mecanica;Instituto Federal de Educação, Ciência e Tecnologia de Minas Gerais;MG;198;Federal;;;95;18.27;201-250;4.38;119;5.89;;;1;8;;;;;;;;;
2023;engenharia-mecanica;Insper Instituto de Ensino e Pesquisa;SP;199;Privada;;;96;18.24;57;7;80;6.59;;;186;4.65;;;;;;;;;
2023;engenharia-mecanica;Universidade do Vale do Taquari;RS;200;Privada;;;97;18.13;94;6.33;90;6.41;;;145;5.39;;;;;;;;;
2023;engenharia-mecanica;Faculdade Una de Pouso Alegre;MG;201;Privada;;;160;13.93;182;4.75;351-400;1.18;;;1;8;;;;;;;;;
2023;engenharia-mecanica;Centro Universitário Uniasselvi de Blumenau ;SC;201;Privada;;;175;13.48;301-350;2.62;251-300;2.86;;;1;8;;;;;;;;;
2023;engenharia-mecanica;Faculdade Anhanguera de Uberlândia;MG;201;Privada;;;165;13.8;201-250;3.59;126;5.76;;;197;4.45;;;;;;;;;
2023;engenharia-mecanica;Faculdade Anhanguera de Macapá;AP;201;Privada;;;128;15.57;110;6.05;351-400;1.52;;;1;8;;;;;;;;;
2023;engenharia-mecanica;Faculdade de Ensino Superior da Cidade de Feira de Santana;BA;201;Privada;;;168;13.7;201-250;3.91;301-350;1.79;;;1;8;;;;;;;;;
2023;engenharia-mecanica;Centro Universitário Ideau;RS;201;Privada;;;141;14.77;301-350;2.49;201-250;4.28;;;1;8;;;;;;;;;
2023;engenharia-mecanica;Centro Universitário Unirb;BA;201;Privada;;;155;14.11;201-250;4.32;301-350;1.79;;;1;8;;;;;;;;;
2023;engenharia-mecanica;Centro Universitário Maurício de Nassau de Maceió;AL;201;Privada;;;150;14.31;143;5.45;201-250;3.79;;;163;5.07;;;;;;;;;
2023;engenharia-mecanica;Faculdade Flórida;SP;201;Privada;;;152;14.22;184;4.72;177;4.85;;;186;4.65;;;;;;;;;
2023;engenharia-mecanica;Faculdade Inova Mais de São Paulo;SP;201;Privada;;;111;16.79;1;8;401-500;0.79;;;1;8;;;;;;;;;
2023;engenharia-mecanica;Faculdade Multivix de Cachoeiro;ES;201;Privada;;;154;14.13;351-400;1.42;185;4.71;;;1;8;;;;;;;;;
2023;engenharia-mecanica;Faculdade Unirb - Mossoró;RN;201;Privada;;;118;16.14;1;8;401-500;0.14;;;1;8;;;;;;;;;
2023;engenharia-mecanica;Universidade Federal do Recôncavo da Bahia;BA;201;Federal;;;110;16.94;301-350;2.42;84;6.52;;;1;8;;;;;;;;;
2023;engenharia-mecanica;Faculdade Meridional;RS;201;Privada;;;120;16.02;62;6.91;201-250;4.28;;;176;4.83;;;;;;;;;
2023;engenharia-mecanica;Faculdade Leonardo da Vinci - Santa Catarina;SC;201;Privada;;;155;14.11;301-350;2.42;201-250;3.69;;;1;8;;;;;;;;;
2023;engenharia-mecanica;Centro Universitário do Rio de Janeiro;RJ;201;Privada;;;113;16.56;81;6.57;301-350;1.99;;;1;8;;;;;;;;;
2023;engenharia-mecanica;Faculdade Tecsoma;MG;201;Privada;;;123;15.94;251-300;3.39;194;4.55;;;1;8;;;;;;;;;
2023;engenharia-mecanica;Faculdade Unirb - Camaçari;BA;201;Privada;;;127;15.62;122;5.83;301-350;1.79;;;1;8;;;;;;;;;
2023;engenharia-mecanica;Faculdade Anhanguera de Bauru;SP;201;Privada;;;142;14.68;75;6.67;201-250;3.9;;;201-250;4.11;;;;;;;;;
2023;engenharia-mecanica;Faculdade Internacional da Paraíba;PB;201;Privada;;;100;17.97;81;6.57;251-300;3.4;;;1;8;;;;;;;;;
2023;engenharia-mecanica;Faculdade Unime de Ciências Exatas e Tecnológicas;BA;201;Privada;;;138;15.14;143;5.45;201-250;4.4;;;151;5.29;;;;;;;;;
2023;engenharia-mecanica;Centro Universitário Unirb - Alagoinhas;BA;201;Privada;;;168;13.7;201-250;3.91;301-350;1.79;;;1;8;;;;;;;;;
2023;engenharia-mecanica;Centro Universitário - Católica de Santa Catarina em Jaraguá do Sul;SC;201;Privada;;;162;13.91;201-250;3.57;86;6.48;;;201-250;3.86;;;;;;;;;
2023;engenharia-mecanica;Universidade Tuiuti do Paraná;PR;201;Privada;;;158;14.07;186;4.68;192;4.58;;;177;4.81;;;;;;;;;
2023;engenharia-mecanica;Universidade Federal de Rondonópolis;MT;201;Federal;;;101;17.88;117;5.92;201-250;3.96;;;1;8;;;;;;;;;
2023;engenharia-mecanica;Faculdade Anhanguera de Rondonópolis;MT;201;Privada;;;174;13.49;201-250;4.04;110;6.05;;;251-300;3.4;;;;;;;;;
2023;engenharia-mecanica;Centro Universitário Una de Betim;MG;201;Privada;;;108;17.18;1;8;351-400;1.18;;;1;8;;;;;;;;;
2023;engenharia-mecanica;Faculdade Anhanguera de Campinas;SP;201;Privada;;;164;13.82;155;5.24;131;5.67;;;251-300;2.91;;;;;;;;;
2023;engenharia-mecanica;Faculdade Anhanguera de Indaiatuba;SP;201;Privada;;;167;13.71;159;5.17;147;5.39;;;251-300;3.15;;;;;;;;;
2023;engenharia-mecanica;Faculdade Anhanguera de Pelotas;RS;201;Privada;;;147;14.48;137;5.56;146;5.41;;;201-250;3.51;;;;;;;;;
2023;engenharia-mecanica;Faculdade Unirb - Natal;RN;201;Privada;;;118;16.14;1;8;401-500;0.14;;;1;8;;;;;;;;;
2023;engenharia-mecanica;Faculdade Anhanguera de Divinópolis;MG;201;Privada;;;172;13.69;182;4.75;174;4.9;;;201-250;4.04;;;;;;;;;
2023;engenharia-mecanica;Faculdades Integradas Maria Imaculada;SP;201;Privada;;;166;13.71;173;4.92;401-500;0.79;;;1;8;;;;;;;;;
2023;engenharia-mecanica;Faculdade Educacional Araucária;PR;201;Privada;;;160;13.93;251-300;3.28;251-300;2.65;;;1;8;;;;;;;;;
2023;engenharia-mecanica;Centro Universitário Facid Wyden;PI;201;Privada;;;135;15.18;52;7.09;401-500;0.09;;;1;8;;;;;;;;;
2023;engenharia-mecanica;Centro Universitário Una de Uberlândia;MG;201;Privada;;;99;17.99;101;6.21;201-250;3.78;;;1;8;;;;;;;;;
2023;engenharia-mecanica;Faculdade Unirb - Feira de Santana;BA;201;Privada;;;168;13.7;201-250;3.91;301-350;1.79;;;1;8;;;;;;;;;
2023;engenharia-mecanica;Faculdade Anhanguera de São José-SC;SC;201;Privada;;;150;14.31;60;6.94;251-300;2.86;;;194;4.51;;;;;;;;;
2023;engenharia-mecanica;Instituto Federal de Educação, Ciência e Tecnologia do Mato Grosso do Sul;MS;201;Federal;;;114;16.54;301-350;2.08;87;6.46;;;1;8;;;;;;;;;
2023;engenharia-mecanica;Universidade Alto Vale do Rio do Peixe;SC;201;Privada;165;3.2;251-300;10.37;201-250;3.95;201-250;4.39;;;301-350;2.03;;;;;;;;;
2023;engenharia-mecanica;Faculdade Unirb - Aracaju;SE;201;Privada;;;153;14.14;110;6.05;401-500;0.09;;;1;8;;;;;;;;;
2023;engenharia-mecanica;Faculdade Ibmec;MG;201;Privada;;;109;17.11;1;8;5;7.93;;;351-400;1.18;;;;;;;;;
2023;engenharia-mecanica;Instituto Federal de Educação, Ciência e Tecnologia Fluminense;RJ;201;Federal;;;104;17.67;301-350;2.42;43;7.25;;;1;8;;;;;;;;;
2023;engenharia-mecanica;Instituto Universitário São Judas de São Bernardo do Campo;SP;201;Privada;;;121;16;45;7.21;401-500;0.79;;;1;8;;;;;;;;;
2023;engenharia-mecanica;Faculdade Anhanguera do Rio Grande;RS;201;Privada;;;126;15.64;67;6.82;180;4.8;;;201-250;4.02;;;;;;;;;
2023;engenharia-mecanica;Centro Universitário de Ciências e Empreendedorismo;BA;201;Privada;;;168;13.7;201-250;3.91;301-350;1.79;;;1;8;;;;;;;;;
2023;engenharia-mecanica;Faculdade Anhanguera Pitágoras de Jundiaí;SP;201;Privada;;;116;16.38;24;7.59;401-500;0.79;;;1;8;;;;;;;;;
2023;engenharia-mecanica;Faculdade Anhanguera Unidade Guarapari;ES;201;Privada;;;135;15.18;127;5.74;164;5.08;;;201-250;4.36;;;;;;;;;
2023;engenharia-mecanica;Centro Universitário Cesuca;RS;201;Privada;;;144;14.51;143;5.45;201-250;4.28;;;179;4.78;;;;;;;;;
2023;engenharia-mecanica;Universidade do Estado de Minas Gerais;MG;201;Estadual;;;159;13.95;401-500;0.04;118;5.91;;;1;8;;;;;;;;;
2023;engenharia-mecanica;Universidade do Vale do Paraíba;SP;251;Privada;;;185;13.13;43;7.25;401-500;0.79;;;162;5.09;;;;;;;;;
2023;engenharia-mecanica;Universidade do Planalto Catarinense;SC;251;Privada;165;3.2;301-350;8.31;351-400;0.86;139;5.53;;;301-350;1.92;;;;;;;;;
2023;engenharia-mecanica;Universidade Católica de Petrópolis;RJ;251;Privada;;;183;13.19;201-250;4;113;6;;;251-300;3.19;;;;;;;;;
2023;engenharia-mecanica;Faculdade Anhanguera Unime de Salvador;BA;251;Privada;;;201-250;11.62;158;5.18;301-350;1.79;;;186;4.65;;;;;;;;;
2023;engenharia-mecanica;Faculdade Una de Sete Lagoas;MG;251;Privada;;;201-250;11.47;135;5.6;351-400;1.18;;;184;4.69;;;;;;;;;
2023;engenharia-mecanica;Universidade do Vale do Itajaí;SC;251;Privada;;;200;12.57;301-350;2.17;57;7;;;251-300;3.4;;;;;;;;;
2023;engenharia-mecanica;Centro Universitário Anhangüera;SP;251;Privada;;;181;13.22;71;6.74;251-300;2.97;;;201-250;3.51;;;;;;;;;
2023;engenharia-mecanica;Faculdade Anhanguera de Rio Branco;AC;251;Privada;;;201-250;11.33;143;5.45;351-400;1.52;;;201-250;4.36;;;;;;;;;
2023;engenharia-mecanica;Faculdade Anhanguera de Ipatinga;MG;251;Privada;;;195;12.8;251-300;3.5;178;4.83;;;196;4.47;;;;;;;;;
2023;engenharia-mecanica;Faculdade Anhanguera de Ribeirão das Neves;MG;251;Privada;;;191;12.95;50;7.12;351-400;1.18;;;186;4.65;;;;;;;;;
2023;engenharia-mecanica;Faculdade Anhanguera de Cascavel;PR;251;Privada;;;201-250;11.69;79;6.6;251-300;2.65;;;301-350;2.44;;;;;;;;;
2023;engenharia-mecanica;Centro Universitário da Amazônia Belém;PA;251;Privada;;;201-250;12.3;201-250;4.32;251-300;3.2;;;179;4.78;;;;;;;;;
2023;engenharia-mecanica;Faculdade Anhanguera de Ponta Grossa;PR;251;Privada;;;201-250;11.39;201-250;4.38;251-300;2.65;;;201-250;4.36;;;;;;;;;
2023;engenharia-mecanica;Faculdade Multivix São Mateus;ES;251;Privada;;;201-250;11.84;401-500;0.65;30;7.48;;;201-250;3.71;;;;;;;;;
2023;engenharia-mecanica;Centro Universitário Católica do Leste de Minas Gerais;MG;251;Privada;;;201-250;12.5;143;5.45;159;5.17;;;301-350;1.88;;;;;;;;;
2023;engenharia-mecanica;Faculdade Estácio de Curitiba;PR;251;Privada;;;201-250;11.83;1;8;251-300;2.65;;;351-400;1.18;;;;;;;;;
2023;engenharia-mecanica;Centro Universitário dos Guararapes;PE;251;Privada;;;201-250;11.44;251-300;3.32;251-300;3.31;;;177;4.81;;;;;;;;;
2023;engenharia-mecanica;Faculdades Integradas Einstein de Limeira;SP;251;Privada;165;3.2;251-300;9.86;401-500;0.72;172;4.94;;;201-250;4.2;;;;;;;;;
2023;engenharia-mecanica;Centro Universitário de Brusque;SC;251;Privada;;;201-250;11.76;251-300;2.76;135;5.6;;;251-300;3.4;;;;;;;;;
2023;engenharia-mecanica;Centro Universitário Ibmec;RJ;251;Privada;;;201-250;12.39;1;8;201-250;4.39;;;;;;;;;;;;;
2023;engenharia-mecanica;Centro Universitário do Espírito Santo;ES;251;Privada;;;201-250;12.51;198;4.47;122;5.83;;;301-350;2.21;;;;;;;;;
2023;engenharia-mecanica;Universidade Regional Integrada do Alto Uruguai e das Missões;RS;251;Privada;;;201-250;11.54;251-300;3.12;95;6.32;;;301-350;2.1;;;;;;;;;
2023;engenharia-mecanica;Faculdade Anhanguera de Brasília;DF;251;Privada;;;196;12.78;173;4.92;199;4.46;;;251-300;3.4;;;;;;;;;
2023;engenharia-mecanica;Centro Universitário Estácio do Ceará;CE;251;Privada;;;188;13.02;58;6.98;201-250;3.6;;;301-350;2.44;;;;;;;;;
2023;engenharia-mecanica;Faculdade Anhanguera de Valparaíso;GO;251;Privada;;;201-250;11.73;99;6.24;351-400;1.29;;;201-250;4.2;;;;;;;;;
2023;engenharia-mecanica;Centro Universitário Fip-moc;MG;251;Privada;;;201-250;12.2;251-300;3.5;201-250;3.92;;;179;4.78;;;;;;;;;
2023;engenharia-mecanica;Centro Universitário Dinâmica das Cataratas;PR;251;Privada;;;177;13.35;251-300;3.28;160;5.15;;;171;4.92;;;;;;;;;
2023;engenharia-mecanica;Centro Universitário - Católica de Santa Catarina em Joinville;SC;251;Privada;;;201-250;11.83;201-250;3.98;52;7.09;;;401-500;0.76;;;;;;;;;
2023;engenharia-mecanica;Faculdade Multivix Serra;ES;251;Privada;;;179;13.28;401-500;0.57;185;4.71;;;1;8;;;;;;;;;
2023;engenharia-mecanica;Faculdade Anhanguera de Jaú;SP;251;Privada;;;201-250;12.39;73;6.71;401-500;0.79;;;173;4.89;;;;;;;;;
2023;engenharia-mecanica;Centro Universitário Maurício de Nassau de Aracaju;SE;251;Privada;;;201-250;12;201-250;3.91;401-500;0.09;;;1;8;;;;;;;;;
2023;engenharia-mecanica;Faculdade Anhanguera de Feira de Santana;BA;251;Privada;;;201-250;11.42;121;5.85;301-350;1.79;;;201-250;3.78;;;;;;;;;
2023;engenharia-mecanica;Instituto de Ensino Superior de Cuiabá;MT;251;Privada;;;178;13.33;251-300;3.09;301-350;2.24;;;1;8;;;;;;;;;
2023;engenharia-mecanica;Faculdade Metropolitana de Rio do Sul;SC;251;Privada;;;201-250;12.14;201-250;4.16;251-300;2.95;;;165;5.03;;;;;;;;;
2023;engenharia-mecanica;Faculdade Una de Jataí;GO;251;Privada;;;182;13.2;201-250;3.91;351-400;1.29;;;1;8;;;;;;;;;
2023;engenharia-mecanica;Centro Universitário Vale do Cricaré;ES;251;Privada;;;201-250;11.5;201-250;3.91;185;4.71;;;251-300;2.88;;;;;;;;;
2023;engenharia-mecanica;Centro Universitário Maurício de Nassau de Fortaleza;CE;251;Privada;;;201-250;11.8;251-300;3.28;201-250;3.6;;;171;4.92;;;;;;;;;
2023;engenharia-mecanica;Centro Universitário Uniasselvi de Guaramirim;SC;251;Privada;;;192;12.95;165;5.06;251-300;2.86;;;165;5.03;;;;;;;;;
2023;engenharia-mecanica;Centro Universitário União das Américas Descomplica;PR;251;Privada;;;186;13.07;301-350;2.42;251-300;2.65;;;1;8;;;;;;;;;
2023;engenharia-mecanica;Faculdade Anhanguera de Guarulhos;SP;251;Privada;;;201-250;12.2;101;6.21;401-500;0.79;;;156;5.2;;;;;;;;;
2023;engenharia-mecanica;Centro Universitário da Fundação Herminio Ometto;SP;251;Privada;;;201-250;12.29;201-250;4.05;106;6.12;;;301-350;2.12;;;;;;;;;
2023;engenharia-mecanica;Universidade Católica do Salvador;BA;251;Privada;165;3.2;251-300;10.06;301-350;1.97;157;5.21;;;251-300;2.88;;;;;;;;;
2023;engenharia-mecanica;Centro Universitário Sete de Setembro;CE;251;Privada;;;201-250;11.53;201-250;3.91;201-250;3.6;;;201-250;4.02;;;;;;;;;
2023;engenharia-mecanica;Centro Universitário Luterano de Manaus;AM;251;Privada;;;199;12.59;251-300;2.91;201-250;4.3;;;146;5.38;;;;;;;;;
2023;engenharia-mecanica;Centro Universitário Unicuritiba;PR;251;Privada;;;201-250;12.36;159;5.17;251-300;3.33;;;201-250;3.86;;;;;;;;;
2023;engenharia-mecanica;Centro Universitário FBV Wyden;PE;251;Privada;;;176;13.38;29;7.5;138;5.55;;;401-500;0.33;;;;;;;;;
2023;engenharia-mecanica;Faculdade Pitágoras Unopar Anhanguera de Londrina;PR;251;Privada;;;201-250;11.88;251-300;3.34;179;4.81;;;201-250;3.73;;;;;;;;;
2023;engenharia-mecanica;Centro Universitário Anhanguera de São Paulo;SP;251;Privada;;;201-250;12.56;97;6.28;251-300;2.88;;;251-300;3.4;;;;;;;;;
2023;engenharia-mecanica;Faculdades Integradas Rui Barbosa;SP;251;Privada;;;184;13.15;251-300;3.09;301-350;2.06;;;1;8;;;;;;;;;
2023;engenharia-mecanica;Centro Universitário Estácio do Recife;PE;251;Privada;;;201-250;11.76;163;5.09;201-250;4.01;;;251-300;2.66;;;;;;;;;
2023;engenharia-mecanica;FAE Centro Universitário;PR;301;Privada;;;251-300;9.75;251-300;3;107;6.1;;;401-500;0.65;;;;;;;;;
2023;engenharia-mecanica;Faculdade de Imperatriz Wyden;MA;301;Privada;;;301-350;9.41;1;8;401-500;0.23;;;351-400;1.18;;;;;;;;;
2023;engenharia-mecanica;Faculdade Anhanguera de Valinhos;SP;301;Privada;;;301-350;9.42;164;5.08;401-500;0.79;;;201-250;3.55;;;;;;;;;
2023;engenharia-mecanica;Faculdade Anhanguera de Santa Bárbara;SP;301;Privada;;;301-350;9.43;157;5.2;301-350;2;;;301-350;2.23;;;;;;;;;
2023;engenharia-mecanica;Faculdade Anhanguera de Jacareí;SP;301;Privada;;;251-300;10.09;110;6.05;301-350;1.83;;;301-350;2.21;;;;;;;;;
2023;engenharia-mecanica;Faculdade de Tecnologia Senai Londrina;PR;301;Privada;;;251-300;11.03;401-500;0.38;251-300;2.65;;;1;8;;;;;;;;;
2023;engenharia-mecanica;Centro Universitário Sant'Anna;SP;301;Privada;;;251-300;10.21;351-400;1.42;401-500;0.79;;;1;8;;;;;;;;;
2023;engenharia-mecanica;Faculdade Esamc Uberlândia;MG;301;Privada;;;251-300;10.1;351-400;0.92;351-400;1.18;;;1;8;;;;;;;;;
2023;engenharia-mecanica;Faculdade de Tecnologia e Ciências da Bahia;BA;301;Privada;;;251-300;10.38;401-500;0.59;301-350;1.79;;;1;8;;;;;;;;;
2023;engenharia-mecanica;Centro Universitário Uniasselvi de Brusque;SC;301;Privada;;;201-250;11.29;201-250;4.32;251-300;2.86;;;201-250;4.11;;;;;;;;;
2023;engenharia-mecanica;Faculdade Vértix Trirriense;RJ;301;Privada;;;251-300;10.28;401-500;0.29;301-350;1.99;;;1;8;;;;;;;;;
2023;engenharia-mecanica;Faculdade Anhanguera de Imperatriz;MA;301;Privada;165;3.2;351-400;6.34;351-400;0.97;401-500;0.23;;;159;5.14;;;;;;;;;
2023;engenharia-mecanica;Faculdade Cesurg Marau;RS;301;Privada;;;251-300;10.91;351-400;1.42;201-250;4.28;;;155;5.21;;;;;;;;;
2023;engenharia-mecanica;Centro Universitário Maurício de Nassau Paulista;PE;301;Privada;;;301-350;9.51;301-350;2.49;251-300;3.31;;;201-250;3.71;;;;;;;;;
2023;engenharia-mecanica;Centro Universitário Ruy Barbosa Wyden;BA;301;Privada;;;251-300;9.99;1;8;301-350;1.79;;;401-500;0.2;;;;;;;;;
2023;engenharia-mecanica;Centro Universitário Anhanguera de Marabá;PA;301;Privada;;;301-350;9.22;251-300;2.83;251-300;3.2;;;251-300;3.19;;;;;;;;;
2023;engenharia-mecanica;Faculdade Anhanguera de Taubaté;SP;301;Privada;;;251-300;9.86;108;6.08;401-500;0.79;;;251-300;2.99;;;;;;;;;
2023;engenharia-mecanica;Faculdade Anhanguera Itabira;MG;301;Privada;;;301-350;9.49;132;5.65;351-400;1.18;;;251-300;2.66;;;;;;;;;
2023;engenharia-mecanica;Faculdade Multivix Vila Velha;ES;301;Privada;;;251-300;10.78;351-400;1.42;185;4.71;;;186;4.65;;;;;;;;;
2023;engenharia-mecanica;Faculdade Anhanguera de Itabuna;BA;301;Privada;;;251-300;10.78;201-250;3.57;251-300;3.35;;;201-250;3.86;;;;;;;;;
2023;engenharia-mecanica;Faculdade Uninassau Cabo;PE;301;Privada;;;301-350;9.47;251-300;2.76;251-300;3.31;;;251-300;3.4;;;;;;;;;
2023;engenharia-mecanica;UGV Centro Universitário;PR;301;Privada;;;251-300;10.66;401-500;0.23;100;6.23;;;201-250;4.2;;;;;;;;;
2023;engenharia-mecanica;Centro Universitário Autônomo do Brasil;PR;301;Privada;;;251-300;10.95;301-350;2.58;129;5.71;;;251-300;2.66;;;;;;;;;
2023;engenharia-mecanica;Centro Universitário do Distrito Federal;DF;301;Privada;;;251-300;11.09;143;5.45;199;4.46;;;351-400;1.18;;;;;;;;;
2023;engenharia-mecanica;Faculdade Anhanguera de Sumaré;SP;301;Privada;;;301-350;9.5;171;4.95;401-500;0.84;;;201-250;3.71;;;;;;;;;
2023;engenharia-mecanica;Faculdade Pitágoras de Juiz de Fora;MG;301;Privada;;;251-300;9.71;71;6.74;351-400;1.18;;;301-350;1.79;;;;;;;;;
2023;engenharia-mecanica;Faculdade Metropolitana;RO;301;Privada;;;251-300;9.61;401-500;0.09;351-400;1.52;;;1;8;;;;;;;;;
2023;engenharia-mecanica;Faculdade Anhanguera de Vitória da Conquista;BA;301;Privada;;;301-350;9.02;187;4.66;301-350;1.79;;;301-350;2.57;;;;;;;;;
2023;engenharia-mecanica;Faculdade de Tecnologia Ftec;RS;301;Privada;;;251-300;10.02;301-350;2.26;201-250;4.28;;;251-300;3.48;;;;;;;;;
2023;engenharia-mecanica;Centro Universitário das Faculdades Metropolitanas Unidas;SP;301;Privada;;;301-350;9.11;251-300;3.43;153;5.28;;;401-500;0.4;;;;;;;;;
2023;engenharia-mecanica;Faculdade Dom Pedro II de Tecnologia;BA;301;Privada;;;251-300;10.22;401-500;0.2;301-350;2.02;;;1;8;;;;;;;;;
2023;engenharia-mecanica;Faculdade Anhanguera de Joinville;SC;301;Privada;;;251-300;10.24;251-300;3.19;201-250;4.35;;;251-300;2.7;;;;;;;;;
2023;engenharia-mecanica;Faculdade Anhanguera de Parauapebas;PA;301;Privada;;;301-350;8.95;200;4.43;251-300;3.2;;;351-400;1.32;;;;;;;;;
2023;engenharia-mecanica;Universidade do Oeste Paulista;SP;301;Privada;;;251-300;9.89;201-250;4.32;401-500;0.79;;;179;4.78;;;;;;;;;
2023;engenharia-mecanica;Faculdade de Tecnologia Ftec de Porto Alegre;RS;301;Privada;;;251-300;10.3;251-300;3.43;201-250;4.28;;;251-300;2.59;;;;;;;;;
2023;engenharia-mecanica;Faculdades Integradas Aparício Carvalho Vilhena;RO;301;Privada;;;251-300;9.72;401-500;0.2;351-400;1.52;;;1;8;;;;;;;;;
2023;engenharia-mecanica;Centro Universitário Vértice;MG;301;Privada;;;251-300;10.6;351-400;1.42;351-400;1.18;;;1;8;;;;;;;;;
2023;engenharia-mecanica;Faculdade Anhanguera de Primavera do Leste;MT;301;Privada;;;251-300;10.46;162;5.11;301-350;2.24;;;251-300;3.11;;;;;;;;;
2023;engenharia-mecanica;Faculdade de Tecnologia Senai CIC;PR;301;Privada;;;251-300;11.13;401-500;0.48;251-300;2.65;;;1;8;;;;;;;;;
2023;engenharia-mecanica;Faculdade Anhanguera de Sorriso;MT;301;Privada;;;251-300;10.98;201-250;4.09;301-350;2.24;;;186;4.65;;;;;;;;;
2023;engenharia-mecanica;Faculdade Estácio do Amazonas;AM;301;Privada;;;301-350;9.41;143;5.45;351-400;1.52;;;301-350;2.44;;;;;;;;;
2023;engenharia-mecanica;Centro Universitário Anhanguera Pitágoras Unopar de Campo Grande;MS;301;Privada;;;251-300;10.44;143;5.45;301-350;2.31;;;251-300;2.68;;;;;;;;;
2023;engenharia-mecanica;Faculdade Anhanguera de Paragominas;PA;301;Privada;;;251-300;9.71;173;4.92;251-300;3.2;;;351-400;1.59;;;;;;;;;
2023;engenharia-mecanica;Faculdade de Tecnologia Senai Curitiba;PR;301;Privada;;;201-250;11.31;401-500;0.66;251-300;2.65;;;1;8;;;;;;;;;
2023;engenharia-mecanica;Faculdade Pitágoras de Bacabal;MA;301;Privada;;;251-300;11;131;5.67;401-500;0.23;;;161;5.1;;;;;;;;;
2023;engenharia-mecanica;Instituto Tecnológico e das Ciências Sociais Aplicadas e da Saúde do Centro Educ. N. Srª Auxiliadora;RJ;301;Privada;;;301-350;9.03;351-400;0.9;41;7.28;;;351-400;0.85;;;;;;;;;
2023;engenharia-mecanica;Faculdade Anhanguera de Piracicaba;SP;301;Privada;;;301-350;8.92;201-250;4.2;301-350;2.15;;;301-350;2.57;;;;;;;;;
2023;engenharia-mecanica;Centro Universitário Maurício de Nassau de Campina Grande;PB;301;Privada;;;301-350;9.58;251-300;2.78;251-300;3.4;;;251-300;3.4;;;;;;;;;
2023;engenharia-mecanica;Faculdade Uninassau Petrolina;PE;301;Privada;;;251-300;10.61;251-300;3.28;251-300;3.31;;;201-250;4.02;;;;;;;;;
2023;engenharia-mecanica;Faculdade Martha Falcão Wyden;AM;301;Privada;;;251-300;9.63;81;6.57;351-400;1.52;;;351-400;1.54;;;;;;;;;
2023;engenharia-mecanica;Centro Universitário Opet;PR;351;Privada;;;351-400;7.71;351-400;1.42;148;5.37;;;351-400;0.92;;;;;;;;;
2023;engenharia-mecanica;Centro Universitário Uniftec Bento Gonçalves;RS;351;Privada;;;301-350;8.37;201-250;3.91;201-250;4.28;;;401-500;0.18;;;;;;;;;
2023;engenharia-mecanica;Faculdade Anhanguera de Jequié;BA;351;Privada;;;301-350;8.16;201-250;3.93;301-350;1.79;;;301-350;2.44;;;;;;;;;
2023;engenharia-mecanica;Centro Universitário do Paraná;PR;351;Privada;;;351-400;7.24;201-250;4.16;251-300;2.65;;;401-500;0.43;;;;;;;;;
2023;engenharia-mecanica;Faculdade Horizontina;RS;351;Privada;;;301-350;7.92;351-400;1.42;161;5.14;;;351-400;1.36;;;;;;;;;
2023;engenharia-mecanica;Faculdade Anhanguera de Tangará da Serra;MT;351;Privada;;;351-400;6.6;301-350;2.19;301-350;2.24;;;301-350;2.17;;;;;;;;;
2023;engenharia-mecanica;Faculdade Cesumar de Ponta Grossa;PR;351;Privada;;;351-400;6.69;351-400;1.6;251-300;2.65;;;301-350;2.44;;;;;;;;;
2023;engenharia-mecanica;Faculdade da Serra Gaúcha de Bento Gonçalves;RS;351;Privada;;;351-400;7.3;301-350;2.42;201-250;4.28;;;401-500;0.6;;;;;;;;;
2023;engenharia-mecanica;Centro Universitário Una de Bom Despacho;MG;351;Privada;;;351-400;6.96;351-400;1.42;351-400;1.18;;;201-250;4.36;;;;;;;;;
2023;engenharia-mecanica;Faculdade Anhanguera de Ribeirão Preto;SP;351;Privada;165;3.2;401-500;4.02;401-500;0.4;201-250;3.62;;;;;;;;;;;;;
2023;engenharia-mecanica;Faculdade Anhanguera de Limeira;SP;351;Privada;;;351-400;6.75;194;4.54;401-500;0.82;;;351-400;1.39;;;;;;;;;
2023;engenharia-mecanica;Centro Universitário de Talentos Humanos;MG;351;Privada;;;351-400;7.39;351-400;1.51;201-250;3.71;;;301-350;2.17;;;;;;;;;
2023;engenharia-mecanica;Centro Universitário Sagrado Coração;SP;351;Privada;;;351-400;7.66;169;4.99;401-500;0.79;;;301-350;1.88;;;;;;;;;
2023;engenharia-mecanica;Faculdade Evangélica de Goianésia;GO;351;Privada;;;351-400;7.37;251-300;2.98;351-400;1.29;;;251-300;3.1;;;;;;;;;
2023;engenharia-mecanica;Faculdade de Engenharia de Resende;RJ;351;Privada;;;351-400;7.32;301-350;1.97;201-250;3.99;;;351-400;1.36;;;;;;;;;
2023;engenharia-mecanica;Centro Universitário de Rondônia;RO;351;Privada;;;351-400;6.65;351-400;1.42;351-400;1.52;;;201-250;3.71;;;;;;;;;
2023;engenharia-mecanica;Centro Universitário para o Desenvolvimento do Alto Vale do Itajaí;SC;351;Privada;165;3.2;401-500;3.47;401-500;0.27;251-300;2.86;;;401-500;0.34;;;;;;;;;
2023;engenharia-mecanica;Centro Universitário Unifateb;PR;351;Privada;;;301-350;7.77;351-400;1.42;162;5.12;;;351-400;1.23;;;;;;;;;
2023;engenharia-mecanica;Faculdade Anhanguera de Marabá;PA;351;Privada;;;301-350;8.65;251-300;3.01;251-300;3.2;;;301-350;2.44;;;;;;;;;
2023;engenharia-mecanica;Faculdade Anhanguera de Maceió;AL;351;Privada;;;301-350;8.37;201-250;4.11;351-400;1.31;;;251-300;2.95;;;;;;;;;
2023;engenharia-mecanica;Faculdade Anhanguera de Governador Valadares;MG;351;Privada;;;301-350;7.88;351-400;1.67;351-400;1.18;;;165;5.03;;;;;;;;;
2023;engenharia-mecanica;Faculdade Anhanguera de São José;SP;351;Privada;;;301-350;8.91;196;4.5;301-350;2.33;;;301-350;2.08;;;;;;;;;
2023;engenharia-mecanica;Faculdade Unesc-Unama;RO;351;Privada;;;351-400;7.59;351-400;1.42;351-400;1.52;;;186;4.65;;;;;;;;;
2023;engenharia-mecanica;Centro Universitário da Fundação Educacional de Barretos;SP;351;Privada;;;351-400;7.02;301-350;1.85;183;4.74;;;401-500;0.43;;;;;;;;;
2023;engenharia-mecanica;Centro Universitário Braz Cubas;SP;351;Privada;;;351-400;7.2;401-500;0.79;125;5.78;;;401-500;0.63;;;;;;;;;
2023;engenharia-mecanica;Faculdade Anhanguera de Serra;ES;351;Privada;;;301-350;8.65;251-300;2.76;185;4.71;;;351-400;1.18;;;;;;;;;
2023;engenharia-mecanica;Centro Universitário Avantis;SC;351;Privada;;;301-350;8.48;401-500;0.68;251-300;2.86;;;170;4.94;;;;;;;;;
2023;engenharia-mecanica;Centro Universitário das Faculdades Associadas de Ensino;SP;351;Municipal;;;351-400;7.49;201-250;3.57;251-300;3.45;;;401-500;0.47;;;;;;;;;
2023;engenharia-mecanica;Claretiano - Centro Universitário de Rio Claro;SP;351;Privada;;;301-350;8.12;351-400;1.63;201-250;3.83;;;251-300;2.66;;;;;;;;;
2023;engenharia-mecanica;Instituto Universitário Una de Catalão;GO;351;Privada;;;301-350;8.05;351-400;1.56;351-400;1.29;;;156;5.2;;;;;;;;;
2023;engenharia-mecanica;Centro Universitário Univel;PR;351;Privada;;;301-350;8.76;351-400;1.42;251-300;2.65;;;184;4.69;;;;;;;;;
2023;engenharia-mecanica;Centro Universitário Salesiano;ES;351;Privada;;;351-400;7.02;351-400;1.42;185;4.71;;;351-400;0.89;;;;;;;;;
2023;engenharia-mecanica;Centro Universitário Senai Blumenau;SC;351;Privada;165;3.2;401-500;4.31;401-500;0.74;251-300;2.86;;;401-500;0.71;;;;;;;;;
2023;engenharia-mecanica;Faculdade São Francisco de Assis;RS;351;Privada;;;351-400;7.52;301-350;1.97;201-250;4.28;;;351-400;1.27;;;;;;;;;
2023;engenharia-mecanica;Centro Universitário de Barra Mansa;RJ;351;Privada;;;351-400;7.63;251-300;2.76;201-250;3.69;;;351-400;1.18;;;;;;;;;
2023;engenharia-mecanica;Faculdades Integradas de Aracruz;ES;351;Privada;;;351-400;7.17;301-350;2.08;185;4.71;;;401-500;0.38;;;;;;;;;
2023;engenharia-mecanica;Centro Universitário Ceuni;AM;351;Privada;;;351-400;6.96;351-400;1.42;351-400;1.52;;;201-250;4.02;;;;;;;;;
2023;engenharia-mecanica;Conservatório Brasileiro de Música;RJ;351;Privada;;;301-350;7.76;191;4.59;301-350;1.99;;;351-400;1.18;;;;;;;;;
2023;engenharia-mecanica;Universidade do Vale do Sapucaí;MG;351;Privada;;;351-400;7.26;251-300;2.98;351-400;1.18;;;251-300;3.1;;;;;;;;;
2023;engenharia-mecanica;Faculdade Anhanguera de Teixeira de Freitas;BA;351;Privada;;;351-400;7.63;301-350;1.97;251-300;3.22;;;301-350;2.44;;;;;;;;;
2023;engenharia-mecanica;Faculdade Alis de Itabirito;MG;351;Privada;;;301-350;7.76;351-400;1.42;351-400;1.18;;;158;5.16;;;;;;;;;
2023;engenharia-mecanica;Faculdade Metropolitana de Anápolis;GO;351;Privada;;;351-400;7.46;351-400;1.72;351-400;1.29;;;197;4.45;;;;;;;;;
2023;engenharia-mecanica;Faculdade Uninorte;AM;351;Privada;;;351-400;6.84;301-350;2.22;351-400;1.52;;;251-300;3.1;;;;;;;;;
2023;engenharia-mecanica;Centro Universitário Anhanguera Pitágoras Ampli;SP;351;Privada;;;351-400;6.43;251-300;2.66;301-350;1.81;;;301-350;1.96;;;;;;;;;
2023;engenharia-mecanica;Faculdade Finom de Patos de Minas;MG;351;Privada;;;351-400;7.25;351-400;1.42;351-400;1.18;;;186;4.65;;;;;;;;;
2023;engenharia-mecanica;Faculdade Anhanguera do Maranhão;MA;351;Privada;165;3.2;401-500;4.45;301-350;1.87;401-500;0.81;;;301-350;1.77;;;;;;;;;
2023;engenharia-mecanica;Faculdade Anhanguera de Pindamonhangaba;SP;351;Privada;;;351-400;7.19;187;4.66;401-500;0.79;;;301-350;1.74;;;;;;;;;
2023;engenharia-mecanica;Faculdade Anhanguera Jaraguá do Sul;SC;351;Privada;;;301-350;8.33;251-300;2.64;201-250;3.97;;;301-350;1.72;;;;;;;;;
2023;engenharia-mecanica;Faculdade Uninassau Lauro de Freitas;BA;351;Privada;;;301-350;7.95;251-300;2.76;301-350;1.79;;;251-300;3.4;;;;;;;;;
2023;engenharia-mecanica;Centro Universitário Etep;SP;351;Privada;;;301-350;8.84;401-500;0.05;401-500;0.79;;;1;8;;;;;;;;;
2023;engenharia-mecanica;Faculdade de Americana;SP;401;Privada;;;401-500;2.53;351-400;1.49;401-500;0.79;;;401-500;0.25;;;;;;;;;
2023;engenharia-mecanica;Centro Universitário FG;BA;401;Privada;;;401-500;3.17;401-500;0.2;301-350;1.79;;;351-400;1.18;;;;;;;;;
2023;engenharia-mecanica;Centro Universitário de Votuporanga;SP;401;Privada;;;401-500;3.06;351-400;1.42;401-500;0.79;;;351-400;0.85;;;;;;;;;
2023;engenharia-mecanica;Centro Universitário de Paulínia;SP;401;Privada;;;401-500;3.28;401-500;0.5;301-350;2.04;;;401-500;0.74;;;;;;;;;
2023;engenharia-mecanica;Centro Universitário Maurício de Nassau de Natal;RN;401;Privada;;;401-500;5.46;301-350;2.22;401-500;0.14;;;251-300;3.1;;;;;;;;;
2023;engenharia-mecanica;Faculdade Anhanguera de Osasco;SP;401;Privada;;;401-500;5.64;201-250;3.62;401-500;0.79;;;351-400;1.23;;;;;;;;;
2023;engenharia-mecanica;Faculdade de Tecnologia Senai Jaraguá do Sul;SC;401;Privada;;;351-400;6.24;251-300;3.09;251-300;2.86;;;401-500;0.29;;;;;;;;;
2023;engenharia-mecanica;Centro Universitário das Faculdades Integradas de Ourinhos;SP;401;Privada;;;401-500;3.5;351-400;1.42;401-500;0.79;;;351-400;1.29;;;;;;;;;
2023;engenharia-mecanica;Centro Universitário Univinte;SC;401;Privada;;;401-500;5.17;351-400;0.84;251-300;2.86;;;351-400;1.47;;;;;;;;;
2023;engenharia-mecanica;Faculdade Esamc Campinas;SP;401;Privada;;;351-400;6.12;401-500;0.31;165;5.07;;;401-500;0.74;;;;;;;;;
2023;engenharia-mecanica;Faculdade Serra Dourada;PA;401;Privada;;;351-400;6.4;401-500;0.32;251-300;3.2;;;251-300;2.88;;;;;;;;;
2023;engenharia-mecanica;Centro Universitário do Planalto de Araxá;MG;401;Privada;;;401-500;3.83;301-350;2.12;351-400;1.18;;;401-500;0.53;;;;;;;;;
2023;engenharia-mecanica;Faculdade Anhanguera de São Luiz;MA;401;Privada;;;401-500;4.72;351-400;1.56;401-500;0.23;;;251-300;2.93;;;;;;;;;
2023;engenharia-mecanica;Faculdade de Tecnologia Senai Joinville;SC;401;Privada;;;401-500;5.88;301-350;2.42;251-300;2.86;;;401-500;0.6;;;;;;;;;
2023;engenharia-mecanica;Centro Universitário Estácio de São Luís;MA;401;Privada;;;401-500;1.61;401-500;0.2;401-500;0.23;;;351-400;1.18;;;;;;;;;
2023;engenharia-mecanica;Instituto de Ensino Superior Fucapi;AM;401;Privada;;;401-500;5.8;401-500;0.48;152;5.3;;;401-500;0.02;;;;;;;;;
2023;engenharia-mecanica;Faculdade Galileu;SP;401;Privada;;;401-500;3.01;351-400;1.42;401-500;0.79;;;351-400;0.8;;;;;;;;;
2023;engenharia-mecanica;Centro Universitário Unifacear;PR;401;Privada;;;351-400;5.99;301-350;2.49;251-300;2.65;;;351-400;0.85;;;;;;;;;
2023;engenharia-mecanica;Faculdade Presidente Antônio Carlos de Conselheiro Lafaiete;MG;401;Privada;;;401-500;5.82;401-500;0.2;201-250;3.9;;;301-350;1.72;;;;;;;;;
2023;engenharia-mecanica;Centro Universitário de Tecnologia de Curitiba;PR;401;Privada;;;401-500;5.36;301-350;2.49;251-300;2.65;;;401-500;0.22;;;;;;;;;
2023;engenharia-mecanica;Centro Universitário Campo Limpo Paulista;SP;401;Privada;;;401-500;4.09;401-500;0.07;301-350;1.99;;;301-350;2.03;;;;;;;;;
2023;engenharia-mecanica;Faculdade Anhanguera de São Bernardo;SP;401;Privada;;;401-500;0.79;;;401-500;0.79;;;;;;;;;;;;;
2023;engenharia-mecanica;Centro Universitário Maurício de Nassau de Teresina;PI;401;Privada;;;401-500;4.91;351-400;1.42;401-500;0.09;;;251-300;3.4;;;;;;;;;
2023;engenharia-mecanica;Faculdade Cnec Varginha;MG;401;Privada;;;401-500;2.28;351-400;0.97;351-400;1.18;;;401-500;0.13;;;;;;;;;
2023;engenharia-mecanica;Faculdade do Amazonas de Ensino, Pesquisa e Inovação;AM;401;Privada;;;401-500;4.44;351-400;1.6;351-400;1.52;;;351-400;1.32;;;;;;;;;
2023;engenharia-mecanica;Faculdade Esamc Santos;SP;401;Privada;;;351-400;5.98;401-500;0.11;155;5.24;;;401-500;0.63;;;;;;;;;
2023;engenharia-mecanica;Faculdade Anhanguera de Sorocaba;SP;401;Privada;;;351-400;6.23;251-300;2.87;401-500;0.79;;;301-350;2.57;;;;;;;;;
2023;engenharia-mecanica;Centro Universitário da Fundação Educacional Guaxupé;MG;401;Privada;165;3.2;401-500;3.16;351-400;1.44;351-400;1.18;;;401-500;0.54;;;;;;;;;
2023;engenharia-mecanica;Faculdade Esamc Jundiaí;SP;401;Privada;;;401-500;0.88;401-500;0.02;401-500;0.79;;;401-500;0.07;;;;;;;;;
2023;engenharia-mecanica;Universidade Iguaçu;RJ;401;Privada;;;401-500;5.38;351-400;0.88;251-300;2.94;;;351-400;1.56;;;;;;;;;
2023;engenharia-mecanica;Centro Universitário Fundação de Ensino Octávio Bastos;SP;401;Privada;;;401-500;4.91;401-500;0.41;401-500;0.79;;;201-250;3.71;;;;;;;;;
2023;engenharia-mecanica;Faculdade Esamc Sorocaba;SP;401;Privada;;;351-400;6.26;351-400;1.42;301-350;2.09;;;251-300;2.75;;;;;;;;;
2023;engenharia-mecanica;Faculdade Anhanguera de Ciências Sociais Aplicadas de Sinop;MT;401;Privada;;;401-500;5.9;301-350;1.85;301-350;2.24;;;301-350;1.81;;;;;;;;;
2023;engenharia-mecanica;Universidade Paranaense;PR;401;Privada;;;401-500;3.59;401-500;0.22;251-300;3.08;;;401-500;0.29;;;;;;;;;
2023;engenharia-mecanica;Faculdade Empresarial de Chapecó;SC;401;Privada;;;401-500;3.55;401-500;0.45;251-300;2.92;;;401-500;0.18;;;;;;;;;
2023;engenharia-mecanica;Faculdade de Santo Ângelo;RS;401;Privada;;;351-400;6;351-400;1.63;201-250;4.28;;;401-500;0.09;;;;;;;;;
2023;engenharia-mecanica;Faculdade Única de Ipatinga;MG;401;Privada;;;401-500;5.65;401-500;0.45;351-400;1.18;;;201-250;4.02;;;;;;;;;
2023;engenharia-mecanica;Centro Universitário Farias Brito;CE;401;Privada;;;351-400;6.4;401-500;0.77;201-250;3.6;;;301-350;2.03;;;;;;;;;
2023;engenharia-mecanica;Universidade do Sul de Santa Catarina;SC;401;Privada;;;401-500;4.88;351-400;1.42;251-300;2.86;;;401-500;0.6;;;;;;;;;
2023;engenharia-mecanica;Faculdade do Rio de Janeiro;RJ;401;Privada;;;401-500;5.08;401-500;0.65;301-350;1.99;;;301-350;2.44;;;;;;;;;
2023;engenharia-mecanica;Faculdade Ciências da Vida;MG;401;Privada;;;401-500;2.08;401-500;0.75;351-400;1.18;;;401-500;0.15;;;;;;;;;
2023;engenharia-mecanica;Centro Universitário Barriga Verde;SC;401;Privada;;;351-400;6.18;301-350;1.78;251-300;2.86;;;351-400;1.54;;;;;;;;;
2023;engenharia-mecanica;Faculdade São Joaquim da Barra;SP;401;Privada;;;401-500;2.57;301-350;1.78;401-500;0.79;;;;;;;;;;;;;
2023;engenharia-mecanica;Faculdade Cnec Rio das Ostras;RJ;401;Privada;;;401-500;5.43;401-500;0.56;301-350;1.99;;;251-300;2.88;;;;;;;;;
2023;engenharia-mecanica;Faculdade Gran Tietê;SP;401;Privada;;;401-500;4.65;351-400;1.42;401-500;0.79;;;301-350;2.44;;;;;;;;;
2023;engenharia-mecanica;Centro Universitário de Lins;SP;401;Privada;;;401-500;5.27;351-400;1.49;401-500;0.79;;;251-300;2.99;;;;;;;;;
2023;engenharia-mecanica;Faculdade Sul Fluminense;RJ;401;Privada;;;401-500;5.93;251-300;2.76;301-350;1.99;;;351-400;1.18;;;;;;;;;
2024;engenharia-mecanica;Universidade de São Paulo;SP;1;Estadual;1;36;1;63.59;;;19;7.68;;;1;8;;;6;7.91;1;40;;;
2024;engenharia-mecanica;Universidade Estadual de Campinas;SP;2;Estadual;2;35.82;2;62.67;;;8;7.88;;;1;8;;;10;7.84;2;38.95;;;
2024;engenharia-mecanica;Universidade Federal de Santa Catarina;SC;3;Federal;9;34.58;3;61.64;;;4;7.95;;;1;8;;;13;7.79;3;37.9;;;
2024;engenharia-mecanica;Universidade Federal de Minas Gerais;MG;4;Federal;2;35.82;5;59.56;;;6;7.91;;;1;8;;;9;7.86;5;35.79;;;
2024;engenharia-mecanica;Universidade Federal do Rio de Janeiro;RJ;5;Federal;9;34.58;4;59.68;;;16;7.73;;;1;8;;;51;7.11;4;36.84;;;
2024;engenharia-mecanica;Universidade Federal de São Carlos;SP;6;Federal;9;34.58;8;56.28;;;14;7.77;;;1;8;;;8;7.88;8;32.63;;;
2024;engenharia-mecanica;Universidade Estadual Paulista Júlio de Mesquita Filho;SP;7;Estadual;9;34.58;9;56.2;;;19;7.68;;;1;8;;;7;7.89;8;32.63;;;
2024;engenharia-mecanica;Universidade Federal do Rio Grande do Sul;RS;8;Federal;9;34.58;10;56.09;;;12;7.8;;;1;8;;;20;7.66;8;32.63;;;
2024;engenharia-mecanica;Centro Universitário da Fundação Educacional Inaciana Pe Sabóia de Medeiros;SP;9;Privada;2;35.82;18;49.29;;;50;7.13;;;301-350;2.39;;;49;7.14;8;32.63;;;
2024;engenharia-mecanica;Universidade Federal de Pernambuco;PE;10;Federal;9;34.58;20;49.06;;;18;7.7;;;1;8;;;55;7.04;14;26.32;;;
2024;engenharia-mecanica;Universidade Federal da Bahia;BA;11;Federal;9;34.58;22;48.75;;;23;7.61;;;1;8;;;67;6.82;14;26.32;;;
2024;engenharia-mecanica;Universidade Tecnológica Federal do Paraná;PR;12;Federal;9;34.58;23;48.66;;;39;7.32;;;1;8;;;56;7.02;14;26.32;;;
2024;engenharia-mecanica;Universidade Federal do Paraná;PR;13;Federal;2;35.82;29;47.16;;;52;7.09;;;111;6.04;;;17;7.71;14;26.32;;;
2024;engenharia-mecanica;Universidade de Brasília;DF;14;Federal;26;31.57;12;49.82;;;9;7.86;;;1;8;;;21;7.64;14;26.32;;;
2024;engenharia-mecanica;Universidade Federal de Lavras;MG;15;Federal;26;31.57;13;49.72;;;22;7.63;;;1;8;;;14;7.77;14;26.32;;;
2024;engenharia-mecanica;Universidade Federal do Espírito Santo;ES;16;Federal;26;31.57;15;49.6;;;2;7.98;;;1;8;;;40;7.3;14;26.32;;;
2024;engenharia-mecanica;Universidade Federal de Itajubá;MG;17;Federal;26;31.57;16;49.45;;;17;7.72;;;1;8;;;34;7.41;14;26.32;;;
2024;engenharia-mecanica;Universidade Federal Fluminense;RJ;18;Federal;26;31.57;17;49.36;;;38;7.34;;;1;8;;;18;7.7;14;26.32;;;
2024;engenharia-mecanica;Pontifícia Universidade Católica do Paraná;PR;19;Privada;2;35.82;31;44.77;;;46;7.2;;;163;5.11;;;105;6.14;14;26.32;;;
2024;engenharia-mecanica;Universidade Federal da Paraíba;PB;20;Federal;26;31.57;21;48.82;;;61;6.93;;;1;8;;;25;7.57;14;26.32;;;
2024;engenharia-mecanica;Universidade Federal de Santa Maria;RS;21;Federal;26;31.57;23;48.66;;;71;6.75;;;1;8;;;24;7.59;14;26.32;;;
2024;engenharia-mecanica;Universidade Federal de Uberlândia;MG;22;Federal;82;21.64;6;58.4;;;48;7.16;;;1;8;;;32;7.45;5;35.79;;;
2024;engenharia-mecanica;Universidade Federal do Rio Grande do Norte;RN;23;Federal;26;31.57;26;48.29;;;83;6.54;;;1;8;;;33;7.43;14;26.32;;;
2024;engenharia-mecanica;Universidade Federal de São João Del Rei;MG;24;Federal;26;31.57;27;48.2;;;77;6.65;;;1;8;;;44;7.23;14;26.32;;;
2024;engenharia-mecanica;Instituto Tecnológico de Aeronáutica;SP;25;Federal;82;21.64;7;57.64;;;3;7.96;;;108;6.09;;;12;7.8;5;35.79;;;
2024;engenharia-mecanica;Centro Federal de Educação Tecnológica Celso Suckow da Fonseca;RJ;26;Federal;26;31.57;28;47.41;;;43;7.25;;;1;8;;;122;5.84;14;26.32;;;
2024;engenharia-mecanica;Fundação Universidade Federal do Vale do São Francisco;PE;27;Federal;26;31.57;30;46.47;;;36;7.38;;;112;6.02;;;71;6.75;14;26.32;;;
2024;engenharia-mecanica;Centro Universitário do Instituto Mauá de Tecnologia;SP;28;Privada;9;34.58;33;42.14;;;21;7.64;;;351-400;1.5;;;75;6.68;14;26.32;;;
2024;engenharia-mecanica;Instituto Militar de Engenharia;RJ;29;Federal;82;21.64;11;55.04;;;1;8;;;1;8;;;90;6.41;8;32.63;;;
2024;engenharia-mecanica;Universidade Presbiteriana Mackenzie;SP;30;Privada;9;34.58;34;41.73;;;57;7;;;251-300;2.68;;;128;5.73;14;26.32;;;
2024;engenharia-mecanica;Pontifícia Universidade Católica de Minas Gerais;MG;31;Privada;2;35.82;36;40.12;;;94;6.34;;;301-350;2.3;;;160;5.16;14;26.32;;;
2024;engenharia-mecanica;Universidade de Passo Fundo;RS;32;Privada;26;31.57;35;41.26;;;150;5.35;;;251-300;3.3;;;97;6.29;14;26.32;;;
2024;engenharia-mecanica;Pontifícia Universidade Católica do Rio de Janeiro;RJ;33;Privada;82;21.64;14;49.64;;;114;5.99;;;251-300;3.54;;;30;7.48;8;32.63;;;
2024;engenharia-mecanica;Universidade Federal de Viçosa;MG;34;Federal;82;21.64;19;49.17;;;35;7.39;;;1;8;;;31;7.46;14;26.32;;;
2024;engenharia-mecanica;Universidade Federal do Rio Grande;RS;35;Federal;82;21.64;25;48.32;;;60;6.95;;;1;8;;;54;7.05;14;26.32;;;
2024;engenharia-mecanica;Universidade Tiradentes;SE;36;Privada;26;31.57;38;35.25;;;401-500;0.09;;;251-300;3.46;;;148;5.38;14;26.32;;;
2024;engenharia-mecanica;Centro Universitário Funorte;MG;37;Privada;82;21.64;32;42.85;;;201-250;3.71;;;1;8;;;179;4.82;14;26.32;;;
2024;engenharia-mecanica;Universidade Federal de Goiás;GO;38;Federal;9;34.58;39;23.44;;;7;7.89;;;1;8;;;26;7.55;;;;;
2024;engenharia-mecanica;Universidade Federal do Ceará;CE;39;Federal;9;34.58;43;22.95;;;15;7.75;;;1;8;;;46;7.2;;;;;
2024;engenharia-mecanica;Universidade Federal do Maranhão;MA;40;Federal;26;31.57;41;23.11;;;13;7.79;;;1;8;;;39;7.32;;;;;
2024;engenharia-mecanica;Universidade do Estado do Rio de Janeiro;RJ;41;Estadual;9;34.58;62;20.09;;;66;6.84;;;118;5.91;;;38;7.34;;;;;
2024;engenharia-mecanica;Universidade Federal de Sergipe;SE;42;Federal;26;31.57;45;22.81;;;28;7.52;;;1;8;;;41;7.29;;;;;
2024;engenharia-mecanica;Universidade do Vale do Rio dos Sinos;RS;43;Privada;9;34.58;69;19.76;;;92;6.38;;;127;5.75;;;22;7.63;;;;;
2024;engenharia-mecanica;Universidade Estadual de Maringá;PR;44;Estadual;26;31.57;50;21.97;;;37;7.36;;;1;8;;;79;6.61;;;;;
2024;engenharia-mecanica;Universidade Federal de Campina Grande;PB;45;Federal;26;31.57;51;21.85;;;54;7.06;;;1;8;;;69;6.79;;;;;
2024;engenharia-mecanica;Universidade Federal do Pará;PA;46;Federal;26;31.57;56;21.54;;;75;6.68;;;1;8;;;65;6.86;;;;;
2024;engenharia-mecanica;Pontifícia Universidade Católica do Rio Grande do Sul;RS;47;Privada;9;34.58;95;17;;;74;6.7;;;251-300;3.41;;;63;6.89;;;;;
2024;engenharia-mecanica;Universidade Federal do Amazonas;AM;48;Federal;26;31.57;64;19.93;;;67;6.82;;;1;8;;;163;5.11;;;;;
2024;engenharia-mecanica;Universidade Federal do Piauí;PI;49;Federal;26;31.57;66;19.9;;;59;6.97;;;1;8;;;173;4.93;;;;;
2024;engenharia-mecanica;Universidade do Estado do Amazonas;AM;50;Estadual;26;31.57;74;19.59;;;85;6.5;;;1;8;;;164;5.09;;;;;
2024;engenharia-mecanica;Universidade Paulista;SP;51;Privada;2;35.82;149;13.99;;;145;5.43;;;173;4.93;;;201-250;3.63;;;;;
2024;engenharia-mecanica;Universidade de Caxias do Sul;RS;52;Privada;9;34.58;130;14.84;;;108;6.09;;;251-300;3.09;;;132;5.66;;;;;
2024;engenharia-mecanica;Universidade São Judas Tadeu;SP;53;Privada;26;31.57;86;17.51;;;119;5.9;;;131;5.68;;;117;5.93;;;;;
2024;engenharia-mecanica;Fundação Universidade do Estado de Santa Catarina;SC;54;Estadual;26;31.57;99;16.78;;;24;7.59;;;201-250;3.73;;;143;5.46;;;;;
2024;engenharia-mecanica;Universidade Metodista de Piracicaba;SP;55;Privada;26;31.57;101;16.58;;;169;5.01;;;178;4.84;;;72;6.73;;;;;
2024;engenharia-mecanica;Universidade Estadual do Maranhão;MA;56;Estadual;26;31.57;102;16.56;;;163;5.11;;;1;8;;;251-300;3.45;;;;;
2024;engenharia-mecanica;Universidade Católica Dom Bosco;MS;57;Privada;26;31.57;105;16.42;;;121;5.86;;;117;5.93;;;190;4.63;;;;;
2024;engenharia-mecanica;Universidade Pitágoras Unopar Anhanguera;PR;58;Privada;26;31.57;106;16.39;;;10;7.84;;;251-300;2.75;;;124;5.8;;;;;
2024;engenharia-mecanica;Centro Universitário Una;MG;59;Privada;26;31.57;114;15.73;;;181;4.79;;;143;5.46;;;142;5.48;;;;;
2024;engenharia-mecanica;Universidade do Oeste de Santa Catarina;SC;60;Privada;26;31.57;119;15.24;;;112;6.02;;;120;5.88;;;251-300;3.34;;;;;
2024;engenharia-mecanica;Universidade Positivo;PR;61;Privada;26;31.57;129;14.85;;;123;5.83;;;201-250;3.7;;;151;5.32;;;;;
2024;engenharia-mecanica;Universidade Regional de Blumenau;SC;62;Municipal;26;31.57;131;14.83;;;68;6.81;;;301-350;1.93;;;108;6.09;;;;;
2024;engenharia-mecanica;Centro Universitário Multivix Vitória;ES;63;Privada;26;31.57;138;14.5;;;69;6.79;;;155;5.25;;;301-350;2.46;;;;;
2024;engenharia-mecanica;Universidade de Fortaleza;CE;64;Privada;9;34.58;201-250;11.46;;;81;6.58;;;301-350;1.86;;;251-300;3.02;;;;;
2024;engenharia-mecanica;Universidade Salvador;BA;65;Privada;26;31.57;156;13.78;;;99;6.25;;;251-300;2.96;;;193;4.57;;;;;
2024;engenharia-mecanica;Faculdade do Centro Leste;ES;66;Privada;26;31.57;160;13.62;;;40;7.31;;;251-300;2.77;;;251-300;3.54;;;;;
2024;engenharia-mecanica;Universidade Federal de Juiz de Fora;MG;67;Federal;82;21.64;40;23.29;;;26;7.56;;;1;8;;;16;7.73;;;;;
2024;engenharia-mecanica;Universidade Cesumar;PR;68;Privada;26;31.57;168;13.26;;;251-300;2.67;;;190;4.63;;;115;5.96;;;;;
2024;engenharia-mecanica;Universidade Federal Rural de Pernambuco;PE;69;Federal;82;21.64;42;23;;;29;7.5;;;1;8;;;29;7.5;;;;;
2024;engenharia-mecanica;Universidade Federal do Triângulo Mineiro;MG;70;Federal;82;21.64;43;22.95;;;42;7.27;;;1;8;;;19;7.68;;;;;
2024;engenharia-mecanica;Centro Federal de Educação Tecnológica de Minas Gerais;MG;71;Federal;82;21.64;46;22.59;;;11;7.82;;;1;8;;;70;6.77;;;;;
2024;engenharia-mecanica;Universidade Anhembi Morumbi;SP;72;Privada;26;31.57;187;12.62;;;139;5.54;;;301-350;2.13;;;172;4.95;;;;;
2024;engenharia-mecanica;Universidade Federal dos Vales do Jequitinhonha e Mucuri;MG;73;Federal;82;21.64;47;22.51;;;49;7.15;;;1;8;;;37;7.36;;;;;
2024;engenharia-mecanica;Centro Universitário Senai Cimatec;BA;74;Privada;26;31.57;201-250;12.08;;;73;6.72;;;301-350;2.36;;;251-300;3;;;;;
2024;engenharia-mecanica;Universidade do Extremo Sul Catarinense;SC;75;Privada;26;31.57;201-250;11.95;;;64;6.88;;;251-300;2.86;;;301-350;2.21;;;;;
2024;engenharia-mecanica;Universidade de Mogi das Cruzes;SP;76;Privada;26;31.57;201-250;11.88;;;158;5.2;;;169;5;;;351-400;1.68;;;;;
2024;engenharia-mecanica;Fundação Universidade Federal da Grande Dourados;MS;77;Federal;82;21.64;52;21.74;;;87;6.47;;;1;8;;;42;7.27;;;;;
2024;engenharia-mecanica;Universidade Estadual do Oeste do Paraná;PR;78;Estadual;82;21.64;53;21.56;;;63;6.9;;;1;8;;;76;6.66;;;;;
2024;engenharia-mecanica;Centro Universitário da Serra Gaúcha;RS;79;Privada;26;31.57;201-250;11.61;;;168;5.02;;;401-500;0.55;;;111;6.04;;;;;
2024;engenharia-mecanica;Universidade de Cuiabá;MT;80;Privada;26;31.57;201-250;11.53;;;201-250;3.78;;;175;4.89;;;251-300;2.86;;;;;
2024;engenharia-mecanica;Universidade Federal Rural do Semi-árido;RN;80;Federal;82;21.64;58;21.46;;;109;6.08;;;1;8;;;36;7.38;;;;;
2024;engenharia-mecanica;Centro Universitário Fanor Wyden;CE;82;Privada;26;31.57;201-250;11.51;;;201-250;3.65;;;301-350;1.91;;;116;5.95;;;;;
2024;engenharia-mecanica;Universidade Feevale;RS;83;Privada;26;31.57;201-250;11.44;;;116;5.95;;;351-400;0.88;;;191;4.61;;;;;
2024;engenharia-mecanica;Universidade Estácio de Sá;RJ;84;Privada;26;31.57;201-250;11.4;;;201-250;3.81;;;351-400;1.27;;;95;6.32;;;;;
2024;engenharia-mecanica;Fundação Universidade Federal do Pampa;RS;85;Federal;82;21.64;59;21.31;;;79;6.61;;;1;8;;;74;6.7;;;;;
2024;engenharia-mecanica;Universidade da Amazônia;PA;86;Privada;26;31.57;251-300;10.99;;;201-250;3.8;;;201-250;4.14;;;251-300;3.05;;;;;
2024;engenharia-mecanica;Universidade de Itaúna;MG;87;Privada;26;31.57;251-300;10.97;;;89;6.43;;;201-250;3.66;;;351-400;0.88;;;;;
2024;engenharia-mecanica;Universidade de Franca;SP;88;Privada;26;31.57;251-300;10.47;;;195;4.54;;;301-350;2.27;;;201-250;3.66;;;;;
2024;engenharia-mecanica;Universidade Estadual de Santa Cruz;BA;89;Estadual;82;21.64;61;20.31;;;115;5.97;;;1;8;;;94;6.34;;;;;
2024;engenharia-mecanica;Universidade Fumec;MG;90;Privada;26;31.57;251-300;10.19;;;55;7.04;;;351-400;1.38;;;301-350;1.77;;;;;
2024;engenharia-mecanica;Instituto Federal de Educação, Ciência e Tecnologia Sul-Rio-Grandense;RS;91;Federal;82;21.64;63;19.95;;;98;6.27;;;1;8;;;131;5.68;;;;;
2024;engenharia-mecanica;Instituto Federal de Educação, Ciência e Tecnologia do Rio Grande do Sul;RS;92;Federal;82;21.64;65;19.91;;;47;7.18;;;1;8;;;184;4.73;;;;;
2024;engenharia-mecanica;Universidade Vila Velha;ES;93;Privada;26;31.57;301-350;9.65;;;51;7.11;;;351-400;0.95;;;351-400;1.59;;;;;
2024;engenharia-mecanica;Instituto Federal de Educação, Ciência e Tecnologia de Santa Catarina;SC;94;Federal;82;21.64;75;19.51;;;31;7.47;;;1;8;;;201-250;4.04;;;;;
2024;engenharia-mecanica;Centro Universitário Facens;SP;95;Privada;82;21.64;76;19.2;;;92;6.38;;;123;5.82;;;57;7;;;;;
2024;engenharia-mecanica;Universidade Cruzeiro do Sul;SP;96;Privada;26;31.57;301-350;8.96;;;251-300;3.05;;;351-400;1.55;;;201-250;4.36;;;;;
2024;engenharia-mecanica;Centro Universitário do Norte;AM;97;Privada;26;31.57;301-350;8.91;;;351-400;1.53;;;201-250;4.34;;;251-300;3.04;;;;;
2024;engenharia-mecanica;Insper Instituto de Ensino e Pesquisa;SP;98;Privada;82;21.64;79;18.72;;;80;6.59;;;176;4.88;;;43;7.25;;;;;
2024;engenharia-mecanica;Escola de Engenharia de Piracicaba;SP;99;Municipal;26;31.57;301-350;8.63;;;155;5.26;;;401-500;0.23;;;251-300;3.14;;;;;
2024;engenharia-mecanica;Centro Universitário da Grande Dourados;MS;100;Privada;26;31.57;301-350;8.48;;;301-350;2.33;;;177;4.86;;;351-400;1.29;;;;;
2024;engenharia-mecanica;Pontifícia Universidade Católica de Campinas;SP;101;Privada;26;31.57;301-350;8.12;;;401-500;0.8;;;401-500;0.86;;;87;6.46;;;;;
2024;engenharia-mecanica;Universidade Federal do Oeste da Bahia;BA;102;Federal;82;21.64;84;18.03;;;133;5.65;;;1;8;;;201-250;4.38;;;;;
2024;engenharia-mecanica;Centro Universitário Ceuni;AM;103;Privada;26;31.57;351-400;8.02;;;351-400;1.53;;;153;5.29;;;351-400;1.2;;;;;
2024;engenharia-mecanica;Centro Universitário Assis Gurgacz;PR;104;Privada;26;31.57;351-400;7.38;;;180;4.81;;;351-400;1.71;;;401-500;0.86;;;;;
2024;engenharia-mecanica;Faculdades de Campinas;SP;105;Privada;;;37;38.8;;;25;7.57;;;351-400;1.2;;;201-250;3.71;14;26.32;;;
2024;engenharia-mecanica;Universidade Santa Cecília;SP;106;Privada;82;21.64;92;17.13;;;103;6.18;;;165;5.07;;;120;5.88;;;;;
2024;engenharia-mecanica;Centro Universitário Ingá;PR;107;Privada;82;21.64;100;16.64;;;127;5.76;;;1;8;;;251-300;2.88;;;;;
2024;engenharia-mecanica;Universidade Luterana do Brasil;RS;108;Privada;82;21.64;103;16.54;;;130;5.7;;;126;5.77;;;165;5.07;;;;;
2024;engenharia-mecanica;Instituto Federal de Educação, Ciência e Tecnologia do Ceará;CE;109;Federal;82;21.64;107;16.23;;;56;7.02;;;1;8;;;351-400;1.21;;;;;
2024;engenharia-mecanica;Centro Universitário Una de Contagem;MG;110;Privada;82;21.64;109;16.15;;;143;5.47;;;150;5.34;;;150;5.34;;;;;
2024;engenharia-mecanica;Instituto Federal de Educação, Ciência e Tecnologia do Amazonas;AM;111;Federal;82;21.64;113;15.76;;;136;5.6;;;1;8;;;301-350;2.16;;;;;
2024;engenharia-mecanica;Faculdade Anhanguera Unidade Guarapari;ES;112;Privada;82;21.64;116;15.66;;;164;5.1;;;201-250;4.29;;;98;6.27;;;;;
2024;engenharia-mecanica;Universidade Católica de Santos;SP;113;Privada;82;21.64;117;15.51;;;401-500;0.8;;;1;8;;;73;6.71;;;;;
2024;engenharia-mecanica;Centro Universitário Favip Wyden;PE;114;Privada;82;21.64;126;14.99;;;117;5.93;;;251-300;3.52;;;139;5.54;;;;;
2024;engenharia-mecanica;Centro Universitário de Belo Horizonte;MG;115;Privada;82;21.64;127;14.92;;;171;4.97;;;144;5.45;;;197;4.5;;;;;
2024;engenharia-mecanica;Centro Universitário Dinâmica das Cataratas;PR;116;Privada;82;21.64;128;14.91;;;160;5.17;;;135;5.61;;;201-250;4.13;;;;;
2024;engenharia-mecanica;Centro Universitário Sociesc;SC;117;Privada;82;21.64;133;14.78;;;141;5.51;;;201-250;4.41;;;177;4.86;;;;;
2024;engenharia-mecanica;Centro Universitário de João Pessoa;PB;118;Privada;82;21.64;135;14.65;;;251-300;3.47;;;154;5.27;;;118;5.91;;;;;
2024;engenharia-mecanica;Centro Universitário Católico Salesiano Auxilium;SP;119;Privada;82;21.64;139;14.49;;;194;4.56;;;1;8;;;301-350;1.93;;;;;
2024;engenharia-mecanica;Universidade de Rio Verde;GO;120;Municipal;82;21.64;141;14.4;;;201-250;4.01;;;1;8;;;301-350;2.39;;;;;
2024;engenharia-mecanica;Centro Universitário Anhanguera de São Paulo;SP;121;Privada;82;21.64;151;13.94;;;251-300;2.94;;;201-250;4.43;;;81;6.57;;;;;
2024;engenharia-mecanica;Faculdade Anhanguera de Passo Fundo;RS;122;Privada;82;21.64;152;13.88;;;175;4.9;;;201-250;3.59;;;147;5.39;;;;;
2024;engenharia-mecanica;Instituto Federal de Educação, Ciência e Tecnologia da Bahia;BA;123;Federal;82;21.64;157;13.76;;;133;5.65;;;109;6.07;;;301-350;2.04;;;;;
2024;engenharia-mecanica;Universidade Comunitária da Região de Chapecó;SC;124;Privada;82;21.64;163;13.5;;;144;5.45;;;133;5.64;;;301-350;2.41;;;;;
2024;engenharia-mecanica;Universidade Católica de Petrópolis;RJ;125;Privada;82;21.64;166;13.45;;;113;6;;;251-300;3.25;;;201-250;4.2;;;;;
2024;engenharia-mecanica;Centro Universitário Sociesc de Blumenau;SC;126;Privada;82;21.64;168;13.26;;;251-300;2.92;;;1;8;;;301-350;2.34;;;;;
2024;engenharia-mecanica;Centro Universitário Faesa;ES;127;Privada;82;21.64;171;13.19;;;82;6.56;;;181;4.79;;;301-350;1.84;;;;;
2024;engenharia-mecanica;Universidade Universus Veritas Guarulhos;SP;128;Privada;82;21.64;178;12.99;;;167;5.04;;;201-250;4.09;;;201-250;3.86;;;;;
2024;engenharia-mecanica;Centro Universitário Una de Betim;MG;129;Privada;82;21.64;180;12.89;;;351-400;1.19;;;159;5.18;;;84;6.52;;;;;
2024;engenharia-mecanica;Universidade do Vale do Itajaí;SC;130;Privada;82;21.64;181;12.88;;;58;6.98;;;201-250;4.02;;;301-350;1.88;;;;;
2024;engenharia-mecanica;Centro Universitário - Católica de Santa Catarina em Joinville;SC;131;Privada;82;21.64;182;12.78;;;53;7.07;;;401-500;0.82;;;175;4.89;;;;;
2024;engenharia-mecanica;Centro Universitário Autônomo do Brasil;PR;132;Privada;82;21.64;184;12.72;;;129;5.72;;;201-250;4.3;;;251-300;2.7;;;;;
2024;engenharia-mecanica;Universidade Ceuma;MA;133;Privada;82;21.64;188;12.59;;;251-300;2.98;;;168;5.02;;;192;4.59;;;;;
2024;engenharia-mecanica;Faculdade Anhanguera de Jundiaí;SP;134;Privada;82;21.64;190;12.57;;;251-300;3.55;;;251-300;3.2;;;123;5.82;;;;;
2024;engenharia-mecanica;Faculdade Ideal Wyden;PA;135;Privada;82;21.64;196;12.25;;;251-300;3.28;;;301-350;2.13;;;66;6.84;;;;;
2024;engenharia-mecanica;Faculdade Anhanguera de Poços de Caldas;MG;136;Privada;82;21.64;197;12.2;;;251-300;3.1;;;201-250;3.55;;;138;5.55;;;;;
2024;engenharia-mecanica;Universidade Regional do Noroeste do Estado do Rio Grande do Sul;RS;137;Privada;82;21.64;201-250;11.94;;;201-250;4.38;;;201-250;4.04;;;251-300;3.52;;;;;
2024;engenharia-mecanica;Universidade Nove de Julho;SP;138;Privada;82;21.64;201-250;11.91;;;251-300;3.07;;;251-300;2.82;;;112;6.02;;;;;
2024;engenharia-mecanica;Centro Universitário Geraldo Di Biase;RJ;139;Privada;82;21.64;201-250;11.83;;;201-250;3.56;;;122;5.84;;;301-350;2.43;;;;;
2024;engenharia-mecanica;Centro Universitário Maurício de Nassau;PE;140;Privada;82;21.64;201-250;11.79;;;201-250;3.92;;;189;4.64;;;251-300;3.23;;;;;
2024;engenharia-mecanica;Centro Universitário de Patos de Minas;MG;141;Privada;82;21.64;201-250;11.71;;;104;6.17;;;301-350;2.29;;;251-300;3.25;;;;;
2024;engenharia-mecanica;Centro Universitário Maurício de Nassau de João Pessoa;PB;142;Privada;82;21.64;201-250;11.64;;;201-250;4.33;;;201-250;4.18;;;251-300;3.13;;;;;
2024;engenharia-mecanica;Centro Universitário Estácio do Ceará;CE;143;Privada;82;21.64;201-250;11.49;;;201-250;3.65;;;301-350;1.77;;;109;6.07;;;;;
2024;engenharia-mecanica;Universidade de Santa Cruz do Sul;RS;144;Privada;82;21.64;201-250;11.44;;;201-250;4.33;;;351-400;1.7;;;146;5.41;;;;;
2024;engenharia-mecanica;Faculdade Anhanguera de Taubaté;SP;145;Privada;82;21.64;201-250;11.25;;;401-500;0.8;;;201-250;4.25;;;102;6.2;;;;;
2024;engenharia-mecanica;Faculdade de Engenharia Souza Marques;RJ;146;Privada;82;21.64;201-250;11.18;;;176;4.88;;;201-250;3.8;;;301-350;2.5;;;;;
2024;engenharia-mecanica;Centro Universitário da Fundação Herminio Ometto;SP;147;Privada;82;21.64;201-250;11.11;;;106;6.13;;;351-400;1.41;;;201-250;3.57;;;;;
2024;engenharia-mecanica;Universidade Regional Integrada do Alto Uruguai e das Missões;RS;148;Privada;82;21.64;201-250;11.08;;;95;6.33;;;351-400;1.59;;;251-300;3.16;;;;;
2024;engenharia-mecanica;Centro Universitário do Sul de Minas;MG;148;Privada;82;21.64;201-250;11.08;;;137;5.58;;;201-250;4.11;;;351-400;1.39;;;;;
2024;engenharia-mecanica;UGV Centro Universitário;PR;150;Privada;82;21.64;251-300;11.04;;;100;6.24;;;197;4.5;;;401-500;0.3;;;;;
2024;engenharia-mecanica;Faculdade Pitágoras de Juiz de Fora;MG;151;Privada;82;21.64;251-300;10.93;;;351-400;1.19;;;251-300;2.79;;;60;6.95;;;;;
2024;engenharia-mecanica;Centro Universitário Newton Paiva;MG;152;Privada;82;21.64;251-300;10.9;;;196;4.53;;;201-250;3.64;;;251-300;2.73;;;;;
2024;engenharia-mecanica;Faculdade Anhanguera de Caxias do Sul;RS;153;Privada;82;21.64;251-300;10.78;;;201-250;4.33;;;351-400;1.66;;;181;4.79;;;;;
2024;engenharia-mecanica;Faculdade Anhanguera de Belo Horizonte;MG;154;Privada;82;21.64;251-300;10.5;;;251-300;3.49;;;301-350;1.96;;;166;5.05;;;;;
2024;engenharia-mecanica;Centro Universitário Estácio de Sergipe;SE;155;Privada;82;21.64;251-300;10.23;;;201-250;3.69;;;401-500;0.43;;;107;6.11;;;;;
2024;engenharia-mecanica;Centro Universitário Dom Pedro II;BA;156;Privada;82;21.64;251-300;10.18;;;301-350;1.8;;;1;8;;;401-500;0.38;;;;;
2024;engenharia-mecanica;Universidade Cidade de São Paulo;SP;157;Privada;82;21.64;251-300;10;;;301-350;2.37;;;351-400;1.63;;;113;6;;;;;
2024;engenharia-mecanica;Universidade Católica do Salvador;BA;158;Privada;82;21.64;251-300;9.97;;;157;5.22;;;251-300;3.11;;;351-400;1.64;;;;;
2024;engenharia-mecanica;Centro Universitário Uniftec;RS;159;Privada;82;21.64;251-300;9.87;;;151;5.33;;;351-400;1.75;;;251-300;2.79;;;;;
2024;engenharia-mecanica;Faculdade Anhanguera de Ribeirão Preto;SP;160;Privada;82;21.64;301-350;9.74;;;201-250;3.67;;;251-300;2.89;;;251-300;3.18;;;;;
2024;engenharia-mecanica;Centro Universitário Salesiano de São Paulo;SP;161;Privada;82;21.64;301-350;9.66;;;201-250;4.37;;;351-400;1.11;;;201-250;4.18;;;;;
2024;engenharia-mecanica;Universidade Veiga de Almeida;RJ;162;Privada;82;21.64;301-350;9.63;;;301-350;2.01;;;351-400;1.46;;;104;6.16;;;;;
2024;engenharia-mecanica;Faculdade Estácio de Belém;PA;163;Privada;82;21.64;301-350;9.59;;;199;4.47;;;351-400;1.73;;;251-300;3.39;;;;;
2024;engenharia-mecanica;Faculdade Anhanguera de Maceió;AL;164;Privada;82;21.64;301-350;9.31;;;351-400;1.34;;;201-250;4.2;;;201-250;3.77;;;;;
2024;engenharia-mecanica;Universidade Potiguar;RN;165;Privada;82;21.64;301-350;9.22;;;201-250;4.08;;;251-300;3.14;;;301-350;2;;;;;
2024;engenharia-mecanica;Centro Universitário Satc;SC;166;Privada;82;21.64;301-350;9.19;;;91;6.4;;;351-400;1.45;;;351-400;1.34;;;;;
2024;engenharia-mecanica;Universidade de Taubaté;SP;167;Municipal;82;21.64;301-350;9.17;;;251-300;3.51;;;301-350;2.46;;;251-300;3.2;;;;;
2024;engenharia-mecanica;Faculdades Integradas Einstein de Limeira;SP;168;Privada;82;21.64;301-350;9.12;;;172;4.95;;;201-250;3.71;;;401-500;0.46;;;;;
2024;engenharia-mecanica;Faculdade Anhanguera de Goiânia;GO;169;Privada;82;21.64;301-350;8.77;;;301-350;2.16;;;251-300;3.32;;;251-300;3.29;;;;;
2024;engenharia-mecanica;Universidade Anhanguera de São Paulo;SP;170;Privada;82;21.64;301-350;8.71;;;301-350;2.1;;;301-350;2.18;;;201-250;4.43;;;;;
2024;engenharia-mecanica;Universidade do Planalto Catarinense;SC;171;Privada;82;21.64;301-350;8.44;;;139;5.54;;;351-400;1.54;;;351-400;1.36;;;;;
2024;engenharia-mecanica;Centro Universitário Maurício de Nassau de Caruaru;PE;172;Privada;82;21.64;301-350;8.42;;;251-300;3.39;;;301-350;2.55;;;301-350;2.48;;;;;
2024;engenharia-mecanica;Centro Universitário Uniftec Bento Gonçalves;RS;173;Privada;82;21.64;301-350;8.4;;;201-250;4.33;;;401-500;0.59;;;251-300;3.48;;;;;
2024;engenharia-mecanica;Centro Universitário Sagrado Coração;SP;173;Privada;82;21.64;301-350;8.4;;;401-500;0.8;;;301-350;2.64;;;171;4.96;;;;;
2024;engenharia-mecanica;Centro Universitário Augusto Motta;RJ;175;Privada;82;21.64;301-350;8.34;;;251-300;3.12;;;251-300;3.04;;;301-350;2.18;;;;;
2024;engenharia-mecanica;Centro Universitário Ritter dos Reis;RS;176;Privada;82;21.64;301-350;8.2;;;142;5.49;;;351-400;1.39;;;351-400;1.32;;;;;
2024;engenharia-mecanica;Claretiano - Centro Universitário de Rio Claro;SP;177;Privada;82;21.64;351-400;8.06;;;201-250;3.88;;;301-350;2.48;;;351-400;1.7;;;;;
2024;engenharia-mecanica;Centro Universitário Jorge Amado;BA;178;Privada;82;21.64;351-400;7.94;;;201-250;3.87;;;351-400;1.52;;;301-350;2.55;;;;;
2024;engenharia-mecanica;Faculdade Anhanguera de Governador Valadares;MG;179;Privada;82;21.64;351-400;7.73;;;351-400;1.19;;;174;4.91;;;351-400;1.63;;;;;
2024;engenharia-mecanica;Faculdade Anhanguera de Imperatriz;MA;180;Privada;82;21.64;351-400;7.69;;;401-500;0.23;;;129;5.71;;;351-400;1.75;;;;;
2024;engenharia-mecanica;Faculdade Anhanguera de Piracicaba;SP;181;Privada;82;21.64;351-400;7.03;;;301-350;2.17;;;301-350;1.95;;;251-300;2.91;;;;;
2024;engenharia-mecanica;Universidade Cândido Mendes;RJ;182;Privada;82;21.64;351-400;6.97;;;128;5.74;;;401-500;0.14;;;351-400;1.09;;;;;
2024;engenharia-mecanica;Centro Universitário da Fundação Educacional de Barretos;SP;183;Privada;82;21.64;351-400;6.89;;;182;4.78;;;401-500;0.29;;;301-350;1.82;;;;;
2024;engenharia-mecanica;Centro Universitário Braz Cubas;SP;184;Privada;82;21.64;351-400;6.83;;;125;5.79;;;401-500;0.52;;;401-500;0.52;;;;;
2024;engenharia-mecanica;Instituto de Ensino Superior Fucapi;AM;185;Privada;82;21.64;351-400;6.54;;;152;5.31;;;401-500;0.46;;;401-500;0.77;;;;;
2024;engenharia-mecanica;Centro Universitário Estácio da Bahia;BA;186;Privada;82;21.64;351-400;6.3;;;301-350;2.39;;;301-350;2.61;;;351-400;1.3;;;;;
2024;engenharia-mecanica;Faculdade de Filosofia Ciências e Letras de Ituverava;SP;187;Privada;82;21.64;351-400;6.24;;;149;5.36;;;401-500;0.04;;;401-500;0.84;;;;;
2024;engenharia-mecanica;Faculdade Anhanguera de Sorocaba;SP;188;Privada;82;21.64;351-400;5.96;;;401-500;0.8;;;301-350;2.2;;;251-300;2.96;;;;;
2024;engenharia-mecanica;Centro Universitário de Tecnologia de Curitiba;PR;188;Privada;82;21.64;351-400;5.96;;;251-300;2.67;;;401-500;0.61;;;251-300;2.68;;;;;
2024;engenharia-mecanica;Faculdade Estácio do Amazonas;AM;190;Privada;82;21.64;351-400;5.82;;;351-400;1.53;;;401-500;0.79;;;251-300;3.5;;;;;
2024;engenharia-mecanica;Centro Universitário Alves Faria;GO;191;Privada;82;21.64;401-500;5.76;;;170;4.99;;;401-500;0.64;;;401-500;0.13;;;;;
2024;engenharia-mecanica;Universidade do Sul de Santa Catarina;SC;192;Privada;82;21.64;401-500;5.69;;;251-300;2.92;;;351-400;1.23;;;351-400;1.54;;;;;
2024;engenharia-mecanica;Centro Universitário Etep;SP;193;Privada;82;21.64;401-500;5.66;;;401-500;0.8;;;190;4.63;;;401-500;0.23;;;;;
2024;engenharia-mecanica;Centro Universitário das Faculdades Associadas de Ensino;SP;194;Municipal;82;21.64;401-500;5.58;;;401-500;0.8;;;351-400;0.89;;;201-250;3.89;;;;;
2024;engenharia-mecanica;Universidade de Sorocaba;SP;195;Privada;82;21.64;401-500;5.3;;;401-500;0.8;;;401-500;0.25;;;201-250;4.25;;;;;
2024;engenharia-mecanica;Centro Universitário Senai Blumenau;SC;196;Privada;82;21.64;401-500;5.11;;;251-300;2.92;;;401-500;0.71;;;351-400;1.48;;;;;
2024;engenharia-mecanica;Centro Universitário Estácio de Belo Horizonte;MG;197;Privada;82;21.64;401-500;5.08;;;351-400;1.19;;;351-400;1;;;251-300;2.89;;;;;
2024;engenharia-mecanica;Centro Universitário Fundação de Ensino Octávio Bastos;SP;198;Privada;82;21.64;401-500;4.88;;;401-500;0.8;;;201-250;3.79;;;401-500;0.29;;;;;
2024;engenharia-mecanica;Centro Universitário Nossa Senhora do Patrocínio;SP;199;Privada;82;21.64;401-500;4.84;;;401-500;0.8;;;401-500;0.34;;;201-250;3.7;;;;;
2024;engenharia-mecanica;Centro Universitário das Américas;SP;200;Privada;82;21.64;401-500;4.78;;;401-500;0.8;;;401-500;0.16;;;201-250;3.82;;;;;
2024;engenharia-mecanica;Instituto Federal de Educação, Ciência e Tecnologia de Minas Gerais;MG;201;Federal;;;83;18.19;;;119;5.9;;;1;8;;;201-250;4.29;;;;;
2024;engenharia-mecanica;Faculdade Inova Mais de São Paulo;SP;201;Privada;;;98;16.8;;;401-500;0.8;;;1;8;;;1;8;;;;;
2024;engenharia-mecanica;Universidade La Salle;RS;201;Privada;;;67;19.87;;;201-250;4.33;;;1;8;;;27;7.54;;;;;
2024;engenharia-mecanica;Instituto Federal de Educação, Ciência e Tecnologia de São Paulo;SP;201;Federal;;;60;20.5;;;97;6.29;;;1;8;;;101;6.21;;;;;
2024;engenharia-mecanica;Faculdade Ibmec;MG;201;Privada;;;111;16;;;5;7.93;;;401-500;0.32;;;15;7.75;;;;;
2024;engenharia-mecanica;Centro Universitário Ibmec;RJ;201;Privada;;;137;14.57;;;201-250;4.44;;;301-350;2.13;;;1;8;;;;;
2024;engenharia-mecanica;Centro Universitário Univinte;SC;201;Privada;82;21.64;401-500;4.6;;;251-300;2.92;;;351-400;1.07;;;401-500;0.61;;;;;
2024;engenharia-mecanica;Centro Universitário Unirb;BA;201;Privada;;;121;15.16;;;301-350;1.8;;;1;8;;;149;5.36;;;;;
2024;engenharia-mecanica;Centro Universitário da Fundação Educacional Guaxupé;MG;201;Privada;82;21.64;401-500;2.45;;;351-400;1.19;;;401-500;0.3;;;351-400;0.96;;;;;
2024;engenharia-mecanica;Centro Universitário Redentor;RJ;201;Privada;;;123;15.1;;;193;4.58;;;1;8;;;301-350;2.52;;;;;
2024;engenharia-mecanica;Instituto Federal de Educação, Ciência e Tecnologia de Pernambuco;PE;201;Federal;;;69;19.76;;;72;6.74;;;1;8;;;168;5.02;;;;;
2024;engenharia-mecanica;Universidade Federal de Catalão;GO;201;Federal;;;49;22.04;;;101;6.22;;;1;8;;;11;7.82;;;;;
2024;engenharia-mecanica;Centro Universitário Unirb - Alagoinhas;BA;201;Privada;;;115;15.69;;;301-350;1.8;;;1;8;;;119;5.89;;;;;
2024;engenharia-mecanica;Universidade Federal de Rondonópolis;MT;201;Federal;;;86;17.51;;;201-250;4.01;;;1;8;;;141;5.5;;;;;
2024;engenharia-mecanica;Instituto Federal de Educação, Ciência e Tecnologia do Mato Grosso do Sul;MS;201;Federal;;;90;17.18;;;87;6.47;;;1;8;;;251-300;2.71;;;;;
2024;engenharia-mecanica;Instituto Federal de Educação, Ciência e Tecnologia do Espírito Santo;ES;201;Federal;;;94;17.01;;;34;7.41;;;115;5.96;;;201-250;3.64;;;;;
2024;engenharia-mecanica;Centro Universitário Toledo Wyden;SP;201;Privada;;;88;17.49;;;105;6.15;;;201-250;4.13;;;45;7.21;;;;;
2024;engenharia-mecanica;Faculdade Unirb - Natal;RN;201;Privada;;;132;14.78;;;401-500;0.14;;;1;8;;;77;6.64;;;;;
2024;engenharia-mecanica;Faculdade Anhanguera de Divinópolis;MG;201;Privada;;;122;15.15;;;174;4.92;;;170;4.98;;;155;5.25;;;;;
2024;engenharia-mecanica;Faculdade Unirb - Camaçari;BA;201;Privada;;;108;16.16;;;301-350;1.8;;;1;8;;;93;6.36;;;;;
2024;engenharia-mecanica;Centro Universitário São Judas Tadeu;SP;201;Privada;;;124;15.06;;;124;5.81;;;137;5.57;;;201-250;3.68;;;;;
2024;engenharia-mecanica;Faculdade Anhanguera do Rio Grande;RS;201;Privada;;;120;15.17;;;179;4.83;;;201-250;3.75;;;80;6.59;;;;;
2024;engenharia-mecanica;Instituto Federal de Educação, Ciência e Tecnologia Catarinense;SC;201;Federal;;;78;18.83;;;31;7.47;;;1;8;;;251-300;3.36;;;;;
2024;engenharia-mecanica;Faculdade Tecsoma;MG;201;Privada;;;97;16.87;;;192;4.6;;;1;8;;;201-250;4.27;;;;;
2024;engenharia-mecanica;Faculdade de Ensino Superior da Cidade de Feira de Santana;BA;201;Privada;;;136;14.64;;;301-350;1.8;;;1;8;;;178;4.84;;;;;
2024;engenharia-mecanica;Instituto Federal de Educação, Ciência e Tecnologia do Piauí;PI;201;Federal;;;77;19.18;;;33;7.43;;;1;8;;;201-250;3.75;;;;;
2024;engenharia-mecanica;Centro Universitário para o Desenvolvimento do Alto Vale do Itajaí;SC;201;Privada;82;21.64;401-500;3.71;;;251-300;2.92;;;401-500;0.54;;;401-500;0.25;;;;;
2024;engenharia-mecanica;Centro Universitário Facvest;SC;201;Privada;;;81;18.46;;;183;4.76;;;1;8;;;130;5.7;;;;;
2024;engenharia-mecanica;Faculdade Anhanguera de Pelotas;RS;201;Privada;;;96;16.9;;;146;5.42;;;166;5.05;;;89;6.43;;;;;
2024;engenharia-mecanica;Faculdade Unirb - Mossoró;RN;201;Privada;;;110;16.14;;;401-500;0.14;;;1;8;;;1;8;;;;;
2024;engenharia-mecanica;Centro Universitário Padre Anchieta;SP;201;Privada;82;21.64;401-500;4.19;;;301-350;2.28;;;351-400;0.96;;;351-400;0.95;;;;;
2024;engenharia-mecanica;Universidade Federal do Recôncavo da Bahia;BA;201;Federal;;;103;16.54;;;84;6.52;;;1;8;;;301-350;2.02;;;;;
2024;engenharia-mecanica;Centro Universitário Nobre de Feira de Santana;BA;201;Privada;;;91;17.15;;;111;6.04;;;1;8;;;251-300;3.11;;;;;
2024;engenharia-mecanica;Universidade Federal do Oeste do Pará;PA;201;Federal;;;54;21.56;;;75;6.68;;;1;8;;;64;6.88;;;;;
2024;engenharia-mecanica;Universidade de Pernambuco;PE;201;Estadual;;;72;19.63;;;27;7.54;;;1;8;;;201-250;4.09;;;;;
2024;engenharia-mecanica;Centro Universitário Ideau;RS;201;Privada;;;134;14.71;;;201-250;4.33;;;1;8;;;301-350;2.38;;;;;
2024;engenharia-mecanica;Universidade Federal do Sul e Sudeste do Pará;PA;201;Federal;;;71;19.66;;;65;6.86;;;119;5.89;;;62;6.91;;;;;
2024;engenharia-mecanica;Faculdade Anhanguera de Bauru;SP;201;Privada;;;125;15.03;;;201-250;3.96;;;201-250;3.91;;;48;7.16;;;;;
2024;engenharia-mecanica;Instituto Federal de Educação, Ciência e Tecnologia do Rio de Janeiro;RJ;201;Federal;;;55;21.55;;;43;7.25;;;1;8;;;96;6.3;;;;;
2024;engenharia-mecanica;Centro Universitário de Volta Redonda;RJ;201;Privada;;;73;19.6;;;191;4.62;;;1;8;;;58;6.98;;;;;
2024;engenharia-mecanica;Centro Universitário de Itajubá;MG;201;Privada;;;68;19.77;;;153;5.29;;;1;8;;;86;6.48;;;;;
2024;engenharia-mecanica;Instituto Federal de Educação, Ciência e Tecnologia da Paraíba;PB;201;Federal;;;57;21.47;;;61;6.93;;;1;8;;;83;6.54;;;;;
2024;engenharia-mecanica;Instituto Universitário São Judas de Guarulhos;SP;201;Privada;;;118;15.44;;;401-500;0.8;;;1;8;;;77;6.64;;;;;
2024;engenharia-mecanica;Universidade do Vale do Taquari;RS;201;Privada;;;81;18.46;;;90;6.41;;;138;5.55;;;85;6.5;;;;;
2024;engenharia-mecanica;Faculdade Meridional;RS;201;Privada;;;89;17.19;;;201-250;4.33;;;125;5.79;;;53;7.07;;;;;
2024;engenharia-mecanica;Instituto Federal de Educação, Ciência e Tecnologia Fluminense;RJ;201;Federal;;;93;17.07;;;43;7.25;;;112;6.02;;;201-250;3.8;;;;;
2024;engenharia-mecanica;Universidade Federal de Ouro Preto;MG;201;Federal;;;48;22.24;;;78;6.63;;;1;8;;;23;7.61;;;;;
2024;engenharia-mecanica;Instituto Universitário São Judas de São Bernardo do Campo;SP;201;Privada;;;112;15.93;;;401-500;0.8;;;1;8;;;50;7.13;;;;;
2024;engenharia-mecanica;Instituto Federal de Educação, Ciência e Tecnologia de Goiás;GO;201;Federal;;;85;17.57;;;101;6.22;;;110;6.05;;;152;5.3;;;;;
2024;engenharia-mecanica;Faculdade Feitep;PR;201;Privada;;;80;18.67;;;251-300;2.67;;;1;8;;;1;8;;;;;
2024;engenharia-mecanica;Centro Universitário Luterano de Manaus;AM;251;Privada;;;167;13.3;;;201-250;4.35;;;121;5.86;;;251-300;3.09;;;;;
2024;engenharia-mecanica;Faculdade Anhanguera de Uberlândia;MG;251;Privada;;;192;12.53;;;126;5.77;;;201-250;3.96;;;251-300;2.8;;;;;
2024;engenharia-mecanica;Faculdade Uninassau Petrolina;PE;251;Privada;;;201-250;11.62;;;251-300;3.39;;;201-250;4.32;;;201-250;3.91;;;;;
2024;engenharia-mecanica;Faculdade Anhanguera de Sorriso;MT;251;Privada;;;201-250;11.73;;;301-350;2.26;;;186;4.7;;;182;4.77;;;;;
2024;engenharia-mecanica;Centro Universitário FBV Wyden;PE;251;Privada;;;154;13.84;;;138;5.56;;;351-400;1.32;;;59;6.96;;;;;
2024;engenharia-mecanica;Faculdade Anhanguera de São José-SC;SC;251;Privada;;;179;12.91;;;251-300;2.92;;;201-250;3.61;;;92;6.38;;;;;
2024;engenharia-mecanica;Universidade São Francisco;SP;251;Privada;;;172;13.19;;;96;6.31;;;182;4.77;;;301-350;2.11;;;;;
2024;engenharia-mecanica;Faculdade Anhanguera de Rondonópolis;MT;251;Privada;;;189;12.58;;;110;6.06;;;201-250;3.88;;;301-350;2.64;;;;;
2024;engenharia-mecanica;Universidade da Região de Joinville;SC;251;Privada;;;144;14.19;;;132;5.67;;;161;5.14;;;251-300;3.38;;;;;
2024;engenharia-mecanica;Centro Universitário de Brusque;SC;251;Privada;;;201-250;11.69;;;135;5.61;;;201-250;3.63;;;301-350;2.45;;;;;
2024;engenharia-mecanica;Centro Universitário do Rio de Janeiro;RJ;251;Privada;;;175;13.1;;;301-350;2.01;;;141;5.5;;;136;5.59;;;;;
2024;engenharia-mecanica;Centro Universitário Maurício de Nassau de Fortaleza;CE;251;Privada;;;200;12.1;;;201-250;3.65;;;196;4.52;;;201-250;3.93;;;;;
2024;engenharia-mecanica;Faculdade Anhanguera de Guarulhos;SP;251;Privada;;;177;13.08;;;401-500;0.8;;;128;5.73;;;82;6.55;;;;;
2024;engenharia-mecanica;Centro Universitário de Ciências e Empreendedorismo;BA;251;Privada;;;159;13.68;;;301-350;1.8;;;1;8;;;201-250;3.88;;;;;
2024;engenharia-mecanica;Faculdade Anhanguera de Ipatinga;MG;251;Privada;;;199;12.12;;;177;4.86;;;251-300;3.21;;;201-250;4.05;;;;;
2024;engenharia-mecanica;Centro Universitário União das Américas Descomplica;PR;251;Privada;;;158;13.74;;;251-300;2.67;;;1;8;;;251-300;3.07;;;;;
2024;engenharia-mecanica;Faculdade Unime de Ciências Exatas e Tecnológicas;BA;251;Privada;;;150;13.98;;;200;4.45;;;156;5.23;;;201-250;4.3;;;;;
2024;engenharia-mecanica;Faculdade Anhanguera de Linhares;ES;251;Privada;;;185;12.64;;;173;4.94;;;251-300;3.36;;;201-250;4.34;;;;;
2024;engenharia-mecanica;Faculdade Unirb - Feira de Santana;BA;251;Privada;;;140;14.48;;;301-350;1.8;;;1;8;;;187;4.68;;;;;
2024;engenharia-mecanica;Centro Universitário Unicuritiba;PR;251;Privada;;;198;12.17;;;251-300;3.4;;;183;4.75;;;201-250;4.02;;;;;
2024;engenharia-mecanica;Centro Universitário da Amazônia Belém;PA;251;Privada;;;201-250;12.04;;;251-300;3.28;;;194;4.55;;;201-250;4.21;;;;;
2024;engenharia-mecanica;Centro Universitário - Católica de Santa Catarina em Jaraguá do Sul;SC;251;Privada;;;193;12.52;;;86;6.49;;;251-300;2.73;;;251-300;3.3;;;;;
2024;engenharia-mecanica;Faculdade Metropolitana de Rio do Sul;SC;251;Privada;;;201-250;12.01;;;251-300;3.01;;;201-250;4;;;169;5;;;;;
2024;engenharia-mecanica;Faculdade Internacional da Paraíba;PB;251;Privada;;;201-250;11.84;;;251-300;3.47;;;201-250;3.57;;;180;4.8;;;;;
2024;engenharia-mecanica;Centro Universitário Uniasselvi de Guaramirim;SC;251;Privada;;;201-250;12.06;;;251-300;2.92;;;201-250;4.16;;;170;4.98;;;;;
2024;engenharia-mecanica;Faculdade Anhanguera de Macapá;AP;251;Privada;;;186;12.64;;;351-400;1.53;;;114;5.98;;;162;5.13;;;;;
2024;engenharia-mecanica;Faculdade Anhanguera Unime de Salvador;BA;251;Privada;;;164;13.48;;;301-350;1.8;;;130;5.7;;;114;5.98;;;;;
2024;engenharia-mecanica;Centro Universitário Católica do Leste de Minas Gerais;MG;251;Privada;;;165;13.46;;;159;5.19;;;301-350;2.14;;;106;6.13;;;;;
2024;engenharia-mecanica;Faculdade Anhanguera de Brasília;DF;251;Privada;;;183;12.72;;;197;4.51;;;201-250;3.98;;;201-250;4.23;;;;;
2024;engenharia-mecanica;Instituto Universitário Una de Conselheiro Lafaiete;MG;251;Privada;;;201-250;11.96;;;351-400;1.19;;;1;8;;;251-300;2.77;;;;;
2024;engenharia-mecanica;Faculdade Anhanguera de Primavera do Leste;MT;251;Privada;;;170;13.25;;;301-350;2.26;;;158;5.2;;;125;5.79;;;;;
2024;engenharia-mecanica;Faculdade Anhanguera de Campinas;SP;251;Privada;;;145;14.17;;;131;5.68;;;251-300;2.88;;;135;5.61;;;;;
2024;engenharia-mecanica;Faculdade Anhanguera de Marabá;PA;251;Privada;;;201-250;11.55;;;251-300;3.28;;;251-300;3.39;;;176;4.88;;;;;
2024;engenharia-mecanica;Centro Universitário Maurício de Nassau de Maceió;AL;251;Privada;;;153;13.86;;;201-250;3.85;;;152;5.3;;;185;4.71;;;;;
2024;engenharia-mecanica;Centro Universitário Anhangüera;SP;251;Privada;;;147;14.05;;;251-300;3.03;;;201-250;3.84;;;47;7.18;;;;;
2024;engenharia-mecanica;Centro Universitário do Espírito Santo;ES;251;Privada;;;194;12.4;;;122;5.84;;;301-350;2.45;;;201-250;4.11;;;;;
2024;engenharia-mecanica;Faculdade Multivix São Mateus;ES;251;Privada;;;154;13.84;;;30;7.48;;;149;5.36;;;351-400;1;;;;;
2024;engenharia-mecanica;Faculdade Anhanguera de Indaiatuba;SP;251;Privada;;;173;13.15;;;147;5.4;;;251-300;3.05;;;186;4.7;;;;;
2024;engenharia-mecanica;Universidade Tuiuti do Paraná;PR;251;Privada;;;142;14.36;;;190;4.63;;;164;5.09;;;189;4.64;;;;;
2024;engenharia-mecanica;Faculdade Anhanguera de Valparaíso;GO;251;Privada;;;191;12.56;;;351-400;1.32;;;167;5.04;;;102;6.2;;;;;
2024;engenharia-mecanica;Centro Universitário Ibmr;RJ;251;Privada;;;195;12.35;;;301-350;2.01;;;1;8;;;301-350;2.34;;;;;
2024;engenharia-mecanica;Faculdade Anhanguera de Itabuna;BA;251;Privada;;;175;13.1;;;251-300;3.42;;;200;4.45;;;156;5.23;;;;;
2024;engenharia-mecanica;Universidade do Vale do Paraíba;SP;251;Privada;;;161;13.6;;;401-500;0.8;;;146;5.41;;;35;7.39;;;;;
2024;engenharia-mecanica;Faculdades Integradas Rui Barbosa;SP;251;Privada;;;201-250;12.04;;;301-350;2.09;;;1;8;;;301-350;1.95;;;;;
2024;engenharia-mecanica;Faculdade Unirb - Aracaju;SE;251;Privada;;;143;14.32;;;401-500;0.09;;;1;8;;;100;6.23;;;;;
2024;engenharia-mecanica;Universidade do Estado de Minas Gerais;MG;251;Estadual;;;148;14.01;;;118;5.92;;;1;8;;;401-500;0.09;;;;;
2024;engenharia-mecanica;Centro Universitário Una de Uberlândia;MG;251;Privada;;;174;13.11;;;201-250;3.83;;;151;5.32;;;201-250;3.96;;;;;
2024;engenharia-mecanica;Faculdade Anhanguera de Cascavel;PR;251;Privada;;;201-250;11.88;;;251-300;2.67;;;251-300;3.16;;;110;6.05;;;;;
2024;engenharia-mecanica;Faculdade Anhanguera Pitágoras de Jundiaí;SP;251;Privada;;;146;14.12;;;401-500;0.8;;;124;5.8;;;28;7.52;;;;;
2024;engenharia-mecanica;Centro Universitário Cesuca;RS;251;Privada;;;162;13.51;;;201-250;4.33;;;201-250;4.27;;;174;4.91;;;;;
2024;engenharia-mecanica;Faculdade Anhanguera de Joinville;SC;301;Privada;;;201-250;11.17;;;201-250;4.4;;;251-300;3.45;;;251-300;3.32;;;;;
2024;engenharia-mecanica;Faculdade de Tecnologia e Ciências da Bahia;BA;301;Privada;;;251-300;10.23;;;301-350;1.8;;;1;8;;;401-500;0.43;;;;;
2024;engenharia-mecanica;Centro Universitário Facid Wyden;PI;301;Privada;;;201-250;11.33;;;401-500;0.09;;;148;5.38;;;121;5.86;;;;;
2024;engenharia-mecanica;Faculdade Anhanguera Itabira;MG;301;Privada;;;201-250;11.35;;;351-400;1.19;;;201-250;3.77;;;91;6.39;;;;;
2024;engenharia-mecanica;Faculdade Anhanguera de Valinhos;SP;301;Privada;;;251-300;9.91;;;401-500;0.8;;;251-300;3.48;;;134;5.63;;;;;
2024;engenharia-mecanica;Faculdade Pitágoras de Bacabal;MA;301;Privada;;;251-300;10.34;;;401-500;0.23;;;179;4.82;;;153;5.29;;;;;
2024;engenharia-mecanica;Faculdade Dom Pedro II de Tecnologia;BA;301;Privada;;;251-300;10.23;;;301-350;2.05;;;1;8;;;401-500;0.18;;;;;
2024;engenharia-mecanica;Centro Universitário Fip-moc;MG;301;Privada;;;251-300;10.4;;;201-250;3.97;;;201-250;4.07;;;301-350;2.36;;;;;
2024;engenharia-mecanica;Centro Universitário Metrocamp Wyden;SP;301;Privada;;;251-300;10.3;;;251-300;3.55;;;351-400;1.16;;;136;5.59;;;;;
2024;engenharia-mecanica;Faculdade de Imperatriz Wyden;MA;301;Privada;;;201-250;11.25;;;401-500;0.23;;;251-300;3.02;;;1;8;;;;;
2024;engenharia-mecanica;Instituto de Ensino Superior de Cuiabá;MT;301;Privada;;;251-300;10.5;;;301-350;2.26;;;190;4.63;;;201-250;3.61;;;;;
2024;engenharia-mecanica;Faculdade Anhanguera de Feira de Santana;BA;301;Privada;;;201-250;11.44;;;301-350;1.8;;;201-250;3.89;;;127;5.75;;;;;
2024;engenharia-mecanica;Centro Universitário Anhanguera Pitágoras Unopar de Niterói;RJ;301;Privada;;;251-300;10.15;;;301-350;2.01;;;251-300;3;;;161;5.14;;;;;
2024;engenharia-mecanica;Faculdade Anhanguera de Jacareí;SP;301;Privada;;;251-300;10.79;;;301-350;1.84;;;251-300;2.7;;;99;6.25;;;;;
2024;engenharia-mecanica;Centro Universitário Uni-ban;SP;301;Privada;;;251-300;10.94;;;401-500;0.8;;;1;8;;;301-350;2.14;;;;;
2024;engenharia-mecanica;Faculdade de Tecnologia Ftec;RS;301;Privada;;;201-250;11.08;;;201-250;4.33;;;199;4.46;;;301-350;2.29;;;;;
2024;engenharia-mecanica;Universidade Evangélica de Goiás;GO;301;Privada;;;251-300;11;;;166;5.06;;;201-250;4.05;;;301-350;1.89;;;;;
2024;engenharia-mecanica;Centro Universitário Anhanguera Pitágoras Unopar de Campo Grande;MS;301;Privada;;;201-250;11.21;;;301-350;2.33;;;251-300;3.43;;;144;5.45;;;;;
2024;engenharia-mecanica;Faculdade Anhanguera de Anápolis;GO;301;Privada;;;201-250;11.07;;;351-400;1.32;;;201-250;4.23;;;140;5.52;;;;;
2024;engenharia-mecanica;Centro Universitário Anhanguera Pitágoras Ampli;SP;301;Privada;;;251-300;10.29;;;301-350;1.82;;;251-300;3.29;;;159;5.18;;;;;
2024;engenharia-mecanica;Faculdade Cesurg Marau;RS;301;Privada;;;251-300;10.9;;;201-250;4.33;;;132;5.66;;;351-400;0.91;;;;;
2024;engenharia-mecanica;Centro Universitário Campo Real;PR;301;Privada;;;251-300;10.43;;;251-300;2.67;;;134;5.63;;;301-350;2.13;;;;;
2024;engenharia-mecanica;Faculdade Educacional Araucária;PR;301;Privada;;;201-250;11.11;;;251-300;2.67;;;185;4.71;;;201-250;3.73;;;;;
2024;engenharia-mecanica;Faculdade Anhanguera Jaraguá do Sul;SC;301;Privada;;;251-300;10.39;;;201-250;4.03;;;301-350;2.41;;;201-250;3.95;;;;;
2024;engenharia-mecanica;Faculdade Multivix de Cachoeiro;ES;301;Privada;;;251-300;10.91;;;184;4.74;;;139;5.54;;;401-500;0.63;;;;;
2024;engenharia-mecanica;Faculdade Anhanguera de Sumaré;SP;301;Privada;;;251-300;10.89;;;401-500;0.86;;;201-250;4.39;;;133;5.64;;;;;
2024;engenharia-mecanica;Faculdade Pitágoras Unopar Anhanguera de Londrina;PR;301;Privada;;;251-300;10.35;;;178;4.85;;;301-350;2.04;;;251-300;3.46;;;;;
2024;engenharia-mecanica;Faculdade Anhanguera de Santa Bárbara;SP;301;Privada;;;201-250;11.12;;;301-350;2.03;;;251-300;3.38;;;129;5.71;;;;;
2024;engenharia-mecanica;Centro Universitário das Faculdades Metropolitanas Unidas;SP;301;Privada;;;251-300;10.54;;;153;5.29;;;401-500;0.73;;;196;4.52;;;;;
2024;engenharia-mecanica;Universidade Alto Vale do Rio do Peixe;SC;301;Privada;;;251-300;10.92;;;201-250;4.44;;;301-350;2.16;;;201-250;4.32;;;;;
2024;engenharia-mecanica;FAE Centro Universitário;PR;301;Privada;;;251-300;10.58;;;107;6.11;;;401-500;0.68;;;201-250;3.79;;;;;
2024;engenharia-mecanica;Faculdade de Educação e Tecnologia da Amazônia;PA;301;Privada;;;201-250;11.35;;;251-300;3.28;;;1;8;;;401-500;0.07;;;;;
2024;engenharia-mecanica;Faculdade Uninassau Cabo;PE;301;Privada;;;251-300;9.88;;;251-300;3.39;;;201-250;3.95;;;301-350;2.54;;;;;
2024;engenharia-mecanica;Faculdade Área1 Wyden;BA;301;Privada;;;251-300;10.19;;;70;6.77;;;301-350;2.13;;;351-400;1.29;;;;;
2024;engenharia-mecanica;Centro Universitário do Distrito Federal;DF;301;Privada;;;201-250;11.3;;;197;4.51;;;351-400;1.36;;;145;5.43;;;;;
2024;engenharia-mecanica;Faculdade Evangélica de Goianésia;GO;301;Privada;;;251-300;10.37;;;351-400;1.32;;;188;4.66;;;201-250;4.39;;;;;
2024;engenharia-mecanica;Centro Universitário Uniasselvi de Blumenau ;SC;301;Privada;;;201-250;11.1;;;251-300;2.92;;;145;5.43;;;251-300;2.75;;;;;
2024;engenharia-mecanica;Faculdade Anhanguera de Contagem;MG;301;Privada;;;251-300;10.81;;;201-250;3.9;;;301-350;2.43;;;198;4.48;;;;;
2024;engenharia-mecanica;Faculdade Anhanguera de Ponta Grossa;PR;301;Privada;;;201-250;11.54;;;251-300;2.67;;;180;4.8;;;201-250;4.07;;;;;
2024;engenharia-mecanica;Centro Universitário Maurício de Nassau de Aracaju;SE;301;Privada;;;251-300;10;;;401-500;0.09;;;141;5.5;;;201-250;4.41;;;;;
2024;engenharia-mecanica;Faculdade Leonardo da Vinci - Santa Catarina;SC;301;Privada;;;251-300;10.69;;;201-250;3.74;;;301-350;2.5;;;200;4.45;;;;;
2024;engenharia-mecanica;Faculdade Vértix Trirriense;RJ;301;Privada;;;251-300;10.15;;;301-350;2.01;;;1;8;;;401-500;0.14;;;;;
2024;engenharia-mecanica;Faculdade Multivix Vila Velha;ES;301;Privada;;;201-250;11.08;;;184;4.74;;;140;5.52;;;401-500;0.82;;;;;
2024;engenharia-mecanica;Faculdade Anhanguera de Limeira;SP;301;Privada;;;251-300;10.97;;;401-500;0.84;;;201-250;3.68;;;88;6.45;;;;;
2024;engenharia-mecanica;Universidade do Oeste Paulista;SP;301;Privada;;;201-250;11.17;;;401-500;0.8;;;160;5.16;;;157;5.21;;;;;
2024;engenharia-mecanica;Faculdades Integradas Maria Imaculada;SP;301;Privada;;;201-250;11.5;;;401-500;0.8;;;116;5.95;;;183;4.75;;;;;
2024;engenharia-mecanica;Faculdade Martha Falcão Wyden;AM;301;Privada;;;251-300;10.3;;;351-400;1.53;;;301-350;1.84;;;61;6.93;;;;;
2024;engenharia-mecanica;Centro Universitário Uniasselvi de Brusque;SC;301;Privada;;;251-300;10.33;;;251-300;2.92;;;251-300;3.27;;;201-250;4.14;;;;;
2024;engenharia-mecanica;Faculdade Estácio de Curitiba;PR;301;Privada;;;251-300;9.94;;;251-300;2.67;;;401-500;0.18;;;52;7.09;;;;;
2024;engenharia-mecanica;Faculdade Anhanguera de Betim;MG;301;Privada;;;251-300;10.65;;;251-300;3.08;;;301-350;1.8;;;126;5.77;;;;;
2024;engenharia-mecanica;Centro Universitário de Talentos Humanos;MG;351;Privada;;;351-400;7.92;;;201-250;3.76;;;301-350;2.59;;;351-400;1.57;;;;;
2024;engenharia-mecanica;Centro Universitário Una de Bom Despacho;MG;351;Privada;;;351-400;7.98;;;351-400;1.19;;;162;5.13;;;351-400;1.66;;;;;
2024;engenharia-mecanica;Faculdade Metropolitana;RO;351;Privada;;;301-350;9.73;;;351-400;1.53;;;1;8;;;401-500;0.2;;;;;
2024;engenharia-mecanica;Centro Universitário Sete de Setembro;CE;351;Privada;;;301-350;9.04;;;201-250;3.65;;;301-350;1.98;;;251-300;3.41;;;;;
2024;engenharia-mecanica;Centro Universitário Maurício de Nassau de Campina Grande;PB;351;Privada;;;301-350;9.09;;;251-300;3.47;;;201-250;4.21;;;351-400;1.41;;;;;
2024;engenharia-mecanica;Faculdade Horizontina;RS;351;Privada;;;351-400;7.7;;;161;5.15;;;351-400;1.05;;;351-400;1.5;;;;;
2024;engenharia-mecanica;Faculdade Anhanguera de Tangará da Serra;MT;351;Privada;;;351-400;6.94;;;301-350;2.26;;;301-350;2.02;;;251-300;2.66;;;;;
2024;engenharia-mecanica;Faculdade Anhanguera de Pindamonhangaba;SP;351;Privada;;;301-350;8.07;;;401-500;0.8;;;301-350;2;;;154;5.27;;;;;
2024;engenharia-mecanica;Faculdade de Tecnologia Ftec de Porto Alegre;RS;351;Privada;;;251-300;9.81;;;201-250;4.33;;;301-350;2.21;;;251-300;3.27;;;;;
2024;engenharia-mecanica;Faculdade Una de Jataí;GO;351;Privada;;;301-350;8.93;;;351-400;1.32;;;187;4.68;;;251-300;2.93;;;;;
2024;engenharia-mecanica;Faculdade Anhanguera de São José;SP;351;Privada;;;301-350;8.78;;;301-350;2.35;;;301-350;1.88;;;194;4.55;;;;;
2024;engenharia-mecanica;Faculdade Esamc Uberlândia;MG;351;Privada;;;351-400;6.95;;;351-400;1.19;;;190;4.63;;;351-400;1.13;;;;;
2024;engenharia-mecanica;Faculdade Uninassau Lauro de Freitas;BA;351;Privada;;;351-400;7.62;;;301-350;1.8;;;251-300;2.84;;;251-300;2.98;;;;;
2024;engenharia-mecanica;Faculdade Anhanguera de Rio Branco;AC;351;Privada;;;301-350;9.12;;;351-400;1.53;;;251-300;3.13;;;199;4.46;;;;;
2024;engenharia-mecanica;Centro Universitário Unifateb;PR;351;Privada;;;301-350;8.07;;;162;5.13;;;351-400;1.21;;;351-400;1.73;;;;;
2024;engenharia-mecanica;Faculdade Anhanguera de Vitória da Conquista;BA;351;Privada;;;301-350;9.41;;;301-350;1.8;;;301-350;2.57;;;167;5.04;;;;;
2024;engenharia-mecanica;Faculdade de Engenharia de Resende;RJ;351;Privada;;;351-400;6.93;;;201-250;4.05;;;351-400;1.09;;;301-350;1.79;;;;;
2024;engenharia-mecanica;Universidade do Vale do Sapucaí;MG;351;Privada;;;351-400;7.01;;;351-400;1.19;;;251-300;2.98;;;251-300;2.84;;;;;
2024;engenharia-mecanica;Faculdade Multivix Serra;ES;351;Privada;;;301-350;8.61;;;184;4.74;;;251-300;3.23;;;401-500;0.64;;;;;
2024;engenharia-mecanica;Faculdade São Francisco de Assis;RS;351;Privada;;;351-400;7.47;;;201-250;4.33;;;351-400;1.18;;;301-350;1.96;;;;;
2024;engenharia-mecanica;Centro Universitário Estácio do Recife;PE;351;Privada;;;301-350;9.1;;;201-250;4.06;;;401-500;0.5;;;195;4.54;;;;;
2024;engenharia-mecanica;Faculdade da Serra Gaúcha de Bento Gonçalves;RS;351;Privada;;;301-350;8.37;;;201-250;4.33;;;401-500;0.45;;;201-250;3.59;;;;;
2024;engenharia-mecanica;Centro Universitário dos Guararapes;PE;351;Privada;;;301-350;9.51;;;251-300;3.39;;;201-250;3.82;;;301-350;2.3;;;;;
2024;engenharia-mecanica;Faculdade Anhanguera de Ciências Sociais Aplicadas de Sinop;MT;351;Privada;;;351-400;7.48;;;301-350;2.26;;;301-350;2.38;;;251-300;2.84;;;;;
2024;engenharia-mecanica;Faculdade Alis de Itabirito;MG;351;Privada;;;351-400;7.24;;;351-400;1.19;;;171;4.96;;;351-400;1.09;;;;;
2024;engenharia-mecanica;Centro Universitário Unifacear;PR;351;Privada;;;301-350;9.46;;;251-300;2.67;;;301-350;2.13;;;188;4.66;;;;;
2024;engenharia-mecanica;Faculdade Anhanguera de Paragominas;PA;351;Privada;;;301-350;9.12;;;251-300;3.28;;;351-400;1.68;;;201-250;4.16;;;;;
2024;engenharia-mecanica;Centro Universitário Vale do Cricaré;ES;351;Privada;;;301-350;9.78;;;184;4.74;;;251-300;2.95;;;301-350;2.09;;;;;
2024;engenharia-mecanica;Faculdade Una de Sete Lagoas;MG;351;Privada;;;301-350;8.14;;;351-400;1.19;;;201-250;4.38;;;301-350;2.57;;;;;
2024;engenharia-mecanica;Conservatório Brasileiro de Música;RJ;351;Privada;;;351-400;7.35;;;301-350;2.01;;;351-400;1.34;;;201-250;4;;;;;
2024;engenharia-mecanica;Centro Universitário Avantis;SC;351;Privada;;;301-350;8.79;;;251-300;2.92;;;147;5.39;;;401-500;0.48;;;;;
2024;engenharia-mecanica;Faculdade Una de Pouso Alegre;MG;351;Privada;;;301-350;9.13;;;351-400;1.19;;;184;4.73;;;251-300;3.21;;;;;
2024;engenharia-mecanica;Faculdade Metropolitana de Anápolis;GO;351;Privada;;;301-350;9.16;;;351-400;1.32;;;136;5.59;;;301-350;2.25;;;;;
2024;engenharia-mecanica;Faculdade Anhanguera de Teixeira de Freitas;BA;351;Privada;;;301-350;8.55;;;251-300;3.3;;;251-300;2.66;;;301-350;2.59;;;;;
2024;engenharia-mecanica;Faculdade de Tecnologia Senai Londrina;PR;351;Privada;;;351-400;7.48;;;251-300;2.67;;;195;4.54;;;401-500;0.27;;;;;
2024;engenharia-mecanica;Centro Universitário Vértice;MG;351;Privada;;;301-350;9.76;;;351-400;1.19;;;1;8;;;401-500;0.57;;;;;
2024;engenharia-mecanica;Faculdade Anhanguera de Serra;ES;351;Privada;;;351-400;7.67;;;184;4.74;;;351-400;1.02;;;301-350;1.91;;;;;
2024;engenharia-mecanica;Centro Universitário Fundação Santo André;SP;351;Privada;;;301-350;8.2;;;301-350;2.3;;;401-500;0.7;;;158;5.2;;;;;
2024;engenharia-mecanica;Faculdade Serra Dourada;PA;351;Privada;;;351-400;7.68;;;251-300;3.28;;;201-250;3.86;;;401-500;0.54;;;;;
2024;engenharia-mecanica;Instituto Tecnológico e das Ciências Sociais Aplicadas e da Saúde do Centro Educ. N. Srª Auxiliadora;RJ;351;Privada;;;301-350;9.36;;;41;7.29;;;351-400;0.91;;;351-400;1.16;;;;;
2024;engenharia-mecanica;Centro Universitário Opet;PR;351;Privada;;;301-350;8.48;;;148;5.38;;;351-400;1.64;;;351-400;1.46;;;;;
2024;engenharia-mecanica;Faculdade Anhanguera de Jequié;BA;351;Privada;;;351-400;6.95;;;301-350;1.8;;;301-350;2.52;;;301-350;2.63;;;;;
2024;engenharia-mecanica;Faculdade de Tecnologia Senai CIC;PR;351;Privada;;;301-350;8.68;;;251-300;2.67;;;157;5.21;;;401-500;0.8;;;;;
2024;engenharia-mecanica;Centro Universitário Anhanguera de Marabá;PA;351;Privada;;;251-300;9.83;;;251-300;3.28;;;251-300;2.71;;;201-250;3.84;;;;;
2024;engenharia-mecanica;Faculdades Integradas de Aracruz;ES;351;Privada;;;351-400;6.93;;;184;4.74;;;401-500;0.39;;;301-350;1.8;;;;;
2024;engenharia-mecanica;Faculdades Integradas Aparício Carvalho Vilhena;RO;351;Privada;;;251-300;9.85;;;351-400;1.53;;;1;8;;;401-500;0.32;;;;;
2024;engenharia-mecanica;Instituto Universitário Una de Catalão;GO;351;Privada;;;351-400;7.16;;;351-400;1.32;;;172;4.95;;;351-400;0.89;;;;;
2024;engenharia-mecanica;Faculdade Anhanguera de Parauapebas;PA;351;Privada;;;351-400;7.81;;;251-300;3.28;;;351-400;0.98;;;201-250;3.55;;;;;
2024;engenharia-mecanica;Centro Universitário Maurício de Nassau Paulista;PE;351;Privada;;;351-400;8;;;251-300;3.39;;;301-350;2.34;;;301-350;2.27;;;;;
2024;engenharia-mecanica;Centro Universitário Ruy Barbosa Wyden;BA;351;Privada;;;301-350;9.17;;;301-350;1.8;;;401-500;0.57;;;68;6.8;;;;;
2024;engenharia-mecanica;Centro Universitário Estácio de São Paulo;SP;401;Privada;;;401-500;0.8;;;401-500;0.8;;;;;;;;;;;;;
2024;engenharia-mecanica;Faculdade Finom de Patos de Minas;MG;401;Privada;;;351-400;5.87;;;351-400;1.19;;;201-250;3.93;;;401-500;0.75;;;;;
2024;engenharia-mecanica;Faculdade São Joaquim da Barra;SP;401;Privada;;;401-500;1.52;;;401-500;0.8;;;401-500;0.02;;;401-500;0.7;;;;;
2024;engenharia-mecanica;Centro Universitário Estácio de São Luís;MA;401;Privada;;;401-500;0.99;;;401-500;0.23;;;401-500;0.38;;;401-500;0.38;;;;;
2024;engenharia-mecanica;Faculdade de Tecnologia Senai Joinville;SC;401;Privada;;;351-400;5.89;;;251-300;2.92;;;401-500;0.36;;;301-350;2.61;;;;;
2024;engenharia-mecanica;Centro Universitário do Paraná;PR;401;Privada;;;351-400;6.85;;;251-300;2.67;;;401-500;0.75;;;251-300;3.43;;;;;
2024;engenharia-mecanica;Faculdade Unesc-Unama;RO;401;Privada;;;401-500;5.32;;;351-400;1.53;;;251-300;3.34;;;401-500;0.45;;;;;
2024;engenharia-mecanica;Faculdade Única de Ipatinga;MG;401;Privada;;;351-400;6.08;;;351-400;1.19;;;198;4.48;;;401-500;0.41;;;;;
2024;engenharia-mecanica;Centro Universitário de Lins;SP;401;Privada;;;401-500;4.73;;;401-500;0.8;;;301-350;2.32;;;351-400;1.61;;;;;
2024;engenharia-mecanica;Faculdade Esamc Jundiaí;SP;401;Privada;;;401-500;1.86;;;401-500;0.8;;;351-400;1.04;;;401-500;0.02;;;;;
2024;engenharia-mecanica;Faculdade do Rio de Janeiro;RJ;401;Privada;;;401-500;4.62;;;301-350;2.01;;;301-350;1.82;;;401-500;0.79;;;;;
2024;engenharia-mecanica;Centro Universitário das Faculdades Integradas de Ourinhos;SP;401;Privada;;;401-500;3.18;;;401-500;0.8;;;351-400;0.93;;;351-400;1.45;;;;;
2024;engenharia-mecanica;Faculdade de Tecnologia Senai Jaraguá do Sul;SC;401;Privada;;;401-500;5.05;;;251-300;2.92;;;401-500;0.27;;;301-350;1.86;;;;;
2024;engenharia-mecanica;Centro Universitário de Rondônia;RO;401;Privada;;;401-500;5.26;;;351-400;1.53;;;251-300;3.18;;;401-500;0.55;;;;;
2024;engenharia-mecanica;Faculdade Galileu;SP;401;Privada;;;401-500;4.84;;;401-500;0.8;;;251-300;2.93;;;351-400;1.11;;;;;
2024;engenharia-mecanica;Faculdade de Tecnologia Senai Ítalo Bologna;GO;401;Privada;;;401-500;2.94;;;351-400;1.32;;;401-500;0.07;;;351-400;1.55;;;;;
2024;engenharia-mecanica;Centro Universitário Barriga Verde;SC;401;Privada;;;351-400;6.21;;;251-300;2.92;;;301-350;2.25;;;351-400;1.04;;;;;
2024;engenharia-mecanica;Faculdade Anhanguera de Osasco;SP;401;Privada;;;351-400;6.26;;;401-500;0.8;;;351-400;1.48;;;201-250;3.98;;;;;
2024;engenharia-mecanica;Faculdade Anhanguera do Maranhão;MA;401;Privada;;;401-500;5.33;;;401-500;0.82;;;251-300;2.8;;;351-400;1.71;;;;;
2024;engenharia-mecanica;Faculdade Cesumar de Ponta Grossa;PR;401;Privada;;;351-400;6.2;;;251-300;2.67;;;351-400;1.3;;;301-350;2.23;;;;;
2024;engenharia-mecanica;Faculdade Anhanguera de São Luiz;MA;401;Privada;;;351-400;6.64;;;401-500;0.23;;;201-250;4.36;;;301-350;2.05;;;;;
2024;engenharia-mecanica;Centro Universitário FG;BA;401;Privada;;;401-500;5.09;;;301-350;1.8;;;301-350;2.63;;;401-500;0.66;;;;;
2024;engenharia-mecanica;Centro Universitário do Planalto de Araxá;MG;401;Privada;;;401-500;2.94;;;351-400;1.19;;;401-500;0.77;;;351-400;0.98;;;;;
2024;engenharia-mecanica;Centro Universitário Maurício de Nassau de Natal;RN;401;Privada;;;401-500;4.7;;;401-500;0.14;;;351-400;1.61;;;251-300;2.95;;;;;
2024;engenharia-mecanica;Faculdade de Santo Ângelo;RS;401;Privada;;;401-500;5.09;;;201-250;4.33;;;401-500;0.05;;;401-500;0.71;;;;;
2024;engenharia-mecanica;Faculdade do Amazonas de Ensino, Pesquisa e Inovação;AM;401;Privada;;;401-500;3.92;;;351-400;1.53;;;351-400;1.16;;;351-400;1.23;;;;;
2024;engenharia-mecanica;Centro Universitário Maurício de Nassau de Teresina;PI;401;Privada;;;401-500;3.26;;;401-500;0.09;;;301-350;1.79;;;351-400;1.38;;;;;
2024;engenharia-mecanica;Universidade Iguaçu;RJ;401;Privada;;;401-500;4.85;;;251-300;2.99;;;351-400;1.13;;;401-500;0.73;;;;;
2024;engenharia-mecanica;Faculdade de Tecnologia Senai Chapecó;SC;401;Privada;;;401-500;4.55;;;251-300;2.92;;;351-400;1.29;;;401-500;0.34;;;;;
2024;engenharia-mecanica;Universidade Paranaense;PR;401;Privada;;;401-500;3.38;;;251-300;3.14;;;401-500;0.13;;;401-500;0.11;;;;;
2024;engenharia-mecanica;Centro Universitário Univel;PR;401;Privada;;;351-400;6.92;;;251-300;2.67;;;251-300;3.07;;;351-400;1.18;;;;;
2024;engenharia-mecanica;Faculdade Sul Fluminense;RJ;401;Privada;;;401-500;3.62;;;301-350;2.01;;;401-500;0.09;;;351-400;1.52;;;;;
2024;engenharia-mecanica;Universidade Santa Úrsula;RJ;401;Privada;;;401-500;4.33;;;301-350;2.14;;;401-500;0.21;;;301-350;1.98;;;;;
2024;engenharia-mecanica;Faculdade de Americana;SP;401;Privada;;;401-500;2.34;;;401-500;0.8;;;401-500;0.11;;;351-400;1.43;;;;;
2024;engenharia-mecanica;Faculdade Presidente Antônio Carlos de Conselheiro Lafaiete;MG;401;Privada;;;401-500;5.37;;;201-250;3.96;;;351-400;1.25;;;401-500;0.16;;;;;
2024;engenharia-mecanica;Faculdade Cnec Varginha;MG;401;Privada;;;401-500;3.8;;;351-400;1.19;;;401-500;0.41;;;301-350;2.2;;;;;
2024;engenharia-mecanica;Faculdade de Tecnologia Senai Curitiba;PR;401;Privada;;;351-400;6.19;;;251-300;2.67;;;251-300;2.93;;;401-500;0.59;;;;;
2024;engenharia-mecanica;Faculdade Esamc Sorocaba;SP;401;Privada;;;401-500;5.59;;;301-350;2.12;;;301-350;2.54;;;351-400;0.93;;;;;
2024;engenharia-mecanica;Faculdade Esamc Santos;SP;401;Privada;;;351-400;6.87;;;155;5.26;;;351-400;1.57;;;401-500;0.04;;;;;
2024;engenharia-mecanica;Faculdade Empresarial de Chapecó;SC;401;Privada;;;401-500;3.85;;;251-300;2.98;;;401-500;0.48;;;401-500;0.39;;;;;
2024;engenharia-mecanica;Centro Universitário Farias Brito;CE;401;Privada;;;351-400;6.1;;;201-250;3.65;;;351-400;1.43;;;351-400;1.02;;;;;
2024;engenharia-mecanica;Centro Universitário de Votuporanga;SP;401;Privada;;;401-500;2.57;;;401-500;0.8;;;401-500;0.63;;;351-400;1.14;;;;;
2024;engenharia-mecanica;Centro Universitário Campo Limpo Paulista;SP;401;Privada;;;401-500;4.29;;;301-350;2.01;;;301-350;2.23;;;401-500;0.05;;;;;
2024;engenharia-mecanica;Faculdade Esamc Campinas;SP;401;Privada;;;351-400;5.95;;;165;5.08;;;401-500;0.66;;;401-500;0.21;;;;;
2024;engenharia-mecanica;Faculdade Gran Tietê;SP;401;Privada;;;401-500;5.39;;;401-500;0.8;;;251-300;3.5;;;351-400;1.09;;;;;
2024;engenharia-mecanica;Centro Universitário de Paulínia;SP;401;Privada;;;401-500;3.55;;;301-350;2.07;;;401-500;0.8;;;401-500;0.68;;;;;
2024;engenharia-mecanica;Centro Universitário de Barra Mansa;RJ;401;Privada;;;351-400;6.65;;;201-250;3.74;;;401-500;0.84;;;301-350;2.07;;;;;
2024;engenharia-mecanica;Faculdade Ciências da Vida;MG;401;Privada;;;401-500;1.89;;;351-400;1.19;;;401-500;0.2;;;401-500;0.5;;;;;
2024;engenharia-mecanica;Faculdade Cnec Rio das Ostras;RJ;401;Privada;;;401-500;5.15;;;301-350;2.01;;;301-350;1.89;;;351-400;1.25;;;;;
2025;engenharia-mecanica;Universidade de São Paulo;SP;1;Estadual;1;30;1;69.42;;;28;7.51;;;1;8;;;6;7.91;1;40;1;1;6
2025;engenharia-mecanica;Universidade Estadual de Campinas;SP;2;Estadual;2;29.86;2;67.21;;;9;7.85;;;1;8;;;9;7.85;2;38.89;2;91;4.62
2025;engenharia-mecanica;Universidade Federal de Santa Catarina;SC;3;Federal;18;27.59;3;66.69;;;6;7.91;;;1;8;;;13;7.78;3;37.78;3;52;5.22
2025;engenharia-mecanica;Universidade Federal de Minas Gerais;MG;4;Federal;2;29.86;4;64.03;;;10;7.84;;;1;8;;;10;7.84;5;35.56;4;80;4.79
2025;engenharia-mecanica;Universidade Federal do Rio de Janeiro;RJ;5;Federal;5;29.43;5;63.63;;;15;7.74;;;1;8;;;69;6.75;4;36.67;5;101;4.47
2025;engenharia-mecanica;Universidade Federal do Rio Grande do Sul;RS;6;Federal;5;29.43;7;63.08;;;18;7.69;;;1;8;;;19;7.67;5;35.56;6;121;4.16
2025;engenharia-mecanica;Universidade Federal de Uberlândia;MG;7;Federal;18;27.59;6;63.34;;;32;7.43;;;1;8;;;33;7.41;5;35.56;7;70;4.94
2025;engenharia-mecanica;Universidade Estadual Paulista Júlio de Mesquita Filho;SP;8;Estadual;5;29.43;10;58.9;;;28;7.51;;;1;8;;;7;7.89;9;31.11;8;106;4.39
2025;engenharia-mecanica;Universidade Federal de São Carlos;SP;9;Federal;5;29.43;11;58.55;;;23;7.6;;;1;8;;;8;7.87;9;31.11;9;133;3.97
2025;engenharia-mecanica;Instituto Tecnológico de Aeronáutica;SP;10;Federal;38;24.76;8;62.76;;;2;7.98;;;102;6.14;;;12;7.8;5;35.56;10;48;5.28
2025;engenharia-mecanica;Universidade Tecnológica Federal do Paraná;PR;11;Federal;18;27.59;12;56.92;;;37;7.34;;;1;8;;;51;7.08;9;31.11;11;171;3.39
2025;engenharia-mecanica;Universidade Federal do Paraná;PR;12;Federal;5;29.43;14;53.72;;;20;7.65;;;1;8;;;15;7.74;14;25.56;12;81;4.77
2025;engenharia-mecanica;Universidade Federal de Pernambuco;PE;13;Federal;18;27.59;13;53.78;;;42;7.25;;;1;8;;;57;6.97;14;25.56;13;1;6
2025;engenharia-mecanica;Universidade de Brasília;DF;14;Federal;18;27.59;14;53.72;;;7;7.89;;;1;8;;;26;7.54;14;25.56;14;84;4.73
2025;engenharia-mecanica;Pontifícia Universidade Católica do Rio de Janeiro;RJ;15;Privada;38;24.76;16;53.46;;;14;7.76;;;301-350;2.45;;;37;7.34;9;31.11;1;79;4.8
2025;engenharia-mecanica;Universidade Federal de Itajubá;MG;16;Federal;38;24.76;17;52.14;;;46;7.18;;;1;8;;;30;7.47;14;25.56;15;136;3.93
2025;engenharia-mecanica;Universidade Federal de Santa Maria;RS;17;Federal;38;24.76;18;51.64;;;65;6.83;;;1;8;;;18;7.69;14;25.56;16;160;3.56
2025;engenharia-mecanica;Universidade Federal de São João Del Rei;MG;18;Federal;38;24.76;19;51.47;;;53;7.05;;;1;8;;;35;7.38;14;25.56;17;165;3.48
2025;engenharia-mecanica;Centro Universitário do Instituto Mauá de Tecnologia;SP;19;Privada;18;27.59;23;48.03;;;5;7.93;;;251-300;2.61;;;46;7.17;14;25.56;2;82;4.76
2025;engenharia-mecanica;Centro Universitário da Fundação Educacional Inaciana Pe Sabóia de Medeiros;SP;20;Privada;5;29.43;24;46.08;;;141;5.44;;;251-300;2.52;;;42;7.25;14;25.56;3;46;5.31
2025;engenharia-mecanica;Pontifícia Universidade Católica de Minas Gerais;MG;21;Privada;5;29.43;25;43.78;;;83;6.5;;;251-300;2.81;;;172;4.86;14;25.56;4;128;4.05
2025;engenharia-mecanica;Universidade Federal da Bahia;BA;22;Federal;5;29.43;31;37.52;;;25;7.56;;;1;8;;;93;6.31;27;11.11;18;96;4.54
2025;engenharia-mecanica;Universidade Federal de Goiás;GO;23;Federal;18;27.59;29;38.82;;;19;7.67;;;1;8;;;14;7.76;27;11.11;19;113;4.28
2025;engenharia-mecanica;Fundação Universidade Federal do Vale do São Francisco;PE;24;Federal;120;13.16;20;51.24;;;16;7.73;;;1;8;;;79;6.57;14;25.56;20;172;3.38
2025;engenharia-mecanica;Universidade Federal da Paraíba;PB;25;Federal;38;24.76;27;39.62;;;56;6.99;;;1;8;;;27;7.52;27;11.11;21;1;6
2025;engenharia-mecanica;Universidade Federal do Rio Grande;RS;26;Federal;120;13.16;21;51.1;;;85;6.46;;;1;8;;;52;7.06;14;25.56;22;130;4.02
2025;engenharia-mecanica;Universidade Federal de Lavras;MG;27;Federal;38;24.76;28;39.07;;;71;6.72;;;1;8;;;11;7.82;27;11.11;23;39;5.42
2025;engenharia-mecanica;Pontifícia Universidade Católica do Paraná;PR;28;Privada;5;29.43;34;34.16;;;39;7.3;;;142;5.41;;;88;6.4;27;11.11;5;135;3.94
2025;engenharia-mecanica;Universidade Federal do Espírito Santo;ES;29;Federal;38;24.76;30;38.4;;;4;7.95;;;1;8;;;39;7.3;27;11.11;24;129;4.04
2025;engenharia-mecanica;Centro Universitário Funorte;MG;30;Privada;120;13.16;22;49.51;;;144;5.38;;;1;8;;;139;5.47;14;25.56;6;60;5.1
2025;engenharia-mecanica;Universidade Federal Fluminense;RJ;31;Federal;38;24.76;32;37.23;;;47;7.16;;;1;8;;;21;7.63;27;11.11;25;175;3.33
2025;engenharia-mecanica;Universidade Presbiteriana Mackenzie;SP;32;Privada;5;29.43;35;30.77;;;100;6.19;;;251-300;2.89;;;106;6.07;27;11.11;7;98;4.51
2025;engenharia-mecanica;Instituto Militar de Engenharia;RJ;33;Federal;;;9;59.69;;;3;7.96;;;1;8;;;76;6.62;9;31.11;26;1;6
2025;engenharia-mecanica;Centro Federal de Educação Tecnológica Celso Suckow da Fonseca;RJ;34;Federal;38;24.76;33;34.88;;;68;6.77;;;1;8;;;117;5.87;27;11.11;27;188;3.13
2025;engenharia-mecanica;Universidade Federal do Ceará;CE;35;Federal;5;29.43;44;27.55;;;33;7.41;;;1;8;;;48;7.14;;;28;66;5
2025;engenharia-mecanica;Universidade Estadual de Maringá;PR;36;Estadual;18;27.59;36;28.54;;;17;7.71;;;1;8;;;65;6.83;;;29;1;6
2025;engenharia-mecanica;Universidade Federal de Sergipe;SE;37;Federal;18;27.59;43;27.62;;;21;7.63;;;1;8;;;40;7.28;;;30;85;4.71
2025;engenharia-mecanica;Universidade Federal do Pará;PA;38;Federal;18;27.59;49;26.33;;;80;6.55;;;1;8;;;71;6.72;;;31;62;5.06
2025;engenharia-mecanica;Universidade Federal de Juiz de Fora;MG;39;Federal;38;24.76;37;28.4;;;13;7.78;;;1;8;;;20;7.65;;;32;68;4.97
2025;engenharia-mecanica;Universidade Estadual do Oeste do Paraná;PR;40;Estadual;38;24.76;38;28.35;;;11;7.82;;;1;8;;;81;6.53;;;33;1;6
2025;engenharia-mecanica;Universidade Federal de Viçosa;MG;41;Federal;38;24.76;40;27.85;;;8;7.87;;;1;8;;;24;7.58;;;34;105;4.4
2025;engenharia-mecanica;Universidade Federal do Maranhão;MA;42;Federal;38;24.76;41;27.78;;;78;6.59;;;1;8;;;45;7.19;;;35;1;6
2025;engenharia-mecanica;Universidade Federal do Rio Grande do Norte;RN;43;Federal;38;24.76;42;27.71;;;49;7.12;;;1;8;;;25;7.56;;;36;64;5.03
2025;engenharia-mecanica;Universidade do Vale do Rio dos Sinos;RS;44;Privada;18;27.59;61;24.29;;;58;6.96;;;129;5.65;;;29;7.49;;;8;119;4.19
2025;engenharia-mecanica;Universidade Federal do Triângulo Mineiro;MG;45;Federal;38;24.76;45;26.78;;;43;7.23;;;1;8;;;17;7.71;;;37;142;3.84
2025;engenharia-mecanica;Pontifícia Universidade Católica do Rio Grande do Sul;RS;46;Privada;5;29.43;76;22.03;;;60;6.92;;;201-250;3.44;;;68;6.77;;;9;73;4.9
2025;engenharia-mecanica;Centro Federal de Educação Tecnológica de Minas Gerais;MG;47;Federal;38;24.76;47;26.64;;;30;7.47;;;1;8;;;61;6.9;;;38;114;4.27
2025;engenharia-mecanica;Universidade Tiradentes;SE;48;Privada;38;24.76;48;26.51;;;201-250;4.08;;;251-300;3.11;;;130;5.63;27;11.11;10;201-250;2.58
2025;engenharia-mecanica;Universidade do Estado do Rio de Janeiro;RJ;49;Estadual;18;27.59;67;23.26;;;66;6.81;;;119;5.83;;;38;7.32;;;39;177;3.3
2025;engenharia-mecanica;Universidade Federal de Campina Grande;PB;50;Federal;38;24.76;54;25.41;;;40;7.29;;;1;8;;;73;6.68;;;40;168;3.44
2025;engenharia-mecanica;Universidade Federal do Piauí;PI;51;Federal;38;24.76;56;25.18;;;67;6.79;;;1;8;;;113;5.95;;;41;103;4.44
2025;engenharia-mecanica;Universidade Federal do Amazonas;AM;52;Federal;38;24.76;59;24.32;;;34;7.4;;;1;8;;;201-250;4.18;;;42;83;4.74
2025;engenharia-mecanica;Instituto Federal de Educação, Ciência e Tecnologia de São Paulo;SP;53;Federal;38;24.76;71;22.63;;;87;6.43;;;1;8;;;114;5.93;;;43;201-250;2.27
2025;engenharia-mecanica;Universidade Positivo;PR;54;Privada;18;27.59;99;19.79;;;176;4.8;;;176;4.78;;;129;5.65;;;11;95;4.56
2025;engenharia-mecanica;Centro Universitário Multivix Vitória;ES;55;Privada;38;24.76;79;21.69;;;95;6.28;;;149;5.28;;;201-250;4.13;;;12;1;6
2025;engenharia-mecanica;Centro Universitário Facens;SP;56;Privada;38;24.76;80;21.38;;;121;5.8;;;126;5.7;;;66;6.81;;;13;192;3.07
2025;engenharia-mecanica;Universidade de Caxias do Sul;RS;57;Privada;18;27.59;121;18.51;;;128;5.68;;;251-300;3.18;;;121;5.8;;;14;141;3.85
2025;engenharia-mecanica;Fundação Universidade do Estado de Santa Catarina;SC;58;Estadual;38;24.76;84;20.61;;;31;7.45;;;199;4.36;;;161;5.06;;;44;148;3.74
2025;engenharia-mecanica;Universidade Estadual do Maranhão;MA;59;Estadual;38;24.76;91;20.41;;;161;5.07;;;1;8;;;251-300;3.38;;;45;134;3.96
2025;engenharia-mecanica;Universidade Católica Dom Bosco;MS;60;Privada;38;24.76;94;20.11;;;75;6.65;;;110;6;;;170;4.9;;;15;201-250;2.56
2025;engenharia-mecanica;Centro Universitário Senai Cimatec;BA;61;Privada;18;27.59;135;17.18;;;73;6.68;;;201-250;3.59;;;193;4.48;;;16;201-250;2.43
2025;engenharia-mecanica;Universidade Salvador;BA;62;Privada;18;27.59;145;16.76;;;186;4.61;;;187;4.58;;;146;5.34;;;17;201-250;2.23
2025;engenharia-mecanica;Universidade de Fortaleza;CE;63;Privada;5;29.43;196;14.86;;;92;6.33;;;301-350;1.67;;;201-250;3.93;;;18;201-250;2.93
2025;engenharia-mecanica;Universidade do Oeste de Santa Catarina;SC;64;Privada;38;24.76;107;19.42;;;89;6.39;;;108;6.03;;;201-250;4.33;;;19;201-250;2.67
2025;engenharia-mecanica;Centro Universitário Estácio do Ceará;CE;65;Privada;38;24.76;109;19.26;;;201-250;4.19;;;201-250;3.66;;;62;6.88;;;20;97;4.53
2025;engenharia-mecanica;Universidade Santa Cecília;SP;66;Privada;38;24.76;111;19.2;;;147;5.33;;;170;4.89;;;137;5.51;;;21;166;3.47
2025;engenharia-mecanica;Universidade Luterana do Brasil;RS;67;Privada;38;24.76;119;18.77;;;139;5.47;;;128;5.66;;;149;5.28;;;22;201-250;2.36
2025;engenharia-mecanica;Universidade Nove de Julho;SP;68;Privada;38;24.76;124;18.01;;;301-350;1.9;;;201-250;3.83;;;58;6.95;;;23;45;5.33
2025;engenharia-mecanica;Universidade Comunitária da Região de Chapecó;SC;69;Privada;38;24.76;125;17.91;;;113;5.95;;;113;5.94;;;201-250;3.69;;;24;201-250;2.33
2025;engenharia-mecanica;Universidade Paulista;SP;70;Privada;2;29.86;251-300;12.72;;;201-250;4.12;;;201-250;4.01;;;251-300;2.75;;;25;251-300;1.84
2025;engenharia-mecanica;Universidade Cesumar;PR;71;Privada;18;27.59;200;14.84;;;351-400;1.17;;;251-300;3.26;;;164;5.01;;;26;40;5.4
2025;engenharia-mecanica;Universidade São Judas Tadeu;SP;72;Privada;38;24.76;132;17.53;;;201-250;3.95;;;180;4.71;;;77;6.61;;;27;201-250;2.26
2025;engenharia-mecanica;Universidade Regional de Blumenau;SC;73;Municipal;18;27.59;201-250;14.43;;;166;4.98;;;301-350;1.64;;;138;5.49;;;46;201-250;2.32
2025;engenharia-mecanica;Universidade de Mogi das Cruzes;SP;74;Privada;38;24.76;138;17.06;;;155;5.18;;;155;5.17;;;351-400;1.45;;;28;49;5.26
2025;engenharia-mecanica;Universidade de Passo Fundo;RS;74;Privada;38;24.76;138;17.06;;;157;5.14;;;201-250;4.06;;;82;6.51;;;28;301-350;1.35
2025;engenharia-mecanica;Universidade Estácio de Sá;RJ;76;Privada;38;24.76;144;16.82;;;251-300;3.2;;;251-300;3.07;;;64;6.84;;;30;150;3.71
2025;engenharia-mecanica;UGV Centro Universitário;PR;77;Privada;38;24.76;147;16.73;;;156;5.16;;;157;5.13;;;401-500;0.44;;;31;1;6
2025;engenharia-mecanica;Universidade Vila Velha;ES;78;Privada;38;24.76;148;16.62;;;27;7.52;;;301-350;2.02;;;251-300;3.3;;;32;146;3.78
2025;engenharia-mecanica;Pontifícia Universidade Católica de Campinas;SP;78;Privada;38;24.76;148;16.62;;;166;4.98;;;351-400;0.81;;;70;6.73;;;32;125;4.1
2025;engenharia-mecanica;Universidade Federal Rural de Pernambuco;PE;80;Federal;120;13.16;39;28.18;;;22;7.62;;;1;8;;;16;7.73;;;47;77;4.83
2025;engenharia-mecanica;Universidade Feevale;RS;81;Privada;38;24.76;152;16.57;;;125;5.73;;;351-400;1.49;;;159;5.1;;;34;115;4.25
2025;engenharia-mecanica;Centro Universitário de João Pessoa;PB;82;Privada;38;24.76;153;16.51;;;251-300;2.86;;;159;5.09;;;135;5.54;;;35;195;3.02
2025;engenharia-mecanica;Centro Universitário Sociesc;SC;83;Privada;38;24.76;157;16.35;;;251-300;3.31;;;201-250;3.73;;;89;6.39;;;36;201-250;2.92
2025;engenharia-mecanica;Universidade Metodista de Piracicaba;SP;84;Privada;38;24.76;159;16.31;;;351-400;0.75;;;1;8;;;56;6.99;;;37;351-400;0.57
2025;engenharia-mecanica;Centro Universitário Assis Gurgacz;PR;85;Privada;38;24.76;164;16.02;;;48;7.14;;;185;4.62;;;351-400;1.01;;;38;180;3.25
2025;engenharia-mecanica;Universidade Anhembi Morumbi;SP;86;Privada;18;27.59;251-300;13.16;;;251-300;2.89;;;251-300;2.83;;;141;5.43;;;39;251-300;2.01
2025;engenharia-mecanica;Centro Universitário Una;MG;87;Privada;38;24.76;170;15.79;;;251-300;3.37;;;193;4.47;;;99;6.2;;;40;251-300;1.75
2025;engenharia-mecanica;Centro Universitário Fanor Wyden;CE;88;Privada;38;24.76;171;15.74;;;251-300;2.55;;;351-400;1.21;;;111;5.98;;;41;1;6
2025;engenharia-mecanica;Faculdades de Campinas;SP;89;Privada;;;26;40.16;;;50;7.1;;;351-400;1.2;;;201-250;4.2;14;25.56;42;251-300;2.1
2025;engenharia-mecanica;Faculdade do Centro Leste;ES;90;Privada;38;24.76;184;15.34;;;62;6.88;;;201-250;3.53;;;251-300;2.84;;;43;251-300;2.09
2025;engenharia-mecanica;Universidade Federal de Ouro Preto;MG;91;Federal;120;13.16;46;26.69;;;52;7.07;;;1;8;;;28;7.51;;;48;124;4.11
2025;engenharia-mecanica;Universidade de Santa Cruz do Sul;RS;92;Privada;38;24.76;191;15.08;;;140;5.46;;;301-350;2.26;;;128;5.67;;;44;251-300;1.69
2025;engenharia-mecanica;Centro Universitário Ritter dos Reis;RS;93;Privada;38;24.76;192;15.05;;;159;5.11;;;251-300;3.27;;;201-250;3.62;;;45;193;3.05
2025;engenharia-mecanica;Universidade do Vale do Itajaí;SC;94;Privada;38;24.76;201-250;14.61;;;81;6.54;;;201-250;3.46;;;301-350;2.17;;;46;201-250;2.44
2025;engenharia-mecanica;Centro Universitário Estácio de Sergipe;SE;95;Privada;38;24.76;201-250;14.34;;;301-350;2.27;;;351-400;1.12;;;59;6.94;;;47;131;4.01
2025;engenharia-mecanica;Faculdade Feitep;PR;96;Privada;120;13.16;52;25.77;;;93;6.32;;;1;8;;;1;8;;;48;167;3.45
2025;engenharia-mecanica;Universidade de Itaúna;MG;97;Privada;38;24.76;201-250;14.14;;;112;5.97;;;301-350;2.34;;;401-500;0.66;;;49;55;5.17
2025;engenharia-mecanica;Centro Universitário Maurício de Nassau;PE;98;Privada;38;24.76;201-250;14.1;;;191;4.52;;;167;4.95;;;301-350;2.28;;;50;201-250;2.35
2025;engenharia-mecanica;Centro Universitário da Fundação Herminio Ometto;SP;99;Privada;38;24.76;201-250;14;;;149;5.29;;;301-350;2.1;;;251-300;2.97;;;51;155;3.64
2025;engenharia-mecanica;Centro Universitário Ceuni;AM;100;Privada;38;24.76;201-250;13.93;;;351-400;1.59;;;132;5.59;;;351-400;0.75;;;52;1;6
2025;engenharia-mecanica;Universidade Federal dos Vales do Jequitinhonha e Mucuri;MG;101;Federal;120;13.16;53;25.5;;;135;5.55;;;1;8;;;36;7.36;;;49;93;4.59
2025;engenharia-mecanica;Centro Universitário Newton Paiva;MG;102;Privada;38;24.76;201-250;13.82;;;177;4.78;;;301-350;2.01;;;171;4.88;;;53;251-300;2.15
2025;engenharia-mecanica;Faculdade Estácio de Belém;PA;103;Privada;38;24.76;201-250;13.67;;;251-300;2.69;;;251-300;2.59;;;201-250;4.31;;;54;126;4.08
2025;engenharia-mecanica;Centro Universitário da Serra Gaúcha;RS;104;Privada;38;24.76;201-250;13.61;;;192;4.5;;;351-400;0.88;;;140;5.45;;;55;201-250;2.78
2025;engenharia-mecanica;Universidade Federal de Rondonópolis;MT;105;Federal;120;13.16;57;25;;;118;5.86;;;1;8;;;157;5.14;;;50;1;6
2025;engenharia-mecanica;Centro Universitário Jorge Amado;BA;106;Privada;38;24.76;201-250;13.34;;;201-250;4.3;;;301-350;2.35;;;191;4.51;;;56;201-250;2.18
2025;engenharia-mecanica;Centro Universitário Salesiano de São Paulo;SP;107;Privada;38;24.76;251-300;13.15;;;201-250;3.88;;;351-400;1.45;;;184;4.64;;;57;185;3.18
2025;engenharia-mecanica;Universidade Fumec;MG;108;Privada;38;24.76;251-300;12.72;;;55;7.01;;;351-400;0.85;;;351-400;1.25;;;58;157;3.61
2025;engenharia-mecanica;Universidade do Oeste Paulista;SP;109;Privada;120;13.16;60;24.31;;;1;8;;;147;5.32;;;165;4.99;;;59;1;6
2025;engenharia-mecanica;Insper Instituto de Ensino e Pesquisa;SP;110;Privada;120;13.16;62;24.15;;;24;7.58;;;181;4.69;;;43;7.23;;;60;89;4.65
2025;engenharia-mecanica;Fundação Universidade Federal da Grande Dourados;MS;111;Federal;120;13.16;63;24.09;;;107;6.06;;;1;8;;;44;7.21;;;51;201-250;2.82
2025;engenharia-mecanica;Faculdade Anhanguera de Belo Horizonte;MG;112;Privada;38;24.76;251-300;11.94;;;201-250;3.66;;;301-350;1.89;;;142;5.41;;;61;301-350;0.98
2025;engenharia-mecanica;Universidade de Cuiabá;MT;113;Privada;38;24.76;251-300;11.91;;;301-350;2.33;;;145;5.35;;;251-300;3.06;;;62;301-350;1.17
2025;engenharia-mecanica;Instituto Federal de Educação, Ciência e Tecnologia Sul-Rio-Grandense;RS;114;Federal;120;13.16;66;23.48;;;59;6.94;;;1;8;;;147;5.32;;;52;182;3.22
2025;engenharia-mecanica;Faculdade Anhanguera de Passo Fundo;RS;115;Privada;38;24.76;251-300;11.63;;;351-400;0.9;;;201-250;4.23;;;109;6.02;;;63;351-400;0.48
2025;engenharia-mecanica;Centro Universitário Anhanguera de São Paulo;SP;116;Privada;38;24.76;251-300;11.47;;;301-350;1.76;;;251-300;3.4;;;104;6.11;;;64;351-400;0.2
2025;engenharia-mecanica;Universidade de Franca;SP;117;Privada;38;24.76;301-350;11.25;;;251-300;2.8;;;201-250;3.68;;;201-250;4.22;;;65;351-400;0.55
2025;engenharia-mecanica;Universidade de Taubaté;SP;118;Municipal;38;24.76;301-350;11.15;;;251-300;2.75;;;188;4.56;;;251-300;2.77;;;53;301-350;1.07
2025;engenharia-mecanica;Universidade do Estado do Amazonas;AM;119;Estadual;120;13.16;70;22.74;;;86;6.44;;;1;8;;;168;4.94;;;54;173;3.36
2025;engenharia-mecanica;Universidade Estadual de Santa Cruz;BA;120;Estadual;120;13.16;72;22.56;;;91;6.35;;;1;8;;;101;6.17;;;55;251-300;2.04
2025;engenharia-mecanica;Universidade Potiguar;RN;121;Privada;38;24.76;301-350;10.51;;;301-350;1.83;;;201-250;4.29;;;201-250;3.47;;;66;301-350;0.92
2025;engenharia-mecanica;Universidade Cruzeiro do Sul;SP;122;Privada;18;27.59;351-400;7.28;;;301-350;1.89;;;351-400;1.25;;;251-300;3.28;;;67;301-350;0.86
2025;engenharia-mecanica;Centro Universitário Estácio da Bahia;BA;123;Privada;38;24.76;301-350;9.84;;;401-500;0.42;;;201-250;4.16;;;351-400;1.19;;;68;127;4.07
2025;engenharia-mecanica;Universidade de Sorocaba;SP;124;Privada;38;24.76;301-350;9.83;;;301-350;2.44;;;401-500;0.44;;;166;4.97;;;69;251-300;1.98
2025;engenharia-mecanica;Centro Universitário Maurício de Nassau de João Pessoa;PB;125;Privada;38;24.76;301-350;9.8;;;251-300;2.86;;;201-250;3.7;;;301-350;2.44;;;70;301-350;0.8
2025;engenharia-mecanica;Centro Universitário da Fundação Educacional de Barretos;SP;126;Privada;38;24.76;351-400;9.32;;;199;4.38;;;351-400;0.72;;;301-350;2.26;;;71;251-300;1.96
2025;engenharia-mecanica;Universidade da Amazônia;PA;127;Privada;38;24.76;351-400;9.22;;;401-500;0.4;;;201-250;4.12;;;301-350;2.24;;;72;201-250;2.46
2025;engenharia-mecanica;Universidade de Pernambuco;PE;128;Estadual;120;13.16;87;20.5;;;36;7.36;;;112;5.96;;;201-250;3.51;;;56;153;3.67
2025;engenharia-mecanica;Faculdade Anhanguera de Governador Valadares;MG;129;Privada;38;24.76;351-400;8.89;;;351-400;1.47;;;179;4.73;;;301-350;2.04;;;73;301-350;0.65
2025;engenharia-mecanica;Centro Universitário Univinte;SC;130;Privada;38;24.76;351-400;8.76;;;301-350;2.47;;;301-350;1.91;;;351-400;0.83;;;74;161;3.55
2025;engenharia-mecanica;Centro Universitário Estácio de Belo Horizonte;MG;130;Privada;38;24.76;351-400;8.76;;;351-400;1.37;;;301-350;1.66;;;251-300;3.01;;;74;201-250;2.72
2025;engenharia-mecanica;Centro Universitário Senai Blumenau;SC;132;Privada;38;24.76;351-400;8.74;;;171;4.89;;;401-500;0.64;;;351-400;1.28;;;76;251-300;1.93
2025;engenharia-mecanica;Centro Universitário Ingá;PR;133;Privada;120;13.16;94;20.11;;;177;4.78;;;1;8;;;201-250;3.74;;;77;158;3.59
2025;engenharia-mecanica;Escola de Engenharia de Piracicaba;SP;134;Municipal;38;24.76;351-400;8.38;;;201-250;4.17;;;401-500;0.17;;;251-300;2.83;;;57;301-350;1.21
2025;engenharia-mecanica;Faculdade Atitus Educação Passo Fundo;RS;135;Privada;120;13.16;96;19.96;;;201-250;3.84;;;120;5.81;;;74;6.66;;;78;154;3.65
2025;engenharia-mecanica;Instituto Federal de Educação, Ciência e Tecnologia do Rio Grande do Sul;RS;136;Federal;120;13.16;98;19.82;;;96;6.26;;;100;6.18;;;176;4.79;;;58;201-250;2.59
2025;engenharia-mecanica;Centro Universitário Católico Salesiano Auxilium;SP;137;Privada;120;13.16;99;19.79;;;138;5.49;;;105;6.09;;;251-300;3.1;;;79;59;5.11
2025;engenharia-mecanica;Instituto Federal de Educação, Ciência e Tecnologia de Santa Catarina;SC;138;Federal;120;13.16;101;19.77;;;51;7.09;;;114;5.92;;;201-250;3.8;;;59;199;2.96
2025;engenharia-mecanica;Instituto Federal de Educação, Ciência e Tecnologia do Ceará;CE;139;Federal;120;13.16;104;19.62;;;54;7.03;;;1;8;;;351-400;0.77;;;60;143;3.82
2025;engenharia-mecanica;Instituto Federal de Educação, Ciência e Tecnologia do Amazonas;AM;140;Federal;120;13.16;105;19.61;;;169;4.92;;;1;8;;;301-350;2.06;;;61;90;4.63
2025;engenharia-mecanica;Centro Universitário Favip Wyden;PE;141;Privada;120;13.16;108;19.29;;;105;6.1;;;351-400;0.86;;;92;6.33;;;80;1;6
2025;engenharia-mecanica;Centro Universitário Una de Contagem;MG;142;Privada;120;13.16;118;18.81;;;190;4.54;;;138;5.48;;;96;6.26;;;81;201-250;2.53
2025;engenharia-mecanica;Universidade Veiga de Almeida;RJ;143;Privada;120;13.16;122;18.38;;;251-300;3.42;;;251-300;3.33;;;75;6.64;;;82;67;4.99
2025;engenharia-mecanica;Universidade do Sul de Santa Catarina;SC;144;Privada;38;24.76;351-400;6.7;;;301-350;2.12;;;301-350;1.88;;;251-300;2.7;;;83;;
2025;engenharia-mecanica;Faculdade Tecsoma;MG;145;Privada;120;13.16;123;18.05;;;251-300;2.64;;;1;8;;;201-250;4.17;;;84;181;3.24
2025;engenharia-mecanica;Centro Universitário Faesa;ES;146;Privada;120;13.16;128;17.62;;;84;6.48;;;169;4.91;;;251-300;2.95;;;85;178;3.28
2025;engenharia-mecanica;Universidade Evangélica de Goiás;GO;147;Privada;120;13.16;133;17.52;;;74;6.66;;;165;4.98;;;251-300;2.61;;;86;179;3.27
2025;engenharia-mecanica;Universidade de Uberaba;MG;147;Privada;38;24.76;401-500;5.92;;;351-400;1.37;;;251-300;2.7;;;301-350;1.85;;;86;;
2025;engenharia-mecanica;Universidade de Rio Verde;GO;149;Municipal;120;13.16;137;17.11;;;145;5.36;;;1;8;;;251-300;2.64;;;62;301-350;1.11
2025;engenharia-mecanica;Centro Universitário Una de Betim;MG;150;Privada;120;13.16;140;16.97;;;251-300;2.95;;;118;5.85;;;53;7.05;;;88;301-350;1.12
2025;engenharia-mecanica;Centro Universitário de Brusque;SC;151;Privada;120;13.16;142;16.85;;;45;7.2;;;154;5.19;;;251-300;3.08;;;89;301-350;1.38
2025;engenharia-mecanica;Instituto Federal de Educação, Ciência e Tecnologia da Bahia;BA;152;Federal;120;13.16;151;16.58;;;102;6.15;;;106;6.07;;;301-350;1.89;;;63;201-250;2.47
2025;engenharia-mecanica;Centro Universitário Dinâmica das Cataratas;PR;153;Privada;120;13.16;158;16.31;;;201-250;4.21;;;116;5.89;;;301-350;2.22;;;90;132;3.99
2025;engenharia-mecanica;Centro Universitário de Patos de Minas;MG;154;Privada;120;13.16;161;16.22;;;125;5.73;;;251-300;3.03;;;181;4.7;;;91;201-250;2.76
2025;engenharia-mecanica;Centro Universitário Uniasselvi de Blumenau ;SC;155;Privada;120;13.16;168;15.84;;;301-350;2.12;;;148;5.3;;;301-350;2.42;;;92;1;6
2025;engenharia-mecanica;Faculdade Anhanguera de Taubaté;SP;156;Privada;120;13.16;169;15.8;;;99;6.21;;;251-300;3.02;;;80;6.55;;;93;351-400;0.02
2025;engenharia-mecanica;Centro Universitário para o Desenvolvimento do Alto Vale do Itajaí;SC;157;Privada;38;24.76;401-500;4.05;;;301-350;2.12;;;401-500;0.37;;;401-500;0.24;;;94;301-350;1.32
2025;engenharia-mecanica;Faculdade Una de Sete Lagoas;MG;157;Privada;120;13.16;173;15.65;;;251-300;2.62;;;162;5.04;;;158;5.12;;;94;201-250;2.87
2025;engenharia-mecanica;Universidade Católica de Petrópolis;RJ;159;Privada;120;13.16;175;15.58;;;180;4.72;;;201-250;3.57;;;251-300;3.41;;;96;139;3.88
2025;engenharia-mecanica;Faculdades Integradas Einstein de Limeira;SP;160;Privada;120;13.16;176;15.56;;;97;6.24;;;201-250;3.62;;;401-500;0.5;;;97;53;5.2
2025;engenharia-mecanica;Centro Universitário Toledo Wyden;SP;161;Privada;120;13.16;181;15.39;;;351-400;0.75;;;189;4.54;;;87;6.42;;;98;152;3.68
2025;engenharia-mecanica;Centro Universitário da Grande Dourados;MS;162;Privada;120;13.16;185;15.33;;;109;6.02;;;184;4.63;;;251-300;3.19;;;99;251-300;1.49
2025;engenharia-mecanica;Faculdade Cesurg Marau;RS;163;Privada;120;13.16;199;14.85;;;301-350;2.36;;;136;5.52;;;351-400;0.97;;;100;1;6
2025;engenharia-mecanica;Centro Universitário Autônomo do Brasil;PR;164;Privada;120;13.16;201-250;14.79;;;251-300;3.09;;;195;4.43;;;201-250;3.85;;;101;169;3.42
2025;engenharia-mecanica;Faculdade Esamc Uberlândia;MG;165;Privada;120;13.16;201-250;14.77;;;201-250;4.28;;;1;8;;;351-400;0.79;;;102;251-300;1.7
2025;engenharia-mecanica;Centro Universitário Sagrado Coração;SP;166;Privada;120;13.16;201-250;14.75;;;201-250;3.57;;;301-350;2.24;;;177;4.77;;;103;120;4.17
2025;engenharia-mecanica;Universidade Regional do Noroeste do Estado do Rio Grande do Sul;RS;167;Privada;120;13.16;201-250;14.63;;;106;6.08;;;201-250;3.94;;;251-300;3.32;;;104;301-350;1.29
2025;engenharia-mecanica;Universidade do Extremo Sul Catarinense;SC;168;Privada;120;13.16;201-250;14.61;;;103;6.13;;;301-350;2.39;;;251-300;2.59;;;105;164;3.5
2025;engenharia-mecanica;Universidade Católica do Salvador;BA;169;Privada;120;13.16;201-250;13.8;;;162;5.05;;;201-250;3.75;;;301-350;1.96;;;106;194;3.04
2025;engenharia-mecanica;Universidade Ceuma;MA;170;Privada;120;13.16;201-250;13.57;;;301-350;1.63;;;125;5.72;;;201-250;3.98;;;107;201-250;2.24
2025;engenharia-mecanica;Centro Universitário Uniftec Bento Gonçalves;RS;171;Privada;120;13.16;201-250;13.5;;;147;5.33;;;401-500;0.35;;;251-300;3.14;;;108;87;4.68
2025;engenharia-mecanica;Faculdade Anhanguera Unidade Guarapari;ES;172;Privada;120;13.16;201-250;13.46;;;351-400;1.01;;;158;5.11;;;54;7.03;;;109;351-400;0.31
2025;engenharia-mecanica;Centro Universitário Anhanguera Pitágoras Unopar de Niterói;RJ;173;Privada;120;13.16;201-250;13.43;;;201-250;3.92;;;251-300;3.09;;;133;5.58;;;110;301-350;0.84
2025;engenharia-mecanica;Faculdades Integradas Rui Barbosa;SP;174;Privada;120;13.16;251-300;13.24;;;251-300;3.33;;;1;8;;;351-400;1.39;;;111;351-400;0.52
2025;engenharia-mecanica;Universidade Federal Rural do Semi-árido;RN;175;Federal;;;49;26.33;;;115;5.91;;;1;8;;;23;7.6;;;64;78;4.82
2025;engenharia-mecanica;Centro Universitário das Faculdades Associadas de Ensino;SP;176;Municipal;120;13.16;251-300;13.07;;;351-400;1.21;;;301-350;1.77;;;201-250;4.09;;;65;1;6
2025;engenharia-mecanica;Instituto Federal de Educação, Ciência e Tecnologia do Rio de Janeiro;RJ;177;Federal;;;51;25.94;;;68;6.77;;;1;8;;;155;5.17;;;66;1;6
2025;engenharia-mecanica;Universidade do Vale do Paraíba;SP;178;Privada;120;13.16;251-300;12.77;;;351-400;0.75;;;178;4.75;;;41;7.27;;;112;;
2025;engenharia-mecanica;Centro Universitário Univel;PR;179;Privada;120;13.16;251-300;12.74;;;104;6.11;;;201-250;3.97;;;351-400;1.06;;;113;251-300;1.6
2025;engenharia-mecanica;Universidade Regional Integrada do Alto Uruguai e das Missões;RS;180;Privada;120;13.16;251-300;12.73;;;130;5.64;;;351-400;1.42;;;251-300;3.03;;;114;201-250;2.64
2025;engenharia-mecanica;Centro Universitário Uniftec;RS;181;Privada;120;13.16;251-300;12.57;;;143;5.4;;;351-400;1.31;;;301-350;1.73;;;115;123;4.13
2025;engenharia-mecanica;Centro Universitário de Tecnologia de Curitiba;PR;182;Privada;120;13.16;251-300;12.48;;;201-250;3.86;;;351-400;1.38;;;251-300;2.57;;;116;88;4.67
2025;engenharia-mecanica;Centro Universitário das Américas;SP;183;Privada;120;13.16;251-300;12.28;;;134;5.57;;;401-500;0.24;;;201-250;3.63;;;117;201-250;2.84
2025;engenharia-mecanica;Centro Universitário - Católica de Santa Catarina em Joinville;SC;184;Privada;120;13.16;251-300;12.18;;;173;4.85;;;351-400;1.34;;;195;4.44;;;118;251-300;1.55
2025;engenharia-mecanica;Centro Universitário Sociesc de Blumenau;SC;185;Privada;120;13.16;251-300;12.07;;;301-350;2.12;;;1;8;;;301-350;1.95;;;119;;
2025;engenharia-mecanica;Universidade Federal do Sul e Sudeste do Pará;PA;186;Federal;;;55;25.21;;;132;5.6;;;1;8;;;55;7.01;;;67;92;4.6
2025;engenharia-mecanica;Faculdade Anhanguera de Maceió;AL;187;Privada;120;13.16;251-300;11.99;;;301-350;2.42;;;201-250;4.19;;;201-250;3.71;;;120;251-300;1.67
2025;engenharia-mecanica;Centro Universitário Satc;SC;188;Privada;120;13.16;251-300;11.91;;;129;5.66;;;251-300;2.74;;;301-350;1.93;;;121;251-300;1.58
2025;engenharia-mecanica;Centro Universitário Maurício de Nassau de Caruaru;PE;189;Privada;120;13.16;251-300;11.89;;;180;4.72;;;301-350;1.84;;;301-350;1.8;;;122;162;3.53
2025;engenharia-mecanica;Centro Universitário do Sul de Minas;MG;190;Privada;120;13.16;251-300;11.87;;;163;5.03;;;251-300;2.94;;;351-400;1.21;;;123;201-250;2.69
2025;engenharia-mecanica;Fundação Universidade Federal do Pampa;RS;191;Federal;;;58;24.86;;;44;7.21;;;1;8;;;60;6.92;;;68;201-250;2.73
2025;engenharia-mecanica;Faculdade Anhanguera de Jundiaí;SP;192;Privada;120;13.16;251-300;11.52;;;301-350;1.67;;;201-250;3.42;;;94;6.29;;;124;351-400;0.14
2025;engenharia-mecanica;Faculdade Anhanguera de São José;SP;193;Privada;120;13.16;301-350;11.3;;;201-250;3.99;;;351-400;1.43;;;151;5.25;;;125;351-400;0.63
2025;engenharia-mecanica;Faculdade Anhanguera de Contagem;MG;194;Privada;120;13.16;301-350;11.19;;;251-300;3.15;;;301-350;1.93;;;148;5.3;;;126;301-350;0.81
2025;engenharia-mecanica;Centro Universitário Senai Paraná;PR;195;Privada;120;13.16;301-350;11.15;;;351-400;1.17;;;201-250;4.27;;;401-500;0.57;;;127;57;5.14
2025;engenharia-mecanica;Faculdade Estácio do Amazonas;AM;196;Privada;120;13.16;301-350;11.11;;;351-400;1.59;;;351-400;1.16;;;201-250;4.02;;;128;109;4.34
2025;engenharia-mecanica;Universidade Universus Veritas Guarulhos;SP;197;Privada;120;13.16;301-350;11.03;;;351-400;0.75;;;201-250;3.86;;;198;4.39;;;129;251-300;2.03
2025;engenharia-mecanica;Faculdade de Ensino Superior da Cidade de Feira de Santana;BA;198;Privada;;;64;23.76;;;94;6.3;;;1;8;;;189;4.55;;;130;72;4.91
2025;engenharia-mecanica;Universidade La Salle;RS;199;Privada;;;65;23.67;;;187;4.6;;;1;8;;;31;7.45;;;131;156;3.62
2025;engenharia-mecanica;Universidade Pitágoras Unopar Anhanguera;PR;200;Privada;120;13.16;301-350;10.26;;;351-400;1.03;;;251-300;2.5;;;150;5.27;;;132;251-300;1.46
2025;engenharia-mecanica;Instituto Federal de Educação, Ciência e Tecnologia Fluminense;RJ;201;Federal;;;73;22.45;;;61;6.9;;;1;8;;;251-300;3.25;;;70;112;4.3
2025;engenharia-mecanica;Universidade Federal do Oeste da Bahia;BA;201;Federal;;;114;19.11;;;142;5.42;;;1;8;;;201-250;3.91;;;79;251-300;1.78
2025;engenharia-mecanica;Centro Universitário Una de Uberlândia;MG;201;Privada;;;129;17.61;;;152;5.24;;;197;4.4;;;134;5.56;;;170;201-250;2.41
2025;engenharia-mecanica;Centro Universitário Dom Pedro II;BA;201;Privada;120;13.16;351-400;8.46;;;401-500;0.24;;;1;8;;;401-500;0.22;;;144;;
2025;engenharia-mecanica;Instituto Federal de Educação, Ciência e Tecnologia de Minas Gerais;MG;201;Federal;;;103;19.71;;;131;5.62;;;1;8;;;201-250;3.6;;;78;201-250;2.49
2025;engenharia-mecanica;Centro Universitário Padre Anchieta;SP;201;Privada;120;13.16;351-400;8.94;;;301-350;1.85;;;351-400;1.36;;;351-400;1.49;;;141;116;4.24
2025;engenharia-mecanica;Universidade Cidade de São Paulo;SP;201;Privada;120;13.16;301-350;9.77;;;301-350;1.7;;;351-400;1.18;;;163;5.03;;;137;251-300;1.86
2025;engenharia-mecanica;Faculdades Integradas Aparício Carvalho Vilhena;RO;201;Privada;;;90;20.45;;;125;5.73;;;1;8;;;351-400;0.72;;;152;1;6
2025;engenharia-mecanica;Faculdade Anhanguera de Sorocaba;SP;201;Privada;120;13.16;351-400;8.89;;;251-300;3.08;;;301-350;2.04;;;201-250;3.54;;;142;351-400;0.23
2025;engenharia-mecanica;Claretiano - Centro Universitário de Rio Claro;SP;201;Privada;120;13.16;351-400;9.42;;;201-250;3.81;;;251-300;2.67;;;301-350;1.67;;;138;301-350;1.27
2025;engenharia-mecanica;Faculdade Martha Falcão Wyden;AM;201;Privada;;;113;19.16;;;251-300;3.06;;;251-300;3;;;50;7.1;;;162;1;6
2025;engenharia-mecanica;Faculdade de Americana;SP;201;Privada;120;13.16;301-350;9.9;;;196;4.43;;;401-500;0.48;;;351-400;1.23;;;135;147;3.76
2025;engenharia-mecanica;Universidade Federal de Catalão;GO;201;Federal;;;81;21.29;;;116;5.9;;;1;8;;;34;7.39;;;73;;
2025;engenharia-mecanica;Centro Universitário de Votuporanga;SP;201;Privada;120;13.16;351-400;8.45;;;251-300;2.76;;;401-500;0.52;;;351-400;1.03;;;145;122;4.14
2025;engenharia-mecanica;Centro Universitário Facid Wyden;PI;201;Privada;;;77;21.84;;;201-250;4.16;;;132;5.59;;;105;6.09;;;143;1;6
2025;engenharia-mecanica;Centro Universitário Vértice;MG;201;Privada;;;110;19.22;;;185;4.63;;;1;8;;;401-500;0.59;;;160;1;6
2025;engenharia-mecanica;Centro Universitário Unime;BA;201;Privada;120;13.16;301-350;9.86;;;401-500;0.24;;;174;4.82;;;201-250;4.11;;;136;301-350;0.69
2025;engenharia-mecanica;Instituto Federal de Educação, Ciência e Tecnologia de Goiás;GO;201;Federal;;;93;20.13;;;116;5.9;;;101;6.16;;;169;4.92;;;76;187;3.15
2025;engenharia-mecanica;Instituto Federal de Educação, Ciência e Tecnologia Catarinense;SC;201;Federal;;;83;21.04;;;41;7.27;;;1;8;;;251-300;2.88;;;74;201-250;2.89
2025;engenharia-mecanica;Instituto Federal de Educação, Ciência e Tecnologia da Paraíba;PB;201;Federal;;;75;22.21;;;35;7.38;;;1;8;;;98;6.22;;;71;351-400;0.61
2025;engenharia-mecanica;Universidade Federal do Oeste do Pará;PA;201;Federal;;;89;20.46;;;132;5.6;;;1;8;;;63;6.86;;;75;;
2025;engenharia-mecanica;Centro Universitário Uniasselvi de Guaramirim;SC;201;Privada;;;115;19.07;;;201-250;4.27;;;201-250;4.14;;;183;4.66;;;163;1;6
2025;engenharia-mecanica;Faculdade Anhanguera de Piracicaba;SP;201;Privada;120;13.16;351-400;7.25;;;351-400;0.75;;;301-350;1.71;;;201-250;3.45;;;153;301-350;1.34
2025;engenharia-mecanica;Centro Universitário de Itajubá;MG;201;Privada;;;116;18.96;;;251-300;3.02;;;1;8;;;90;6.37;;;164;251-300;1.57
2025;engenharia-mecanica;Faculdade Esamc Campinas;SP;201;Privada;120;13.16;351-400;7.06;;;351-400;1.45;;;301-350;1.58;;;401-500;0.13;;;155;138;3.9
2025;engenharia-mecanica;Universidade do Vale do Taquari;RS;201;Privada;;;82;21.2;;;110;6.01;;;130;5.63;;;86;6.44;;;148;189;3.12
2025;engenharia-mecanica;Faculdades Integradas Maria Imaculada;SP;201;Privada;;;106;19.47;;;150;5.27;;;109;6.01;;;201-250;4.28;;;159;137;3.91
2025;engenharia-mecanica;Centro Universitário Unirb;BA;201;Privada;;;87;20.5;;;172;4.87;;;1;8;;;179;4.73;;;151;201-250;2.9
2025;engenharia-mecanica;Instituto Federal de Educação, Ciência e Tecnologia do Espírito Santo;ES;201;Federal;;;97;19.89;;;26;7.54;;;104;6.11;;;251-300;3.23;;;77;196;3.01
2025;engenharia-mecanica;Centro Universitário Nossa Senhora do Patrocínio;SP;201;Privada;120;13.16;351-400;8.3;;;251-300;3.26;;;401-500;0.42;;;201-250;3.58;;;146;301-350;1.04
2025;engenharia-mecanica;Instituto de Ensino Superior Fucapi;AM;201;Privada;120;13.16;351-400;6.99;;;301-350;2.12;;;401-500;0.13;;;401-500;0.37;;;157;107;4.37
2025;engenharia-mecanica;Centro Universitário Uniasselvi de Brusque;SC;201;Privada;;;102;19.73;;;77;6.61;;;160;5.08;;;251-300;2.99;;;158;63;5.05
2025;engenharia-mecanica;Faculdade Unirb - Feira de Santana;BA;201;Privada;;;117;18.83;;;401-500;0.24;;;1;8;;;187;4.59;;;165;1;6
2025;engenharia-mecanica;Centro Universitário das Faculdades Metropolitanas Unidas;SP;201;Privada;120;13.16;351-400;9.39;;;201-250;3.77;;;351-400;0.68;;;201-250;3.76;;;139;301-350;1.18
2025;engenharia-mecanica;Centro Universitário Facvest;SC;201;Privada;;;68;23.21;;;175;4.82;;;1;8;;;115;5.91;;;134;100;4.48
2025;engenharia-mecanica;Centro Universitário Ibmec;RJ;201;Privada;;;92;20.27;;;111;5.99;;;401-500;0.28;;;1;8;;;154;1;6
2025;engenharia-mecanica;Faculdade Ibmec;MG;201;Privada;;;74;22.26;;;12;7.8;;;401-500;0.46;;;1;8;;;140;1;6
2025;engenharia-mecanica;Centro Universitário Ibmr;RJ;201;Privada;120;13.16;401-500;4.94;;;351-400;1.08;;;251-300;2.7;;;351-400;1.16;;;167;;
2025;engenharia-mecanica;Centro Universitário Braz Cubas;SP;201;Privada;120;13.16;301-350;10.2;;;251-300;2.78;;;351-400;1.29;;;351-400;1.05;;;133;61;5.08
2025;engenharia-mecanica;Universidade Federal do Recôncavo da Bahia;BA;201;Federal;;;69;22.81;;;82;6.52;;;1;8;;;301-350;2.29;;;69;1;6
2025;engenharia-mecanica;Faculdade Ciências da Vida;MG;201;Privada;120;13.16;351-400;7.03;;;301-350;1.72;;;401-500;0.11;;;351-400;0.7;;;156;99;4.5
2025;engenharia-mecanica;Instituto Federal de Educação, Ciência e Tecnologia do Piauí;PI;201;Federal;;;120;18.59;;;114;5.93;;;1;8;;;251-300;3.16;;;80;251-300;1.5
2025;engenharia-mecanica;Centro Universitário Campo Real;PR;201;Privada;;;86;20.54;;;154;5.2;;;131;5.61;;;201-250;3.73;;;150;1;6
2025;engenharia-mecanica;Instituto Federal de Educação, Ciência e Tecnologia de Pernambuco;PE;201;Federal;;;78;21.72;;;38;7.32;;;1;8;;;182;4.68;;;72;251-300;1.72
2025;engenharia-mecanica;Universidade Cândido Mendes;RJ;201;Privada;120;13.16;351-400;8.06;;;251-300;3.41;;;401-500;0.22;;;351-400;1.27;;;147;186;3.16
2025;engenharia-mecanica;Faculdade Anhanguera de Primavera do Leste;MT;201;Privada;;;111;19.2;;;122;5.79;;;146;5.33;;;91;6.35;;;161;251-300;1.73
2025;engenharia-mecanica;Faculdade Vértix Trirriense;RJ;201;Privada;;;127;17.64;;;251-300;3.35;;;1;8;;;401-500;0.29;;;169;1;6
2025;engenharia-mecanica;Centro Universitário de Volta Redonda;RJ;201;Privada;;;85;20.56;;;251-300;3.24;;;1;8;;;47;7.16;;;149;251-300;2.16
2025;engenharia-mecanica;Faculdade Unirb - Natal;RN;201;Privada;;;126;17.83;;;301-350;1.83;;;1;8;;;1;8;;;168;;
2025;engenharia-mecanica;Faculdade de Filosofia Ciências e Letras de Ituverava;SP;201;Privada;120;13.16;401-500;5.54;;;301-350;2.2;;;401-500;0.02;;;401-500;0.51;;;166;201-250;2.81
2025;engenharia-mecanica;Centro Universitário - Católica de Santa Catarina em Jaraguá do Sul;SC;251;Privada;;;167;15.87;;;63;6.87;;;201-250;3.95;;;251-300;2.92;;;189;251-300;2.13
2025;engenharia-mecanica;Centro Universitário do Paraná;PR;251;Privada;;;201-250;14.28;;;196;4.43;;;401-500;0.63;;;201-250;4.26;;;201-250;69;4.96
2025;engenharia-mecanica;Centro Universitário Nobre de Feira de Santana;BA;251;Privada;;;182;15.38;;;401-500;0.24;;;1;8;;;251-300;2.81;;;196;110;4.33
2025;engenharia-mecanica;Centro Universitário Redentor;RJ;251;Privada;;;166;15.88;;;199;4.38;;;107;6.05;;;251-300;2.66;;;187;201-250;2.79
2025;engenharia-mecanica;Centro Universitário Unifacear;PR;251;Privada;;;150;16.59;;;201-250;3.74;;;201-250;3.48;;;167;4.95;;;180;104;4.42
2025;engenharia-mecanica;Faculdade Evangélica de Goianésia;GO;251;Privada;;;174;15.63;;;198;4.39;;;201-250;4.25;;;201-250;3.89;;;191;190;3.1
2025;engenharia-mecanica;Faculdade Metropolitana de Anápolis;GO;251;Privada;;;161;16.22;;;251-300;2.89;;;150;5.26;;;301-350;2.07;;;185;1;6
2025;engenharia-mecanica;Faculdade Anhanguera de Anápolis;GO;251;Privada;;;196;14.86;;;165;5;;;201-250;3.92;;;123;5.76;;;201-250;351-400;0.18
2025;engenharia-mecanica;Centro Universitário Vale do Cricaré;ES;251;Privada;;;136;17.13;;;194;4.47;;;172;4.86;;;251-300;2.51;;;175;47;5.29
2025;engenharia-mecanica;Centro Universitário FBV Wyden;PE;251;Privada;;;143;16.83;;;201-250;4.1;;;401-500;0.41;;;49;7.12;;;177;53;5.2
2025;engenharia-mecanica;Faculdade Anhanguera Unime de Salvador;BA;251;Privada;;;196;14.86;;;301-350;2.29;;;123;5.76;;;102;6.15;;;201-250;301-350;0.66
2025;engenharia-mecanica;Centro Universitário Avantis;SC;251;Privada;;;146;16.75;;;124;5.75;;;166;4.97;;;351-400;1.1;;;179;71;4.93
2025;engenharia-mecanica;Faculdade Anhanguera de Feira de Santana;BA;251;Privada;;;201-250;14.58;;;174;4.83;;;201-250;3.79;;;145;5.36;;;201-250;351-400;0.6
2025;engenharia-mecanica;Centro Universitário Unirb - Alagoinhas;BA;251;Privada;;;201-250;14.24;;;401-500;0.24;;;1;8;;;110;6;;;201-250;;
2025;engenharia-mecanica;Centro Universitário Estácio do Recife;PE;251;Privada;;;194;14.96;;;201-250;4.14;;;301-350;2.08;;;152;5.23;;;201-250;163;3.51
2025;engenharia-mecanica;Centro Universitário da Amazônia Belém;PA;251;Privada;;;195;14.89;;;201-250;3.7;;;152;5.22;;;201-250;4.07;;;201-250;251-300;1.9
2025;engenharia-mecanica;Centro Universitário Etep;SP;251;Privada;120;13.16;401-500;4.18;;;351-400;0.75;;;251-300;3.26;;;401-500;0.17;;;173;;
2025;engenharia-mecanica;Faculdade Metropolitana de Rio do Sul;SC;251;Privada;;;134;17.27;;;301-350;2.12;;;115;5.9;;;201-250;4;;;174;50;5.25
2025;engenharia-mecanica;Faculdade Anhanguera do Rio Grande;RS;251;Privada;;;155;16.4;;;179;4.74;;;201-250;3.84;;;67;6.79;;;182;301-350;1.03
2025;engenharia-mecanica;Centro Universitário de Ciências e Empreendedorismo;BA;251;Privada;;;177;15.53;;;201-250;4.32;;;1;8;;;251-300;3.21;;;192;;
2025;engenharia-mecanica;Centro Universitário Ruy Barbosa Wyden;BA;251;Privada;;;172;15.68;;;351-400;0.77;;;251-300;2.63;;;95;6.28;;;190;1;6
2025;engenharia-mecanica;Universidade Tuiuti do Paraná;PR;251;Privada;;;141;16.93;;;119;5.84;;;201-250;3.61;;;251-300;3.17;;;176;111;4.31
2025;engenharia-mecanica;Centro Universitário Fundação de Ensino Octávio Bastos;SP;251;Privada;120;13.16;401-500;3.65;;;351-400;0.75;;;251-300;2.72;;;401-500;0.18;;;178;;
2025;engenharia-mecanica;Faculdade da Serra Gaúcha de Bento Gonçalves;RS;251;Privada;;;201-250;14.2;;;76;6.63;;;351-400;0.7;;;200;4.35;;;201-250;201-250;2.52
2025;engenharia-mecanica;Centro Universitário Maurício de Nassau de Aracaju;SE;251;Privada;;;155;16.4;;;301-350;2.27;;;1;8;;;103;6.13;;;182;;
2025;engenharia-mecanica;Faculdade Anhanguera de Rondonópolis;MT;251;Privada;;;201-250;13.85;;;201-250;4.23;;;198;4.38;;;190;4.53;;;201-250;301-350;0.71
2025;engenharia-mecanica;Centro Universitário Unicuritiba;PR;251;Privada;;;180;15.44;;;201-250;3.94;;;201-250;3.64;;;124;5.74;;;195;251-300;2.12
2025;engenharia-mecanica;Faculdade Una de Pouso Alegre;MG;251;Privada;;;160;16.28;;;251-300;3.17;;;134;5.55;;;186;4.61;;;184;200;2.95
2025;engenharia-mecanica;Centro Universitário União das Américas Descomplica;PR;251;Privada;;;154;16.49;;;152;5.24;;;1;8;;;301-350;2.11;;;181;301-350;1.14
2025;engenharia-mecanica;Faculdade Ideal Wyden;PA;251;Privada;;;131;17.57;;;401-500;0.4;;;201-250;4.32;;;22;7.62;;;172;51;5.23
2025;engenharia-mecanica;Faculdade de Tecnologia e Ciências da Bahia;BA;251;Privada;;;163;16.07;;;251-300;2.93;;;1;8;;;401-500;0.28;;;186;75;4.86
2025;engenharia-mecanica;Universidade da Região de Joinville;SC;251;Privada;;;201-250;14.02;;;151;5.25;;;201-250;4.1;;;251-300;2.86;;;201-250;251-300;1.81
2025;engenharia-mecanica;Instituto de Ensino Superior de Cuiabá;MT;251;Privada;;;190;15.15;;;401-500;0.13;;;1;8;;;301-350;1.63;;;201-250;41;5.39
2025;engenharia-mecanica;Centro Universitário Farias Brito;CE;251;Privada;;;201-250;14.56;;;64;6.85;;;201-250;3.81;;;351-400;1.51;;;201-250;201-250;2.39
2025;engenharia-mecanica;Centro Universitário Católica do Leste de Minas Gerais;MG;251;Privada;;;130;17.6;;;146;5.35;;;251-300;3.22;;;119;5.84;;;171;184;3.19
2025;engenharia-mecanica;Faculdade Anhanguera de Poços de Caldas;MG;251;Privada;;;201-250;14.66;;;192;4.5;;;201-250;4.08;;;120;5.82;;;201-250;351-400;0.26
2025;engenharia-mecanica;Faculdade Uninassau Petrolina;PE;251;Privada;;;183;15.35;;;201-250;3.72;;;191;4.51;;;251-300;2.9;;;197;117;4.22
2025;engenharia-mecanica;Centro Universitário de Lins;SP;251;Privada;;;201-250;13.82;;;88;6.41;;;251-300;2.92;;;351-400;1.41;;;201-250;191;3.08
2025;engenharia-mecanica;Faculdade Anhanguera de Divinópolis;MG;251;Privada;;;178;15.5;;;201-250;3.75;;;171;4.87;;;125;5.73;;;193;301-350;1.15
2025;engenharia-mecanica;Centro Universitário de Belo Horizonte;MG;251;Privada;;;165;15.88;;;301-350;2.49;;;139;5.46;;;108;6.04;;;187;251-300;1.89
2025;engenharia-mecanica;Centro Universitário São Judas Tadeu;SP;251;Privada;;;201-250;14.38;;;301-350;1.92;;;140;5.44;;;144;5.38;;;201-250;251-300;1.64
2025;engenharia-mecanica;Centro Universitário do Espírito Santo;ES;251;Privada;;;179;15.45;;;72;6.7;;;251-300;3.37;;;201-250;4.15;;;194;301-350;1.23
2025;engenharia-mecanica;Centro Universitário Luterano de Manaus;AM;251;Privada;;;201-250;14.83;;;251-300;3.41;;;122;5.78;;;201-250;3.84;;;201-250;251-300;1.8
2025;engenharia-mecanica;Universidade São Francisco;SP;251;Privada;;;189;15.21;;;160;5.09;;;175;4.8;;;301-350;2;;;201-250;176;3.32
2025;engenharia-mecanica;Centro Universitário Anhanguera de Marabá;PA;251;Privada;;;201-250;14.35;;;170;4.91;;;301-350;2.32;;;196;4.42;;;201-250;201-250;2.7
2025;engenharia-mecanica;Faculdade Anhanguera de Valinhos;SP;251;Privada;;;201-250;13.96;;;201-250;3.68;;;201-250;3.49;;;143;5.39;;;201-250;301-350;1.4
2025;engenharia-mecanica;Centro Universitário Geraldo Di Biase;RJ;251;Privada;;;193;15.05;;;201-250;3.61;;;127;5.68;;;301-350;2.35;;;201-250;170;3.41
2025;engenharia-mecanica;Faculdade Anhanguera de Pelotas;RS;251;Privada;;;188;15.23;;;251-300;3.22;;;161;5.06;;;85;6.46;;;200;351-400;0.49
2025;engenharia-mecanica;FAE Centro Universitário;PR;251;Privada;;;187;15.24;;;98;6.22;;;351-400;1.23;;;201-250;4.06;;;199;149;3.73
2025;engenharia-mecanica;Faculdade Metropolitana;RO;251;Privada;;;186;15.3;;;401-500;0.31;;;1;8;;;351-400;0.99;;;198;1;6
2025;engenharia-mecanica;Faculdade Galileu;SP;301;Privada;;;301-350;11.12;;;351-400;0.75;;;201-250;3.99;;;351-400;1.36;;;251-300;65;5.02
2025;engenharia-mecanica;Centro Universitário de Barra Mansa;RJ;301;Privada;;;251-300;11.86;;;201-250;3.48;;;301-350;1.95;;;251-300;2.73;;;251-300;151;3.7
2025;engenharia-mecanica;Faculdade Anhanguera de São José-SC;SC;301;Privada;;;201-250;13.6;;;201-250;3.44;;;201-250;3.51;;;78;6.59;;;201-250;351-400;0.06
2025;engenharia-mecanica;Centro Universitário das Faculdades Integradas de Ourinhos;SP;301;Privada;;;201-250;13.72;;;57;6.98;;;301-350;2.12;;;301-350;1.87;;;201-250;201-250;2.75
2025;engenharia-mecanica;Instituto Federal de Educação, Ciência e Tecnologia de Mato Grosso do Sul;MS;301;Federal;;;251-300;13.26;;;107;6.06;;;152;5.22;;;301-350;1.98;;;82;;
2025;engenharia-mecanica;Universidade Alto Vale do Rio do Peixe;SC;301;Privada;;;201-250;13.76;;;79;6.57;;;301-350;2.17;;;201-250;3.65;;;201-250;301-350;1.37
2025;engenharia-mecanica;Faculdade Anhanguera de Macapá;AP;301;Privada;;;201-250;13.58;;;351-400;1.52;;;103;6.12;;;116;5.89;;;201-250;351-400;0.05
2025;engenharia-mecanica;Centro Universitário do Norte;AM;301;Privada;;;201-250;13.6;;;351-400;1.59;;;200;4.34;;;301-350;2.33;;;201-250;44;5.34
2025;engenharia-mecanica;Faculdade Anhanguera de Pindamonhangaba;SP;301;Privada;;;251-300;13.25;;;168;4.94;;;301-350;2.43;;;132;5.6;;;201-250;351-400;0.28
2025;engenharia-mecanica;Faculdade Dom Pedro II de Tecnologia;BA;301;Privada;;;201-250;13.36;;;251-300;3.19;;;1;8;;;401-500;0.11;;;201-250;251-300;2.06
2025;engenharia-mecanica;Universidade do Estado de Minas Gerais;MG;301;Estadual;;;201-250;13.7;;;135;5.55;;;1;8;;;401-500;0.15;;;81;;
2025;engenharia-mecanica;Centro Universitário Sete de Setembro;CE;301;Privada;;;201-250;13.58;;;70;6.74;;;301-350;1.62;;;201-250;3.78;;;201-250;251-300;1.44
2025;engenharia-mecanica;Centro Universitário Augusto Motta;RJ;301;Privada;;;251-300;12.86;;;301-350;2.4;;;251-300;3.31;;;301-350;1.78;;;201-250;42;5.37
2025;engenharia-mecanica;Faculdade de Tecnologia Ftec de Porto Alegre;RS;301;Privada;;;251-300;12.94;;;164;5.02;;;351-400;1.51;;;251-300;2.62;;;201-250;145;3.79
2025;engenharia-mecanica;Faculdade Una de Jataí;GO;301;Privada;;;251-300;11.76;;;301-350;2.23;;;151;5.24;;;201-250;4.29;;;251-300;;
2025;engenharia-mecanica;Faculdade Anhanguera de Vitória da Conquista;BA;301;Privada;;;251-300;12.13;;;189;4.56;;;351-400;1.56;;;197;4.4;;;251-300;251-300;1.61
2025;engenharia-mecanica;Faculdade Cnec Rio das Ostras;RJ;301;Privada;;;301-350;11.3;;;201-250;3.46;;;301-350;1.75;;;351-400;0.73;;;251-300;43;5.36
2025;engenharia-mecanica;Instituto Universitário Una de Catalão;GO;301;Privada;;;251-300;11.87;;;251-300;2.6;;;144;5.37;;;301-350;2.13;;;251-300;251-300;1.77
2025;engenharia-mecanica;Faculdade Internacional da Paraíba;PB;301;Privada;;;251-300;12.3;;;201-250;4.06;;;251-300;3.38;;;201-250;3.95;;;201-250;301-350;0.91
2025;engenharia-mecanica;Faculdade Anhanguera de Ciências Sociais Aplicadas de Sinop;MT;301;Privada;;;251-300;12.19;;;90;6.37;;;301-350;2.21;;;251-300;3.39;;;251-300;351-400;0.22
2025;engenharia-mecanica;Faculdade de Engenharia de Resende;RJ;301;Privada;;;251-300;12.18;;;201-250;3.59;;;351-400;1.03;;;351-400;1.56;;;251-300;1;6
2025;engenharia-mecanica;Faculdade Alis de Itabirito;MG;301;Privada;;;251-300;12.38;;;251-300;2.65;;;143;5.39;;;251-300;2.51;;;201-250;251-300;1.83
2025;engenharia-mecanica;Faculdade Anhanguera de Ipatinga;MG;301;Privada;;;201-250;13.65;;;101;6.17;;;251-300;2.8;;;201-250;3.96;;;201-250;301-350;0.72
2025;engenharia-mecanica;Faculdade Anhanguera de Bauru;SP;301;Privada;;;251-300;13.13;;;351-400;0.75;;;173;4.84;;;32;7.43;;;201-250;351-400;0.11
2025;engenharia-mecanica;Centro Universitário Maurício de Nassau de Maceió;AL;301;Privada;;;251-300;13.28;;;201-250;4.25;;;182;4.67;;;251-300;3.36;;;201-250;301-350;1
2025;engenharia-mecanica;Universidade Santa Úrsula;RJ;301;Privada;;;251-300;13.04;;;194;4.47;;;401-500;0.26;;;301-350;2.31;;;201-250;1;6
2025;engenharia-mecanica;Centro Universitário Una de Bom Despacho;MG;301;Privada;;;201-250;13.4;;;301-350;1.94;;;164;5;;;194;4.46;;;201-250;251-300;2
2025;engenharia-mecanica;Faculdade Pitágoras de Bacabal;MA;301;Privada;;;301-350;11.23;;;401-500;0.07;;;186;4.6;;;131;5.62;;;251-300;301-350;0.94
2025;engenharia-mecanica;Faculdade Educacional Araucária;PR;301;Privada;;;251-300;12.3;;;351-400;1.17;;;116;5.89;;;201-250;3.58;;;201-250;251-300;1.66
2025;engenharia-mecanica;Faculdade Anhanguera de Caxias do Sul;RS;301;Privada;;;251-300;12.72;;;120;5.82;;;351-400;1.55;;;173;4.84;;;201-250;351-400;0.51
2025;engenharia-mecanica;Centro Universitário do Rio de Janeiro;RJ;301;Privada;;;251-300;12.05;;;351-400;1.08;;;141;5.43;;;135;5.54;;;251-300;;
2025;engenharia-mecanica;Faculdade Anhanguera de Betim;MG;301;Privada;;;251-300;12.62;;;201-250;4.05;;;301-350;1.73;;;112;5.96;;;201-250;301-350;0.88
2025;engenharia-mecanica;Faculdade Anhanguera de Guarulhos;SP;301;Privada;;;201-250;13.43;;;351-400;0.75;;;111;5.98;;;72;6.7;;;201-250;;
2025;engenharia-mecanica;Centro Universitário Unifateb;PR;301;Privada;;;201-250;13.58;;;201-250;4.34;;;301-350;2.37;;;301-350;2.02;;;201-250;76;4.85
2025;engenharia-mecanica;Faculdade Anhanguera de Santa Bárbara;SP;301;Privada;;;201-250;13.63;;;201-250;3.55;;;201-250;3.55;;;122;5.78;;;201-250;301-350;0.75
2025;engenharia-mecanica;Centro Universitário Fundação Santo André;SP;301;Privada;;;251-300;12.47;;;251-300;2.58;;;401-500;0.61;;;174;4.83;;;201-250;102;4.45
2025;engenharia-mecanica;Faculdade Anhanguera de Brasília;DF;301;Privada;;;251-300;11.71;;;251-300;3.13;;;201-250;3.72;;;188;4.57;;;251-300;351-400;0.29
2025;engenharia-mecanica;Faculdade Anhanguera de Jequié;BA;301;Privada;;;251-300;12.14;;;137;5.51;;;251-300;2.58;;;251-300;3.27;;;251-300;301-350;0.78
2025;engenharia-mecanica;Faculdade Cesumar de Ponta Grossa;PR;301;Privada;;;251-300;12.98;;;201-250;3.97;;;351-400;1.27;;;301-350;1.74;;;201-250;1;6
2025;engenharia-mecanica;Faculdade Anhanguera de Sumaré;SP;301;Privada;;;201-250;13.47;;;251-300;2.56;;;194;4.45;;;107;6.06;;;201-250;351-400;0.4
2025;engenharia-mecanica;Faculdade Multivix Serra;ES;301;Privada;;;201-250;13.34;;;351-400;1.01;;;192;4.49;;;301-350;1.84;;;201-250;1;6
2025;engenharia-mecanica;Centro Universitário Metrocamp Wyden;SP;301;Privada;;;201-250;13.49;;;351-400;0.75;;;401-500;0.5;;;97;6.24;;;201-250;1;6
2025;engenharia-mecanica;Faculdade Souza Marques;RJ;301;Privada;;;301-350;11.33;;;351-400;1.08;;;251-300;3.16;;;301-350;2.39;;;251-300;86;4.7
2025;engenharia-mecanica;Faculdade Multivix de Cachoeiro;ES;301;Privada;;;251-300;12.23;;;351-400;1.01;;;135;5.54;;;351-400;1.47;;;251-300;118;4.21
2025;engenharia-mecanica;Faculdade Multivix Vila Velha;ES;301;Privada;;;201-250;13.55;;;351-400;1.01;;;123;5.76;;;301-350;1.62;;;201-250;56;5.16
2025;engenharia-mecanica;Faculdade Anhanguera de Imperatriz;MA;301;Privada;;;301-350;11.17;;;301-350;2.45;;;121;5.79;;;251-300;2.55;;;251-300;351-400;0.38
2025;engenharia-mecanica;Centro Universitário do Distrito Federal;DF;301;Privada;;;251-300;12.82;;;201-250;3.5;;;301-350;2.41;;;118;5.85;;;201-250;301-350;1.06
2025;engenharia-mecanica;Faculdades Integradas de Aracruz;ES;301;Privada;;;301-350;11.18;;;201-250;4.01;;;401-500;0.53;;;301-350;1.76;;;251-300;74;4.88
2025;engenharia-mecanica;Faculdade Anhanguera de Uberlândia;MG;301;Privada;;;301-350;11.34;;;251-300;3.28;;;196;4.41;;;251-300;2.68;;;251-300;301-350;0.97
2025;engenharia-mecanica;Centro Universitário dos Guararapes;PE;301;Privada;;;251-300;12.78;;;301-350;1.74;;;156;5.15;;;199;4.37;;;201-250;251-300;1.52
2025;engenharia-mecanica;Conservatório Brasileiro de Música;RJ;351;Privada;;;351-400;9.31;;;351-400;1.39;;;351-400;1.4;;;251-300;2.94;;;251-300;159;3.58
2025;engenharia-mecanica;Faculdade Anhanguera de Indaiatuba;SP;351;Privada;;;301-350;9.81;;;301-350;1.87;;;251-300;3.05;;;180;4.72;;;251-300;351-400;0.17
2025;engenharia-mecanica;Faculdade Anhanguera de Marabá;PA;351;Privada;;;351-400;9.35;;;351-400;1.48;;;251-300;2.65;;;154;5.19;;;251-300;351-400;0.03
2025;engenharia-mecanica;Centro Universitário de Paulínia;SP;351;Privada;;;351-400;8.44;;;301-350;1.65;;;351-400;1.05;;;351-400;1.17;;;301-350;94;4.57
2025;engenharia-mecanica;Faculdade Anhanguera de Campinas;SP;351;Privada;;;301-350;10.8;;;301-350;2.14;;;251-300;2.85;;;127;5.69;;;251-300;351-400;0.12
2025;engenharia-mecanica;Faculdade Esamc Sorocaba;SP;351;Privada;;;351-400;8.66;;;188;4.58;;;301-350;1.97;;;351-400;0.68;;;301-350;251-300;1.43
2025;engenharia-mecanica;Centro Universitário Fip-moc;MG;351;Privada;;;301-350;10.53;;;301-350;2.16;;;177;4.76;;;301-350;1.69;;;251-300;251-300;1.92
2025;engenharia-mecanica;Centro Universitário Anhanguera Pitágoras Unopar de Campo Grande;MS;351;Privada;;;301-350;10.17;;;351-400;1.23;;;301-350;2.46;;;126;5.71;;;251-300;301-350;0.77
2025;engenharia-mecanica;Centro Universitário Maurício de Nassau Paulista;PE;351;Privada;;;351-400;7.93;;;351-400;1.43;;;301-350;2.13;;;351-400;1.52;;;301-350;201-250;2.85
2025;engenharia-mecanica;Faculdade Anhanguera do Maranhão;MA;351;Privada;;;351-400;8.01;;;301-350;2.31;;;251-300;2.76;;;251-300;2.53;;;301-350;351-400;0.41
2025;engenharia-mecanica;Faculdade Cnec Varginha;MG;351;Privada;;;301-350;10.57;;;251-300;3.3;;;401-500;0.15;;;351-400;1.12;;;251-300;1;6
2025;engenharia-mecanica;Universidade do Vale do Sapucaí;MG;351;Privada;;;301-350;10.56;;;351-400;1.37;;;251-300;2.98;;;201-250;4.26;;;251-300;251-300;1.95
2025;engenharia-mecanica;Centro Universitário Opet;PR;351;Privada;;;301-350;10.5;;;201-250;4.03;;;251-300;2.91;;;301-350;2.15;;;251-300;251-300;1.41
2025;engenharia-mecanica;Centro Universitário Unifacthus;MG;351;Privada;;;301-350;10.05;;;251-300;3.11;;;301-350;2.3;;;251-300;3.34;;;251-300;301-350;1.3
2025;engenharia-mecanica;Faculdade Anhanguera de Osasco;SP;351;Privada;;;351-400;7.62;;;251-300;2.98;;;351-400;1.07;;;201-250;3.49;;;301-350;351-400;0.08
2025;engenharia-mecanica;Faculdade Anhanguera de Jacareí;SP;351;Privada;;;351-400;9.22;;;351-400;0.79;;;301-350;1.8;;;100;6.18;;;301-350;351-400;0.45
2025;engenharia-mecanica;Faculdade Anhanguera de Cascavel;PR;351;Privada;;;301-350;11.09;;;351-400;1.17;;;251-300;3.35;;;84;6.48;;;251-300;351-400;0.09
2025;engenharia-mecanica;Faculdade Gran Tietê;SP;351;Privada;;;351-400;9.15;;;351-400;1.19;;;201-250;4.32;;;351-400;1.43;;;301-350;201-250;2.21
2025;engenharia-mecanica;Faculdade Anhanguera Jaraguá do Sul;SC;351;Privada;;;351-400;9.42;;;301-350;2.18;;;301-350;2.06;;;192;4.5;;;251-300;301-350;0.68
2025;engenharia-mecanica;Faculdade Multivix São Mateus;ES;351;Privada;;;351-400;9.46;;;351-400;1.01;;;137;5.5;;;301-350;1.71;;;251-300;301-350;1.24
2025;engenharia-mecanica;Faculdade Anhanguera de Itabuna;BA;351;Privada;;;301-350;9.83;;;401-500;0.26;;;201-250;4.03;;;160;5.08;;;251-300;351-400;0.46
2025;engenharia-mecanica;Faculdade Anhanguera de Paragominas;PA;351;Privada;;;301-350;10.45;;;182;4.69;;;351-400;1.32;;;201-250;3.43;;;251-300;301-350;1.01
2025;engenharia-mecanica;Instituto Tecnológico e das Ciências Sociais Aplicadas e da Saúde do Centro Educ. N. Srª Auxiliadora;RJ;351;Privada;;;301-350;10.85;;;201-250;3.55;;;401-500;0.59;;;351-400;1.58;;;251-300;58;5.13
2025;engenharia-mecanica;Faculdade Unesc-Unama;RO;351;Privada;;;351-400;7.93;;;251-300;2.73;;;301-350;1.82;;;401-500;0.4;;;301-350;198;2.98
2025;engenharia-mecanica;Centro Universitário do Planalto de Araxá;MG;351;Privada;;;301-350;10.08;;;184;4.65;;;351-400;0.74;;;351-400;0.88;;;251-300;144;3.81
2025;engenharia-mecanica;Universidade Iguaçu;RJ;351;Privada;;;351-400;8.14;;;351-400;1.5;;;251-300;2.96;;;351-400;1.3;;;301-350;201-250;2.38
2025;engenharia-mecanica;Centro Universitário Campo Limpo Paulista;SP;351;Privada;;;351-400;8.62;;;301-350;2.51;;;301-350;1.69;;;401-500;0.06;;;301-350;108;4.36
2025;engenharia-mecanica;Instituto Universitário São Judas de São Bernardo do Campo;SP;351;Privada;;;351-400;7.66;;;351-400;0.75;;;301-350;1.86;;;162;5.05;;;301-350;;
2025;engenharia-mecanica;Centro Universitário FG;BA;351;Privada;;;301-350;10.87;;;201-250;3.79;;;251-300;3.13;;;301-350;1.65;;;251-300;201-250;2.3
2025;engenharia-mecanica;Faculdade Horizontina;RS;351;Privada;;;351-400;9.42;;;201-250;3.9;;;351-400;0.99;;;351-400;1.54;;;251-300;197;2.99
2025;engenharia-mecanica;Universidade Paranaense;PR;351;Privada;;;301-350;9.77;;;183;4.67;;;351-400;0.94;;;351-400;0.81;;;251-300;174;3.35
2025;engenharia-mecanica;Centro Universitário Maurício de Nassau de Campina Grande;PB;351;Privada;;;301-350;10;;;251-300;2.86;;;201-250;3.77;;;351-400;1.08;;;251-300;201-250;2.29
2025;engenharia-mecanica;Faculdade Anhanguera de Sorriso;MT;351;Privada;;;301-350;10.96;;;401-500;0.13;;;168;4.93;;;156;5.16;;;251-300;301-350;0.74
2025;engenharia-mecanica;Centro Universitário Maurício de Nassau de Fortaleza;CE;351;Privada;;;301-350;10.86;;;251-300;2.55;;;163;5.02;;;301-350;2.2;;;251-300;301-350;1.09
2025;engenharia-mecanica;Faculdade de Imperatriz Wyden;MA;351;Privada;;;351-400;9.15;;;401-500;0.07;;;251-300;2.58;;;83;6.5;;;301-350;;
2025;engenharia-mecanica;Faculdade Anhanguera de Goiânia;GO;351;Privada;;;301-350;10.1;;;301-350;2.34;;;251-300;3.2;;;201-250;3.67;;;251-300;301-350;0.89
2025;engenharia-mecanica;Centro Universitário Cesuca;RS;351;Privada;;;351-400;9.26;;;351-400;0.9;;;251-300;3.15;;;153;5.21;;;301-350;;
2025;engenharia-mecanica;Centro Universitário Uni-ban;SP;351;Privada;;;301-350;10.11;;;351-400;0.75;;;1;8;;;351-400;1.36;;;251-300;;
2025;engenharia-mecanica;Faculdade Anhanguera de Linhares;ES;351;Privada;;;351-400;9.26;;;351-400;1.01;;;251-300;3.29;;;175;4.81;;;301-350;351-400;0.15
2025;engenharia-mecanica;Faculdade Anhanguera de Serra;ES;351;Privada;;;301-350;9.64;;;123;5.77;;;351-400;1.1;;;301-350;2.4;;;251-300;351-400;0.37
2025;engenharia-mecanica;Faculdade Anhanguera de Ponta Grossa;PR;351;Privada;;;301-350;10.82;;;251-300;2.91;;;201-250;4.05;;;201-250;3.52;;;251-300;351-400;0.34
2025;engenharia-mecanica;Faculdade Anhanguera de São Luiz;MA;351;Privada;;;351-400;8.73;;;351-400;0.9;;;201-250;4.21;;;251-300;2.79;;;301-350;301-350;0.83
2025;engenharia-mecanica;Centro Universitário Maurício de Nassau de Natal;RN;351;Privada;;;351-400;9.18;;;301-350;1.83;;;301-350;1.78;;;185;4.62;;;301-350;301-350;0.95
2025;engenharia-mecanica;Faculdade Empresarial de Chapecó;SC;351;Privada;;;351-400;8.69;;;158;5.13;;;351-400;0.66;;;401-500;0.35;;;301-350;201-250;2.55
2025;engenharia-mecanica;Faculdade Finom de Patos de Minas;MG;351;Privada;;;351-400;8.18;;;251-300;2.69;;;351-400;1.14;;;401-500;0.48;;;301-350;140;3.87
2025;engenharia-mecanica;Faculdade Esamc Santos;SP;351;Privada;;;301-350;10.15;;;201-250;3.52;;;201-250;3.9;;;401-500;0.07;;;251-300;201-250;2.66
2025;engenharia-mecanica;Faculdade de Tecnologia Ftec;RS;351;Privada;;;301-350;10.06;;;251-300;3;;;301-350;1.99;;;301-350;2.46;;;251-300;201-250;2.61
2025;engenharia-mecanica;Faculdade Estácio de Curitiba;PR;351;Privada;;;301-350;10.93;;;351-400;1.17;;;401-500;0.29;;;1;8;;;251-300;251-300;1.47
2025;engenharia-mecanica;Faculdade Anhanguera de Joinville;SC;351;Privada;;;301-350;9.54;;;301-350;2.38;;;251-300;2.87;;;201-250;4.04;;;251-300;351-400;0.25
2025;engenharia-mecanica;Centro Universitário Ideau;RS;351;Privada;;;301-350;11.08;;;351-400;0.9;;;1;8;;;301-350;2.18;;;251-300;;
2025;engenharia-mecanica;Faculdade Sociesc de Educação de Jaraguá do Sul;SC;401;Privada;;;401-500;3.18;;;301-350;2.12;;;401-500;0.09;;;351-400;0.97;;;301-350;;
2025;engenharia-mecanica;Faculdade do Rio de Janeiro;RJ;401;Privada;;;401-500;5.71;;;251-300;2.71;;;251-300;2.58;;;401-500;0.42;;;301-350;;
2025;engenharia-mecanica;Faculdade Anhanguera de Parauapebas;PA;401;Privada;;;401-500;6.19;;;401-500;0.4;;;351-400;0.92;;;301-350;2.37;;;301-350;201-250;2.5
2025;engenharia-mecanica;Centro Universitário Maurício de Nassau de Teresina;PI;401;Privada;;;401-500;6.4;;;201-250;3.64;;;301-350;1.6;;;351-400;0.84;;;301-350;351-400;0.32
2025;engenharia-mecanica;Faculdade Anhanguera de Teixeira de Freitas;BA;401;Privada;;;351-400;7.54;;;301-350;1.61;;;301-350;2.23;;;251-300;3.12;;;301-350;351-400;0.58
2025;engenharia-mecanica;Faculdade Uninassau Cabo;PE;401;Privada;;;351-400;7.22;;;351-400;1.43;;;201-250;3.88;;;301-350;1.91;;;301-350;;
2025;engenharia-mecanica;Centro Universitário Alves Faria;GO;401;Privada;;;401-500;6.34;;;201-250;3.83;;;351-400;0.79;;;401-500;0.09;;;301-350;251-300;1.63
2025;engenharia-mecanica;Universidade do Planalto Catarinense;SC;401;Privada;;;401-500;6.42;;;251-300;2.98;;;351-400;0.96;;;401-500;0.61;;;301-350;251-300;1.87
2025;engenharia-mecanica;Faculdade Única de Ipatinga;MG;401;Privada;;;401-500;6.3;;;351-400;1.37;;;189;4.54;;;401-500;0.39;;;301-350;;
2025;engenharia-mecanica;Faculdade Dama;SC;401;Privada;;;401-500;2.71;;;301-350;2.12;;;401-500;0.57;;;401-500;0.02;;;301-350;;
2025;engenharia-mecanica;Centro Universitário Anhangüera;SP;401;Privada;;;401-500;3.9;;;351-400;0.75;;;351-400;0.9;;;301-350;1.82;;;301-350;351-400;0.43
2025;engenharia-mecanica;Faculdade Esamc Jundiaí;SP;401;Privada;;;401-500;2.32;;;351-400;0.75;;;351-400;1.53;;;401-500;0.04;;;301-350;;
2025;engenharia-mecanica;Faculdade Sul Fluminense;RJ;401;Privada;;;351-400;6.43;;;301-350;1.68;;;351-400;0.77;;;351-400;1.36;;;301-350;201-250;2.62
2025;engenharia-mecanica;Instituto Universitário São Judas de Guarulhos;SP;401;Privada;;;401-500;5.34;;;351-400;0.75;;;351-400;0.77;;;201-250;3.82;;;301-350;;
2025;engenharia-mecanica;Centro Universitário da Fundação Educacional Guaxupé;MG;401;Privada;;;351-400;6.91;;;201-250;3.63;;;401-500;0.31;;;351-400;0.9;;;301-350;251-300;2.07
2025;engenharia-mecanica;Faculdade Una de Divinópolis;MG;401;Privada;;;401-500;1.99;;;351-400;1.37;;;401-500;0.07;;;401-500;0.55;;;351-400;;
2025;engenharia-mecanica;Faculdade Anhanguera de Tangará da Serra;MT;401;Privada;;;351-400;6.91;;;401-500;0.13;;;301-350;2.19;;;251-300;3.05;;;301-350;251-300;1.54
2025;engenharia-mecanica;Centro Universitário Barriga Verde;SC;401;Privada;;;401-500;3.59;;;301-350;2.12;;;351-400;0.83;;;401-500;0.64;;;301-350;;
2025;engenharia-mecanica;Faculdade Serra Dourada;PA;401;Privada;;;401-500;3.8;;;401-500;0.4;;;251-300;2.78;;;401-500;0.62;;;301-350;;
2025;engenharia-mecanica;Centro Universitário Funcesi;MG;401;Privada;;;401-500;5.56;;;351-400;1.37;;;351-400;1.47;;;251-300;2.72;;;301-350;;
2025;engenharia-mecanica;Faculdade da Saúde e Ecologia Humana;MG;401;Privada;;;401-500;2.54;;;351-400;1.37;;;401-500;0.2;;;351-400;0.97;;;301-350;;
2025;engenharia-mecanica;Centro Universitário Estácio de São Paulo;SP;401;Privada;;;401-500;0.75;;;351-400;0.75;;;;;;;;;;;351-400;;
2025;engenharia-mecanica;Faculdade Netcom;MA;401;Privada;;;401-500;6.32;;;401-500;0.07;;;183;4.65;;;301-350;1.6;;;301-350;;
2025;engenharia-mecanica;Faculdade Anhanguera de Ribeirão Preto;SP;401;Privada;;;351-400;7.37;;;301-350;1.96;;;351-400;0.98;;;201-250;3.89;;;301-350;351-400;0.54
2025;engenharia-mecanica;Faculdade de Roseira;SP;401;Privada;;;401-500;6.07;;;351-400;0.75;;;401-500;0.57;;;178;4.75;;;301-350;;
2025;engenharia-mecanica;Faculdade de Santo Ângelo;RS;401;Privada;;;401-500;1.49;;;351-400;0.9;;;401-500;0.06;;;401-500;0.53;;;351-400;;
2025;engenharia-mecanica;Faculdade São Francisco de Assis;RS;401;Privada;;;401-500;6.29;;;351-400;0.9;;;351-400;1.09;;;301-350;2.09;;;301-350;201-250;2.21
2025;engenharia-mecanica;Centro Universitário Estácio de São Luís;MA;401;Privada;;;401-500;0.79;;;401-500;0.07;;;401-500;0.39;;;401-500;0.33;;;351-400;;
2025;engenharia-mecanica;Centro Universitário de Rondônia;RO;401;Privada;;;401-500;6.26;;;401-500;0.31;;;301-350;2.48;;;401-500;0.26;;;301-350;183;3.21
2025;engenharia-mecanica;Faculdade de Tecnologia Senai Ítalo Bologna;GO;401;Privada;;;401-500;3.41;;;301-350;2.23;;;401-500;0.04;;;351-400;1.14;;;301-350;;
2025;engenharia-mecanica;Faculdade Matias Machline;AM;401;Privada;;;401-500;2.8;;;351-400;1.59;;;401-500;0.33;;;351-400;0.88;;;301-350;;
2025;engenharia-mecanica;Faculdade Presidente Antônio Carlos de Conselheiro Lafaiete;MG;401;Privada;;;401-500;6.13;;;251-300;3.04;;;301-350;2.28;;;401-500;0.46;;;301-350;351-400;0.35
2025;engenharia-mecanica;Faculdade Uninassau Lauro de Freitas;BA;401;Privada;;;401-500;2.01;;;401-500;0.24;;;401-500;0.18;;;401-500;0.33;;;351-400;301-350;1.26
2025;engenharia-mecanica;Faculdade Unirb - Mossoró;RN;401;Privada;;;401-500;2.8;;;301-350;1.83;;;;;;;351-400;0.97;;;301-350;;
2025;engenharia-mecanica;Faculdade de Educação e Tecnologia da Amazônia;PA;401;Privada;;;401-500;4.78;;;401-500;0.4;;;201-250;4.18;;;401-500;0.2;;;301-350;;
2025;engenharia-mecanica;Instituto Universitário Una de Conselheiro Lafaiete;MG;401;Privada;;;401-500;3.76;;;351-400;1.37;;;351-400;1.01;;;351-400;1.38;;;301-350;;
2025;engenharia-mecanica;Faculdade Anhanguera de Rio Branco;AC;401;Privada;;;401-500;6.17;;;401-500;0.31;;;301-350;2.15;;;251-300;2.51;;;301-350;301-350;1.2
