ano;curso;Universidade;Estado;Posição;Pública ou Privada;Posição em avaliação do Mercado;Nota em avaliação do Mercado;Posição em qualidade de ensino;Nota em qualidade de ensino;Posição em Instrução dos Professores;Nota em Instrução dos Professores;Posição Nota dos concluintes;Nota dos concluintes;Posição Desistência;Nota Desistência;Posição em Tempo de Dedicação dos Professores;Nota em Tempo de Dedicação dos Professores;Posição no MEC;Nota no MEC;Posição em Professores com doutorado e mestrado;Nota em Professores com doutorado e mestrado;Posição em avaliação dos docentes;Nota em avaliação dos docentes;Posição PP;Posição em Permanência dos alunos;Nota em Permanência dos alunos
2019;engenharia-civil;Universidade de São Paulo;SP;1;Estadual;1;36;1;63.47;3;7.98;28;7.49;;;1;8;1;40;;;;;;;
2019;engenharia-civil;Universidade Estadual de Campinas;SP;2;Estadual;7;33.73;2;61.74;11;7.89;9;7.85;;;1;8;2;38;;;;;;;
2019;engenharia-civil;Universidade Federal do Rio de Janeiro;RJ;3;Federal;7;33.73;3;61.62;7;7.94;18;7.68;;;1;8;2;38;;;;;;;
2019;engenharia-civil;Universidade Federal de Minas Gerais;MG;4;Federal;2;35.62;4;57.86;9;7.92;4;7.94;;;1;8;4;34;;;;;;;
2019;engenharia-civil;Universidade Federal do Rio Grande do Sul;RS;5;Federal;12;31.83;6;55.34;17;7.83;27;7.51;;;1;8;5;32;;;;;;;
2019;engenharia-civil;Universidade Federal do Paraná;PR;6;Federal;7;33.73;10;50.87;40;7.59;39;7.28;;;1;8;7;28;;;;;;;
2019;engenharia-civil;Universidade de Brasília;DF;7;Federal;12;31.83;7;51.86;12;7.88;2;7.98;;;1;8;7;28;;;;;;;
2019;engenharia-civil;Universidade Federal de São Carlos;SP;8;Federal;12;31.83;8;51.52;4;7.97;25;7.55;;;1;8;7;28;;;;;;;
2019;engenharia-civil;Universidade Estadual Paulista Júlio de Mesquita Filho;SP;9;Estadual;7;33.73;12;49;5;7.96;28;7.49;;;201-250;5.55;7;28;;;;;;;
2019;engenharia-civil;Universidade Presbiteriana Mackenzie;SP;10;Privada;2;35.62;13;41.85;66;7.31;201-250;3.95;;;501-600;2.59;7;28;;;;;;;
2019;engenharia-civil;Universidade Federal de Santa Catarina;SC;11;Federal;42;20.46;5;55.37;25;7.75;21;7.62;;;1;8;5;32;;;;;;;
2019;engenharia-civil;Universidade Federal de Pernambuco;PE;12;Federal;12;31.83;16;36.7;43;7.55;46;7.15;;;1;8;14;14;;;;;;;
2019;engenharia-civil;Universidade Federal Fluminense;RJ;13;Federal;42;20.46;17;36.68;20;7.8;60;6.88;;;1;8;14;14;;;;;;;
2019;engenharia-civil;Universidade Federal do Ceará;CE;14;Federal;12;31.83;21;23.79;13;7.87;5;7.92;;;1;8;;;;;;;;;
2019;engenharia-civil;Universidade Federal do Espírito Santo;ES;15;Federal;12;31.83;23;23.57;24;7.76;11;7.81;;;1;8;;;;;;;;;
2019;engenharia-civil;Universidade Estadual de Londrina;PR;16;Estadual;12;31.83;31;22.91;48;7.5;32;7.41;;;1;8;;;;;;;;;
2019;engenharia-civil;Universidade Federal de Goiás;GO;17;Federal;12;31.83;35;22.66;69;7.28;34;7.38;;;1;8;;;;;;;;;
2019;engenharia-civil;Universidade Federal da Bahia;BA;18;Federal;12;31.83;36;22.55;81;7.15;33;7.4;;;1;8;;;;;;;;;
2019;engenharia-civil;Pontifícia Universidade Católica do Rio de Janeiro;RJ;19;Privada;42;20.46;18;32.7;15;7.85;69;6.71;;;351-400;4.14;14;14;;;;;;;
2019;engenharia-civil;Universidade Federal do Piauí;PI;20;Federal;12;31.83;53;21.17;201-250;5.42;14;7.75;;;1;8;;;;;;;;;
2019;engenharia-civil;Universidade do Estado do Rio de Janeiro;RJ;21;Estadual;12;31.83;63;20.47;18;7.82;81;6.49;;;171;6.16;;;;;;;;;
2019;engenharia-civil;Universidade Federal de Mato Grosso;MT;22;Federal;12;31.83;66;20.22;251-300;5.13;49;7.09;;;1;8;;;;;;;;;
2019;engenharia-civil;Universidade de Pernambuco;PE;23;Estadual;12;31.83;68;20.2;195;5.94;93;6.26;;;1;8;;;;;;;;;
2019;engenharia-civil;Centro Universitário da Fundação Educacional Inaciana Pe Sabóia de Medeiros;SP;24;Privada;2;35.62;130;15.47;92;7.03;47;7.13;;;601-700;1.31;;;;;;;;;
2019;engenharia-civil;Universidade Federal de Santa Maria;RS;25;Federal;;;9;51.04;38;7.61;31;7.43;;;1;8;7;28;;;;;;;
2019;engenharia-civil;Universidade do Vale do Rio dos Sinos;RS;26;Privada;12;31.83;74;19.17;46;7.52;104;6.05;;;201-250;5.6;;;;;;;;;
2019;engenharia-civil;Pontifícia Universidade Católica de São Paulo;SP;27;Privada;12;31.83;75;19.07;37;7.62;135;5.47;;;188;5.98;;;;;;;;;
2019;engenharia-civil;Pontifícia Universidade Católica de Minas Gerais;MG;28;Privada;2;35.62;165;14.66;163;6.28;123;5.69;;;401-500;2.69;;;;;;;;;
2019;engenharia-civil;Instituto Tecnológico de Aeronáutica;SP;29;Federal;;;11;49.71;10;7.9;19;7.66;;;172;6.15;7;28;;;;;;;
2019;engenharia-civil;Universidade Paulista;SP;30;Privada;2;35.62;201-250;13.41;201-250;5.62;251-300;2.65;;;251-300;5.14;;;;;;;;;
2019;engenharia-civil;Centro Universitário do Instituto Mauá de Tecnologia;SP;31;Privada;7;33.73;151;14.92;119;6.75;74;6.62;;;501-600;1.55;;;;;;;;;
2019;engenharia-civil;Universidade Positivo;PR;32;Privada;12;31.83;101;16.65;141;6.51;110;5.94;;;351-400;4.2;;;;;;;;;
2019;engenharia-civil;Fundação Universidade do Estado de Santa Catarina;SC;33;Estadual;12;31.83;110;15.95;201-250;5.61;6;7.91;;;501-600;2.43;;;;;;;;;
2019;engenharia-civil;Pontifícia Universidade Católica de Campinas;SP;34;Privada;42;20.46;19;27.13;126;6.67;105;6.03;;;601-700;0.43;14;14;;;;;;;
2019;engenharia-civil;Pontifícia Universidade Católica do Paraná;PR;35;Privada;12;31.83;129;15.48;182;6.08;67;6.75;;;401-500;2.65;;;;;;;;;
2019;engenharia-civil;Universidade Anhembi Morumbi;SP;36;Privada;12;31.83;135;15.35;45;7.53;185;4.52;;;401-500;3.3;;;;;;;;;
2019;engenharia-civil;Universidade São Judas Tadeu;SP;37;Privada;12;31.83;138;15.32;76;7.2;120;5.75;;;501-600;2.37;;;;;;;;;
2019;engenharia-civil;Pontifícia Universidade Católica do Rio Grande do Sul;RS;38;Privada;12;31.83;156;14.73;72;7.25;111;5.92;;;501-600;1.56;;;;;;;;;
2019;engenharia-civil;Universidade Salvador;BA;39;Privada;12;31.83;166;14.63;201-250;5.88;80;6.51;;;501-600;2.24;;;;;;;;;
2019;engenharia-civil;Universidade Vila Velha;ES;40;Privada;12;31.83;175;14.48;251-300;5.3;73;6.64;;;501-600;2.54;;;;;;;;;
2019;engenharia-civil;Universidade de Fortaleza;CE;41;Privada;12;31.83;185;14.25;93;7.02;143;5.31;;;501-600;1.92;;;;;;;;;
2019;engenharia-civil;Universidade Potiguar;RN;42;Privada;12;31.83;187;14.2;105;6.9;251-300;2.72;;;301-350;4.58;;;;;;;;;
2019;engenharia-civil;Universidade Fumec;MG;43;Privada;12;31.83;201-250;13.26;301-350;4.37;152;5.14;;;351-400;3.75;;;;;;;;;
2019;engenharia-civil;Universidade Veiga de Almeida;RJ;44;Privada;12;31.83;251-300;12.54;128;6.65;201-250;4.12;;;501-600;1.77;;;;;;;;;
2019;engenharia-civil;Universidade Federal da Paraíba;PB;45;Federal;42;20.46;24;23.53;19;7.81;16;7.72;;;1;8;;;;;;;;;
2019;engenharia-civil;Universidade Federal do Rio Grande do Norte;RN;46;Federal;42;20.46;29;23.07;51;7.47;22;7.6;;;1;8;;;;;;;;;
2019;engenharia-civil;Universidade Federal de Sergipe;SE;47;Federal;42;20.46;38;22.36;68;7.29;50;7.07;;;1;8;;;;;;;;;
2019;engenharia-civil;Universidade Federal de Alagoas;AL;48;Federal;42;20.46;39;22.26;63;7.34;58;6.92;;;1;8;;;;;;;;;
2019;engenharia-civil;Universidade Católica de Pernambuco;PE;49;Privada;12;31.83;301-350;10.81;108;6.86;251-300;2.95;;;601-700;1;;;;;;;;;
2019;engenharia-civil;Universidade Estadual de Ponta Grossa;PR;50;Estadual;42;20.46;43;22.07;113;6.81;40;7.26;;;1;8;;;;;;;;;
2019;engenharia-civil;Pontifícia Universidade Católica de Goiás;GO;51;Privada;12;31.83;301-350;10.56;301-350;4.35;156;5.07;;;601-700;1.14;;;;;;;;;
2019;engenharia-civil;Universidade Estácio de Sá;RJ;52;Privada;12;31.83;351-400;10.44;186;6.04;301-350;2.02;;;501-600;2.38;;;;;;;;;
2019;engenharia-civil;Universidade Federal do Pará;PA;53;Federal;42;20.46;50;21.51;61;7.36;99;6.15;;;1;8;;;;;;;;;
2019;engenharia-civil;Universidade Federal do Amazonas;AM;54;Federal;42;20.46;52;21.24;201-250;5.5;15;7.74;;;1;8;;;;;;;;;
2019;engenharia-civil;Universidade Federal do Maranhão;MA;55;Federal;42;20.46;59;20.88;103;6.92;109;5.96;;;1;8;;;;;;;;;
2019;engenharia-civil;Universidade Estadual do Piauí;PI;56;Estadual;42;20.46;65;20.29;194;5.95;89;6.34;;;1;8;;;;;;;;;
2019;engenharia-civil;Centro Universitário Uninovafapi;PI;57;Privada;42;20.46;67;20.21;170;6.21;107;6;;;1;8;;;;;;;;;
2019;engenharia-civil;Universidade Católica de Santos;SP;58;Privada;42;20.46;81;18.48;102;6.93;121;5.73;;;201-250;5.82;;;;;;;;;
2019;engenharia-civil;Universidade do Grande Rio Professor José de Souza Herdy;RJ;59;Privada;42;20.46;89;17.47;87;7.09;251-300;2.38;;;1;8;;;;;;;;;
2019;engenharia-civil;Universidade Federal de Viçosa;MG;60;Federal;;;14;37.5;44;7.54;3;7.96;;;1;8;14;14;;;;;;;
2019;engenharia-civil;Centro Universitário Faesa;ES;61;Privada;42;20.46;100;16.78;351-400;3.77;12;7.79;;;251-300;5.22;;;;;;;;;
2019;engenharia-civil;Universidade Federal de Ouro Preto;MG;62;Federal;;;15;37;56;7.42;23;7.58;;;1;8;14;14;;;;;;;
2019;engenharia-civil;Universidade de Caxias do Sul;RS;63;Privada;42;20.46;105;16.36;107;6.87;76;6.58;;;401-500;2.91;;;;;;;;;
2019;engenharia-civil;Centro Universitário de João Pessoa;PB;64;Privada;42;20.46;107;16.13;351-400;3.95;201-250;4.18;;;1;8;;;;;;;;;
2019;engenharia-civil;Centro Universitário Una;MG;65;Privada;42;20.46;112;15.93;133;6.6;201-250;4.1;;;251-300;5.23;;;;;;;;;
2019;engenharia-civil;Centro Universitário de Várzea Grande;MT;66;Privada;42;20.46;117;15.76;132;6.61;147;5.24;;;351-400;3.91;;;;;;;;;
2019;engenharia-civil;Centro Universitário Unidade de Ensino Superior Dom Bosco;MA;67;Privada;42;20.46;132;15.44;201-250;5.58;160;4.99;;;251-300;4.87;;;;;;;;;
2019;engenharia-civil;Universidade Ceuma;MA;68;Privada;42;20.46;134;15.42;201-250;5.76;301-350;1.66;;;1;8;;;;;;;;;
2019;engenharia-civil;Universidade do Vale do Itajaí;SC;69;Privada;42;20.46;140;15.2;351-400;3.9;127;5.62;;;201-250;5.68;;;;;;;;;
2019;engenharia-civil;Universidade Santa Cecília;SP;70;Privada;42;20.46;145;15.14;251-300;5.28;201-250;4.01;;;200;5.85;;;;;;;;;
2019;engenharia-civil;Universidade Luterana do Brasil;RS;71;Privada;42;20.46;154;14.79;301-350;4.48;181;4.6;;;201-250;5.71;;;;;;;;;
2019;engenharia-civil;Centro Universitário de Belo Horizonte;MG;72;Privada;42;20.46;168;14.59;155;6.36;201-250;3.33;;;251-300;4.9;;;;;;;;;
2019;engenharia-civil;Universidade Estadual do Maranhão;MA;73;Estadual;42;20.46;169;14.59;501-600;2.54;100;6.13;;;193;5.92;;;;;;;;;
2019;engenharia-civil;Centro Universitário Filadélfia;PR;74;Privada;42;20.46;192;14.06;501-600;2.38;65;6.79;;;251-300;4.89;;;;;;;;;
2019;engenharia-civil;Centro Universitário Geraldo Di Biase;RJ;75;Privada;42;20.46;201-250;13.5;201-250;5.39;251-300;3.05;;;251-300;5.06;;;;;;;;;
2019;engenharia-civil;Universidade Cidade de São Paulo;SP;76;Privada;42;20.46;201-250;13.33;22;7.78;301-350;1.72;;;351-400;3.83;;;;;;;;;
2019;engenharia-civil;Centro Universitário da Fundação Herminio Ometto;SP;77;Privada;42;20.46;201-250;13.18;160;6.31;112;5.9;;;601-700;0.97;;;;;;;;;
2019;engenharia-civil;Centro Universitário Newton Paiva;MG;78;Privada;42;20.46;201-250;13.13;251-300;4.82;148;5.22;;;401-500;3.09;;;;;;;;;
2019;engenharia-civil;Faculdade Pio Décimo;SE;79;Privada;42;20.46;201-250;12.69;146;6.46;351-400;0.51;;;201-250;5.72;;;;;;;;;
2019;engenharia-civil;Universidade Nove de Julho;SP;80;Privada;42;20.46;251-300;12.4;118;6.76;351-400;0.7;;;251-300;4.94;;;;;;;;;
2019;engenharia-civil;Centro Universitário do Espírito Santo;ES;81;Privada;42;20.46;251-300;12.26;351-400;4.09;173;4.75;;;401-500;3.42;;;;;;;;;
2019;engenharia-civil;Universidade Tiradentes;SE;82;Privada;42;20.46;251-300;11.73;134;6.59;251-300;3.01;;;501-600;2.13;;;;;;;;;
2019;engenharia-civil;Centro Universitário de Brasília;DF;83;Privada;42;20.46;251-300;11.54;168;6.23;162;4.96;;;701-800;0.35;;;;;;;;;
2019;engenharia-civil;Escola de Engenharia de Piracicaba;SP;84;Municipal;42;20.46;301-350;11.21;251-300;5.32;122;5.71;;;701-800;0.18;;;;;;;;;
2019;engenharia-civil;Universidade Regional de Blumenau;SC;85;Municipal;42;20.46;301-350;11.04;251-300;5.16;146;5.26;;;601-700;0.62;;;;;;;;;
2019;engenharia-civil;Escola de Engenharia Kennedy;MG;85;Privada;42;20.46;301-350;11.04;301-350;4.32;301-350;1.8;;;251-300;4.92;;;;;;;;;
2019;engenharia-civil;Universidade Pitágoras Unopar Anhanguera;PR;87;Privada;42;20.46;301-350;10.73;501-600;2.4;178;4.65;;;351-400;3.68;;;;;;;;;
2019;engenharia-civil;Universidade do Sul de Santa Catarina;SC;88;Privada;42;20.46;351-400;10.46;401-500;3.26;201-250;3.4;;;351-400;3.8;;;;;;;;;
2019;engenharia-civil;Universidade de Marília;SP;88;Privada;42;20.46;351-400;10.46;501-600;2.25;251-300;2.88;;;201-250;5.33;;;;;;;;;
2019;engenharia-civil;Universidade Católica do Salvador;BA;90;Privada;42;20.46;351-400;10.32;251-300;4.95;201-250;3.46;;;501-600;1.91;;;;;;;;;
2019;engenharia-civil;Faculdade de Engenharia da Fundação Armando Alvares Penteado;SP;91;Privada;42;20.46;351-400;9.81;351-400;4;119;5.77;;;701-800;0.04;;;;;;;;;
2019;engenharia-civil;Centro Universitário Assis Gurgacz;PR;92;Privada;42;20.46;401-500;9.3;501-600;1.85;164;4.92;;;501-600;2.53;;;;;;;;;
2019;engenharia-civil;Universidade de Cuiabá;MT;93;Privada;42;20.46;401-500;8.77;501-600;2.34;251-300;2.69;;;351-400;3.74;;;;;;;;;
2019;engenharia-civil;Centro Universitário das Faculdades Metropolitanas Unidas;SP;94;Privada;42;20.46;401-500;8.11;401-500;3.69;301-350;2.19;;;501-600;2.23;;;;;;;;;
2019;engenharia-civil;Centro Universitário Jorge Amado;BA;95;Privada;42;20.46;401-500;7.79;351-400;3.79;301-350;2.04;;;501-600;1.96;;;;;;;;;
2019;engenharia-civil;Centro Universitário Nossa Senhora do Patrocínio;SP;96;Privada;42;20.46;401-500;7.75;501-600;2.67;193;4.37;;;601-700;0.71;;;;;;;;;
2019;engenharia-civil;Centro Universitário Ibmec;RJ;97;Privada;42;20.46;501-600;6.63;166;6.25;;;;;701-800;0.38;;;;;;;;;
2019;engenharia-civil;Centro Universitário Cesmac;AL;98;Privada;42;20.46;501-600;6.44;501-600;2.18;201-250;3.61;;;601-700;0.65;;;;;;;;;
2019;engenharia-civil;Centro Universitário Metrocamp Wyden;SP;99;Privada;;;20;26.34;124;6.69;251-300;2.5;;;401-500;3.15;14;14;;;;;;;
2019;engenharia-civil;Faculdade Anhanguera de Jundiaí;SP;100;Privada;42;20.46;601-700;3.58;601-700;0.74;401-500;0.17;;;401-500;2.67;;;;;;;;;
2019;engenharia-civil;Universidade Estadual do Norte Fluminense Darcy Ribeiro;RJ;101;Estadual;;;22;23.7;1;8;17;7.7;;;1;8;;;;;;;;;
2019;engenharia-civil;Universidade Federal de Itajubá;MG;102;Federal;;;25;23.48;28;7.71;13;7.77;;;1;8;;;;;;;;;
2019;engenharia-civil;Universidade Estadual de Santa Cruz;BA;103;Estadual;;;26;23.38;49;7.49;7;7.89;;;1;8;;;;;;;;;
2019;engenharia-civil;Universidade Federal do Triângulo Mineiro;MG;104;Federal;;;27;23.31;32;7.67;20;7.64;;;1;8;;;;;;;;;
2019;engenharia-civil;Universidade Federal de Juiz de Fora;MG;105;Federal;;;28;23.14;30;7.69;30;7.45;;;1;8;;;;;;;;;
2019;engenharia-civil;Universidade Estadual de Maringá;PR;106;Estadual;;;30;22.99;84;7.12;8;7.87;;;1;8;;;;;;;;;
2019;engenharia-civil;Universidade Federal de Campina Grande;PB;107;Federal;;;32;22.85;65;7.32;26;7.53;;;1;8;;;;;;;;;
2019;engenharia-civil;Universidade Federal de Uberlândia;MG;108;Federal;;;33;22.82;36;7.63;44;7.19;;;1;8;;;;;;;;;
2019;engenharia-civil;Universidade Federal de Pelotas;RS;109;Federal;;;34;22.72;47;7.51;43;7.21;;;1;8;;;;;;;;;
2019;engenharia-civil;Universidade Estadual do Oeste do Paraná;PR;110;Estadual;;;37;22.43;58;7.39;52;7.04;;;1;8;;;;;;;;;
2019;engenharia-civil;Universidade Tecnológica Federal do Paraná;PR;111;Federal;;;40;22.24;77;7.19;51;7.05;;;1;8;;;;;;;;;
2019;engenharia-civil;Universidade Federal do Cariri;CE;112;Federal;;;41;22.18;100;6.95;42;7.23;;;1;8;;;;;;;;;
2019;engenharia-civil;Fundação Universidade Federal do Pampa;RS;113;Federal;;;42;22.15;83;7.13;53;7.02;;;1;8;;;;;;;;;
2019;engenharia-civil;Instituto Federal de Educação, Ciência e Tecnologia Goiano;GO;114;Federal;;;44;21.85;143;6.49;35;7.36;;;1;8;;;;;;;;;
2019;engenharia-civil;Universidade Federal da Integração Latino-americana;PR;115;Federal;;;45;21.79;27;7.72;103;6.07;;;1;8;;;;;;;;;
2019;engenharia-civil;Fundação Universidade Federal do Vale do São Francisco;PE;116;Federal;;;46;21.75;115;6.79;56;6.96;;;1;8;;;;;;;;;
2019;engenharia-civil;Universidade Federal do Rio Grande;RS;117;Federal;;;47;21.74;91;7.04;70;6.7;;;1;8;;;;;;;;;
2019;engenharia-civil;Universidade Estadual de Feira de Santana;BA;118;Estadual;;;48;21.73;131;6.62;48;7.11;;;1;8;;;;;;;;;
2019;engenharia-civil;Instituto Federal de Educação, Ciência e Tecnologia de São Paulo;SP;119;Federal;;;49;21.61;162;6.29;37;7.32;;;1;8;;;;;;;;;
2019;engenharia-civil;Fundação Universidade Federal do Tocantins;TO;120;Federal;;;51;21.48;176;6.14;36;7.34;;;1;8;;;;;;;;;
2019;engenharia-civil;Centro Universitário Christus;CE;121;Privada;;;54;21.09;159;6.32;66;6.77;;;1;8;;;;;;;;;
2019;engenharia-civil;Universidade Federal dos Vales do Jequitinhonha e Mucuri;MG;122;Federal;;;55;21.06;90;7.05;106;6.01;;;1;8;;;;;;;;;
2019;engenharia-civil;Instituto Federal de Educação, Ciência e Tecnologia de Santa Catarina;SC;123;Federal;;;56;20.99;95;7;1;8;;;187;5.99;;;;;;;;;
2019;engenharia-civil;Centro Federal de Educação Tecnológica Celso Suckow da Fonseca;RJ;124;Federal;;;57;20.98;139;6.53;83;6.45;;;1;8;;;;;;;;;
2019;engenharia-civil;Universidade Estadual de Goiás;GO;125;Estadual;;;58;20.91;148;6.44;82;6.47;;;1;8;;;;;;;;;
2019;engenharia-civil;Instituto Federal de Educação, Ciência e Tecnologia do Ceará;CE;126;Federal;;;60;20.57;201-250;5.84;68;6.73;;;1;8;;;;;;;;;
2019;engenharia-civil;Universidade Federal de Roraima;RR;127;Federal;;;61;20.51;104;6.91;128;5.6;;;1;8;;;;;;;;;
2019;engenharia-civil;Universidade do Estado do Amazonas;AM;128;Estadual;;;62;20.49;164;6.27;95;6.22;;;1;8;;;;;;;;;
2019;engenharia-civil;Universidade Federal do Oeste da Bahia;BA;129;Federal;;;64;20.35;183;6.07;92;6.28;;;1;8;;;;;;;;;
2019;engenharia-civil;Centro Federal de Educação Tecnológica de Minas Gerais;MG;130;Federal;;;69;19.95;301-350;4.38;24;7.57;;;1;8;;;;;;;;;
2019;engenharia-civil;Universidade Estadual da Paraíba;PB;131;Estadual;;;70;19.83;251-300;4.85;55;6.98;;;1;8;;;;;;;;;
2019;engenharia-civil;Instituto Federal de Educação, Ciência e Tecnologia de Alagoas;AL;132;Federal;;;71;19.64;351-400;3.81;10;7.83;;;1;8;;;;;;;;;
2019;engenharia-civil;Universidade Federal do Recôncavo da Bahia;BA;133;Federal;;;72;19.59;251-300;5.03;77;6.56;;;1;8;;;;;;;;;
2019;engenharia-civil;Universidade Federal de Mato Grosso do Sul;MS;134;Federal;;;73;19.47;75;7.21;41;7.24;;;251-300;5.02;;;;;;;;;
2019;engenharia-civil;Instituto Federal de Educação, Ciência e Tecnologia do Tocantins;TO;135;Federal;;;76;19.05;351-400;4.15;59;6.9;;;1;8;;;;;;;;;
2019;engenharia-civil;Universidade Federal Rural do Semi-árido;RN;136;Federal;;;77;18.98;301-350;4.78;96;6.2;;;1;8;;;;;;;;;
2019;engenharia-civil;Faculdade Meridional;RS;137;Privada;;;78;18.96;8;7.93;251-300;3.03;;;1;8;;;;;;;;;
2019;engenharia-civil;Instituto Federal de Educação, Ciência e Tecnologia de Sergipe;SE;138;Federal;;;79;18.8;301-350;4.63;98;6.17;;;1;8;;;;;;;;;
2019;engenharia-civil;Centro Universitário Católico Salesiano Auxilium;SP;139;Privada;;;80;18.61;117;6.77;115;5.84;;;186;6;;;;;;;;;
2019;engenharia-civil;Centro Universitário Facvest;SC;140;Privada;;;82;18.3;42;7.56;251-300;2.74;;;1;8;;;;;;;;;
2019;engenharia-civil;Instituto Federal de Educação, Ciência e Tecnologia de Goiás;GO;141;Federal;;;83;18.26;401-500;3.72;78;6.54;;;1;8;;;;;;;;;
2019;engenharia-civil;Universidade do Estado de Mato Grosso;MT;142;Estadual;;;84;18.07;401-500;3.68;86;6.39;;;1;8;;;;;;;;;
2019;engenharia-civil;Universidade Federal do Acre;AC;143;Federal;;;85;18.05;251-300;5.05;61;6.87;;;174;6.13;;;;;;;;;
2019;engenharia-civil;Universidade Cesumar;PR;144;Privada;;;86;17.83;112;6.82;145;5.28;;;201-250;5.73;;;;;;;;;
2019;engenharia-civil;Centro Universitário Redentor;RJ;145;Privada;;;87;17.75;201-250;5.83;201-250;3.92;;;1;8;;;;;;;;;
2019;engenharia-civil;Universidade do Oeste Paulista;SP;146;Privada;;;88;17.58;70;7.27;176;4.69;;;201-250;5.62;;;;;;;;;
2019;engenharia-civil;Faculdade Doctum de Juiz de Fora;MG;147;Privada;;;90;17.46;301-350;4.52;163;4.94;;;1;8;;;;;;;;;
2019;engenharia-civil;Universidade Feevale;RS;148;Privada;;;91;17.32;157;6.34;167;4.86;;;175;6.12;;;;;;;;;
2019;engenharia-civil;Centro Universitário de Excelência;BA;148;Privada;;;91;17.32;301-350;4.31;159;5.01;;;1;8;;;;;;;;;
2019;engenharia-civil;Universidade do Vale do Taquari;RS;150;Privada;;;93;17.21;151;6.41;131;5.54;;;251-300;5.26;;;;;;;;;
2019;engenharia-civil;Centro Universitário Zarns;BA;151;Privada;;;94;17.14;201-250;5.41;201-250;3.73;;;1;8;;;;;;;;;
2019;engenharia-civil;Universidade Estadual de Montes Claros;MG;152;Estadual;;;95;17.01;301-350;4.29;64;6.81;;;194;5.91;;;;;;;;;
2019;engenharia-civil;Centro Universitário - Católica de Santa Catarina em Joinville;SC;153;Privada;;;96;16.87;153;6.39;45;7.17;;;401-500;3.31;;;;;;;;;
2019;engenharia-civil;Centro Universitário Farias Brito;CE;154;Privada;;;97;16.86;190;5.99;38;7.3;;;401-500;3.57;;;;;;;;;
2019;engenharia-civil;Faculdade do Centro Leste;ES;155;Privada;;;98;16.83;201-250;5.36;72;6.66;;;251-300;4.81;;;;;;;;;
2019;engenharia-civil;Instituto Federal de Educação, Ciência e Tecnologia de Pernambuco;PE;156;Federal;;;99;16.79;401-500;3.15;126;5.64;;;1;8;;;;;;;;;
2019;engenharia-civil;Centro Universitário de Mineiros;GO;157;Municipal;;;102;16.63;201-250;5.4;251-300;3.23;;;1;8;;;;;;;;;
2019;engenharia-civil;Centro Universitário Multivix Vitória;ES;158;Privada;;;103;16.57;301-350;4.42;54;7;;;251-300;5.15;;;;;;;;;
2019;engenharia-civil;Faculdade de Ciências Sociais e Agrárias de Itapeva;SP;159;Privada;;;104;16.49;99;6.96;301-350;1.53;;;1;8;;;;;;;;;
2019;engenharia-civil;Centro Universitário São Judas Tadeu;SP;160;Privada;;;106;16.15;129;6.64;166;4.88;;;301-350;4.63;;;;;;;;;
2019;engenharia-civil;Instituto Federal de Educação, Ciência e Tecnologia do Maranhão;MA;161;Federal;;;108;16.04;351-400;3.85;102;6.09;;;177;6.1;;;;;;;;;
2019;engenharia-civil;Faculdade Terra Nordeste;CE;162;Privada;;;109;16;1;8;;;;;1;8;;;;;;;;;
2019;engenharia-civil;Universidade Federal de Lavras;MG;163;Federal;;;110;15.95;6;7.95;;;;;1;8;;;;;;;;;
2019;engenharia-civil;Centro Universitário Tocantinense Presidente Antônio Carlos;TO;164;Privada;;;113;15.89;116;6.78;170;4.8;;;301-350;4.31;;;;;;;;;
2019;engenharia-civil;Universidade Tuiuti do Paraná;PR;165;Privada;;;114;15.83;96;6.99;187;4.48;;;301-350;4.36;;;;;;;;;
2019;engenharia-civil;Centro Universitário da Grande Dourados;MS;166;Privada;;;115;15.8;251-300;5.15;108;5.98;;;301-350;4.67;;;;;;;;;
2019;engenharia-civil;Universidade Federal Rural de Pernambuco;PE;167;Federal;;;116;15.79;21;7.79;;;;;1;8;;;;;;;;;
2019;engenharia-civil;Centro Universitário Faminas;MG;168;Privada;;;118;15.73;26;7.73;;;;;1;8;;;;;;;;;
2019;engenharia-civil;Universidade Federal de São João Del Rei;MG;169;Federal;;;119;15.7;29;7.7;;;;;1;8;;;;;;;;;
2019;engenharia-civil;Faculdade de Ensino Superior da Cidade de Feira de Santana;BA;170;Privada;;;120;15.68;31;7.68;;;;;1;8;;;;;;;;;
2019;engenharia-civil;Centro Universitário Projeção;DF;171;Privada;;;121;15.66;33;7.66;;;;;1;8;;;;;;;;;
2019;engenharia-civil;Centro Universitário Celso Lisboa;RJ;171;Privada;;;121;15.66;33;7.66;;;;;1;8;;;;;;;;;
2019;engenharia-civil;Universidade Católica de Brasília;DF;173;Privada;;;123;15.65;114;6.8;201-250;4.09;;;251-300;4.76;;;;;;;;;
2019;engenharia-civil;Centro Universitário do Instituto de Educação Superior de Brasília;DF;174;Privada;;;124;15.59;351-400;4.22;63;6.83;;;301-350;4.54;;;;;;;;;
2019;engenharia-civil;Centro Universitário Mauá de Brasília;DF;175;Privada;;;125;15.58;41;7.58;;;;;1;8;;;;;;;;;
2019;engenharia-civil;Centro Universitário de Viçosa;MG;176;Privada;;;126;15.56;149;6.43;129;5.58;;;401-500;3.55;;;;;;;;;
2019;engenharia-civil;Universidade de Rio Verde;GO;177;Municipal;;;127;15.55;301-350;4.74;171;4.79;;;184;6.02;;;;;;;;;
2019;engenharia-civil;Instituto de Ensino Superior do Acre;AC;178;Privada;;;128;15.51;125;6.68;201-250;3.29;;;201-250;5.54;;;;;;;;;
2019;engenharia-civil;Centro Universitário Facisa;PB;179;Privada;;;131;15.45;53;7.45;;;;;1;8;;;;;;;;;
2019;engenharia-civil;Fundação Universidade Federal da Grande Dourados;MS;180;Federal;;;133;15.43;55;7.43;;;;;1;8;;;;;;;;;
2019;engenharia-civil;Centro Universitário Ages;BA;181;Privada;;;136;15.35;62;7.35;;;;;1;8;;;;;;;;;
2019;engenharia-civil;Centro Universitário Adventista de São Paulo;SP;182;Privada;;;137;15.34;201-250;5.7;136;5.45;;;351-400;4.19;;;;;;;;;
2019;engenharia-civil;Instituto Federal de Educação, Ciência e Tecnologia do Amazonas;AM;183;Federal;;;139;15.31;401-500;2.89;79;6.53;;;196;5.89;;;;;;;;;
2019;engenharia-civil;Centro Universitário Luterano de Palmas;TO;184;Privada;;;141;15.17;401-500;3.63;201-250;3.54;;;1;8;;;;;;;;;
2019;engenharia-civil;Centro Universitário Sociesc;SC;185;Privada;;;142;15.16;351-400;3.83;94;6.24;;;251-300;5.09;;;;;;;;;
2019;engenharia-civil;Centro Universitário de Ensino, Ciência e Tecnologia do Paraná;PR;185;Privada;;;142;15.16;80;7.16;;;;;1;8;;;;;;;;;
2019;engenharia-civil;Centro Universitário Ateneu;CE;187;Privada;;;144;15.14;82;7.14;;;;;1;8;;;;;;;;;
2019;engenharia-civil;Centro Universitário Inta;CE;188;Privada;;;146;15.11;85;7.11;;;;;1;8;;;;;;;;;
2019;engenharia-civil;Centro Universitário do Sul de Minas;MG;189;Privada;;;147;15.07;351-400;4.17;116;5.83;;;251-300;5.07;;;;;;;;;
2019;engenharia-civil;Centro Universitário Senai Cimatec;BA;190;Privada;;;148;15.06;401-500;3.11;57;6.94;;;251-300;5.01;;;;;;;;;
2019;engenharia-civil;Universidade La Salle;RS;191;Privada;;;149;15.05;23;7.77;251-300;2.84;;;301-350;4.44;;;;;;;;;
2019;engenharia-civil;Faculdades Doctum de Caratinga;MG;191;Privada;;;149;15.05;251-300;5.06;301-350;1.99;;;1;8;;;;;;;;;
2019;engenharia-civil;Faculdades Integradas de Bauru;SP;193;Privada;;;152;14.89;180;6.1;351-400;0.79;;;1;8;;;;;;;;;
2019;engenharia-civil;Faculdade de Ciências Sociais Aplicadas do Vale do São Lourenço;MT;194;Privada;;;153;14.88;106;6.88;;;;;1;8;;;;;;;;;
2019;engenharia-civil;Centro Universitário de Itajubá;MG;195;Privada;;;155;14.78;201-250;5.65;197;4.29;;;251-300;4.84;;;;;;;;;
2019;engenharia-civil;Faculdade Dom Pedro II de Tecnologia;BA;196;Privada;;;156;14.73;158;6.33;401-500;0.4;;;1;8;;;;;;;;;
2019;engenharia-civil;Centro Universitário Santa Rita;MG;196;Privada;;;156;14.73;193;5.96;201-250;3.48;;;251-300;5.29;;;;;;;;;
2019;engenharia-civil;Fundação Universidade Federal de Rondônia;RO;196;Federal;;;156;14.73;501-600;2.19;184;4.54;;;1;8;;;;;;;;;
2019;engenharia-civil;Faculdade Ari de Sá;CE;196;Privada;;;156;14.73;121;6.73;;;;;1;8;;;;;;;;;
2019;engenharia-civil;Faculdade Brasileira de Tecnologia-BA;BA;200;Privada;;;161;14.71;122;6.71;;;;;1;8;;;;;;;;;
2019;engenharia-civil;Faculdade de Tecnologia e Ciências de Itabuna;BA;201;Privada;;;196;13.91;351-400;4.06;301-350;1.85;;;1;8;;;;;;;;;
2019;engenharia-civil;Centro Universitário Unifafibe;SP;201;Privada;;;201-250;13.35;251-300;5.08;201-250;3.57;;;301-350;4.7;;;;;;;;;
2019;engenharia-civil;Universidade José do Rosário Velano;MG;201;Privada;;;197;13.89;301-350;4.77;189;4.44;;;301-350;4.68;;;;;;;;;
2019;engenharia-civil;Centro Universitário Favip Wyden;PE;201;Privada;;;162;14.7;251-300;5.34;201-250;3.88;;;201-250;5.48;;;;;;;;;
2019;engenharia-civil;Centro Universitário de Excelência de Vitória da Conquista;BA;201;Privada;;;179;14.3;351-400;4.05;301-350;2.25;;;1;8;;;;;;;;;
2019;engenharia-civil;Faculdade Presidente Antônio Carlos;TO;201;Privada;;;189;14.1;54;7.44;301-350;1.97;;;301-350;4.69;;;;;;;;;
2019;engenharia-civil;Faculdade Funorte de Janaúba;MG;201;Privada;;;201-250;13.21;251-300;5.21;;;;;1;8;;;;;;;;;
2019;engenharia-civil;Universidade da Região de Joinville;SC;201;Privada;;;162;14.7;301-350;4.59;139;5.39;;;301-350;4.72;;;;;;;;;
2019;engenharia-civil;Centro Universitário Ingá;PR;201;Privada;;;199;13.72;401-500;2.73;137;5.43;;;201-250;5.56;;;;;;;;;
2019;engenharia-civil;Centro Universitário Unirb;BA;201;Privada;;;201-250;13.2;64;7.33;;;;;198;5.87;;;;;;;;;
2019;engenharia-civil;Faculdade Unirb - Aracaju;SE;201;Privada;;;179;14.3;161;6.3;;;;;1;8;;;;;;;;;
2019;engenharia-civil;Centro Universitário Facens;SP;201;Privada;;;201-250;13.67;201-250;5.79;114;5.86;;;501-600;2.02;;;;;;;;;
2019;engenharia-civil;Centro Universitário FG;BA;201;Privada;;;164;14.67;401-500;3.08;201-250;3.59;;;1;8;;;;;;;;;
2019;engenharia-civil;Faculdade de Ciências Exatas de Garanhuns;PE;201;Municipal;;;201-250;13.59;501-600;2.22;201-250;3.37;;;1;8;;;;;;;;;
2019;engenharia-civil;Centro Universitário Itop;TO;201;Privada;;;201-250;13.22;251-300;5.22;;;;;1;8;;;;;;;;;
2019;engenharia-civil;Centro Universitário Unirb - Alagoinhas;BA;201;Privada;;;201-250;13.21;154;6.38;351-400;0.95;;;197;5.88;;;;;;;;;
2019;engenharia-civil;Centro Universitário Facunicamps;GO;201;Privada;;;174;14.5;142;6.5;;;;;1;8;;;;;;;;;
2019;engenharia-civil;Faculdades Integradas Maria Imaculada;SP;201;Privada;;;201-250;13.67;301-350;4.57;201-250;3.35;;;201-250;5.75;;;;;;;;;
2019;engenharia-civil;Faculdade de Ensino Superior do Interior Paulista;SP;201;Privada;;;198;13.85;201-250;5.85;;;;;1;8;;;;;;;;;
2019;engenharia-civil;Faculdade de Tecnologia e Ciências de Jequié;BA;201;Privada;;;190;14.1;351-400;3.94;301-350;2.16;;;1;8;;;;;;;;;
2019;engenharia-civil;Centro Universitário - Católica de Santa Catarina em Jaraguá do Sul;SC;201;Privada;;;201-250;13.39;351-400;4.26;87;6.37;;;401-500;2.76;;;;;;;;;
2019;engenharia-civil;União das Faculdades dos Grandes Lagos;SP;201;Privada;;;200;13.71;251-300;5.04;251-300;2.53;;;173;6.14;;;;;;;;;
2019;engenharia-civil;Faculdade Unibras do Mato Grosso;MT;201;Privada;;;195;13.93;196;5.93;;;;;1;8;;;;;;;;;
2019;engenharia-civil;Centro Universitário Una de Uberlândia;MG;201;Privada;;;191;14.07;187;6.02;201-250;4.07;;;351-400;3.98;;;;;;;;;
2019;engenharia-civil;Faculdade Zacarias de Góes;BA;201;Privada;;;201-250;13.48;201-250;5.48;;;;;1;8;;;;;;;;;
2019;engenharia-civil;Universidade do Oeste de Santa Catarina;SC;201;Privada;;;201-250;13.13;501-600;2.26;62;6.85;;;351-400;4.02;;;;;;;;;
2019;engenharia-civil;Centro Universitário Católica do Leste de Minas Gerais;MG;201;Privada;;;201-250;13.27;201-250;5.72;251-300;2.7;;;251-300;4.85;;;;;;;;;
2019;engenharia-civil;Centro Universitário Unicarioca;RJ;201;Privada;;;201-250;13.14;14;7.86;;;;;251-300;5.28;;;;;;;;;
2019;engenharia-civil;Centro Universitário Estácio de Santa Catarina;SC;201;Privada;;;201-250;13.15;351-400;4.02;91;6.3;;;401-500;2.83;;;;;;;;;
2019;engenharia-civil;Centro Universitário Dinâmica das Cataratas;PR;201;Privada;;;201-250;13.57;301-350;4.36;201-250;3.44;;;201-250;5.77;;;;;;;;;
2019;engenharia-civil;Faculdade Praia Grande;SP;201;Privada;;;188;14.18;137;6.56;301-350;1.57;;;181;6.05;;;;;;;;;
2019;engenharia-civil;Faculdade Dom Luis de Orleans e Bragança;BA;201;Privada;;;201-250;13.67;201-250;5.57;401-500;0.1;;;1;8;;;;;;;;;
2019;engenharia-civil;Faculdade Educacional Araucária;PR;201;Privada;;;182;14.28;123;6.7;301-350;1.91;;;201-250;5.67;;;;;;;;;
2019;engenharia-civil;Centro Universitário do Rio Grande do Norte;RN;201;Privada;;;177;14.47;145;6.47;;;;;1;8;;;;;;;;;
2019;engenharia-civil;Centro Universitário Mater Dei;PR;201;Privada;;;193;14.03;601-700;0.9;153;5.13;;;1;8;;;;;;;;;
2019;engenharia-civil;Centro Universitário de Volta Redonda;RJ;201;Privada;;;175;14.48;52;7.46;351-400;1.38;;;201-250;5.64;;;;;;;;;
2019;engenharia-civil;Universidade Federal do Sul e Sudeste do Pará;PA;201;Federal;;;171;14.57;136;6.57;;;;;1;8;;;;;;;;;
2019;engenharia-civil;Faculdade de Engenharia São Paulo;SP;201;Privada;;;183;14.27;191;5.98;134;5.49;;;401-500;2.8;;;;;;;;;
2019;engenharia-civil;Instituto Federal de Educação, Ciência e Tecnologia da Bahia;BA;201;Federal;;;194;14.01;188;6.01;;;;;1;8;;;;;;;;;
2019;engenharia-civil;Faculdade Multivix Nova Venécia;ES;201;Privada;;;201-250;13.37;401-500;3.36;177;4.67;;;201-250;5.34;;;;;;;;;
2019;engenharia-civil;Centro Universitário Ritter dos Reis;RS;201;Privada;;;201-250;13.13;120;6.74;140;5.37;;;601-700;1.02;;;;;;;;;
2019;engenharia-civil;Faculdade Multivix Serra;ES;201;Privada;;;201-250;13.47;401-500;3.04;151;5.16;;;251-300;5.27;;;;;;;;;
2019;engenharia-civil;Universidade Católica Dom Bosco;MS;201;Privada;;;183;14.27;401-500;2.93;130;5.56;;;201-250;5.78;;;;;;;;;
2019;engenharia-civil;Instituto de Ensino Superior da Grande Florianópolis;SC;201;Privada;;;186;14.23;501-600;2.05;101;6.11;;;179;6.07;;;;;;;;;
2019;engenharia-civil;Centro Universitário Católica do Tocantins;TO;201;Privada;;;201-250;13.5;351-400;3.84;168;4.84;;;251-300;4.82;;;;;;;;;
2019;engenharia-civil;Faculdade Luciano Feijão;CE;201;Privada;;;170;14.58;135;6.58;;;;;1;8;;;;;;;;;
2019;engenharia-civil;Faculdade Unirb - Arapiraca;AL;201;Privada;;;167;14.63;130;6.63;;;;;1;8;;;;;;;;;
2019;engenharia-civil;Centro Universitário Unifatecie;PR;201;Privada;;;178;14.4;152;6.4;;;;;1;8;;;;;;;;;
2019;engenharia-civil;Universidade Regional do Noroeste do Estado do Rio Grande do Sul;RS;201;Privada;;;172;14.55;401-500;3.71;142;5.33;;;201-250;5.51;;;;;;;;;
2019;engenharia-civil;Faculdades Integradas de Três Lagoas;MS;201;Privada;;;179;14.3;184;6.06;251-300;2.61;;;201-250;5.63;;;;;;;;;
2019;engenharia-civil;Faculdade de Administração e Negócios de Sergipe;SE;201;Privada;;;173;14.52;140;6.52;;;;;1;8;;;;;;;;;
2019;engenharia-civil;Faculdade de Ensino Superior de Floriano;PI;251;Privada;;;201-250;13.06;67;7.3;;;;;201-250;5.76;;;;;;;;;
2019;engenharia-civil;Centro Universitário Maurício de Nassau de Campina Grande;PB;251;Privada;;;251-300;12.06;251-300;5.11;251-300;2.8;;;351-400;4.15;;;;;;;;;
2019;engenharia-civil;Instituto Federal de Educação, Ciência e Tecnologia do Sul de Minas Gerais;MG;251;Federal;;;201-250;12.79;110;6.84;;;;;190;5.95;;;;;;;;;
2019;engenharia-civil;Universidade Brasil;SP;251;Privada;;;251-300;12.08;251-300;4.96;351-400;1.19;;;192;5.93;;;;;;;;;
2019;engenharia-civil;Universidade Católica de Pelotas;RS;251;Privada;;;201-250;12.78;301-350;4.73;251-300;3.22;;;251-300;4.83;;;;;;;;;
2019;engenharia-civil;Centro Universitário do Cerrado-patrocínio;MG;251;Privada;;;251-300;12.1;251-300;4.87;201-250;3.56;;;401-500;3.67;;;;;;;;;
2019;engenharia-civil;Universidade do Vale do Paraíba;SP;251;Privada;;;201-250;12.73;50;7.48;301-350;2.21;;;401-500;3.04;;;;;;;;;
2019;engenharia-civil;Centro Universitário Facol;PE;251;Privada;;;251-300;11.93;351-400;3.93;;;;;1;8;;;;;;;;;
2019;engenharia-civil;Centro Universitário Estácio de Ribeirão Preto;SP;251;Privada;;;251-300;12.14;60;7.37;301-350;1.61;;;401-500;3.16;;;;;;;;;
2019;engenharia-civil;Centro Universitário de Caratinga;MG;251;Privada;;;201-250;12.81;251-300;4.88;201-250;3.5;;;301-350;4.43;;;;;;;;;
2019;engenharia-civil;Centro Universitário Toledo Wyden;SP;251;Privada;;;251-300;12.31;201-250;5.63;201-250;4.16;;;501-600;2.52;;;;;;;;;
2019;engenharia-civil;Centro Universitário Sant'Anna;SP;251;Privada;;;201-250;12.69;89;7.07;401-500;0.15;;;201-250;5.47;;;;;;;;;
2019;engenharia-civil;Centro Universitário Fip-moc;MG;251;Privada;;;201-250;12.73;351-400;4.27;251-300;2.4;;;180;6.06;;;;;;;;;
2019;engenharia-civil;UGV Centro Universitário;PR;251;Privada;;;201-250;12.69;501-600;1.71;97;6.18;;;251-300;4.8;;;;;;;;;
2019;engenharia-civil;Centro Universitário das Américas;SP;251;Privada;;;201-250;13.02;78;7.18;;;;;201-250;5.84;;;;;;;;;
2019;engenharia-civil;Universidade de Franca;SP;251;Privada;;;251-300;12.49;150;6.42;251-300;2.89;;;401-500;3.18;;;;;;;;;
2019;engenharia-civil;Centro Universitário FBV Wyden;PE;251;Privada;;;251-300;12.12;179;6.11;;;;;185;6.01;;;;;;;;;
2019;engenharia-civil;Faculdade Aldete Maria Alves;MG;251;Privada;;;201-250;12.65;301-350;4.49;251-300;2.42;;;201-250;5.74;;;;;;;;;
2019;engenharia-civil;Faculdade Área1 Wyden;BA;251;Privada;;;201-250;12.61;169;6.22;301-350;1.84;;;301-350;4.55;;;;;;;;;
2019;engenharia-civil;Centro Universitário Sagrado Coração;SP;251;Privada;;;251-300;12.23;192;5.97;251-300;3.2;;;401-500;3.06;;;;;;;;;
2019;engenharia-civil;Centro Universitário Imepac;MG;251;Privada;;;251-300;11.98;94;7.01;;;;;251-300;4.97;;;;;;;;;
2019;engenharia-civil;Faculdade Unirb - Barreiras;BA;251;Privada;;;201-250;12.99;251-300;4.99;;;;;1;8;;;;;;;;;
2019;engenharia-civil;Centro Universitário de Maceió;AL;251;Privada;;;251-300;12.46;251-300;5.25;201-250;3.82;;;401-500;3.39;;;;;;;;;
2019;engenharia-civil;Centro Universitário Metropolitano da Amazônia;PA;251;Privada;;;201-250;13.08;201-250;5.6;301-350;1.44;;;182;6.04;;;;;;;;;
2019;engenharia-civil;Universidade Católica de Petrópolis;RJ;251;Privada;;;251-300;12.2;201-250;5.44;90;6.32;;;601-700;0.44;;;;;;;;;
2019;engenharia-civil;Centro Universitário Central Paulista;SP;251;Privada;;;251-300;12.32;39;7.6;251-300;3.25;;;601-700;1.47;;;;;;;;;
2019;engenharia-civil;Universidade de Mogi das Cruzes;SP;251;Privada;;;201-250;13.07;301-350;4.79;201-250;3.69;;;301-350;4.59;;;;;;;;;
2019;engenharia-civil;Universidade Comunitária da Região de Chapecó;SC;251;Privada;;;251-300;12.53;501-600;2.69;179;4.63;;;251-300;5.21;;;;;;;;;
2019;engenharia-civil;Centro Universitário Euro-americano;DF;251;Privada;;;251-300;12.03;109;6.85;;;;;251-300;5.18;;;;;;;;;
2019;engenharia-civil;Universidade de Ribeirão Preto;SP;251;Privada;;;201-250;13.1;167;6.24;301-350;1.4;;;201-250;5.46;;;;;;;;;
2019;engenharia-civil;Centro Universitário de Sete Lagoas;MG;251;Privada;;;251-300;12.38;301-350;4.71;172;4.77;;;401-500;2.9;;;;;;;;;
2019;engenharia-civil;Centro Universitário de União da Vitória;PR;251;Municipal;;;201-250;12.92;701-800;0.1;169;4.82;;;1;8;;;;;;;;;
2019;engenharia-civil;Centro Universitário Luterano de Manaus;AM;251;Privada;;;251-300;12.22;351-400;4.12;301-350;2.29;;;201-250;5.81;;;;;;;;;
2019;engenharia-civil;Universidade de Santa Cruz do Sul;RS;251;Privada;;;251-300;12.15;127;6.66;201-250;3.84;;;501-600;1.65;;;;;;;;;
2019;engenharia-civil;Centro Universitário Unifecaf;SP;251;Privada;;;201-250;12.76;301-350;4.76;;;;;1;8;;;;;;;;;
2019;engenharia-civil;Faculdade Unime de Ciências Exatas e Tecnológicas;BA;251;Privada;;;201-250;12.69;351-400;3.76;71;6.68;;;501-600;2.25;;;;;;;;;
2019;engenharia-civil;Universidade Cruzeiro do Sul;SP;251;Privada;;;251-300;12.24;73;7.24;351-400;0.93;;;351-400;4.07;;;;;;;;;
2019;engenharia-civil;Universidade de Taubaté;SP;251;Municipal;;;251-300;12.48;201-250;5.77;351-400;1.31;;;201-250;5.4;;;;;;;;;
2019;engenharia-civil;Centro Universitário Uniftec;RS;251;Privada;;;251-300;12.27;301-350;4.4;124;5.67;;;501-600;2.2;;;;;;;;;
2019;engenharia-civil;Faculdade de Piracanjuba;GO;251;Privada;;;251-300;12.35;16;7.84;;;;;301-350;4.51;;;;;;;;;
2019;engenharia-civil;Centro Universitário Maurício de Nassau de João Pessoa;PB;251;Privada;;;201-250;12.67;301-350;4.58;198;4.27;;;351-400;3.82;;;;;;;;;
2019;engenharia-civil;Universidade de Itaúna;MG;251;Privada;;;251-300;12.49;251-300;4.97;201-250;3.71;;;351-400;3.81;;;;;;;;;
2019;engenharia-civil;Centro Universitário da Vitória de Santo Antão;PE;251;Privada;;;251-300;12.51;301-350;4.51;;;;;1;8;;;;;;;;;
2019;engenharia-civil;Centro Universitário de Lavras;MG;251;Privada;;;201-250;12.82;251-300;5.02;157;5.05;;;401-500;2.75;;;;;;;;;
2019;engenharia-civil;Faculdade de Engenharia de Minas Gerais;MG;251;Privada;;;251-300;12.57;251-300;5.27;75;6.6;;;601-700;0.7;;;;;;;;;
2019;engenharia-civil;Universidade Metodista de São Paulo;SP;251;Privada;;;201-250;12.66;301-350;4.66;;;;;1;8;;;;;;;;;
2019;engenharia-civil;Centro Universitário de Rondônia;RO;251;Privada;;;251-300;12.31;601-700;1.53;118;5.79;;;251-300;4.99;;;;;;;;;
2019;engenharia-civil;Centro Universitário Maria Milza;BA;251;Privada;;;201-250;13.12;71;7.26;;;;;199;5.86;;;;;;;;;
2019;engenharia-civil;Centro Universitário Sete de Setembro;CE;251;Privada;;;201-250;12.98;251-300;4.98;;;;;1;8;;;;;;;;;
2019;engenharia-civil;Faculdade do Futuro;MG;301;Privada;;;251-300;11.76;501-600;1.88;201-250;3.78;;;177;6.1;;;;;;;;;
2019;engenharia-civil;Centro Universitário de Adamantina;SP;301;Municipal;;;301-350;11.38;401-500;3.61;196;4.31;;;401-500;3.46;;;;;;;;;
2019;engenharia-civil;Centro Universitário Antônio Eufrásio de Toledo de Presidente Prudente;SP;301;Privada;;;301-350;11.01;251-300;5.07;;;;;191;5.94;;;;;;;;;
2019;engenharia-civil;Centro Universitário de Goiatuba;GO;301;Municipal;;;301-350;11.3;401-500;3.3;;;;;1;8;;;;;;;;;
2019;engenharia-civil;Centro Universitário Brasília do Estado de Goiás;GO;301;Privada;;;251-300;11.59;401-500;3.59;;;;;1;8;;;;;;;;;
2019;engenharia-civil;Centro Universitário Cathedral;MT;301;Privada;;;251-300;11.59;401-500;3.59;;;;;1;8;;;;;;;;;
2019;engenharia-civil;Universidade Santa Úrsula;RJ;301;Privada;;;301-350;11.22;301-350;4.3;132;5.52;;;601-700;1.4;;;;;;;;;
2019;engenharia-civil;Universidade Castelo Branco;RJ;301;Privada;;;301-350;11.28;86;7.1;;;;;351-400;4.18;;;;;;;;;
2019;engenharia-civil;Centro Universitário Salesiano;ES;301;Privada;;;301-350;10.94;301-350;4.62;125;5.66;;;601-700;0.66;;;;;;;;;
2019;engenharia-civil;Faculdade Redentor de Paraíba do Sul;RJ;301;Privada;;;301-350;10.86;401-500;2.86;;;;;1;8;;;;;;;;;
2019;engenharia-civil;Faculdade de Administração de Mariana;MG;301;Privada;;;251-300;11.73;401-500;3.73;;;;;1;8;;;;;;;;;
2019;engenharia-civil;Faculdades Integradas Einstein de Limeira;SP;301;Privada;;;251-300;11.78;401-500;2.85;141;5.35;;;401-500;3.58;;;;;;;;;
2019;engenharia-civil;Faculdade Asa de Brumadinho;MG;301;Privada;;;301-350;11.35;401-500;3.35;;;;;1;8;;;;;;;;;
2019;engenharia-civil;Centro Universitário Unifaat;SP;301;Privada;;;251-300;11.7;351-400;3.78;201-250;3.99;;;351-400;3.93;;;;;;;;;
2019;engenharia-civil;Centro Universitário Luterano de Santarém;PA;301;Privada;;;301-350;11.12;601-700;0.68;251-300;2.44;;;1;8;;;;;;;;;
2019;engenharia-civil;Faculdade Estácio do Rio Grande do Sul;RS;301;Privada;;;301-350;11.33;74;7.22;;;;;351-400;4.11;;;;;;;;;
2019;engenharia-civil;Centro Universitário do Paraná;PR;301;Privada;;;301-350;11.25;144;6.48;;;;;251-300;4.77;;;;;;;;;
2019;engenharia-civil;Centro Universitário Doctum de Teófilo Otoni;MG;301;Privada;;;251-300;11.73;501-600;2.48;351-400;1.25;;;1;8;;;;;;;;;
2019;engenharia-civil;Universidade do Extremo Sul Catarinense;SC;301;Privada;;;301-350;10.86;401-500;3;117;5.81;;;501-600;2.05;;;;;;;;;
2019;engenharia-civil;Faculdade Pitágoras Unopar de João Pessoa;PB;301;Privada;;;301-350;11.37;57;7.41;;;;;351-400;3.96;;;;;;;;;
2019;engenharia-civil;Faculdade de Engenharia Souza Marques;RJ;301;Privada;;;301-350;11.1;251-300;4.91;201-250;3.8;;;501-600;2.39;;;;;;;;;
2019;engenharia-civil;Centro Universitário Unifacig;MG;301;Privada;;;301-350;10.95;351-400;3.8;301-350;2.12;;;251-300;5.03;;;;;;;;;
2019;engenharia-civil;Centro Universitário Fai;SC;301;Privada;;;301-350;11.39;501-600;2.17;133;5.5;;;351-400;3.72;;;;;;;;;
2019;engenharia-civil;Faculdades Integradas Rui Barbosa;SP;301;Privada;;;301-350;11.36;501-600;2.39;351-400;0.97;;;1;8;;;;;;;;;
2019;engenharia-civil;Centro Universitário Ceuni;AM;301;Privada;;;251-300;11.68;201-250;5.55;401-500;0.34;;;201-250;5.79;;;;;;;;;
2019;engenharia-civil;Universidade Metodista de Piracicaba;SP;301;Privada;;;251-300;11.57;79;7.17;201-250;3.86;;;601-700;0.54;;;;;;;;;
2019;engenharia-civil;Faculdade Leonardo da Vinci - Santa Catarina;SC;301;Privada;;;301-350;10.81;501-600;1.99;201-250;4.2;;;301-350;4.62;;;;;;;;;
2019;engenharia-civil;Centro Universitário de Goiás;GO;301;Privada;;;251-300;11.64;251-300;5.12;251-300;2.48;;;351-400;4.04;;;;;;;;;
2019;engenharia-civil;Universidade São Francisco;SP;301;Privada;;;301-350;11.26;251-300;5.33;251-300;2.91;;;401-500;3.02;;;;;;;;;
2019;engenharia-civil;Faculdade Estácio de Curitiba;PR;301;Privada;;;301-350;10.93;33;7.66;;;;;401-500;3.27;;;;;;;;;
2019;engenharia-civil;Universidade Federal do Oeste do Pará;PA;301;Federal;;;251-300;11.59;401-500;3.59;;;;;1;8;;;;;;;;;
2019;engenharia-civil;Universidade de Passo Fundo;RS;301;Privada;;;251-300;11.63;251-300;5.23;188;4.46;;;501-600;1.94;;;;;;;;;
2019;engenharia-civil;Centro Universitário Mario Pontes Jucá;AL;301;Privada;;;301-350;11.33;201-250;5.64;351-400;0.83;;;251-300;4.86;;;;;;;;;
2019;engenharia-civil;Centro Universitário Facex;RN;301;Privada;;;301-350;11.01;201-250;5.51;144;5.3;;;701-800;0.2;;;;;;;;;
2019;engenharia-civil;Fip - Faculdade de Iporã Paraná;PR;301;Privada;;;251-300;11.59;401-500;3.59;;;;;1;8;;;;;;;;;
2019;engenharia-civil;Faculdade do Noroeste de Minas;MG;301;Privada;;;251-300;11.73;501-600;1.93;113;5.88;;;351-400;3.92;;;;;;;;;
2019;engenharia-civil;Universidade da Amazônia;PA;301;Privada;;;301-350;11.06;251-300;5.29;301-350;2.27;;;401-500;3.5;;;;;;;;;
2019;engenharia-civil;Universidade Ibirapuera;SP;301;Privada;;;301-350;10.91;178;6.12;;;;;251-300;4.79;;;;;;;;;
2019;engenharia-civil;Faculdade de Rondônia;RO;301;Privada;;;301-350;10.79;601-700;1.51;154;5.11;;;351-400;4.17;;;;;;;;;
2019;engenharia-civil;Faculdade Feitep;PR;301;Privada;;;301-350;11.02;201-250;5.38;351-400;1.29;;;301-350;4.35;;;;;;;;;
2019;engenharia-civil;Instituto Federal de Educação, Ciência e Tecnologia de Minas Gerais;MG;301;Federal;;;301-350;11.28;401-500;3.28;;;;;1;8;;;;;;;;;
2019;engenharia-civil;Instituto Federal de Educação, Ciência e Tecnologia Sul-Rio-Grandense;RS;301;Federal;;;301-350;11.25;401-500;3.25;;;;;1;8;;;;;;;;;
2019;engenharia-civil;Faculdade Mato Grosso do Sul;MS;301;Privada;;;301-350;11.33;401-500;2.83;201-250;3.93;;;301-350;4.57;;;;;;;;;
2019;engenharia-civil;Faculdade Ages de Lagarto;SE;301;Privada;;;251-300;11.59;401-500;3.59;;;;;1;8;;;;;;;;;
2019;engenharia-civil;Centro Universitário - Uniesp;PB;301;Privada;;;251-300;11.82;174;6.16;;;;;201-250;5.66;;;;;;;;;
2019;engenharia-civil;Faculdade de Iporá;GO;301;Privada;;;301-350;11.09;401-500;3.09;;;;;1;8;;;;;;;;;
2019;engenharia-civil;Faculdades Integradas de Araraquara;SP;301;Privada;;;251-300;11.81;101;6.94;183;4.56;;;701-800;0.31;;;;;;;;;
2019;engenharia-civil;Centro Universitário Sudoeste Paulista;SP;301;Privada;;;251-300;11.66;201-250;5.53;301-350;2.01;;;351-400;4.12;;;;;;;;;
2019;engenharia-civil;Centro Universitário do Distrito Federal;DF;301;Privada;;;301-350;11.35;98;6.97;251-300;2.57;;;501-600;1.81;;;;;;;;;
2019;engenharia-civil;Centro Universitário Unibras do Sudoeste Goiano;GO;301;Privada;;;251-300;11.59;401-500;3.59;;;;;1;8;;;;;;;;;
2019;engenharia-civil;Centro Universitário de Votuporanga;SP;351;Privada;;;351-400;9.82;301-350;4.47;251-300;3.18;;;501-600;2.17;;;;;;;;;
2019;engenharia-civil;Faculdade Doctum de Vila Velha;ES;351;Privada;;;351-400;9.57;601-700;1.57;;;;;1;8;;;;;;;;;
2019;engenharia-civil;Faculdade Unibras da Bahia;BA;351;Privada;;;351-400;10.33;501-600;2.33;;;;;1;8;;;;;;;;;
2019;engenharia-civil;Universidade de Gurupi;TO;351;Municipal;;;351-400;9.65;501-600;1.65;;;;;1;8;;;;;;;;;
2019;engenharia-civil;Faculdade Santo Antônio de Pádua;RJ;351;Privada;;;351-400;10.36;251-300;5;301-350;1.46;;;351-400;3.9;;;;;;;;;
2019;engenharia-civil;Faculdade de Tecnologia e Ciências;PE;351;Privada;;;351-400;10.45;501-600;2.45;;;;;1;8;;;;;;;;;
2019;engenharia-civil;Universidade Regional Integrada do Alto Uruguai e das Missões;RS;351;Privada;;;351-400;9.93;351-400;4.01;194;4.35;;;501-600;1.57;;;;;;;;;
2019;engenharia-civil;Centro Universitário Maurício de Nassau;PE;351;Privada;;;351-400;10.14;251-300;4.92;301-350;1.68;;;401-500;3.54;;;;;;;;;
2019;engenharia-civil;Centro Universitário Metodista Izabela Hendrix;MG;351;Privada;;;351-400;9.54;201-250;5.87;301-350;2.08;;;501-600;1.59;;;;;;;;;
2019;engenharia-civil;Centro Universitário Campos de Andrade;PR;351;Privada;;;301-350;10.49;201-250;5.49;;;;;251-300;5;;;;;;;;;
2019;engenharia-civil;Faculdade Evangélica de Goianésia;GO;351;Privada;;;301-350;10.65;401-500;2.79;165;4.9;;;401-500;2.96;;;;;;;;;
2019;engenharia-civil;Universidade do Contestado;SC;351;Privada;;;351-400;9.58;501-600;2.09;251-300;2.93;;;301-350;4.56;;;;;;;;;
2019;engenharia-civil;Centro Universitário Fanor Wyden;CE;351;Privada;;;351-400;10.26;301-350;4.81;301-350;1.76;;;351-400;3.69;;;;;;;;;
2019;engenharia-civil;Centro Universitário das Faculdades Integradas de Ourinhos;SP;351;Privada;;;351-400;9.62;351-400;4.03;;;;;201-250;5.59;;;;;;;;;
2019;engenharia-civil;Centro Universitário de Lins;SP;351;Privada;;;301-350;10.48;301-350;4.34;161;4.97;;;601-700;1.17;;;;;;;;;
2019;engenharia-civil;Faculdade Educacional de Francisco Beltrão;PR;351;Privada;;;351-400;10.06;501-600;1.74;180;4.62;;;351-400;3.7;;;;;;;;;
2019;engenharia-civil;Faculdade Multivix São Mateus;ES;351;Privada;;;301-350;10.48;501-600;2;251-300;3.1;;;201-250;5.38;;;;;;;;;
2019;engenharia-civil;Centro Universitário Brasileiro;PE;351;Privada;;;351-400;9.89;351-400;3.92;;;;;189;5.97;;;;;;;;;
2019;engenharia-civil;Instituto de Ensino Superior de Foz do Iguaçu;PR;351;Privada;;;301-350;10.74;601-700;0.63;158;5.03;;;251-300;5.08;;;;;;;;;
2019;engenharia-civil;Centro Universitário Santo Agostinho;PI;351;Privada;;;301-350;10.72;601-700;0.94;191;4.41;;;201-250;5.37;;;;;;;;;
2019;engenharia-civil;Centro Universitário da Amazônia Belém;PA;351;Privada;;;351-400;10.04;196;5.93;;;;;351-400;4.11;;;;;;;;;
2019;engenharia-civil;Centro Universitário Presidente Antônio Carlos;MG;351;Privada;;;351-400;9.96;251-300;5.21;;;;;301-350;4.75;;;;;;;;;
2019;engenharia-civil;Faculdade Anhanguera de Joinville;SC;351;Privada;;;351-400;9.65;501-600;2.35;85;6.41;;;601-700;0.89;;;;;;;;;
2019;engenharia-civil;Faculdade São Salvador;BA;351;Privada;;;351-400;9.99;501-600;1.99;;;;;1;8;;;;;;;;;
2019;engenharia-civil;Faculdade Kennedy de Belo Horizonte;MG;351;Privada;;;351-400;9.98;251-300;4.86;;;;;251-300;5.12;;;;;;;;;
2019;engenharia-civil;Faculdade da Alta Paulista;SP;351;Privada;;;351-400;10.35;88;7.08;;;;;401-500;3.27;;;;;;;;;
2019;engenharia-civil;Faculdade Ages de Senhor do Bonfim;BA;351;Privada;;;351-400;10.33;501-600;2.33;;;;;1;8;;;;;;;;;
2019;engenharia-civil;Faculdades Integradas de Fernandópolis;SP;351;Privada;;;351-400;10.4;301-350;4.44;301-350;1.63;;;301-350;4.33;;;;;;;;;
2019;engenharia-civil;Universidade Federal do Amapá;AP;351;Federal;;;351-400;10.31;501-600;2.31;;;;;1;8;;;;;;;;;
2019;engenharia-civil;Faculdade Estácio de Belém;PA;351;Privada;;;351-400;10.03;156;6.35;301-350;2.06;;;501-600;1.62;;;;;;;;;
2019;engenharia-civil;Centro Universitário de Patos de Minas;MG;351;Privada;;;351-400;10.11;501-600;2.65;149;5.2;;;501-600;2.26;;;;;;;;;
2019;engenharia-civil;Instituto de Ensino Superior Fucapi;AM;351;Privada;;;301-350;10.6;181;6.09;;;;;301-350;4.51;;;;;;;;;
2019;engenharia-civil;Centro Universitário da Amazônia;PA;351;Privada;;;351-400;9.99;201-250;5.75;;;;;301-350;4.24;;;;;;;;;
2019;engenharia-civil;Faculdade Brasil Inteligente;PA;351;Privada;;;301-350;10.57;501-600;2.57;;;;;1;8;;;;;;;;;
2019;engenharia-civil;Universidade de Vassouras;RJ;351;Privada;;;351-400;9.75;401-500;3.38;301-350;2.14;;;301-350;4.23;;;;;;;;;
2019;engenharia-civil;Centro Universitário Mário Palmério;MG;351;Privada;;;301-350;10.76;251-300;5.26;;;;;201-250;5.5;;;;;;;;;
2019;engenharia-civil;Christus Faculdade do Piauí;PI;351;Privada;;;351-400;9.99;201-250;5.48;;;;;301-350;4.51;;;;;;;;;
2019;engenharia-civil;Centro Universitário Fundação de Ensino Octávio Bastos;SP;351;Privada;;;301-350;10.68;251-300;5.19;351-400;1.21;;;301-350;4.28;;;;;;;;;
2019;engenharia-civil;Faculdade de Engenharia de Resende;RJ;351;Privada;;;301-350;10.6;189;6;201-250;3.52;;;601-700;1.08;;;;;;;;;
2019;engenharia-civil;Centro Universitário Araguaia;GO;351;Privada;;;351-400;10.09;351-400;3.98;;;;;176;6.11;;;;;;;;;
2019;engenharia-civil;Faculdade Pitágoras Instituto Camillo Filho;PI;351;Privada;;;301-350;10.47;401-500;2.84;84;6.43;;;601-700;1.2;;;;;;;;;
2019;engenharia-civil;Faculdade Cnec Rio das Ostras;RJ;351;Privada;;;351-400;9.56;199;5.9;;;;;401-500;3.66;;;;;;;;;
2019;engenharia-civil;Centro Universitário São Camilo - Espírito Santo;ES;351;Privada;;;351-400;9.61;401-500;2.91;175;4.71;;;501-600;1.99;;;;;;;;;
2019;engenharia-civil;Centro Universitário Planalto do Distrito Federal;DF;351;Privada;;;351-400;9.73;401-500;3.21;351-400;1;;;201-250;5.52;;;;;;;;;
2019;engenharia-civil;Faculdade Uninassau Lauro de Freitas;BA;351;Privada;;;351-400;9.96;171;6.19;;;;;351-400;3.77;;;;;;;;;
2019;engenharia-civil;Faculdades Oswaldo Cruz;SP;351;Privada;;;301-350;10.53;251-300;4.83;251-300;2.86;;;401-500;2.84;;;;;;;;;
2019;engenharia-civil;Centro Universitário Serra dos Órgãos;RJ;351;Privada;;;351-400;9.94;351-400;3.91;;;;;183;6.03;;;;;;;;;
2019;engenharia-civil;Centro de Ensino Unificado do Piauí;PI;351;Privada;;;351-400;10.01;501-600;1.79;251-300;3.06;;;251-300;5.16;;;;;;;;;
2019;engenharia-civil;Faculdade de Ciências Sociais Aplicadas de Extrema;MG;351;Privada;;;351-400;9.86;351-400;4.25;;;;;201-250;5.61;;;;;;;;;
2019;engenharia-civil;Centro Universitário do Planalto Central Apparecido dos Santos;DF;351;Privada;;;351-400;10.04;196;5.93;;;;;351-400;4.11;;;;;;;;;
2019;engenharia-civil;Faculdade da Região Sisaleira;BA;401;Privada;;;401-500;8.22;401-500;2.77;;;;;201-250;5.45;;;;;;;;;
2019;engenharia-civil;Faculdade Politécnica de Campinas;SP;401;Privada;;;401-500;8.52;401-500;2.99;351-400;0.89;;;301-350;4.64;;;;;;;;;
2019;engenharia-civil;Universidade Evangélica de Goiás;GO;401;Privada;;;401-500;8.74;401-500;3.1;201-250;4.03;;;501-600;1.61;;;;;;;;;
2019;engenharia-civil;Centro Universitário Municipal de Franca;SP;401;Municipal;;;401-500;8.79;201-250;5.82;;;;;401-500;2.97;;;;;;;;;
2019;engenharia-civil;Faculdade Ideal Wyden;PA;401;Privada;;;401-500;8.19;201-250;5.45;351-400;0.85;;;501-600;1.89;;;;;;;;;
2019;engenharia-civil;Centro Universitário Una de Bom Despacho;MG;401;Privada;;;401-500;8.74;501-600;1.76;201-250;3.97;;;401-500;3.01;;;;;;;;;
2019;engenharia-civil;Faculdade de Tecnologia Ftec;RS;401;Privada;;;401-500;7.82;251-300;5.1;;;;;401-500;2.72;;;;;;;;;
2019;engenharia-civil;Conservatório Brasileiro de Música;RJ;401;Privada;;;401-500;8.85;201-250;5.82;;;;;401-500;3.03;;;;;;;;;
2019;engenharia-civil;Faculdade Ibmec;MG;401;Privada;;;401-500;7.86;97;6.98;;;;;601-700;0.88;;;;;;;;;
2019;engenharia-civil;Faculdade Estácio de João Pessoa;PB;401;Privada;;;401-500;8.65;301-350;4.69;;;;;351-400;3.96;;;;;;;;;
2019;engenharia-civil;Centro Universitário de Araras;SP;401;Privada;;;401-500;9.29;201-250;5.74;401-500;0.02;;;401-500;3.53;;;;;;;;;
2019;engenharia-civil;Centro Universitário Facid Wyden;PI;401;Privada;;;401-500;7.7;401-500;3.59;;;;;351-400;4.11;;;;;;;;;
2019;engenharia-civil;Centro Universitário Padre Anchieta;SP;401;Privada;;;401-500;7.87;501-600;2.5;174;4.73;;;601-700;0.64;;;;;;;;;
2019;engenharia-civil;Centro Universitário Autônomo do Brasil;PR;401;Privada;;;401-500;9.11;251-300;4.9;;;;;351-400;4.21;;;;;;;;;
2019;engenharia-civil;Centro Universitário Ruy Barbosa Wyden;BA;401;Privada;;;401-500;9.14;165;6.26;;;;;401-500;2.88;;;;;;;;;
2019;engenharia-civil;Faculdade Estácio de Sá de Campo Grande;MS;401;Privada;;;401-500;8.36;301-350;4.39;;;;;351-400;3.97;;;;;;;;;
2019;engenharia-civil;Universidade Universus Veritas Guarulhos;SP;401;Privada;;;351-400;9.49;301-350;4.55;251-300;2.46;;;501-600;2.48;;;;;;;;;
2019;engenharia-civil;Centro Universitário Estácio do Recife;PE;401;Privada;;;401-500;8.63;351-400;3.88;301-350;1.82;;;401-500;2.93;;;;;;;;;
2019;engenharia-civil;Faculdades Integradas de Aracruz;ES;401;Privada;;;401-500;8.36;401-500;3.03;201-250;3.67;;;501-600;1.66;;;;;;;;;
2019;engenharia-civil;Centro Universitário de Patos;PB;401;Privada;;;401-500;8.56;401-500;3.59;;;;;251-300;4.97;;;;;;;;;
2019;engenharia-civil;Faculdade Pitágoras Unopar Anhanguera de Londrina;PR;401;Privada;;;401-500;8.93;501-600;2.1;186;4.5;;;501-600;2.33;;;;;;;;;
2019;engenharia-civil;Faculdade Anhanguera Pitágoras Votorantim;SP;401;Privada;;;401-500;8.8;351-400;3.87;;;;;251-300;4.93;;;;;;;;;
2019;engenharia-civil;Faculdade Esamc Campinas;SP;401;Privada;;;401-500;9.39;401-500;3.67;201-250;3.42;;;501-600;2.3;;;;;;;;;
2019;engenharia-civil;Faculdade Educacional de Medianeira;PR;401;Privada;;;401-500;7.79;401-500;3.13;;;;;301-350;4.66;;;;;;;;;
2019;engenharia-civil;Centro Universitário Atenas;MG;401;Privada;;;401-500;8.69;401-500;3.24;;;;;201-250;5.45;;;;;;;;;
2019;engenharia-civil;Universidade de Uberaba;MG;401;Privada;;;351-400;9.51;501-600;2.13;251-300;3.08;;;301-350;4.3;;;;;;;;;
2019;engenharia-civil;Faculdade do Maranhão;MA;401;Privada;;;401-500;8.19;701-800;0.19;;;;;1;8;;;;;;;;;
2019;engenharia-civil;Faculdade Una de Pouso Alegre;MG;401;Privada;;;401-500;7.98;177;6.13;;;;;501-600;1.85;;;;;;;;;
2019;engenharia-civil;Faculdade de Tecnologia de Piracicaba - Fatep;SP;401;Privada;;;401-500;8.96;351-400;3.98;;;;;251-300;4.98;;;;;;;;;
2019;engenharia-civil;Centro Universitário Funcesi;MG;401;Privada;;;351-400;9.54;185;6.05;;;;;401-500;3.49;;;;;;;;;
2019;engenharia-civil;Universidade do Planalto Catarinense;SC;401;Privada;;;401-500;7.75;601-700;1;201-250;3.76;;;401-500;2.99;;;;;;;;;
2019;engenharia-civil;Faculdade Uninassau Vitória da Conquista;BA;401;Privada;;;401-500;9.36;201-250;5.59;;;;;351-400;3.77;;;;;;;;;
2019;engenharia-civil;Faculdade Paschoal Dantas;SP;401;Privada;;;401-500;8.59;401-500;2.9;;;;;201-250;5.69;;;;;;;;;
2019;engenharia-civil;Faculdade Figueiredo Costa;AL;401;Privada;;;401-500;8.67;401-500;3.22;;;;;201-250;5.45;;;;;;;;;
2019;engenharia-civil;Centro Universitário Estácio do Ceará;CE;401;Privada;;;401-500;7.72;301-350;4.8;;;;;401-500;2.92;;;;;;;;;
2019;engenharia-civil;Faculdade Paranaense-Curitiba;PR;401;Privada;;;401-500;8.38;601-700;1.43;301-350;1.65;;;201-250;5.3;;;;;;;;;
2019;engenharia-civil;Faculdade de Integração do Sertão;PE;401;Privada;;;401-500;8.43;701-800;0.43;;;;;1;8;;;;;;;;;
2019;engenharia-civil;Centro Universitário Moura Lacerda;SP;401;Privada;;;401-500;8.67;401-500;3.39;195;4.33;;;601-700;0.95;;;;;;;;;
2019;engenharia-civil;Centro Universitário Maurício de Nassau de Maceió;AL;401;Privada;;;401-500;8.8;351-400;4.28;351-400;0.91;;;401-500;3.61;;;;;;;;;
2019;engenharia-civil;Faculdade Anhanguera de Betim;MG;401;Privada;;;401-500;8.67;501-600;1.92;200;4.24;;;501-600;2.51;;;;;;;;;
2019;engenharia-civil;Centro Universitário Uniasselvi de Guaramirim;SC;401;Privada;;;351-400;9.49;601-700;1.52;201-250;3.75;;;301-350;4.22;;;;;;;;;
2019;engenharia-civil;Instituto Tecnológico e das Ciências Sociais Aplicadas e da Saúde do Centro Educ. N. Srª Auxiliadora;RJ;401;Privada;;;351-400;9.46;171;6.19;;;;;401-500;3.27;;;;;;;;;
2019;engenharia-civil;Instituto Itapetiningano de Ensino Superior;SP;401;Privada;;;401-500;7.85;601-700;1.31;351-400;1.34;;;251-300;5.2;;;;;;;;;
2019;engenharia-civil;Centro Universitário Augusto Motta;RJ;401;Privada;;;401-500;8.82;401-500;3.64;301-350;2.18;;;401-500;3;;;;;;;;;
2019;engenharia-civil;Faculdade Uninorte;AM;401;Privada;;;401-500;9.21;201-250;5.56;;;;;401-500;3.65;;;;;;;;;
2019;engenharia-civil;Centro Universitário La Salle do Rio de Janeiro;RJ;401;Privada;;;401-500;7.7;111;6.83;;;;;601-700;0.87;;;;;;;;;
2019;engenharia-civil;Centro Universitário Salesiano de São Paulo;SP;401;Privada;;;401-500;8.67;201-250;5.71;251-300;2.35;;;601-700;0.61;;;;;;;;;
2019;engenharia-civil;Faculdade Metrocamp;SP;401;Privada;;;351-400;9.4;138;6.54;;;;;401-500;2.86;;;;;;;;;
2019;engenharia-civil;Faculdades Integradas Aparício Carvalho Vilhena;RO;401;Privada;;;401-500;8.07;701-800;0.07;;;;;1;8;;;;;;;;;
2019;engenharia-civil;Centro Universitário Unicuritiba;PR;401;Privada;;;401-500;8.59;351-400;4.14;;;;;301-350;4.45;;;;;;;;;
2019;engenharia-civil;Faculdade Promove de Sete Lagoas;MG;401;Privada;;;401-500;9.06;401-500;2.95;251-300;2.59;;;401-500;3.52;;;;;;;;;
2019;engenharia-civil;Centro Universitário Estácio de Brasília;DF;401;Privada;;;401-500;8.67;251-300;5.24;;;;;401-500;3.43;;;;;;;;;
2019;engenharia-civil;Centro Universitário Curitiba;PR;401;Privada;;;401-500;8.96;201-250;5.37;;;;;401-500;3.59;;;;;;;;;
2019;engenharia-civil;Centro de Ensino Superior de Ilhéus;BA;401;Privada;;;401-500;8.1;401-500;3.59;;;;;301-350;4.51;;;;;;;;;
2019;engenharia-civil;Centro Universitário Mais;GO;401;Privada;;;401-500;9.26;601-700;1.26;;;;;1;8;;;;;;;;;
2019;engenharia-civil;Faculdade Integrada de Londrina;PR;401;Privada;;;401-500;8.2;351-400;4.24;;;;;351-400;3.96;;;;;;;;;
2019;engenharia-civil;Instituto Federal de Educação, Ciência e Tecnologia do Norte de Minas Gerais;MG;401;Federal;;;401-500;9.38;601-700;1.38;;;;;1;8;;;;;;;;;
2019;engenharia-civil;Centro Universitário do Planalto de Araxá;MG;401;Privada;;;401-500;9.23;501-600;2.27;199;4.26;;;401-500;2.7;;;;;;;;;
2019;engenharia-civil;Faculdade Esamc Uberlândia;MG;401;Privada;;;401-500;7.7;351-400;4.21;251-300;3.12;;;701-800;0.37;;;;;;;;;
2019;engenharia-civil;Faculdade de Ciências e Saúde Edufor;MA;401;Privada;;;401-500;8.16;701-800;0.16;;;;;1;8;;;;;;;;;
2019;engenharia-civil;Centro Universitário de Santa Fé do Sul;SP;401;Municipal;;;401-500;8.5;501-600;1.84;351-400;1.17;;;201-250;5.49;;;;;;;;;
2019;engenharia-civil;Universidade de Cruz Alta;RS;401;Privada;;;401-500;7.96;301-350;4.64;;;;;401-500;3.32;;;;;;;;;
2019;engenharia-civil;Faculdade Doctum de João Monlevade;MG;401;Privada;;;401-500;8.73;601-700;0.73;;;;;1;8;;;;;;;;;
2019;engenharia-civil;Centro Universitário da Serra Gaúcha;RS;401;Privada;;;401-500;9.23;501-600;2.53;88;6.36;;;701-800;0.34;;;;;;;;;
2019;engenharia-civil;Centro Universitário Metodista;RS;401;Privada;;;401-500;8.93;401-500;3.62;150;5.18;;;701-800;0.13;;;;;;;;;
2019;engenharia-civil;Centro Universitário Maurício de Nassau de Teresina;PI;401;Privada;;;401-500;8.2;201-250;5.43;;;;;401-500;2.77;;;;;;;;;
2019;engenharia-civil;Faculdades Unificadas de Cataguases;MG;401;Privada;;;401-500;8.72;601-700;0.72;;;;;1;8;;;;;;;;;
2019;engenharia-civil;Instituto Politécnico Doctum de Guarapari;ES;401;Privada;;;401-500;9.07;601-700;1.07;;;;;1;8;;;;;;;;;
2019;engenharia-civil;Faculdade Cnec Unaí;MG;401;Privada;;;401-500;7.96;501-600;2.6;;;;;201-250;5.36;;;;;;;;;
2019;engenharia-civil;Ipog - Instituto de Pós-graduação & Graduação;GO;401;Privada;;;401-500;9.14;201-250;5.78;;;;;401-500;3.36;;;;;;;;;
2019;engenharia-civil;Centro Universitário Uniasselvi de Brusque;SC;401;Privada;;;401-500;8.94;601-700;1.63;201-250;3.31;;;351-400;4;;;;;;;;;
2019;engenharia-civil;Faculdade Anhanguera de Uberlândia;MG;401;Privada;;;401-500;7.78;501-600;2.52;251-300;2.76;;;501-600;2.5;;;;;;;;;
2019;engenharia-civil;Centro Universitário Uniasselvi de Blumenau ;SC;401;Privada;;;401-500;8.1;401-500;3.7;;;;;301-350;4.4;;;;;;;;;
2019;engenharia-civil;Universidade do Estado de Minas Gerais;MG;401;Estadual;;;401-500;8.15;601-700;1.54;251-300;2.99;;;401-500;3.62;;;;;;;;;
2019;engenharia-civil;Centro Universitário do Rio de Janeiro;RJ;401;Privada;;;401-500;9.15;251-300;4.89;401-500;0.23;;;351-400;4.03;;;;;;;;;
2019;engenharia-civil;Faculdade Lusófona de São Paulo;SP;401;Privada;;;351-400;9.42;351-400;4.18;251-300;2.63;;;401-500;2.61;;;;;;;;;
2019;engenharia-civil;Centro Universitário Maurício de Nassau de Paranáiba;PI;401;Privada;;;401-500;8.51;301-350;4.72;;;;;351-400;3.79;;;;;;;;;
2019;engenharia-civil;Faculdade Verde Norte;MG;401;Privada;;;401-500;8.59;701-800;0.29;401-500;0.3;;;1;8;;;;;;;;;
2019;engenharia-civil;Faculdade Guarapuava;PR;401;Privada;;;401-500;7.84;601-700;0.98;251-300;2.97;;;351-400;3.89;;;;;;;;;
2019;engenharia-civil;Centro Universitário Ibmr;RJ;401;Privada;;;401-500;8.54;147;6.45;;;;;501-600;2.09;;;;;;;;;
2019;engenharia-civil;Universidade de Araraquara;SP;401;Privada;;;401-500;8.4;301-350;4.41;301-350;1.87;;;501-600;2.12;;;;;;;;;
2019;engenharia-civil;Faculdade Ages de Jacobina;BA;401;Privada;;;401-500;8.78;601-700;0.78;;;;;1;8;;;;;;;;;
2019;engenharia-civil;Faculdade Anhanguera Unidade Paragominas;PA;401;Privada;;;401-500;8.53;701-800;0.53;;;;;1;8;;;;;;;;;
2019;engenharia-civil;Instituto Federal de Educação, Ciência e Tecnologia da Paraíba;PB;401;Federal;;;401-500;9.07;401-500;3.27;;;;;201-250;5.8;;;;;;;;;
2019;engenharia-civil;Centro Universitário União das Américas Descomplica;PR;401;Privada;;;401-500;8.27;401-500;2.95;;;;;201-250;5.32;;;;;;;;;
2019;engenharia-civil;Centro Universitário Maurício de Nassau de Fortaleza;CE;401;Privada;;;401-500;8.82;251-300;5.31;;;;;401-500;3.51;;;;;;;;;
2019;engenharia-civil;Centro Universitário de Ciências e Empreendedorismo;BA;401;Privada;;;401-500;8.79;401-500;3.66;;;;;251-300;5.13;;;;;;;;;
2019;engenharia-civil;Centro Universitário Unisep;PR;401;Privada;;;401-500;7.93;301-350;4.66;;;;;401-500;3.27;;;;;;;;;
2019;engenharia-civil;Centro Universitário de Ciências e Tecnologia do Maranhão;MA;401;Privada;;;401-500;8.91;601-700;0.91;251-300;3.27;;;301-350;4.73;;;;;;;;;
2019;engenharia-civil;Centro Universitário São Lucas;RO;401;Privada;;;401-500;9.26;601-700;1.26;;;;;1;8;;;;;;;;;
2019;engenharia-civil;Faculdade de Tecnologia Alto Médio São Francisco;MG;401;Privada;;;401-500;9.07;301-350;4.56;;;;;301-350;4.51;;;;;;;;;
2019;engenharia-civil;Faculdade Doctum de Ipatinga;MG;401;Privada;;;401-500;8.04;701-800;0.04;;;;;1;8;;;;;;;;;
2019;engenharia-civil;Centro Universitário Funorte;MG;401;Privada;;;401-500;9.18;401-500;3.59;301-350;1.95;;;401-500;3.64;;;;;;;;;
2019;engenharia-civil;Centro Universitário Fundação Santo André;SP;401;Privada;;;401-500;8.67;175;6.15;301-350;2.1;;;701-800;0.42;;;;;;;;;
2019;engenharia-civil;Centro Universitário de Brusque;SC;401;Privada;;;401-500;9.26;601-700;1.6;201-250;3.39;;;301-350;4.27;;;;;;;;;
2019;engenharia-civil;Escola Superior de Tecnologia e Educação de Rio Claro;SP;401;Privada;;;351-400;9.48;251-300;5.17;401-500;0.06;;;301-350;4.25;;;;;;;;;
2019;engenharia-civil;Centro Universitário Estácio de Sergipe;SE;401;Privada;;;401-500;8.25;301-350;4.54;;;;;351-400;3.71;;;;;;;;;
2019;engenharia-civil;Centro Universitário de Excelência Eniac;SP;401;Privada;;;401-500;9.02;301-350;4.61;;;;;301-350;4.41;;;;;;;;;
2019;engenharia-civil;Faculdade Cesumar de Ponta Grossa;PR;401;Privada;;;401-500;9.28;351-400;4.23;;;;;251-300;5.05;;;;;;;;;
2019;engenharia-civil;Faculdade Internacional da Paraíba;PB;401;Privada;;;401-500;8.64;351-400;4.08;301-350;1.74;;;401-500;2.82;;;;;;;;;
2019;engenharia-civil;Faculdade Una de Sete Lagoas;MG;501;Privada;;;501-600;7.47;401-500;3.59;;;;;351-400;3.88;;;;;;;;;
2019;engenharia-civil;Faculdade Estácio de Castanhal;PA;501;Privada;;;501-600;6.16;401-500;2.71;;;;;401-500;3.45;;;;;;;;;
2019;engenharia-civil;Centro Universitário Anhangüera;SP;501;Privada;;;501-600;6.96;401-500;3.34;301-350;1.78;;;501-600;1.84;;;;;;;;;
2019;engenharia-civil;Faculdade Esamc Sorocaba;SP;501;Privada;;;501-600;6.68;501-600;2.64;301-350;1.93;;;501-600;2.11;;;;;;;;;
2019;engenharia-civil;Centro Universitário do Piauí;PI;501;Privada;;;501-600;6.54;601-700;0.89;;;;;201-250;5.65;;;;;;;;;
2019;engenharia-civil;Escola de Engenharia;MG;501;Privada;;;401-500;7.59;59;7.38;;;;;701-800;0.21;;;;;;;;;
2019;engenharia-civil;Centro Universitário Maurício de Nassau de Aracaju;SE;501;Privada;;;401-500;7.68;351-400;4.19;;;;;401-500;3.49;;;;;;;;;
2019;engenharia-civil;Centro Universitário Braz Cubas;SP;501;Privada;;;501-600;7.03;251-300;4.93;351-400;0.57;;;501-600;1.53;;;;;;;;;
2019;engenharia-civil;Centro Universitário Maurício de Nassau de São Luís;MA;501;Privada;;;501-600;6.24;401-500;3.12;;;;;401-500;3.12;;;;;;;;;
2019;engenharia-civil;Centro Universitário do Norte de São Paulo;SP;501;Privada;;;501-600;5.99;601-700;1.48;401-500;0.19;;;301-350;4.32;;;;;;;;;
2019;engenharia-civil;Faculdade Santa Rita de Cássia;GO;501;Privada;;;501-600;7.57;501-600;2.45;;;;;251-300;5.12;;;;;;;;;
2019;engenharia-civil;Faculdade Estácio de Sá de Ourinhos;SP;501;Privada;;;501-600;7.06;401-500;3.01;;;;;351-400;4.05;;;;;;;;;
2019;engenharia-civil;Centro Universitário Estácio de Belo Horizonte;MG;501;Privada;;;501-600;6.31;351-400;4.04;;;;;501-600;2.27;;;;;;;;;
2019;engenharia-civil;Universidade Salgado de Oliveira;RJ;501;Privada;;;501-600;6.13;401-500;3.29;351-400;0.78;;;501-600;2.06;;;;;;;;;
2019;engenharia-civil;Centro Universitário Maurício de Nassau de Salvador;BA;501;Privada;;;501-600;5.49;351-400;3.89;;;;;501-600;1.6;;;;;;;;;
2019;engenharia-civil;Faculdade Cnec Farroupilha;RS;501;Privada;;;501-600;7.3;301-350;4.43;;;;;401-500;2.87;;;;;;;;;
2019;engenharia-civil;Faculdade Anhanguera de Ipatinga;MG;501;Privada;;;501-600;5.66;601-700;1.15;301-350;2.23;;;501-600;2.28;;;;;;;;;
2019;engenharia-civil;Faculdade Sinergia;SC;501;Privada;;;501-600;6.73;201-250;5.68;;;;;601-700;1.05;;;;;;;;;
2019;engenharia-civil;Libertas - Faculdades Integradas;MG;501;Privada;;;501-600;5.78;401-500;3.59;;;;;501-600;2.19;;;;;;;;;
2019;engenharia-civil;Centro Universitário Maurício de Nassau de Caruaru;PE;501;Privada;;;501-600;5.82;401-500;2.75;;;;;401-500;3.07;;;;;;;;;
2019;engenharia-civil;Instituto de Ensino Superior de Cuiabá;MT;501;Privada;;;501-600;5.51;601-700;1.08;401-500;0.27;;;351-400;4.16;;;;;;;;;
2019;engenharia-civil;Faculdade Presidente Antônio Carlos de Teófilo Otoni;MG;501;Privada;;;501-600;5.92;701-800;0.52;351-400;1.06;;;301-350;4.34;;;;;;;;;
2019;engenharia-civil;Faculdade Anhanguera de Divinópolis;MG;501;Privada;;;401-500;7.64;501-600;2.51;251-300;2.67;;;501-600;2.46;;;;;;;;;
2019;engenharia-civil;Instituto Luterano de Ensino Superior de Itumbiara;GO;501;Privada;;;501-600;5.97;601-700;0.58;;;;;201-250;5.39;;;;;;;;;
2019;engenharia-civil;Centro Universitário de Pato Branco;PR;501;Privada;;;501-600;6.83;601-700;1.3;;;;;201-250;5.53;;;;;;;;;
2019;engenharia-civil;Faculdade Presidente Antônio Carlos de Conselheiro Lafaiete;MG;501;Privada;;;501-600;5.47;401-500;3.37;;;;;501-600;2.1;;;;;;;;;
2019;engenharia-civil;Centro Universitário Estácio de São Paulo;SP;501;Privada;;;501-600;7.36;201-250;5.73;401-500;0.42;;;601-700;1.21;;;;;;;;;
2019;engenharia-civil;Faculdade de Informática de Ouro Preto do Oeste;RO;501;Privada;;;501-600;7.11;501-600;2.58;;;;;301-350;4.53;;;;;;;;;
2019;engenharia-civil;Universidade Alto Vale do Rio do Peixe;SC;501;Privada;;;501-600;7.44;601-700;1.17;351-400;1.02;;;251-300;5.25;;;;;;;;;
2019;engenharia-civil;Centro Universitário de Jaguariúna;SP;501;Privada;;;501-600;7.54;501-600;1.9;155;5.09;;;601-700;0.55;;;;;;;;;
2019;engenharia-civil;Faculdade Estácio de Cotia;SP;501;Privada;;;501-600;5.47;401-500;3.74;;;;;501-600;1.73;;;;;;;;;
2019;engenharia-civil;Centro Universitário Maurício de Nassau de Cacoal;RO;501;Privada;;;501-600;6.1;601-700;0.65;;;;;201-250;5.45;;;;;;;;;
2019;engenharia-civil;Faculdade Unisul de Florianópolis;SC;501;Privada;;;501-600;7.04;200;5.89;;;;;601-700;1.15;;;;;;;;;
2019;engenharia-civil;Centro Universitário de Itapira;SP;501;Privada;;;501-600;5.85;501-600;2.47;;;;;401-500;3.38;;;;;;;;;
2019;engenharia-civil;Centro Universitário Unifacear;PR;501;Privada;;;501-600;7.38;401-500;3.23;201-250;3.65;;;601-700;0.5;;;;;;;;;
2019;engenharia-civil;Faculdade Anhanguera de Guarulhos;SP;501;Privada;;;501-600;5.95;501-600;1.89;;;;;351-400;4.06;;;;;;;;;
2019;engenharia-civil;Faculdade Dom Pedro II de Sergipe;SE;501;Privada;;;501-600;5.94;601-700;0.7;;;;;251-300;5.24;;;;;;;;;
2019;engenharia-civil;Faculdade Presidente Antônio Carlos de Ubá;MG;501;Privada;;;501-600;6.6;601-700;0.84;201-250;4.22;;;501-600;1.54;;;;;;;;;
2019;engenharia-civil;Centro Universitário Estácio da Bahia;BA;501;Privada;;;501-600;6.16;401-500;3.32;351-400;0.62;;;501-600;2.22;;;;;;;;;
2019;engenharia-civil;Instituto Universitário Una de Catalão;GO;501;Privada;;;501-600;6.67;501-600;2.66;;;;;351-400;4.01;;;;;;;;;
2019;engenharia-civil;Faculdade Hélio Rocha;BA;501;Privada;;;501-600;5.83;601-700;1.09;;;;;301-350;4.74;;;;;;;;;
2019;engenharia-civil;Faculdade Sudoeste Paulista - Tatuí - Fsp;SP;501;Privada;;;501-600;7.43;301-350;4.69;;;;;401-500;2.74;;;;;;;;;
2019;engenharia-civil;Faculdade Anhanguera de Linhares;ES;501;Privada;;;501-600;6.27;601-700;1.37;301-350;1.49;;;401-500;3.41;;;;;;;;;
2019;engenharia-civil;Centro Universitário de Rio Preto;SP;501;Privada;;;501-600;5.77;351-400;3.86;351-400;1.32;;;601-700;0.59;;;;;;;;;
2019;engenharia-civil;Faculdade Metropolitana de Rio do Sul;SC;501;Privada;;;501-600;7.51;501-600;2.01;351-400;1.08;;;301-350;4.42;;;;;;;;;
2019;engenharia-civil;Faculdade Cnec Capitão Lemos Cunha;RJ;501;Privada;;;501-600;5.97;251-300;4.94;;;;;601-700;1.03;;;;;;;;;
2019;engenharia-civil;Faculdade de Direito de Alta Floresta;MT;501;Privada;;;501-600;5.52;501-600;1.67;;;;;351-400;3.85;;;;;;;;;
2019;engenharia-civil;Centro Universitário Campo Real;PR;501;Privada;;;501-600;6.31;601-700;1.36;;;;;251-300;4.95;;;;;;;;;
2019;engenharia-civil;Faculdade de Tecnologia Ftec de Porto Alegre;RS;501;Privada;;;501-600;7.22;401-500;2.74;192;4.39;;;701-800;0.09;;;;;;;;;
2019;engenharia-civil;Instituto de Ensino Superior de Teresina;PI;501;Privada;;;501-600;6.5;501-600;1.99;;;;;301-350;4.51;;;;;;;;;
2019;engenharia-civil;Faculdade Cnec Itajaí;SC;501;Privada;;;501-600;6.85;301-350;4.53;;;;;501-600;2.32;;;;;;;;;
2019;engenharia-civil;Faculdade do Sul da Bahia;BA;501;Privada;;;501-600;5.78;701-800;0.34;251-300;2.82;;;401-500;2.62;;;;;;;;;
2019;engenharia-civil;Universidade Iguaçu;RJ;501;Privada;;;501-600;7.37;501-600;2.3;401-500;0.36;;;301-350;4.71;;;;;;;;;
2019;engenharia-civil;Centro Universitário Presidente Tancredo de Almeida Neves;MG;501;Privada;;;501-600;6.39;351-400;3.98;;;;;501-600;2.41;;;;;;;;;
2019;engenharia-civil;Faculdade do Recife;PE;501;Privada;;;501-600;7.14;401-500;2.77;;;;;301-350;4.37;;;;;;;;;
2019;engenharia-civil;Centro Universitário Maurício de Nassau Teresina Sul;PI;501;Privada;;;501-600;7.53;201-250;5.8;;;;;501-600;1.73;;;;;;;;;
2019;engenharia-civil;Faculdades Integradas Vianna Júnior;MG;501;Privada;;;501-600;6.73;201-250;5.68;;;;;601-700;1.05;;;;;;;;;
2019;engenharia-civil;Faculdades João Paulo II - Campus Porto Alegre;RS;501;Privada;;;501-600;6.19;171;6.19;;;;;;;;;;;;;;;
2019;engenharia-civil;Centro Universitário Univinte;SC;501;Privada;;;501-600;6.84;301-350;4.75;;;;;501-600;2.09;;;;;;;;;
2019;engenharia-civil;Faculdade de Ensino de Minas Gerais;MG;501;Privada;;;501-600;5.85;601-700;0.66;;;;;251-300;5.19;;;;;;;;;
2019;engenharia-civil;Universidade Paranaense;PR;501;Privada;;;501-600;7.06;601-700;1.14;138;5.41;;;601-700;0.51;;;;;;;;;
2019;engenharia-civil;Faculdade Anhanguera de Maceió;AL;501;Privada;;;501-600;5.67;401-500;2.87;401-500;0.44;;;501-600;2.36;;;;;;;;;
2019;engenharia-civil;Escola Superior Batista do Amazonas;AM;501;Privada;;;501-600;5.49;601-700;0.89;;;;;301-350;4.6;;;;;;;;;
2019;engenharia-civil;Centro Universitário Faema;RO;501;Privada;;;501-600;7.38;501-600;1.8;;;;;201-250;5.58;;;;;;;;;
2019;engenharia-civil;Faculdade de Americana;SP;501;Privada;;;501-600;6.16;201-250;5.68;;;;;601-700;0.48;;;;;;;;;
2019;engenharia-civil;Faculdade dos Guararapes;PE;501;Privada;;;501-600;6.12;301-350;4.61;;;;;601-700;1.51;;;;;;;;;
2019;engenharia-civil;Centro Universitário Anhanguera de Marabá;PA;501;Privada;;;501-600;6.04;601-700;1.28;401-500;0.38;;;301-350;4.38;;;;;;;;;
2019;engenharia-civil;Centro Universitário de Formiga;MG;501;Privada;;;501-600;6.21;501-600;2.41;201-250;3.63;;;701-800;0.17;;;;;;;;;
2019;engenharia-civil;Faculdade Católica Paulista;SP;501;Privada;;;501-600;5.78;501-600;1.94;;;;;351-400;3.84;;;;;;;;;
2019;engenharia-civil;Instituto Superior de Educação Ibituruna;MG;501;Privada;;;501-600;7.1;501-600;1.75;;;;;201-250;5.35;;;;;;;;;
2019;engenharia-civil;Faculdade Anhanguera de Porto Alegre;RS;501;Privada;;;501-600;5.93;201-250;5.54;;;;;701-800;0.39;;;;;;;;;
2019;engenharia-civil;Centro Universitário do Norte;AM;501;Privada;;;501-600;5.75;351-400;4.11;351-400;0.68;;;601-700;0.96;;;;;;;;;
2019;engenharia-civil;Centro Universitário da Fundação Educacional Guaxupé;MG;501;Privada;;;501-600;6.25;401-500;2.92;351-400;1.12;;;501-600;2.21;;;;;;;;;
2019;engenharia-civil;Faculdade Unesc-Unama;RO;501;Privada;;;501-600;7.19;501-600;1.66;201-250;4.05;;;601-700;1.48;;;;;;;;;
2019;engenharia-civil;Faculdade Anhanguera de Macapá;AP;501;Privada;;;501-600;6.38;701-800;0.48;;;;;195;5.9;;;;;;;;;
2019;engenharia-civil;Centro Universitário Fasipe;MT;501;Privada;;;501-600;6.49;501-600;2.2;;;;;301-350;4.29;;;;;;;;;
2019;engenharia-civil;Centro Universitário Estácio Juiz de Fora;MG;501;Privada;;;501-600;6.84;351-400;4.2;;;;;401-500;2.64;;;;;;;;;
2019;engenharia-civil;Universidade de Sorocaba;SP;501;Privada;;;501-600;6.95;301-350;4.7;301-350;1.89;;;701-800;0.36;;;;;;;;;
2019;engenharia-civil;Centro Universitário Leonardo da Vinci;SC;501;Privada;;;501-600;6.74;401-500;3.18;;;;;401-500;3.56;;;;;;;;;
2019;engenharia-civil;Centro Universitário Barriga Verde;SC;501;Privada;;;501-600;7.26;601-700;1.55;251-300;2.52;;;401-500;3.19;;;;;;;;;
2019;engenharia-civil;Faculdade Anhanguera de Ponta Grossa;PR;501;Privada;;;501-600;5.36;501-600;2.07;;;;;401-500;3.29;;;;;;;;;
2019;engenharia-civil;Instituto de Ensino Superior Planalto;DF;501;Privada;;;501-600;6.05;401-500;2.96;301-350;2.31;;;601-700;0.78;;;;;;;;;
2019;engenharia-civil;Faculdade Anhanguera de Rio Claro;SP;501;Privada;;;501-600;6.86;401-500;3.59;;;;;401-500;3.27;;;;;;;;;
2019;engenharia-civil;Centro Universitário Unifateb;PR;501;Privada;;;501-600;7.16;501-600;2.03;201-250;3.9;;;601-700;1.23;;;;;;;;;
2019;engenharia-civil;Universidade Anhanguera;MS;501;Privada;;;501-600;5.78;501-600;1.91;351-400;1.27;;;401-500;2.6;;;;;;;;;
2019;engenharia-civil;Centro Universitário para o Desenvolvimento do Alto Vale do Itajaí;SC;501;Privada;;;501-600;6.03;601-700;1.2;182;4.58;;;701-800;0.25;;;;;;;;;
2019;engenharia-civil;Faculdade Anhanguera de Belo Horizonte;MG;501;Privada;;;501-600;5.44;501-600;2.61;301-350;1.7;;;601-700;1.13;;;;;;;;;
2019;engenharia-civil;Centro Universitário Metropolitano de Maringá;PR;501;Privada;;;501-600;6.25;201-250;5.48;;;;;601-700;0.77;;;;;;;;;
2019;engenharia-civil;Centro Universitário dos Guararapes;PE;501;Privada;;;501-600;6.32;401-500;3.75;301-350;1.48;;;601-700;1.09;;;;;;;;;
2019;engenharia-civil;Faculdade Evangélica de Jaraguá;GO;501;Privada;;;501-600;5.64;401-500;3.06;;;;;501-600;2.58;;;;;;;;;
2019;engenharia-civil;Faculdade Madre Thais;BA;501;Privada;;;501-600;5.72;501-600;2.55;;;;;401-500;3.17;;;;;;;;;
2019;engenharia-civil;Faculdade Empresarial de Chapecó;SC;501;Privada;;;501-600;6.9;601-700;1.46;251-300;2.78;;;401-500;2.66;;;;;;;;;
2019;engenharia-civil;Centro Universitário Alves Faria;GO;501;Privada;;;501-600;5.82;601-700;0.71;190;4.43;;;601-700;0.68;;;;;;;;;
2019;engenharia-civil;Centro Universitário Fametro;CE;501;Privada;;;501-600;6.58;351-400;4.13;;;;;501-600;2.45;;;;;;;;;
2019;engenharia-civil;Centro Universitário do Triângulo;MG;501;Privada;;;501-600;6.06;401-500;3.16;351-400;0.76;;;501-600;2.14;;;;;;;;;
2019;engenharia-civil;Centro Universitário Módulo;SP;501;Privada;;;501-600;7.37;501-600;2.49;;;;;251-300;4.88;;;;;;;;;
2019;engenharia-civil;Faculdade de Filosofia Ciências e Letras de Ituverava;SP;501;Privada;;;501-600;5.65;301-350;4.46;;;;;601-700;1.19;;;;;;;;;
2019;engenharia-civil;Faculdade Flórida;SP;501;Privada;;;501-600;6.24;251-300;5.14;;;;;601-700;1.1;;;;;;;;;
2019;engenharia-civil;Centro Universitário da Fundação Educacional de Barretos;SP;501;Privada;;;501-600;6.06;401-500;3.6;351-400;1.04;;;601-700;1.42;;;;;;;;;
2019;engenharia-civil;Centro Universitário Uni-ban;SP;501;Privada;;;501-600;7.34;351-400;4.1;401-500;0.11;;;401-500;3.13;;;;;;;;;
2019;engenharia-civil;Faculdade Gran Tietê;SP;601;Privada;;;601-700;4.33;501-600;2.59;;;;;501-600;1.74;;;;;;;;;
2019;engenharia-civil;Centro Universitário Unihorizontes;MG;601;Privada;;;601-700;3.25;601-700;1.5;;;;;501-600;1.75;;;;;;;;;
2019;engenharia-civil;Faculdade Cidade de Patos de Minas;MG;601;Privada;;;601-700;3.76;701-800;0.28;351-400;0.53;;;401-500;2.95;;;;;;;;;
2019;engenharia-civil;Faculdade de Educação de Porto Velho;RO;601;Privada;;;601-700;4.29;501-600;1.73;;;;;501-600;2.56;;;;;;;;;
2019;engenharia-civil;Faculdade Metodista Granbery;MG;601;Privada;;;601-700;5.32;251-300;5.1;;;;;701-800;0.22;;;;;;;;;
2019;engenharia-civil;Faculdade Anhanguera Pitágoras de Jundiaí;SP;601;Privada;;;601-700;4.36;401-500;2.88;351-400;0.47;;;601-700;1.01;;;;;;;;;
2019;engenharia-civil;Centro Universitário Avantis;SC;601;Privada;;;601-700;5.03;401-500;2.72;;;;;501-600;2.31;;;;;;;;;
2019;engenharia-civil;Faculdades Integradas dos Campos Gerais;PR;601;Privada;;;601-700;5.35;601-700;0.69;201-250;4.14;;;601-700;0.52;;;;;;;;;
2019;engenharia-civil;Faculdade Anhanguera de Campinas;SP;601;Privada;;;601-700;3.6;601-700;0.75;;;;;401-500;2.85;;;;;;;;;
2019;engenharia-civil;Faculdade Vale do Gorutuba;MG;601;Privada;;;601-700;5.2;501-600;1.86;301-350;1.51;;;501-600;1.83;;;;;;;;;
2019;engenharia-civil;Faculdade Unibrasília de Minas Gerais;MG;601;Privada;;;601-700;2.89;601-700;0.97;401-500;0.28;;;501-600;1.64;;;;;;;;;
2019;engenharia-civil;Cisne - Faculdade de Quixadá;CE;601;Privada;;;601-700;4.98;701-800;0.37;;;;;301-350;4.61;;;;;;;;;
2019;engenharia-civil;Faculdade Anhanguera de Brasília;DF;601;Privada;;;601-700;4.36;401-500;3.59;;;;;601-700;0.77;;;;;;;;;
2019;engenharia-civil;Centro Universitário de Barra Mansa;RJ;601;Privada;;;601-700;3.28;601-700;1.58;351-400;0.87;;;601-700;0.83;;;;;;;;;
2019;engenharia-civil;Faculdade Finom de Patos de Minas;MG;601;Privada;;;601-700;4.91;601-700;1.24;301-350;2.33;;;601-700;1.34;;;;;;;;;
2019;engenharia-civil;Centro Universitário Paraíso;CE;601;Privada;;;601-700;2.83;501-600;2.14;;;;;601-700;0.69;;;;;;;;;
2019;engenharia-civil;Faculdade Estácio do Amapá;AP;601;Privada;;;601-700;4.08;601-700;1.59;;;;;501-600;2.49;;;;;;;;;
2019;engenharia-civil;Faculdade Anhanguera de São Luiz;MA;601;Privada;;;601-700;4.21;601-700;1.18;351-400;1.1;;;501-600;1.93;;;;;;;;;
2019;engenharia-civil;Instituto Paraibano de Ensino Renovado;PB;601;Privada;;;601-700;3.12;401-500;2.82;;;;;701-800;0.3;;;;;;;;;
2019;engenharia-civil;Centro Universitário Una de Contagem;MG;601;Privada;;;601-700;5.1;501-600;2.37;;;;;401-500;2.73;;;;;;;;;
2019;engenharia-civil;Faculdade Anhanguera de São José;SP;601;Privada;;;601-700;4.1;501-600;1.77;351-400;0.55;;;501-600;1.78;;;;;;;;;
2019;engenharia-civil;Faculdade Santo Agostinho de Vitória da Conquista;BA;601;Privada;;;601-700;3.77;401-500;3.17;;;;;601-700;0.6;;;;;;;;;
2019;engenharia-civil;Universidade Cândido Mendes;RJ;601;Privada;;;601-700;4.81;401-500;3.33;351-400;1.15;;;701-800;0.33;;;;;;;;;
2019;engenharia-civil;Centro Universitário Tiradentes de Pernambuco;PE;601;Privada;;;601-700;3.14;401-500;2.98;;;;;701-800;0.16;;;;;;;;;
2019;engenharia-civil;Faculdade Pinhalzinho;SC;601;Privada;;;601-700;3.67;501-600;2.28;;;;;601-700;1.39;;;;;;;;;
2019;engenharia-civil;Centro Universitário de Desenvolvimento do Centro-Oeste;GO;601;Privada;;;601-700;3.88;601-700;1.16;;;;;401-500;2.72;;;;;;;;;
2019;engenharia-civil;Faculdade Anhanguera de Itabuna;BA;601;Privada;;;601-700;2.82;601-700;0.96;;;;;501-600;1.86;;;;;;;;;
2019;engenharia-civil;Faculdade de Santo André;SP;601;Privada;;;601-700;5.33;401-500;2.7;;;;;401-500;2.63;;;;;;;;;
2019;engenharia-civil;Universidade Nilton Lins;AM;601;Privada;;;601-700;4.18;501-600;2.23;351-400;0.49;;;601-700;1.46;;;;;;;;;
2019;engenharia-civil;Faculdade Una de Catalão;GO;601;Privada;;;601-700;3.36;701-800;0.31;;;;;401-500;3.05;;;;;;;;;
2019;engenharia-civil;Faculdade Anhanguera de Feira de Santana;BA;601;Privada;;;601-700;4.26;501-600;2.68;;;;;501-600;1.58;;;;;;;;;
2019;engenharia-civil;Centro Universitário U:verse;AC;601;Privada;;;601-700;3.61;701-800;0.17;;;;;401-500;3.44;;;;;;;;;
2019;engenharia-civil;Centro Universitário Vértice;MG;601;Privada;;;601-700;2.6;701-800;0.51;351-400;1.36;;;601-700;0.73;;;;;;;;;
2019;engenharia-civil;Faculdade Estácio de Carapicuíba;SP;601;Privada;;;601-700;2.85;601-700;1.32;401-500;0.04;;;601-700;1.49;;;;;;;;;
2019;engenharia-civil;Faculdade Fasipe Cuiabá;MT;601;Privada;;;601-700;4.28;601-700;1.39;;;;;401-500;2.89;;;;;;;;;
2019;engenharia-civil;Faculdade Anhanguera de Anápolis;GO;601;Privada;;;601-700;3.4;601-700;0.62;;;;;401-500;2.78;;;;;;;;;
2019;engenharia-civil;Centro Universitário Santa Maria;PB;601;Privada;;;601-700;5.1;601-700;1.23;;;;;351-400;3.87;;;;;;;;;
2019;engenharia-civil;Faculdade do Centro Leste - Cariacica;ES;601;Privada;;;601-700;3.71;401-500;3.59;;;;;701-800;0.12;;;;;;;;;
2019;engenharia-civil;Faculdade Novo Milênio;ES;601;Privada;;;601-700;3.88;601-700;0.85;351-400;0.59;;;501-600;2.44;;;;;;;;;
2019;engenharia-civil;Centro Universitário Anhanguera Pitágoras Unopar de Niterói;RJ;601;Privada;;;601-700;4.14;601-700;1.41;351-400;0.66;;;501-600;2.07;;;;;;;;;
2019;engenharia-civil;Faculdade Alis de Itabirito;MG;601;Privada;;;601-700;3.59;401-500;3.59;;;;;;;;;;;;;;;
2019;engenharia-civil;Faculdade Anhanguera Unime de Salvador;BA;601;Privada;;;601-700;3.47;501-600;1.68;;;;;501-600;1.79;;;;;;;;;
2019;engenharia-civil;Centro Universitário Campo Limpo Paulista;SP;601;Privada;;;601-700;4.4;601-700;0.82;401-500;0.25;;;401-500;3.33;;;;;;;;;
2019;engenharia-civil;Faculdade de Estudos Superiores de Minas Gerais;MG;601;Privada;;;601-700;3.08;401-500;2.81;;;;;701-800;0.27;;;;;;;;;
2019;engenharia-civil;Centro Universitário Anhanguera de São Paulo;SP;601;Privada;;;601-700;3.27;601-700;1.21;351-400;0.81;;;601-700;1.25;;;;;;;;;
2019;engenharia-civil;Faculdade Concórdia;SC;601;Privada;;;601-700;3.11;701-800;0.13;;;;;401-500;2.98;;;;;;;;;
2019;engenharia-civil;Centro Universitário das Faculdades Associadas de Ensino;SP;601;Municipal;;;601-700;4.95;501-600;2.16;;;;;401-500;2.79;;;;;;;;;
2019;engenharia-civil;Universidade Anhanguera de São Paulo;SP;601;Privada;;;601-700;3.9;501-600;2.02;351-400;0.45;;;601-700;1.43;;;;;;;;;
2019;engenharia-civil;Faculdade Anhanguera de Rondonópolis;MT;601;Privada;;;601-700;5.15;501-600;1.83;401-500;0.21;;;401-500;3.11;;;;;;;;;
2019;engenharia-civil;Instituto de Ensino Superior e Formação Avançada de Vitória;ES;601;Privada;;;601-700;3.82;701-800;0.47;;;;;401-500;3.35;;;;;;;;;
2019;engenharia-civil;Faculdade Anhanguera de Itapecerica da Serra;SP;601;Privada;;;601-700;4.34;601-700;1.07;;;;;401-500;3.27;;;;;;;;;
2019;engenharia-civil;Faculdade Anhanguera de Pelotas;RS;601;Privada;;;601-700;4.13;601-700;1.03;;;;;401-500;3.1;;;;;;;;;
2019;engenharia-civil;Faculdade de Tecnologia de Ponta Porã;MS;601;Privada;;;601-700;4.23;601-700;0.83;;;;;401-500;3.4;;;;;;;;;
2019;engenharia-civil;Faculdade Anhanguera de Sorocaba;SP;601;Privada;;;601-700;2.61;601-700;0.92;;;;;501-600;1.69;;;;;;;;;
2019;engenharia-civil;Faculdade Eduvale de Avaré;SP;601;Privada;;;601-700;2.76;501-600;1.99;;;;;601-700;0.77;;;;;;;;;
2019;engenharia-civil;Centro Universitário de Presidente Prudente;SP;601;Privada;;;601-700;4.86;501-600;2.57;401-500;0.32;;;501-600;1.97;;;;;;;;;
2019;engenharia-civil;Faculdade Presidente Antônio Carlos de Uberlândia;MG;601;Privada;;;601-700;3.15;501-600;1.82;;;;;601-700;1.33;;;;;;;;;
2019;engenharia-civil;Faculdade de Ciências Gerenciais Alves Fortes;MG;601;Privada;;;601-700;2.72;701-800;0.35;251-300;2.36;;;701-800;0.01;;;;;;;;;
2019;engenharia-civil;Faculdade Estácio do Pantanal;MT;601;Privada;;;601-700;2.55;601-700;1.29;;;;;601-700;1.26;;;;;;;;;
2019;engenharia-civil;Faculdade de Ciência e Tecnologia de Montes Claros;MG;601;Privada;;;601-700;3.22;601-700;1.34;;;;;501-600;1.88;;;;;;;;;
2019;engenharia-civil;Faculdade Anhanguera de Matão;SP;601;Privada;;;601-700;4.36;351-400;4.07;;;;;701-800;0.29;;;;;;;;;
2019;engenharia-civil;Faculdade Anhanguera de Sumaré;SP;601;Privada;;;601-700;3.59;401-500;3.59;;;;;;;;;;;;;;;
2019;engenharia-civil;Centro Universitário Amparense;SP;601;Privada;;;601-700;2.95;601-700;1.01;351-400;1.14;;;601-700;0.8;;;;;;;;;
2019;engenharia-civil;Faculdade Anhanguera de Santa Bárbara;SP;601;Privada;;;601-700;3.77;501-600;2.11;351-400;0.72;;;601-700;0.94;;;;;;;;;
2019;engenharia-civil;Faculdade Independente do Nordeste;BA;601;Privada;;;601-700;3.92;601-700;1.45;;;;;501-600;2.47;;;;;;;;;
2019;engenharia-civil;Instituto Salvador de Ensino e Cultura;BA;601;Privada;;;601-700;4.52;401-500;3.59;;;;;601-700;0.93;;;;;;;;;
2019;engenharia-civil;Centro Universitário Estácio da Amazônia;RR;601;Privada;;;601-700;4.9;401-500;3.19;;;;;501-600;1.71;;;;;;;;;
2019;engenharia-civil;Faculdade Pitágoras;MG;601;Privada;;;601-700;4.51;501-600;2.62;351-400;0.61;;;601-700;1.28;;;;;;;;;
2019;engenharia-civil;Centro Universitário Fieo;SP;601;Privada;;;501-600;5.35;301-350;4.45;;;;;601-700;0.9;;;;;;;;;
2019;engenharia-civil;Centro Universitário Opet;PR;601;Privada;;;601-700;2.72;601-700;1.42;;;;;601-700;1.3;;;;;;;;;
2019;engenharia-civil;Faculdade Anhanguera de Ribeirão Preto;SP;601;Privada;;;601-700;3.91;501-600;2.21;;;;;501-600;1.7;;;;;;;;;
2019;engenharia-civil;Faculdade Esamc Santos;SP;601;Privada;;;601-700;2.86;701-800;0.45;301-350;1.59;;;601-700;0.82;;;;;;;;;
2019;engenharia-civil;Faculdade de Castelo;ES;601;Privada;;;601-700;4.87;401-500;3.05;;;;;501-600;1.82;;;;;;;;;
2019;engenharia-civil;Faculdade Anhanguera de Taboão da Serra;SP;601;Privada;;;601-700;2.9;701-800;0.33;;;;;501-600;2.57;;;;;;;;;
2019;engenharia-civil;Faculdade Estácio do Amazonas;AM;601;Privada;;;601-700;4.04;401-500;3.2;;;;;601-700;0.84;;;;;;;;;
2019;engenharia-civil;Faculdade da Fraternidade de Valença;BA;601;Privada;;;601-700;5.22;501-600;2.08;;;;;401-500;3.14;;;;;;;;;
2019;engenharia-civil;Faculdade Anhanguera do Rio Grande;RS;601;Privada;;;601-700;3.44;501-600;2.45;;;;;601-700;0.99;;;;;;;;;
2019;engenharia-civil;Centro Universitário de Paulínia;SP;601;Privada;;;601-700;3.65;501-600;1.7;301-350;1.42;;;601-700;0.53;;;;;;;;;
2019;engenharia-civil;Faculdade Anhanguera de Piracicaba;SP;601;Privada;;;601-700;2.99;501-600;1.81;;;;;601-700;1.18;;;;;;;;;
2019;engenharia-civil;Centro Universitário Uniftec Bento Gonçalves;RS;601;Privada;;;601-700;5.06;401-500;3.02;;;;;501-600;2.04;;;;;;;;;
2019;engenharia-civil;Faculdades Integradas Dom Pedro Ii;SP;601;Privada;;;601-700;3.18;501-600;2.24;401-500;0.08;;;601-700;0.86;;;;;;;;;
2019;engenharia-civil;Universidade Vale do Rio Doce;MG;601;Privada;;;601-700;5.31;601-700;0.79;251-300;3.16;;;601-700;1.36;;;;;;;;;
2019;engenharia-civil;Escola Superior de Criciúma;SC;601;Privada;;;601-700;4.25;601-700;1.47;251-300;2.55;;;701-800;0.23;;;;;;;;;
2019;engenharia-civil;Instituição de Ensino Superior de Cacoal;RO;601;Privada;;;601-700;5.14;701-800;0.02;;;;;251-300;5.12;;;;;;;;;
2019;engenharia-civil;Centro de Ensino Superior do Amapá;AP;601;Privada;;;601-700;4.9;601-700;1.12;;;;;351-400;3.78;;;;;;;;;
2019;engenharia-civil;Faculdade Anhanguera de Teixeira de Freitas;BA;601;Privada;;;601-700;3.66;601-700;0.57;351-400;0.74;;;501-600;2.35;;;;;;;;;
2019;engenharia-civil;Faculdade de Rolim de Moura;RO;601;Privada;;;601-700;4.31;601-700;0.67;;;;;401-500;3.64;;;;;;;;;
2019;engenharia-civil;Faculdade de Tecnologia e Ciências da Bahia;BA;601;Privada;;;601-700;3.73;701-800;0.36;;;;;401-500;3.37;;;;;;;;;
2019;engenharia-civil;Centro Universitário de Goiânia;GO;601;Privada;;;601-700;5.33;601-700;1.13;251-300;3.14;;;601-700;1.06;;;;;;;;;
2019;engenharia-civil;Faculdade Anhanguera de Poços de Caldas;MG;601;Privada;;;601-700;3.52;501-600;2.36;;;;;601-700;1.16;;;;;;;;;
2019;engenharia-civil;Faculdade Martha Falcão Wyden;AM;601;Privada;;;601-700;4.34;401-500;3.07;;;;;601-700;1.27;;;;;;;;;
2019;engenharia-civil;Centro Universitário da Região da Campanha;RS;601;Privada;;;601-700;5.25;501-600;1.69;301-350;1.55;;;501-600;2.01;;;;;;;;;
2019;engenharia-civil;Faculdade Anhanguera Unidade Guarapari;ES;601;Privada;;;601-700;3.82;601-700;0.86;351-400;0.98;;;501-600;1.98;;;;;;;;;
2019;engenharia-civil;Faculdades João Paulo II - Pelotas;RS;601;Privada;;;601-700;3.59;401-500;3.59;;;;;;;;;;;;;;;
2019;engenharia-civil;Faculdade Anhanguera de Osasco;SP;601;Privada;;;601-700;3.65;701-800;0.38;;;;;401-500;3.27;;;;;;;;;
2019;engenharia-civil;Faculdade Anhanguera de Taubaté;SP;601;Privada;;;601-700;4.68;501-600;1.64;351-400;0.64;;;501-600;2.4;;;;;;;;;
2019;engenharia-civil;Faculdade de Ciências Exatas e Tecnológicas Santo Agostinho;MG;601;Privada;;;601-700;2.96;701-800;0.32;351-400;1.23;;;601-700;1.41;;;;;;;;;
2019;engenharia-civil;Faculdade de Ciências Sociais Aplicadas;MT;601;Privada;;;601-700;3.51;701-800;0.22;;;;;401-500;3.29;;;;;;;;;
2019;engenharia-civil;Centro Universitário Piaget;SP;601;Privada;;;601-700;2.55;501-600;2.06;;;;;601-700;0.49;;;;;;;;;
2019;engenharia-civil;Centro Universitário Una de Betim;MG;601;Privada;;;601-700;3.57;401-500;2.78;;;;;601-700;0.79;;;;;;;;;
2019;engenharia-civil;Faculdade Anhanguera de Contagem;MG;701;Privada;;;701-800;2.16;701-800;0.16;;;;;501-600;2;;;;;;;;;
2019;engenharia-civil;Faculdade Anhanguera de Dourados;MS;701;Privada;;;701-800;0.04;701-800;0.04;;;;;;;;;;;;;;;
2019;engenharia-civil;Centro Universitário Estácio de São Luís;MA;701;Privada;;;701-800;1.78;701-800;0.56;;;;;601-700;1.22;;;;;;;;;
2019;engenharia-civil;Faculdade Metodista Conexional;MT;701;Privada;;;701-800;0.16;701-800;0.16;;;;;;;;;;;;;;;
2019;engenharia-civil;Faculdade Nova Roma;PE;701;Privada;;;701-800;1.77;501-600;1.72;;;;;701-800;0.05;;;;;;;;;
2019;engenharia-civil;Faculdade Anhanguera Unidade Parauapebas;PA;701;Privada;;;701-800;1.75;701-800;0.3;;;;;601-700;1.45;;;;;;;;;
2019;engenharia-civil;Faculdade Alfaunipac de Almenara;MG;701;Privada;;;701-800;0.7;701-800;0.09;401-500;0.13;;;601-700;0.48;;;;;;;;;
2019;engenharia-civil;Faculdade de Tecnologia Porto das Monções;SP;701;Privada;;;701-800;0.19;701-800;0.05;;;;;701-800;0.14;;;;;;;;;
2019;engenharia-civil;Faculdade Anhanguera de Vitória da Conquista;BA;701;Privada;;;701-800;2.15;501-600;2.15;;;;;;;;;;;;;;;
2019;engenharia-civil;Faculdade de Tecnologia Ipanema;SP;701;Privada;;;701-800;1.89;601-700;0.6;;;;;601-700;1.29;;;;;;;;;
2019;engenharia-civil;Centro Universitário Estácio de Ji-paraná;RO;701;Privada;;;701-800;2.47;601-700;0.95;;;;;501-600;1.52;;;;;;;;;
2019;engenharia-civil;Faculdade Cesurg Marau;RS;701;Privada;;;701-800;2.11;501-600;2.04;;;;;701-800;0.07;;;;;;;;;
2019;engenharia-civil;Faculdade Vale do Aço;MA;701;Privada;;;701-800;0.37;701-800;0.26;;;;;701-800;0.11;;;;;;;;;
2019;engenharia-civil;Faculdade Anhanguera de Bauru;SP;701;Privada;;;701-800;2.3;601-700;0.61;;;;;501-600;1.69;;;;;;;;;
2019;engenharia-civil;Centro Universitário Max Planck;SP;701;Privada;;;701-800;0.97;601-700;0.87;;;;;701-800;0.1;;;;;;;;;
2019;engenharia-civil;Faculdade Una de Divinópolis;MG;701;Privada;;;701-800;1.57;601-700;1.57;;;;;;;;;;;;;;;
2019;engenharia-civil;Centro Universitário de Tecnologia de Curitiba;PR;701;Privada;;;701-800;2.25;601-700;1.62;;;;;601-700;0.63;;;;;;;;;
2019;engenharia-civil;Centro Universitário Anhanguera Pitágoras Unopar de Campo Grande;MS;701;Privada;;;701-800;2.49;701-800;0.54;;;;;501-600;1.95;;;;;;;;;
2019;engenharia-civil;Faculdade Pitágoras de Bacabal;MA;701;Privada;;;701-800;0.01;701-800;0.01;;;;;;;;;;;;;;;
2019;engenharia-civil;Faculdade Internacional de São Luís;MA;701;Privada;;;701-800;1.64;601-700;1.49;;;;;701-800;0.15;;;;;;;;;
2019;engenharia-civil;Faculdade Anhanguera de Governador Valadares;MG;701;Privada;;;701-800;2.46;701-800;0.12;;;;;501-600;2.34;;;;;;;;;
2019;engenharia-civil;Instituto Cuiabá de Ensino e Cultura;MT;701;Privada;;;701-800;2.45;501-600;2.45;;;;;;;;;;;;;;;
2019;engenharia-civil;Faculdade Estácio São Paulo de Rondônia;RO;701;Privada;;;701-800;2.3;701-800;0.11;;;;;501-600;2.19;;;;;;;;;
2019;engenharia-civil;Centro Universitário Anhanguera Pitágoras Ampli;SP;701;Privada;;;701-800;1.05;701-800;0.24;;;;;601-700;0.81;;;;;;;;;
2019;engenharia-civil;Faculdade Fatifajar Jaguariaíva;PR;701;Privada;;;701-800;2.52;601-700;1.07;;;;;601-700;1.45;;;;;;;;;
2019;engenharia-civil;Faculdade Pitágoras de João Pessoa;PB;701;Privada;;;701-800;1.26;601-700;1.02;;;;;701-800;0.24;;;;;;;;;
2019;engenharia-civil;Centro Universitário Integrado de Campo Mourão;PR;701;Privada;;;701-800;1.5;601-700;1.22;;;;;701-800;0.28;;;;;;;;;
2019;engenharia-civil;Faculdade Anhanguera de Goiânia;GO;701;Privada;;;701-800;2.24;701-800;0.44;;;;;501-600;1.8;;;;;;;;;
2019;engenharia-civil;Faculdade Anhanguera de Educação, Ciências e Tecnologia de Sorocaba;SP;701;Privada;;;701-800;2.37;701-800;0.2;;;;;501-600;2.17;;;;;;;;;
2019;engenharia-civil;Faculdade Vértix Trirriense;RJ;701;Privada;;;701-800;0.41;701-800;0.41;;;;;;;;;;;;;;;
2019;engenharia-civil;Faculdade Anhanguera de Jequié;BA;701;Privada;;;701-800;0.78;601-700;0.78;;;;;;;;;;;;;;;
2019;engenharia-civil;Faculdade Galileu;SP;701;Privada;;;701-800;1.95;501-600;1.87;;;;;701-800;0.08;;;;;;;;;
2019;engenharia-civil;Centro Universitário Cambury;GO;701;Privada;;;701-800;1.55;601-700;1.07;;;;;601-700;0.48;;;;;;;;;
2019;engenharia-civil;Faculdade Anhanguera de Imperatriz;MA;701;Privada;;;701-800;1.12;701-800;0.21;;;;;601-700;0.91;;;;;;;;;
2019;engenharia-civil;Faculdade Anhanguera de Ciências Sociais Aplicadas de Sinop;MT;701;Privada;;;701-800;2.5;601-700;0.81;;;;;501-600;1.69;;;;;;;;;
2019;engenharia-civil;Faculdade Anhanguera de Limeira;SP;701;Privada;;;701-800;1.91;601-700;1.35;;;;;601-700;0.56;;;;;;;;;
2019;engenharia-civil;Faculdade Irecê;BA;701;Privada;;;701-800;0.39;701-800;0.39;;;;;;;;;;;;;;;
2019;engenharia-civil;Faculdade de Ciências Sociais e Humanas Sobral Pinto;MT;701;Privada;;;701-800;0.85;701-800;0.18;;;;;601-700;0.67;;;;;;;;;
2019;engenharia-civil;Faculdade Anhanguera de Jacareí;SP;701;Privada;;;701-800;2.36;701-800;0.49;;;;;501-600;1.87;;;;;;;;;
2019;engenharia-civil;Faculdade Icesp;DF;701;Privada;;;701-800;2.54;601-700;1.19;;;;;601-700;1.35;;;;;;;;;
2019;engenharia-civil;Faculdade Pitágoras de Luis Eduardo Magalhães;BA;701;Privada;;;701-800;1;701-800;0.07;;;;;601-700;0.93;;;;;;;;;
2019;engenharia-civil;Faculdade Única de Ipatinga;MG;701;Privada;;;701-800;0.8;701-800;0.4;;;;;701-800;0.4;;;;;;;;;
2019;engenharia-civil;Faculdade do Rio de Janeiro;RJ;701;Privada;;;701-800;2.47;601-700;1.4;;;;;601-700;1.07;;;;;;;;;
2019;engenharia-civil;Centro Universitário Estácio Meta de Rio Branco Estácio;AC;701;Privada;;;701-800;0.76;701-800;0.5;;;;;701-800;0.26;;;;;;;;;
2019;engenharia-civil;Faculdade Educacional Araucária;PR;701;Privada;;;701-800;0.65;601-700;0.65;;;;;;;;;;;;;;;
2019;engenharia-civil;Faculdade Marechal Rondon;RO;701;Privada;;;701-800;0.83;601-700;0.8;;;;;701-800;0.03;;;;;;;;;
2019;engenharia-civil;Instituto Taquaritinguense de Ensino Superior Dr. Aristides de Carvalho Schlobach;SP;701;Privada;;;701-800;2.49;601-700;1.11;;;;;601-700;1.38;;;;;;;;;
2019;engenharia-civil;Faculdade de Ciências Jurídicas e Sociais Aplicadas de Primavera do Leste;MT;701;Privada;;;701-800;1.39;701-800;0.27;;;;;601-700;1.12;;;;;;;;;
2019;engenharia-civil;Centro Universitário Sociesc de Blumenau;SC;701;Privada;;;701-800;1.56;601-700;0.99;;;;;601-700;0.57;;;;;;;;;
2019;engenharia-civil;Faculdade Juiz de Fora;MG;701;Privada;;;701-800;1.35;601-700;1.33;;;;;701-800;0.02;;;;;;;;;
2019;engenharia-civil;Faculdade Anhanguera de Caxias do Sul;RS;701;Privada;;;701-800;1.87;701-800;0.55;;;;;601-700;1.32;;;;;;;;;
2019;engenharia-civil;Faculdade Capixaba de Cariacica;ES;701;Privada;;;701-800;1;701-800;0.23;;;;;601-700;0.77;;;;;;;;;
2019;engenharia-civil;Centro Universitário Univel;PR;701;Privada;;;701-800;0.87;701-800;0.46;;;;;701-800;0.41;;;;;;;;;
2023;engenharia-civil;Universidade de São Paulo;SP;1;Estadual;1;36;1;63.59;17;7.85;28;7.74;;;1;8;1;40;;;;;;;
2023;engenharia-civil;Universidade Estadual de Campinas;SP;2;Estadual;5;35.44;2;62.63;26;7.76;28;7.74;;;1;8;2;39.13;;;;;;;
2023;engenharia-civil;Universidade Federal do Rio de Janeiro;RJ;3;Federal;5;35.44;3;62.37;64;7.4;18;7.84;;;1;8;2;39.13;;;;;;;
2023;engenharia-civil;Universidade Federal do Rio Grande do Sul;RS;4;Federal;10;34.74;4;60.95;28;7.74;20;7.82;;;1;8;4;37.39;;;;;;;
2023;engenharia-civil;Universidade Federal de Santa Catarina;SC;5;Federal;10;34.74;5;60.86;32;7.71;26;7.76;;;1;8;4;37.39;;;;;;;
2023;engenharia-civil;Universidade Federal de Minas Gerais;MG;6;Federal;2;35.86;9;58.16;21;7.81;8;7.93;;;301-350;5.03;4;37.39;;;;;;;
2023;engenharia-civil;Universidade de Brasília;DF;7;Federal;10;34.74;6;58.48;29;7.73;4;7.97;;;1;8;7;34.78;;;;;;;
2023;engenharia-civil;Universidade Federal de São Carlos;SP;8;Federal;10;34.74;7;58.44;16;7.86;22;7.8;;;1;8;7;34.78;;;;;;;
2023;engenharia-civil;Universidade Estadual Paulista Júlio de Mesquita Filho;SP;9;Estadual;10;34.74;8;58.43;15;7.87;24;7.78;;;1;8;7;34.78;;;;;;;
2023;engenharia-civil;Universidade Federal do Ceará;CE;10;Federal;10;34.74;11;55.01;72;7.33;14;7.88;;;301-350;5.02;7;34.78;;;;;;;
2023;engenharia-civil;Universidade Federal do Paraná;PR;11;Federal;5;35.44;17;51.38;33;7.7;17;7.85;;;1;8;15;27.83;;;;;;;
2023;engenharia-civil;Universidade Federal da Paraíba;PB;12;Federal;10;34.74;15;51.51;23;7.79;13;7.89;;;1;8;15;27.83;;;;;;;
2023;engenharia-civil;Universidade Presbiteriana Mackenzie;SP;13;Privada;2;35.86;29;50.04;176;6.34;81;7.24;;;601-700;1.68;7;34.78;;;;;;;
2023;engenharia-civil;Universidade Federal de Pernambuco;PE;14;Federal;10;34.74;23;50.83;84;7.21;23;7.79;;;1;8;15;27.83;;;;;;;
2023;engenharia-civil;Universidade do Estado do Rio de Janeiro;RJ;15;Estadual;10;34.74;25;50.65;62;7.42;64;7.4;;;1;8;15;27.83;;;;;;;
2023;engenharia-civil;Universidade Estadual de Londrina;PR;16;Estadual;10;34.74;26;50.55;102;7.04;35;7.68;;;1;8;15;27.83;;;;;;;
2023;engenharia-civil;Universidade Federal da Bahia;BA;17;Federal;10;34.74;28;50.12;117;6.9;65;7.39;;;1;8;15;27.83;;;;;;;
2023;engenharia-civil;Pontifícia Universidade Católica do Rio de Janeiro;RJ;18;Privada;45;29.86;13;51.97;49;7.54;121;6.86;;;501-600;2.79;7;34.78;;;;;;;
2023;engenharia-civil;Pontifícia Universidade Católica de São Paulo;SP;19;Privada;10;34.74;33;46.54;66;7.38;167;6.43;;;301-350;4.9;15;27.83;;;;;;;
2023;engenharia-civil;Universidade Federal Fluminense;RJ;20;Federal;45;29.86;17;51.38;31;7.72;19;7.83;;;1;8;15;27.83;;;;;;;
2023;engenharia-civil;Universidade Federal de Juiz de Fora;MG;21;Federal;45;29.86;21;51.1;42;7.61;37;7.66;;;1;8;15;27.83;;;;;;;
2023;engenharia-civil;Universidade Tecnológica Federal do Paraná;PR;22;Federal;45;29.86;24;50.68;79;7.26;44;7.59;;;1;8;15;27.83;;;;;;;
2023;engenharia-civil;Universidade Estadual de Maringá;PR;23;Estadual;45;29.86;27;50.44;145;6.63;3;7.98;;;1;8;15;27.83;;;;;;;
2023;engenharia-civil;Pontifícia Universidade Católica do Rio Grande do Sul;RS;24;Privada;10;34.74;35;43.81;115;6.92;137;6.71;;;501-600;2.35;15;27.83;;;;;;;
2023;engenharia-civil;Universidade Federal de Santa Maria;RS;25;Federal;119;19.54;10;57.95;43;7.6;46;7.57;;;1;8;7;34.78;;;;;;;
2023;engenharia-civil;Universidade Católica de Pernambuco;PE;26;Privada;10;34.74;37;42.38;134;6.74;183;6.28;;;601-700;1.53;15;27.83;;;;;;;
2023;engenharia-civil;Universidade de Fortaleza;CE;27;Privada;10;34.74;38;41.98;351-400;4.59;99;7.07;;;501-600;2.49;15;27.83;;;;;;;
2023;engenharia-civil;Universidade Estácio de Sá;RJ;28;Privada;10;34.74;39;41.47;53;7.51;401-500;3.56;;;501-600;2.57;15;27.83;;;;;;;
2023;engenharia-civil;Centro Universitário do Instituto Mauá de Tecnologia;SP;29;Privada;10;34.74;41;40.67;351-400;4.66;47;7.56;;;701-800;0.62;15;27.83;;;;;;;
2023;engenharia-civil;Universidade de Passo Fundo;RS;30;Privada;45;29.86;36;43.46;154;6.55;201-250;6.07;;;501-600;3.01;15;27.83;;;;;;;
2023;engenharia-civil;Pontifícia Universidade Católica de Campinas;SP;31;Privada;45;29.86;40;41.27;147;6.61;192;6.19;;;701-800;0.64;15;27.83;;;;;;;
2023;engenharia-civil;Universidade Federal de Ouro Preto;MG;32;Federal;119;19.54;19;51.24;37;7.66;27;7.75;;;1;8;15;27.83;;;;;;;
2023;engenharia-civil;Universidade Federal de Itajubá;MG;33;Federal;119;19.54;20;51.15;38;7.65;36;7.67;;;1;8;15;27.83;;;;;;;
2023;engenharia-civil;Universidade Federal de Viçosa;MG;34;Federal;119;19.54;22;51.01;74;7.31;15;7.87;;;1;8;15;27.83;;;;;;;
2023;engenharia-civil;Universidade Tiradentes;SE;35;Privada;45;29.86;42;39.89;251-300;5.18;201-250;6.03;;;701-800;0.85;15;27.83;;;;;;;
2023;engenharia-civil;Centro Universitário Funorte;MG;36;Privada;119;19.54;32;47.55;83;7.22;351-400;4.5;;;1;8;15;27.83;;;;;;;
2023;engenharia-civil;Universidade Federal do Espírito Santo;ES;37;Federal;10;34.74;49;23.5;49;7.54;5;7.96;;;1;8;;;;;;;;;
2023;engenharia-civil;Universidade Federal de Goiás;GO;38;Federal;10;34.74;50;23.43;34;7.69;28;7.74;;;1;8;;;;;;;;;
2023;engenharia-civil;Universidade Federal do Piauí;PI;39;Federal;10;34.74;66;22.42;159;6.5;10;7.92;;;1;8;;;;;;;;;
2023;engenharia-civil;Universidade São Judas Tadeu;SP;40;Privada;10;34.74;78;22.06;71;7.34;136;6.72;;;1;8;;;;;;;;;
2023;engenharia-civil;Universidade de Pernambuco;PE;41;Estadual;10;34.74;81;21.74;175;6.35;65;7.39;;;1;8;;;;;;;;;
2023;engenharia-civil;Universidade Federal de Mato Grosso;MT;42;Federal;10;34.74;91;21.37;168;6.42;112;6.95;;;1;8;;;;;;;;;
2023;engenharia-civil;Instituto Tecnológico de Aeronáutica;SP;43;Federal;;;12;54.68;22;7.8;95;7.11;;;301-350;4.99;7;34.78;;;;;;;
2023;engenharia-civil;Universidade do Vale do Rio dos Sinos;RS;44;Privada;10;34.74;134;18.97;52;7.52;145;6.64;;;301-350;4.81;;;;;;;;;
2023;engenharia-civil;Centro Universitário da Fundação Educacional Inaciana Pe Sabóia de Medeiros;SP;45;Privada;5;35.44;153;18.17;35;7.68;62;7.42;;;501-600;3.07;;;;;;;;;
2023;engenharia-civil;Universidade Federal do Rio Grande do Norte;RN;46;Federal;45;29.86;48;23.63;39;7.64;2;7.99;;;1;8;;;;;;;;;
2023;engenharia-civil;Universidade Federal de Sergipe;SE;47;Federal;45;29.86;51;23.29;70;7.35;7;7.94;;;1;8;;;;;;;;;
2023;engenharia-civil;Universidade Federal de Alagoas;AL;48;Federal;45;29.86;56;22.87;78;7.27;43;7.6;;;1;8;;;;;;;;;
2023;engenharia-civil;Universidade Federal do Rio Grande;RS;49;Federal;45;29.86;59;22.57;73;7.32;80;7.25;;;1;8;;;;;;;;;
2023;engenharia-civil;Universidade Estadual do Oeste do Paraná;PR;50;Estadual;45;29.86;60;22.56;82;7.23;72;7.33;;;1;8;;;;;;;;;
2023;engenharia-civil;Universidade Federal de Campina Grande;PB;51;Federal;45;29.86;64;22.53;90;7.16;68;7.37;;;1;8;;;;;;;;;
2023;engenharia-civil;Universidade Federal do Pará;PA;52;Federal;45;29.86;68;22.3;95;7.11;87;7.19;;;1;8;;;;;;;;;
2023;engenharia-civil;Pontifícia Universidade Católica do Paraná;PR;53;Privada;10;34.74;179;17.41;170;6.4;100;7.06;;;401-500;3.95;;;;;;;;;
2023;engenharia-civil;Universidade Estadual de Ponta Grossa;PR;54;Estadual;45;29.86;72;22.22;157;6.52;33;7.7;;;1;8;;;;;;;;;
2023;engenharia-civil;Universidade Positivo;PR;55;Privada;10;34.74;184;17.31;201-250;6.04;134;6.74;;;351-400;4.53;;;;;;;;;
2023;engenharia-civil;Centro Universitário do Rio Grande do Norte;RN;56;Privada;45;29.86;75;22.09;96;7.1;108;6.99;;;1;8;;;;;;;;;
2023;engenharia-civil;Universidade Cesumar;PR;56;Privada;45;29.86;75;22.09;36;7.67;168;6.42;;;1;8;;;;;;;;;
2023;engenharia-civil;Universidade Federal do Amazonas;AM;58;Federal;45;29.86;83;21.67;201-250;6.06;42;7.61;;;1;8;;;;;;;;;
2023;engenharia-civil;Universidade Federal de Uberlândia;MG;59;Federal;;;14;51.52;19;7.83;16;7.86;;;1;8;15;27.83;;;;;;;
2023;engenharia-civil;Universidade Estadual do Norte Fluminense Darcy Ribeiro;RJ;60;Estadual;;;16;51.46;1;8;40;7.63;;;1;8;15;27.83;;;;;;;
2023;engenharia-civil;Universidade Metodista de Piracicaba;SP;61;Privada;45;29.86;87;21.51;1;8;251-300;5.51;;;1;8;;;;;;;;;
2023;engenharia-civil;Universidade do Estado do Amazonas;AM;62;Estadual;45;29.86;94;21.16;201-250;5.95;84;7.21;;;1;8;;;;;;;;;
2023;engenharia-civil;Centro Federal de Educação Tecnológica de Minas Gerais;MG;63;Federal;45;29.86;95;21.05;251-300;5.6;59;7.45;;;1;8;;;;;;;;;
2023;engenharia-civil;Universidade Salvador;BA;64;Privada;10;34.74;201-250;15.88;301-350;4.73;140;6.68;;;351-400;4.47;;;;;;;;;
2023;engenharia-civil;Universidade Federal do Maranhão;MA;65;Federal;45;29.86;106;20.5;200;6.11;171;6.39;;;1;8;;;;;;;;;
2023;engenharia-civil;Universidade Santa Cecília;SP;66;Privada;10;34.74;201-250;15.48;201-250;5.71;201-250;5.7;;;401-500;4.07;;;;;;;;;
2023;engenharia-civil;Universidade Estadual do Piauí;PI;67;Estadual;45;29.86;110;20.33;301-350;5.13;86;7.2;;;1;8;;;;;;;;;
2023;engenharia-civil;Centro Universitário Unidade de Ensino Superior Dom Bosco;MA;68;Privada;45;29.86;112;20.25;178;6.32;201-250;5.93;;;1;8;;;;;;;;;
2023;engenharia-civil;Centro Universitário Christus;CE;69;Privada;;;30;50.01;100;7.06;94;7.12;;;1;8;15;27.83;;;;;;;
2023;engenharia-civil;Fundação Universidade do Estado de Santa Catarina;SC;70;Estadual;10;34.74;251-300;14.62;351-400;4.52;25;7.77;;;501-600;2.33;;;;;;;;;
2023;engenharia-civil;Centro Universitário de Belo Horizonte;MG;71;Privada;45;29.86;126;19.3;92;7.14;401-500;4.16;;;1;8;;;;;;;;;
2023;engenharia-civil;Universidade Veiga de Almeida;RJ;72;Privada;10;34.74;301-350;14.13;162;6.47;251-300;5.59;;;601-700;2.07;;;;;;;;;
2023;engenharia-civil;Escola de Engenharia Kennedy;MG;73;Privada;45;29.86;137;18.73;301-350;5.11;251-300;5.62;;;1;8;;;;;;;;;
2023;engenharia-civil;Instituto Federal de Educação, Ciência e Tecnologia de Santa Catarina;SC;74;Federal;;;31;48.58;251-300;5.19;47;7.56;;;1;8;15;27.83;;;;;;;
2023;engenharia-civil;Centro Universitário de Excelência;BA;74;Privada;45;29.86;138;18.72;75;7.3;401-500;3.42;;;1;8;;;;;;;;;
2023;engenharia-civil;Universidade Paulista;SP;76;Privada;5;35.44;351-400;13.09;351-400;4.45;301-350;5.13;;;401-500;3.51;;;;;;;;;
2023;engenharia-civil;Centro Universitário Uninovafapi;PI;77;Privada;45;29.86;142;18.62;401-500;3.74;119;6.88;;;1;8;;;;;;;;;
2023;engenharia-civil;Universidade Fumec;MG;78;Privada;10;34.74;301-350;13.73;351-400;4.37;126;6.82;;;501-600;2.54;;;;;;;;;
2023;engenharia-civil;Pontifícia Universidade Católica de Minas Gerais;MG;79;Privada;2;35.86;351-400;12.43;351-400;4.61;156;6.53;;;601-700;1.29;;;;;;;;;
2023;engenharia-civil;Centro Universitário Toledo Wyden;SP;80;Privada;45;29.86;148;18.37;178;6.32;401-500;4.05;;;1;8;;;;;;;;;
2023;engenharia-civil;Universidade Anhembi Morumbi;SP;81;Privada;10;34.74;301-350;13.41;251-300;5.55;201-250;5.73;;;601-700;2.13;;;;;;;;;
2023;engenharia-civil;Faculdade Pio Décimo;SE;82;Privada;45;29.86;161;17.94;146;6.62;401-500;3.32;;;1;8;;;;;;;;;
2023;engenharia-civil;Universidade Católica de Santos;SP;83;Privada;45;29.86;171;17.74;98;7.08;201-250;5.68;;;301-350;4.98;;;;;;;;;
2023;engenharia-civil;Universidade do Grande Rio Professor José de Souza Herdy;RJ;84;Privada;45;29.86;175;17.49;301-350;4.89;351-400;4.6;;;1;8;;;;;;;;;
2023;engenharia-civil;Pontifícia Universidade Católica de Goiás;GO;85;Privada;10;34.74;401-500;12.1;401-500;3.68;201-250;5.94;;;501-600;2.48;;;;;;;;;
2023;engenharia-civil;Escola de Engenharia de Piracicaba;SP;86;Municipal;10;34.74;401-500;11.94;251-300;5.54;184;6.27;;;801-1000;0.13;;;;;;;;;
2023;engenharia-civil;Centro Universitário de João Pessoa;PB;87;Privada;45;29.86;201-250;16.48;251-300;5.33;189;6.22;;;301-350;4.93;;;;;;;;;
2023;engenharia-civil;Centro Universitário Una;MG;88;Privada;45;29.86;201-250;15.91;177;6.33;301-350;4.97;;;301-350;4.61;;;;;;;;;
2023;engenharia-civil;Universidade Potiguar;RN;89;Privada;10;34.74;401-500;10.91;501-600;3.26;251-300;5.47;;;501-600;2.18;;;;;;;;;
2023;engenharia-civil;Universidade de Caxias do Sul;RS;90;Privada;45;29.86;251-300;15.3;201-250;5.77;109;6.98;;;501-600;2.55;;;;;;;;;
2023;engenharia-civil;Centro Universitário Ingá;PR;91;Privada;;;34;44.49;501-600;2.61;201-250;6.05;;;1;8;15;27.83;;;;;;;
2023;engenharia-civil;Centro Universitário Senai Cimatec;BA;92;Privada;45;29.86;251-300;14.47;301-350;4.77;69;7.36;;;501-600;2.34;;;;;;;;;
2023;engenharia-civil;Centro Universitário de Várzea Grande;MT;93;Privada;45;29.86;251-300;14.32;143;6.65;401-500;3.41;;;351-400;4.26;;;;;;;;;
2023;engenharia-civil;Universidade Regional de Blumenau;SC;94;Municipal;45;29.86;301-350;14.09;201-250;6.07;191;6.2;;;601-700;1.82;;;;;;;;;
2023;engenharia-civil;Universidade Estadual do Maranhão;MA;95;Estadual;45;29.86;301-350;13.55;601-700;1.74;127;6.81;;;301-350;5;;;;;;;;;
2023;engenharia-civil;Universidade Federal de Lavras;MG;96;Federal;119;19.54;47;23.65;18;7.84;21;7.81;;;1;8;;;;;;;;;
2023;engenharia-civil;Centro Universitário Geraldo Di Biase;RJ;97;Privada;45;29.86;301-350;13.31;401-500;4.11;351-400;4.51;;;301-350;4.69;;;;;;;;;
2023;engenharia-civil;Universidade Pitágoras Unopar Anhanguera;PR;98;Privada;45;29.86;351-400;13.15;195;6.16;351-400;4.55;;;501-600;2.44;;;;;;;;;
2023;engenharia-civil;Centro Universitário Faesa;ES;99;Privada;45;29.86;351-400;13.12;501-600;2.85;163;6.47;;;401-500;3.8;;;;;;;;;
2023;engenharia-civil;Universidade do Vale do Itajaí;SC;100;Privada;45;29.86;351-400;13.01;501-600;3.18;130;6.78;;;501-600;3.05;;;;;;;;;
2023;engenharia-civil;Faculdade de Ciências Sociais Aplicadas do Vale do São Lourenço;MT;101;Privada;45;29.86;351-400;12.89;401-500;4.1;701-800;0.79;;;1;8;;;;;;;;;
2023;engenharia-civil;Universidade Federal de São João Del Rei;MG;102;Federal;119;19.54;53;23.12;20;7.82;75;7.3;;;1;8;;;;;;;;;
2023;engenharia-civil;Centro Universitário Ibmec;RJ;103;Privada;45;29.86;351-400;12.74;106;7;201-250;5.74;;;;;;;;;;;;;
2023;engenharia-civil;Centro Universitário Curitiba;PR;104;Privada;119;19.54;57;22.86;44;7.59;78;7.27;;;1;8;;;;;;;;;
2023;engenharia-civil;Universidade de Cuiabá;MT;105;Privada;45;29.86;351-400;12.36;351-400;4.3;401-500;3.35;;;301-350;4.71;;;;;;;;;
2023;engenharia-civil;Universidade Vila Velha;ES;106;Privada;45;29.86;351-400;12.31;401-500;3.83;120;6.87;;;601-700;1.61;;;;;;;;;
2023;engenharia-civil;Centro Universitário Newton Paiva;MG;107;Privada;45;29.86;351-400;12.29;501-600;3.12;251-300;5.23;;;401-500;3.94;;;;;;;;;
2023;engenharia-civil;Universidade Ceuma;MA;108;Privada;45;29.86;401-500;12.06;501-600;3.17;401-500;4.1;;;301-350;4.79;;;;;;;;;
2023;engenharia-civil;Centro Universitário do Espírito Santo;ES;109;Privada;45;29.86;401-500;12.01;401-500;3.53;157;6.52;;;601-700;1.96;;;;;;;;;
2023;engenharia-civil;Fundação Universidade Federal do Vale do São Francisco;PE;110;Federal;119;19.54;70;22.27;88;7.17;96;7.1;;;1;8;;;;;;;;;
2023;engenharia-civil;Centro Universitário Una de Betim;MG;111;Privada;119;19.54;74;22.12;40;7.63;161;6.49;;;1;8;;;;;;;;;
2023;engenharia-civil;Faculdade Anhanguera de Guarulhos;SP;112;Privada;45;29.86;401-500;11.69;251-300;5.26;501-600;2.63;;;401-500;3.8;;;;;;;;;
2023;engenharia-civil;Universidade Federal Rural do Semi-árido;RN;113;Federal;119;19.54;80;21.94;103;7.03;116;6.91;;;1;8;;;;;;;;;
2023;engenharia-civil;Centro Universitário Uniftec Bento Gonçalves;RS;114;Privada;45;29.86;401-500;11.43;301-350;5.07;201-250;5.95;;;701-800;0.41;;;;;;;;;
2023;engenharia-civil;Centro Universitário Sociesc;SC;115;Privada;119;19.54;82;21.7;131;6.77;114;6.93;;;1;8;;;;;;;;;
2023;engenharia-civil;Universidade Federal do Oeste da Bahia;BA;116;Federal;119;19.54;85;21.58;196;6.15;61;7.43;;;1;8;;;;;;;;;
2023;engenharia-civil;Universidade Nove de Julho;SP;117;Privada;45;29.86;401-500;11.21;156;6.53;501-600;2.62;;;601-700;2.06;;;;;;;;;
2023;engenharia-civil;Instituto Federal de Educação, Ciência e Tecnologia do Rio Grande do Norte;RN;118;Federal;119;19.54;86;21.52;147;6.61;116;6.91;;;1;8;;;;;;;;;
2023;engenharia-civil;Universidade Federal dos Vales do Jequitinhonha e Mucuri;MG;119;Federal;119;19.54;89;21.43;170;6.4;103;7.03;;;1;8;;;;;;;;;
2023;engenharia-civil;Centro Universitário de Brasília;DF;120;Privada;45;29.86;401-500;11.09;401-500;4.18;140;6.68;;;701-800;0.23;;;;;;;;;
2023;engenharia-civil;Centro Universitário Assis Gurgacz;PR;121;Privada;45;29.86;501-600;10.74;701-800;1.24;201-250;6;;;401-500;3.5;;;;;;;;;
2023;engenharia-civil;Centro Universitário Fanor Wyden;CE;122;Privada;45;29.86;501-600;10.6;251-300;5.56;401-500;3.74;;;601-700;1.3;;;;;;;;;
2023;engenharia-civil;Faculdade Feitep;PR;123;Privada;119;19.54;101;20.72;1;8;301-350;4.72;;;1;8;;;;;;;;;
2023;engenharia-civil;Faculdade Anhanguera de Jundiaí;SP;124;Privada;45;29.86;501-600;10.38;201-250;5.65;601-700;2.26;;;501-600;2.47;;;;;;;;;
2023;engenharia-civil;Instituto Federal de Educação, Ciência e Tecnologia do Piauí;PI;125;Federal;119;19.54;102;20.67;301-350;4.75;10;7.92;;;1;8;;;;;;;;;
2023;engenharia-civil;Centro Universitário Antônio Eufrásio de Toledo de Presidente Prudente;SP;126;Privada;119;19.54;103;20.62;178;6.32;181;6.3;;;1;8;;;;;;;;;
2023;engenharia-civil;Centro Universitário São Judas Tadeu;SP;127;Privada;119;19.54;105;20.54;81;7.24;251-300;5.3;;;1;8;;;;;;;;;
2023;engenharia-civil;Centro Universitário Jorge Amado;BA;128;Privada;45;29.86;501-600;10.12;401-500;3.65;351-400;4.32;;;501-600;2.15;;;;;;;;;
2023;engenharia-civil;Centro Universitário Filadélfia;PR;129;Privada;45;29.86;501-600;10.12;601-700;1.52;73;7.32;;;601-700;1.28;;;;;;;;;
2023;engenharia-civil;Universidade Estadual de Goiás;GO;130;Estadual;119;19.54;108;20.38;251-300;5.36;105;7.02;;;1;8;;;;;;;;;
2023;engenharia-civil;Universidade Federal do Acre;AC;131;Federal;119;19.54;109;20.37;301-350;5.14;82;7.23;;;1;8;;;;;;;;;
2023;engenharia-civil;Centro Universitário Facvest;SC;132;Privada;119;19.54;111;20.29;54;7.5;301-350;4.79;;;1;8;;;;;;;;;
2023;engenharia-civil;Universidade Cidade de São Paulo;SP;133;Privada;45;29.86;501-600;9.73;123;6.84;501-600;2.43;;;701-800;0.46;;;;;;;;;
2023;engenharia-civil;Instituto Federal de Educação, Ciência e Tecnologia de Goiás;GO;134;Federal;119;19.54;113;20.02;301-350;4.97;101;7.05;;;1;8;;;;;;;;;
2023;engenharia-civil;Universidade Federal de Mato Grosso do Sul;MS;135;Federal;119;19.54;114;19.93;68;7.36;41;7.62;;;301-350;4.95;;;;;;;;;
2023;engenharia-civil;Centro Universitário das Faculdades Metropolitanas Unidas;SP;136;Privada;45;29.86;501-600;9.59;351-400;4.44;351-400;4.58;;;701-800;0.57;;;;;;;;;
2023;engenharia-civil;Centro Universitário Multivix Vitória;ES;137;Privada;119;19.54;115;19.89;351-400;4.68;84;7.21;;;1;8;;;;;;;;;
2023;engenharia-civil;Centro Universitário Facisa;PB;138;Privada;119;19.54;116;19.79;301-350;4.96;125;6.83;;;1;8;;;;;;;;;
2023;engenharia-civil;Centro Universitário do Norte;AM;139;Privada;45;29.86;601-700;9.33;401-500;3.55;501-600;2.42;;;401-500;3.36;;;;;;;;;
2023;engenharia-civil;Centro Universitário Armando Alvares Penteado;SP;139;Privada;45;29.86;601-700;9.33;501-600;2.55;138;6.7;;;801-1000;0.08;;;;;;;;;
2023;engenharia-civil;Centro Universitário Nossa Senhora do Patrocínio;SP;141;Privada;45;29.86;601-700;9.28;501-600;2.65;251-300;5.24;;;601-700;1.39;;;;;;;;;
2023;engenharia-civil;Faculdade Anhanguera de Linhares;ES;142;Privada;119;19.54;117;19.54;54;7.5;401-500;4.04;;;1;8;;;;;;;;;
2023;engenharia-civil;Faculdade Anhanguera de Campinas;SP;143;Privada;;;43;38.78;160;6.49;501-600;2.34;;;601-700;2.12;15;27.83;;;;;;;
2023;engenharia-civil;Centro Universitário Cesmac;AL;144;Privada;45;29.86;601-700;8.72;501-600;2.43;251-300;5.61;;;701-800;0.68;;;;;;;;;
2023;engenharia-civil;Centro Universitário de Jaguariúna;SP;145;Privada;45;29.86;601-700;8.52;601-700;1.59;193;6.18;;;701-800;0.75;;;;;;;;;
2023;engenharia-civil;Centro Universitário Ritter dos Reis;RS;146;Privada;;;44;38.18;501-600;3.14;201-250;5.86;;;601-700;1.35;15;27.83;;;;;;;
2023;engenharia-civil;Universidade do Sul de Santa Catarina;SC;147;Privada;45;29.86;601-700;8.28;601-700;1.79;301-350;5.04;;;601-700;1.45;;;;;;;;;
2023;engenharia-civil;Centro Universitário Facens;SP;148;Privada;119;19.54;150;18.34;63;7.41;144;6.65;;;351-400;4.28;;;;;;;;;
2023;engenharia-civil;Universidade Católica do Salvador;BA;149;Privada;45;29.86;601-700;7.91;501-600;2.43;401-500;3.6;;;601-700;1.88;;;;;;;;;
2023;engenharia-civil;Centro Universitário Anhanguera Pitágoras Unopar de Niterói;RJ;149;Privada;45;29.86;601-700;7.91;401-500;3.67;601-700;2.28;;;601-700;1.96;;;;;;;;;
2023;engenharia-civil;Centro Universitário de Rio Preto;SP;151;Privada;45;29.86;601-700;7.9;501-600;3.04;301-350;4.72;;;801-1000;0.14;;;;;;;;;
2023;engenharia-civil;Centro Universitário Metrocamp Wyden;SP;152;Privada;;;45;37.53;301-350;4.89;401-500;3.53;;;601-700;1.28;15;27.83;;;;;;;
2023;engenharia-civil;Universidade da Região de Joinville;SC;153;Privada;119;19.54;167;17.83;157;6.52;139;6.69;;;301-350;4.62;;;;;;;;;
2023;engenharia-civil;Centro Universitário Euro-americano;DF;154;Privada;119;19.54;177;17.44;501-600;3.09;175;6.35;;;1;8;;;;;;;;;
2023;engenharia-civil;Faculdade Esamc Santos;SP;155;Privada;45;29.86;701-800;7.1;801-1000;0.39;351-400;4.27;;;501-600;2.44;;;;;;;;;
2023;engenharia-civil;Instituto Federal de Educação, Ciência e Tecnologia do Maranhão;MA;156;Federal;119;19.54;180;17.4;501-600;2.43;110;6.97;;;1;8;;;;;;;;;
2023;engenharia-civil;Universidade do Oeste Paulista;SP;157;Privada;119;19.54;182;17.37;132;6.76;200;6.12;;;351-400;4.49;;;;;;;;;
2023;engenharia-civil;Centro Universitário Sete de Setembro;CE;158;Privada;119;19.54;186;17.28;251-300;5.54;401-500;3.74;;;1;8;;;;;;;;;
2023;engenharia-civil;Fundação Universidade Federal de Rondônia;RO;159;Federal;119;19.54;195;17.02;251-300;5.54;401-500;3.48;;;1;8;;;;;;;;;
2023;engenharia-civil;Centro Universitário de Volta Redonda;RJ;160;Privada;119;19.54;199;16.94;133;6.75;251-300;5.3;;;301-350;4.89;;;;;;;;;
2023;engenharia-civil;Universidade Comunitária da Região de Chapecó;SC;161;Privada;119;19.54;200;16.89;401-500;3.49;251-300;5.4;;;1;8;;;;;;;;;
2023;engenharia-civil;Universidade Católica Dom Bosco;MS;162;Privada;119;19.54;201-250;16.83;251-300;5.26;148;6.61;;;301-350;4.96;;;;;;;;;
2023;engenharia-civil;Faculdade Anhanguera de São Bernardo;SP;163;Privada;119;19.54;201-250;16.35;1;8;801-1000;0.35;;;1;8;;;;;;;;;
2023;engenharia-civil;Universidade do Estado de Mato Grosso;MT;163;Estadual;119;19.54;201-250;16.35;601-700;1.84;158;6.51;;;1;8;;;;;;;;;
2023;engenharia-civil;Universidade do Oeste de Santa Catarina;SC;165;Privada;119;19.54;201-250;16.25;351-400;4.58;143;6.66;;;301-350;5.01;;;;;;;;;
2023;engenharia-civil;Centro Universitário Ibmr;RJ;166;Privada;119;19.54;201-250;16.15;93;7.13;701-800;1.02;;;1;8;;;;;;;;;
2023;engenharia-civil;Faculdade do Sul da Bahia;BA;167;Privada;45;29.86;701-800;5.67;801-1000;0.15;351-400;4.53;;;701-800;0.99;;;;;;;;;
2023;engenharia-civil;Universidade Tuiuti do Paraná;PR;168;Privada;119;19.54;201-250;15.86;147;6.61;201-250;5.75;;;401-500;3.5;;;;;;;;;
2023;engenharia-civil;Universidade do Vale do Paraíba;SP;169;Privada;119;19.54;201-250;15.84;87;7.18;301-350;5.09;;;401-500;3.57;;;;;;;;;
2023;engenharia-civil;Centro Universitário Celso Lisboa;RJ;170;Privada;119;19.54;201-250;15.81;129;6.79;701-800;1.02;;;1;8;;;;;;;;;
2023;engenharia-civil;Universidade Luterana do Brasil;RS;171;Privada;119;19.54;251-300;15.39;251-300;5.28;201-250;5.72;;;351-400;4.39;;;;;;;;;
2023;engenharia-civil;Centro Universitário Campo Limpo Paulista;SP;172;Privada;45;29.86;701-800;4.89;801-1000;0.17;601-700;1.66;;;501-600;3.06;;;;;;;;;
2023;engenharia-civil;Centro Universitário Serra dos Órgãos;RJ;173;Privada;119;19.54;251-300;15.18;351-400;4.3;159;6.5;;;351-400;4.38;;;;;;;;;
2023;engenharia-civil;Centro Universitário Adventista de São Paulo;SP;174;Privada;119;19.54;251-300;14.91;201-250;5.7;178;6.32;;;501-600;2.89;;;;;;;;;
2023;engenharia-civil;Universidade de Vassouras;RJ;175;Privada;119;19.54;251-300;14.86;301-350;4.96;201-250;5.69;;;351-400;4.21;;;;;;;;;
2023;engenharia-civil;Universidade de Franca;SP;176;Privada;119;19.54;251-300;14.53;251-300;5.54;301-350;4.92;;;401-500;4.07;;;;;;;;;
2023;engenharia-civil;Centro Universitário Luterano de Palmas;TO;178;Privada;119;19.54;251-300;14.17;401-500;3.88;201-250;6.09;;;351-400;4.2;;;;;;;;;
2023;engenharia-civil;Centro Universitário - Católica de Santa Catarina em Joinville;SC;179;Privada;119;19.54;301-350;14.07;201-250;5.65;107;7;;;601-700;1.42;;;;;;;;;
2023;engenharia-civil;Universidade do Extremo Sul Catarinense;SC;180;Privada;119;19.54;301-350;13.95;401-500;3.51;122;6.85;;;401-500;3.59;;;;;;;;;
2023;engenharia-civil;Universidade Feevale;RS;181;Privada;119;19.54;301-350;13.91;196;6.15;201-250;5.71;;;601-700;2.05;;;;;;;;;
2023;engenharia-civil;Faculdade Martha Falcão Wyden;AM;182;Privada;119;19.54;301-350;13.89;54;7.5;201-250;5.67;;;701-800;0.72;;;;;;;;;
2023;engenharia-civil;Faculdade de Ensino Superior do Interior Paulista;SP;183;Privada;119;19.54;301-350;13.82;601-700;1.38;351-400;4.44;;;1;8;;;;;;;;;
2023;engenharia-civil;Centro Universitário Tocantinense Presidente Antônio Carlos;TO;184;Privada;119;19.54;301-350;13.65;401-500;3.58;187;6.24;;;401-500;3.83;;;;;;;;;
2023;engenharia-civil;Centro Universitário de Mineiros;GO;185;Municipal;119;19.54;301-350;13.46;501-600;3.02;501-600;2.44;;;1;8;;;;;;;;;
2023;engenharia-civil;Faculdade Ideal Wyden;PA;186;Privada;119;19.54;301-350;13.41;100;7.06;401-500;3.63;;;501-600;2.72;;;;;;;;;
2023;engenharia-civil;Faculdade Estácio de Sá de Ourinhos;SP;186;Privada;119;19.54;301-350;13.41;251-300;5.33;301-350;4.91;;;401-500;3.17;;;;;;;;;
2023;engenharia-civil;Universidade de Santa Cruz do Sul;RS;188;Privada;119;19.54;301-350;13.41;251-300;5.37;132;6.76;;;601-700;1.28;;;;;;;;;
2023;engenharia-civil;Centro Universitário Estácio do Ceará;CE;189;Privada;119;19.54;301-350;13.4;401-500;4.1;182;6.29;;;501-600;3.01;;;;;;;;;
2023;engenharia-civil;Faculdade Anhanguera de Ribeirão Preto;SP;190;Privada;;;46;32.93;701-800;1.14;401-500;3.96;;;;;15;27.83;;;;;;;
2023;engenharia-civil;Centro Universitário Sagrado Coração;SP;191;Privada;119;19.54;301-350;13.37;301-350;5.09;251-300;5.25;;;501-600;3.03;;;;;;;;;
2023;engenharia-civil;Universidade Regional do Noroeste do Estado do Rio Grande do Sul;RS;192;Privada;119;19.54;301-350;13.36;301-350;5.04;251-300;5.28;;;501-600;3.04;;;;;;;;;
2023;engenharia-civil;Universidade Católica de Brasília;DF;193;Privada;119;19.54;351-400;13.24;201-250;5.7;131;6.77;;;701-800;0.77;;;;;;;;;
2023;engenharia-civil;Centro Universitário Maurício de Nassau;PE;193;Privada;119;19.54;351-400;13.24;401-500;4.1;351-400;4.67;;;351-400;4.47;;;;;;;;;
2023;engenharia-civil;Centro Universitário Estácio do Recife;PE;195;Privada;119;19.54;351-400;13.19;301-350;4.72;351-400;4.64;;;401-500;3.83;;;;;;;;;
2023;engenharia-civil;Universidade de Marília;SP;196;Privada;119;19.54;351-400;12.89;501-600;2.61;111;6.96;;;401-500;3.32;;;;;;;;;
2023;engenharia-civil;Centro Universitário da Fundação Herminio Ometto;SP;197;Privada;119;19.54;351-400;12.43;351-400;4.51;164;6.46;;;601-700;1.46;;;;;;;;;
2023;engenharia-civil;Centro Universitário Católica do Tocantins;TO;198;Privada;119;19.54;351-400;12.3;251-300;5.33;251-300;5.58;;;601-700;1.39;;;;;;;;;
2023;engenharia-civil;Universidade da Amazônia;PA;199;Privada;119;19.54;401-500;12.22;401-500;4.17;251-300;5.19;;;501-600;2.86;;;;;;;;;
2023;engenharia-civil;Universidade Evangélica de Goiás;GO;200;Privada;119;19.54;401-500;12.19;501-600;2.43;251-300;5.41;;;351-400;4.35;;;;;;;;;
2023;engenharia-civil;Centro Universitário Anhanguera de São Paulo;SP;201;Privada;119;19.54;401-500;11.38;201-250;5.92;501-600;2.59;;;501-600;2.87;;;;;;;;;
2023;engenharia-civil;Centro Universitário Uniftec;RS;201;Privada;119;19.54;401-500;11.6;401-500;3.83;201-250;5.91;;;601-700;1.86;;;;;;;;;
2023;engenharia-civil;Centro Universitário Maurício de Nassau de Aracaju;SE;201;Privada;119;19.54;501-600;9.95;401-500;3.63;501-600;3;;;401-500;3.32;;;;;;;;;
2023;engenharia-civil;Faculdade Guarapuava;PR;201;Privada;119;19.54;501-600;9.89;701-800;0.49;351-400;4.54;;;301-350;4.86;;;;;;;;;
2023;engenharia-civil;Faculdade Anhanguera de Brasília;DF;201;Privada;119;19.54;401-500;11.45;201-250;5.82;601-700;2.07;;;401-500;3.56;;;;;;;;;
2023;engenharia-civil;Centro Universitário do Distrito Federal;DF;201;Privada;119;19.54;401-500;10.88;201-250;5.97;401-500;3.97;;;701-800;0.94;;;;;;;;;
2023;engenharia-civil;Faculdade Anhanguera Unime de Salvador;BA;201;Privada;119;19.54;501-600;10.77;199;6.12;701-800;0.64;;;401-500;4.01;;;;;;;;;
2023;engenharia-civil;Centro Universitário Estácio de Ji-paraná;RO;201;Privada;119;19.54;501-600;10.44;501-600;2.75;301-350;5.15;;;501-600;2.54;;;;;;;;;
2023;engenharia-civil;Centro Universitário da Serra Gaúcha;RS;201;Privada;119;19.54;501-600;10.48;351-400;4.33;201-250;5.77;;;701-800;0.38;;;;;;;;;
2023;engenharia-civil;Faculdade Metropolitana de Anápolis;GO;201;Privada;119;19.54;501-600;9.88;501-600;2.77;401-500;3.28;;;401-500;3.83;;;;;;;;;
2023;engenharia-civil;Universidade São Francisco;SP;201;Privada;119;19.54;401-500;12.11;501-600;2.62;251-300;5.32;;;351-400;4.17;;;;;;;;;
2023;engenharia-civil;Universidade de Sorocaba;SP;201;Privada;119;19.54;501-600;10.41;301-350;4.89;301-350;4.83;;;701-800;0.69;;;;;;;;;
2023;engenharia-civil;Centro Universitário de Santa Fé do Sul;SP;201;Municipal;119;19.54;501-600;9.96;601-700;1.71;401-500;3.99;;;351-400;4.26;;;;;;;;;
2023;engenharia-civil;Universidade do Planalto Catarinense;SC;201;Privada;119;19.54;401-500;11.23;501-600;2.83;155;6.54;;;601-700;1.86;;;;;;;;;
2023;engenharia-civil;Faculdade Estácio de Castanhal;PA;201;Privada;119;19.54;401-500;11.79;351-400;4.27;501-600;2.94;;;351-400;4.58;;;;;;;;;
2023;engenharia-civil;Escola de Engenharia;MG;201;Privada;119;19.54;601-700;8.46;201-250;5.83;701-800;1.35;;;601-700;1.28;;;;;;;;;
2023;engenharia-civil;Faculdade Anhanguera de Betim;MG;201;Privada;119;19.54;501-600;10.17;201-250;5.82;501-600;2.8;;;601-700;1.55;;;;;;;;;
2023;engenharia-civil;Faculdade Pitágoras Unopar Anhanguera de Londrina;PR;201;Privada;119;19.54;401-500;11.22;401-500;3.77;301-350;5.06;;;501-600;2.39;;;;;;;;;
2023;engenharia-civil;Universidade de Taubaté;SP;201;Municipal;119;19.54;501-600;10.37;401-500;4.1;351-400;4.24;;;601-700;2.03;;;;;;;;;
2023;engenharia-civil;Faculdade Anhanguera de Piracicaba;SP;201;Privada;119;19.54;401-500;11;351-400;4.58;351-400;4.62;;;601-700;1.8;;;;;;;;;
2023;engenharia-civil;Centro Universitário Fametro;CE;201;Privada;119;19.54;501-600;9.7;401-500;3.58;401-500;3.74;;;501-600;2.38;;;;;;;;;
2023;engenharia-civil;Faculdade Anhanguera de Belo Horizonte;MG;201;Privada;119;19.54;401-500;11.13;201-250;5.75;401-500;3.95;;;601-700;1.43;;;;;;;;;
2023;engenharia-civil;Faculdade Anhanguera de Pelotas;RS;201;Privada;119;19.54;401-500;11.06;201-250;5.9;601-700;1.91;;;401-500;3.25;;;;;;;;;
2023;engenharia-civil;Centro Universitário Aparício Carvalho;RO;201;Privada;119;19.54;501-600;10.65;801-1000;0.07;501-600;2.58;;;1;8;;;;;;;;;
2023;engenharia-civil;Faculdade Anhanguera de São Luiz;MA;201;Privada;119;19.54;501-600;9.63;401-500;3.74;601-700;1.95;;;401-500;3.94;;;;;;;;;
2023;engenharia-civil;Centro Universitário Moura Lacerda;SP;201;Privada;119;19.54;401-500;11.09;401-500;3.53;251-300;5.6;;;601-700;1.96;;;;;;;;;
2023;engenharia-civil;Centro Universitário Avantis;SC;201;Privada;119;19.54;401-500;11.52;701-800;1.29;251-300;5.54;;;301-350;4.69;;;;;;;;;
2023;engenharia-civil;Instituto de Serra Dourada;SP;201;Privada;119;19.54;401-500;10.78;501-600;2.43;801-1000;0.35;;;1;8;;;;;;;;;
2023;engenharia-civil;Universidade de Itaúna;MG;201;Privada;119;19.54;601-700;9.52;501-600;3.16;351-400;4.36;;;601-700;2;;;;;;;;;
2023;engenharia-civil;Centro Universitário Araguaia;GO;201;Privada;119;19.54;601-700;8.51;501-600;2.45;401-500;3.28;;;501-600;2.78;;;;;;;;;
2023;engenharia-civil;Faculdade Estácio de Sá de Campo Grande;MS;201;Privada;119;19.54;401-500;11.21;251-300;5.33;501-600;2.71;;;401-500;3.17;;;;;;;;;
2023;engenharia-civil;Centro Universitário das Faculdades Integradas de Ourinhos;SP;201;Privada;119;19.54;501-600;9.85;501-600;2.49;178;6.32;;;701-800;1.04;;;;;;;;;
2023;engenharia-civil;Universidade de Uberaba;MG;201;Privada;119;19.54;501-600;9.82;601-700;1.69;251-300;5.43;;;501-600;2.7;;;;;;;;;
2023;engenharia-civil;Centro Universitário de Maceió;AL;201;Privada;119;19.54;501-600;10.53;301-350;4.98;301-350;5.05;;;701-800;0.5;;;;;;;;;
2023;engenharia-civil;Centro Universitário Farias Brito;CE;201;Privada;119;19.54;401-500;11.01;501-600;2.71;113;6.94;;;601-700;1.36;;;;;;;;;
2023;engenharia-civil;Universidade Regional Integrada do Alto Uruguai e das Missões;RS;201;Privada;119;19.54;401-500;11.79;351-400;4.38;251-300;5.55;;;601-700;1.86;;;;;;;;;
2023;engenharia-civil;Centro Universitário Anhanguera Pitágoras Unopar de Campo Grande;MS;201;Privada;119;19.54;501-600;10.21;251-300;5.57;501-600;2.61;;;601-700;2.03;;;;;;;;;
2023;engenharia-civil;Centro Universitário Augusto Motta;RJ;201;Privada;119;19.54;601-700;8.44;501-600;2.94;401-500;3.31;;;501-600;2.19;;;;;;;;;
2023;engenharia-civil;Centro Universitário Anhanguera de Marabá;PA;201;Privada;119;19.54;501-600;9.99;401-500;4.14;501-600;2.94;;;501-600;2.91;;;;;;;;;
2023;engenharia-civil;Centro Universitário de Lavras;MG;201;Privada;119;19.54;601-700;9.37;401-500;4.12;351-400;4.36;;;701-800;0.89;;;;;;;;;
2023;engenharia-civil;Centro Universitário Barriga Verde;SC;201;Privada;119;19.54;601-700;8.42;601-700;1.73;301-350;5.03;;;601-700;1.66;;;;;;;;;
2023;engenharia-civil;Centro Universitário Estácio de Sergipe;SE;201;Privada;119;19.54;401-500;11.85;178;6.32;401-500;3.93;;;601-700;1.6;;;;;;;;;
2023;engenharia-civil;Centro Universitário Maurício de Nassau de João Pessoa;PB;201;Privada;119;19.54;401-500;11.68;401-500;3.63;401-500;4.04;;;401-500;4.01;;;;;;;;;
2023;engenharia-civil;Universidade do Contestado;SC;201;Privada;119;19.54;401-500;10.98;601-700;1.66;251-300;5.25;;;401-500;4.07;;;;;;;;;
2023;engenharia-civil;Centro Universitário Salesiano de São Paulo;SP;201;Privada;119;19.54;501-600;10.35;301-350;5.15;351-400;4.47;;;701-800;0.73;;;;;;;;;
2023;engenharia-civil;Centro Universitário do Norte de São Paulo;SP;201;Privada;119;19.54;501-600;9.76;401-500;3.58;701-800;1.36;;;301-350;4.82;;;;;;;;;
2023;engenharia-civil;Centro Universitário Ceuni;AM;201;Privada;119;19.54;601-700;8.28;701-800;0.99;501-600;2.36;;;301-350;4.93;;;;;;;;;
2023;engenharia-civil;Centro Universitário Estácio da Bahia;BA;201;Privada;119;19.54;401-500;11.97;401-500;3.49;401-500;4.01;;;351-400;4.47;;;;;;;;;
2023;engenharia-civil;Centro Universitário Fasipe;MT;201;Privada;119;19.54;401-500;11.25;501-600;2.51;401-500;3.9;;;301-350;4.84;;;;;;;;;
2023;engenharia-civil;Centro Universitário Estácio de Belo Horizonte;MG;201;Privada;119;19.54;401-500;12;178;6.32;501-600;2.67;;;501-600;3.01;;;;;;;;;
2023;engenharia-civil;Faculdade de Engenharia de Minas Gerais;MG;251;Privada;119;19.54;701-800;6.04;701-800;0.66;251-300;5.37;;;801-1000;0.01;;;;;;;;;
2023;engenharia-civil;Universidade Federal do Cariri;CE;251;Federal;;;55;22.91;67;7.37;50;7.54;;;1;8;;;;;;;;;
2023;engenharia-civil;Fundação Universidade Federal do Pampa;RS;251;Federal;;;68;22.3;88;7.17;93;7.13;;;1;8;;;;;;;;;
2023;engenharia-civil;Fundação Universidade Federal da Grande Dourados;MS;251;Federal;;;77;22.07;116;6.91;90;7.16;;;1;8;;;;;;;;;
2023;engenharia-civil;Centro Universitário de Goiás;GO;251;Privada;119;19.54;701-800;6.95;601-700;1.82;401-500;3.76;;;601-700;1.37;;;;;;;;;
2023;engenharia-civil;Universidade Estadual de Montes Claros;MG;251;Estadual;;;98;20.86;201-250;5.72;92;7.14;;;1;8;;;;;;;;;
2023;engenharia-civil;Universidade Federal de Roraima;RR;251;Federal;;;73;22.13;143;6.65;56;7.48;;;1;8;;;;;;;;;
2023;engenharia-civil;Universidade José do Rosário Velano;MG;251;Privada;;;123;19.4;134;6.74;351-400;4.66;;;1;8;;;;;;;;;
2023;engenharia-civil;Centro Universitário de Tecnologia de Curitiba;PR;251;Privada;119;19.54;701-800;5.26;401-500;3.37;601-700;1.64;;;701-800;0.25;;;;;;;;;
2023;engenharia-civil;Universidade Cândido Mendes;RJ;251;Privada;119;19.54;701-800;7.27;601-700;1.86;301-350;5.02;;;701-800;0.39;;;;;;;;;
2023;engenharia-civil;Universidade Paranaense;PR;251;Privada;119;19.54;701-800;5.91;701-800;0.43;251-300;5.22;;;701-800;0.26;;;;;;;;;
2023;engenharia-civil;Centro Universitário da Região da Campanha;RS;251;Privada;119;19.54;701-800;5.42;701-800;0.64;351-400;4.46;;;701-800;0.32;;;;;;;;;
2023;engenharia-civil;Universidade Federal do Sul da Bahia;BA;251;Federal;;;107;20.43;251-300;5.33;96;7.1;;;1;8;;;;;;;;;
2023;engenharia-civil;Faculdade Unirb - Piauí;PI;251;Privada;;;123;19.4;54;7.5;401-500;3.9;;;1;8;;;;;;;;;
2023;engenharia-civil;Faculdade Unisul de Florianópolis;SC;251;Privada;;;88;21.47;123;6.84;146;6.63;;;1;8;;;;;;;;;
2023;engenharia-civil;Universidade Federal do Triângulo Mineiro;MG;251;Federal;;;52;23.28;29;7.73;49;7.55;;;1;8;;;;;;;;;
2023;engenharia-civil;Faculdade Lusófona de São Paulo;SP;251;Privada;119;19.54;701-800;5.88;501-600;2.43;401-500;3.45;;;;;;;;;;;;;
2023;engenharia-civil;Universidade Brasil;SP;251;Privada;119;19.54;601-700;7.52;501-600;3.12;401-500;3.51;;;701-800;0.89;;;;;;;;;
2023;engenharia-civil;Faculdades Integradas Maria Imaculada;SP;251;Privada;;;120;19.53;201-250;5.9;251-300;5.63;;;1;8;;;;;;;;;
2023;engenharia-civil;Universidade Federal Rural de Pernambuco;PE;251;Federal;;;63;22.54;41;7.62;115;6.92;;;1;8;;;;;;;;;
2023;engenharia-civil;Instituto Federal de Educação, Ciência e Tecnologia do Espírito Santo;ES;251;Federal;;;97;21.01;301-350;5.05;5;7.96;;;1;8;;;;;;;;;
2023;engenharia-civil;Faculdade de Santo Ângelo;RS;251;Privada;119;19.54;801-1000;3.22;701-800;1.22;601-700;1.91;;;801-1000;0.09;;;;;;;;;
2023;engenharia-civil;Centro Universitário Alves Faria;GO;251;Privada;119;19.54;701-800;7.26;701-800;0.47;201-250;5.89;;;701-800;0.9;;;;;;;;;
2023;engenharia-civil;Centro Federal de Educação Tecnológica Celso Suckow da Fonseca;RJ;251;Federal;;;62;22.55;121;6.86;34;7.69;;;1;8;;;;;;;;;
2023;engenharia-civil;Centro Universitário Integrado de Campo Mourão;PR;251;Privada;;;121;19.49;178;6.32;251-300;5.17;;;1;8;;;;;;;;;
2023;engenharia-civil;Universidade Estadual de Feira de Santana;BA;251;Estadual;;;92;21.32;201-250;5.91;63;7.41;;;1;8;;;;;;;;;
2023;engenharia-civil;Fundação Universidade Federal do Tocantins;TO;251;Federal;;;71;22.24;134;6.74;54;7.5;;;1;8;;;;;;;;;
2023;engenharia-civil;Centro Universitário Univinte;SC;251;Privada;119;19.54;601-700;7.67;601-700;1.68;401-500;3.57;;;501-600;2.42;;;;;;;;;
2023;engenharia-civil;Universidade La Salle;RS;251;Privada;;;92;21.32;54;7.5;201-250;5.82;;;1;8;;;;;;;;;
2023;engenharia-civil;Centro Universitário de Viçosa;MG;251;Privada;;;67;22.31;75;7.3;106;7.01;;;1;8;;;;;;;;;
2023;engenharia-civil;Universidade Federal do Sul e Sudeste do Pará;PA;251;Federal;;;61;22.56;122;6.85;32;7.71;;;1;8;;;;;;;;;
2023;engenharia-civil;Universidade do Vale do Taquari;RS;251;Privada;;;99;20.82;113;6.94;201-250;5.88;;;1;8;;;;;;;;;
2023;engenharia-civil;Faculdade de Americana;SP;251;Privada;119;19.54;801-1000;3.17;501-600;2.65;801-1000;0.35;;;801-1000;0.17;;;;;;;;;
2023;engenharia-civil;Centro Universitário Redentor;RJ;251;Privada;;;117;19.54;201-250;5.7;201-250;5.84;;;1;8;;;;;;;;;
2023;engenharia-civil;Centro Universitário Metodista;RS;251;Privada;;;78;22.06;1;8;201-250;6.06;;;1;8;;;;;;;;;
2023;engenharia-civil;Universidade Federal de Catalão;GO;251;Federal;;;65;22.44;65;7.39;101;7.05;;;1;8;;;;;;;;;
2023;engenharia-civil;Universidade Federal do Recôncavo da Bahia;BA;251;Federal;;;96;21.03;201-250;5.74;76;7.29;;;1;8;;;;;;;;;
2023;engenharia-civil;Centro Universitário Facex;RN;251;Privada;119;19.54;601-700;7.84;701-800;1.2;170;6.4;;;701-800;0.24;;;;;;;;;
2023;engenharia-civil;Universidade Cruzeiro do Sul;SP;251;Privada;119;19.54;701-800;6.89;501-600;3.23;501-600;2.38;;;601-700;1.28;;;;;;;;;
2023;engenharia-civil;Universidade Nilton Lins;AM;251;Privada;119;19.54;701-800;6.3;601-700;1.39;601-700;2.14;;;501-600;2.77;;;;;;;;;
2023;engenharia-civil;Universidade Estadual de Santa Cruz;BA;251;Estadual;;;58;22.71;130;6.78;8;7.93;;;1;8;;;;;;;;;
2023;engenharia-civil;Faculdade Flórida;SP;251;Privada;119;19.54;601-700;7.73;501-600;2.68;501-600;2.73;;;501-600;2.32;;;;;;;;;
2023;engenharia-civil;Instituto Federal de Educação, Ciência e Tecnologia da Bahia;BA;251;Federal;;;117;19.54;401-500;3.9;39;7.64;;;1;8;;;;;;;;;
2023;engenharia-civil;Centro Universitário de Itajubá;MG;251;Privada;;;99;20.82;163;6.46;174;6.36;;;1;8;;;;;;;;;
2023;engenharia-civil;Universidade Iguaçu;RJ;251;Privada;119;19.54;701-800;5.24;601-700;1.62;601-700;1.76;;;601-700;1.86;;;;;;;;;
2023;engenharia-civil;FAE Centro Universitário;PR;251;Privada;119;19.54;601-700;7.54;301-350;5.13;601-700;1.64;;;701-800;0.77;;;;;;;;;
2023;engenharia-civil;Universidade Federal da Integração Latino-americana;PR;251;Federal;;;54;23.01;27;7.75;79;7.26;;;1;8;;;;;;;;;
2023;engenharia-civil;Instituto Federal de Educação, Ciência e Tecnologia de São Paulo;SP;251;Federal;;;84;21.63;201-250;5.98;38;7.65;;;1;8;;;;;;;;;
2023;engenharia-civil;Universidade Federal do Amapá;AP;251;Federal;;;90;21.4;201-250;5.93;57;7.47;;;1;8;;;;;;;;;
2023;engenharia-civil;Centro Universitário Ateneu;CE;251;Privada;;;104;20.58;178;6.32;185;6.26;;;1;8;;;;;;;;;
2023;engenharia-civil;Centro Universitário Santa Maria;PB;251;Privada;;;122;19.48;201-250;5.82;201-250;5.66;;;1;8;;;;;;;;;
2023;engenharia-civil;Centro Universitário Sociesc de Blumenau;SC;301;Privada;;;185;17.29;44;7.59;201-250;5.9;;;401-500;3.8;;;;;;;;;
2023;engenharia-civil;Instituto Federal de Educação, Ciência e Tecnologia do Tocantins;TO;301;Federal;;;151;18.22;501-600;2.78;60;7.44;;;1;8;;;;;;;;;
2023;engenharia-civil;Universidade do Estado de Minas Gerais;MG;301;Estadual;;;181;17.38;501-600;3.13;186;6.25;;;1;8;;;;;;;;;
2023;engenharia-civil;Instituto Federal de Educação, Ciência e Tecnologia Goiano;GO;301;Federal;;;146;18.44;161;6.48;67;7.38;;;351-400;4.58;;;;;;;;;
2023;engenharia-civil;Instituto Federal de Educação, Ciência e Tecnologia do Ceará;CE;301;Federal;;;158;17.97;501-600;2.44;51;7.53;;;1;8;;;;;;;;;
2023;engenharia-civil;Faculdade de Tecnologia e Ciências de Jequié;BA;301;Privada;;;165;17.84;401-500;3.74;201-250;6.1;;;1;8;;;;;;;;;
2023;engenharia-civil;Centro Universitário Unirb - Alagoinhas;BA;301;Privada;;;165;17.84;178;6.32;401-500;3.52;;;1;8;;;;;;;;;
2023;engenharia-civil;Faculdade Unirb - Parnaíba;PI;301;Privada;;;141;18.64;134;6.74;401-500;3.9;;;1;8;;;;;;;;;
2023;engenharia-civil;Instituto Federal de Educação, Ciência e Tecnologia de Sergipe;SE;301;Federal;;;147;18.43;401-500;3.54;118;6.89;;;1;8;;;;;;;;;
2023;engenharia-civil;Centro Universitário Uniasselvi de Guaramirim;SC;301;Privada;;;163;17.91;301-350;5.07;301-350;4.84;;;1;8;;;;;;;;;
2023;engenharia-civil;Universidade Federal de Pelotas;RS;301;Federal;;;155;18.1;401-500;3.5;149;6.6;;;1;8;;;;;;;;;
2023;engenharia-civil;Centro Universitário de Ciências e Empreendedorismo;BA;301;Privada;;;159;17.96;301-350;4.89;301-350;5.07;;;1;8;;;;;;;;;
2023;engenharia-civil;Centro Universitário Unicuritiba;PR;301;Privada;;;136;18.85;301-350;4.89;201-250;5.96;;;1;8;;;;;;;;;
2023;engenharia-civil;Instituto Federal de Educação, Ciência e Tecnologia do Mato Grosso do Sul;MS;301;Federal;;;143;18.52;401-500;3.36;90;7.16;;;1;8;;;;;;;;;
2023;engenharia-civil;Faculdade Aldete Maria Alves;MG;301;Privada;;;160;17.94;178;6.32;401-500;3.62;;;1;8;;;;;;;;;
2023;engenharia-civil;Centro Universitário Una de Uberlândia;MG;301;Privada;;;173;17.67;104;7.02;501-600;2.65;;;1;8;;;;;;;;;
2023;engenharia-civil;Centro Universitário Inta;CE;301;Privada;;;154;18.11;173;6.37;401-500;3.74;;;1;8;;;;;;;;;
2023;engenharia-civil;Centro Universitário Zarns;BA;301;Privada;;;162;17.92;201-250;5.7;351-400;4.22;;;1;8;;;;;;;;;
2023;engenharia-civil;Instituto Federal de Educação, Ciência e Tecnologia de Alagoas;AL;301;Federal;;;144;18.51;401-500;3.29;83;7.22;;;1;8;;;;;;;;;
2023;engenharia-civil;Centro Universitário Facol;PE;301;Privada;;;157;18.01;351-400;4.22;201-250;5.79;;;1;8;;;;;;;;;
2023;engenharia-civil;Universidade Federal do Oeste do Pará;PA;301;Federal;;;140;18.68;401-500;3.49;87;7.19;;;1;8;;;;;;;;;
2023;engenharia-civil;Instituto Federal de Educação, Ciência e Tecnologia do Amazonas;AM;301;Federal;;;156;18.07;401-500;3.83;187;6.24;;;1;8;;;;;;;;;
2023;engenharia-civil;Centro Universitário Natalense;RN;301;Privada;;;164;17.9;351-400;4.43;251-300;5.47;;;1;8;;;;;;;;;
2023;engenharia-civil;Centro Universitário Ages;BA;301;Privada;;;133;19.01;123;6.84;401-500;4.17;;;1;8;;;;;;;;;
2023;engenharia-civil;Faculdade Anhanguera de Macapá;AP;301;Privada;;;172;17.69;134;6.74;501-600;2.95;;;1;8;;;;;;;;;
2023;engenharia-civil;Instituto Federal de Educação, Ciência e Tecnologia Sul-Rio-Grandense;RS;301;Federal;;;130;19.25;351-400;4.46;129;6.79;;;1;8;;;;;;;;;
2023;engenharia-civil;Faculdade Ibmec;MG;301;Privada;;;189;17.18;1;8;12;7.9;;;601-700;1.28;;;;;;;;;
2023;engenharia-civil;Faculdade Educacional Araucária;PR;301;Privada;;;189;17.18;351-400;4.58;351-400;4.6;;;1;8;;;;;;;;;
2023;engenharia-civil;Faculdade Unirb - Natal;RN;301;Privada;;;149;18.36;301-350;4.89;251-300;5.47;;;1;8;;;;;;;;;
2023;engenharia-civil;Faculdade Internacional da Paraíba;PB;301;Privada;;;139;18.7;201-250;5.9;301-350;4.8;;;1;8;;;;;;;;;
2023;engenharia-civil;Faculdades Integradas de Bauru;SP;301;Privada;;;168;17.81;251-300;5.16;351-400;4.65;;;1;8;;;;;;;;;
2023;engenharia-civil;Universidade de Ribeirão Preto;SP;301;Privada;;;188;17.21;141;6.67;251-300;5.57;;;301-350;4.97;;;;;;;;;
2023;engenharia-civil;Faculdade Unirb - Teresina;PI;301;Privada;;;177;17.44;251-300;5.54;401-500;3.9;;;1;8;;;;;;;;;
2023;engenharia-civil;Instituto Federal de Educação, Ciência e Tecnologia de Minas Gerais;MG;301;Federal;;;145;18.49;501-600;3;55;7.49;;;1;8;;;;;;;;;
2023;engenharia-civil;União das Faculdades dos Grandes Lagos;SP;301;Privada;;;191;17.13;351-400;4.3;301-350;4.83;;;1;8;;;;;;;;;
2023;engenharia-civil;Faculdade Multivix Serra;ES;301;Privada;;;169;17.77;501-600;2.43;71;7.34;;;1;8;;;;;;;;;
2023;engenharia-civil;Faculdade de Tecnologia Nova Palhoça;SC;301;Privada;;;170;17.75;1;8;601-700;1.75;;;1;8;;;;;;;;;
2023;engenharia-civil;Instituto Federal de Educação, Ciência e Tecnologia da Paraíba;PB;301;Federal;;;129;19.26;401-500;3.74;52;7.52;;;1;8;;;;;;;;;
2023;engenharia-civil;Instituto Federal de Educação, Ciência e Tecnologia do Sertão Pernambucano;PE;301;Federal;;;131;19.24;351-400;4.65;150;6.59;;;1;8;;;;;;;;;
2023;engenharia-civil;Instituto Federal de Educação, Ciência e Tecnologia do Pará;PA;301;Federal;;;127;19.29;401-500;4.1;87;7.19;;;1;8;;;;;;;;;
2023;engenharia-civil;Faculdade da Saúde e Ecologia Humana;MG;301;Privada;;;183;17.35;1;8;701-800;1.35;;;1;8;;;;;;;;;
2023;engenharia-civil;Faculdade de Ensino Superior da Cidade de Feira de Santana;BA;301;Privada;;;132;19.1;301-350;4.76;176;6.34;;;1;8;;;;;;;;;
2023;engenharia-civil;Faculdade de Tecnologia e Ciências de Itabuna;BA;301;Privada;;;125;19.38;123;6.84;351-400;4.54;;;1;8;;;;;;;;;
2023;engenharia-civil;Faculdade Anhanguera Pitágoras de Jundiaí;SP;301;Privada;;;152;18.18;24;7.78;501-600;2.4;;;1;8;;;;;;;;;
2023;engenharia-civil;Faculdade Meridional;RS;301;Privada;;;128;19.28;113;6.94;351-400;4.34;;;1;8;;;;;;;;;
2023;engenharia-civil;Centro Universitário da Vitória de Santo Antão;PE;301;Privada;;;135;18.94;201-250;5.73;251-300;5.21;;;1;8;;;;;;;;;
2023;engenharia-civil;Universidade Estadual da Região Tocantina do Maranhão;MA;301;Estadual;;;187;17.23;501-600;2.43;128;6.8;;;1;8;;;;;;;;;
2023;engenharia-civil;Centro Universitário Projeção;DF;301;Privada;;;174;17.57;54;7.5;601-700;2.07;;;1;8;;;;;;;;;
2023;engenharia-civil;Instituto Federal de Educação, Ciência e Tecnologia do Sul de Minas Gerais;MG;301;Federal;;;176;17.47;201-250;6;74;7.31;;;351-400;4.16;;;;;;;;;
2023;engenharia-civil;Faculdade Estácio de João Pessoa;PB;351;Privada;;;201-250;15.51;501-600;2.43;301-350;5.08;;;1;8;;;;;;;;;
2023;engenharia-civil;Faculdade Anhanguera de Sorocaba;SP;351;Privada;;;201-250;15.94;44;7.59;801-1000;0.35;;;1;8;;;;;;;;;
2023;engenharia-civil;Faculdade Esamc Uberlândia;MG;351;Privada;;;192;17.1;501-600;2.43;142;6.67;;;1;8;;;;;;;;;
2023;engenharia-civil;Centro Universitário Santa Rita;MG;351;Privada;;;201-250;16.63;401-500;3.63;301-350;5;;;1;8;;;;;;;;;
2023;engenharia-civil;Centro Universitário Sant'Anna;SP;351;Privada;;;201-250;16.28;178;6.32;601-700;1.96;;;1;8;;;;;;;;;
2023;engenharia-civil;Faculdade Una de Divinópolis;MG;351;Privada;;;251-300;15.25;201-250;5.9;701-800;1.35;;;1;8;;;;;;;;;
2023;engenharia-civil;Faculdade Meridional de Porto Alegre;RS;351;Privada;;;201-250;16.79;119;6.88;601-700;1.91;;;1;8;;;;;;;;;
2023;engenharia-civil;Faculdade Ages de Senhor do Bonfim;BA;351;Privada;;;201-250;16.64;1;8;701-800;0.64;;;1;8;;;;;;;;;
2023;engenharia-civil;Faculdade Unime de Ciências Exatas e Tecnológicas;BA;351;Privada;;;201-250;16.11;201-250;5.65;201-250;5.85;;;301-350;4.61;;;;;;;;;
2023;engenharia-civil;Centro Universitário Cidade Verde;PR;351;Privada;;;251-300;15.18;251-300;5.54;601-700;1.64;;;1;8;;;;;;;;;
2023;engenharia-civil;Faculdade de Tecnologia e Ciências;PE;351;Privada;;;192;17.1;178;6.32;501-600;2.78;;;1;8;;;;;;;;;
2023;engenharia-civil;Centro Universitário Estácio Juiz de Fora;MG;351;Privada;;;251-300;15.32;106;7;251-300;5.31;;;501-600;3.01;;;;;;;;;
2023;engenharia-civil;Centro Universitário Atenas;MG;351;Privada;;;201-250;16.3;501-600;2.81;251-300;5.49;;;1;8;;;;;;;;;
2023;engenharia-civil;Faculdade Doctum de Juiz de Fora;MG;351;Privada;;;201-250;16.17;501-600;2.84;251-300;5.33;;;1;8;;;;;;;;;
2023;engenharia-civil;Faculdade Presidente Antônio Carlos;TO;351;Privada;;;201-250;15.44;201-250;5.97;301-350;4.89;;;351-400;4.58;;;;;;;;;
2023;engenharia-civil;Faculdade Unirb - Aracaju;SE;351;Privada;;;201-250;16.13;75;7.3;701-800;0.83;;;1;8;;;;;;;;;
2023;engenharia-civil;Faculdades Integradas de Três Lagoas;MS;351;Privada;;;201-250;16.8;172;6.38;501-600;2.42;;;1;8;;;;;;;;;
2023;engenharia-civil;Centro Universitário Católico Salesiano Auxilium;SP;351;Privada;;;201-250;16.85;501-600;2.47;172;6.38;;;1;8;;;;;;;;;
2023;engenharia-civil;Instituto Universitário São Judas de São Bernardo do Campo;SP;351;Privada;;;201-250;16.35;1;8;801-1000;0.35;;;1;8;;;;;;;;;
2023;engenharia-civil;Centro Universitário Itop;TO;351;Privada;;;251-300;15.32;501-600;2.43;301-350;4.89;;;1;8;;;;;;;;;
2023;engenharia-civil;Faculdades Network - Campus Sumaré;SP;351;Privada;;;201-250;16.35;1;8;801-1000;0.35;;;1;8;;;;;;;;;
2023;engenharia-civil;Faculdade Una de Jataí;GO;351;Privada;;;201-250;16.54;251-300;5.26;401-500;3.28;;;1;8;;;;;;;;;
2023;engenharia-civil;Centro Universitário de Goiatuba;GO;351;Municipal;;;201-250;16.47;301-350;4.72;401-500;3.75;;;1;8;;;;;;;;;
2023;engenharia-civil;Centro Universitário Maria Milza;BA;351;Privada;;;201-250;15.83;601-700;1.78;201-250;6.05;;;1;8;;;;;;;;;
2023;engenharia-civil;Faculdade Inova Mais de São Paulo;SP;351;Privada;;;201-250;16.35;1;8;801-1000;0.35;;;1;8;;;;;;;;;
2023;engenharia-civil;Faculdade Castro Alves;BA;351;Privada;;;201-250;15.64;106;7;701-800;0.64;;;1;8;;;;;;;;;
2023;engenharia-civil;Instituto Federal de Educação, Ciência e Tecnologia do Norte de Minas Gerais;MG;351;Federal;;;201-250;16.88;601-700;1.85;103;7.03;;;1;8;;;;;;;;;
2023;engenharia-civil;Faculdade Unirb - Camaçari;BA;351;Privada;;;251-300;15.25;147;6.61;701-800;0.64;;;1;8;;;;;;;;;
2023;engenharia-civil;Centro Universitário Mario Pontes Jucá;AL;351;Privada;;;201-250;16.48;351-400;4.37;401-500;4.11;;;1;8;;;;;;;;;
2023;engenharia-civil;Faculdade Unesc-Unama;RO;351;Privada;;;201-250;15.99;501-600;3.09;301-350;4.9;;;1;8;;;;;;;;;
2023;engenharia-civil;Centro Universitário Imepac;MG;351;Privada;;;201-250;16.09;134;6.74;701-800;1.35;;;1;8;;;;;;;;;
2023;engenharia-civil;Faculdade Terra Nordeste;CE;351;Privada;;;201-250;16.17;351-400;4.43;401-500;3.74;;;1;8;;;;;;;;;
2023;engenharia-civil;Centro Universitário Uniasselvi de Blumenau ;SC;351;Privada;;;201-250;16.39;201-250;6.1;251-300;5.5;;;301-350;4.79;;;;;;;;;
2023;engenharia-civil;Centro Universitário Vértice;MG;351;Privada;;;201-250;15.78;501-600;2.43;251-300;5.35;;;1;8;;;;;;;;;
2023;engenharia-civil;Faculdade Funorte de Janaúba;MG;351;Privada;;;201-250;15.67;178;6.32;701-800;1.35;;;1;8;;;;;;;;;
2023;engenharia-civil;Universidade Ibirapuera;SP;351;Privada;;;201-250;16.88;301-350;4.96;401-500;3.92;;;1;8;;;;;;;;;
2023;engenharia-civil;Instituto Federal de Educação, Ciência e Tecnologia do Amapá;AP;351;Federal;;;194;17.08;601-700;1.61;57;7.47;;;1;8;;;;;;;;;
2023;engenharia-civil;Centro Universitário Santa Maria da Glória;PR;351;Privada;;;251-300;15.18;251-300;5.54;601-700;1.64;;;1;8;;;;;;;;;
2023;engenharia-civil;Centro Universitário Doctum de Teófilo Otoni;MG;351;Privada;;;201-250;15.91;401-500;4.1;401-500;3.81;;;1;8;;;;;;;;;
2023;engenharia-civil;Universidade de Rio Verde;GO;351;Municipal;;;201-250;16.16;501-600;2.82;251-300;5.34;;;1;8;;;;;;;;;
2023;engenharia-civil;Instituto Federal de Educação, Ciência e Tecnologia de Pernambuco;PE;351;Federal;;;201-250;16.37;601-700;1.78;150;6.59;;;1;8;;;;;;;;;
2023;engenharia-civil;Faculdades Oswaldo Cruz;SP;351;Privada;;;201-250;15.81;174;6.36;201-250;5.78;;;401-500;3.67;;;;;;;;;
2023;engenharia-civil;Centro Universitário Dinâmica das Cataratas;PR;351;Privada;;;196;17.01;201-250;5.9;180;6.31;;;301-350;4.8;;;;;;;;;
2023;engenharia-civil;Universidade Estadual da Paraíba;PB;351;Estadual;;;197;17.01;701-800;1.29;31;7.72;;;1;8;;;;;;;;;
2023;engenharia-civil;Faculdade Brasileira de Tecnologia-SE;SE;351;Privada;;;201-250;16.03;85;7.2;701-800;0.83;;;1;8;;;;;;;;;
2023;engenharia-civil;Instituto Superior de Educação Ibituruna;MG;351;Privada;;;201-250;16.76;501-600;2.43;177;6.33;;;1;8;;;;;;;;;
2023;engenharia-civil;Centro Universitário do Rio de Janeiro;RJ;351;Privada;;;198;16.99;106;7;601-700;1.99;;;1;8;;;;;;;;;
2023;engenharia-civil;Faculdade de Tecnologia Alto Médio São Francisco;MG;351;Privada;;;201-250;16.09;134;6.74;701-800;1.35;;;1;8;;;;;;;;;
2023;engenharia-civil;Faculdade Luciano Feijão;CE;351;Privada;;;201-250;15.41;401-500;3.67;401-500;3.74;;;1;8;;;;;;;;;
2023;engenharia-civil;Faculdade Ages de Jacobina;BA;351;Privada;;;201-250;16.23;44;7.59;701-800;0.64;;;1;8;;;;;;;;;
2023;engenharia-civil;Centro Universitário Favip Wyden;PE;401;Privada;;;401-500;12.16;351-400;4.5;197;6.14;;;601-700;1.52;;;;;;;;;
2023;engenharia-civil;Faculdade Paranaense-Curitiba;PR;401;Privada;;;351-400;12.3;701-800;0.94;401-500;3.36;;;1;8;;;;;;;;;
2023;engenharia-civil;Faculdade de Piracanjuba;GO;401;Privada;;;351-400;12.38;96;7.1;401-500;3.28;;;601-700;2;;;;;;;;;
2023;engenharia-civil;Centro Universitário FBV Wyden;PE;401;Privada;;;251-300;15.07;54;7.5;70;7.35;;;701-800;0.22;;;;;;;;;
2023;engenharia-civil;Universidade Universus Veritas Guarulhos;SP;401;Privada;;;301-350;14.15;201-250;5.76;401-500;3.5;;;301-350;4.89;;;;;;;;;
2023;engenharia-civil;Centro Universitário Facunicamps;GO;401;Privada;;;251-300;14.3;501-600;3.02;401-500;3.28;;;1;8;;;;;;;;;
2023;engenharia-civil;Faculdade Unida de Campinas Goiânia;GO;401;Privada;;;251-300;14.21;501-600;2.93;401-500;3.28;;;1;8;;;;;;;;;
2023;engenharia-civil;Centro Universitário Planalto do Distrito Federal;DF;401;Privada;;;351-400;12.85;601-700;1.47;401-500;3.38;;;1;8;;;;;;;;;
2023;engenharia-civil;Faculdade Anhanguera de Contagem;MG;401;Privada;;;301-350;13.55;44;7.59;701-800;1.35;;;301-350;4.61;;;;;;;;;
2023;engenharia-civil;Faculdade Sociesc de Educação de São Bento do Sul;SC;401;Privada;;;401-500;12.18;501-600;2.43;601-700;1.75;;;1;8;;;;;;;;;
2023;engenharia-civil;Centro Universitário de Ciências e Tecnologia do Maranhão;MA;401;Privada;;;301-350;13.92;701-800;0.94;301-350;4.98;;;1;8;;;;;;;;;
2023;engenharia-civil;Faculdade Estácio de Belém;PA;401;Privada;;;251-300;14.4;401-500;3.86;201-250;6.02;;;351-400;4.52;;;;;;;;;
2023;engenharia-civil;Centro Universitário do Sul de Minas;MG;401;Privada;;;351-400;12.81;501-600;2.7;124;6.84;;;401-500;3.27;;;;;;;;;
2023;engenharia-civil;Centro Universitário Municipal de Franca;SP;401;Municipal;;;301-350;13.32;351-400;4.6;201-250;5.81;;;501-600;2.91;;;;;;;;;
2023;engenharia-civil;Faculdade Anhanguera Unidade Paragominas;PA;401;Privada;;;301-350;13.95;94;7.12;501-600;2.94;;;401-500;3.89;;;;;;;;;
2023;engenharia-civil;Centro Universitário Estácio de Ribeirão Preto;SP;401;Privada;;;251-300;14.72;201-250;6.02;301-350;4.81;;;401-500;3.89;;;;;;;;;
2023;engenharia-civil;Centro Universitário do Instituto de Educação Superior de Brasília;DF;401;Privada;;;251-300;14.35;120;6.87;159;6.5;;;701-800;0.98;;;;;;;;;
2023;engenharia-civil;Centro Universitário Una de Contagem;MG;401;Privada;;;351-400;13.05;501-600;2.75;201-250;5.83;;;351-400;4.47;;;;;;;;;
2023;engenharia-civil;Centro Universitário de União da Vitória;PR;401;Municipal;;;351-400;13.23;801-1000;0.13;301-350;5.1;;;1;8;;;;;;;;;
2023;engenharia-civil;Centro Universitário Luterano de Santarém;PA;401;Privada;;;351-400;12.26;501-600;3.1;251-300;5.52;;;401-500;3.64;;;;;;;;;
2023;engenharia-civil;Centro Universitário de Presidente Prudente;SP;401;Privada;;;251-300;15.01;501-600;3.23;401-500;3.78;;;1;8;;;;;;;;;
2023;engenharia-civil;Centro Universitário Uniasselvi de Brusque;SC;401;Privada;;;301-350;13.7;301-350;4.96;351-400;4.39;;;351-400;4.35;;;;;;;;;
2023;engenharia-civil;Instituto Aphonsiano de Ensino Superior;GO;401;Privada;;;351-400;13.19;601-700;1.91;401-500;3.28;;;1;8;;;;;;;;;
2023;engenharia-civil;Centro Universitário Unifaat;SP;401;Privada;;;251-300;14.84;351-400;4.47;201-250;6.11;;;351-400;4.26;;;;;;;;;
2023;engenharia-civil;Faculdade Unirb - Maceió;AL;401;Privada;;;301-350;13.82;351-400;4.43;601-700;1.39;;;1;8;;;;;;;;;
2023;engenharia-civil;Centro Universitário Estácio de Santa Catarina;SC;401;Privada;;;251-300;15.03;301-350;4.89;251-300;5.39;;;301-350;4.75;;;;;;;;;
2023;engenharia-civil;Instituto Belo Horizonte de Ensino Superior;MG;401;Privada;;;351-400;12.84;401-500;3.49;701-800;1.35;;;1;8;;;;;;;;;
2023;engenharia-civil;Faculdade Multivix São Mateus;ES;401;Privada;;;301-350;13.4;701-800;1.05;1;8;;;351-400;4.35;;;;;;;;;
2023;engenharia-civil;Centro Universitário Uninorte;AC;401;Privada;;;351-400;13.14;54;7.5;601-700;2.14;;;401-500;3.5;;;;;;;;;
2023;engenharia-civil;Faculdade do Centro Leste;ES;401;Privada;;;351-400;12.83;501-600;3.23;77;7.28;;;501-600;2.32;;;;;;;;;
2023;engenharia-civil;Centro Universitário Ideau;RS;401;Privada;;;351-400;12.84;501-600;2.93;601-700;1.91;;;1;8;;;;;;;;;
2023;engenharia-civil;Faculdade Leonardo da Vinci - Santa Catarina;SC;401;Privada;;;251-300;15.13;401-500;3.63;401-500;3.5;;;1;8;;;;;;;;;
2023;engenharia-civil;Faculdade Unirb - Feira de Santana;BA;401;Privada;;;251-300;14.18;251-300;5.54;701-800;0.64;;;1;8;;;;;;;;;
2023;engenharia-civil;Instituto Itapetiningano de Ensino Superior;SP;401;Privada;;;351-400;13.07;701-800;0.78;351-400;4.29;;;1;8;;;;;;;;;
2023;engenharia-civil;Centro Universitário Facid Wyden;PI;401;Privada;;;251-300;14.63;163;6.46;401-500;3.9;;;351-400;4.27;;;;;;;;;
2023;engenharia-civil;Faculdade Estácio do Rio Grande do Sul;RS;401;Privada;;;301-350;14.01;401-500;4.1;601-700;1.91;;;1;8;;;;;;;;;
2023;engenharia-civil;Faculdade Doctum de João Monlevade;MG;401;Privada;;;251-300;14.37;401-500;4.1;601-700;2.27;;;1;8;;;;;;;;;
2023;engenharia-civil;Ipog - Instituto de Pós-graduação & Graduação;GO;401;Privada;;;251-300;14.99;401-500;3.49;133;6.75;;;301-350;4.75;;;;;;;;;
2023;engenharia-civil;Centro Universitário Gama e Souza;RJ;401;Privada;;;251-300;14.56;251-300;5.54;701-800;1.02;;;1;8;;;;;;;;;
2023;engenharia-civil;Christus Faculdade do Piauí;PI;401;Privada;;;251-300;14.33;501-600;2.43;401-500;3.9;;;1;8;;;;;;;;;
2023;engenharia-civil;Faculdade Asa de Brumadinho;MG;401;Privada;;;301-350;13.76;501-600;2.43;401-500;3.33;;;1;8;;;;;;;;;
2023;engenharia-civil;Centro Universitário Metropolitano da Amazônia;PA;401;Privada;;;301-350;13.61;401-500;3.89;301-350;5.01;;;301-350;4.71;;;;;;;;;
2023;engenharia-civil;Universidade Anhanguera;MS;401;Privada;;;301-350;13.58;201-250;6.03;501-600;3.06;;;351-400;4.49;;;;;;;;;
2023;engenharia-civil;Faculdade Mato Grosso do Sul;MS;401;Privada;;;301-350;13.55;501-600;3.23;601-700;2.32;;;1;8;;;;;;;;;
2023;engenharia-civil;Centro Universitário Mauá de Brasília;DF;401;Privada;;;351-400;12.5;501-600;2.43;601-700;2.07;;;1;8;;;;;;;;;
2023;engenharia-civil;Centro Universitário do Estado do Pará;PA;401;Privada;;;351-400;12.95;251-300;5.35;501-600;2.94;;;301-350;4.66;;;;;;;;;
2023;engenharia-civil;Faculdade Metropolitana de Rio do Sul;SC;401;Privada;;;251-300;14.63;351-400;4.22;501-600;2.41;;;1;8;;;;;;;;;
2023;engenharia-civil;Faculdade do Futuro;MG;401;Privada;;;301-350;13.85;601-700;1.64;401-500;4.21;;;1;8;;;;;;;;;
2023;engenharia-civil;Faculdade Multivix Nova Venécia;ES;401;Privada;;;251-300;14.76;801-1000;0.21;154;6.55;;;1;8;;;;;;;;;
2023;engenharia-civil;Faculdade Finom de Patos de Minas;MG;401;Privada;;;351-400;13.19;401-500;3.83;301-350;4.7;;;301-350;4.66;;;;;;;;;
2023;engenharia-civil;Centro Universitário Luterano de Manaus;AM;401;Privada;;;301-350;13.63;401-500;3.87;301-350;4.9;;;301-350;4.86;;;;;;;;;
2023;engenharia-civil;Centro Universitário Anhangüera;SP;401;Privada;;;351-400;12.98;142;6.66;401-500;3.3;;;501-600;3.02;;;;;;;;;
2023;engenharia-civil;Faculdades Doctum de Caratinga;MG;401;Privada;;;351-400;12.4;701-800;0.82;401-500;3.58;;;1;8;;;;;;;;;
2023;engenharia-civil;Faculdades Integradas Einstein de Limeira;SP;401;Privada;;;351-400;13.27;501-600;2.51;122;6.85;;;401-500;3.91;;;;;;;;;
2023;engenharia-civil;Faculdade Anhanguera de Porto Alegre;RS;401;Privada;;;351-400;13.28;68;7.36;601-700;1.91;;;401-500;4.01;;;;;;;;;
2023;engenharia-civil;Faculdade ABC de Goiânia;GO;401;Privada;;;301-350;13.71;501-600;2.43;401-500;3.28;;;1;8;;;;;;;;;
2023;engenharia-civil;Faculdade de Educação de Porto Velho;RO;401;Privada;;;251-300;14.56;501-600;2.43;401-500;4.13;;;1;8;;;;;;;;;
2023;engenharia-civil;Faculdade Brasileira de Tecnologia-BA;BA;401;Privada;;;251-300;14.18;251-300;5.54;701-800;0.64;;;1;8;;;;;;;;;
2023;engenharia-civil;Centro Universitário Católica de Quixadá;CE;401;Privada;;;351-400;13.22;251-300;5.39;401-500;3.74;;;401-500;4.09;;;;;;;;;
2023;engenharia-civil;Faculdade de Engenharia Souza Marques;RJ;401;Privada;;;301-350;13.6;401-500;4.1;201-250;6;;;401-500;3.5;;;;;;;;;
2023;engenharia-civil;Faculdade Anhanguera do Ceará;CE;401;Privada;;;251-300;14.26;85;7.2;401-500;3.74;;;401-500;3.32;;;;;;;;;
2023;engenharia-civil;Centro Universitário Unirb;BA;401;Privada;;;301-350;13.9;251-300;5.26;701-800;0.64;;;1;8;;;;;;;;;
2023;engenharia-civil;Centro Universitário La Salle do Rio de Janeiro;RJ;401;Privada;;;351-400;13.23;99;7.07;201-250;5.8;;;701-800;0.36;;;;;;;;;
2023;engenharia-civil;Faculdade Anhanguera de Anápolis;GO;401;Privada;;;301-350;13.64;201-250;6.1;401-500;3.28;;;351-400;4.26;;;;;;;;;
2023;engenharia-civil;Faculdade Icesp;DF;401;Privada;;;301-350;14.09;201-250;6.02;401-500;4.18;;;401-500;3.89;;;;;;;;;
2023;engenharia-civil;Centro Universitário FG;BA;401;Privada;;;351-400;12.52;401-500;3.49;251-300;5.53;;;401-500;3.5;;;;;;;;;
2023;engenharia-civil;Universidade Católica de Petrópolis;RJ;401;Privada;;;351-400;13.21;351-400;4.22;197;6.14;;;501-600;2.85;;;;;;;;;
2023;engenharia-civil;Centro Universitário Mater Dei;PR;401;Privada;;;251-300;14.84;701-800;1.08;201-250;5.76;;;1;8;;;;;;;;;
2023;engenharia-civil;Centro Universitário Unibras do Sudoeste Goiano;GO;401;Privada;;;351-400;12.66;601-700;1.38;401-500;3.28;;;1;8;;;;;;;;;
2023;engenharia-civil;Faculdade Unirb - Mossoró;RN;401;Privada;;;351-400;12.46;401-500;3.49;251-300;5.47;;;401-500;3.5;;;;;;;;;
2023;engenharia-civil;Faculdade de Gestão e Negócios de Salvador;BA;401;Privada;;;301-350;13.9;251-300;5.26;701-800;0.64;;;1;8;;;;;;;;;
2023;engenharia-civil;Faculdade de Ciências Sociais e Agrárias de Itapeva;SP;401;Privada;;;301-350;13.8;501-600;2.43;401-500;3.37;;;1;8;;;;;;;;;
2023;engenharia-civil;Faculdade América;ES;401;Privada;;;251-300;15.12;301-350;4.89;601-700;2.23;;;1;8;;;;;;;;;
2023;engenharia-civil;Faculdade Anhanguera de Joinville;SC;401;Privada;;;351-400;12.45;351-400;4.37;251-300;5.36;;;501-600;2.72;;;;;;;;;
2023;engenharia-civil;Universidade Santo Amaro;SP;401;Privada;;;251-300;14.17;201-250;5.82;801-1000;0.35;;;1;8;;;;;;;;;
2023;engenharia-civil;Faculdade Anhanguera de Rio Branco;AC;401;Privada;;;301-350;13.61;118;6.89;601-700;2.14;;;351-400;4.58;;;;;;;;;
2023;engenharia-civil;Instituto Federal de Educação, Ciência e Tecnologia de Rondônia;RO;401;Federal;;;301-350;13.91;501-600;2.43;401-500;3.48;;;1;8;;;;;;;;;
2023;engenharia-civil;Faculdade de Ensino Superior de Floriano;PI;401;Privada;;;301-350;13.33;601-700;1.43;401-500;3.9;;;1;8;;;;;;;;;
2023;engenharia-civil;Instituto Universitário Una de Catalão;GO;401;Privada;;;351-400;12.93;501-600;2.61;251-300;5.38;;;301-350;4.94;;;;;;;;;
2023;engenharia-civil;Faculdade Anhanguera de Ponta Grossa;PR;401;Privada;;;351-400;12.82;301-350;5.01;401-500;4.15;;;401-500;3.66;;;;;;;;;
2023;engenharia-civil;Faculdade Figueiredo Costa;AL;401;Privada;;;301-350;14.07;401-500;4.1;601-700;1.97;;;1;8;;;;;;;;;
2023;engenharia-civil;Centro Universitário de Excelência de Vitória da Conquista;BA;401;Privada;;;301-350;13.44;701-800;1.17;351-400;4.27;;;1;8;;;;;;;;;
2023;engenharia-civil;Centro Universitário Campo Real;PR;401;Privada;;;401-500;12.16;501-600;2.52;601-700;1.64;;;1;8;;;;;;;;;
2023;engenharia-civil;Faculdades Doctum de Guarapari;ES;401;Privada;;;351-400;13.04;501-600;2.81;601-700;2.23;;;1;8;;;;;;;;;
2023;engenharia-civil;Faculdade Evangélica de Jaraguá;GO;401;Privada;;;251-300;14.55;501-600;2.43;401-500;4.12;;;1;8;;;;;;;;;
2023;engenharia-civil;Centro Universitário Unicarioca;RJ;401;Privada;;;351-400;12.64;80;7.25;701-800;1.02;;;351-400;4.37;;;;;;;;;
2023;engenharia-civil;Faculdade Unirb - Barreiras;BA;401;Privada;;;251-300;14.96;178;6.32;701-800;0.64;;;1;8;;;;;;;;;
2023;engenharia-civil;Centro Universitário Unifatecie;PR;401;Privada;;;251-300;14.45;601-700;1.76;351-400;4.69;;;1;8;;;;;;;;;
2023;engenharia-civil;Centro Universitário - Católica de Santa Catarina em Jaraguá do Sul;SC;401;Privada;;;251-300;14.5;301-350;5.11;147;6.62;;;501-600;2.77;;;;;;;;;
2023;engenharia-civil;Faculdade de Ensino de Minas Gerais;MG;401;Privada;;;301-350;13.36;501-600;3.09;45;7.58;;;501-600;2.69;;;;;;;;;
2023;engenharia-civil;Centro Universitário Campos de Andrade;PR;401;Privada;;;351-400;13.13;401-500;3.49;601-700;1.64;;;1;8;;;;;;;;;
2023;engenharia-civil;Faculdade Católica Paulista;SP;401;Privada;;;301-350;13.96;401-500;3.3;501-600;2.66;;;1;8;;;;;;;;;
2023;engenharia-civil;Instituto de Ensino Superior de Cuiabá;MT;401;Privada;;;251-300;14.44;201-250;5.65;701-800;0.79;;;1;8;;;;;;;;;
2023;engenharia-civil;Faculdade Unirb - Arapiraca;AL;401;Privada;;;251-300;15.04;201-250;5.65;601-700;1.39;;;1;8;;;;;;;;;
2023;engenharia-civil;Faculdade Anhanguera de Divinópolis;MG;401;Privada;;;351-400;13.07;301-350;4.89;351-400;4.38;;;401-500;3.8;;;;;;;;;
2023;engenharia-civil;Centro Universitário Maurício de Nassau de Teresina;PI;401;Privada;;;301-350;13.32;351-400;4.58;351-400;4.27;;;351-400;4.47;;;;;;;;;
2023;engenharia-civil;Faculdade Anhanguera de Dourados;MS;401;Privada;;;301-350;13.62;147;6.61;601-700;2.32;;;301-350;4.69;;;;;;;;;
2023;engenharia-civil;Faculdade Anhanguera Unidade Guarapari;ES;401;Privada;;;251-300;15.12;155;6.54;351-400;4.42;;;351-400;4.16;;;;;;;;;
2023;engenharia-civil;Faculdade Una de Pouso Alegre;MG;401;Privada;;;251-300;15.05;201-250;5.7;701-800;1.35;;;1;8;;;;;;;;;
2023;engenharia-civil;Faculdades Integradas Rui Barbosa;SP;401;Privada;;;251-300;14.43;501-600;2.43;401-500;4;;;1;8;;;;;;;;;
2023;engenharia-civil;Centro Universitário Maurício de Nassau de Campina Grande;PB;401;Privada;;;351-400;12.71;301-350;4.89;401-500;4.02;;;401-500;3.8;;;;;;;;;
2023;engenharia-civil;Faculdade Anhanguera de Itapeva;SP;501;Privada;;;401-500;11.4;51;7.53;801-1000;0.35;;;401-500;3.52;;;;;;;;;
2023;engenharia-civil;Instituto de Ensino Superior e Formação Avançada de Vitória;ES;501;Privada;;;401-500;11.36;701-800;1.13;601-700;2.23;;;1;8;;;;;;;;;
2023;engenharia-civil;Faculdade Unibrasília de Minas Gerais;MG;501;Privada;;;501-600;10.19;801-1000;0.04;601-700;2.15;;;1;8;;;;;;;;;
2023;engenharia-civil;Faculdade Anhanguera de Jaú;SP;501;Privada;;;501-600;10.28;147;6.61;801-1000;0.35;;;401-500;3.32;;;;;;;;;
2023;engenharia-civil;Faculdade Educacional de Medianeira;PR;501;Privada;;;501-600;10.59;301-350;4.75;601-700;1.64;;;351-400;4.2;;;;;;;;;
2023;engenharia-civil;Faculdade Alfaunipac de Almenara;MG;501;Privada;;;501-600;10.27;801-1000;0.35;601-700;1.92;;;1;8;;;;;;;;;
2023;engenharia-civil;Universidade de Cruz Alta;RS;501;Privada;;;501-600;10.72;401-500;4.1;201-250;5.79;;;701-800;0.83;;;;;;;;;
2023;engenharia-civil;Faculdade Multivix de Cachoeiro;ES;501;Privada;;;501-600;10.65;701-800;0.42;601-700;2.23;;;1;8;;;;;;;;;
2023;engenharia-civil;Faculdade Estácio de Curitiba;PR;501;Privada;;;401-500;11.34;90;7.16;601-700;1.64;;;501-600;2.54;;;;;;;;;
2023;engenharia-civil;Faculdade Cidade de Patos de Minas;MG;501;Privada;;;501-600;10.75;701-800;0.42;501-600;2.33;;;1;8;;;;;;;;;
2023;engenharia-civil;Faculdade Anhanguera de Poços de Caldas;MG;501;Privada;;;501-600;10.63;166;6.43;701-800;1.35;;;501-600;2.85;;;;;;;;;
2023;engenharia-civil;Faculdade de Informática de Ouro Preto do Oeste;RO;501;Privada;;;501-600;10.74;801-1000;0.16;501-600;2.58;;;1;8;;;;;;;;;
2023;engenharia-civil;Centro Universitário Estácio de São Luís;MA;501;Privada;;;401-500;11.35;501-600;2.43;701-800;0.92;;;1;8;;;;;;;;;
2023;engenharia-civil;Faculdade Anhanguera de Uberlândia;MG;501;Privada;;;401-500;10.85;401-500;4.1;401-500;3.39;;;401-500;3.36;;;;;;;;;
2023;engenharia-civil;Centro Universitário Maurício de Nassau de São Luís;MA;501;Privada;;;501-600;10.24;401-500;4.1;601-700;1.98;;;351-400;4.16;;;;;;;;;
2023;engenharia-civil;Faculdade Evangélica de Goianésia;GO;501;Privada;;;401-500;11.69;401-500;3.85;401-500;4.2;;;401-500;3.64;;;;;;;;;
2023;engenharia-civil;Faculdade Cristo Rei;PR;501;Privada;;;401-500;11.23;601-700;1.59;601-700;1.64;;;1;8;;;;;;;;;
2023;engenharia-civil;Faculdade Madre Thais;BA;501;Privada;;;501-600;10.31;701-800;1.23;401-500;4.15;;;301-350;4.93;;;;;;;;;
2023;engenharia-civil;Centro Universitário Faema;RO;501;Privada;;;401-500;12.03;601-700;1.45;501-600;2.58;;;1;8;;;;;;;;;
2023;engenharia-civil;Faculdade Anhanguera de São José-SC;SC;501;Privada;;;501-600;10.39;201-250;5.9;601-700;1.75;;;501-600;2.74;;;;;;;;;
2023;engenharia-civil;Universidade Católica de Pelotas;RS;501;Privada;;;401-500;11.13;501-600;2.71;301-350;4.76;;;401-500;3.66;;;;;;;;;
2023;engenharia-civil;Universidade Alto Vale do Rio do Peixe;SC;501;Privada;;;401-500;11.25;351-400;4.38;351-400;4.31;;;501-600;2.56;;;;;;;;;
2023;engenharia-civil;Centro Universitário Estácio de Brasília;DF;501;Privada;;;401-500;11.12;351-400;4.58;601-700;2.07;;;351-400;4.47;;;;;;;;;
2023;engenharia-civil;Faculdade do Noroeste de Minas;MG;501;Privada;;;401-500;11.38;501-600;2.65;401-500;4.07;;;301-350;4.66;;;;;;;;;
2023;engenharia-civil;Centro Universitário Maurício de Nassau de Cacoal;RO;501;Privada;;;401-500;10.9;401-500;3.63;501-600;2.58;;;301-350;4.69;;;;;;;;;
2023;engenharia-civil;Faculdade Anhanguera de Cascavel;PR;501;Privada;;;501-600;10.44;123;6.84;601-700;1.64;;;601-700;1.96;;;;;;;;;
2023;engenharia-civil;Universidade Anhanguera de São Paulo;SP;501;Privada;;;401-500;11.55;169;6.41;501-600;2.64;;;501-600;2.5;;;;;;;;;
2023;engenharia-civil;Centro Universitário do Cerrado-patrocínio;MG;501;Privada;;;401-500;11.58;401-500;3.85;401-500;4.09;;;401-500;3.64;;;;;;;;;
2023;engenharia-civil;Faculdade de Rolim de Moura;RO;501;Privada;;;501-600;10.58;;;501-600;2.58;;;1;8;;;;;;;;;
2023;engenharia-civil;Faculdade Estácio de Florianópolis;SC;501;Privada;;;401-500;11.07;106;7;601-700;1.75;;;501-600;2.32;;;;;;;;;
2023;engenharia-civil;Centro Universitário Estácio da Amazônia;RR;501;Privada;;;501-600;10.53;401-500;3.74;501-600;2.99;;;401-500;3.8;;;;;;;;;
2023;engenharia-civil;Centro Universitário de Caratinga;MG;501;Privada;;;401-500;11.64;501-600;3.09;401-500;4.19;;;351-400;4.36;;;;;;;;;
2023;engenharia-civil;Centro Universitário Central Paulista;SP;501;Privada;;;501-600;10.25;251-300;5.17;501-600;2.96;;;601-700;2.12;;;;;;;;;
2023;engenharia-civil;Centro Universitário de Brusque;SC;501;Privada;;;401-500;11.2;501-600;2.61;301-350;4.99;;;401-500;3.6;;;;;;;;;
2023;engenharia-civil;Centro Universitário de Patos de Minas;MG;501;Privada;;;401-500;12.04;401-500;3.74;201-250;5.98;;;501-600;2.32;;;;;;;;;
2023;engenharia-civil;Instituto de Ensino Superior de Teresina;PI;501;Privada;;;401-500;10.94;351-400;4.27;401-500;3.9;;;501-600;2.77;;;;;;;;;
2023;engenharia-civil;Faculdade Cnec Itajaí;SC;501;Privada;;;501-600;10.52;501-600;2.43;351-400;4.29;;;401-500;3.8;;;;;;;;;
2023;engenharia-civil;Centro Universitário Mais;GO;501;Privada;;;401-500;12.04;701-800;0.76;401-500;3.28;;;1;8;;;;;;;;;
2023;engenharia-civil;Faculdade Anhanguera Unidade Parauapebas;PA;501;Privada;;;501-600;10.68;201-250;5.94;501-600;2.94;;;601-700;1.8;;;;;;;;;
2023;engenharia-civil;Faculdade Kennedy de Belo Horizonte;MG;501;Privada;;;401-500;10.85;301-350;5.03;701-800;1.35;;;351-400;4.47;;;;;;;;;
2023;engenharia-civil;Faculdade de Direito de Alta Floresta;MT;501;Privada;;;401-500;11.42;701-800;1.07;501-600;2.35;;;1;8;;;;;;;;;
2023;engenharia-civil;Faculdades Doctum de Ipatinga;MG;501;Privada;;;401-500;10.94;601-700;1.59;701-800;1.35;;;1;8;;;;;;;;;
2023;engenharia-civil;Centro Universitário Maurício de Nassau de Fortaleza;CE;501;Privada;;;401-500;11.34;351-400;4.49;401-500;3.74;;;501-600;3.11;;;;;;;;;
2023;engenharia-civil;Faculdade de Tecnologia Ftec de Porto Alegre;RS;501;Privada;;;501-600;10.46;401-500;4.1;401-500;4.19;;;501-600;2.17;;;;;;;;;
2023;engenharia-civil;Faculdade Dom Luis de Orleans e Bragança;BA;501;Privada;;;401-500;11.96;501-600;2.93;701-800;1.03;;;1;8;;;;;;;;;
2023;engenharia-civil;Centro Universitário União das Américas Descomplica;PR;501;Privada;;;401-500;11.58;501-600;2.93;351-400;4.49;;;351-400;4.16;;;;;;;;;
2023;engenharia-civil;Faculdade Anhanguera de Valparaíso;GO;501;Privada;;;401-500;10.96;251-300;5.26;401-500;3.28;;;501-600;2.42;;;;;;;;;
2023;engenharia-civil;Faculdades Unificadas de Cataguases;MG;501;Privada;;;501-600;10.5;701-800;1.15;701-800;1.35;;;1;8;;;;;;;;;
2023;engenharia-civil;Centro Universitário Maurício de Nassau de Paranáiba;PI;501;Privada;;;501-600;10.37;501-600;2.93;251-300;5.48;;;601-700;1.96;;;;;;;;;
2023;engenharia-civil;Faculdades Integradas de Fernandópolis;SP;501;Privada;;;501-600;10.68;501-600;2.75;301-350;5.08;;;501-600;2.85;;;;;;;;;
2023;engenharia-civil;Faculdade Anhanguera Franca;SP;501;Privada;;;401-500;11.14;24;7.78;801-1000;0.35;;;501-600;3.01;;;;;;;;;
2023;engenharia-civil;Faculdade Anhanguera de Santa Bárbara;SP;501;Privada;;;501-600;10.32;301-350;4.96;401-500;3.94;;;601-700;1.42;;;;;;;;;
2023;engenharia-civil;Faculdade Dom Alberto;RS;501;Privada;;;401-500;11.33;251-300;5.26;601-700;1.91;;;351-400;4.16;;;;;;;;;
2023;engenharia-civil;Faculdade Van Gogh;SP;501;Privada;;;401-500;10.78;501-600;2.43;801-1000;0.35;;;1;8;;;;;;;;;
2023;engenharia-civil;Universidade de Mogi das Cruzes;SP;501;Privada;;;401-500;11.57;501-600;2.56;201-250;5.65;;;401-500;3.36;;;;;;;;;
2023;engenharia-civil;Faculdade de Tecnologia e Ciências da Bahia;BA;501;Privada;;;501-600;10.08;601-700;1.44;701-800;0.64;;;1;8;;;;;;;;;
2023;engenharia-civil;Faculdade Embu das Artes;SP;501;Privada;;;401-500;11.84;401-500;3.49;801-1000;0.35;;;1;8;;;;;;;;;
2023;engenharia-civil;Faculdade Anhanguera do Rio Grande;RS;501;Privada;;;501-600;10.16;251-300;5.4;601-700;1.91;;;501-600;2.85;;;;;;;;;
2023;engenharia-civil;Faculdade Santa Rita de Chapecó;SC;501;Privada;;;501-600;10.24;351-400;4.58;601-700;1.75;;;401-500;3.91;;;;;;;;;
2023;engenharia-civil;Faculdade Anhanguera de Itapecerica da Serra;SP;501;Privada;;;501-600;10.23;178;6.32;801-1000;0.35;;;401-500;3.56;;;;;;;;;
2023;engenharia-civil;Centro Universitário de Desenvolvimento do Centro-Oeste;GO;501;Privada;;;501-600;10.74;301-350;4.99;401-500;3.28;;;501-600;2.47;;;;;;;;;
2023;engenharia-civil;Faculdade Anhanguera de Marabá;PA;501;Privada;;;401-500;11.84;201-250;6.05;501-600;2.94;;;501-600;2.85;;;;;;;;;
2023;engenharia-civil;Faculdade Estácio do Amazonas;AM;501;Privada;;;401-500;11.74;201-250;5.9;501-600;2.59;;;401-500;3.25;;;;;;;;;
2023;engenharia-civil;Centro Universitário Estácio de São Paulo;SP;501;Privada;;;401-500;11.78;351-400;4.43;401-500;3.34;;;401-500;4.01;;;;;;;;;
2023;engenharia-civil;Faculdade Ages de Lagarto;SE;501;Privada;;;401-500;11.26;501-600;2.43;701-800;0.83;;;1;8;;;;;;;;;
2023;engenharia-civil;Centro Universitário Salesiano;ES;501;Privada;;;501-600;10.2;501-600;2.43;201-250;5.97;;;601-700;1.8;;;;;;;;;
2023;engenharia-civil;Faculdade Ari de Sá;CE;501;Privada;;;401-500;11.22;501-600;2.43;53;7.51;;;601-700;1.28;;;;;;;;;
2023;engenharia-civil;Faculdades Integradas de Araraquara;SP;501;Privada;;;401-500;11.4;201-250;6.06;301-350;5.12;;;701-800;0.22;;;;;;;;;
2023;engenharia-civil;Centro Universitário da Amazônia;PA;501;Privada;;;401-500;11.48;351-400;4.65;501-600;2.94;;;401-500;3.89;;;;;;;;;
2023;engenharia-civil;Centro Universitário Brasília do Estado de Goiás;GO;501;Privada;;;401-500;11.63;801-1000;0.35;401-500;3.28;;;1;8;;;;;;;;;
2023;engenharia-civil;Faculdade Unirb - Serrinha;BA;501;Privada;;;401-500;11.07;501-600;2.43;701-800;0.64;;;1;8;;;;;;;;;
2023;engenharia-civil;Centro Universitário da Amazônia Belém;PA;501;Privada;;;401-500;11.9;301-350;5.13;501-600;2.94;;;401-500;3.83;;;;;;;;;
2023;engenharia-civil;Faculdade de Imperatriz Wyden;MA;501;Privada;;;401-500;11.72;106;7;701-800;0.92;;;401-500;3.8;;;;;;;;;
2023;engenharia-civil;Faculdade de Educação de Jaru;RO;501;Privada;;;501-600;10.68;801-1000;0.1;501-600;2.58;;;1;8;;;;;;;;;
2023;engenharia-civil;Instituto Taquaritinguense de Ensino Superior Dr. Aristides de Carvalho Schlobach;SP;501;Privada;;;401-500;11.73;401-500;3.83;401-500;4.01;;;401-500;3.89;;;;;;;;;
2023;engenharia-civil;Centro Universitário de Sete Lagoas;MG;501;Privada;;;501-600;10.08;201-250;5.82;401-500;3.43;;;701-800;0.83;;;;;;;;;
2023;engenharia-civil;Centro Universitário Católica do Leste de Minas Gerais;MG;501;Privada;;;401-500;11.32;351-400;4.58;301-350;4.94;;;601-700;1.8;;;;;;;;;
2023;engenharia-civil;Faculdade Uninassau Petrolina;PE;501;Privada;;;501-600;10.28;401-500;4.16;501-600;2.78;;;401-500;3.34;;;;;;;;;
2023;engenharia-civil;Instituto Luterano de Ensino Superior de Itumbiara;GO;501;Privada;;;401-500;11.34;501-600;2.53;301-350;4.71;;;351-400;4.1;;;;;;;;;
2023;engenharia-civil;Centro Universitário dos Guararapes;PE;501;Privada;;;401-500;11.79;401-500;3.33;351-400;4.52;;;401-500;3.94;;;;;;;;;
2023;engenharia-civil;Faculdade de Engenharia de Resende;RJ;501;Privada;;;501-600;10.14;401-500;3.64;301-350;4.93;;;601-700;1.57;;;;;;;;;
2023;engenharia-civil;Faculdades Integradas Aparício Carvalho Vilhena;RO;501;Privada;;;401-500;10.93;801-1000;0.35;501-600;2.58;;;1;8;;;;;;;;;
2023;engenharia-civil;Centro Universitário de Rondônia;RO;501;Privada;;;401-500;11.29;501-600;2.43;251-300;5.61;;;401-500;3.25;;;;;;;;;
2023;engenharia-civil;Faculdade Galileu;SP;501;Privada;;;401-500;11.2;501-600;2.67;190;6.21;;;501-600;2.32;;;;;;;;;
2023;engenharia-civil;Centro Universitário Maurício de Nassau de Caruaru;PE;501;Privada;;;501-600;10.5;401-500;3.83;501-600;2.78;;;401-500;3.89;;;;;;;;;
2023;engenharia-civil;Instituto de Ensino Superior da Grande Florianópolis;SC;501;Privada;;;401-500;11.88;147;6.61;251-300;5.27;;;;;;;;;;;;;
2023;engenharia-civil;Centro Universitário Unifafibe;SP;501;Privada;;;401-500;12.15;401-500;4.13;201-250;5.87;;;501-600;2.15;;;;;;;;;
2023;engenharia-civil;Faculdade de Rondônia;RO;501;Privada;;;401-500;11.64;601-700;1.8;201-250;5.64;;;351-400;4.2;;;;;;;;;
2023;engenharia-civil;Faculdade da Amazônia de Porto Velho;RO;501;Privada;;;401-500;10.93;801-1000;0.35;501-600;2.58;;;1;8;;;;;;;;;
2023;engenharia-civil;Faculdade Quirinópolis;GO;501;Privada;;;401-500;11.63;801-1000;0.35;401-500;3.28;;;1;8;;;;;;;;;
2023;engenharia-civil;Centro Universitário São Camilo - Espírito Santo;ES;501;Privada;;;501-600;10.31;501-600;2.43;201-250;6.08;;;601-700;1.8;;;;;;;;;
2023;engenharia-civil;Faculdade Estácio de Cotia;SP;501;Privada;;;401-500;10.8;501-600;2.43;801-1000;0.37;;;1;8;;;;;;;;;
2023;engenharia-civil;Centro Universitário Unifacig;MG;501;Privada;;;401-500;12.02;501-600;2.76;201-250;5.92;;;401-500;3.34;;;;;;;;;
2023;engenharia-civil;Faculdade Marechal Rondon;RO;501;Privada;;;401-500;11.22;701-800;0.64;501-600;2.58;;;1;8;;;;;;;;;
2023;engenharia-civil;Centro Universitário de Itapira;SP;501;Privada;;;501-600;10.76;701-800;0.82;601-700;1.94;;;1;8;;;;;;;;;
2023;engenharia-civil;Centro Universitário de Adamantina;SP;501;Municipal;;;401-500;10.8;301-350;4.72;401-500;4.08;;;601-700;2;;;;;;;;;
2023;engenharia-civil;Centro Universitário Paraíso;CE;501;Privada;;;501-600;10.1;601-700;1.68;135;6.73;;;601-700;1.69;;;;;;;;;
2023;engenharia-civil;Faculdade Anhanguera de Itabuna;BA;501;Privada;;;401-500;11.31;401-500;3.76;351-400;4.37;;;401-500;3.18;;;;;;;;;
2023;engenharia-civil;Centro Universitário da Grande Dourados;MS;501;Privada;;;401-500;10.9;701-800;0.76;199;6.13;;;401-500;4.01;;;;;;;;;
2023;engenharia-civil;Centro Universitário Cathedral;MT;501;Privada;;;401-500;11.94;501-600;3.15;701-800;0.79;;;1;8;;;;;;;;;
2023;engenharia-civil;Faculdade da Alta Paulista;SP;601;Privada;;;601-700;8.87;251-300;5.35;801-1000;0.35;;;401-500;3.17;;;;;;;;;
2023;engenharia-civil;Faculdade Internacional de São Luís;MA;601;Privada;;;601-700;8.02;601-700;1.4;301-350;4.96;;;601-700;1.66;;;;;;;;;
2023;engenharia-civil;Centro Universitário Nobre de Feira de Santana;BA;601;Privada;;;501-600;9.78;351-400;4.27;701-800;0.64;;;301-350;4.87;;;;;;;;;
2023;engenharia-civil;Faculdade Anhanguera de Ipatinga;MG;601;Privada;;;501-600;9.82;351-400;4.37;401-500;3.4;;;601-700;2.05;;;;;;;;;
2023;engenharia-civil;Faculdade Anhanguera de Ciências Sociais Aplicadas de Sinop;MT;601;Privada;;;601-700;9.03;351-400;4.68;701-800;0.79;;;401-500;3.56;;;;;;;;;
2023;engenharia-civil;Centro de Ensino Unificado do Piauí;PI;601;Privada;;;501-600;9.53;501-600;2.61;351-400;4.23;;;501-600;2.69;;;;;;;;;
2023;engenharia-civil;Faculdade Anhanguera de Valinhos;SP;601;Privada;;;501-600;9.63;166;6.43;801-1000;0.35;;;501-600;2.85;;;;;;;;;
2023;engenharia-civil;Centro Universitário de Lins;SP;601;Privada;;;501-600;10;501-600;2.93;251-300;5.43;;;601-700;1.64;;;;;;;;;
2023;engenharia-civil;Faculdade Santo Antônio de Pádua;RJ;601;Privada;;;601-700;8.97;251-300;5.54;501-600;2.71;;;701-800;0.72;;;;;;;;;
2023;engenharia-civil;Faculdade Cesurg Marau;RS;601;Privada;;;601-700;9.13;501-600;2.43;601-700;1.91;;;301-350;4.79;;;;;;;;;
2023;engenharia-civil;Centro Universitário Santo Agostinho;PI;601;Privada;;;501-600;9.71;601-700;1.52;195;6.16;;;601-700;2.03;;;;;;;;;
2023;engenharia-civil;Faculdade Pitágoras de Juiz de Fora;MG;601;Privada;;;501-600;9.63;106;7;701-800;1.35;;;601-700;1.28;;;;;;;;;
2023;engenharia-civil;Faculdades Integradas de Garanhuns;PE;601;Municipal;;;501-600;9.9;501-600;2.47;150;6.59;;;701-800;0.84;;;;;;;;;
2023;engenharia-civil;Centro de Ensino Superior de Palmas;TO;601;Privada;;;601-700;9.33;701-800;0.64;301-350;4.89;;;401-500;3.8;;;;;;;;;
2023;engenharia-civil;Centro Universitário de Votuporanga;SP;601;Privada;;;601-700;8.58;501-600;2.43;351-400;4.63;;;601-700;1.52;;;;;;;;;
2023;engenharia-civil;Centro Universitário Fip-moc;MG;601;Privada;;;601-700;8.43;401-500;3.27;501-600;3.07;;;601-700;2.09;;;;;;;;;
2023;engenharia-civil;Faculdade de Tecnologia de Piracicaba - Fatep;SP;601;Privada;;;601-700;9.45;501-600;3.03;501-600;2.39;;;401-500;4.03;;;;;;;;;
2023;engenharia-civil;Centro Universitário Mário Palmério;MG;601;Privada;;;601-700;8.69;601-700;1.48;501-600;2.69;;;351-400;4.52;;;;;;;;;
2023;engenharia-civil;Faculdade Gran Tietê;SP;601;Privada;;;501-600;9.84;601-700;1.38;351-400;4.3;;;351-400;4.16;;;;;;;;;
2023;engenharia-civil;Centro Universitário do Planalto Central Apparecido dos Santos;DF;601;Privada;;;601-700;8.48;501-600;3.09;601-700;2.07;;;401-500;3.32;;;;;;;;;
2023;engenharia-civil;Cisne - Faculdade de Quixadá;CE;601;Privada;;;601-700;7.93;701-800;0.71;251-300;5.42;;;601-700;1.8;;;;;;;;;
2023;engenharia-civil;Centro Universitário Una de Bom Despacho;MG;601;Privada;;;501-600;9.88;301-350;5.03;701-800;1.35;;;401-500;3.5;;;;;;;;;
2023;engenharia-civil;Centro Universitário Dom Pedro II;BA;601;Privada;;;501-600;9.58;701-800;0.94;701-800;0.64;;;1;8;;;;;;;;;
2023;engenharia-civil;Faculdade Anhanguera de Passo Fundo;RS;601;Privada;;;501-600;9.71;251-300;5.33;601-700;1.91;;;501-600;2.47;;;;;;;;;
2023;engenharia-civil;Faculdade Anhanguera de Goiânia;GO;601;Privada;;;501-600;9.82;401-500;4.16;401-500;3.28;;;501-600;2.38;;;;;;;;;
2023;engenharia-civil;Faculdade Sapiens;RO;601;Privada;;;501-600;9.61;501-600;3.23;501-600;2.58;;;401-500;3.8;;;;;;;;;
2023;engenharia-civil;Universidade de Araraquara;SP;601;Privada;;;601-700;8.02;501-600;3.26;501-600;2.79;;;601-700;1.97;;;;;;;;;
2023;engenharia-civil;Centro de Ensino Superior do Amapá;AP;601;Privada;;;601-700;8.24;701-800;0.66;301-350;5.16;;;501-600;2.42;;;;;;;;;
2023;engenharia-civil;Centro Universitário para o Desenvolvimento do Alto Vale do Itajaí;SC;601;Privada;;;601-700;9.47;701-800;1.06;98;7.08;;;601-700;1.33;;;;;;;;;
2023;engenharia-civil;Centro Universitário Unifecaf;SP;601;Privada;;;601-700;8.38;701-800;0.55;501-600;2.99;;;301-350;4.84;;;;;;;;;
2023;engenharia-civil;Faculdade Anhanguera Itabira;MG;601;Privada;;;601-700;7.76;301-350;4.89;701-800;1.35;;;601-700;1.52;;;;;;;;;
2023;engenharia-civil;Centro Universitário Metodista Izabela Hendrix;MG;601;Privada;;;601-700;8.1;401-500;4.1;501-600;2.72;;;601-700;1.28;;;;;;;;;
2023;engenharia-civil;Faculdade Anhanguera de Taboão da Serra;SP;601;Privada;;;601-700;8.94;201-250;5.7;801-1000;0.35;;;501-600;2.89;;;;;;;;;
2023;engenharia-civil;Faculdade Estácio de Carapicuíba;SP;601;Privada;;;501-600;10.01;351-400;4.22;701-800;1.04;;;301-350;4.75;;;;;;;;;
2023;engenharia-civil;Faculdade Santo Agostinho de Vitória da Conquista;BA;601;Privada;;;601-700;8.72;801-1000;0.35;351-400;4.57;;;401-500;3.8;;;;;;;;;
2023;engenharia-civil;Faculdade Anhanguera de Maceió;AL;601;Privada;;;601-700;9.47;301-350;5.09;601-700;2.02;;;501-600;2.36;;;;;;;;;
2023;engenharia-civil;Faculdade Pitágoras de Bacabal;MA;601;Privada;;;501-600;9.78;401-500;4.1;701-800;0.92;;;301-350;4.76;;;;;;;;;
2023;engenharia-civil;Faculdade Uninorte;AM;601;Privada;;;501-600;9.74;351-400;4.49;601-700;2.14;;;501-600;3.11;;;;;;;;;
2023;engenharia-civil;Faculdade de Guarantã do Norte;MT;601;Privada;;;501-600;9.84;701-800;1.05;701-800;0.79;;;1;8;;;;;;;;;
2023;engenharia-civil;Faculdade Educacional Araucária;PR;601;Privada;;;501-600;9.64;1;8;601-700;1.64;;;;;;;;;;;;;
2023;engenharia-civil;Faculdade Presidente Antônio Carlos de Ubá;MG;601;Privada;;;601-700;8.26;701-800;1.32;201-250;5.96;;;701-800;0.98;;;;;;;;;
2023;engenharia-civil;Faculdade Novo Milênio;ES;601;Privada;;;601-700;8.69;601-700;1.55;301-350;5.11;;;601-700;2.03;;;;;;;;;
2023;engenharia-civil;Faculdade Zacarias de Góes;BA;601;Privada;;;601-700;9.28;701-800;0.64;701-800;0.64;;;1;8;;;;;;;;;
2023;engenharia-civil;Faculdade Anhanguera de Paragominas;PA;601;Privada;;;601-700;9.42;301-350;4.96;501-600;2.94;;;601-700;1.52;;;;;;;;;
2023;engenharia-civil;Faculdade Vértix Trirriense;RJ;601;Privada;;;601-700;9.39;801-1000;0.37;701-800;1.02;;;1;8;;;;;;;;;
2023;engenharia-civil;Centro Universitário São Lucas;RO;601;Privada;;;601-700;8.06;701-800;0.96;501-600;2.58;;;351-400;4.52;;;;;;;;;
2023;engenharia-civil;Libertas - Faculdades Integradas;MG;601;Privada;;;601-700;8.04;501-600;2.43;701-800;1.35;;;351-400;4.26;;;;;;;;;
2023;engenharia-civil;Faculdade Anhanguera de Caxias do Sul;RS;601;Privada;;;501-600;9.55;251-300;5.54;601-700;1.91;;;601-700;2.1;;;;;;;;;
2023;engenharia-civil;Conservatório Brasileiro de Música;RJ;601;Privada;;;601-700;8.98;178;6.32;701-800;1.02;;;601-700;1.64;;;;;;;;;
2023;engenharia-civil;Centro Universitário Unifacear;PR;601;Privada;;;601-700;8.7;401-500;3.32;301-350;4.77;;;701-800;0.61;;;;;;;;;
2023;engenharia-civil;Faculdade de Tecnologia de Ponta Porã;MS;601;Privada;;;601-700;9.43;401-500;4.1;601-700;2.32;;;501-600;3.01;;;;;;;;;
2023;engenharia-civil;Faculdade Anhanguera de Bauru;SP;601;Privada;;;601-700;9.03;128;6.8;801-1000;0.35;;;601-700;1.88;;;;;;;;;
2023;engenharia-civil;Centro Universitário Autônomo do Brasil;PR;601;Privada;;;601-700;9.52;601-700;1.75;196;6.15;;;601-700;1.62;;;;;;;;;
2023;engenharia-civil;Centro Universitário Maurício de Nassau de Juazeiro do Norte;CE;601;Privada;;;501-600;9.99;501-600;2.75;401-500;3.74;;;401-500;3.5;;;;;;;;;
2023;engenharia-civil;Faculdade Anhanguera Jaraguá do Sul;SC;601;Privada;;;601-700;9.09;251-300;5.54;601-700;1.75;;;601-700;1.8;;;;;;;;;
2023;engenharia-civil;Centro Universitário de Araras;SP;601;Privada;;;601-700;8.3;401-500;3.83;601-700;2;;;501-600;2.47;;;;;;;;;
2023;engenharia-civil;Centro Universitário Cesuca;RS;601;Privada;;;501-600;9.99;251-300;5.54;601-700;1.91;;;501-600;2.54;;;;;;;;;
2023;engenharia-civil;Faculdade Anhanguera de Feira de Santana;BA;601;Privada;;;601-700;8.32;251-300;5.59;701-800;0.64;;;601-700;2.09;;;;;;;;;
2023;engenharia-civil;Faculdade Venda Nova do Imigrante;ES;601;Privada;;;601-700;8.5;601-700;1.61;601-700;2.23;;;301-350;4.66;;;;;;;;;
2023;engenharia-civil;Faculdade Anhanguera de Limeira;SP;601;Privada;;;601-700;8.08;198;6.13;801-1000;0.35;;;601-700;1.6;;;;;;;;;
2023;engenharia-civil;Faculdade Anhanguera de Sumaré;SP;601;Privada;;;601-700;9.05;201-250;6.1;801-1000;0.35;;;501-600;2.6;;;;;;;;;
2023;engenharia-civil;Faculdades Integradas de Aracruz;ES;601;Privada;;;601-700;8.71;351-400;4.23;401-500;3.54;;;701-800;0.94;;;;;;;;;
2023;engenharia-civil;Centro Universitário das Faculdades Associadas de Ensino;SP;601;Municipal;;;501-600;10.05;301-350;4.72;401-500;3.99;;;601-700;1.34;;;;;;;;;
2023;engenharia-civil;Faculdade Uniguaçu;PR;601;Privada;;;601-700;8.57;401-500;3.29;601-700;1.64;;;401-500;3.64;;;;;;;;;
2023;engenharia-civil;Faculdade Área1 Wyden;BA;601;Privada;;;601-700;8.67;501-600;3.24;351-400;4.68;;;701-800;0.75;;;;;;;;;
2023;engenharia-civil;Faculdade Guaraí;TO;601;Privada;;;501-600;9.69;701-800;1.3;301-350;4.89;;;401-500;3.5;;;;;;;;;
2023;engenharia-civil;Centro Universitário Brasileiro;PE;601;Privada;;;501-600;9.94;251-300;5.27;501-600;2.78;;;601-700;1.89;;;;;;;;;
2023;engenharia-civil;Faculdade Anhanguera de Rondonópolis;MT;601;Privada;;;601-700;8.27;401-500;3.34;601-700;1.67;;;401-500;3.26;;;;;;;;;
2023;engenharia-civil;Centro Universitário Maurício de Nassau de Salvador;BA;601;Privada;;;501-600;9.9;351-400;4.65;601-700;2.08;;;401-500;3.17;;;;;;;;;
2023;engenharia-civil;Centro Universitário da Fundação Educacional de Barretos;SP;601;Privada;;;501-600;9.67;501-600;2.99;201-250;6.01;;;701-800;0.67;;;;;;;;;
2023;engenharia-civil;Centro Universitário de Talentos Humanos;MG;601;Privada;;;601-700;8.8;194;6.17;701-800;1.35;;;601-700;1.28;;;;;;;;;
2023;engenharia-civil;Centro Universitário Ruy Barbosa Wyden;BA;601;Privada;;;501-600;9.92;1;8;701-800;0.64;;;601-700;1.28;;;;;;;;;
2023;engenharia-civil;Centro Universitário do Piauí;PI;601;Privada;;;601-700;8.2;701-800;1.19;401-500;3.9;;;501-600;3.11;;;;;;;;;
2023;engenharia-civil;Faculdade Uninassau Lauro de Freitas;BA;601;Privada;;;601-700;7.76;351-400;4.43;701-800;0.64;;;501-600;2.69;;;;;;;;;
2023;engenharia-civil;Faculdade Anhanguera de Vitória da Conquista;BA;601;Privada;;;501-600;9.7;178;6.32;701-800;0.64;;;501-600;2.74;;;;;;;;;
2023;engenharia-civil;Faculdade Pitágoras Bacabal Mearim;MA;601;Privada;;;601-700;9.31;301-350;4.89;701-800;0.92;;;401-500;3.5;;;;;;;;;
2023;engenharia-civil;Faculdade Cosmopolita;PA;601;Privada;;;601-700;8.06;501-600;2.43;501-600;2.94;;;501-600;2.69;;;;;;;;;
2023;engenharia-civil;Centro Universitário Presidente Antônio Carlos;MG;601;Privada;;;601-700;8.53;501-600;2.43;701-800;1.35;;;301-350;4.75;;;;;;;;;
2023;engenharia-civil;Faculdade de Ciências e Saúde Edufor;MA;601;Privada;;;601-700;9.1;801-1000;0.18;701-800;0.92;;;1;8;;;;;;;;;
2023;engenharia-civil;Faculdade de Tecnologia Ftec;RS;601;Privada;;;601-700;7.96;401-500;3.36;601-700;1.91;;;501-600;2.69;;;;;;;;;
2023;engenharia-civil;Centro Universitário Fundação Santo André;SP;601;Privada;;;601-700;7.92;301-350;5;601-700;2.25;;;701-800;0.67;;;;;;;;;
2023;engenharia-civil;Faculdade Anhanguera de Indaiatuba;SP;601;Privada;;;501-600;9.98;163;6.46;801-1000;0.35;;;401-500;3.17;;;;;;;;;
2023;engenharia-civil;Faculdade Unibras da Bahia;BA;601;Privada;;;601-700;9.06;701-800;0.42;701-800;0.64;;;1;8;;;;;;;;;
2023;engenharia-civil;Faculdade Verde Norte;MG;601;Privada;;;501-600;9.85;801-1000;0.2;601-700;1.65;;;1;8;;;;;;;;;
2023;engenharia-civil;UGV Centro Universitário;PR;601;Privada;;;601-700;9.15;801-1000;0.35;162;6.48;;;501-600;2.32;;;;;;;;;
2023;engenharia-civil;Faculdade Anhanguera de Tangará da Serra;MT;601;Privada;;;601-700;8.37;351-400;4.33;701-800;0.79;;;401-500;3.25;;;;;;;;;
2023;engenharia-civil;Faculdade Anhanguera de Taubaté;SP;601;Privada;;;501-600;9.77;251-300;5.39;501-600;3.05;;;601-700;1.33;;;;;;;;;
2023;engenharia-civil;Centro Universitário de Ensino, Ciência e Tecnologia do Paraná;PR;601;Privada;;;601-700;9.38;401-500;3.65;601-700;1.64;;;401-500;4.09;;;;;;;;;
2023;engenharia-civil;Faculdade Presidente Antônio Carlos de Uberlândia;MG;601;Privada;;;601-700;8.11;501-600;2.43;501-600;2.99;;;501-600;2.69;;;;;;;;;
2023;engenharia-civil;Faculdade Anhanguera de Jacareí;SP;601;Privada;;;501-600;9.69;104;7.02;801-1000;0.35;;;501-600;2.32;;;;;;;;;
2023;engenharia-civil;Faculdade Una de Sete Lagoas;MG;601;Privada;;;601-700;9.25;401-500;3.32;701-800;1.35;;;351-400;4.58;;;;;;;;;
2023;engenharia-civil;Centro Universitário Tiradentes de Pernambuco;PE;601;Privada;;;601-700;8.62;351-400;4.62;401-500;3.62;;;701-800;0.38;;;;;;;;;
2023;engenharia-civil;Centro Universitário de Formiga;MG;601;Privada;;;601-700;7.82;501-600;2.81;351-400;4.45;;;701-800;0.56;;;;;;;;;
2023;engenharia-civil;Faculdade Única de Ipatinga;MG;601;Privada;;;501-600;9.56;701-800;0.97;351-400;4.33;;;351-400;4.26;;;;;;;;;
2023;engenharia-civil;Faculdade de Administração e Negócios de Sergipe;SE;601;Privada;;;601-700;8.01;201-250;5.9;701-800;0.83;;;601-700;1.28;;;;;;;;;
2023;engenharia-civil;Faculdade Dom Pedro II de Tecnologia;BA;601;Privada;;;601-700;9.29;801-1000;0.35;701-800;0.94;;;1;8;;;;;;;;;
2023;engenharia-civil;Faculdade Vale do Gorutuba;MG;601;Privada;;;501-600;9.54;251-300;5.59;701-800;1.35;;;501-600;2.6;;;;;;;;;
2023;engenharia-civil;Universidade Vale do Rio Doce;MG;601;Privada;;;601-700;8.04;601-700;1.43;173;6.37;;;701-800;0.24;;;;;;;;;
2023;engenharia-civil;Universidade Santa Úrsula;RJ;601;Privada;;;601-700;8.28;501-600;2.99;251-300;5.26;;;801-1000;0.03;;;;;;;;;
2023;engenharia-civil;Faculdade de Dracena;SP;601;Privada;;;501-600;9.73;601-700;1.38;801-1000;0.35;;;1;8;;;;;;;;;
2023;engenharia-civil;Centro Universitário - Uniesp;PB;701;Privada;;;701-800;5.68;801-1000;0.1;301-350;5.15;;;701-800;0.43;;;;;;;;;
2023;engenharia-civil;Faculdade São Francisco de Assis;RS;701;Privada;;;701-800;5.15;501-600;2.43;601-700;1.91;;;701-800;0.81;;;;;;;;;
2023;engenharia-civil;Centro Universitário Max Planck;SP;701;Privada;;;701-800;5.21;501-600;2.54;801-1000;0.35;;;501-600;2.32;;;;;;;;;
2023;engenharia-civil;Faculdade Cesumar de Ponta Grossa;PR;701;Privada;;;601-700;7.45;401-500;3.49;601-700;1.64;;;501-600;2.32;;;;;;;;;
2023;engenharia-civil;Centro Universitário Faminas;MG;701;Privada;;;701-800;6.64;401-500;3.49;701-800;1.35;;;601-700;1.8;;;;;;;;;
2023;engenharia-civil;Centro Universitário do Paraná;PR;701;Privada;;;701-800;6.84;351-400;4.22;601-700;1.64;;;701-800;0.98;;;;;;;;;
2023;engenharia-civil;Centro Universitário de Goiânia;GO;701;Privada;;;701-800;6.54;601-700;1.55;301-350;4.95;;;801-1000;0.04;;;;;;;;;
2023;engenharia-civil;Centro Universitário de Excelência Eniac;SP;701;Privada;;;701-800;6.08;501-600;2.43;501-600;2.37;;;601-700;1.28;;;;;;;;;
2023;engenharia-civil;Faculdades Integradas dos Campos Gerais;PR;701;Privada;;;701-800;7.08;601-700;1.66;251-300;5.2;;;701-800;0.22;;;;;;;;;
2023;engenharia-civil;Instituto de Ensino Superior Fucapi;AM;701;Privada;;;701-800;5.73;701-800;1.05;351-400;4.62;;;801-1000;0.06;;;;;;;;;
2023;engenharia-civil;Centro Universitário Padre Anchieta;SP;701;Privada;;;601-700;7.5;501-600;2.43;351-400;4.44;;;701-800;0.63;;;;;;;;;
2023;engenharia-civil;Faculdade Promove de Sete Lagoas;MG;701;Privada;;;701-800;5.43;701-800;0.68;301-350;4.75;;;;;;;;;;;;;
2023;engenharia-civil;Escola de Ensino Superior do Agreste Paraibano;PB;701;Privada;;;701-800;5.93;701-800;1.29;501-600;3.04;;;601-700;1.6;;;;;;;;;
2023;engenharia-civil;Faculdade Politécnica de Campinas;SP;701;Privada;;;701-800;5.13;701-800;0.76;801-1000;0.36;;;401-500;4.01;;;;;;;;;
2023;engenharia-civil;Faculdade Anhanguera de Pindamonhangaba;SP;701;Privada;;;701-800;6.54;301-350;4.75;801-1000;0.35;;;601-700;1.44;;;;;;;;;
2023;engenharia-civil;Centro Universitário Unihorizontes;MG;701;Privada;;;601-700;7.72;501-600;2.43;301-350;4.73;;;701-800;0.56;;;;;;;;;
2023;engenharia-civil;Centro Universitário Univel;PR;701;Privada;;;701-800;6.46;601-700;1.71;601-700;1.64;;;501-600;3.11;;;;;;;;;
2023;engenharia-civil;Faculdade do Maranhão;MA;701;Privada;;;701-800;5.15;601-700;1.91;701-800;0.92;;;501-600;2.32;;;;;;;;;
2023;engenharia-civil;Centro de Ensino Superior Riograndese;RS;701;Privada;;;701-800;5.25;601-700;1.38;601-700;1.91;;;601-700;1.96;;;;;;;;;
2023;engenharia-civil;Instituto Salvador de Ensino e Cultura;BA;701;Privada;;;701-800;5.93;401-500;3.49;701-800;0.64;;;601-700;1.8;;;;;;;;;
2023;engenharia-civil;Centro Universitário Maurício de Nassau de Maceió;AL;701;Privada;;;701-800;6.83;501-600;2.43;601-700;1.39;;;501-600;3.01;;;;;;;;;
2023;engenharia-civil;Faculdade de Palmas;TO;701;Privada;;;701-800;5.96;801-1000;0.35;301-350;4.89;;;701-800;0.72;;;;;;;;;
2023;engenharia-civil;Centro Universitário La Salle;MT;701;Privada;;;701-800;5.09;701-800;1.05;701-800;0.79;;;401-500;3.25;;;;;;;;;
2023;engenharia-civil;Faculdade Praia Grande;SP;701;Privada;;;701-800;6;501-600;2.43;601-700;2.29;;;601-700;1.28;;;;;;;;;
2023;engenharia-civil;Instituto de Ensino Superior de Foz do Iguaçu;PR;701;Privada;;;701-800;6.18;801-1000;0.2;401-500;3.29;;;501-600;2.69;;;;;;;;;
2023;engenharia-civil;Faculdade Esamc Campinas;SP;701;Privada;;;701-800;6.52;701-800;0.55;251-300;5.18;;;701-800;0.79;;;;;;;;;
2023;engenharia-civil;Universidade de Gurupi;TO;701;Municipal;;;701-800;5.12;601-700;1.64;401-500;3.48;;;;;;;;;;;;;
2023;engenharia-civil;Instituição de Ensino Superior de Cacoal;RO;701;Privada;;;701-800;7.4;801-1000;0.35;501-600;2.58;;;351-400;4.47;;;;;;;;;
2023;engenharia-civil;Faculdade Uninassau Vitória da Conquista;BA;701;Privada;;;601-700;7.63;401-500;3.49;701-800;0.64;;;401-500;3.5;;;;;;;;;
2023;engenharia-civil;Centro Universitário Braz Cubas;SP;701;Privada;;;701-800;6.12;701-800;1.22;351-400;4.41;;;701-800;0.49;;;;;;;;;
2023;engenharia-civil;Centro de Ensino Superior de Altamira;PA;701;Privada;;;701-800;6.79;701-800;0.68;501-600;2.94;;;401-500;3.17;;;;;;;;;
2023;engenharia-civil;Escola Superior de Criciúma;SC;701;Privada;;;601-700;7.62;701-800;1.29;194;6.17;;;801-1000;0.16;;;;;;;;;
2023;engenharia-civil;Centro Universitário das Américas;SP;701;Privada;;;601-700;7.41;201-250;5.99;701-800;0.93;;;701-800;0.49;;;;;;;;;
2023;engenharia-civil;Centro Universitário de Barra Mansa;RJ;701;Privada;;;701-800;6.52;601-700;1.47;401-500;3.77;;;601-700;1.28;;;;;;;;;
2023;engenharia-civil;Faculdade da Serra Gaúcha de Bento Gonçalves;RS;701;Privada;;;601-700;7.67;251-300;5.54;601-700;1.91;;;701-800;0.22;;;;;;;;;
2023;engenharia-civil;Faculdade Estácio do Pantanal;MT;701;Privada;;;701-800;4.74;701-800;0.94;701-800;0.79;;;501-600;3.01;;;;;;;;;
2023;engenharia-civil;Faculdade Multivix Cariacica;ES;701;Privada;;;701-800;5.68;701-800;0.76;601-700;2.23;;;501-600;2.69;;;;;;;;;
2023;engenharia-civil;Centro Universitário Anhanguera Pitágoras Ampli;SP;701;Privada;;;701-800;6.71;501-600;2.99;501-600;2.68;;;701-800;1.04;;;;;;;;;
2023;engenharia-civil;Faculdade de Integração do Sertão;PE;701;Privada;;;701-800;6.26;701-800;1.16;501-600;2.78;;;501-600;2.32;;;;;;;;;
2023;engenharia-civil;Faculdade Anhanguera de Teixeira de Freitas;BA;701;Privada;;;701-800;4.99;501-600;2.93;701-800;0.64;;;601-700;1.42;;;;;;;;;
2023;engenharia-civil;Centro Universitário do Planalto de Araxá;MG;701;Privada;;;701-800;7.15;701-800;1.33;301-350;4.78;;;701-800;1.04;;;;;;;;;
2023;engenharia-civil;Universidade Metodista de São Paulo;SP;701;Privada;;;701-800;5.56;351-400;4.27;801-1000;0.35;;;701-800;0.94;;;;;;;;;
2023;engenharia-civil;Faculdade Santo Agostinho;MG;701;Privada;;;701-800;5.32;701-800;0.94;401-500;4.06;;;701-800;0.32;;;;;;;;;
2023;engenharia-civil;Centro Universitário do Triângulo;MG;701;Privada;;;701-800;5.67;701-800;0.47;351-400;4.48;;;701-800;0.72;;;;;;;;;
2023;engenharia-civil;Centro Universitário Funcesi;MG;701;Privada;;;701-800;5.29;401-500;3.27;701-800;1.35;;;701-800;0.67;;;;;;;;;
2023;engenharia-civil;Faculdade Anhanguera de Imperatriz;MA;701;Privada;;;701-800;6.77;601-700;1.83;701-800;0.92;;;401-500;4.02;;;;;;;;;
2023;engenharia-civil;Faculdade Anhanguera de Governador Valadares;MG;701;Privada;;;701-800;6.74;601-700;1.59;701-800;1.35;;;401-500;3.8;;;;;;;;;
2023;engenharia-civil;Faculdade de Ampére;PR;701;Privada;;;701-800;4.72;801-1000;0.07;601-700;1.64;;;501-600;3.01;;;;;;;;;
2023;engenharia-civil;Instituto de Ensino Superior Planalto;DF;701;Privada;;;701-800;6.3;701-800;1.13;301-350;4.74;;;701-800;0.43;;;;;;;;;
2023;engenharia-civil;Faculdade Anhanguera de Jequié;BA;701;Privada;;;701-800;6.47;351-400;4.31;701-800;0.64;;;601-700;1.52;;;;;;;;;
2023;engenharia-civil;Faculdade Anhanguera de Sorriso;MT;701;Privada;;;701-800;7.28;501-600;2.93;701-800;0.79;;;401-500;3.56;;;;;;;;;
2023;engenharia-civil;Faculdade de Iporá;GO;701;Privada;;;701-800;6.52;701-800;0.53;401-500;3.3;;;501-600;2.69;;;;;;;;;
2023;engenharia-civil;Centro Universitário Cearense;CE;701;Privada;;;701-800;6.17;501-600;2.43;401-500;3.74;;;;;;;;;;;;;
2023;engenharia-civil;Faculdade Alis de Itabirito;MG;701;Privada;;;701-800;6.55;701-800;1.13;701-800;1.35;;;401-500;4.07;;;;;;;;;
2023;engenharia-civil;Centro Universitário de Patos;PB;701;Privada;;;701-800;7.31;501-600;2.7;501-600;3.04;;;601-700;1.57;;;;;;;;;
2023;engenharia-civil;Centro Universitário Fai;SC;701;Privada;;;701-800;5.85;701-800;0.94;351-400;4.35;;;701-800;0.56;;;;;;;;;
2023;engenharia-civil;Faculdade Cnec Rio das Ostras;RJ;701;Privada;;;701-800;5.11;501-600;2.43;601-700;1.4;;;601-700;1.28;;;;;;;;;
2023;engenharia-civil;Faculdade São Francisco do Ceará;CE;701;Privada;;;601-700;7.64;501-600;3.09;401-500;3.74;;;701-800;0.81;;;;;;;;;
2023;engenharia-civil;Faculdade Fasipe Cuiabá;MT;701;Privada;;;701-800;6.19;701-800;1.05;701-800;0.79;;;351-400;4.35;;;;;;;;;
2023;engenharia-civil;Faculdade Presidente Antônio Carlos de Conselheiro Lafaiete;MG;701;Privada;;;701-800;6.06;701-800;0.71;401-500;3.55;;;601-700;1.8;;;;;;;;;
2023;engenharia-civil;Centro Universitário Fundação de Ensino Octávio Bastos;SP;701;Privada;;;701-800;6.09;701-800;0.64;351-400;4.56;;;701-800;0.89;;;;;;;;;
2023;engenharia-civil;Faculdade de Filosofia Ciências e Letras de Ituverava;SP;701;Privada;;;701-800;7.3;701-800;0.84;166;6.44;;;801-1000;0.02;;;;;;;;;
2023;engenharia-civil;Faculdade Anhanguera de Primavera do Leste;MT;701;Privada;;;701-800;6.22;401-500;3.76;701-800;0.79;;;601-700;1.67;;;;;;;;;
2023;engenharia-civil;Faculdade Impacto de Porangatu;GO;701;Privada;;;701-800;4.8;601-700;1.52;401-500;3.28;;;;;;;;;;;;;
2023;engenharia-civil;Faculdade Multivix Vila Velha;ES;701;Privada;;;701-800;6.53;701-800;1.05;601-700;2.23;;;401-500;3.25;;;;;;;;;
2023;engenharia-civil;Faculdade Cesumar de Londrina;PR;701;Privada;;;701-800;7.16;301-350;4.96;601-700;1.64;;;701-800;0.56;;;;;;;;;
2023;engenharia-civil;Centro Universitário Piaget;SP;701;Privada;;;701-800;6.13;601-700;1.43;801-1000;0.35;;;351-400;4.35;;;;;;;;;
2023;engenharia-civil;Faculdade Integrada de Palmeiras de Goiás;GO;701;Privada;;;701-800;6.17;701-800;1.29;401-500;3.28;;;601-700;1.6;;;;;;;;;
2023;engenharia-civil;Faculdade Estácio do Amapá;AP;701;Privada;;;701-800;7.27;701-800;0.82;501-600;2.95;;;401-500;3.5;;;;;;;;;
2023;engenharia-civil;Faculdade Três Marias;PB;701;Privada;;;701-800;4.95;601-700;1.91;501-600;3.04;;;;;;;;;;;;;
2023;engenharia-civil;Faculdade Estácio de Santo André;SP;701;Privada;;;701-800;4.77;401-500;4.1;801-1000;0.35;;;701-800;0.32;;;;;;;;;
2023;engenharia-civil;Centro Universitário Amparense;SP;701;Privada;;;701-800;5.05;701-800;0.94;401-500;3.79;;;701-800;0.32;;;;;;;;;
2023;engenharia-civil;Faculdade Anhanguera do Maranhão;MA;701;Privada;;;701-800;5.72;501-600;2.99;701-800;0.92;;;601-700;1.81;;;;;;;;;
2023;engenharia-civil;Faculdade Anhanguera de Serra;ES;701;Privada;;;601-700;7.61;401-500;4.1;601-700;2.23;;;601-700;1.28;;;;;;;;;
2023;engenharia-civil;Centro Universitário Unifateb;PR;701;Privada;;;701-800;4.83;601-700;1.91;601-700;1.64;;;601-700;1.28;;;;;;;;;
2023;engenharia-civil;Faculdade Mais de Ituiutaba;MG;701;Privada;;;701-800;5.98;701-800;1.13;701-800;1.35;;;401-500;3.5;;;;;;;;;
2023;engenharia-civil;Centro Universitário Unisep;PR;701;Privada;;;701-800;6.46;601-700;1.91;601-700;1.64;;;501-600;2.91;;;;;;;;;
2023;engenharia-civil;Centro de Ensino Superior de Arcoverde;PE;701;Municipal;;;601-700;7.58;701-800;0.99;150;6.59;;;;;;;;;;;;;
2023;engenharia-civil;Centro Universitário da Fundação Educacional Guaxupé;MG;701;Privada;;;601-700;7.47;501-600;2.99;401-500;3.44;;;701-800;1.04;;;;;;;;;
2023;engenharia-civil;Faculdade Anhanguera de São José;SP;701;Privada;;;601-700;7.63;301-350;4.96;801-1000;0.35;;;501-600;2.32;;;;;;;;;
2023;engenharia-civil;Instituto Paraibano de Ensino Renovado;PB;701;Privada;;;701-800;5.47;501-600;2.43;501-600;3.04;;;;;;;;;;;;;
2023;engenharia-civil;Faculdade Empresarial de Chapecó;SC;701;Privada;;;701-800;4.92;701-800;0.96;401-500;3.8;;;801-1000;0.16;;;;;;;;;
2023;engenharia-civil;Instituto Cuiabá de Ensino e Cultura;MT;701;Privada;;;701-800;5.42;701-800;1.13;701-800;0.79;;;401-500;3.5;;;;;;;;;
2023;engenharia-civil;Faculdade Santa Rita de Cássia;GO;701;Privada;;;701-800;5.76;501-600;2.43;401-500;3.28;;;801-1000;0.05;;;;;;;;;
2023;engenharia-civil;Faculdade Fasipe de Rondonópolis;MT;701;Privada;;;701-800;5.78;701-800;0.64;701-800;0.79;;;351-400;4.35;;;;;;;;;
2023;engenharia-civil;Centro Universitário de Pato Branco;PR;701;Privada;;;601-700;7.69;601-700;1.52;251-300;5.56;;;701-800;0.61;;;;;;;;;
2023;engenharia-civil;Faculdade do Rio de Janeiro;RJ;701;Privada;;;701-800;4.77;601-700;1.43;701-800;1.02;;;501-600;2.32;;;;;;;;;
2023;engenharia-civil;Faculdade Independente do Nordeste;BA;701;Privada;;;601-700;7.45;601-700;1.81;401-500;3.48;;;501-600;2.16;;;;;;;;;
2023;engenharia-civil;Faculdade Unibras do Norte Goiano;GO;701;Privada;;;701-800;5.11;801-1000;0.03;401-500;3.28;;;601-700;1.8;;;;;;;;;
2023;engenharia-civil;Faculdade Fatifajar Jaguariaíva;PR;701;Privada;;;701-800;7.04;701-800;1.05;601-700;1.64;;;351-400;4.35;;;;;;;;;
2023;engenharia-civil;Centro Universitário Módulo;SP;701;Privada;;;601-700;7.59;701-800;0.76;168;6.42;;;701-800;0.41;;;;;;;;;
2023;engenharia-civil;Centro Universitário São Lucas Ji-paraná;RO;701;Privada;;;701-800;6.73;801-1000;0.35;501-600;2.58;;;401-500;3.8;;;;;;;;;
2023;engenharia-civil;Centro Universitário Opet;PR;701;Privada;;;601-700;7.41;501-600;2.52;351-400;4.4;;;701-800;0.49;;;;;;;;;
2023;engenharia-civil;Faculdade Estácio São Paulo de Rondônia;RO;701;Privada;;;701-800;5.01;501-600;2.43;501-600;2.58;;;;;;;;;;;;;
2023;engenharia-civil;Faculdade Pitágoras de Irecê;BA;701;Privada;;;701-800;6.7;401-500;4.1;701-800;0.64;;;601-700;1.96;;;;;;;;;
2023;engenharia-civil;Faculdade Esamc Sorocaba;SP;701;Privada;;;701-800;7.07;601-700;1.73;501-600;2.74;;;501-600;2.6;;;;;;;;;
2023;engenharia-civil;Centro Universitário Sudoeste Paulista;SP;701;Privada;;;701-800;7.32;701-800;0.51;165;6.45;;;701-800;0.36;;;;;;;;;
2023;engenharia-civil;Faculdade Cgesp Goiânia;GO;701;Privada;;;701-800;7.38;401-500;4.1;401-500;3.28;;;;;;;;;;;;;
2023;engenharia-civil;Faculdade Unibras do Pará;PA;701;Privada;;;701-800;6.89;701-800;0.94;501-600;2.94;;;501-600;3.01;;;;;;;;;
2023;engenharia-civil;Faculdade Metodista Conexional;MT;801;Privada;;;801-1000;2.95;701-800;0.64;701-800;0.79;;;601-700;1.52;;;;;;;;;
2023;engenharia-civil;Centro Universitário U:verse;AC;801;Privada;;;801-1000;3.54;701-800;0.84;601-700;2.14;;;701-800;0.56;;;;;;;;;
2023;engenharia-civil;Faculdade da Região Sisaleira;BA;801;Privada;;;801-1000;1.54;701-800;0.82;701-800;0.64;;;801-1000;0.08;;;;;;;;;
2023;engenharia-civil;Faculdade de Primavera;SP;801;Privada;;;801-1000;1.76;801-1000;0.13;801-1000;0.35;;;601-700;1.28;;;;;;;;;
2023;engenharia-civil;Faculdade Promove de Curvelo;MG;801;Privada;;;801-1000;1.82;701-800;0.47;701-800;1.35;;;;;;;;;;;;;
2023;engenharia-civil;Faculdade Paschoal Dantas;SP;801;Privada;;;801-1000;4.32;801-1000;0.38;801-1000;0.35;;;401-500;3.59;;;;;;;;;
2023;engenharia-civil;Faculdade Dom Pedro II de Sergipe;SE;801;Privada;;;801-1000;2.46;801-1000;0.35;701-800;0.83;;;601-700;1.28;;;;;;;;;
2023;engenharia-civil;Instituto Tecnológico e das Ciências Sociais Aplicadas e da Saúde do Centro Educ. N. Srª Auxiliadora;RJ;801;Privada;;;801-1000;4.24;501-600;2.43;701-800;1.02;;;701-800;0.79;;;;;;;;;
2023;engenharia-civil;Faculdade Concórdia;SC;801;Privada;;;801-1000;2;801-1000;0.13;601-700;1.75;;;801-1000;0.12;;;;;;;;;
2023;engenharia-civil;Faculdade Presidente Antônio Carlos de Ponte Nova;MG;801;Privada;;;801-1000;2.88;701-800;0.64;701-800;1.35;;;701-800;0.89;;;;;;;;;
2023;engenharia-civil;Faculdade Unibras do Mato Grosso;MT;801;Privada;;;801-1000;2.09;801-1000;0.02;701-800;0.79;;;601-700;1.28;;;;;;;;;
2023;engenharia-civil;Centro de Ensino Superior de Ilhéus;BA;801;Privada;;;801-1000;4.37;701-800;0.48;701-800;0.64;;;401-500;3.25;;;;;;;;;
2023;engenharia-civil;Faculdade Vale do Aço;MA;801;Privada;;;801-1000;2.14;801-1000;0.22;701-800;0.92;;;701-800;1;;;;;;;;;
2023;engenharia-civil;Faculdade Pinhalzinho;SC;801;Privada;;;801-1000;2.63;701-800;0.52;601-700;1.75;;;701-800;0.36;;;;;;;;;
2023;engenharia-civil;Centro Universitário São Roque;SP;801;Privada;;;801-1000;2.57;701-800;0.94;801-1000;0.35;;;601-700;1.28;;;;;;;;;
2023;engenharia-civil;Centro Universitário Unifapi;PR;801;Privada;;;801-1000;1.99;801-1000;0.35;601-700;1.64;;;;;;;;;;;;;
2023;engenharia-civil;Faculdade de Ensino Superior da Amazônia Reunida;PA;801;Privada;;;801-1000;4.2;701-800;0.94;501-600;2.94;;;701-800;0.32;;;;;;;;;
2023;engenharia-civil;Faculdade de Castelo;ES;801;Privada;;;801-1000;3.43;701-800;0.64;601-700;2.23;;;701-800;0.56;;;;;;;;;
2023;engenharia-civil;Faculdade Eduvale de Avaré;SP;801;Privada;;;801-1000;2.37;701-800;0.69;801-1000;0.35;;;601-700;1.33;;;;;;;;;
2023;engenharia-civil;Centro Universitário Cambury;GO;801;Privada;;;801-1000;3.78;701-800;0.5;401-500;3.28;;;;;;;;;;;;;
2023;engenharia-civil;Centro Universitário do Sudeste Mineiro;MG;801;Privada;;;801-1000;3.14;701-800;1.18;701-800;1.35;;;701-800;0.61;;;;;;;;;
2023;engenharia-civil;Faculdade Esamc São Paulo;SP;801;Privada;;;801-1000;1.98;801-1000;0.35;801-1000;0.35;;;601-700;1.28;;;;;;;;;
2023;engenharia-civil;Faculdade Presidente Antônio Carlos de Teófilo Otoni;MG;801;Privada;;;701-800;4.7;701-800;0.47;401-500;3.91;;;701-800;0.32;;;;;;;;;
2023;engenharia-civil;Faculdade Sinergia;SC;801;Privada;;;701-800;4.68;501-600;2.49;601-700;1.75;;;701-800;0.44;;;;;;;;;
2023;engenharia-civil;Faculdade de Ciências Gerenciais Alves Fortes;MG;801;Privada;;;801-1000;2.75;801-1000;0.14;501-600;2.61;;;;;;;;;;;;;
2023;engenharia-civil;Faculdade Santo Antônio de Queimadas;BA;801;Privada;;;801-1000;0.77;801-1000;0.13;701-800;0.64;;;;;;;;;;;;;
2023;engenharia-civil;Faculdade São Joaquim da Barra;SP;801;Privada;;;801-1000;3.02;501-600;2.67;801-1000;0.35;;;;;;;;;;;;;
2023;engenharia-civil;Faculdade de Administração de Mariana;MG;801;Privada;;;801-1000;4.28;501-600;2.93;701-800;1.35;;;;;;;;;;;;;
2023;engenharia-civil;Centro Universitário Metropolitano de Maringá;PR;801;Privada;;;801-1000;3.35;601-700;1.59;601-700;1.64;;;801-1000;0.12;;;;;;;;;
2023;engenharia-civil;Centro Universitário de Paulínia;SP;801;Privada;;;801-1000;3.16;701-800;0.66;701-800;0.95;;;601-700;1.55;;;;;;;;;
2023;engenharia-civil;Faculdade Cnec Unaí;MG;801;Privada;;;801-1000;4.36;501-600;2.43;601-700;1.93;;;;;;;;;;;;;
2023;engenharia-civil;Centro Universitário Presidente Tancredo de Almeida Neves;MG;801;Privada;;;801-1000;3.84;601-700;1.55;701-800;1.35;;;701-800;0.94;;;;;;;;;
2023;engenharia-civil;Universidade Salgado de Oliveira;RJ;801;Privada;;;801-1000;4.31;701-800;1.32;601-700;2.01;;;701-800;0.98;;;;;;;;;
2023;engenharia-civil;Faculdade de Tecnologia Porto das Monções;SP;801;Privada;;;801-1000;3.62;801-1000;0.1;601-700;2.24;;;601-700;1.28;;;;;;;;;
2023;engenharia-civil;Faculdade Metodista Granbery;MG;801;Privada;;;801-1000;3.03;701-800;1.23;701-800;1.35;;;701-800;0.45;;;;;;;;;
2023;engenharia-civil;Faculdade Irecê;BA;801;Privada;;;801-1000;1.33;801-1000;0.36;701-800;0.64;;;701-800;0.33;;;;;;;;;
2023;engenharia-civil;Centro Universitário Estácio Meta de Rio Branco Estácio;AC;801;Privada;;;801-1000;3.52;701-800;0.77;601-700;2.14;;;701-800;0.61;;;;;;;;;
2023;engenharia-civil;Faculdade de Ciências Sociais Aplicadas de Extrema;MG;801;Privada;;;801-1000;4.53;701-800;0.94;401-500;3.59;;;;;;;;;;;;;
2023;engenharia-civil;Faculdade UMFG;PR;801;Privada;;;801-1000;3.41;601-700;1.77;601-700;1.64;;;;;;;;;;;;;
2023;engenharia-civil;Faculdade Regional de Leopoldina;MG;801;Privada;;;801-1000;4;501-600;2.43;701-800;1.35;;;701-800;0.22;;;;;;;;;
2023;engenharia-civil;Faculdade Dom Bosco de Maringá;PR;801;Privada;;;801-1000;2.11;701-800;0.47;601-700;1.64;;;;;;;;;;;;;
2023;engenharia-civil;Faculdade de Itaituba;PA;801;Privada;;;801-1000;4.29;801-1000;0.07;501-600;2.94;;;601-700;1.28;;;;;;;;;
2023;engenharia-civil;Faculdade União Cultural do Estado de São Paulo;SP;801;Privada;;;801-1000;0.35;;;801-1000;0.35;;;;;;;;;;;;;
2023;engenharia-civil;Faculdade Dom Ricardo;SP;801;Privada;;;801-1000;2.78;501-600;2.43;801-1000;0.35;;;;;;;;;;;;;
2023;engenharia-civil;Faculdade Unibrasília;DF;801;Privada;;;801-1000;2.21;801-1000;0.02;601-700;2.07;;;801-1000;0.12;;;;;;;;;
2024;engenharia-civil;Universidade de São Paulo;SP;1;Estadual;1;36;1;63.64;;;30;7.73;;;1;8;;;11;7.91;1;40;;;
2024;engenharia-civil;Universidade Estadual de Campinas;SP;2;Estadual;3;35.74;2;62.78;;;30;7.73;;;1;8;;;15;7.87;2;39.18;;;
2024;engenharia-civil;Universidade Federal do Rio de Janeiro;RJ;3;Federal;10;34.84;3;62.51;;;19;7.83;;;1;8;;;54;7.5;2;39.18;;;
2024;engenharia-civil;Universidade Federal de Minas Gerais;MG;4;Federal;3;35.74;7;59.23;;;8;7.93;;;201-250;5.86;;;13;7.89;4;37.55;;;
2024;engenharia-civil;Universidade Federal de Santa Catarina;SC;5;Federal;10;34.84;6;59.48;;;27;7.76;;;1;8;;;22;7.8;6;35.92;;;
2024;engenharia-civil;Universidade Federal do Rio Grande do Sul;RS;6;Federal;26;32.77;4;61.15;;;21;7.81;;;1;8;;;23;7.79;4;37.55;;;
2024;engenharia-civil;Universidade de Brasília;DF;7;Federal;10;34.84;8;58.04;;;4;7.97;;;1;8;;;24;7.78;8;34.29;;;
2024;engenharia-civil;Universidade Estadual Paulista Júlio de Mesquita Filho;SP;8;Estadual;26;32.77;5;59.62;;;24;7.78;;;1;8;;;9;7.92;6;35.92;;;
2024;engenharia-civil;Universidade Federal de São Carlos;SP;9;Federal;26;32.77;9;58;;;23;7.79;;;1;8;;;9;7.92;8;34.29;;;
2024;engenharia-civil;Universidade Federal do Ceará;CE;10;Federal;10;34.84;10;55.43;;;15;7.87;;;201-250;5.85;;;62;7.42;8;34.29;;;
2024;engenharia-civil;Universidade Federal de Pernambuco;PE;11;Federal;10;34.84;17;53.42;;;24;7.78;;;1;8;;;60;7.44;13;30.2;;;
2024;engenharia-civil;Universidade Estadual de Londrina;PR;12;Estadual;10;34.84;20;52.89;;;36;7.67;;;1;8;;;105;7.02;13;30.2;;;
2024;engenharia-civil;Universidade Federal da Bahia;BA;13;Federal;10;34.84;22;52.79;;;66;7.39;;;1;8;;;86;7.2;13;30.2;;;
2024;engenharia-civil;Universidade Federal do Paraná;PR;14;Federal;3;35.74;23;51.51;;;18;7.84;;;201-250;5.71;;;26;7.76;13;30.2;;;
2024;engenharia-civil;Universidade Federal da Paraíba;PB;15;Federal;26;32.77;12;53.92;;;14;7.88;;;1;8;;;18;7.84;13;30.2;;;
2024;engenharia-civil;Universidade Federal Fluminense;RJ;16;Federal;26;32.77;13;53.83;;;20;7.82;;;1;8;;;21;7.81;13;30.2;;;
2024;engenharia-civil;Universidade Tecnológica Federal do Paraná;PR;17;Federal;26;32.77;19;53.19;;;45;7.59;;;1;8;;;64;7.4;13;30.2;;;
2024;engenharia-civil;Universidade do Estado do Rio de Janeiro;RJ;18;Estadual;26;32.77;24;51.06;;;65;7.4;;;201-250;5.82;;;39;7.64;13;30.2;;;
2024;engenharia-civil;Pontifícia Universidade Católica do Rio de Janeiro;RJ;19;Privada;26;32.77;25;50.76;;;123;6.86;;;601-700;2.04;;;46;7.57;8;34.29;;;
2024;engenharia-civil;Universidade do Vale do Rio dos Sinos;RS;20;Privada;26;32.77;26;50.01;;;147;6.63;;;251-300;5.51;;;36;7.67;13;30.2;;;
2024;engenharia-civil;Universidade Presbiteriana Mackenzie;SP;21;Privada;1;36;30;45.75;;;82;7.24;;;601-700;2.03;;;183;6.28;13;30.2;;;
2024;engenharia-civil;Instituto Tecnológico de Aeronáutica;SP;22;Federal;79;25.94;11;54.88;;;97;7.1;;;201-250;5.63;;;16;7.86;8;34.29;;;
2024;engenharia-civil;Universidade Federal de Ouro Preto;MG;23;Federal;79;25.94;15;53.69;;;28;7.75;;;1;8;;;28;7.74;13;30.2;;;
2024;engenharia-civil;Universidade Federal de Viçosa;MG;24;Federal;79;25.94;18;53.3;;;16;7.86;;;1;8;;;81;7.24;13;30.2;;;
2024;engenharia-civil;Centro Universitário do Instituto Mauá de Tecnologia;SP;25;Privada;10;34.84;31;44.38;;;49;7.55;;;701-800;0.68;;;201-250;5.95;13;30.2;;;
2024;engenharia-civil;Pontifícia Universidade Católica do Rio Grande do Sul;RS;26;Privada;26;32.77;29;46.22;;;139;6.71;;;601-700;2.24;;;99;7.07;13;30.2;;;
2024;engenharia-civil;Universidade Federal de Campina Grande;PB;27;Federal;79;25.94;21;52.88;;;69;7.36;;;1;8;;;73;7.32;13;30.2;;;
2024;engenharia-civil;Centro Universitário Funorte;MG;28;Privada;79;25.94;27;49.42;;;351-400;4.54;;;1;8;;;140;6.68;13;30.2;;;
2024;engenharia-civil;Universidade Federal de Goiás;GO;29;Federal;10;34.84;35;37.28;;;29;7.74;;;1;8;;;37;7.66;33;13.88;;;
2024;engenharia-civil;Pontifícia Universidade Católica de Campinas;SP;30;Privada;79;25.94;32;44.06;;;192;6.21;;;701-800;0.81;;;124;6.84;13;30.2;;;
2024;engenharia-civil;Universidade Federal de Alagoas;AL;31;Federal;26;32.77;36;36.94;;;44;7.6;;;1;8;;;58;7.46;33;13.88;;;
2024;engenharia-civil;Universidade Estadual de Maringá;PR;32;Estadual;26;32.77;37;36.91;;;3;7.98;;;1;8;;;101;7.05;33;13.88;;;
2024;engenharia-civil;Universidade Estadual de Ponta Grossa;PR;33;Estadual;26;32.77;38;36.28;;;34;7.69;;;1;8;;;137;6.71;33;13.88;;;
2024;engenharia-civil;Pontifícia Universidade Católica de São Paulo;SP;34;Privada;10;34.84;40;33.49;;;167;6.44;;;251-300;5.56;;;42;7.61;33;13.88;;;
2024;engenharia-civil;Pontifícia Universidade Católica do Paraná;PR;35;Privada;3;35.74;41;31.97;;;102;7.05;;;301-350;4.72;;;179;6.32;33;13.88;;;
2024;engenharia-civil;Universidade Federal de Itajubá;MG;36;Federal;79;25.94;34;37.29;;;37;7.66;;;1;8;;;27;7.75;33;13.88;;;
2024;engenharia-civil;Universidade de Passo Fundo;RS;37;Privada;26;32.77;42;30.23;;;201-250;6.09;;;401-500;3.67;;;150;6.59;33;13.88;;;
2024;engenharia-civil;Universidade de Fortaleza;CE;38;Privada;10;34.84;44;27.46;;;101;7.06;;;601-700;2.19;;;351-400;4.33;33;13.88;;;
2024;engenharia-civil;Universidade Estácio de Sá;RJ;39;Privada;10;34.84;45;25.67;;;401-500;3.58;;;601-700;1.36;;;122;6.85;33;13.88;;;
2024;engenharia-civil;Universidade Tiradentes;SE;40;Privada;26;32.77;43;27.68;;;201-250;6.05;;;601-700;1.78;;;201-250;5.97;33;13.88;;;
2024;engenharia-civil;Universidade Federal do Espírito Santo;ES;41;Federal;26;32.77;52;23.64;;;6;7.95;;;1;8;;;34;7.69;;;;;
2024;engenharia-civil;Universidade Federal de Sergipe;SE;42;Federal;26;32.77;53;23.45;;;8;7.93;;;1;8;;;52;7.52;;;;;
2024;engenharia-civil;Universidade Estadual do Oeste do Paraná;PR;43;Estadual;26;32.77;62;22.72;;;72;7.33;;;1;8;;;65;7.39;;;;;
2024;engenharia-civil;Universidade Federal do Piauí;PI;44;Federal;26;32.77;63;22.7;;;11;7.91;;;1;8;;;129;6.79;;;;;
2024;engenharia-civil;Universidade Federal do Pará;PA;45;Federal;26;32.77;69;22.45;;;88;7.18;;;1;8;;;78;7.27;;;;;
2024;engenharia-civil;Universidade Federal do Amazonas;AM;46;Federal;26;32.77;74;22.09;;;43;7.61;;;1;8;;;162;6.48;;;;;
2024;engenharia-civil;Universidade do Estado do Amazonas;AM;47;Estadual;26;32.77;80;21.6;;;86;7.2;;;1;8;;;170;6.4;;;;;
2024;engenharia-civil;Universidade de Pernambuco;PE;48;Estadual;26;32.77;81;21.56;;;67;7.38;;;1;8;;;193;6.18;;;;;
2024;engenharia-civil;Centro Universitário da Fundação Educacional Inaciana Pe Sabóia de Medeiros;SP;49;Privada;3;35.74;132;18.46;;;63;7.42;;;401-500;3.31;;;30;7.73;;;;;
2024;engenharia-civil;Universidade Federal do Maranhão;MA;50;Federal;26;32.77;83;21.41;;;171;6.41;;;1;8;;;107;7;;;;;
2024;engenharia-civil;Universidade Estadual do Norte Fluminense Darcy Ribeiro;RJ;51;Estadual;;;13;53.83;;;40;7.63;;;1;8;;;1;8;13;30.2;;;
2024;engenharia-civil;Universidade Federal de Mato Grosso;MT;52;Federal;26;32.77;87;21.02;;;114;6.94;;;1;8;;;201-250;6.08;;;;;
2024;engenharia-civil;Universidade Federal de Santa Maria;RS;53;Federal;;;16;53.51;;;47;7.57;;;1;8;;;28;7.74;13;30.2;;;
2024;engenharia-civil;Universidade Estadual do Piauí;PI;54;Estadual;26;32.77;95;20.46;;;87;7.19;;;1;8;;;251-300;5.27;;;;;
2024;engenharia-civil;Universidade São Judas Tadeu;SP;55;Privada;26;32.77;112;19.22;;;138;6.72;;;201-250;5.68;;;126;6.82;;;;;
2024;engenharia-civil;Universidade Cesumar;PR;56;Privada;26;32.77;120;18.8;;;168;6.43;;;301-350;5.12;;;80;7.25;;;;;
2024;engenharia-civil;Universidade do Grande Rio Professor José de Souza Herdy;RJ;57;Privada;26;32.77;121;18.79;;;351-400;4.65;;;1;8;;;197;6.14;;;;;
2024;engenharia-civil;Universidade Positivo;PR;58;Privada;10;34.84;195;16.34;;;136;6.73;;;401-500;3.65;;;201-250;5.96;;;;;
2024;engenharia-civil;Fundação Universidade do Estado de Santa Catarina;SC;59;Estadual;26;32.77;141;17.9;;;26;7.77;;;401-500;3.59;;;155;6.54;;;;;
2024;engenharia-civil;Universidade Salvador;BA;60;Privada;10;34.84;201-250;15.75;;;143;6.67;;;401-500;3.85;;;251-300;5.23;;;;;
2024;engenharia-civil;Faculdade Anhanguera de Campinas;SP;61;Privada;79;25.94;46;24.56;;;601-700;2.29;;;601-700;2.27;;;200;6.12;33;13.88;;;
2024;engenharia-civil;Universidade Paulista;SP;62;Privada;3;35.74;251-300;14.19;;;301-350;5.17;;;351-400;4.6;;;351-400;4.42;;;;;
2024;engenharia-civil;Universidade Católica Dom Bosco;MS;63;Privada;26;32.77;176;16.94;;;150;6.6;;;251-300;5.23;;;301-350;5.11;;;;;
2024;engenharia-civil;Universidade Federal de Lavras;MG;64;Federal;79;25.94;50;23.7;;;22;7.8;;;1;8;;;12;7.9;;;;;
2024;engenharia-civil;Universidade Federal do Rio Grande do Norte;RN;65;Federal;79;25.94;51;23.67;;;2;7.99;;;1;8;;;35;7.68;;;;;
2024;engenharia-civil;Universidade Santa Cecília;SP;66;Privada;26;32.77;185;16.68;;;201-250;5.72;;;301-350;5.02;;;201-250;5.94;;;;;
2024;engenharia-civil;Universidade Federal de Juiz de Fora;MG;67;Federal;79;25.94;54;23.37;;;38;7.65;;;1;8;;;31;7.72;;;;;
2024;engenharia-civil;Universidade Federal do Triângulo Mineiro;MG;68;Federal;79;25.94;55;23.31;;;50;7.54;;;1;8;;;25;7.77;;;;;
2024;engenharia-civil;Universidade Federal de São João Del Rei;MG;69;Federal;79;25.94;56;23.18;;;76;7.3;;;1;8;;;14;7.88;;;;;
2024;engenharia-civil;Universidade Federal do Rio Grande;RS;70;Federal;79;25.94;60;22.76;;;81;7.25;;;1;8;;;53;7.51;;;;;
2024;engenharia-civil;Instituto Federal de Educação, Ciência e Tecnologia de Santa Catarina;SC;71;Federal;;;28;48.68;;;48;7.56;;;201-250;5.84;;;301-350;5.08;13;30.2;;;
2024;engenharia-civil;Universidade Estadual de Santa Cruz;BA;72;Estadual;79;25.94;61;22.73;;;8;7.93;;;1;8;;;128;6.8;;;;;
2024;engenharia-civil;Universidade de Caxias do Sul;RS;73;Privada;26;32.77;201-250;15.76;;;111;6.97;;;501-600;2.75;;;201-250;6.04;;;;;
2024;engenharia-civil;Universidade Fumec;MG;74;Privada;10;34.84;301-350;13.52;;;128;6.81;;;501-600;2.92;;;401-500;3.79;;;;;
2024;engenharia-civil;Centro Universitário Una;MG;75;Privada;26;32.77;201-250;15.53;;;301-350;5.01;;;301-350;4.9;;;251-300;5.62;;;;;
2024;engenharia-civil;Centro Universitário do Rio Grande do Norte;RN;76;Privada;79;25.94;71;22.28;;;110;6.98;;;1;8;;;75;7.3;;;;;
2024;engenharia-civil;Pontifícia Universidade Católica de Minas Gerais;MG;77;Privada;3;35.74;351-400;12.45;;;156;6.55;;;701-800;1.3;;;351-400;4.6;;;;;
2024;engenharia-civil;Universidade Federal Rural do Semi-árido;RN;78;Federal;79;25.94;75;22.03;;;118;6.9;;;1;8;;;93;7.13;;;;;
2024;engenharia-civil;Instituto Federal de Educação, Ciência e Tecnologia do Rio Grande do Norte;RN;79;Federal;79;25.94;78;21.73;;;118;6.9;;;1;8;;;125;6.83;;;;;
2024;engenharia-civil;Pontifícia Universidade Católica de Goiás;GO;80;Privada;10;34.84;351-400;12.61;;;201-250;5.96;;;501-600;2.54;;;401-500;4.11;;;;;
2024;engenharia-civil;Universidade Federal dos Vales do Jequitinhonha e Mucuri;MG;81;Federal;79;25.94;84;21.28;;;105;7.03;;;1;8;;;186;6.25;;;;;
2024;engenharia-civil;Universidade Estadual do Maranhão;MA;82;Estadual;26;32.77;251-300;14.39;;;129;6.8;;;201-250;5.66;;;601-700;1.93;;;;;
2024;engenharia-civil;Centro Federal de Educação Tecnológica de Minas Gerais;MG;83;Federal;79;25.94;85;21.17;;;60;7.45;;;1;8;;;201-250;5.72;;;;;
2024;engenharia-civil;Universidade Veiga de Almeida;RJ;84;Privada;26;32.77;251-300;14.25;;;251-300;5.61;;;601-700;2.01;;;146;6.63;;;;;
2024;engenharia-civil;Universidade Católica de Pernambuco;PE;85;Privada;26;32.77;251-300;14.21;;;183;6.29;;;701-800;1.24;;;140;6.68;;;;;
2024;engenharia-civil;Centro Universitário Unidade de Ensino Superior Dom Bosco;MA;86;Privada;79;25.94;88;20.94;;;201-250;5.95;;;1;8;;;108;6.99;;;;;
2024;engenharia-civil;Universidade Federal de Mato Grosso do Sul;MS;87;Federal;79;25.94;90;20.86;;;42;7.62;;;201-250;5.64;;;43;7.6;;;;;
2024;engenharia-civil;Faculdade Feitep;PR;88;Privada;79;25.94;91;20.76;;;301-350;4.76;;;1;8;;;1;8;;;;;
2024;engenharia-civil;Universidade Estadual de Goiás;GO;89;Estadual;79;25.94;93;20.62;;;107;7.01;;;1;8;;;251-300;5.61;;;;;
2024;engenharia-civil;Universidade Federal do Acre;AC;90;Federal;79;25.94;94;20.53;;;83;7.23;;;1;8;;;251-300;5.3;;;;;
2024;engenharia-civil;Universidade Anhembi Morumbi;SP;91;Privada;26;32.77;301-350;13.65;;;201-250;5.75;;;601-700;2.02;;;201-250;5.88;;;;;
2024;engenharia-civil;Universidade do Vale do Itajaí;SC;92;Privada;26;32.77;301-350;13.63;;;132;6.77;;;401-500;3.41;;;401-500;3.45;;;;;
2024;engenharia-civil;Fundação Universidade Federal do Vale do São Francisco;PE;93;Federal;79;25.94;99;20.2;;;98;7.09;;;201-250;5.78;;;72;7.33;;;;;
2024;engenharia-civil;Instituto Federal de Educação, Ciência e Tecnologia Sul-Rio-Grandense;RS;94;Federal;79;25.94;102;19.85;;;131;6.78;;;1;8;;;301-350;5.07;;;;;
2024;engenharia-civil;Universidade Potiguar;RN;95;Privada;26;32.77;301-350;13.01;;;251-300;5.5;;;501-600;2.56;;;301-350;4.95;;;;;
2024;engenharia-civil;Centro Universitário Facvest;SC;96;Privada;79;25.94;103;19.71;;;301-350;4.83;;;1;8;;;119;6.88;;;;;
2024;engenharia-civil;Centro Universitário Facisa;PB;96;Privada;79;25.94;103;19.71;;;127;6.82;;;1;8;;;301-350;4.89;;;;;
2024;engenharia-civil;Instituto Federal de Educação, Ciência e Tecnologia do Piauí;PI;98;Federal;79;25.94;106;19.68;;;11;7.91;;;1;8;;;401-500;3.77;;;;;
2024;engenharia-civil;Universidade Pitágoras Unopar Anhanguera;PR;99;Privada;26;32.77;351-400;12.62;;;351-400;4.61;;;501-600;2.47;;;251-300;5.54;;;;;
2024;engenharia-civil;Centro Universitário Curitiba;PR;100;Privada;79;25.94;112;19.22;;;79;7.27;;;301-350;4.79;;;90;7.16;;;;;
2024;engenharia-civil;Centro Universitário Newton Paiva;MG;101;Privada;26;32.77;351-400;12.36;;;251-300;5.26;;;401-500;3.38;;;401-500;3.72;;;;;
2024;engenharia-civil;Universidade de Cuiabá;MT;102;Privada;26;32.77;351-400;12.32;;;401-500;3.39;;;301-350;4.89;;;401-500;4.04;;;;;
2024;engenharia-civil;Universidade Católica de Santos;SP;103;Privada;79;25.94;118;18.84;;;201-250;5.7;;;201-250;5.75;;;65;7.39;;;;;
2024;engenharia-civil;Universidade Vila Velha;ES;104;Privada;26;32.77;401-500;11.94;;;122;6.87;;;601-700;1.61;;;401-500;3.46;;;;;
2024;engenharia-civil;Centro Universitário de Excelência;BA;105;Privada;79;25.94;127;18.59;;;401-500;3.44;;;1;8;;;91;7.15;;;;;
2024;engenharia-civil;Centro Universitário Facens;SP;106;Privada;79;25.94;129;18.56;;;146;6.64;;;351-400;4.43;;;55;7.49;;;;;
2024;engenharia-civil;Escola de Engenharia de Piracicaba;SP;107;Municipal;26;32.77;401-500;11.53;;;184;6.28;;;801-900;0.13;;;301-350;5.12;;;;;
2024;engenharia-civil;Centro Universitário Sociesc;SC;108;Privada;79;25.94;136;18.21;;;116;6.92;;;251-300;5.44;;;201-250;5.85;;;;;
2024;engenharia-civil;Universidade do Oeste Paulista;SP;109;Privada;79;25.94;138;18.09;;;200;6.13;;;301-350;4.95;;;106;7.01;;;;;
2024;engenharia-civil;Centro Universitário de Brasília;DF;110;Privada;26;32.77;401-500;11.14;;;142;6.68;;;801-900;0.26;;;401-500;4.2;;;;;
2024;engenharia-civil;Centro Universitário de Volta Redonda;RJ;111;Privada;79;25.94;143;17.85;;;251-300;5.34;;;201-250;5.62;;;118;6.89;;;;;
2024;engenharia-civil;Instituto Federal de Educação, Ciência e Tecnologia do Amazonas;AM;112;Federal;79;25.94;145;17.82;;;185;6.27;;;1;8;;;401-500;3.55;;;;;
2024;engenharia-civil;Universidade Nove de Julho;SP;113;Privada;26;32.77;401-500;10.96;;;501-600;2.61;;;601-700;1.77;;;151;6.58;;;;;
2024;engenharia-civil;Universidade da Região de Joinville;SC;114;Privada;79;25.94;146;17.77;;;141;6.69;;;301-350;4.91;;;194;6.17;;;;;
2024;engenharia-civil;Centro Universitário Una de Betim;MG;115;Privada;79;25.94;148;17.68;;;161;6.5;;;351-400;4.63;;;154;6.55;;;;;
2024;engenharia-civil;Centro Universitário Projeção;DF;116;Privada;79;25.94;150;17.6;;;601-700;2.06;;;1;8;;;50;7.54;;;;;
2024;engenharia-civil;Centro Universitário Dinâmica das Cataratas;PR;117;Privada;79;25.94;152;17.55;;;180;6.32;;;251-300;5.6;;;251-300;5.63;;;;;
2024;engenharia-civil;Universidade do Estado de Minas Gerais;MG;118;Estadual;79;25.94;153;17.52;;;188;6.25;;;1;8;;;501-600;3.27;;;;;
2024;engenharia-civil;Instituto Federal de Educação, Ciência e Tecnologia de Goiás;GO;119;Federal;79;25.94;155;17.5;;;103;7.04;;;201-250;5.83;;;351-400;4.63;;;;;
2024;engenharia-civil;Centro Universitário de João Pessoa;PB;120;Privada;79;25.94;158;17.46;;;189;6.24;;;251-300;5.55;;;201-250;5.67;;;;;
2024;engenharia-civil;Centro Universitário das Faculdades Metropolitanas Unidas;SP;121;Privada;26;32.77;501-600;10.62;;;351-400;4.63;;;701-800;0.73;;;251-300;5.26;;;;;
2024;engenharia-civil;Universidade do Sul de Santa Catarina;SC;122;Privada;26;32.77;501-600;10.55;;;301-350;5.07;;;501-600;2.36;;;501-600;3.12;;;;;
2024;engenharia-civil;Instituto Federal de Educação, Ciência e Tecnologia do Maranhão;MA;123;Federal;79;25.94;160;17.34;;;112;6.96;;;1;8;;;501-600;2.38;;;;;
2024;engenharia-civil;Centro Universitário Armando Alvares Penteado;SP;124;Privada;26;32.77;501-600;10.47;;;140;6.7;;;801-900;0.17;;;401-500;3.6;;;;;
2024;engenharia-civil;Centro Universitário Uninovafapi;PI;125;Privada;79;25.94;164;17.28;;;120;6.88;;;251-300;5.36;;;301-350;5.04;;;;;
2024;engenharia-civil;Universidade do Oeste de Santa Catarina;SC;126;Privada;79;25.94;166;17.23;;;145;6.65;;;201-250;5.76;;;301-350;4.82;;;;;
2024;engenharia-civil;Universidade de Ribeirão Preto;SP;127;Privada;79;25.94;168;17.13;;;251-300;5.59;;;301-350;4.82;;;136;6.72;;;;;
2024;engenharia-civil;Centro Universitário Antônio Eufrásio de Toledo de Presidente Prudente;SP;128;Privada;79;25.94;170;17.12;;;181;6.31;;;201-250;5.79;;;301-350;5.02;;;;;
2024;engenharia-civil;Centro Universitário Assis Gurgacz;PR;129;Privada;26;32.77;501-600;10.27;;;201-250;6.02;;;501-600;2.87;;;601-700;1.38;;;;;
2024;engenharia-civil;Universidade do Estado de Mato Grosso;MT;130;Estadual;79;25.94;173;17.07;;;158;6.53;;;1;8;;;501-600;2.54;;;;;
2024;engenharia-civil;Centro Universitário Multivix Vitória;ES;131;Privada;79;25.94;179;16.82;;;85;7.21;;;301-350;5.06;;;351-400;4.55;;;;;
2024;engenharia-civil;Centro Universitário Serra dos Órgãos;RJ;132;Privada;79;25.94;180;16.76;;;160;6.51;;;251-300;5.17;;;301-350;5.08;;;;;
2024;engenharia-civil;Centro Universitário do Norte;AM;133;Privada;26;32.77;501-600;9.89;;;501-600;2.42;;;501-600;3.17;;;351-400;4.3;;;;;
2024;engenharia-civil;Faculdade Anhanguera de São Bernardo;SP;134;Privada;79;25.94;183;16.69;;;701-800;0.69;;;1;8;;;1;8;;;;;
2024;engenharia-civil;Centro Universitário São Judas Tadeu;SP;135;Privada;79;25.94;188;16.58;;;251-300;5.34;;;251-300;5.18;;;201-250;6.06;;;;;
2024;engenharia-civil;Centro Universitário Ingá;PR;135;Privada;79;25.94;188;16.58;;;201-250;6.07;;;1;8;;;501-600;2.51;;;;;
2024;engenharia-civil;Universidade do Vale do Paraíba;SP;137;Privada;79;25.94;201-250;16.19;;;301-350;5.13;;;401-500;3.69;;;68;7.37;;;;;
2024;engenharia-civil;Centro Universitário de Belo Horizonte;MG;138;Privada;79;25.94;201-250;15.96;;;401-500;4.2;;;251-300;5.41;;;175;6.35;;;;;
2024;engenharia-civil;Escola de Engenharia Kennedy;MG;139;Privada;79;25.94;201-250;15.95;;;251-300;5.65;;;201-250;5.8;;;351-400;4.5;;;;;
2024;engenharia-civil;Universidade Tuiuti do Paraná;PR;140;Privada;79;25.94;201-250;15.67;;;201-250;5.77;;;401-500;3.71;;;192;6.19;;;;;
2024;engenharia-civil;Universidade Metodista de Piracicaba;SP;141;Privada;79;25.94;201-250;15.65;;;251-300;5.53;;;501-600;2.53;;;44;7.59;;;;;
2024;engenharia-civil;Centro Universitário Toledo Wyden;SP;142;Privada;79;25.94;201-250;15.61;;;401-500;4.1;;;251-300;5.6;;;201-250;5.91;;;;;
2024;engenharia-civil;Centro Universitário Facunicamps;GO;143;Privada;79;25.94;201-250;15.54;;;501-600;3.31;;;1;8;;;351-400;4.23;;;;;
2024;engenharia-civil;Centro Universitário de Várzea Grande;MT;144;Privada;79;25.94;201-250;15.53;;;401-500;3.43;;;251-300;5.19;;;116;6.91;;;;;
2024;engenharia-civil;Fundação Universidade Federal de Rondônia;RO;145;Federal;79;25.94;201-250;15.41;;;401-500;3.5;;;1;8;;;401-500;3.91;;;;;
2024;engenharia-civil;Centro Universitário Senai Cimatec;BA;146;Privada;79;25.94;201-250;15.26;;;70;7.35;;;501-600;3.13;;;301-350;4.78;;;;;
2024;engenharia-civil;Faculdade Pio Décimo;SE;147;Privada;79;25.94;201-250;15.24;;;401-500;3.36;;;251-300;5.31;;;152;6.57;;;;;
2024;engenharia-civil;Centro Universitário Euro-americano;DF;148;Privada;79;25.94;201-250;15.17;;;175;6.37;;;301-350;4.79;;;401-500;4.01;;;;;
2024;engenharia-civil;Faculdade Anhanguera Unidade Guarapari;ES;149;Privada;79;25.94;201-250;15.07;;;351-400;4.47;;;401-500;3.96;;;145;6.64;;;;;
2024;engenharia-civil;Centro Universitário Adventista de São Paulo;SP;150;Privada;79;25.94;251-300;14.92;;;178;6.34;;;501-600;2.93;;;201-250;5.65;;;;;
2024;engenharia-civil;Centro Universitário Cesmac;AL;151;Privada;26;32.77;601-700;8.06;;;251-300;5.63;;;701-800;0.86;;;601-700;1.57;;;;;
2024;engenharia-civil;Centro Universitário - Católica de Santa Catarina em Joinville;SC;152;Privada;79;25.94;251-300;14.88;;;109;6.99;;;601-700;1.52;;;173;6.37;;;;;
2024;engenharia-civil;Faculdade Unime de Ciências Exatas e Tecnológicas;BA;153;Privada;79;25.94;251-300;14.83;;;201-250;5.87;;;351-400;4.48;;;351-400;4.48;;;;;
2024;engenharia-civil;Universidade Regional de Blumenau;SC;154;Municipal;79;25.94;251-300;14.53;;;191;6.22;;;601-700;2.15;;;195;6.16;;;;;
2024;engenharia-civil;Universidade de Vassouras;RJ;155;Privada;79;25.94;251-300;14.5;;;201-250;5.71;;;351-400;4.44;;;351-400;4.35;;;;;
2024;engenharia-civil;Faculdade Martha Falcão Wyden;AM;156;Privada;79;25.94;251-300;14.43;;;201-250;5.69;;;601-700;1.63;;;95;7.11;;;;;
2024;engenharia-civil;Centro Universitário Maurício de Nassau;PE;157;Privada;79;25.94;251-300;14.38;;;351-400;4.72;;;351-400;4.49;;;251-300;5.17;;;;;
2024;engenharia-civil;Universidade Regional do Noroeste do Estado do Rio Grande do Sul;RS;158;Privada;79;25.94;251-300;14.24;;;251-300;5.32;;;401-500;4.09;;;301-350;4.83;;;;;
2024;engenharia-civil;Universidade Comunitária da Região de Chapecó;SC;159;Privada;79;25.94;251-300;14.14;;;251-300;5.43;;;251-300;5.33;;;401-500;3.38;;;;;
2024;engenharia-civil;Faculdade de Ensino Superior do Interior Paulista;SP;160;Privada;79;25.94;251-300;14.1;;;351-400;4.49;;;1;8;;;601-700;1.61;;;;;
2024;engenharia-civil;Centro Universitário Sagrado Coração;SP;161;Privada;79;25.94;251-300;14.05;;;251-300;5.29;;;401-500;3.48;;;251-300;5.28;;;;;
2024;engenharia-civil;Centro Universitário Faesa;ES;162;Privada;79;25.94;251-300;13.96;;;163;6.48;;;301-350;4.75;;;501-600;2.73;;;;;
2024;engenharia-civil;Faculdade Católica Paulista;SP;163;Privada;79;25.94;251-300;13.94;;;501-600;2.64;;;1;8;;;401-500;3.3;;;;;
2024;engenharia-civil;Centro Universitário Geraldo Di Biase;RJ;164;Privada;79;25.94;251-300;13.92;;;351-400;4.55;;;301-350;5.05;;;351-400;4.32;;;;;
2024;engenharia-civil;Centro Universitário Favip Wyden;PE;165;Privada;79;25.94;301-350;13.7;;;198;6.15;;;501-600;3.06;;;351-400;4.49;;;;;
2024;engenharia-civil;Instituto Federal de Educação, Ciência e Tecnologia de Rondônia;RO;166;Federal;79;25.94;301-350;13.65;;;401-500;3.5;;;1;8;;;601-700;2.15;;;;;
2024;engenharia-civil;Universidade Anhanguera;MS;167;Privada;79;25.94;301-350;13.61;;;501-600;3.08;;;301-350;4.73;;;201-250;5.8;;;;;
2024;engenharia-civil;Centro Universitário Uniasselvi de Brusque;SC;168;Privada;79;25.94;301-350;13.42;;;351-400;4.45;;;401-500;3.72;;;251-300;5.25;;;;;
2024;engenharia-civil;Centro Universitário Celso Lisboa;RJ;168;Privada;79;25.94;301-350;13.42;;;701-800;1.1;;;201-250;5.65;;;142;6.67;;;;;
2024;engenharia-civil;Universidade Feevale;RS;170;Privada;79;25.94;301-350;13.33;;;201-250;5.73;;;601-700;1.89;;;201-250;5.71;;;;;
2024;engenharia-civil;Faculdade Três Marias;PB;171;Privada;79;25.94;301-350;13.16;;;501-600;3.06;;;1;8;;;601-700;2.1;;;;;
2024;engenharia-civil;Faculdade do Centro Leste;ES;171;Privada;79;25.94;301-350;13.16;;;78;7.28;;;501-600;2.49;;;401-500;3.39;;;;;
2024;engenharia-civil;Universidade de Santa Cruz do Sul;RS;173;Privada;79;25.94;301-350;13.14;;;134;6.75;;;701-800;1.01;;;251-300;5.38;;;;;
2024;engenharia-civil;Universidade Católica de Brasília;DF;174;Privada;79;25.94;301-350;12.95;;;133;6.76;;;701-800;0.75;;;251-300;5.44;;;;;
2024;engenharia-civil;Universidade São Francisco;SP;175;Privada;79;25.94;301-350;12.91;;;251-300;5.36;;;301-350;4.75;;;501-600;2.8;;;;;
2024;engenharia-civil;Centro Universitário Fanor Wyden;CE;176;Privada;79;25.94;351-400;12.88;;;401-500;3.8;;;501-600;2.32;;;132;6.76;;;;;
2024;engenharia-civil;Universidade do Extremo Sul Catarinense;SC;177;Privada;79;25.94;351-400;12.74;;;125;6.84;;;501-600;3.09;;;501-600;2.81;;;;;
2024;engenharia-civil;Universidade Católica de Petrópolis;RJ;178;Privada;79;25.94;351-400;12.63;;;197;6.16;;;501-600;2.38;;;401-500;4.09;;;;;
2024;engenharia-civil;Centro Universitário do Espírito Santo;ES;178;Privada;79;25.94;351-400;12.63;;;157;6.54;;;601-700;2.17;;;401-500;3.92;;;;;
2024;engenharia-civil;Universidade de Mogi das Cruzes;SP;180;Privada;79;25.94;351-400;12.55;;;201-250;5.67;;;401-500;3.76;;;501-600;3.12;;;;;
2024;engenharia-civil;Centro Universitário Avantis;SC;181;Privada;79;25.94;351-400;12.52;;;251-300;5.56;;;251-300;5.22;;;601-700;1.74;;;;;
2024;engenharia-civil;Faculdade Anhanguera de Porto Alegre;RS;181;Privada;79;25.94;351-400;12.52;;;601-700;1.9;;;401-500;3.26;;;69;7.36;;;;;
2024;engenharia-civil;Faculdade Pitágoras Unopar Anhanguera de Londrina;PR;183;Privada;79;25.94;351-400;12.44;;;301-350;5.09;;;501-600;2.63;;;301-350;4.72;;;;;
2024;engenharia-civil;Centro Universitário Anhanguera de São Paulo;SP;184;Privada;79;25.94;351-400;12.4;;;351-400;4.26;;;601-700;2.22;;;201-250;5.92;;;;;
2024;engenharia-civil;Faculdade Estácio de Belém;PA;185;Privada;79;25.94;351-400;12.38;;;201-250;6.04;;;501-600;2.52;;;401-500;3.82;;;;;
2024;engenharia-civil;Universidade da Amazônia;PA;186;Privada;79;25.94;351-400;12.21;;;251-300;5.22;;;501-600;2.83;;;401-500;4.16;;;;;
2024;engenharia-civil;Centro Universitário Maurício de Nassau de João Pessoa;PB;187;Privada;79;25.94;351-400;12.19;;;401-500;4.09;;;351-400;4.54;;;401-500;3.56;;;;;
2024;engenharia-civil;Universidade de Taubaté;SP;188;Municipal;79;25.94;401-500;12.16;;;351-400;4.3;;;401-500;3.47;;;351-400;4.39;;;;;
2024;engenharia-civil;Universidade Anhanguera de São Paulo;SP;189;Privada;79;25.94;401-500;12.07;;;501-600;2.7;;;501-600;3.08;;;182;6.29;;;;;
2024;engenharia-civil;Centro Universitário Uniftec;RS;190;Privada;79;25.94;401-500;11.99;;;201-250;5.93;;;501-600;2.58;;;401-500;3.48;;;;;
2024;engenharia-civil;Faculdade Van Gogh;SP;191;Privada;79;25.94;401-500;11.98;;;701-800;0.69;;;1;8;;;401-500;3.29;;;;;
2024;engenharia-civil;Universidade Ceuma;MA;192;Privada;79;25.94;401-500;11.97;;;401-500;4.15;;;301-350;4.88;;;501-600;2.94;;;;;
2024;engenharia-civil;Universidade de Marília;SP;192;Privada;79;25.94;401-500;11.97;;;113;6.95;;;501-600;2.62;;;501-600;2.4;;;;;
2024;engenharia-civil;Instituto de Serra Dourada;SP;194;Privada;79;25.94;401-500;11.87;;;701-800;0.69;;;1;8;;;501-600;3.18;;;;;
2024;engenharia-civil;Faculdade Anhanguera de Belo Horizonte;MG;195;Privada;79;25.94;401-500;11.84;;;401-500;4.01;;;601-700;2.05;;;201-250;5.78;;;;;
2024;engenharia-civil;Universidade Cidade de São Paulo;SP;196;Privada;79;25.94;401-500;11.68;;;501-600;2.43;;;601-700;1.8;;;59;7.45;;;;;
2024;engenharia-civil;Universidade Federal de Uberlândia;MG;197;Federal;;;33;37.58;;;17;7.85;;;1;8;;;17;7.85;33;13.88;;;
2024;engenharia-civil;Centro Universitário da Fundação Herminio Ometto;SP;198;Privada;79;25.94;401-500;11.59;;;164;6.47;;;701-800;0.93;;;401-500;4.19;;;;;
2024;engenharia-civil;Centro Universitário do Distrito Federal;DF;199;Privada;79;25.94;401-500;11.49;;;401-500;4.03;;;701-800;1.19;;;184;6.27;;;;;
2024;engenharia-civil;Centro Universitário Ibmr;RJ;200;Privada;79;25.94;401-500;11.46;;;701-800;1.1;;;401-500;3.8;;;153;6.56;;;;;
2024;engenharia-civil;Centro Universitário Estácio de Sergipe;SE;201;Privada;79;25.94;501-600;9.55;;;401-500;3.99;;;701-800;0.53;;;301-350;5.03;;;;;
2024;engenharia-civil;Instituto Luterano de Ensino Superior de Itumbiara;GO;201;Privada;79;25.94;401-500;11.4;;;301-350;4.76;;;301-350;4.8;;;601-700;1.84;;;;;
2024;engenharia-civil;Faculdade Estácio de Teresina;PI;201;Privada;79;25.94;401-500;11.3;;;401-500;3.97;;;401-500;3.25;;;401-500;4.08;;;;;
2024;engenharia-civil;Centro Universitário Araguaia;GO;201;Privada;79;25.94;501-600;10.41;;;501-600;3.31;;;301-350;4.74;;;501-600;2.36;;;;;
2024;engenharia-civil;Centro Universitário Estácio de Belo Horizonte;MG;201;Privada;79;25.94;601-700;8.77;;;501-600;2.65;;;701-800;1.06;;;301-350;5.06;;;;;
2024;engenharia-civil;Centro Universitário São Camilo - Espírito Santo;ES;201;Privada;79;25.94;501-600;9.2;;;201-250;6.1;;;601-700;1.69;;;601-700;1.41;;;;;
2024;engenharia-civil;Universidade de Itaúna;MG;201;Privada;79;25.94;501-600;10.29;;;351-400;4.41;;;601-700;2.13;;;401-500;3.75;;;;;
2024;engenharia-civil;Centro Universitário de Sete Lagoas;MG;201;Privada;79;25.94;501-600;9.45;;;401-500;3.45;;;701-800;0.59;;;251-300;5.41;;;;;
2024;engenharia-civil;Faculdade Anhanguera de Passo Fundo;RS;201;Privada;79;25.94;401-500;10.76;;;601-700;1.9;;;501-600;3.07;;;201-250;5.79;;;;;
2024;engenharia-civil;Centro Universitário Barriga Verde;SC;201;Privada;79;25.94;501-600;9.32;;;301-350;5.06;;;501-600;2.6;;;601-700;1.66;;;;;
2024;engenharia-civil;Faculdade Anhanguera Unime de Salvador;BA;201;Privada;79;25.94;501-600;10.51;;;801-900;0.28;;;301-350;4.87;;;251-300;5.36;;;;;
2024;engenharia-civil;Faculdade Anhanguera de Brasília;DF;201;Privada;79;25.94;501-600;10.56;;;601-700;2.06;;;401-500;3.62;;;301-350;4.88;;;;;
2024;engenharia-civil;Universidade de Sorocaba;SP;201;Privada;79;25.94;501-600;10.14;;;301-350;4.87;;;701-800;0.4;;;301-350;4.87;;;;;
2024;engenharia-civil;Universidade do Contestado;SC;201;Privada;79;25.94;401-500;11.05;;;251-300;5.28;;;351-400;4.19;;;601-700;1.58;;;;;
2024;engenharia-civil;Faculdade Estácio de Sá de Ourinhos;SP;201;Privada;79;25.94;501-600;9.53;;;301-350;4.95;;;701-800;1.17;;;401-500;3.41;;;;;
2024;engenharia-civil;Centro Universitário das Faculdades Integradas de Ourinhos;SP;201;Privada;79;25.94;501-600;9.7;;;179;6.33;;;701-800;0.78;;;501-600;2.59;;;;;
2024;engenharia-civil;Universidade Federal de Pelotas;RS;201;Federal;;;39;35.61;;;151;6.59;;;1;8;;;92;7.14;33;13.88;;;
2024;engenharia-civil;Centro Universitário Fasipe;MT;201;Privada;79;25.94;501-600;10.63;;;401-500;3.97;;;351-400;4.37;;;601-700;2.29;;;;;
2024;engenharia-civil;Centro Universitário Farias Brito;CE;201;Privada;79;25.94;401-500;11.24;;;115;6.93;;;601-700;1.54;;;501-600;2.77;;;;;
2024;engenharia-civil;Faculdade Anhanguera de Betim;MG;201;Privada;79;25.94;401-500;10.96;;;501-600;2.81;;;601-700;2.16;;;201-250;5.99;;;;;
2024;engenharia-civil;Centro Universitário Salesiano de São Paulo;SP;201;Privada;79;25.94;501-600;10.61;;;351-400;4.51;;;701-800;1.09;;;301-350;5.01;;;;;
2024;engenharia-civil;Centro Universitário de Maceió;AL;201;Privada;79;25.94;401-500;10.79;;;301-350;5.08;;;701-800;0.71;;;301-350;5;;;;;
2024;engenharia-civil;Centro Universitário Estácio da Bahia;BA;201;Privada;79;25.94;401-500;11.4;;;401-500;4.06;;;601-700;1.79;;;251-300;5.55;;;;;
2024;engenharia-civil;Faculdade Una de Sete Lagoas;MG;201;Privada;79;25.94;601-700;9;;;701-800;1.43;;;301-350;4.97;;;501-600;2.6;;;;;
2024;engenharia-civil;Centro Universitário Moura Lacerda;SP;201;Privada;79;25.94;501-600;9.76;;;251-300;5.62;;;701-800;1;;;501-600;3.14;;;;;
2024;engenharia-civil;Faculdade Estácio do Amazonas;AM;201;Privada;79;25.94;501-600;9.71;;;501-600;2.58;;;701-800;0.99;;;197;6.14;;;;;
2024;engenharia-civil;Universidade Regional Integrada do Alto Uruguai e das Missões;RS;201;Privada;79;25.94;401-500;11.44;;;251-300;5.57;;;601-700;1.51;;;351-400;4.36;;;;;
2024;engenharia-civil;Centro Universitário Maurício de Nassau de Salvador;BA;201;Privada;79;25.94;601-700;8.91;;;601-700;2.07;;;501-600;2.44;;;351-400;4.4;;;;;
2024;engenharia-civil;Centro Universitário Aparício Carvalho;RO;201;Privada;79;25.94;401-500;10.9;;;501-600;2.57;;;1;8;;;801-900;0.33;;;;;
2024;engenharia-civil;Faculdade Anhanguera de São Luiz;MA;201;Privada;79;25.94;601-700;8.41;;;601-700;1.94;;;401-500;4.06;;;501-600;2.41;;;;;
2024;engenharia-civil;Centro Universitário Ceuni;AM;201;Privada;79;25.94;601-700;9.08;;;601-700;2.31;;;251-300;5.4;;;701-800;1.37;;;;;
2024;engenharia-civil;Centro Universitário Filadélfia;PR;201;Privada;79;25.94;401-500;11.26;;;74;7.32;;;601-700;2.25;;;601-700;1.69;;;;;
2024;engenharia-civil;Universidade de Uberaba;MG;201;Privada;79;25.94;501-600;9.7;;;251-300;5.45;;;501-600;2.7;;;601-700;1.55;;;;;
2024;engenharia-civil;Faculdade Anhanguera de Piracicaba;SP;201;Privada;79;25.94;501-600;9.92;;;351-400;4.67;;;601-700;1.42;;;401-500;3.83;;;;;
2024;engenharia-civil;Centro Universitário Central Paulista;SP;201;Privada;79;25.94;501-600;10.28;;;501-600;2.98;;;601-700;1.44;;;201-250;5.86;;;;;
2024;engenharia-civil;Centro Universitário Maurício de Nassau de Aracaju;SE;201;Privada;79;25.94;401-500;11.23;;;501-600;3.02;;;401-500;3.57;;;351-400;4.64;;;;;
2024;engenharia-civil;Universidade do Planalto Catarinense;SC;201;Privada;79;25.94;401-500;10.98;;;155;6.56;;;601-700;1.95;;;501-600;2.47;;;;;
2024;engenharia-civil;Centro Universitário de Lavras;MG;201;Privada;79;25.94;501-600;10.1;;;351-400;4.42;;;701-800;1.31;;;351-400;4.37;;;;;
2024;engenharia-civil;Centro Universitário Anhanguera Pitágoras Unopar de Campo Grande;MS;201;Privada;79;25.94;601-700;8.91;;;501-600;2.6;;;601-700;1.5;;;301-350;4.81;;;;;
2024;engenharia-civil;Centro Universitário Anhanguera de Marabá;PA;201;Privada;79;25.94;501-600;10;;;501-600;2.95;;;501-600;2.79;;;351-400;4.26;;;;;
2024;engenharia-civil;Faculdade Kennedy de Belo Horizonte;MG;201;Privada;79;25.94;501-600;10.31;;;701-800;1.43;;;351-400;4.21;;;351-400;4.67;;;;;
2024;engenharia-civil;Centro Universitário Estácio do Recife;PE;201;Privada;79;25.94;501-600;9.68;;;351-400;4.7;;;701-800;1.1;;;401-500;3.88;;;;;
2024;engenharia-civil;Centro Universitário da Serra Gaúcha;RS;201;Privada;79;25.94;501-600;10.72;;;201-250;5.79;;;701-800;0.47;;;351-400;4.46;;;;;
2024;engenharia-civil;Faculdade Anhanguera de Jundiaí;SP;201;Privada;79;25.94;401-500;11.38;;;601-700;2.23;;;501-600;2.73;;;168;6.42;;;;;
2024;engenharia-civil;Centro Universitário Jorge Amado;BA;201;Privada;79;25.94;601-700;8.99;;;351-400;4.37;;;601-700;1.6;;;501-600;3.02;;;;;
2024;engenharia-civil;Faculdade Flórida;SP;201;Privada;79;25.94;601-700;9.17;;;501-600;2.71;;;401-500;3.79;;;501-600;2.67;;;;;
2024;engenharia-civil;Centro Universitário Una de Bom Despacho;MG;201;Privada;79;25.94;501-600;9.54;;;701-800;1.43;;;351-400;4.45;;;401-500;3.66;;;;;
2024;engenharia-civil;Centro Universitário Fametro;CE;201;Privada;79;25.94;401-500;10.84;;;401-500;3.8;;;401-500;3.39;;;401-500;3.65;;;;;
2024;engenharia-civil;Centro Universitário do Norte de São Paulo;SP;201;Privada;79;25.94;501-600;9.83;;;701-800;1.44;;;251-300;5.45;;;501-600;2.94;;;;;
2024;engenharia-civil;Centro Universitário de Santa Fé do Sul;SP;201;Municipal;79;25.94;401-500;11;;;401-500;4.03;;;251-300;5.17;;;601-700;1.8;;;;;
2024;engenharia-civil;Centro Universitário Fundação de Ensino Octávio Bastos;SP;251;Privada;79;25.94;701-800;7.43;;;351-400;4.61;;;601-700;2.11;;;701-800;0.71;;;;;
2024;engenharia-civil;Centro Federal de Educação Tecnológica Celso Suckow da Fonseca;RJ;251;Federal;;;64;22.66;;;35;7.68;;;1;8;;;109;6.98;;;;;
2024;engenharia-civil;Centro Universitário Ritter dos Reis;RS;251;Privada;;;48;24.5;;;201-250;5.88;;;601-700;1.43;;;401-500;3.31;33;13.88;;;
2024;engenharia-civil;Faculdade de Santo Ângelo;RS;251;Privada;79;25.94;801-900;3.31;;;601-700;1.9;;;801-900;0.06;;;701-800;1.35;;;;;
2024;engenharia-civil;Centro Universitário Univinte;SC;251;Privada;79;25.94;701-800;6.17;;;401-500;3.6;;;601-700;1.58;;;701-800;0.99;;;;;
2024;engenharia-civil;Faculdade Multivix de Cachoeiro;ES;251;Privada;79;25.94;701-800;5.29;;;601-700;2.2;;;501-600;2.66;;;801-900;0.43;;;;;
2024;engenharia-civil;Universidade de Araraquara;SP;251;Privada;79;25.94;601-700;7.71;;;501-600;2.8;;;601-700;1.67;;;501-600;3.24;;;;;
2024;engenharia-civil;Centro Universitário de Ensino, Ciência e Tecnologia do Paraná;PR;251;Privada;;;47;24.55;;;601-700;1.72;;;251-300;5.3;;;401-500;3.65;33;13.88;;;
2024;engenharia-civil;Universidade Federal do Cariri;CE;251;Federal;;;59;23.01;;;51;7.53;;;1;8;;;56;7.48;;;;;
2024;engenharia-civil;Faculdade de Americana;SP;251;Privada;79;25.94;801-900;3.73;;;701-800;0.69;;;801-900;0.14;;;501-600;2.9;;;;;
2024;engenharia-civil;Universidade La Salle;RS;251;Privada;;;82;21.49;;;201-250;5.84;;;1;8;;;38;7.65;;;;;
2024;engenharia-civil;Universidade Iguaçu;RJ;251;Privada;79;25.94;701-800;4.76;;;601-700;1.75;;;601-700;1.59;;;601-700;1.42;;;;;
2024;engenharia-civil;Centro Universitário de Tecnologia de Curitiba;PR;251;Privada;79;25.94;701-800;6.04;;;601-700;1.72;;;701-800;0.54;;;401-500;3.78;;;;;
2024;engenharia-civil;Fundação Universidade Federal do Pampa;RS;251;Federal;;;68;22.55;;;95;7.12;;;1;8;;;61;7.43;;;;;
2024;engenharia-civil;Centro Universitário de Itajubá;MG;251;Privada;;;86;21.08;;;174;6.38;;;1;8;;;138;6.7;;;;;
2024;engenharia-civil;Universidade Federal do Sul da Bahia;BA;251;Federal;;;76;21.87;;;98;7.09;;;1;8;;;130;6.78;;;;;
2024;engenharia-civil;Faculdade Estácio de Castanhal;PA;251;Privada;79;25.94;601-700;8.16;;;501-600;2.95;;;601-700;2.01;;;501-600;3.2;;;;;
2024;engenharia-civil;Universidade Federal do Oeste da Bahia;BA;251;Federal;;;79;21.64;;;62;7.43;;;1;8;;;190;6.21;;;;;
2024;engenharia-civil;Faculdade do Sul da Bahia;BA;251;Privada;79;25.94;701-800;6.06;;;351-400;4.58;;;601-700;1.38;;;801-900;0.1;;;;;
2024;engenharia-civil;Centro Universitário de Rio Preto;SP;251;Privada;79;25.94;701-800;7.16;;;301-350;4.77;;;801-900;0.16;;;601-700;2.23;;;;;
2024;engenharia-civil;Faculdade Estácio de Sá de Campo Grande;MS;251;Privada;79;25.94;601-700;8.11;;;501-600;2.68;;;701-800;1.22;;;401-500;4.21;;;;;
2024;engenharia-civil;Universidade Cruzeiro do Sul;SP;251;Privada;79;25.94;601-700;8.04;;;601-700;2.33;;;601-700;1.76;;;401-500;3.95;;;;;
2024;engenharia-civil;Universidade Federal de Roraima;RR;251;Federal;;;67;22.56;;;56;7.48;;;1;8;;;98;7.08;;;;;
2024;engenharia-civil;Universidade Brasil;SP;251;Privada;79;25.94;701-800;6.97;;;401-500;3.54;;;701-800;1.32;;;601-700;2.11;;;;;
2024;engenharia-civil;FAE Centro Universitário;PR;251;Privada;79;25.94;601-700;7.63;;;601-700;1.72;;;701-800;0.66;;;251-300;5.25;;;;;
2024;engenharia-civil;Centro Universitário Padre Anchieta;SP;251;Privada;79;25.94;701-800;6.85;;;351-400;4.49;;;701-800;0.56;;;601-700;1.8;;;;;
2024;engenharia-civil;Faculdade de Engenharia de Minas Gerais;MG;251;Privada;79;25.94;701-800;6.76;;;251-300;5.4;;;701-800;0.46;;;701-800;0.9;;;;;
2024;engenharia-civil;Universidade Federal Rural de Pernambuco;PE;251;Federal;;;65;22.61;;;117;6.91;;;1;8;;;33;7.7;;;;;
2024;engenharia-civil;Universidade Paranaense;PR;251;Privada;79;25.94;701-800;5.88;;;251-300;5.25;;;801-900;0.23;;;801-900;0.4;;;;;
2024;engenharia-civil;Fundação Universidade Federal do Tocantins;TO;251;Federal;;;72;22.24;;;55;7.49;;;1;8;;;133;6.75;;;;;
2024;engenharia-civil;Universidade Nilton Lins;AM;251;Privada;79;25.94;701-800;6.2;;;601-700;2.12;;;501-600;2.85;;;701-800;1.23;;;;;
2024;engenharia-civil;Escola Superior de Criciúma;SC;251;Privada;79;25.94;701-800;7.51;;;194;6.19;;;801-900;0.11;;;701-800;1.21;;;;;
2024;engenharia-civil;Centro Universitário do Paraná;PR;251;Privada;79;25.94;701-800;6.07;;;601-700;1.72;;;701-800;0.85;;;401-500;3.5;;;;;
2024;engenharia-civil;Universidade Cândido Mendes;RJ;251;Privada;79;25.94;701-800;7.23;;;301-350;5.06;;;801-900;0.2;;;601-700;1.97;;;;;
2024;engenharia-civil;Centro Universitário de Goiás;GO;251;Privada;79;25.94;701-800;6.83;;;401-500;3.82;;;701-800;1.13;;;601-700;1.88;;;;;
2024;engenharia-civil;Centro Universitário São Lucas;RO;251;Privada;79;25.94;601-700;7.97;;;501-600;2.57;;;351-400;4.24;;;701-800;1.16;;;;;
2024;engenharia-civil;Centro Universitário Christus;CE;251;Privada;;;73;22.14;;;96;7.11;;;1;8;;;103;7.03;;;;;
2024;engenharia-civil;Universidade do Estado do Pará;PA;251;Estadual;;;56;23.18;;;88;7.18;;;1;8;;;1;8;;;;;
2024;engenharia-civil;Universidade Católica do Salvador;BA;251;Privada;79;25.94;601-700;8.28;;;401-500;3.63;;;501-600;2.37;;;601-700;2.28;;;;;
2024;engenharia-civil;Universidade Federal da Integração Latino-americana;PR;251;Federal;;;58;23.09;;;80;7.26;;;1;8;;;19;7.83;;;;;
2024;engenharia-civil;Centro Universitário de Jaguariúna;SP;251;Privada;79;25.94;601-700;8.12;;;193;6.2;;;701-800;0.43;;;601-700;1.49;;;;;
2024;engenharia-civil;Faculdade Anhanguera de Ribeirão Preto;SP;251;Privada;;;49;23.77;;;401-500;4.01;;;601-700;1.9;;;401-500;3.98;33;13.88;;;
2024;engenharia-civil;Universidade Federal de Catalão;GO;251;Federal;;;66;22.57;;;103;7.04;;;1;8;;;51;7.53;;;;;
2024;engenharia-civil;Universidade Metodista de São Paulo;SP;251;Privada;79;25.94;701-800;7.32;;;701-800;0.69;;;601-700;2.18;;;351-400;4.45;;;;;
2024;engenharia-civil;Instituto de Ensino Superior Fucapi;AM;251;Privada;79;25.94;701-800;6.44;;;351-400;4.67;;;701-800;0.38;;;601-700;1.39;;;;;
2024;engenharia-civil;Instituto Federal de Educação, Ciência e Tecnologia de São Paulo;SP;251;Federal;;;77;21.77;;;39;7.64;;;1;8;;;199;6.13;;;;;
2024;engenharia-civil;Centro Universitário Univel;PR;251;Privada;79;25.94;701-800;6.86;;;601-700;1.72;;;501-600;2.71;;;501-600;2.43;;;;;
2024;engenharia-civil;Centro Universitário Braz Cubas;SP;251;Privada;79;25.94;701-800;5.85;;;351-400;4.46;;;701-800;0.44;;;701-800;0.95;;;;;
2024;engenharia-civil;Faculdade Anhanguera de São José;SP;251;Privada;79;25.94;601-700;7.6;;;701-800;0.69;;;601-700;2.23;;;351-400;4.68;;;;;
2024;engenharia-civil;Fundação Universidade Federal da Grande Dourados;MS;251;Federal;;;70;22.41;;;92;7.15;;;1;8;;;79;7.26;;;;;
2024;engenharia-civil;Instituto Federal de Educação, Ciência e Tecnologia do Mato Grosso do Sul;MS;301;Federal;;;151;17.56;;;92;7.15;;;1;8;;;501-600;2.41;;;;;
2024;engenharia-civil;Centro Universitário Doctum de Teófilo Otoni;MG;301;Privada;;;162;17.29;;;401-500;3.86;;;1;8;;;251-300;5.43;;;;;
2024;engenharia-civil;Centro Universitário da Vitória de Santo Antão;PE;301;Privada;;;116;18.93;;;251-300;5.24;;;1;8;;;201-250;5.69;;;;;
2024;engenharia-civil;Instituto Federal de Educação, Ciência e Tecnologia do Pará;PA;301;Federal;;;126;18.7;;;88;7.18;;;1;8;;;401-500;3.52;;;;;
2024;engenharia-civil;Instituto Federal de Educação, Ciência e Tecnologia Goiano;GO;301;Federal;;;124;18.77;;;68;7.37;;;251-300;5.2;;;191;6.2;;;;;
2024;engenharia-civil;Instituto Federal de Educação, Ciência e Tecnologia do Espírito Santo;ES;301;Federal;;;98;20.29;;;6;7.95;;;1;8;;;351-400;4.34;;;;;
2024;engenharia-civil;Centro Universitário Inta;CE;301;Privada;;;140;17.91;;;401-500;3.8;;;1;8;;;201-250;6.11;;;;;
2024;engenharia-civil;Centro Universitário Atenas;MG;301;Privada;;;167;17.16;;;251-300;5.52;;;1;8;;;401-500;3.64;;;;;
2024;engenharia-civil;Faculdade Unirb - Natal;RN;301;Privada;;;134;18.4;;;251-300;5.5;;;1;8;;;301-350;4.9;;;;;
2024;engenharia-civil;Centro Universitário Santa Maria;PB;301;Privada;;;162;17.29;;;201-250;5.68;;;1;8;;;401-500;3.61;;;;;
2024;engenharia-civil;Faculdade Doctum de Juiz de Fora;MG;301;Privada;;;161;17.3;;;251-300;5.37;;;1;8;;;401-500;3.93;;;;;
2024;engenharia-civil;Faculdade Unirb - Piauí;PI;301;Privada;;;107;19.6;;;401-500;3.97;;;1;8;;;40;7.63;;;;;
2024;engenharia-civil;Faculdade Aldete Maria Alves;MG;301;Privada;;;149;17.63;;;401-500;3.65;;;1;8;;;201-250;5.98;;;;;
2024;engenharia-civil;Instituto Federal de Educação, Ciência e Tecnologia do Tocantins;TO;301;Federal;;;131;18.53;;;61;7.44;;;1;8;;;501-600;3.09;;;;;
2024;engenharia-civil;Instituto Federal de Educação, Ciência e Tecnologia do Sul de Minas Gerais;MG;301;Federal;;;133;18.46;;;75;7.31;;;301-350;4.85;;;181;6.3;;;;;
2024;engenharia-civil;Faculdade Unirb - Parnaíba;PI;301;Privada;;;114;19.03;;;401-500;3.97;;;1;8;;;100;7.06;;;;;
2024;engenharia-civil;Instituto Federal de Educação, Ciência e Tecnologia da Paraíba;PB;301;Federal;;;111;19.36;;;53;7.51;;;1;8;;;401-500;3.85;;;;;
2024;engenharia-civil;Faculdades Integradas Maria Imaculada;SP;301;Privada;;;169;17.12;;;251-300;5.66;;;201-250;5.72;;;201-250;5.74;;;;;
2024;engenharia-civil;Faculdade de Tecnologia e Ciências;PE;301;Privada;;;165;17.25;;;501-600;2.8;;;1;8;;;165;6.45;;;;;
2024;engenharia-civil;Centro Universitário Facol;PE;301;Privada;;;155;17.5;;;201-250;5.82;;;1;8;;;401-500;3.68;;;;;
2024;engenharia-civil;Faculdades Integradas de Bauru;SP;301;Privada;;;144;17.84;;;351-400;4.7;;;1;8;;;301-350;5.14;;;;;
2024;engenharia-civil;Universidade Estadual de Montes Claros;MG;301;Estadual;;;108;19.49;;;94;7.13;;;1;8;;;351-400;4.36;;;;;
2024;engenharia-civil;Instituto Federal de Educação, Ciência e Tecnologia de Alagoas;AL;301;Federal;;;125;18.71;;;84;7.22;;;1;8;;;401-500;3.49;;;;;
2024;engenharia-civil;Instituto Federal de Educação, Ciência e Tecnologia do Ceará;CE;301;Federal;;;129;18.56;;;52;7.52;;;1;8;;;501-600;3.04;;;;;
2024;engenharia-civil;Faculdade de Tecnologia e Ciências de Jequié;BA;301;Privada;;;122;18.78;;;201-250;6.12;;;1;8;;;351-400;4.66;;;;;
2024;engenharia-civil;Centro Universitário Católico Salesiano Auxilium;SP;301;Privada;;;174;17.04;;;172;6.4;;;1;8;;;501-600;2.64;;;;;
2024;engenharia-civil;Faculdade Meridional;RS;301;Privada;;;108;19.49;;;351-400;4.39;;;1;8;;;96;7.1;;;;;
2024;engenharia-civil;Universidade Federal do Sul e Sudeste do Pará;PA;301;Federal;;;97;20.35;;;33;7.7;;;201-250;5.73;;;115;6.92;;;;;
2024;engenharia-civil;Universidade Estadual da Paraíba;PB;301;Estadual;;;157;17.49;;;32;7.71;;;1;8;;;601-700;1.78;;;;;
2024;engenharia-civil;Universidade Federal do Recôncavo da Bahia;BA;301;Federal;;;92;20.68;;;77;7.29;;;1;8;;;251-300;5.39;;;;;
2024;engenharia-civil;Universidade Federal do Oeste do Pará;PA;301;Federal;;;142;17.87;;;88;7.18;;;1;8;;;501-600;2.69;;;;;
2024;engenharia-civil;Universidade Federal do Amapá;AP;301;Federal;;;96;20.45;;;58;7.47;;;1;8;;;301-350;4.98;;;;;
2024;engenharia-civil;Instituto Federal de Educação, Ciência e Tecnologia da Bahia;BA;301;Federal;;;99;20.2;;;40;7.63;;;1;8;;;351-400;4.57;;;;;
2024;engenharia-civil;Instituto Federal de Educação, Ciência e Tecnologia de Sergipe;SE;301;Federal;;;122;18.78;;;120;6.88;;;1;8;;;401-500;3.9;;;;;
2024;engenharia-civil;Faculdade de Tecnologia e Ciências de Itabuna;BA;301;Privada;;;105;19.69;;;351-400;4.6;;;1;8;;;97;7.09;;;;;
2024;engenharia-civil;Universidade Estadual de Feira de Santana;BA;301;Estadual;;;119;18.83;;;64;7.41;;;1;8;;;401-500;3.42;;;;;
2024;engenharia-civil;Unama Faculdade da Amazônia de Macapá;AP;301;Privada;;;115;18.97;;;501-600;2.97;;;1;8;;;1;8;;;;;
2024;engenharia-civil;Universidade do Vale do Taquari;RS;301;Privada;;;137;18.18;;;201-250;5.9;;;251-300;5.32;;;111;6.96;;;;;
2024;engenharia-civil;Centro Universitário de Ciências e Empreendedorismo;BA;301;Privada;;;139;17.95;;;301-350;5.1;;;1;8;;;301-350;4.85;;;;;
2024;engenharia-civil;Faculdade de Ensino Superior da Cidade de Feira de Santana;BA;301;Privada;;;101;19.9;;;175;6.37;;;1;8;;;251-300;5.53;;;;;
2024;engenharia-civil;Centro Universitário Zarns;BA;301;Privada;;;147;17.7;;;351-400;4.28;;;1;8;;;251-300;5.42;;;;;
2024;engenharia-civil;Faculdade Unirb - Mossoró;RN;301;Privada;;;159;17.4;;;251-300;5.5;;;301-350;4.96;;;113;6.94;;;;;
2024;engenharia-civil;Instituto Federal de Educação, Ciência e Tecnologia de Brasília;DF;301;Federal;;;89;20.89;;;4;7.97;;;1;8;;;301-350;4.92;;;;;
2024;engenharia-civil;Faculdade Anhanguera de Linhares;ES;301;Privada;;;171;17.08;;;401-500;4.09;;;201-250;5.78;;;84;7.21;;;;;
2024;engenharia-civil;Instituto Federal de Educação, Ciência e Tecnologia do Sertão Pernambucano;PE;301;Federal;;;128;18.58;;;152;6.58;;;1;8;;;401-500;4;;;;;
2024;engenharia-civil;Centro Universitário de Viçosa;MG;301;Privada;;;110;19.46;;;108;7;;;251-300;5.17;;;76;7.29;;;;;
2024;engenharia-civil;Faculdade Unirb - Teresina;PI;301;Privada;;;135;18.23;;;401-500;3.97;;;1;8;;;185;6.26;;;;;
2024;engenharia-civil;Centro Universitário Natalense;RN;301;Privada;;;154;17.51;;;251-300;5.5;;;1;8;;;401-500;4.01;;;;;
2024;engenharia-civil;Centro Universitário Unirb - Alagoinhas;BA;301;Privada;;;117;18.89;;;401-500;3.55;;;1;8;;;71;7.34;;;;;
2024;engenharia-civil;Instituto Federal de Educação, Ciência e Tecnologia de Pernambuco;PE;301;Federal;;;171;17.08;;;152;6.58;;;1;8;;;501-600;2.5;;;;;
2024;engenharia-civil;Instituto Universitário São Judas de São Bernardo do Campo;SP;351;Privada;;;201-250;16.25;;;701-800;0.69;;;1;8;;;47;7.56;;;;;
2024;engenharia-civil;Faculdade Luciano Feijão;CE;351;Privada;;;201-250;15.17;;;401-500;3.8;;;1;8;;;401-500;3.37;;;;;
2024;engenharia-civil;Faculdades Network - Campus Sumaré;SP;351;Privada;;;183;16.69;;;701-800;0.69;;;1;8;;;1;8;;;;;
2024;engenharia-civil;Faculdade Unirb - Aracaju;SE;351;Privada;;;201-250;16.18;;;701-800;0.9;;;1;8;;;77;7.28;;;;;
2024;engenharia-civil;Centro Universitário Sociesc de Blumenau;SC;351;Privada;;;195;16.34;;;201-250;5.92;;;401-500;3.89;;;156;6.53;;;;;
2024;engenharia-civil;Universidade Estadual da Região Tocantina do Maranhão;MA;351;Estadual;;;201-250;16.09;;;129;6.8;;;1;8;;;701-800;1.29;;;;;
2024;engenharia-civil;Centro Universitário Mario Pontes Jucá;AL;351;Privada;;;187;16.63;;;401-500;4.16;;;1;8;;;351-400;4.47;;;;;
2024;engenharia-civil;Instituto Federal de Educação, Ciência e Tecnologia de Minas Gerais;MG;351;Federal;;;201-250;16.14;;;56;7.48;;;201-250;5.81;;;501-600;2.85;;;;;
2024;engenharia-civil;Universidade Santo Amaro;SP;351;Privada;;;201-250;15.08;;;701-800;0.69;;;1;8;;;171;6.39;;;;;
2024;engenharia-civil;Faculdade Brasileira de Tecnologia-SE;SE;351;Privada;;;201-250;16.11;;;701-800;0.9;;;1;8;;;84;7.21;;;;;
2024;engenharia-civil;Faculdade de Tecnologia Alto Médio São Francisco;MG;351;Privada;;;201-250;15.58;;;701-800;1.43;;;1;8;;;196;6.15;;;;;
2024;engenharia-civil;Faculdades Integradas de Três Lagoas;MS;351;Privada;;;186;16.65;;;501-600;2.42;;;1;8;;;188;6.23;;;;;
2024;engenharia-civil;Faculdade Ibmec;MG;351;Privada;;;201-250;16.26;;;13;7.89;;;701-800;0.55;;;20;7.82;;;;;
2024;engenharia-civil;Faculdade 05 de Julho;CE;351;Privada;;;182;16.72;;;401-500;3.8;;;1;8;;;301-350;4.92;;;;;
2024;engenharia-civil;Faculdade Meridional de Porto Alegre;RS;351;Privada;;;181;16.75;;;601-700;1.9;;;1;8;;;122;6.85;;;;;
2024;engenharia-civil;Centro Universitário do Instituto de Educação Superior de Brasília;DF;351;Privada;;;201-250;15.3;;;159;6.52;;;501-600;2.28;;;159;6.5;;;;;
2024;engenharia-civil;Faculdade Unirb - Maceió;AL;351;Privada;;;201-250;15.03;;;601-700;1.47;;;1;8;;;251-300;5.56;;;;;
2024;engenharia-civil;Instituto Federal de Educação, Ciência e Tecnologia do Norte de Minas Gerais;MG;351;Federal;;;177;16.84;;;105;7.03;;;1;8;;;601-700;1.81;;;;;
2024;engenharia-civil;Centro Universitário Ateneu;CE;351;Privada;;;201-250;15.63;;;185;6.27;;;501-600;2.89;;;163;6.47;;;;;
2024;engenharia-civil;Centro Universitário Redentor;RJ;351;Privada;;;175;17.03;;;201-250;5.86;;;1;8;;;501-600;3.17;;;;;
2024;engenharia-civil;Centro Universitário Imepac;MG;351;Privada;;;190;16.46;;;701-800;1.43;;;1;8;;;103;7.03;;;;;
2024;engenharia-civil;Centro Universitário Sant'Anna;SP;351;Privada;;;201-250;16.19;;;601-700;1.95;;;1;8;;;187;6.24;;;;;
2024;engenharia-civil;Ipog - Instituto de Pós-graduação & Graduação;GO;351;Privada;;;201-250;15.71;;;135;6.74;;;251-300;5.57;;;401-500;3.4;;;;;
2024;engenharia-civil;Faculdade Unirb - Arapiraca;AL;351;Privada;;;194;16.37;;;601-700;1.47;;;1;8;;;117;6.9;;;;;
2024;engenharia-civil;Centro Universitário Gama e Souza;RJ;351;Privada;;;201-250;16.04;;;701-800;1.1;;;1;8;;;113;6.94;;;;;
2024;engenharia-civil;Centro Universitário Uniasselvi de Guaramirim;SC;351;Privada;;;201-250;15.51;;;301-350;4.88;;;251-300;5.47;;;301-350;5.16;;;;;
2024;engenharia-civil;Centro Universitário Maria Milza;BA;351;Privada;;;201-250;15.89;;;201-250;6.07;;;1;8;;;601-700;1.82;;;;;
2024;engenharia-civil;Instituto Federal de Educação, Ciência e Tecnologia do Amapá;AP;351;Federal;;;201-250;16.17;;;58;7.47;;;1;8;;;701-800;0.7;;;;;
2024;engenharia-civil;Centro Universitário Luterano de Palmas;TO;351;Privada;;;201-250;15.44;;;201-250;6.11;;;301-350;5.08;;;351-400;4.25;;;;;
2024;engenharia-civil;Faculdade Unirb - Camaçari;BA;351;Privada;;;201-250;15.32;;;801-900;0.28;;;1;8;;;102;7.04;;;;;
2024;engenharia-civil;Centro Universitário Brasileiro;PE;351;Privada;;;201-250;15.05;;;501-600;2.8;;;301-350;4.67;;;45;7.58;;;;;
2024;engenharia-civil;Centro Universitário Metodista;RS;351;Privada;;;201-250;16.02;;;201-250;6.08;;;401-500;3.25;;;139;6.69;;;;;
2024;engenharia-civil;Centro Universitário Paraíso;CE;351;Privada;;;201-250;15.36;;;136;6.73;;;351-400;4.35;;;351-400;4.28;;;;;
2024;engenharia-civil;Centro Universitário FBV Wyden;PE;351;Privada;;;200;16.27;;;71;7.34;;;601-700;1.62;;;74;7.31;;;;;
2024;engenharia-civil;Universidade José do Rosário Velano;MG;351;Privada;;;198;16.3;;;351-400;4.71;;;251-300;5.59;;;201-250;6;;;;;
2024;engenharia-civil;Faculdade Estácio de João Pessoa;PB;351;Privada;;;201-250;15.63;;;301-350;5.12;;;351-400;4.61;;;201-250;5.9;;;;;
2024;engenharia-civil;Faculdade Funorte de Janaúba;MG;351;Privada;;;198;16.3;;;701-800;1.43;;;1;8;;;120;6.87;;;;;
2024;engenharia-civil;Faculdades Oswaldo Cruz;SP;351;Privada;;;191;16.45;;;201-250;5.8;;;351-400;4.29;;;174;6.36;;;;;
2024;engenharia-civil;Faculdade Unisul de Florianópolis;SC;351;Privada;;;191;16.45;;;148;6.62;;;351-400;4.19;;;201-250;5.64;;;;;
2024;engenharia-civil;Faculdade Unida de Campinas Goiânia;GO;351;Privada;;;201-250;15.54;;;501-600;3.31;;;1;8;;;351-400;4.23;;;;;
2024;engenharia-civil;Centro Universitário Itop;TO;351;Privada;;;201-250;15.49;;;301-350;4.92;;;1;8;;;501-600;2.57;;;;;
2024;engenharia-civil;Instituto Universitário São Judas de Guarulhos;SP;351;Privada;;;201-250;15.88;;;701-800;0.69;;;1;8;;;87;7.19;;;;;
2024;engenharia-civil;Centro Universitário de Goiatuba;GO;351;Municipal;;;197;16.32;;;401-500;3.81;;;1;8;;;351-400;4.51;;;;;
2024;engenharia-civil;Centro Universitário Uniasselvi de Blumenau ;SC;351;Privada;;;201-250;15.36;;;251-300;5.52;;;351-400;4.41;;;251-300;5.43;;;;;
2024;engenharia-civil;Universidade Luterana do Brasil;RS;351;Privada;;;201-250;15.51;;;201-250;5.74;;;301-350;5.01;;;301-350;4.76;;;;;
2024;engenharia-civil;Centro Universitário Metropolitano da Amazônia;PA;351;Privada;;;201-250;15.28;;;301-350;5.05;;;251-300;5.49;;;301-350;4.74;;;;;
2024;engenharia-civil;União das Faculdades dos Grandes Lagos;SP;351;Privada;;;193;16.38;;;301-350;4.87;;;1;8;;;401-500;3.51;;;;;
2024;engenharia-civil;Universidade de Rio Verde;GO;351;Municipal;;;177;16.84;;;251-300;5.37;;;1;8;;;401-500;3.47;;;;;
2024;engenharia-civil;Centro Universitário de Ciências e Tecnologia do Maranhão;MA;351;Privada;;;201-250;15.12;;;301-350;5.02;;;1;8;;;601-700;2.1;;;;;
2024;engenharia-civil;Faculdade Anhanguera do Ceará;CE;351;Privada;;;201-250;15.44;;;401-500;3.8;;;351-400;4.23;;;63;7.41;;;;;
2024;engenharia-civil;Faculdades Integradas do Vale do Ivaí;PR;401;Privada;;;301-350;13.34;;;601-700;1.72;;;1;8;;;401-500;3.62;;;;;
2024;engenharia-civil;Faculdade Santa Rita de Chapecó;SC;401;Privada;;;351-400;12.5;;;501-600;2.4;;;251-300;5.48;;;351-400;4.62;;;;;
2024;engenharia-civil;Faculdade Anhanguera de Caxias do Sul;RS;401;Privada;;;351-400;12.42;;;601-700;1.9;;;401-500;3.78;;;134;6.74;;;;;
2024;engenharia-civil;Christus Faculdade do Piauí;PI;401;Privada;;;251-300;14.07;;;401-500;3.97;;;1;8;;;601-700;2.1;;;;;
2024;engenharia-civil;Faculdade de Ensino Superior de Floriano;PI;401;Privada;;;301-350;13.53;;;401-500;3.97;;;1;8;;;601-700;1.56;;;;;
2024;engenharia-civil;Centro Universitário Municipal de Franca;SP;401;Municipal;;;301-350;13.75;;;201-250;5.83;;;501-600;3.12;;;301-350;4.8;;;;;
2024;engenharia-civil;Faculdade do Futuro;MG;401;Privada;;;301-350;13.91;;;351-400;4.27;;;1;8;;;601-700;1.64;;;;;
2024;engenharia-civil;Faculdade Presidente Antônio Carlos;TO;401;Privada;;;251-300;14.35;;;301-350;4.92;;;301-350;4.84;;;351-400;4.59;;;;;
2024;engenharia-civil;Faculdades Doctum de Caratinga;MG;401;Privada;;;301-350;13.52;;;401-500;3.61;;;1;8;;;601-700;1.91;;;;;
2024;engenharia-civil;Centro Universitário Ideau;RS;401;Privada;;;301-350;13.13;;;601-700;1.9;;;1;8;;;501-600;3.23;;;;;
2024;engenharia-civil;Centro Universitário Unicarioca;RJ;401;Privada;;;301-350;13.81;;;701-800;1.1;;;251-300;5.24;;;57;7.47;;;;;
2024;engenharia-civil;Centro Universitário Campos de Andrade;PR;401;Privada;;;301-350;13.59;;;601-700;1.72;;;1;8;;;401-500;3.87;;;;;
2024;engenharia-civil;Centro Universitário Unifaat;SP;401;Privada;;;301-350;13.47;;;201-250;6.12;;;401-500;3.61;;;401-500;3.74;;;;;
2024;engenharia-civil;Centro Universitário do Cerrado-patrocínio;MG;401;Privada;;;351-400;12.6;;;401-500;4.14;;;351-400;4.36;;;401-500;4.1;;;;;
2024;engenharia-civil;Centro Universitário de Mineiros;GO;401;Municipal;251-300;0.39;301-350;13.7;;;501-600;2.44;;;1;8;;;501-600;3.26;;;;;
2024;engenharia-civil;Centro Universitário de União da Vitória;PR;401;Municipal;;;301-350;13.24;;;301-350;5.14;;;1;8;;;801-900;0.1;;;;;
2024;engenharia-civil;Universidade Ibirapuera;SP;401;Privada;;;301-350;13.83;;;401-500;3.98;;;301-350;5.14;;;301-350;4.71;;;;;
2024;engenharia-civil;Centro Universitário Faema;RO;401;Privada;;;351-400;12.27;;;501-600;2.57;;;1;8;;;601-700;1.7;;;;;
2024;engenharia-civil;Faculdade Cgesp Goiânia;GO;401;Privada;;;251-300;14.84;;;501-600;3.31;;;1;8;;;401-500;3.53;;;;;
2024;engenharia-civil;Faculdade de Engenharia Souza Marques;RJ;401;Privada;;;301-350;13.31;;;201-250;6.02;;;501-600;2.86;;;351-400;4.43;;;;;
2024;engenharia-civil;Centro Universitário La Salle do Rio de Janeiro;RJ;401;Privada;;;301-350;13.34;;;201-250;5.82;;;801-900;0.29;;;82;7.23;;;;;
2024;engenharia-civil;Centro Universitário FG;BA;401;Privada;;;351-400;12.58;;;251-300;5.55;;;351-400;4.4;;;501-600;2.63;;;;;
2024;engenharia-civil;Faculdades Integradas Rui Barbosa;SP;401;Privada;;;251-300;14.79;;;401-500;4.04;;;1;8;;;501-600;2.75;;;;;
2024;engenharia-civil;Faculdade Anhanguera de Anápolis;GO;401;Privada;;;251-300;14.16;;;501-600;3.31;;;301-350;4.76;;;201-250;6.09;;;;;
2024;engenharia-civil;Centro Universitário Católica do Leste de Minas Gerais;MG;401;Privada;;;351-400;12.44;;;301-350;4.98;;;601-700;1.69;;;201-250;5.77;;;;;
2024;engenharia-civil;Centro Universitário Planalto do Distrito Federal;DF;401;Privada;;;251-300;14.05;;;401-500;3.4;;;1;8;;;501-600;2.65;;;;;
2024;engenharia-civil;Centro Universitário - Católica de Santa Catarina em Jaraguá do Sul;SC;401;Privada;;;251-300;13.93;;;149;6.61;;;501-600;2.67;;;351-400;4.65;;;;;
2024;engenharia-civil;Centro Universitário Cidade Verde;PR;401;Privada;;;251-300;14.82;;;601-700;1.72;;;1;8;;;301-350;5.1;;;;;
2024;engenharia-civil;Faculdade Anhanguera de Rio Branco;AC;401;Privada;;;351-400;12.87;;;601-700;2.12;;;401-500;3.98;;;131;6.77;;;;;
2024;engenharia-civil;Universidade de Franca;SP;401;Privada;;;251-300;14.53;;;301-350;4.96;;;401-500;4;;;251-300;5.57;;;;;
2024;engenharia-civil;Centro Universitário Una de Contagem;MG;401;Privada;;;251-300;14.11;;;201-250;5.85;;;301-350;4.93;;;401-500;3.33;;;;;
2024;engenharia-civil;Centro Universitário Mater Dei;PR;401;Privada;;;251-300;14.65;;;201-250;5.78;;;1;8;;;701-800;0.87;;;;;
2024;engenharia-civil;Centro Universitário Facid Wyden;PI;401;Privada;;;251-300;14.38;;;401-500;3.97;;;351-400;4.39;;;201-250;6.02;;;;;
2024;engenharia-civil;Faculdade do Noroeste de Minas;MG;401;Privada;;;351-400;12.34;;;401-500;4.12;;;301-350;5.09;;;501-600;3.13;;;;;
2024;engenharia-civil;Faculdade Castro Alves;BA;401;Privada;;;251-300;14.81;;;801-900;0.28;;;1;8;;;156;6.53;;;;;
2024;engenharia-civil;Centro Universitário Unicuritiba;PR;401;Privada;;;251-300;14.62;;;201-250;5.98;;;351-400;4.65;;;401-500;3.99;;;;;
2024;engenharia-civil;Faculdades Doctum de Guarapari;ES;401;Privada;;;301-350;13.79;;;601-700;2.2;;;1;8;;;401-500;3.59;;;;;
2024;engenharia-civil;Faculdade Inova Mais de São Paulo;SP;401;Privada;;;351-400;12.88;;;701-800;0.69;;;351-400;4.19;;;1;8;;;;;
2024;engenharia-civil;Instituto Itapetiningano de Ensino Superior;SP;401;Privada;;;301-350;13.11;;;351-400;4.34;;;1;8;;;701-800;0.77;;;;;
2024;engenharia-civil;Centro Universitário Una de Uberlândia;MG;401;Privada;;;301-350;12.97;;;501-600;2.63;;;301-350;5;;;251-300;5.34;;;;;
2024;engenharia-civil;Faculdades Doctum de Ipatinga;MG;401;Privada;;;301-350;13;;;701-800;1.43;;;1;8;;;401-500;3.57;;;;;
2024;engenharia-civil;Instituto Taquaritinguense de Ensino Superior Dr. Aristides de Carvalho Schlobach;SP;401;Privada;;;251-300;13.99;;;401-500;4.05;;;401-500;3.44;;;159;6.5;;;;;
2024;engenharia-civil;Faculdade Evangélica de Goianésia;GO;401;Privada;;;351-400;12.76;;;401-500;4.25;;;351-400;4.62;;;401-500;3.89;;;;;
2024;engenharia-civil;Centro Universitário Unifatecie;PR;401;Privada;;;251-300;14.39;;;301-350;4.74;;;1;8;;;601-700;1.65;;;;;
2024;engenharia-civil;Faculdade Anhanguera de Dourados;MS;401;Privada;;;301-350;13.5;;;601-700;2.28;;;351-400;4.25;;;110;6.97;;;;;
2024;engenharia-civil;Centro Universitário Santa Rita;MG;401;Privada;;;301-350;13.87;;;301-350;5.04;;;251-300;5.25;;;401-500;3.58;;;;;
2024;engenharia-civil;Faculdade Brasileira de Tecnologia-BA;BA;401;Privada;;;301-350;13.61;;;801-900;0.28;;;1;8;;;251-300;5.33;;;;;
2024;engenharia-civil;Faculdade Anhanguera de Pelotas;RS;401;Privada;;;351-400;12.25;;;601-700;1.9;;;401-500;3.91;;;166;6.44;;;;;
2024;engenharia-civil;Faculdade Multivix São Mateus;ES;401;Privada;;;251-300;14.51;;;1;8;;;251-300;5.37;;;701-800;1.14;;;;;
2024;engenharia-civil;Centro Universitário Ibmec;RJ;401;Privada;;;301-350;13.66;;;201-250;5.76;;;801-900;0.34;;;47;7.56;;;;;
2024;engenharia-civil;Faculdade Esamc Uberlândia;MG;401;Privada;;;351-400;12.85;;;144;6.66;;;401-500;3.97;;;601-700;2.22;;;;;
2024;engenharia-civil;Faculdade de Ensino de Minas Gerais;MG;401;Privada;;;351-400;12.24;;;46;7.58;;;501-600;2.78;;;601-700;1.88;;;;;
2024;engenharia-civil;Centro Universitário União das Américas Descomplica;PR;401;Privada;;;301-350;13.2;;;351-400;4.53;;;251-300;5.59;;;501-600;3.08;;;;;
2024;engenharia-civil;Centro Universitário Maurício de Nassau de Campina Grande;PB;401;Privada;;;301-350;13.79;;;401-500;4.07;;;351-400;4.53;;;251-300;5.19;;;;;
2024;engenharia-civil;Faculdade Educacional Araucária;PR;401;Privada;;;351-400;12.32;;;351-400;4.65;;;401-500;3.4;;;351-400;4.27;;;;;
2024;engenharia-civil;Centro Universitário Luterano de Santarém;PA;401;Privada;;;351-400;12.42;;;251-300;5.54;;;351-400;4.64;;;601-700;2.24;;;;;
2024;engenharia-civil;Faculdade Icesp;DF;401;Privada;;;251-300;14.49;;;401-500;4.22;;;401-500;3.84;;;167;6.43;;;;;
2024;engenharia-civil;Centro Universitário Estácio Juiz de Fora;MG;401;Privada;;;301-350;13.29;;;251-300;5.35;;;601-700;1.33;;;148;6.61;;;;;
2024;engenharia-civil;Centro Universitário Unirb;BA;401;Privada;;;251-300;14.03;;;801-900;0.28;;;1;8;;;201-250;5.75;;;;;
2024;engenharia-civil;Faculdade Anhanguera Unidade Paragominas;PA;401;Privada;;;201-250;14.98;;;501-600;2.95;;;301-350;4.81;;;83;7.22;;;;;
2024;engenharia-civil;Instituto Aphonsiano de Ensino Superior;GO;401;Privada;;;251-300;14.37;;;501-600;3.31;;;1;8;;;501-600;3.06;;;;;
2024;engenharia-civil;Centro Universitário Luterano de Manaus;AM;401;Privada;;;251-300;14.61;;;301-350;4.94;;;251-300;5.54;;;401-500;4.13;;;;;
2024;engenharia-civil;Faculdade Anhanguera de Macapá;AP;401;Privada;;;251-300;14.23;;;501-600;2.97;;;201-250;5.8;;;251-300;5.46;;;;;
2024;engenharia-civil;Faculdade Multivix Serra;ES;401;Privada;;;351-400;12.65;;;72;7.33;;;401-500;3.7;;;601-700;1.62;;;;;
2024;engenharia-civil;Centro Universitário Integrado de Campo Mourão;PR;401;Privada;;;251-300;14.92;;;251-300;5.21;;;351-400;4.19;;;251-300;5.52;;;;;
2024;engenharia-civil;Centro Universitário Unifacig;MG;401;Privada;;;251-300;13.93;;;201-250;5.94;;;301-350;4.83;;;501-600;3.16;;;;;
2024;engenharia-civil;Faculdade Anhanguera de Ponta Grossa;PR;401;Privada;;;301-350;13.5;;;401-500;4.19;;;351-400;4.38;;;301-350;4.93;;;;;
2024;engenharia-civil;Centro Universitário Maurício de Nassau de Fortaleza;CE;401;Privada;;;351-400;12.6;;;401-500;3.8;;;401-500;3.81;;;301-350;4.99;;;;;
2024;engenharia-civil;Faculdade Doctum de João Monlevade;MG;401;Privada;;;251-300;14.21;;;601-700;2.24;;;1;8;;;401-500;3.97;;;;;
2024;engenharia-civil;Universidade Alto Vale do Rio do Peixe;SC;401;Privada;;;301-350;13.05;;;351-400;4.36;;;401-500;3.32;;;251-300;5.37;;;;;
2024;engenharia-civil;Faculdade Una de Jataí;GO;401;Privada;;;351-400;12.89;;;501-600;3.31;;;301-350;5.04;;;351-400;4.54;;;;;
2024;engenharia-civil;Instituto Universitário Una de Conselheiro Lafaiete;MG;401;Privada;;;301-350;13.51;;;701-800;1.43;;;1;8;;;401-500;4.08;;;;;
2024;engenharia-civil;Centro Universitário Católica de Quixadá;CE;401;Privada;;;301-350;13.61;;;401-500;3.8;;;401-500;3.92;;;201-250;5.89;;;;;
2024;engenharia-civil;Centro Universitário de Patos de Minas;MG;401;Privada;;;351-400;12.79;;;201-250;6;;;501-600;3.06;;;401-500;3.73;;;;;
2024;engenharia-civil;Faculdade Unirb - Barreiras;BA;401;Privada;;;251-300;14.11;;;801-900;0.28;;;1;8;;;201-250;5.83;;;;;
2024;engenharia-civil;Centro Universitário Ages;BA;401;Privada;;;251-300;14.7;;;401-500;4.21;;;301-350;4.79;;;201-250;5.7;;;;;
2024;engenharia-civil;Faculdade Anhanguera de Guarulhos;SP;401;Privada;;;351-400;12.24;;;501-600;2.62;;;351-400;4.27;;;251-300;5.35;;;;;
2024;engenharia-civil;Faculdade Anhanguera de Joinville;SC;401;Privada;;;351-400;12.85;;;251-300;5.39;;;501-600;2.94;;;351-400;4.52;;;;;
2024;engenharia-civil;Faculdade Uninta Itapipoca;CE;401;Privada;;;301-350;13.9;;;401-500;3.8;;;1;8;;;601-700;2.1;;;;;
2024;engenharia-civil;Faculdade Unirb - Feira de Santana;BA;401;Privada;;;201-250;14.93;;;801-900;0.28;;;1;8;;;144;6.65;;;;;
2024;engenharia-civil;Faculdade Leonardo da Vinci - Santa Catarina;SC;401;Privada;;;351-400;12.35;;;401-500;3.53;;;401-500;3.73;;;301-350;5.09;;;;;
2024;engenharia-civil;Faculdade Anhanguera de Sorocaba;SP;401;Privada;;;301-350;13.63;;;701-800;0.69;;;251-300;5.39;;;49;7.55;;;;;
2024;engenharia-civil;Centro Universitário Católica do Tocantins;TO;401;Privada;;;251-300;14.32;;;251-300;5.6;;;501-600;2.65;;;201-250;6.07;;;;;
2024;engenharia-civil;Centro Universitário Mauá de Brasília;DF;401;Privada;;;351-400;12.51;;;601-700;2.06;;;1;8;;;501-600;2.45;;;;;
2024;engenharia-civil;Centro Universitário do Rio de Janeiro;RJ;401;Privada;;;351-400;12.88;;;601-700;1.98;;;351-400;4.56;;;176;6.34;;;;;
2024;engenharia-civil;Faculdade Anhanguera de Contagem;MG;401;Privada;;;351-400;12.72;;;701-800;1.43;;;401-500;4.12;;;89;7.17;;;;;
2024;engenharia-civil;Faculdade Anhanguera de Divinópolis;MG;401;Privada;;;251-300;14.92;;;351-400;4.44;;;301-350;4.69;;;201-250;5.79;;;;;
2024;engenharia-civil;Centro Universitário Tocantinense Presidente Antônio Carlos;TO;401;Privada;;;251-300;13.95;;;185;6.27;;;351-400;4.33;;;401-500;3.35;;;;;
2024;engenharia-civil;Universidade Evangélica de Goiás;GO;401;Privada;;;351-400;12.49;;;251-300;5.44;;;301-350;4.68;;;501-600;2.37;;;;;
2024;engenharia-civil;Centro Universitário do Estado do Pará;PA;401;Privada;;;351-400;12.32;;;501-600;2.95;;;351-400;4.51;;;301-350;4.86;;;;;
2024;engenharia-civil;Faculdade de Gestão e Negócios de Salvador;BA;401;Privada;;;301-350;13.01;;;801-900;0.28;;;1;8;;;301-350;4.73;;;;;
2024;engenharia-civil;Centro Universitário do Sul de Minas;MG;401;Privada;;;301-350;13.21;;;126;6.83;;;351-400;4.2;;;601-700;2.18;;;;;
2024;engenharia-civil;Faculdades Integradas Rio Branco;SP;401;Privada;;;351-400;12.77;;;701-800;0.69;;;1;8;;;401-500;4.08;;;;;
2024;engenharia-civil;Faculdade de Ciências Sociais e Agrárias de Itapeva;SP;401;Privada;;;301-350;13.65;;;401-500;3.4;;;1;8;;;601-700;2.25;;;;;
2024;engenharia-civil;Faculdade Pitágoras Bacabal Mearim;MA;401;Privada;;;351-400;12.4;;;701-800;0.99;;;301-350;4.92;;;161;6.49;;;;;
2024;engenharia-civil;Centro Universitário Unibras do Sudoeste Goiano;GO;401;Privada;;;351-400;12.65;;;501-600;3.31;;;1;8;;;701-800;1.34;;;;;
2024;engenharia-civil;Centro Universitário Estácio de Santa Catarina;SC;401;Privada;;;301-350;13.56;;;251-300;5.42;;;501-600;2.9;;;251-300;5.24;;;;;
2024;engenharia-civil;Centro Universitário Vértice;MG;401;Privada;;;251-300;14.55;;;251-300;5.38;;;1;8;;;701-800;1.17;;;;;
2024;engenharia-civil;Centro Universitário de Excelência de Vitória da Conquista;BA;401;Privada;;;251-300;14.27;;;351-400;4.32;;;1;8;;;601-700;1.95;;;;;
2024;engenharia-civil;Faculdade de Rondônia;RO;401;Privada;;;351-400;12.7;;;201-250;5.67;;;301-350;5.13;;;601-700;1.9;;;;;
2024;engenharia-civil;Faculdade Estácio do Rio Grande do Sul;RS;501;Privada;;;501-600;10.34;;;601-700;1.9;;;601-700;1.84;;;149;6.6;;;;;
2024;engenharia-civil;Faculdades Integradas de Araraquara;SP;501;Privada;;;401-500;11.26;;;301-350;5.16;;;801-900;0.09;;;201-250;6.01;;;;;
2024;engenharia-civil;Instituto Belo Horizonte de Ensino Superior;MG;501;Privada;;;401-500;11.53;;;701-800;1.43;;;1;8;;;601-700;2.1;;;;;
2024;engenharia-civil;Faculdade Una de Pouso Alegre;MG;501;Privada;;;401-500;11.05;;;701-800;1.43;;;251-300;5.21;;;351-400;4.41;;;;;
2024;engenharia-civil;Centro Universitário Unifacear;PR;501;Privada;;;401-500;11.39;;;301-350;4.81;;;701-800;1.27;;;251-300;5.31;;;;;
2024;engenharia-civil;Centro Universitário Anhangüera;SP;501;Privada;;;401-500;11.38;;;401-500;3.33;;;501-600;2.55;;;251-300;5.5;;;;;
2024;engenharia-civil;Centro Universitário Sudoeste Paulista;SP;501;Privada;;;401-500;11.19;;;165;6.46;;;701-800;1.29;;;401-500;3.44;;;;;
2024;engenharia-civil;Faculdade Anhanguera de Goiânia;GO;501;Privada;;;401-500;10.8;;;501-600;3.31;;;501-600;2.59;;;301-350;4.9;;;;;
2024;engenharia-civil;Faculdade Multivix Nova Venécia;ES;501;Privada;;;401-500;11.06;;;154;6.57;;;401-500;3.93;;;701-800;0.56;;;;;
2024;engenharia-civil;Centro Universitário de Caratinga;MG;501;Privada;;;351-400;12.22;;;401-500;4.23;;;301-350;4.99;;;501-600;3;;;;;
2024;engenharia-civil;Centro Universitário Maurício de Nassau de Paranáiba;PI;501;Privada;;;401-500;11.09;;;251-300;5.51;;;401-500;4.04;;;601-700;1.54;;;;;
2024;engenharia-civil;Faculdade Anhanguera de Rondonópolis;MT;501;Privada;;;501-600;10;;;601-700;1.74;;;351-400;4.32;;;401-500;3.94;;;;;
2024;engenharia-civil;Faculdade Pitágoras de Bacabal;MA;501;Privada;;;501-600;10.27;;;701-800;0.99;;;401-500;4.08;;;251-300;5.2;;;;;
2024;engenharia-civil;Faculdade de Piracanjuba;GO;501;Privada;;;401-500;11.92;;;501-600;3.31;;;701-800;1.26;;;70;7.35;;;;;
2024;engenharia-civil;Faculdade de Tecnologia Ftec de Porto Alegre;RS;501;Privada;;;501-600;10.48;;;401-500;4.24;;;601-700;2.12;;;401-500;4.12;;;;;
2024;engenharia-civil;Faculdade Ideal Wyden;PA;501;Privada;;;401-500;12.02;;;401-500;3.66;;;601-700;1.7;;;143;6.66;;;;;
2024;engenharia-civil;Faculdade Verde Norte;MG;501;Privada;;;501-600;10.4;;;601-700;1.73;;;1;8;;;701-800;0.67;;;;;
2024;engenharia-civil;Centro Universitário Nobre de Feira de Santana;BA;501;Privada;;;501-600;10.35;;;801-900;0.28;;;201-250;5.69;;;351-400;4.38;;;;;
2024;engenharia-civil;Universidade de Cruz Alta;RS;501;Privada;;;501-600;10.12;;;201-250;5.81;;;701-800;0.5;;;401-500;3.81;;;;;
2024;engenharia-civil;Faculdade Anhanguera de Jacareí;SP;501;Privada;;;501-600;10.47;;;701-800;0.69;;;501-600;3.04;;;134;6.74;;;;;
2024;engenharia-civil;Faculdade Pitágoras de Juiz de Fora;MG;501;Privada;;;401-500;11.07;;;701-800;1.43;;;601-700;2.26;;;67;7.38;;;;;
2024;engenharia-civil;Faculdade Anhanguera de Valparaíso;GO;501;Privada;;;501-600;10.65;;;501-600;3.31;;;501-600;2.76;;;351-400;4.58;;;;;
2024;engenharia-civil;Centro Universitário Estácio de Ribeirão Preto;SP;501;Privada;;;401-500;12.14;;;301-350;4.85;;;601-700;1.71;;;251-300;5.58;;;;;
2024;engenharia-civil;Faculdade Dom Luis de Orleans e Bragança;BA;501;Privada;;;401-500;11.77;;;701-800;1.11;;;1;8;;;501-600;2.66;;;;;
2024;engenharia-civil;Faculdade Metropolitana de Anápolis;GO;501;Privada;251-300;0.39;401-500;11.71;;;501-600;3.31;;;251-300;5.29;;;501-600;3.11;;;;;
2024;engenharia-civil;Faculdade Anhanguera de Uberlândia;MG;501;Privada;;;501-600;10.06;;;401-500;3.41;;;401-500;3.87;;;501-600;2.78;;;;;
2024;engenharia-civil;Faculdade Anhanguera Itabira;MG;501;Privada;;;401-500;10.76;;;701-800;1.43;;;501-600;2.99;;;176;6.34;;;;;
2024;engenharia-civil;Centro Universitário Faminas;MG;501;Privada;;;401-500;11.61;;;701-800;1.43;;;351-400;4.42;;;201-250;5.76;;;;;
2024;engenharia-civil;Centro Universitário da Grande Dourados;MS;501;Privada;;;401-500;11.84;;;199;6.14;;;351-400;4.5;;;701-800;1.2;;;;;
2024;engenharia-civil;Universidade Católica de Pelotas;RS;501;Privada;;;501-600;10.64;;;301-350;4.8;;;401-500;3.49;;;501-600;2.35;;;;;
2024;engenharia-civil;Faculdade Anhanguera de Indaiatuba;SP;501;Privada;;;401-500;11.53;;;701-800;0.69;;;401-500;4.03;;;127;6.81;;;;;
2024;engenharia-civil;Centro Universitário da Amazônia Belém;PA;501;Privada;;;401-500;12.07;;;501-600;2.95;;;401-500;3.94;;;251-300;5.18;;;;;
2024;engenharia-civil;Centro Universitário dos Guararapes;PE;501;Privada;;;401-500;11.03;;;351-400;4.56;;;401-500;3.52;;;501-600;2.95;;;;;
2024;engenharia-civil;Centro Universitário Estácio de Goiás;GO;501;Privada;;;401-500;11.31;;;501-600;3.31;;;;;;;1;8;;;;;
2024;engenharia-civil;Faculdade Metropolitana de Rio do Sul;SC;501;Privada;;;401-500;11.53;;;501-600;2.4;;;351-400;4.57;;;351-400;4.56;;;;;
2024;engenharia-civil;Faculdade Anhanguera de Marabá;PA;501;Privada;;;401-500;11.96;;;501-600;2.95;;;401-500;3.33;;;201-250;5.68;;;;;
2024;engenharia-civil;Faculdade Terra Nordeste;CE;501;Privada;;;401-500;11.9;;;401-500;3.8;;;301-350;5.12;;;501-600;2.98;;;;;
2024;engenharia-civil;Faculdade Gran Tietê;SP;501;Privada;;;501-600;10.67;;;351-400;4.35;;;251-300;5.35;;;701-800;0.97;;;;;
2024;engenharia-civil;Instituto de Ensino Superior da Grande Florianópolis;SC;501;Privada;;;401-500;11.46;;;251-300;5.31;;;801-900;0.12;;;201-250;6.03;;;;;
2024;engenharia-civil;Faculdade de Educação de Jaru;RO;501;Privada;;;501-600;10.65;;;501-600;2.57;;;1;8;;;801-900;0.08;;;;;
2024;engenharia-civil;Faculdade Anhanguera de São José-SC;SC;501;Privada;;;401-500;11.42;;;501-600;2.4;;;501-600;3.18;;;201-250;5.84;;;;;
2024;engenharia-civil;Faculdade Cnec Itajaí;SC;501;Privada;;;501-600;10.34;;;351-400;4.34;;;401-500;3.54;;;501-600;2.46;;;;;
2024;engenharia-civil;Faculdade Anhanguera de Limeira;SP;501;Privada;;;501-600;10.04;;;701-800;0.69;;;501-600;2.84;;;158;6.51;;;;;
2024;engenharia-civil;Centro Universitário Estácio do Ceará;CE;501;Privada;;;401-500;11.06;;;182;6.3;;;601-700;1.46;;;401-500;3.3;;;;;
2024;engenharia-civil;Faculdades Unificadas de Cataguases;MG;501;Privada;;;401-500;11.59;;;701-800;1.43;;;1;8;;;601-700;2.16;;;;;
2024;engenharia-civil;Instituto Superior de Educação Ibituruna;MG;501;Privada;;;401-500;11.59;;;177;6.35;;;401-500;3.56;;;601-700;1.68;;;;;
2024;engenharia-civil;Instituto Universitário Una de Catalão;GO;501;Privada;;;401-500;12.03;;;251-300;5.41;;;351-400;4.66;;;601-700;1.96;;;;;
2024;engenharia-civil;Faculdade Guarapuava;PR;501;Privada;;;401-500;10.75;;;351-400;4.59;;;251-300;5.61;;;701-800;0.55;;;;;
2024;engenharia-civil;Faculdades Integradas Aparício Carvalho Vilhena;RO;501;Privada;;;401-500;11.06;;;501-600;2.57;;;1;8;;;701-800;0.49;;;;;
2024;engenharia-civil;Centro Universitário Santa Maria da Glória;PR;501;Privada;;;401-500;11.11;;;601-700;1.72;;;251-300;5.53;;;401-500;3.86;;;;;
2024;engenharia-civil;Faculdade Anhanguera do Rio Grande;RS;501;Privada;;;401-500;11.49;;;601-700;1.9;;;401-500;3.28;;;180;6.31;;;;;
2024;engenharia-civil;Faculdade Anhanguera de Jaú;SP;501;Privada;;;501-600;10.29;;;701-800;0.69;;;501-600;3.14;;;164;6.46;;;;;
2024;engenharia-civil;Faculdade de Informática de Ouro Preto do Oeste;RO;501;Privada;;;401-500;10.99;;;501-600;2.57;;;1;8;;;801-900;0.42;;;;;
2024;engenharia-civil;Centro Universitário Uni-ban;SP;501;Privada;;;401-500;11.98;;;701-800;0.69;;;1;8;;;401-500;3.29;;;;;
2024;engenharia-civil;Centro Universitário Cathedral;MT;501;Privada;;;351-400;12.18;;;701-800;0.84;;;1;8;;;401-500;3.34;;;;;
2024;engenharia-civil;Faculdade Dom Ricardo;SP;501;Privada;;;401-500;10.79;;;701-800;0.69;;;1;8;;;601-700;2.1;;;;;
2024;engenharia-civil;Faculdade Anhanguera de Itapecerica da Serra;SP;501;Privada;;;401-500;11.09;;;701-800;0.69;;;401-500;3.99;;;169;6.41;;;;;
2024;engenharia-civil;Centro Universitário de Brusque;SC;501;Privada;;;401-500;11.47;;;301-350;5.03;;;401-500;4.12;;;601-700;2.32;;;;;
2024;engenharia-civil;Faculdade Anhanguera de Maceió;AL;501;Privada;;;401-500;11.67;;;601-700;2.01;;;401-500;3.7;;;201-250;5.96;;;;;
2024;engenharia-civil;Faculdade Anhanguera de Taubaté;SP;501;Privada;;;501-600;10.4;;;501-600;3.07;;;601-700;1.85;;;251-300;5.48;;;;;
2024;engenharia-civil;Faculdade Evangélica de Jaraguá;GO;501;Privada;;;501-600;10.39;;;401-500;4.16;;;351-400;4.48;;;601-700;1.75;;;;;
2024;engenharia-civil;Centro Universitário Autônomo do Brasil;PR;501;Privada;;;401-500;11.37;;;196;6.17;;;501-600;3;;;601-700;2.2;;;;;
2024;engenharia-civil;Faculdades Integradas Einstein de Limeira;SP;501;Privada;;;401-500;11.95;;;124;6.85;;;501-600;2.91;;;601-700;2.19;;;;;
2024;engenharia-civil;Faculdade Dom Alberto;RS;501;Privada;;;401-500;11.52;;;601-700;1.9;;;351-400;4.22;;;251-300;5.4;;;;;
2024;engenharia-civil;Faculdade Anhanguera de Cascavel;PR;501;Privada;;;401-500;10.91;;;601-700;1.72;;;501-600;2.33;;;121;6.86;;;;;
2024;engenharia-civil;Centro Universitário Unifafibe;SP;501;Privada;;;401-500;11.38;;;201-250;5.89;;;601-700;1.35;;;401-500;4.14;;;;;
2024;engenharia-civil;Centro Universitário Metrocamp Wyden;SP;501;Privada;;;401-500;10.97;;;401-500;3.56;;;601-700;1.75;;;201-250;5.66;;;;;
2024;engenharia-civil;Universidade Universus Veritas Guarulhos;SP;501;Privada;;;401-500;11.66;;;401-500;3.53;;;401-500;3.95;;;401-500;4.18;;;;;
2024;engenharia-civil;Faculdade Uninassau Petrolina;PE;501;Privada;;;401-500;11.19;;;501-600;2.8;;;401-500;3.64;;;301-350;4.75;;;;;
2024;engenharia-civil;Faculdade Madre Thais;BA;501;Privada;;;501-600;10.55;;;401-500;4.19;;;251-300;5.5;;;701-800;0.86;;;;;
2024;engenharia-civil;Faculdade Anhanguera de Santa Bárbara;SP;501;Privada;;;401-500;11.27;;;401-500;4;;;601-700;1.82;;;251-300;5.45;;;;;
2024;engenharia-civil;Centro Universitário Cesuca;RS;501;Privada;;;401-500;11.01;;;601-700;1.9;;;401-500;3.78;;;251-300;5.33;;;;;
2024;engenharia-civil;Faculdade Anhanguera de Bauru;SP;501;Privada;;;501-600;10.16;;;701-800;0.69;;;501-600;2.35;;;94;7.12;;;;;
2024;engenharia-civil;Centro Universitário Mais;GO;501;Privada;;;501-600;10.35;;;501-600;3.31;;;251-300;5.28;;;601-700;1.76;;;;;
2024;engenharia-civil;Faculdade Anhanguera de Valinhos;SP;501;Privada;;;501-600;10.67;;;701-800;0.69;;;501-600;3.03;;;112;6.95;;;;;
2024;engenharia-civil;Faculdade Ari de Sá;CE;501;Privada;;;401-500;11.04;;;54;7.5;;;701-800;1.05;;;501-600;2.49;;;;;
2024;engenharia-civil;Centro Universitário Maurício de Nassau de Teresina;PI;501;Privada;;;501-600;10.73;;;351-400;4.32;;;401-500;3.58;;;501-600;2.83;;;;;
2024;engenharia-civil;Faculdade Anhanguera de Itabuna;BA;501;Privada;;;401-500;11.88;;;351-400;4.43;;;401-500;3.91;;;401-500;3.54;;;;;
2024;engenharia-civil;Universidade de Gurupi;TO;501;Municipal;;;401-500;12.13;;;401-500;3.5;;;1;8;;;701-800;0.63;;;;;
2024;engenharia-civil;Faculdade Promove de Curvelo;MG;501;Privada;;;501-600;10;;;701-800;1.43;;;1;8;;;701-800;0.57;;;;;
2024;engenharia-civil;Centro Universitário de Desenvolvimento do Centro-Oeste;GO;501;Privada;;;401-500;11.98;;;501-600;3.31;;;401-500;3.46;;;251-300;5.21;;;;;
2024;engenharia-civil;Faculdade Finom de Patos de Minas;MG;501;Privada;;;501-600;10.49;;;301-350;4.75;;;401-500;4.07;;;601-700;1.67;;;;;
2024;engenharia-civil;Centro Universitário de Adamantina;SP;501;Municipal;;;501-600;10.59;;;401-500;4.13;;;501-600;2.5;;;401-500;3.96;;;;;
2024;engenharia-civil;Faculdade Anhanguera de Ipatinga;MG;501;Privada;;;401-500;11.71;;;401-500;3.42;;;501-600;2.82;;;251-300;5.47;;;;;
2024;engenharia-civil;Faculdade Faveni Guarulhos;SP;501;Privada;;;401-500;10.79;;;701-800;0.69;;;1;8;;;601-700;2.1;;;;;
2024;engenharia-civil;Instituto de Ensino Superior e Formação Avançada de Vitória;ES;501;Privada;;;401-500;11.05;;;601-700;2.2;;;1;8;;;701-800;0.85;;;;;
2024;engenharia-civil;Faculdade Anhanguera Unidade Parauapebas;PA;501;Privada;;;501-600;10.03;;;501-600;2.95;;;601-700;2.14;;;301-350;4.94;;;;;
2024;engenharia-civil;Faculdade de Educação de Porto Velho;RO;501;Privada;;;401-500;11.66;;;401-500;4.17;;;501-600;2.95;;;351-400;4.54;;;;;
2024;engenharia-civil;Faculdade de Engenharia de Resende;RJ;501;Privada;;;501-600;10.05;;;301-350;4.97;;;601-700;1.39;;;401-500;3.69;;;;;
2024;engenharia-civil;Centro Universitário Uniftec Bento Gonçalves;RS;501;Privada;;;401-500;11.68;;;201-250;5.97;;;701-800;0.87;;;301-350;4.84;;;;;
2024;engenharia-civil;Faculdade Educacional de Medianeira;PR;501;Privada;;;401-500;10.92;;;601-700;1.72;;;401-500;4.05;;;301-350;5.15;;;;;
2024;engenharia-civil;Faculdade de Educação e Tecnologia da Amazônia;PA;501;Privada;;;401-500;11.11;;;501-600;2.95;;;1;8;;;801-900;0.16;;;;;
2024;engenharia-civil;Faculdade Anhanguera Franca;SP;501;Privada;;;401-500;12;;;701-800;0.69;;;401-500;3.6;;;32;7.71;;;;;
2024;engenharia-civil;Faculdade Galileu;SP;501;Privada;;;401-500;11.68;;;190;6.23;;;351-400;4.19;;;701-800;1.26;;;;;
2024;engenharia-civil;Faculdade Internacional da Paraíba;PB;501;Privada;;;501-600;10.56;;;301-350;4.84;;;501-600;2.4;;;401-500;3.32;;;;;
2024;engenharia-civil;Centro Universitário Maurício de Nassau de Cacoal;RO;501;Privada;;;501-600;9.99;;;501-600;2.57;;;301-350;4.71;;;501-600;2.71;;;;;
2024;engenharia-civil;Centro Universitário Sete de Setembro;CE;501;Privada;;;401-500;11.63;;;401-500;3.8;;;501-600;3.11;;;301-350;4.72;;;;;
2024;engenharia-civil;Faculdade Unirb - Serrinha;BA;501;Privada;;;401-500;11.25;;;801-900;0.28;;;1;8;;;501-600;2.97;;;;;
2024;engenharia-civil;Faculdade Figueiredo Costa;AL;501;Privada;;;401-500;11.2;;;601-700;1.96;;;251-300;5.43;;;401-500;3.81;;;;;
2024;engenharia-civil;Instituto de Ensino Superior de Cuiabá;MT;501;Privada;;;401-500;10.92;;;701-800;0.84;;;351-400;4.56;;;251-300;5.52;;;;;
2024;engenharia-civil;Centro Universitário Maurício de Nassau de Caruaru;PE;601;Privada;;;601-700;8.05;;;501-600;2.8;;;501-600;2.57;;;501-600;2.68;;;;;
2024;engenharia-civil;UGV Centro Universitário;PR;601;Privada;;;501-600;9.2;;;162;6.49;;;501-600;2.34;;;801-900;0.37;;;;;
2024;engenharia-civil;Faculdade Unibras da Bahia;BA;601;Privada;;;601-700;8.48;;;801-900;0.28;;;1;8;;;801-900;0.2;;;;;
2024;engenharia-civil;Faculdade Única de Ipatinga;MG;601;Privada;;;601-700;8.69;;;351-400;4.38;;;401-500;3.83;;;701-800;0.48;;;;;
2024;engenharia-civil;Faculdade Anhanguera de Ciências Sociais Aplicadas de Sinop;MT;601;Privada;;;601-700;9.05;;;701-800;0.84;;;401-500;3.42;;;301-350;4.79;;;;;
2024;engenharia-civil;Faculdade Anhanguera de Paragominas;PA;601;Privada;;;601-700;9.12;;;501-600;2.95;;;601-700;1.88;;;351-400;4.29;;;;;
2024;engenharia-civil;Centro Universitário Estácio de Ji-paraná;RO;601;Privada;;;501-600;9.7;;;301-350;5.19;;;501-600;2.8;;;601-700;1.71;;;;;
2024;engenharia-civil;Faculdade Unesc-Unama;RO;601;Privada;;;501-600;9.2;;;301-350;4.93;;;501-600;3.15;;;701-800;1.12;;;;;
2024;engenharia-civil;Faculdade Cesumar de Londrina;PR;601;Privada;;;601-700;8.95;;;601-700;1.72;;;701-800;0.61;;;147;6.62;;;;;
2024;engenharia-civil;Universidade Vale do Rio Doce;MG;601;Privada;;;501-600;9.29;;;173;6.39;;;701-800;0.51;;;501-600;2.39;;;;;
2024;engenharia-civil;Faculdade Guaraí;TO;601;Privada;;;501-600;9.65;;;301-350;4.92;;;401-500;3.27;;;601-700;1.46;;;;;
2024;engenharia-civil;Centro Universitário Facex;RN;601;Privada;;;601-700;8.22;;;170;6.42;;;801-900;0.32;;;601-700;1.48;;;;;
2024;engenharia-civil;Faculdade Fasipe Cuiabá;MT;601;Privada;;;601-700;8.3;;;701-800;0.84;;;251-300;5.34;;;601-700;2.12;;;;;
2024;engenharia-civil;Faculdade da Saúde e Ecologia Humana;MG;601;Privada;;;601-700;8.51;;;701-800;1.43;;;601-700;1.47;;;251-300;5.61;;;;;
2024;engenharia-civil;Faculdades Integradas dos Campos Gerais;PR;601;Privada;;;601-700;8.05;;;251-300;5.23;;;701-800;0.48;;;501-600;2.34;;;;;
2024;engenharia-civil;Faculdade Multivix Cariacica;ES;601;Privada;;;601-700;8.18;;;601-700;2.2;;;401-500;3.75;;;601-700;2.23;;;;;
2024;engenharia-civil;Faculdade Sociesc de Educação de São Bento do Sul;SC;601;Privada;;;601-700;8.17;;;501-600;2.4;;;601-700;1.94;;;401-500;3.83;;;;;
2024;engenharia-civil;Conservatório Brasileiro de Música;RJ;601;Privada;;;601-700;8.25;;;701-800;1.1;;;601-700;1.56;;;251-300;5.59;;;;;
2024;engenharia-civil;Faculdade Mais de Ituiutaba;MG;601;Privada;;;601-700;8.24;;;701-800;1.43;;;251-300;5.28;;;601-700;1.53;;;;;
2024;engenharia-civil;Centro Universitário Módulo;SP;601;Privada;;;601-700;8.57;;;168;6.43;;;701-800;0.88;;;701-800;1.26;;;;;
2024;engenharia-civil;Faculdade Anhanguera de Feira de Santana;BA;601;Privada;;;501-600;9.85;;;801-900;0.28;;;501-600;3.19;;;172;6.38;;;;;
2024;engenharia-civil;Faculdade Anhanguera de Vitória da Conquista;BA;601;Privada;;;501-600;9.29;;;801-900;0.28;;;501-600;2.96;;;201-250;6.05;;;;;
2024;engenharia-civil;Centro Universitário Ruy Barbosa Wyden;BA;601;Privada;;;601-700;8.8;;;801-900;0.28;;;701-800;0.89;;;40;7.63;;;;;
2024;engenharia-civil;Faculdades Integradas de Aracruz;ES;601;Privada;;;601-700;8.59;;;401-500;3.56;;;701-800;0.84;;;401-500;4.19;;;;;
2024;engenharia-civil;Faculdade Ages de Lagarto;SE;601;Privada;;;601-700;8.71;;;701-800;0.9;;;251-300;5.28;;;501-600;2.53;;;;;
2024;engenharia-civil;Centro Universitário do Piauí;PI;601;Privada;;;601-700;8.35;;;401-500;3.97;;;401-500;3.27;;;701-800;1.11;;;;;
2024;engenharia-civil;Faculdade Vale do Gorutuba;MG;601;Privada;;;601-700;8.93;;;701-800;1.43;;;501-600;2.97;;;351-400;4.53;;;;;
2024;engenharia-civil;Faculdade Uninassau Lauro de Freitas;BA;601;Privada;;;601-700;8.26;;;801-900;0.28;;;501-600;3.02;;;301-350;4.96;;;;;
2024;engenharia-civil;Faculdade Novo Milênio;ES;601;Privada;;;601-700;9.13;;;301-350;5.15;;;501-600;2.98;;;701-800;1;;;;;
2024;engenharia-civil;Faculdade de Tecnologia e Ciências da Bahia;BA;601;Privada;;;501-600;9.43;;;801-900;0.28;;;1;8;;;701-800;1.15;;;;;
2024;engenharia-civil;Faculdade Vértix Trirriense;RJ;601;Privada;;;501-600;9.32;;;701-800;1.1;;;1;8;;;801-900;0.22;;;;;
2024;engenharia-civil;Centro Universitário Nossa Senhora do Patrocínio;SP;601;Privada;;;601-700;9.11;;;251-300;5.27;;;701-800;0.98;;;501-600;2.86;;;;;
2024;engenharia-civil;Faculdade de Ciências Sociais Aplicadas do Vale do São Lourenço;MT;601;Privada;;;501-600;9.5;;;701-800;0.84;;;1;8;;;701-800;0.66;;;;;
2024;engenharia-civil;Faculdade de Tecnologia de Piracicaba - Fatep;SP;601;Privada;;;601-700;9.17;;;601-700;2.34;;;401-500;3.68;;;501-600;3.15;;;;;
2024;engenharia-civil;Faculdade Cesurg Marau;RS;601;Privada;;;601-700;8.87;;;601-700;1.9;;;251-300;5.38;;;601-700;1.59;;;;;
2024;engenharia-civil;Faculdade Mato Grosso do Sul;MS;601;Privada;;;501-600;9.9;;;601-700;2.28;;;301-350;4.86;;;501-600;2.76;;;;;
2024;engenharia-civil;Faculdade de Direito de Alta Floresta;MT;601;Privada;;;601-700;8.22;;;601-700;2.3;;;351-400;4.56;;;701-800;1.36;;;;;
2024;engenharia-civil;Centro Universitário da Fundação Educacional de Barretos;SP;601;Privada;;;501-600;9.28;;;201-250;6.03;;;801-900;0.36;;;501-600;2.89;;;;;
2024;engenharia-civil;Faculdade Anhanguera de Sumaré;SP;601;Privada;;;501-600;9.79;;;701-800;0.69;;;401-500;3.37;;;201-250;5.73;;;;;
2024;engenharia-civil;Centro Universitário Maurício de Nassau de Maceió;AL;601;Privada;;;601-700;8.7;;;601-700;1.47;;;401-500;4.02;;;501-600;3.21;;;;;
2024;engenharia-civil;Faculdade Área1 Wyden;BA;601;Privada;;;501-600;9.89;;;301-350;4.73;;;601-700;1.4;;;401-500;3.76;;;;;
2024;engenharia-civil;Faculdade de Imperatriz Wyden;MA;601;Privada;;;501-600;9.69;;;701-800;0.99;;;501-600;2.89;;;201-250;5.81;;;;;
2024;engenharia-civil;Faculdade Esamc Santos;SP;601;Privada;;;601-700;8.27;;;351-400;4.32;;;401-500;3.74;;;801-900;0.21;;;;;
2024;engenharia-civil;Faculdade Dom Pedro II de Tecnologia;BA;601;Privada;;;501-600;9.41;;;701-800;1;;;1;8;;;801-900;0.41;;;;;
2024;engenharia-civil;Centro Universitário da Amazônia;PA;601;Privada;;;501-600;9.53;;;501-600;2.95;;;401-500;3.66;;;501-600;2.92;;;;;
2024;engenharia-civil;Faculdade Ages de Senhor do Bonfim;BA;601;Privada;;;501-600;9.7;;;801-900;0.28;;;401-500;3.82;;;251-300;5.6;;;;;
2024;engenharia-civil;Faculdade Zacarias de Góes;BA;601;Privada;;;601-700;8.73;;;801-900;0.28;;;1;8;;;701-800;0.45;;;;;
2024;engenharia-civil;Centro Universitário Campo Real;PR;601;Privada;;;501-600;9.79;;;601-700;1.72;;;251-300;5.46;;;501-600;2.61;;;;;
2024;engenharia-civil;Faculdade Ages de Jacobina;BA;601;Privada;;;501-600;9.21;;;801-900;0.28;;;351-400;4.31;;;351-400;4.62;;;;;
2024;engenharia-civil;Faculdade Anhanguera de Imperatriz;MA;601;Privada;;;601-700;8.93;;;701-800;0.99;;;251-300;5.15;;;501-600;2.79;;;;;
2024;engenharia-civil;Faculdade Educacional Araucária;PR;601;Privada;;;501-600;9.89;;;601-700;1.72;;;701-800;0.98;;;87;7.19;;;;;
2024;engenharia-civil;Faculdade Cristo Rei;PR;601;Privada;;;601-700;8.7;;;601-700;1.72;;;201-250;5.7;;;701-800;1.28;;;;;
2024;engenharia-civil;Centro Universitário Anhanguera Pitágoras Ampli;SP;601;Privada;;;501-600;9.42;;;501-600;2.65;;;601-700;2;;;301-350;4.77;;;;;
2024;engenharia-civil;Centro Universitário Maurício de Nassau de São Luís;MA;601;Privada;;;501-600;9.68;;;601-700;1.97;;;351-400;4.52;;;501-600;3.19;;;;;
2024;engenharia-civil;Faculdades Integradas de Fernandópolis;SP;601;Privada;;;501-600;9.67;;;301-350;5.12;;;601-700;1.96;;;501-600;2.59;;;;;
2024;engenharia-civil;Faculdade Anhanguera de Pindamonhangaba;SP;601;Privada;;;601-700;8.21;;;701-800;0.69;;;601-700;1.59;;;201-250;5.93;;;;;
2024;engenharia-civil;Centro Universitário Presidente Antônio Carlos;MG;601;Privada;;;601-700;8.29;;;701-800;1.43;;;351-400;4.59;;;601-700;2.27;;;;;
2024;engenharia-civil;Instituto de Ensino Superior de Teresina;PI;601;Privada;;;501-600;9.47;;;401-500;3.97;;;501-600;2.68;;;501-600;2.82;;;;;
2024;engenharia-civil;Faculdade Estácio de Florianópolis;SC;601;Privada;;;501-600;9.72;;;501-600;2.4;;;701-800;0.98;;;176;6.34;;;;;
2024;engenharia-civil;Faculdade Estácio de Curitiba;PR;601;Privada;;;601-700;8.77;;;601-700;1.72;;;701-800;0.83;;;189;6.22;;;;;
2024;engenharia-civil;Faculdade Anhanguera de Tangará da Serra;MT;601;Privada;;;601-700;8.42;;;701-800;0.84;;;401-500;3.34;;;351-400;4.24;;;;;
2024;engenharia-civil;Faculdade Praia Grande;SP;601;Privada;;;601-700;9.02;;;601-700;2.26;;;351-400;4.19;;;501-600;2.57;;;;;
2024;engenharia-civil;Centro Universitário de Lins;SP;601;Privada;;;501-600;9.93;;;251-300;5.46;;;701-800;1.25;;;501-600;3.22;;;;;
2024;engenharia-civil;Faculdade da Fraternidade de Valença;BA;601;Privada;;;601-700;8.39;;;401-500;3.59;;;401-500;3.53;;;701-800;1.27;;;;;
2024;engenharia-civil;Escola de Ensino Superior do Agreste Paraibano;PB;601;Privada;;;601-700;8.98;;;501-600;3.06;;;351-400;4.48;;;601-700;1.44;;;;;
2024;engenharia-civil;Faculdade Pitágoras de Irecê;BA;601;Privada;;;501-600;9.65;;;801-900;0.28;;;401-500;3.5;;;201-250;5.87;;;;;
2024;engenharia-civil;Universidade Santa Úrsula;RJ;601;Privada;;;601-700;8.58;;;251-300;5.3;;;801-900;0.27;;;501-600;3.01;;;;;
2024;engenharia-civil;Faculdade de Tecnologia Ftec;RS;601;Privada;;;501-600;9.51;;;601-700;1.9;;;401-500;3.9;;;401-500;3.71;;;;;
2024;engenharia-civil;Faculdade Anhanguera de Taboão da Serra;SP;601;Privada;;;601-700;8.44;;;701-800;0.69;;;501-600;3.05;;;301-350;4.7;;;;;
2024;engenharia-civil;Centro Universitário Unifecaf;SP;601;Privada;;;601-700;9.01;;;501-600;3.01;;;201-250;5.74;;;801-900;0.26;;;;;
2024;engenharia-civil;Centro Universitário de Presidente Prudente;SP;601;Privada;;;501-600;9.89;;;401-500;3.84;;;401-500;3.88;;;601-700;2.17;;;;;
2024;engenharia-civil;Centro Universitário de Pato Branco;PR;601;Privada;;;601-700;8.42;;;251-300;5.58;;;601-700;1.37;;;601-700;1.47;;;;;
2024;engenharia-civil;Faculdade Anhanguera de Poços de Caldas;MG;601;Privada;;;501-600;9.86;;;701-800;1.43;;;501-600;2.61;;;201-250;5.82;;;;;
2024;engenharia-civil;Escola Superior Dom Helder Câmara;MG;601;Privada;;;501-600;9.44;;;701-800;1.43;;;601-700;1.91;;;201-250;6.1;;;;;
2024;engenharia-civil;Centro Universitário Estácio de São Paulo;SP;601;Privada;;;501-600;9.6;;;401-500;3.37;;;601-700;1.92;;;351-400;4.31;;;;;
2024;engenharia-civil;Centro Universitário do Planalto Central Apparecido dos Santos;DF;601;Privada;;;501-600;9.43;;;601-700;2.06;;;501-600;3.2;;;401-500;4.17;;;;;
2024;engenharia-civil;Faculdade Una de Divinópolis;MG;601;Privada;;;601-700;9.02;;;701-800;1.43;;;401-500;4.11;;;401-500;3.48;;;;;
2024;engenharia-civil;Centro Universitário de Itapira;SP;601;Privada;;;601-700;8.06;;;601-700;1.93;;;251-300;5.38;;;701-800;0.75;;;;;
2024;engenharia-civil;Faculdade Santo Antônio de Pádua;RJ;601;Privada;;;601-700;8.86;;;501-600;2.68;;;701-800;0.69;;;251-300;5.49;;;;;
2024;engenharia-civil;Centro Universitário de Rondônia;RO;601;Privada;;;501-600;9.49;;;251-300;5.64;;;501-600;2.51;;;701-800;1.34;;;;;
2024;engenharia-civil;Centro Universitário Fundação Santo André;SP;601;Privada;;;601-700;8.09;;;601-700;2.22;;;701-800;0.58;;;251-300;5.29;;;;;
2024;engenharia-civil;Centro Universitário São Lucas Ji-paraná;RO;601;Privada;;;601-700;8.08;;;501-600;2.57;;;301-350;5.12;;;801-900;0.39;;;;;
2024;engenharia-civil;Centro Universitário de Talentos Humanos;MG;601;Privada;;;501-600;9.91;;;701-800;1.43;;;401-500;3.43;;;301-350;5.05;;;;;
2024;engenharia-civil;Centro Universitário para o Desenvolvimento do Alto Vale do Itajaí;SC;601;Privada;;;501-600;9.29;;;100;7.07;;;601-700;1.41;;;701-800;0.81;;;;;
2024;engenharia-civil;Centro Universitário de Formiga;MG;601;Privada;;;601-700;8.89;;;351-400;4.5;;;701-800;0.72;;;401-500;3.67;;;;;
2024;engenharia-civil;Faculdade Presidente Antônio Carlos de Uberlândia;MG;601;Privada;;;601-700;8.42;;;501-600;3.01;;;351-400;4.33;;;701-800;1.08;;;;;
2024;engenharia-civil;Centro Universitário Santo Agostinho;PI;601;Privada;;;601-700;8.78;;;195;6.18;;;701-800;1.2;;;601-700;1.4;;;;;
2024;engenharia-civil;Faculdade da Alta Paulista;SP;601;Privada;;;601-700;9.11;;;701-800;0.69;;;401-500;3.45;;;301-350;4.97;;;;;
2024;engenharia-civil;Faculdade Marechal Rondon;RO;601;Privada;;;601-700;8.78;;;501-600;2.57;;;201-250;5.67;;;701-800;0.54;;;;;
2024;engenharia-civil;Centro Universitário Uninorte;AC;601;Privada;;;501-600;9.4;;;601-700;2.12;;;601-700;2.06;;;251-300;5.22;;;;;
2024;engenharia-civil;Faculdade Multivix Vila Velha;ES;601;Privada;;;601-700;8.23;;;601-700;2.2;;;301-350;4.94;;;701-800;1.09;;;;;
2024;engenharia-civil;Faculdade Hélio Rocha;BA;601;Privada;;;601-700;9.07;;;801-900;0.28;;;1;8;;;701-800;0.79;;;;;
2024;engenharia-civil;Centro Universitário Dom Pedro II;BA;601;Privada;;;601-700;9.07;;;801-900;0.28;;;1;8;;;701-800;0.79;;;;;
2024;engenharia-civil;Libertas - Faculdades Integradas;MG;601;Privada;;;601-700;8.76;;;701-800;1.43;;;301-350;5.07;;;601-700;2.26;;;;;
2024;engenharia-civil;Faculdade de Ciências e Saúde Edufor;MA;601;Privada;;;601-700;9.12;;;701-800;0.99;;;1;8;;;801-900;0.13;;;;;
2024;engenharia-civil;Centro Universitário Salesiano;ES;601;Privada;;;601-700;9.01;;;201-250;5.99;;;701-800;1.08;;;601-700;1.94;;;;;
2024;engenharia-civil;Centro Universitário Augusto Motta;RJ;601;Privada;;;601-700;9.07;;;401-500;3.35;;;501-600;2.85;;;501-600;2.87;;;;;
2024;engenharia-civil;Centro Universitário Anhanguera Pitágoras Unopar de Niterói;RJ;601;Privada;;;501-600;9.28;;;601-700;2.25;;;501-600;3.01;;;401-500;4.02;;;;;
2024;engenharia-civil;Centro Universitário - Uniesp;PB;601;Privada;;;601-700;8.26;;;301-350;5.19;;;701-800;1.21;;;601-700;1.86;;;;;
2024;engenharia-civil;Faculdade Paranaense-Curitiba;PR;601;Privada;;;501-600;9.64;;;401-500;3.39;;;301-350;5.03;;;701-800;1.22;;;;;
2024;engenharia-civil;Faculdade Venda Nova do Imigrante;ES;601;Privada;;;601-700;8.33;;;601-700;2.2;;;351-400;4.26;;;601-700;1.87;;;;;
2024;engenharia-civil;Centro Universitário Maurício de Nassau de Juazeiro do Norte;CE;701;Privada;;;701-800;6.72;;;401-500;3.8;;;601-700;1.87;;;701-800;1.05;;;;;
2024;engenharia-civil;Faculdade Estácio de Carapicuíba;SP;701;Privada;;;701-800;6.58;;;701-800;1.12;;;501-600;2.41;;;501-600;3.05;;;;;
2024;engenharia-civil;Faculdade Anhanguera do Maranhão;MA;701;Privada;;;701-800;5.85;;;701-800;0.99;;;601-700;2.1;;;501-600;2.76;;;;;
2024;engenharia-civil;Faculdade Empresarial de Chapecó;SC;701;Privada;;;701-800;5.49;;;401-500;3.86;;;701-800;0.7;;;701-800;0.93;;;;;
2024;engenharia-civil;Centro Universitário de Votuporanga;SP;701;Privada;;;701-800;7.16;;;351-400;4.68;;;701-800;0.63;;;601-700;1.85;;;;;
2024;engenharia-civil;Faculdade Internacional de São Luís;MA;701;Privada;;;701-800;7.11;;;301-350;5;;;701-800;0.98;;;701-800;1.13;;;;;
2024;engenharia-civil;Centro Universitário Campo Limpo Paulista;SP;701;Privada;;;701-800;5.22;;;601-700;1.74;;;401-500;3.3;;;801-900;0.18;;;;;
2024;engenharia-civil;Centro Universitário Alves Faria;GO;701;Privada;251-300;0.39;701-800;6.79;;;201-250;5.91;;;701-800;0.57;;;801-900;0.31;;;;;
2024;engenharia-civil;Faculdade Embu das Artes;SP;701;Privada;;;601-700;7.75;;;701-800;0.69;;;301-350;4.96;;;601-700;2.1;;;;;
2024;engenharia-civil;Centro Universitário Estácio da Amazônia;RR;701;Privada;;;701-800;6.38;;;501-600;3.01;;;701-800;1.04;;;501-600;2.33;;;;;
2024;engenharia-civil;Centro Universitário Brasília do Estado de Goiás;GO;701;Privada;;;701-800;7.26;;;501-600;3.31;;;401-500;3.51;;;701-800;0.44;;;;;
2024;engenharia-civil;Faculdade Independente do Nordeste;BA;701;Privada;;;601-700;7.99;;;401-500;3.51;;;501-600;3.16;;;701-800;1.32;;;;;
2024;engenharia-civil;Centro Universitário Funcesi;MG;701;Privada;;;701-800;6.2;;;701-800;1.43;;;601-700;1.34;;;401-500;3.43;;;;;
2024;engenharia-civil;Faculdade Anhanguera de Serra;ES;701;Privada;;;701-800;7.01;;;601-700;2.2;;;701-800;1.18;;;401-500;3.63;;;;;
2024;engenharia-civil;Centro Universitário das Faculdades Associadas de Ensino;SP;701;Municipal;;;701-800;6.57;;;701-800;0.69;;;601-700;1.73;;;401-500;4.15;;;;;
2024;engenharia-civil;Faculdade São Francisco do Ceará;CE;701;Privada;;;601-700;7.55;;;401-500;3.8;;;701-800;0.91;;;501-600;2.84;;;;;
2024;engenharia-civil;Faculdade Unibrasília de Minas Gerais;MG;701;Privada;;;601-700;7.9;;;601-700;2.13;;;251-300;5.43;;;801-900;0.34;;;;;
2024;engenharia-civil;Centro Universitário Estácio de Brasília;DF;701;Privada;;;701-800;6.61;;;601-700;2.06;;;601-700;1.45;;;501-600;3.1;;;;;
2024;engenharia-civil;Centro Universitário de Barra Mansa;RJ;701;Privada;;;701-800;5.05;;;401-500;3.83;;;701-800;0.5;;;701-800;0.72;;;;;
2024;engenharia-civil;Faculdade Cesumar de Ponta Grossa;PR;701;Privada;;;701-800;6.66;;;601-700;1.72;;;601-700;1.86;;;501-600;3.08;;;;;
2024;engenharia-civil;Centro de Ensino Superior de Palmas;TO;701;Privada;;;701-800;6.9;;;301-350;4.92;;;701-800;1.07;;;701-800;0.91;;;;;
2024;engenharia-civil;Faculdade Promove de Sete Lagoas;MG;701;Privada;;;701-800;5.06;;;301-350;4.79;;;;;;;801-900;0.27;;;;;
2024;engenharia-civil;Faculdade Cnec Rio das Ostras;RJ;701;Privada;;;701-800;5.58;;;601-700;1.48;;;701-800;1.17;;;501-600;2.93;;;;;
2024;engenharia-civil;Centro Universitário Cearense;CE;701;Privada;;;701-800;5.9;;;401-500;3.8;;;;;;;601-700;2.1;;;;;
2024;engenharia-civil;Centro Universitário Piaget;SP;701;Privada;;;701-800;7.1;;;701-800;0.69;;;301-350;4.98;;;601-700;1.43;;;;;
2024;engenharia-civil;Instituto de Ensino Superior de Foz do Iguaçu;PR;701;Privada;;;701-800;7.33;;;401-500;3.32;;;401-500;3.86;;;801-900;0.15;;;;;
2024;engenharia-civil;Centro Universitário de Excelência Eniac;SP;701;Privada;;;701-800;6.06;;;601-700;2.32;;;601-700;1.64;;;601-700;2.1;;;;;
2024;engenharia-civil;Faculdade Fatifajar Jaguariaíva;PR;701;Privada;;;701-800;6.55;;;601-700;1.72;;;351-400;4.31;;;701-800;0.52;;;;;
2024;engenharia-civil;Faculdade Presidente Antônio Carlos de Ubá;MG;701;Privada;;;601-700;7.92;;;201-250;5.98;;;701-800;0.64;;;701-800;1.3;;;;;
2024;engenharia-civil;Centro Universitário Amparense;SP;701;Privada;;;701-800;4.95;;;401-500;3.85;;;701-800;0.37;;;701-800;0.73;;;;;
2024;engenharia-civil;Centro Universitário Presidente Tancredo de Almeida Neves;MG;701;Privada;;;701-800;5.23;;;701-800;1.43;;;601-700;2.07;;;601-700;1.73;;;;;
2024;engenharia-civil;Centro Universitário Metodista Izabela Hendrix;MG;701;Privada;;;601-700;7.72;;;501-600;2.7;;;601-700;1.66;;;401-500;3.36;;;;;
2024;engenharia-civil;Faculdade de Iporá;GO;701;Privada;;;701-800;6.39;;;401-500;3.34;;;501-600;2.31;;;701-800;0.74;;;;;
2024;engenharia-civil;Faculdade Unibras do Norte Goiano;GO;701;Privada;;;601-700;7.55;;;501-600;3.31;;;401-500;3.63;;;701-800;0.61;;;;;
2024;engenharia-civil;Faculdade Santa Rita de Cássia;GO;701;Privada;;;701-800;5.98;;;501-600;3.31;;;801-900;0.05;;;501-600;2.62;;;;;
2024;engenharia-civil;Instituição de Ensino Superior de Cacoal;RO;701;Privada;;;701-800;6.21;;;501-600;2.57;;;401-500;3.29;;;801-900;0.35;;;;;
2024;engenharia-civil;Centro Universitário Unifateb;PR;701;Privada;;;701-800;5.42;;;601-700;1.72;;;701-800;1.15;;;501-600;2.55;;;;;
2024;engenharia-civil;Centro Universitário de Goiânia;GO;701;Privada;;;701-800;6.92;;;301-350;4.99;;;801-900;0.1;;;601-700;1.83;;;;;
2024;engenharia-civil;Faculdade Politécnica de Campinas;SP;701;Privada;;;701-800;4.89;;;701-800;0.69;;;501-600;3.1;;;701-800;1.1;;;;;
2024;engenharia-civil;Faculdade de Filosofia Ciências e Letras de Ituverava;SP;701;Privada;;;601-700;7.56;;;166;6.45;;;801-900;0.04;;;701-800;1.07;;;;;
2024;engenharia-civil;Faculdade Estácio São Paulo de Rondônia;RO;701;Privada;;;701-800;5.67;;;501-600;2.57;;;501-600;2.64;;;701-800;0.46;;;;;
2024;engenharia-civil;Centro Universitário Unisep;PR;701;Privada;;;701-800;6.09;;;601-700;1.72;;;501-600;2.48;;;601-700;1.89;;;;;
2024;engenharia-civil;Faculdade Alis de Itabirito;MG;701;Privada;;;601-700;7.9;;;701-800;1.43;;;301-350;4.7;;;601-700;1.77;;;;;
2024;engenharia-civil;Faculdade Impacto de Porangatu;GO;701;Privada;;;701-800;6.13;;;501-600;3.31;;;601-700;1.49;;;701-800;1.33;;;;;
2024;engenharia-civil;Faculdade Anhanguera de Primavera do Leste;MT;701;Privada;;;701-800;5.59;;;701-800;0.84;;;601-700;1.72;;;501-600;3.03;;;;;
2024;engenharia-civil;Faculdade de Integração do Sertão;PE;701;Privada;;;601-700;8.02;;;501-600;2.8;;;351-400;4.34;;;701-800;0.88;;;;;
2024;engenharia-civil;Faculdade Esamc Campinas;SP;701;Privada;;;701-800;6.32;;;251-300;5.22;;;701-800;0.6;;;701-800;0.5;;;;;
2024;engenharia-civil;Faculdade Esamc Sorocaba;SP;701;Privada;;;701-800;6.85;;;501-600;2.72;;;501-600;2.43;;;601-700;1.7;;;;;
2024;engenharia-civil;Faculdade de Itaituba;PA;701;Privada;;;701-800;6.24;;;501-600;2.95;;;401-500;3.25;;;801-900;0.04;;;;;
2024;engenharia-civil;Centro Universitário do Triângulo;MG;701;Privada;;;601-700;7.56;;;351-400;4.52;;;501-600;2.72;;;801-900;0.32;;;;;
2024;engenharia-civil;Centro Universitário Estácio de São Luís;MA;701;Privada;;;701-800;5.38;;;701-800;0.99;;;601-700;2.08;;;601-700;2.31;;;;;
2024;engenharia-civil;Faculdade de Palmas;TO;701;Privada;;;701-800;5.78;;;301-350;4.92;;;701-800;0.79;;;801-900;0.07;;;;;
2024;engenharia-civil;Centro de Ensino Superior do Amapá;AP;701;Privada;;;601-700;7.97;;;251-300;5.2;;;601-700;1.97;;;701-800;0.8;;;;;
2024;engenharia-civil;Centro Universitário de Patos;PB;701;Privada;;;701-800;6.96;;;501-600;3.06;;;701-800;1.02;;;501-600;2.88;;;;;
2024;engenharia-civil;Faculdade Lusófona de São Paulo;SP;701;Privada;;;701-800;5.98;;;401-500;3.47;;;701-800;0.41;;;601-700;2.1;;;;;
2024;engenharia-civil;Faculdade Santo Agostinho de Vitória da Conquista;BA;701;Privada;;;701-800;7.23;;;351-400;4.62;;;501-600;2.42;;;801-900;0.19;;;;;
2024;engenharia-civil;Faculdade Unibras do Pará;PA;701;Privada;;;701-800;6.82;;;501-600;2.95;;;401-500;3.25;;;701-800;0.62;;;;;
2024;engenharia-civil;Faculdade Uniguaçu;PR;701;Privada;;;601-700;7.77;;;601-700;1.72;;;401-500;3.35;;;501-600;2.7;;;;;
2024;engenharia-civil;Centro de Ensino Superior de Altamira;PA;701;Privada;;;601-700;7.69;;;501-600;2.95;;;401-500;3.55;;;701-800;1.19;;;;;
2024;engenharia-civil;Faculdade Estácio do Pantanal;MT;701;Privada;;;701-800;6.17;;;701-800;0.84;;;401-500;4.02;;;701-800;1.31;;;;;
2024;engenharia-civil;Instituto Salvador de Ensino e Cultura;BA;701;Privada;;;701-800;4.94;;;801-900;0.28;;;601-700;2.22;;;501-600;2.44;;;;;
2024;engenharia-civil;Faculdade Integrada de Palmeiras de Goiás;GO;701;Privada;;;701-800;6.39;;;501-600;3.31;;;601-700;2.09;;;701-800;0.99;;;;;
2024;engenharia-civil;Faculdades Integradas da América do Sul;GO;701;Privada;;;701-800;6.1;;;501-600;3.31;;;601-700;1.74;;;701-800;1.05;;;;;
2024;engenharia-civil;Faculdade Anhanguera de Jequié;BA;701;Privada;;;701-800;6.11;;;801-900;0.28;;;601-700;1.99;;;401-500;3.84;;;;;
2024;engenharia-civil;Faculdade do Rio de Janeiro;RJ;701;Privada;;;701-800;5.66;;;701-800;1.1;;;501-600;2.43;;;601-700;2.13;;;;;
2024;engenharia-civil;Centro de Ensino Unificado do Piauí;PI;701;Privada;;;601-700;8.01;;;351-400;4.29;;;601-700;1.8;;;601-700;1.92;;;;;
2024;engenharia-civil;Faculdade do Maranhão;MA;701;Privada;;;701-800;6.45;;;701-800;0.99;;;501-600;2.74;;;501-600;2.72;;;;;
2024;engenharia-civil;Instituto Paraibano de Ensino Renovado;PB;701;Privada;;;701-800;7.5;;;501-600;3.06;;;;;;;351-400;4.44;;;;;
2024;engenharia-civil;Centro Universitário das Américas;SP;701;Privada;;;701-800;6.33;;;701-800;0.99;;;801-900;0.21;;;301-350;5.13;;;;;
2024;engenharia-civil;Faculdade Santo Agostinho;MG;701;Privada;;;701-800;5.67;;;401-500;4.11;;;701-800;1.17;;;801-900;0.39;;;;;
2024;engenharia-civil;Faculdade Estácio de Santo André;SP;701;Privada;;;701-800;4.95;;;701-800;0.69;;;801-900;0.18;;;401-500;4.08;;;;;
2024;engenharia-civil;Faculdade Anhanguera de Sorriso;MT;701;Privada;;;701-800;7.45;;;701-800;0.84;;;401-500;3.36;;;501-600;3.25;;;;;
2024;engenharia-civil;Faculdade Estácio do Amapá;AP;701;Privada;;;601-700;7.92;;;501-600;2.97;;;601-700;2.21;;;501-600;2.74;;;;;
2024;engenharia-civil;Centro Universitário da Fundação Educacional Guaxupé;MG;701;Privada;;;701-800;6.81;;;401-500;3.46;;;701-800;0.77;;;501-600;2.58;;;;;
2024;engenharia-civil;Faculdade Anhanguera de Governador Valadares;MG;701;Privada;;;601-700;7.68;;;701-800;1.43;;;401-500;4.11;;;601-700;2.14;;;;;
2024;engenharia-civil;Faculdade de Guarantã do Norte;MT;701;Privada;;;701-800;7.38;;;701-800;0.84;;;251-300;5.53;;;701-800;1.01;;;;;
2024;engenharia-civil;Faculdade de Administração e Negócios de Sergipe;SE;701;Privada;;;701-800;4.7;;;701-800;0.9;;;701-800;1.28;;;501-600;2.52;;;;;
2024;engenharia-civil;Faculdade Quirinópolis;GO;701;Privada;;;701-800;7.02;;;501-600;3.31;;;401-500;3.48;;;801-900;0.23;;;;;
2024;engenharia-civil;Faculdade da Amazônia de Porto Velho;RO;701;Privada;;;701-800;4.96;;;501-600;2.57;;;501-600;2.3;;;801-900;0.09;;;;;
2024;engenharia-civil;Centro Universitário do Planalto de Araxá;MG;701;Privada;;;701-800;6.36;;;301-350;4.82;;;701-800;1.03;;;701-800;0.51;;;;;
2024;engenharia-civil;Faculdade da Serra Gaúcha de Bento Gonçalves;RS;701;Privada;;;701-800;5.15;;;601-700;1.9;;;801-900;0.28;;;501-600;2.97;;;;;
2024;engenharia-civil;Centro Universitário da Região da Campanha;RS;701;Privada;;;701-800;5.21;;;351-400;4.58;;;801-900;0.35;;;801-900;0.28;;;;;
2024;engenharia-civil;Faculdades Integradas de Garanhuns;PE;701;Municipal;;;701-800;6.76;;;501-600;2.8;;;601-700;1.48;;;501-600;2.48;;;;;
2024;engenharia-civil;Centro Universitário Tiradentes de Pernambuco;PE;701;Privada;;;601-700;8.01;;;401-500;3.65;;;801-900;0.33;;;401-500;4.03;;;;;
2024;engenharia-civil;Faculdade Sinergia;SC;701;Privada;;;701-800;5.78;;;501-600;2.4;;;701-800;0.39;;;501-600;2.99;;;;;
2024;engenharia-civil;Centro Universitário Fai;SC;701;Privada;;;701-800;5.42;;;351-400;4.4;;;701-800;0.42;;;701-800;0.6;;;;;
2024;engenharia-civil;Faculdade Anhanguera de Teixeira de Freitas;BA;701;Privada;;;701-800;6.85;;;701-800;0.7;;;501-600;2.45;;;401-500;3.7;;;;;
2024;engenharia-civil;Faculdade de Dracena;SP;701;Privada;;;701-800;6.04;;;701-800;0.69;;;351-400;4.19;;;701-800;1.16;;;;;
2024;engenharia-civil;Centro Universitário Opet;PR;701;Privada;;;601-700;7.99;;;351-400;4.46;;;701-800;1.23;;;601-700;2.3;;;;;
2024;engenharia-civil;Centro Universitário Estácio Meta de Rio Branco Estácio;AC;701;Privada;;;701-800;5.33;;;601-700;2.12;;;501-600;2.39;;;701-800;0.82;;;;;
2024;engenharia-civil;Faculdade Presidente Antônio Carlos de Conselheiro Lafaiete;MG;701;Privada;;;701-800;6.46;;;401-500;3.57;;;601-700;1.93;;;701-800;0.96;;;;;
2024;engenharia-civil;Faculdade Sapiens;RO;701;Privada;;;701-800;6.63;;;501-600;2.57;;;501-600;2.46;;;601-700;1.6;;;;;
2024;engenharia-civil;Centro Universitário Mário Palmério;MG;701;Privada;;;601-700;7.86;;;501-600;2.66;;;351-400;4.28;;;701-800;0.92;;;;;
2024;engenharia-civil;Centro Universitário Unihorizontes;MG;701;Privada;;;701-800;6.74;;;301-350;4.78;;;801-900;0.24;;;601-700;1.72;;;;;
2024;engenharia-civil;Faculdade Uninassau Vitória da Conquista;BA;701;Privada;;;701-800;7.18;;;801-900;0.28;;;601-700;2.21;;;351-400;4.69;;;;;
2024;engenharia-civil;Centro Universitário Fip-moc;MG;701;Privada;;;701-800;6.87;;;501-600;3.09;;;601-700;1.57;;;601-700;2.21;;;;;
2024;engenharia-civil;Faculdade Cosmopolita;PA;701;Privada;;;601-700;7.83;;;501-600;2.95;;;501-600;2.78;;;601-700;2.1;;;;;
2024;engenharia-civil;Faculdade Fasipe de Rondonópolis;MT;701;Privada;;;701-800;6.49;;;701-800;0.84;;;351-400;4.59;;;701-800;1.06;;;;;
2024;engenharia-civil;Centro Universitário de Araras;SP;701;Privada;;;701-800;7.2;;;601-700;1.99;;;501-600;2.3;;;501-600;2.91;;;;;
2024;engenharia-civil;Faculdade Ibiapaba;CE;801;Privada;;;801-900;3.8;;;401-500;3.8;;;;;;;;;;;;;
2024;engenharia-civil;Faculdade Alfaunipac de Almenara;MG;801;Privada;;;801-900;3.3;;;601-700;1.91;;;601-700;1.38;;;801-900;0.01;;;;;
2024;engenharia-civil;Faculdade Presidente Antônio Carlos de Ponte Nova;MG;801;Privada;;;801-900;4.08;;;701-800;1.43;;;601-700;1.81;;;701-800;0.84;;;;;
2024;engenharia-civil;Universidade Salgado de Oliveira;RJ;801;Privada;;;801-900;4.15;;;601-700;2;;;701-800;0.65;;;601-700;1.5;;;;;
2024;engenharia-civil;Centro Universitário do Sudeste Mineiro;MG;801;Privada;;;801-900;2.52;;;701-800;1.43;;;801-900;0.15;;;701-800;0.94;;;;;
2024;engenharia-civil;Faculdade São Francisco de Assis;RS;801;Privada;;;801-900;4.11;;;601-700;1.9;;;701-800;0.76;;;601-700;1.45;;;;;
2024;engenharia-civil;Faculdade Cnec Unaí;MG;801;Privada;;;801-900;4.02;;;601-700;1.92;;;;;;;601-700;2.1;;;;;
2024;engenharia-civil;Faculdade de Rolim de Moura;RO;801;Privada;;;801-900;3.53;;;501-600;2.57;;;701-800;0.9;;;801-900;0.06;;;;;
2024;engenharia-civil;Faculdade de Ciências Gerenciais Alves Fortes;MG;801;Privada;;;801-900;2.73;;;501-600;2.6;;;801-900;0.02;;;801-900;0.11;;;;;
2024;engenharia-civil;Instituto Municipal de Ensino Superior de Assis;SP;801;Municipal;;;801-900;2.29;;;701-800;0.69;;;701-800;0.55;;;701-800;1.05;;;;;
2024;engenharia-civil;Centro Universitário Metropolitano de Maringá;PR;801;Privada;;;801-900;3;;;601-700;1.72;;;801-900;0.3;;;701-800;0.98;;;;;
2024;engenharia-civil;Faculdade Santo Antônio de Queimadas;BA;801;Privada;;;801-900;1.3;;;801-900;0.28;;;701-800;0.98;;;801-900;0.04;;;;;
2024;engenharia-civil;Faculdade da Região Sisaleira;BA;801;Privada;;;801-900;1.16;;;801-900;0.28;;;801-900;0.07;;;701-800;0.81;;;;;
2024;engenharia-civil;Faculdade Metodista Conexional;MT;801;Privada;;;801-900;2.32;;;701-800;0.84;;;701-800;1.12;;;801-900;0.36;;;;;
2024;engenharia-civil;Faculdade São Joaquim da Barra;SP;801;Privada;;;801-900;2.33;;;701-800;0.69;;;801-900;0.01;;;601-700;1.63;;;;;
2024;engenharia-civil;Faculdade Pinhalzinho;SC;801;Privada;;;801-900;4.17;;;501-600;2.4;;;701-800;1.14;;;701-800;0.63;;;;;
2024;engenharia-civil;Faculdade UMFG;PR;801;Privada;;;801-900;3.86;;;601-700;1.72;;;701-800;0.62;;;601-700;1.52;;;;;
2024;engenharia-civil;Faculdade de Engenharia e Administração Paulista;SP;801;Privada;;;801-900;1.58;;;701-800;0.69;;;801-900;0.25;;;701-800;0.64;;;;;
2024;engenharia-civil;Instituto Tecnológico e das Ciências Sociais Aplicadas e da Saúde do Centro Educ. N. Srª Auxiliadora;RJ;801;Privada;;;801-900;4.26;;;701-800;1.1;;;701-800;0.74;;;501-600;2.42;;;;;
2024;engenharia-civil;Centro Universitário Tabosa de Almeida;PE;801;Privada;;;801-900;2.8;;;501-600;2.8;;;;;;;;;;;;;
2024;engenharia-civil;Instituto Cuiabá de Ensino e Cultura;MT;801;Privada;;;801-900;2.95;;;701-800;0.84;;;601-700;1.53;;;701-800;0.58;;;;;
2024;engenharia-civil;Faculdade Uniftb;SE;801;Privada;;;801-900;0.9;;;701-800;0.9;;;;;;;;;;;;;
2024;engenharia-civil;Faculdade Autônoma do Brasil - Maceió;AL;801;Privada;;;801-900;1.47;;;601-700;1.47;;;;;;;;;;;;;
2024;engenharia-civil;Faculdade União Cultural do Estado de São Paulo;SP;801;Privada;;;801-900;0.69;;;701-800;0.69;;;;;;;;;;;;;
2024;engenharia-civil;Centro de Ensino Superior Riograndese;RS;801;Privada;;;801-900;4.24;;;601-700;1.9;;;701-800;0.82;;;601-700;1.52;;;;;
2024;engenharia-civil;Centro Universitário Unifapi;PR;801;Privada;;;801-900;2.05;;;601-700;1.72;;;801-900;0.31;;;801-900;0.02;;;;;
2024;engenharia-civil;Centro Universitário Cambury;GO;801;Privada;;;801-900;3.64;;;501-600;3.31;;;801-900;0.03;;;801-900;0.3;;;;;
2024;engenharia-civil;Faculdade Regional de Leopoldina;MG;801;Privada;;;801-900;2.88;;;701-800;1.43;;;701-800;0.8;;;701-800;0.65;;;;;
2024;engenharia-civil;Faculdade Dom Pedro II de Sergipe;SE;801;Privada;;;801-900;4.44;;;701-800;0.9;;;401-500;3.25;;;801-900;0.29;;;;;
2024;engenharia-civil;Centro Universitário de Paulínia;SP;801;Privada;;;801-900;3.24;;;701-800;1.01;;;601-700;1.55;;;701-800;0.68;;;;;
2024;engenharia-civil;Faculdade de Ampére;PR;801;Privada;;;801-900;4.53;;;601-700;1.72;;;501-600;2.69;;;801-900;0.12;;;;;
2024;engenharia-civil;Faculdade Paschoal Dantas;SP;801;Privada;;;801-900;2.79;;;701-800;0.69;;;;;;;601-700;2.1;;;;;
2024;engenharia-civil;Faculdade Bahiana de Engenharia e Ciências Sociais Aplicadas;BA;801;Privada;;;801-900;1.45;;;801-900;0.28;;;801-900;0.12;;;701-800;1.05;;;;;
2024;engenharia-civil;Faculdade Vale do Aço;MA;801;Privada;;;801-900;2.9;;;701-800;0.99;;;601-700;1.66;;;801-900;0.25;;;;;
2024;engenharia-civil;Faculdade Irecê;BA;801;Privada;;;801-900;0.71;;;801-900;0.28;;;801-900;0.19;;;801-900;0.24;;;;;
2024;engenharia-civil;Faculdade Metodista Granbery;MG;801;Privada;;;801-900;3.39;;;701-800;1.43;;;701-800;0.45;;;601-700;1.51;;;;;
2024;engenharia-civil;Faculdade ABC de Goiânia;GO;801;Privada;;;801-900;3.31;;;501-600;3.31;;;;;;;;;;;;;
2024;engenharia-civil;Centro de Ensino Superior de Ilhéus;BA;801;Privada;;;801-900;3.85;;;801-900;0.28;;;501-600;2.81;;;701-800;0.76;;;;;
2024;engenharia-civil;Centro Universitário La Salle;MT;801;Privada;;;801-900;3.91;;;701-800;0.84;;;601-700;1.83;;;701-800;1.24;;;;;
2024;engenharia-civil;Faculdade Eduvale de Avaré;SP;801;Privada;;;801-900;2.49;;;701-800;0.69;;;701-800;1.11;;;701-800;0.69;;;;;
2024;engenharia-civil;Faculdade Santo Antônio SP;SP;801;Privada;;;801-900;0.69;;;701-800;0.69;;;;;;;;;;;;;
2024;engenharia-civil;Faculdade de Tecnologia Porto das Monções;SP;801;Privada;;;801-900;2.93;;;601-700;2.21;;;701-800;0.67;;;801-900;0.05;;;;;
2024;engenharia-civil;Centro Universitário Max Planck;SP;801;Privada;;;801-900;2.62;;;701-800;0.69;;;701-800;0.75;;;701-800;1.18;;;;;
2024;engenharia-civil;Faculdade Esamc São Paulo;SP;801;Privada;;;801-900;2.04;;;701-800;0.69;;;701-800;0.52;;;701-800;0.83;;;;;
2024;engenharia-civil;Faculdade de Castelo;ES;801;Privada;;;801-900;3.63;;;601-700;2.2;;;701-800;0.98;;;701-800;0.45;;;;;
2024;engenharia-civil;Faculdade de Ciências Sociais Aplicadas de Extrema;MG;801;Privada;;;701-800;4.59;;;401-500;3.62;;;801-900;0.08;;;701-800;0.89;;;;;
2024;engenharia-civil;Faculdade Unibrasília;DF;801;Privada;;;801-900;3.12;;;601-700;2.06;;;701-800;0.92;;;801-900;0.14;;;;;
2024;engenharia-civil;Faculdade Cnec Capitão Lemos Cunha;RJ;801;Privada;;;801-900;1.1;;;701-800;1.1;;;;;;;;;;;;;
2024;engenharia-civil;Centro de Ensino Superior de Arcoverde;PE;801;Municipal;;;801-900;3.33;;;501-600;2.8;;;;;;;701-800;0.53;;;;;
2024;engenharia-civil;Centro Universitário U:verse;AC;801;Privada;;;801-900;2.93;;;601-700;2.12;;;801-900;0.22;;;701-800;0.59;;;;;
2024;engenharia-civil;Centro Universitário São Roque;SP;801;Privada;;;801-900;3.14;;;701-800;0.69;;;601-700;1.98;;;701-800;0.47;;;;;
2024;engenharia-civil;Faculdade Presidente Antônio Carlos de Teófilo Otoni;MG;801;Privada;;;701-800;4.58;;;401-500;3.97;;;801-900;0.33;;;801-900;0.28;;;;;
2024;engenharia-civil;Faculdade Unibras do Mato Grosso;MT;801;Privada;;;801-900;3.65;;;701-800;0.84;;;501-600;2.64;;;801-900;0.17;;;;;
2025;engenharia-civil;Universidade de São Paulo;SP;1;Estadual;1;30;1;68.9;;;36;7.66;;;1;8;;;11;7.9;1;40;1;81;5.34
2025;engenharia-civil;Universidade Federal do Rio de Janeiro;RJ;2;Federal;5;29.6;2;66.89;;;3;7.98;;;1;8;;;64;7.38;2;39.09;2;191;4.44
2025;engenharia-civil;Universidade Estadual de Campinas;SP;3;Estadual;5;29.6;3;65.54;;;7;7.94;;;1;8;;;17;7.84;2;39.09;3;401-500;2.67
2025;engenharia-civil;Universidade Federal do Rio Grande do Sul;RS;4;Federal;5;29.6;4;65.29;;;18;7.83;;;1;8;;;20;7.81;4;37.27;4;198;4.38
2025;engenharia-civil;Universidade Federal de Minas Gerais;MG;5;Federal;2;29.9;5;64.15;;;2;7.99;;;201-250;5.87;;;14;7.87;4;37.27;5;105;5.15
2025;engenharia-civil;Universidade Federal de Santa Catarina;SC;6;Federal;14;28.7;6;63.81;;;33;7.69;;;1;8;;;25;7.77;6;35.46;6;136;4.89
2025;engenharia-civil;Universidade de Brasília;DF;7;Federal;14;28.7;8;62.18;;;5;7.96;;;1;8;;;27;7.75;8;33.64;7;143;4.83
2025;engenharia-civil;Universidade Estadual Paulista Júlio de Mesquita Filho;SP;8;Estadual;14;28.7;9;61.58;;;36;7.66;;;1;8;;;8;7.93;8;33.64;8;201-250;4.35
2025;engenharia-civil;Universidade Federal de São Carlos;SP;9;Federal;14;28.7;10;61.51;;;11;7.9;;;1;8;;;9;7.92;8;33.64;9;201-250;4.05
2025;engenharia-civil;Instituto Tecnológico de Aeronáutica;SP;10;Federal;32;26.9;7;63.14;;;1;8;;;201-250;5.8;;;13;7.88;6;35.46;10;1;6
2025;engenharia-civil;Universidade Federal do Ceará;CE;11;Federal;5;29.6;11;59.11;;;31;7.71;;;201-250;5.86;;;69;7.33;8;33.64;11;175;4.57
2025;engenharia-civil;Universidade Federal do Paraná;PR;12;Federal;5;29.6;13;57.37;;;22;7.8;;;1;8;;;31;7.71;13;29.09;12;151;4.77
2025;engenharia-civil;Universidade Federal de Pernambuco;PE;13;Federal;14;28.7;14;57.34;;;10;7.91;;;1;8;;;67;7.35;13;29.09;13;124;4.99
2025;engenharia-civil;Universidade Federal da Bahia;BA;14;Federal;5;29.6;20;55.51;;;25;7.77;;;1;8;;;134;6.7;13;29.09;14;251-300;3.95
2025;engenharia-civil;Universidade Federal Fluminense;RJ;15;Federal;14;28.7;18;55.97;;;24;7.78;;;1;8;;;29;7.73;13;29.09;15;301-350;3.37
2025;engenharia-civil;Universidade Tecnológica Federal do Paraná;PR;16;Federal;14;28.7;19;55.57;;;67;7.36;;;1;8;;;68;7.34;13;29.09;16;251-300;3.78
2025;engenharia-civil;Universidade Estadual de Londrina;PR;17;Estadual;32;26.9;15;57.23;;;39;7.63;;;1;8;;;98;7.05;13;29.09;17;67;5.46
2025;engenharia-civil;Pontifícia Universidade Católica do Rio de Janeiro;RJ;18;Privada;14;28.7;21;55.31;;;43;7.59;;;601-700;1.56;;;51;7.51;8;33.64;1;122;5.01
2025;engenharia-civil;Universidade Federal de Viçosa;MG;19;Federal;32;26.9;16;56.74;;;9;7.92;;;1;8;;;53;7.49;13;29.09;18;201-250;4.24
2025;engenharia-civil;Universidade do Vale do Rio dos Sinos;RS;20;Privada;14;28.7;24;53.49;;;135;6.69;;;251-300;5.29;;;34;7.68;13;29.09;2;154;4.74
2025;engenharia-civil;Pontifícia Universidade Católica do Paraná;PR;21;Privada;5;29.6;25;52.04;;;76;7.27;;;301-350;4.81;;;176;6.28;13;29.09;3;173;4.59
2025;engenharia-civil;Universidade Federal de Santa Maria;RS;22;Federal;79;22.2;12;57.42;;;21;7.81;;;1;8;;;23;7.78;13;29.09;19;154;4.74
2025;engenharia-civil;Universidade Presbiteriana Mackenzie;SP;23;Privada;2;29.9;27;49.49;;;128;6.76;;;501-600;2.08;;;165;6.39;13;29.09;4;102;5.17
2025;engenharia-civil;Universidade Federal de Campina Grande;PB;24;Federal;79;22.2;22;54.95;;;71;7.32;;;1;8;;;77;7.26;13;29.09;20;301-350;3.28
2025;engenharia-civil;Centro Universitário Funorte;MG;25;Privada;79;22.2;23;54.15;;;351-400;4.57;;;1;8;;;82;7.21;13;29.09;5;89;5.28
2025;engenharia-civil;Universidade Estadual de Maringá;PR;26;Estadual;14;28.7;30;43.14;;;59;7.43;;;1;8;;;87;7.16;29;14.55;21;1;6
2025;engenharia-civil;Universidade Federal de Goiás;GO;27;Federal;14;28.7;32;42.6;;;23;7.79;;;1;8;;;43;7.59;29;14.55;22;163;4.67
2025;engenharia-civil;Universidade Federal da Paraíba;PB;28;Federal;32;26.9;29;44.37;;;4;7.97;;;1;8;;;16;7.85;29;14.55;23;1;6
2025;engenharia-civil;Universidade Federal de Ouro Preto;MG;29;Federal;32;26.9;31;42.96;;;39;7.63;;;1;8;;;32;7.7;29;14.55;24;113;5.08
2025;engenharia-civil;Universidade Federal de Alagoas;AL;30;Federal;32;26.9;33;42.02;;;28;7.74;;;1;8;;;61;7.41;29;14.55;25;201-250;4.32
2025;engenharia-civil;Universidade Estadual de Ponta Grossa;PR;31;Estadual;32;26.9;34;41.38;;;47;7.55;;;1;8;;;144;6.6;29;14.55;26;162;4.68
2025;engenharia-civil;Universidade do Estado do Rio de Janeiro;RJ;32;Estadual;14;28.7;36;38.33;;;29;7.73;;;201-250;5.64;;;46;7.56;29;14.55;27;351-400;2.85
2025;engenharia-civil;Pontifícia Universidade Católica do Rio Grande do Sul;RS;33;Privada;14;28.7;37;34.61;;;121;6.83;;;601-700;1.74;;;125;6.78;29;14.55;6;158;4.71
2025;engenharia-civil;Centro Universitário do Instituto Mauá de Tecnologia;SP;34;Privada;14;28.7;38;34.19;;;35;7.67;;;701-800;0.89;;;168;6.36;29;14.55;7;157;4.72
2025;engenharia-civil;Universidade de Fortaleza;CE;35;Privada;14;28.7;43;31.27;;;146;6.59;;;501-600;2.05;;;301-350;4.92;29;14.55;8;301-350;3.16
2025;engenharia-civil;Pontifícia Universidade Católica de Campinas;SP;36;Privada;32;26.9;39;32.82;;;149;6.56;;;701-800;0.54;;;142;6.62;29;14.55;9;178;4.55
2025;engenharia-civil;Universidade Estácio de Sá;RJ;37;Privada;32;26.9;40;32.37;;;401-500;3.38;;;401-500;3.04;;;56;7.46;29;14.55;10;251-300;3.94
2025;engenharia-civil;Universidade Tiradentes;SE;38;Privada;32;26.9;42;31.32;;;251-300;5.17;;;601-700;2.03;;;201-250;5.79;29;14.55;11;251-300;3.78
2025;engenharia-civil;Universidade Federal do Espírito Santo;ES;39;Federal;14;28.7;50;28.01;;;8;7.93;;;1;8;;;40;7.62;;;28;189;4.46
2025;engenharia-civil;Universidade Estadual do Norte Fluminense Darcy Ribeiro;RJ;40;Estadual;;;17;56.65;;;26;7.76;;;1;8;;;1;8;13;29.09;29;251-300;3.8
2025;engenharia-civil;Universidade do Vale do Itajaí;SC;41;Privada;32;26.9;45;29.19;;;199;6.07;;;501-600;2.79;;;401-500;3.27;29;14.55;12;401-500;2.51
2025;engenharia-civil;Universidade Estadual do Oeste do Paraná;PR;42;Estadual;32;26.9;46;28.74;;;46;7.56;;;1;8;;;85;7.18;;;30;1;6
2025;engenharia-civil;Universidade Federal do Rio Grande do Norte;RN;43;Federal;32;26.9;52;27.86;;;12;7.89;;;1;8;;;44;7.58;;;31;197;4.39
2025;engenharia-civil;Universidade Federal do Maranhão;MA;44;Federal;32;26.9;53;27.78;;;130;6.74;;;1;8;;;99;7.04;;;32;1;6
2025;engenharia-civil;Universidade Federal de Sergipe;SE;45;Federal;32;26.9;54;27.64;;;30;7.72;;;1;8;;;57;7.45;;;33;187;4.47
2025;engenharia-civil;Universidade Federal do Pará;PA;46;Federal;32;26.9;58;27.41;;;93;7.1;;;1;8;;;94;7.09;;;34;96;5.22
2025;engenharia-civil;Universidade de Uberaba;MG;47;Privada;79;22.2;41;31.94;;;97;7.06;;;501-600;2.96;;;501-600;2.34;29;14.55;13;119;5.03
2025;engenharia-civil;Universidade Federal do Piauí;PI;48;Federal;32;26.9;60;27.22;;;16;7.85;;;1;8;;;163;6.41;;;35;128;4.96
2025;engenharia-civil;Universidade Federal de Mato Grosso;MT;49;Federal;32;26.9;68;26.44;;;42;7.6;;;1;8;;;201-250;5.7;;;36;106;5.14
2025;engenharia-civil;Universidade Federal do Amazonas;AM;50;Federal;32;26.9;69;26.38;;;68;7.35;;;1;8;;;182;6.23;;;37;147;4.8
2025;engenharia-civil;Pontifícia Universidade Católica de São Paulo;SP;51;Privada;5;29.6;105;22.6;;;194;6.12;;;301-350;4.79;;;52;7.5;;;14;201-250;4.19
2025;engenharia-civil;Universidade Federal de Lavras;MG;52;Federal;79;22.2;44;29.29;;;65;7.38;;;1;8;;;10;7.91;;;38;1;6
2025;engenharia-civil;Universidade Cesumar;PR;53;Privada;14;28.7;117;22.26;;;251-300;5.09;;;301-350;4.97;;;132;6.72;;;15;64;5.48
2025;engenharia-civil;Universidade Federal de Uberlândia;MG;54;Federal;79;22.2;47;28.33;;;52;7.5;;;1;8;;;15;7.86;;;39;126;4.97
2025;engenharia-civil;Universidade Federal de Juiz de Fora;MG;55;Federal;79;22.2;49;28.15;;;15;7.86;;;1;8;;;35;7.67;;;40;169;4.62
2025;engenharia-civil;Universidade Federal de Itajubá;MG;56;Federal;79;22.2;51;27.99;;;62;7.41;;;1;8;;;22;7.79;;;41;148;4.79
2025;engenharia-civil;Instituto Federal de Educação, Ciência e Tecnologia de Santa Catarina;SC;57;Federal;;;26;50.13;;;96;7.07;;;201-250;5.67;;;301-350;4.83;13;29.09;42;301-350;3.47
2025;engenharia-civil;Fundação Universidade Federal do Vale do São Francisco;PE;58;Federal;79;22.2;55;27.61;;;27;7.75;;;1;8;;;93;7.1;;;43;152;4.76
2025;engenharia-civil;Centro Universitário da Fundação Educacional Inaciana Pe Sabóia de Medeiros;SP;59;Privada;32;26.9;99;22.88;;;101;7.02;;;501-600;2.8;;;37;7.65;;;16;73;5.41
2025;engenharia-civil;Centro Universitário Christus;CE;60;Privada;79;22.2;56;27.56;;;49;7.53;;;1;8;;;125;6.78;;;17;92;5.25
2025;engenharia-civil;Universidade Federal de Roraima;RR;61;Federal;79;22.2;57;27.5;;;60;7.42;;;1;8;;;107;6.96;;;44;108;5.12
2025;engenharia-civil;Universidade Federal do Cariri;CE;62;Federal;79;22.2;58;27.41;;;50;7.52;;;1;8;;;79;7.24;;;45;165;4.65
2025;engenharia-civil;Universidade Estadual de Goiás;GO;63;Estadual;32;26.9;111;22.47;;;87;7.16;;;1;8;;;251-300;5.53;;;46;501-600;1.78
2025;engenharia-civil;Universidade Federal do Rio Grande;RS;63;Federal;79;22.2;61;27.17;;;91;7.12;;;1;8;;;55;7.47;;;46;174;4.58
2025;engenharia-civil;Fundação Universidade do Estado de Santa Catarina;SC;65;Estadual;32;26.9;112;22.43;;;19;7.82;;;351-400;4.34;;;185;6.2;;;48;201-250;4.07
2025;engenharia-civil;Universidade Federal do Triângulo Mineiro;MG;66;Federal;79;22.2;64;26.85;;;34;7.68;;;1;8;;;21;7.8;;;49;301-350;3.37
2025;engenharia-civil;Universidade Federal de São João Del Rei;MG;67;Federal;79;22.2;65;26.8;;;63;7.4;;;1;8;;;12;7.89;;;50;301-350;3.51
2025;engenharia-civil;Faculdade Feitep;PR;68;Privada;79;22.2;66;26.49;;;201-250;5.74;;;1;8;;;1;8;;;18;153;4.75
2025;engenharia-civil;Universidade Federal de Catalão;GO;69;Federal;79;22.2;67;26.45;;;141;6.63;;;1;8;;;49;7.53;;;51;201-250;4.29
2025;engenharia-civil;Universidade de Pernambuco;PE;70;Estadual;32;26.9;135;21.44;;;57;7.45;;;251-300;5.44;;;201-250;5.64;;;52;351-400;2.91
2025;engenharia-civil;Universidade Positivo;PR;71;Privada;32;26.9;136;21.42;;;117;6.87;;;401-500;3.74;;;194;6.11;;;19;159;4.7
2025;engenharia-civil;Fundação Universidade Federal de Rondônia;RO;72;Federal;79;22.2;70;26.04;;;70;7.33;;;1;8;;;301-350;4.71;;;53;1;6
2025;engenharia-civil;Universidade do Estado de Mato Grosso Carlos Alberto Reyes Maldonado;MT;73;Estadual;32;26.9;147;21.04;;;201-250;5.93;;;1;8;;;401-500;3.47;;;54;251-300;3.64
2025;engenharia-civil;Universidade Federal de Mato Grosso do Sul;MS;74;Federal;79;22.2;73;25.64;;;55;7.47;;;201-250;5.69;;;38;7.64;;;55;142;4.84
2025;engenharia-civil;Universidade Veiga de Almeida;RJ;75;Privada;32;26.9;151;20.89;;;192;6.14;;;401-500;3.35;;;124;6.79;;;20;170;4.61
2025;engenharia-civil;Universidade Estadual de Santa Cruz;BA;76;Estadual;79;22.2;82;24.34;;;32;7.7;;;1;8;;;130;6.74;;;56;401-500;1.9
2025;engenharia-civil;Universidade Estadual do Maranhão;MA;77;Estadual;32;26.9;191;19.59;;;107;6.97;;;201-250;5.72;;;601-700;1.8;;;57;111;5.1
2025;engenharia-civil;Universidade de Caxias do Sul;RS;78;Privada;32;26.9;194;19.55;;;152;6.53;;;501-600;2.81;;;201-250;5.85;;;21;201-250;4.36
2025;engenharia-civil;Centro Federal de Educação Tecnológica de Minas Gerais;MG;79;Federal;79;22.2;83;24.14;;;83;7.2;;;1;8;;;251-300;5.4;;;58;301-350;3.54
2025;engenharia-civil;Fundação Universidade Federal do Tocantins;TO;80;Federal;79;22.2;84;24.1;;;131;6.73;;;1;8;;;201-250;5.91;;;59;301-350;3.46
2025;engenharia-civil;Universidade Católica Dom Bosco;MS;81;Privada;32;26.9;201-250;19.15;;;108;6.96;;;301-350;4.98;;;251-300;5.27;;;22;401-500;1.94
2025;engenharia-civil;Universidade Federal dos Vales do Jequitinhonha e Mucuri;MG;82;Federal;79;22.2;88;23.78;;;301-350;4.78;;;1;8;;;187;6.18;;;60;145;4.82
2025;engenharia-civil;Universidade do Oeste Paulista;SP;83;Privada;79;22.2;89;23.74;;;132;6.72;;;301-350;4.99;;;133;6.71;;;23;84;5.32
2025;engenharia-civil;Centro Federal de Educação Tecnológica Celso Suckow da Fonseca;RJ;84;Federal;79;22.2;91;23.66;;;48;7.54;;;1;8;;;131;6.73;;;61;501-600;1.39
2025;engenharia-civil;Universidade Salvador;BA;85;Privada;32;26.9;201-250;18.93;;;195;6.11;;;251-300;5.18;;;190;6.15;;;24;501-600;1.49
2025;engenharia-civil;Pontifícia Universidade Católica de Minas Gerais;MG;86;Privada;5;29.6;301-350;16.21;;;142;6.62;;;601-700;1.24;;;301-350;4.58;;;25;251-300;3.77
2025;engenharia-civil;Universidade Federal do Acre;AC;87;Federal;79;22.2;93;23.41;;;109;6.95;;;1;8;;;351-400;4.21;;;62;201-250;4.25
2025;engenharia-civil;Universidade de Passo Fundo;RS;88;Privada;32;26.9;201-250;18.63;;;251-300;5.5;;;401-500;3.86;;;201-250;5.95;;;26;301-350;3.32
2025;engenharia-civil;Pontifícia Universidade Católica de Goiás;GO;89;Privada;14;28.7;251-300;16.68;;;201-250;5.89;;;501-600;2.93;;;351-400;4.5;;;27;301-350;3.36
2025;engenharia-civil;Centro Universitário Facvest;SC;90;Privada;79;22.2;97;23.03;;;401-500;3.76;;;1;8;;;117;6.86;;;28;195;4.41
2025;engenharia-civil;Universidade São Judas Tadeu;SP;90;Privada;32;26.9;201-250;18.33;;;301-350;4.93;;;351-400;4.41;;;63;7.39;;;28;501-600;1.6
2025;engenharia-civil;Universidade Estadual do Piauí;PI;92;Estadual;79;22.2;100;22.83;;;38;7.64;;;1;8;;;401-500;4.05;;;63;301-350;3.14
2025;engenharia-civil;Centro Universitário de Ensino, Ciência e Tecnologia do Paraná;PR;93;Privada;;;28;45.01;;;701-800;0.85;;;251-300;5.2;;;401-500;3.87;13;29.09;30;1;6
2025;engenharia-civil;Centro Universitário Uninovafapi;PI;94;Privada;79;22.2;101;22.8;;;201-250;5.83;;;1;8;;;138;6.66;;;31;401-500;2.31
2025;engenharia-civil;Centro Universitário Multivix Vitória;ES;95;Privada;79;22.2;102;22.75;;;151;6.54;;;251-300;5.05;;;251-300;5.16;;;32;1;6
2025;engenharia-civil;Universidade do Estado do Amazonas;AM;96;Estadual;79;22.2;103;22.74;;;84;7.19;;;1;8;;;201-250;5.89;;;64;501-600;1.66
2025;engenharia-civil;Centro Universitário Unidade de Ensino Superior Dom Bosco;MA;97;Privada;79;22.2;104;22.65;;;201-250;5.86;;;1;8;;;116;6.87;;;33;401-500;1.92
2025;engenharia-civil;Instituto Federal de Educação, Ciência e Tecnologia do Piauí;PI;98;Federal;79;22.2;106;22.58;;;16;7.85;;;1;8;;;501-600;2.81;;;65;251-300;3.92
2025;engenharia-civil;Centro Universitário Ceuni;AM;99;Privada;32;26.9;251-300;17.87;;;401-500;3.97;;;201-250;5.81;;;501-600;2.66;;;34;70;5.43
2025;engenharia-civil;Universidade Vila Velha;ES;100;Privada;32;26.9;251-300;17.84;;;104;7;;;501-600;2.47;;;301-350;4.64;;;35;251-300;3.73
2025;engenharia-civil;Instituto Federal de Educação, Ciência e Tecnologia do Ceará;CE;101;Federal;79;22.2;115;22.33;;;72;7.31;;;1;8;;;501-600;2.83;;;66;201-250;4.19
2025;engenharia-civil;Instituto Federal de Educação, Ciência e Tecnologia Sul-Rio-Grandense;RS;102;Federal;79;22.2;118;22.22;;;150;6.55;;;1;8;;;301-350;4.94;;;67;351-400;2.73
2025;engenharia-civil;Universidade Católica de Brasília;DF;103;Privada;32;26.9;251-300;17.26;;;201-250;5.76;;;601-700;1.42;;;170;6.34;;;36;251-300;3.74
2025;engenharia-civil;Centro Universitário do Rio Grande do Norte;RN;104;Privada;79;22.2;125;21.88;;;601-700;2.15;;;1;8;;;84;7.19;;;37;179;4.54
2025;engenharia-civil;Universidade Nove de Julho;SP;105;Privada;32;26.9;251-300;17.15;;;601-700;1.82;;;501-600;2.61;;;78;7.25;;;38;66;5.47
2025;engenharia-civil;Centro Universitário Projeção;DF;106;Privada;79;22.2;129;21.65;;;301-350;5.02;;;1;8;;;48;7.54;;;39;501-600;1.09
2025;engenharia-civil;Centro Universitário Antônio Eufrásio de Toledo de Presidente Prudente;SP;107;Privada;79;22.2;131;21.57;;;251-300;5.28;;;1;8;;;251-300;5.24;;;40;351-400;3.05
2025;engenharia-civil;Universidade do Grande Rio Professor José de Souza Herdy;RJ;108;Privada;79;22.2;133;21.54;;;201-250;5.92;;;1;8;;;251-300;5.48;;;41;401-500;2.14
2025;engenharia-civil;Centro Universitário de Excelência;BA;109;Privada;79;22.2;139;21.35;;;351-400;4.34;;;1;8;;;101;7.02;;;42;401-500;1.99
2025;engenharia-civil;Universidade Anhembi Morumbi;SP;110;Privada;32;26.9;301-350;16.46;;;301-350;4.86;;;401-500;3.39;;;162;6.42;;;43;501-600;1.79
2025;engenharia-civil;Universidade Fumec;MG;110;Privada;32;26.9;301-350;16.46;;;126;6.78;;;501-600;2.62;;;401-500;3.45;;;43;251-300;3.61
2025;engenharia-civil;Centro Universitário Sociesc;SC;112;Privada;79;22.2;146;21.05;;;177;6.28;;;251-300;5.15;;;161;6.43;;;45;301-350;3.19
2025;engenharia-civil;Centro Universitário Facisa;PB;113;Privada;79;22.2;155;20.83;;;251-300;5.49;;;1;8;;;351-400;4.17;;;46;301-350;3.17
2025;engenharia-civil;Universidade do Vale do Paraíba;SP;114;Privada;79;22.2;156;20.79;;;187;6.19;;;401-500;3.57;;;71;7.31;;;47;251-300;3.72
2025;engenharia-civil;Faculdade Pio Décimo;SE;115;Privada;79;22.2;160;20.72;;;401-500;3.6;;;251-300;5.34;;;201-250;5.78;;;48;1;6
2025;engenharia-civil;Escola de Engenharia Kennedy;MG;116;Privada;79;22.2;161;20.71;;;401-500;3.32;;;1;8;;;401-500;3.97;;;49;72;5.42
2025;engenharia-civil;Instituto Federal de Educação, Ciência e Tecnologia do Maranhão;MA;117;Federal;79;22.2;165;20.56;;;64;7.39;;;1;8;;;501-600;2.17;;;68;351-400;3
2025;engenharia-civil;Instituto Federal de Educação, Ciência e Tecnologia do Rio Grande do Norte;RN;118;Federal;79;22.2;167;20.55;;;162;6.43;;;1;8;;;193;6.12;;;69;;
2025;engenharia-civil;Centro Universitário Celso Lisboa;RJ;119;Privada;79;22.2;168;20.51;;;501-600;3.04;;;1;8;;;155;6.49;;;50;351-400;2.98
2025;engenharia-civil;Centro Universitário Ibmr;RJ;120;Privada;79;22.2;169;20.49;;;351-400;4.45;;;251-300;5.38;;;136;6.68;;;51;201-250;3.98
2025;engenharia-civil;Universidade Paulista;SP;121;Privada;2;29.9;401-500;12.77;;;351-400;4.27;;;401-500;3.72;;;401-500;3.6;;;52;501-600;1.18
2025;engenharia-civil;Centro Universitário de Volta Redonda;RJ;122;Privada;79;22.2;174;20.44;;;201-250;5.81;;;201-250;5.57;;;110;6.93;;;53;401-500;2.13
2025;engenharia-civil;Centro Universitário Facens;SP;123;Privada;79;22.2;177;20.39;;;170;6.35;;;351-400;4.3;;;74;7.28;;;54;401-500;2.46
2025;engenharia-civil;Centro Universitário de Brasília;DF;124;Privada;32;26.9;301-350;15.54;;;167;6.38;;;701-800;0.32;;;401-500;3.53;;;55;85;5.31
2025;engenharia-civil;Universidade do Estado de Minas Gerais;MG;125;Estadual;79;22.2;179;20.13;;;201-250;5.62;;;1;8;;;501-600;3;;;70;301-350;3.51
2025;engenharia-civil;Universidade Santa Cecília;SP;126;Privada;79;22.2;182;20.02;;;251-300;5.13;;;301-350;4.78;;;201-250;5.61;;;56;184;4.5
2025;engenharia-civil;Centro Universitário Dinâmica das Cataratas;PR;127;Privada;79;22.2;183;20;;;118;6.86;;;201-250;5.73;;;351-400;4.27;;;57;301-350;3.14
2025;engenharia-civil;Centro Universitário Una;MG;128;Privada;32;26.9;351-400;15.21;;;501-600;2.9;;;351-400;4.16;;;158;6.46;;;58;501-600;1.69
2025;engenharia-civil;Centro Universitário Sant'Anna;SP;129;Privada;79;22.2;189;19.62;;;701-800;0.86;;;1;8;;;201-250;5.74;;;59;120;5.02
2025;engenharia-civil;Centro Universitário de Várzea Grande;MT;130;Privada;79;22.2;190;19.59;;;301-350;4.82;;;251-300;5.14;;;66;7.36;;;60;401-500;2.27
2025;engenharia-civil;Universidade Católica de Pernambuco;PE;131;Privada;32;26.9;351-400;14.88;;;147;6.58;;;601-700;1.1;;;164;6.4;;;61;601-700;0.8
2025;engenharia-civil;Universidade do Sul de Santa Catarina;SC;132;Privada;32;26.9;351-400;14.83;;;401-500;3.93;;;401-500;3.88;;;301-350;4.78;;;62;401-500;2.24
2025;engenharia-civil;Centro Universitário Curitiba;PR;133;Privada;79;22.2;196;19.45;;;98;7.05;;;301-350;4.97;;;91;7.12;;;63;601-700;0.31
2025;engenharia-civil;Centro Universitário Toledo Wyden;SP;134;Privada;79;22.2;198;19.42;;;301-350;4.64;;;251-300;5.12;;;201-250;5.98;;;64;251-300;3.68
2025;engenharia-civil;Universidade Comunitária da Região de Chapecó;SC;135;Privada;79;22.2;201-250;19.13;;;113;6.91;;;201-250;5.61;;;351-400;4.16;;;65;401-500;2.45
2025;engenharia-civil;Faculdades Integradas Aparício Carvalho Vilhena;RO;136;Privada;79;22.2;201-250;19.09;;;201-250;5.67;;;1;8;;;601-700;1.22;;;66;201-250;4.2
2025;engenharia-civil;Universidade do Oeste de Santa Catarina;SC;137;Privada;79;22.2;201-250;18.95;;;196;6.1;;;201-250;5.84;;;251-300;5.42;;;67;501-600;1.59
2025;engenharia-civil;Instituto Federal de Educação, Ciência e Tecnologia do Amazonas;AM;137;Federal;79;22.2;201-250;18.95;;;251-300;5.38;;;1;8;;;501-600;2.98;;;71;401-500;2.59
2025;engenharia-civil;Instituto Federal de Educação, Ciência e Tecnologia de Goiás;GO;139;Federal;79;22.2;201-250;18.85;;;142;6.62;;;201-250;5.85;;;401-500;3.84;;;72;401-500;2.54
2025;engenharia-civil;Universidade da Região de Joinville;SC;140;Privada;79;22.2;201-250;18.68;;;158;6.47;;;351-400;4.31;;;200;6.05;;;68;501-600;1.85
2025;engenharia-civil;Centro Universitário Fametro;CE;141;Privada;79;22.2;201-250;18.6;;;351-400;4.12;;;301-350;4.61;;;201-250;5.58;;;69;201-250;4.29
2025;engenharia-civil;Centro Universitário Senai Cimatec;BA;142;Privada;79;22.2;201-250;18.45;;;69;7.34;;;351-400;4.06;;;201-250;5.92;;;70;501-600;1.13
2025;engenharia-civil;Faculdade de Ensino Superior do Interior Paulista;SP;143;Privada;79;22.2;201-250;18.43;;;401-500;3.2;;;1;8;;;601-700;1.23;;;71;1;6
2025;engenharia-civil;Universidade Católica de Santos;SP;144;Privada;79;22.2;201-250;18.34;;;401-500;3.83;;;201-250;5.83;;;60;7.42;;;72;501-600;1.26
2025;engenharia-civil;Centro Universitário Facunicamps;GO;145;Privada;79;22.2;201-250;18.23;;;351-400;4.12;;;201-250;5.75;;;401-500;3.8;;;73;176;4.56
2025;engenharia-civil;Universidade de Ribeirão Preto;SP;146;Privada;79;22.2;201-250;18.21;;;301-350;4.83;;;351-400;4.15;;;178;6.27;;;74;351-400;2.96
2025;engenharia-civil;Universidade Federal de Pelotas;RS;147;Federal;;;35;40.23;;;66;7.37;;;1;8;;;96;7.07;29;14.55;73;301-350;3.24
2025;engenharia-civil;Instituto Federal de Educação, Ciência e Tecnologia de Rondônia;RO;148;Federal;79;22.2;251-300;18;;;201-250;5.67;;;1;8;;;601-700;1.97;;;74;401-500;2.36
2025;engenharia-civil;Faculdade Kennedy de Belo Horizonte;MG;149;Privada;79;22.2;251-300;17.98;;;401-500;3.58;;;301-350;4.75;;;401-500;3.65;;;75;1;6
2025;engenharia-civil;Centro Universitário de Belo Horizonte;MG;150;Privada;79;22.2;251-300;17.96;;;401-500;3.74;;;251-300;5.13;;;83;7.2;;;76;501-600;1.89
2025;engenharia-civil;Centro Universitário La Salle do Rio de Janeiro;RJ;151;Privada;79;22.2;251-300;17.85;;;198;6.08;;;701-800;0.63;;;59;7.43;;;77;251-300;3.71
2025;engenharia-civil;Universidade de Cuiabá;MT;152;Privada;32;26.9;401-500;13.12;;;501-600;2.31;;;251-300;5.21;;;351-400;4.45;;;78;501-600;1.15
2025;engenharia-civil;Centro Universitário Una de Betim;MG;153;Privada;79;22.2;251-300;17.78;;;401-500;3.47;;;251-300;5.51;;;90;7.13;;;79;501-600;1.67
2025;engenharia-civil;Centro Universitário Sagrado Coração;SP;154;Privada;79;22.2;251-300;17.71;;;168;6.37;;;501-600;2.83;;;301-350;4.68;;;80;251-300;3.83
2025;engenharia-civil;Universidade Católica de Petrópolis;RJ;155;Privada;79;22.2;251-300;17.59;;;129;6.75;;;501-600;2.31;;;401-500;3.59;;;81;130;4.94
2025;engenharia-civil;Universidade de Vassouras;RJ;156;Privada;79;22.2;251-300;17.47;;;301-350;4.97;;;301-350;4.65;;;301-350;4.86;;;82;351-400;2.99
2025;engenharia-civil;Centro Universitário Faesa;ES;157;Privada;79;22.2;251-300;17.4;;;139;6.65;;;301-350;4.77;;;401-500;3.38;;;83;401-500;2.6
2025;engenharia-civil;Universidade da Amazônia;PA;158;Privada;32;26.9;401-500;12.64;;;251-300;5.33;;;501-600;2.37;;;401-500;3.48;;;84;501-600;1.46
2025;engenharia-civil;Centro Universitário de João Pessoa;PB;159;Privada;79;22.2;251-300;17.2;;;301-350;4.89;;;251-300;5.43;;;251-300;5.15;;;85;501-600;1.73
2025;engenharia-civil;Centro Universitário Uniasselvi de Brusque;SC;160;Privada;79;22.2;251-300;17.14;;;301-350;4.96;;;351-400;4.26;;;401-500;3.13;;;86;148;4.79
2025;engenharia-civil;Centro Universitário do Paraná;PR;161;Privada;79;22.2;251-300;16.97;;;201-250;5.69;;;701-800;0.99;;;351-400;4.29;;;87;1;6
2025;engenharia-civil;Centro Universitário Estácio de Belo Horizonte;MG;162;Privada;79;22.2;251-300;16.83;;;501-600;2.8;;;401-500;3.62;;;150;6.54;;;88;251-300;3.87
2025;engenharia-civil;Universidade Feevale;RS;163;Privada;79;22.2;251-300;16.82;;;251-300;5.49;;;501-600;2.24;;;251-300;5.51;;;89;251-300;3.58
2025;engenharia-civil;Universidade Ceuma;MA;164;Privada;79;22.2;251-300;16.81;;;251-300;5.14;;;201-250;5.58;;;401-500;3.29;;;90;351-400;2.8
2025;engenharia-civil;Faculdade Multivix de Cachoeiro;ES;165;Privada;79;22.2;251-300;16.7;;;106;6.98;;;301-350;4.97;;;601-700;1.62;;;91;351-400;3.13
2025;engenharia-civil;FAE Centro Universitário;PR;166;Privada;79;22.2;251-300;16.69;;;145;6.6;;;601-700;1.32;;;251-300;5.22;;;92;251-300;3.55
2025;engenharia-civil;Faculdade Martha Falcão Wyden;AM;167;Privada;79;22.2;301-350;16.67;;;701-800;1.04;;;601-700;1.94;;;33;7.69;;;93;1;6
2025;engenharia-civil;Centro Universitário Sociesc de Blumenau;SC;168;Privada;79;22.2;301-350;16.51;;;401-500;3.88;;;351-400;4.08;;;112;6.91;;;94;501-600;1.64
2025;engenharia-civil;Centro Universitário Araguaia;GO;169;Privada;79;22.2;301-350;16.5;;;301-350;4.64;;;351-400;4.44;;;501-600;2.56;;;95;140;4.86
2025;engenharia-civil;Centro Universitário Ingá;PR;170;Privada;79;22.2;301-350;16.48;;;601-700;2.09;;;1;8;;;501-600;3.06;;;96;301-350;3.33
2025;engenharia-civil;Universidade Tuiuti do Paraná;PR;171;Privada;79;22.2;301-350;16.41;;;88;7.15;;;601-700;1.77;;;401-500;3.89;;;97;251-300;3.6
2025;engenharia-civil;Centro Universitário Unicarioca;RJ;171;Privada;79;22.2;301-350;16.41;;;701-800;0.74;;;201-250;5.59;;;65;7.37;;;97;401-500;2.71
2025;engenharia-civil;Universidade Evangélica de Goiás;GO;173;Privada;79;22.2;301-350;16.35;;;201-250;5.64;;;251-300;5.16;;;501-600;2.53;;;99;351-400;3.02
2025;engenharia-civil;Centro Universitário de Santa Fé do Sul;SP;174;Municipal;79;22.2;301-350;16.19;;;351-400;4.38;;;201-250;5.53;;;601-700;1.64;;;75;167;4.64
2025;engenharia-civil;Universidade Católica do Salvador;BA;175;Privada;79;22.2;301-350;16.07;;;201-250;5.73;;;501-600;2.77;;;351-400;4.15;;;100;301-350;3.42
2025;engenharia-civil;Universidade do Contestado;SC;176;Privada;79;22.2;301-350;16.01;;;144;6.61;;;301-350;4.56;;;501-600;2.57;;;101;401-500;2.27
2025;engenharia-civil;Centro Universitário de Maceió;AL;177;Privada;79;22.2;301-350;15.99;;;201-250;5.72;;;601-700;1.81;;;191;6.14;;;102;401-500;2.32
2025;engenharia-civil;Centro Universitário - Católica de Santa Catarina em Jaraguá do Sul;SC;178;Privada;79;22.2;301-350;15.97;;;201-250;5.7;;;401-500;3.99;;;351-400;4.22;;;103;401-500;2.06
2025;engenharia-civil;Universidade de Marília;SP;178;Privada;79;22.2;301-350;15.97;;;124;6.8;;;501-600;2.22;;;501-600;2.82;;;103;201-250;4.13
2025;engenharia-civil;Centro Universitário Favip Wyden;PE;180;Privada;79;22.2;301-350;15.92;;;401-500;3.52;;;601-700;1.62;;;301-350;4.78;;;105;1;6
2025;engenharia-civil;Centro Universitário Católica do Leste de Minas Gerais;MG;181;Privada;79;22.2;301-350;15.87;;;251-300;5.36;;;501-600;2.45;;;201-250;5.9;;;106;401-500;2.16
2025;engenharia-civil;Faculdade Una de Sete Lagoas;MG;182;Privada;79;22.2;301-350;15.82;;;401-500;3.94;;;251-300;5.35;;;351-400;4.53;;;107;401-500;2
2025;engenharia-civil;Centro Universitário Avantis;SC;183;Privada;79;22.2;301-350;15.78;;;351-400;4.42;;;301-350;4.71;;;601-700;1.45;;;108;98;5.2
2025;engenharia-civil;Universidade de Mogi das Cruzes;SP;184;Privada;79;22.2;301-350;15.71;;;401-500;4.02;;;401-500;3.36;;;501-600;2.94;;;109;75;5.39
2025;engenharia-civil;Centro Universitário de Mineiros;GO;185;Municipal;79;22.2;301-350;15.65;;;501-600;2.19;;;1;8;;;401-500;3.25;;;76;401-500;2.21
2025;engenharia-civil;Universidade Regional de Blumenau;SC;186;Municipal;79;22.2;301-350;15.58;;;189;6.17;;;601-700;1.21;;;201-250;5.62;;;77;401-500;2.58
2025;engenharia-civil;Centro Universitário Estácio do Ceará;CE;187;Privada;79;22.2;301-350;15.55;;;351-400;4.22;;;401-500;3.38;;;401-500;3.62;;;110;201-250;4.33
2025;engenharia-civil;Universidade São Francisco;SP;187;Privada;79;22.2;301-350;15.55;;;351-400;4.59;;;301-350;4.89;;;601-700;1.92;;;110;201-250;4.15
2025;engenharia-civil;Centro Universitário Euro-americano;DF;189;Privada;79;22.2;301-350;15.54;;;351-400;4.41;;;251-300;5.12;;;401-500;3.71;;;112;401-500;2.3
2025;engenharia-civil;Faculdade Metropolitana de Anápolis;GO;189;Privada;79;22.2;301-350;15.54;;;601-700;1.62;;;301-350;4.74;;;401-500;3.18;;;112;1;6
2025;engenharia-civil;Universidade Santa Úrsula;RJ;191;Privada;79;22.2;351-400;15.53;;;201-250;5.98;;;701-800;0.25;;;401-500;3.3;;;114;1;6
2025;engenharia-civil;Universidade do Extremo Sul Catarinense;SC;192;Privada;79;22.2;351-400;15.5;;;201-250;5.96;;;401-500;3.19;;;501-600;2.71;;;115;251-300;3.64
2025;engenharia-civil;Centro Universitário Jorge Amado;BA;193;Privada;79;22.2;351-400;15.44;;;301-350;4.73;;;501-600;2.58;;;251-300;5.31;;;116;351-400;2.82
2025;engenharia-civil;Centro Universitário - Católica de Santa Catarina em Joinville;SC;194;Privada;79;22.2;351-400;15.41;;;193;6.13;;;601-700;1.73;;;201-250;6.04;;;117;501-600;1.51
2025;engenharia-civil;Universidade Potiguar;RN;195;Privada;79;22.2;351-400;15.35;;;351-400;4.17;;;401-500;3.25;;;169;6.35;;;118;501-600;1.58
2025;engenharia-civil;Faculdade Una de Jataí;GO;196;Privada;79;22.2;351-400;15.33;;;501-600;2.36;;;301-350;4.84;;;201-250;5.56;;;119;401-500;2.57
2025;engenharia-civil;Centro Universitário Maurício de Nassau de Teresina;PI;197;Privada;79;22.2;351-400;15.31;;;301-350;4.98;;;401-500;3.32;;;601-700;2.11;;;120;135;4.9
2025;engenharia-civil;Centro Universitário Maurício de Nassau;PE;198;Privada;79;22.2;351-400;15.29;;;351-400;4.22;;;351-400;4.43;;;401-500;3.85;;;121;351-400;2.79
2025;engenharia-civil;Centro Universitário Una de Contagem;MG;199;Privada;79;22.2;351-400;15.27;;;501-600;2.66;;;251-300;5.19;;;251-300;5.46;;;122;401-500;1.96
2025;engenharia-civil;Centro Universitário Mauá de Brasília;DF;199;Privada;79;22.2;351-400;15.27;;;501-600;2.42;;;1;8;;;501-600;2.23;;;122;401-500;2.62
2025;engenharia-civil;Universidade de Franca;SP;201;Privada;79;22.2;351-400;15.03;;;301-350;4.6;;;401-500;4.02;;;201-250;5.93;;;130;601-700;0.48
2025;engenharia-civil;Faculdade Anhanguera Unidade Guarapari;ES;201;Privada;79;22.2;351-400;15.19;;;401-500;3.68;;;351-400;4.32;;;119;6.84;;;127;601-700;0.35
2025;engenharia-civil;Universidade Nilton Lins;AM;201;Privada;32;26.9;701-800;7.91;;;601-700;1.4;;;501-600;2.54;;;701-800;0.86;;;165;351-400;3.11
2025;engenharia-civil;Faculdade Estácio de Castanhal;PA;201;Privada;79;22.2;501-600;12.51;;;601-700;1.99;;;401-500;3.98;;;401-500;3.72;;;168;351-400;2.82
2025;engenharia-civil;Centro Universitário Maurício de Nassau de João Pessoa;PB;201;Privada;79;22.2;401-500;12.74;;;351-400;4.36;;;401-500;3.41;;;501-600;2.84;;;162;401-500;2.13
2025;engenharia-civil;Centro Universitário da Serra Gaúcha;RS;201;Privada;79;22.2;401-500;14.11;;;181;6.24;;;701-800;0.69;;;301-350;4.75;;;145;401-500;2.43
2025;engenharia-civil;Centro Universitário Maurício de Nassau de Aracaju;SE;201;Privada;79;22.2;401-500;12.72;;;601-700;1.92;;;351-400;4.24;;;251-300;5.26;;;163;501-600;1.3
2025;engenharia-civil;Centro Universitário Autônomo do Brasil;PR;201;Privada;79;22.2;401-500;14.35;;;351-400;4.5;;;501-600;2.9;;;401-500;3.26;;;139;251-300;3.69
2025;engenharia-civil;Faculdade Anhanguera de Tangará da Serra;MT;201;Privada;79;22.2;401-500;14.17;;;301-350;4.76;;;401-500;3.61;;;301-350;4.82;;;140;601-700;0.98
2025;engenharia-civil;Faculdade Anhanguera de Brasília;DF;201;Privada;79;22.2;401-500;13.91;;;301-350;4.79;;;401-500;3.28;;;251-300;5.28;;;149;601-700;0.56
2025;engenharia-civil;Centro Universitário Salesiano de São Paulo;SP;201;Privada;79;22.2;401-500;12.63;;;251-300;5.21;;;601-700;1.05;;;351-400;4.19;;;164;401-500;2.18
2025;engenharia-civil;Centro Universitário Santo Agostinho;PI;201;Privada;79;22.2;401-500;12.76;;;156;6.49;;;601-700;1.55;;;601-700;1.49;;;160;301-350;3.23
2025;engenharia-civil;Universidade Cidade de São Paulo;SP;201;Privada;79;22.2;401-500;13.04;;;401-500;3.65;;;701-800;1.04;;;143;6.61;;;155;501-600;1.74
2025;engenharia-civil;Centro Universitário do Norte;AM;201;Privada;79;22.2;351-400;14.76;;;601-700;1.98;;;401-500;3.15;;;351-400;4.34;;;134;87;5.29
2025;engenharia-civil;Centro Universitário Estácio da Bahia;BA;201;Privada;79;22.2;351-400;14.86;;;401-500;3.53;;;501-600;2.46;;;301-350;5.03;;;132;251-300;3.84
2025;engenharia-civil;Faculdade Anhanguera Unime de Salvador;BA;201;Privada;79;22.2;401-500;13.75;;;501-600;2.78;;;351-400;4.49;;;201-250;5.68;;;150;601-700;0.8
2025;engenharia-civil;Centro Universitário Estácio de Sergipe;SE;201;Privada;79;22.2;351-400;15.23;;;401-500;3.18;;;601-700;1.12;;;145;6.59;;;125;201-250;4.34
2025;engenharia-civil;Universidade de Santa Cruz do Sul;RS;201;Privada;79;22.2;351-400;15.18;;;201-250;5.9;;;601-700;1.29;;;201-250;5.81;;;128;401-500;2.18
2025;engenharia-civil;Centro Universitário Estácio do Recife;PE;201;Privada;79;22.2;401-500;14.03;;;501-600;3.04;;;501-600;2.86;;;351-400;4.28;;;148;251-300;3.85
2025;engenharia-civil;Faculdade Estácio de Belém;PA;201;Privada;79;22.2;401-500;14.64;;;401-500;3.96;;;401-500;3.12;;;351-400;4.28;;;136;301-350;3.28
2025;engenharia-civil;Universidade de Taubaté;SP;201;Municipal;79;22.2;401-500;14.37;;;301-350;5.04;;;351-400;4.45;;;401-500;3.88;;;78;601-700;1
2025;engenharia-civil;Centro Universitário São Lucas Porto Velho;RO;201;Privada;79;22.2;401-500;13.54;;;301-350;4.89;;;251-300;5.42;;;601-700;1.81;;;151;501-600;1.42
2025;engenharia-civil;Centro Universitário Una de Bom Despacho;MG;201;Privada;79;22.2;401-500;13.38;;;701-800;1.01;;;301-350;4.68;;;179;6.26;;;152;501-600;1.43
2025;engenharia-civil;Centro Universitário Estácio de São Luís;MA;201;Privada;79;22.2;401-500;12.75;;;701-800;1.13;;;351-400;4.33;;;501-600;3.07;;;161;201-250;4.22
2025;engenharia-civil;Faculdade Estácio do Amazonas;AM;201;Privada;79;22.2;351-400;15.03;;;301-350;4.8;;;601-700;1.66;;;251-300;5.45;;;130;351-400;3.12
2025;engenharia-civil;Centro Universitário Central Paulista;SP;201;Privada;79;22.2;401-500;12.81;;;401-500;3.82;;;601-700;1.18;;;251-300;5.33;;;158;401-500;2.48
2025;engenharia-civil;Centro Universitário Sudoeste Paulista;SP;201;Privada;79;22.2;351-400;15.22;;;401-500;3.42;;;501-600;2.44;;;401-500;4.02;;;126;81;5.34
2025;engenharia-civil;Centro Universitário Univel;PR;201;Privada;79;22.2;501-600;12.4;;;201-250;6.03;;;501-600;3.03;;;601-700;1.25;;;170;401-500;2.09
2025;engenharia-civil;Centro Universitário Fundação de Ensino Octávio Bastos;SP;201;Privada;79;22.2;501-600;12.16;;;401-500;3.49;;;501-600;2.72;;;601-700;1.44;;;171;182;4.51
2025;engenharia-civil;Universidade Anhanguera;MS;201;Privada;79;22.2;401-500;12.79;;;601-700;1.95;;;351-400;4.51;;;201-250;5.76;;;159;601-700;0.57
2025;engenharia-civil;Faculdade Anhanguera de Contagem;MG;201;Privada;79;22.2;351-400;14.7;;;501-600;2.42;;;351-400;4.48;;;54;7.48;;;135;601-700;0.32
2025;engenharia-civil;Centro Universitário do Instituto de Educação Superior de Brasília;DF;201;Privada;79;22.2;401-500;14.44;;;251-300;5.53;;;701-800;0.96;;;301-350;4.89;;;138;351-400;3.06
2025;engenharia-civil;Faculdade Anhanguera de Pindamonhangaba;SP;201;Privada;79;22.2;401-500;14.17;;;159;6.46;;;601-700;1.59;;;201-250;6;;;140;701-800;0.12
2025;engenharia-civil;Centro Universitário de Sete Lagoas;MG;201;Privada;79;22.2;501-600;12.46;;;99;7.04;;;701-800;0.59;;;401-500;4.08;;;169;601-700;0.75
2025;engenharia-civil;Universidade de Sorocaba;SP;201;Privada;79;22.2;501-600;12.61;;;301-350;4.71;;;701-800;0.45;;;251-300;5.35;;;165;401-500;2.1
2025;engenharia-civil;Universidade de Itaúna;MG;201;Privada;79;22.2;401-500;12.91;;;251-300;5.08;;;701-800;0.95;;;501-600;2.78;;;156;201-250;4.1
2025;engenharia-civil;Universidade Brasil;SP;201;Privada;79;22.2;401-500;13.23;;;301-350;4.69;;;401-500;3.44;;;701-800;0.94;;;153;201-250;4.16
2025;engenharia-civil;Centro Universitário de Brusque;SC;201;Privada;79;22.2;351-400;15.11;;;122;6.82;;;301-350;4.88;;;501-600;3.03;;;129;601-700;0.38
2025;engenharia-civil;Universidade Regional Integrada do Alto Uruguai e das Missões;RS;201;Privada;79;22.2;401-500;13.08;;;201-250;5.91;;;701-800;1.02;;;351-400;4.18;;;154;401-500;1.97
2025;engenharia-civil;Instituto Luterano de Ensino Superior de Itumbiara;GO;201;Privada;79;22.2;401-500;14.14;;;501-600;3.07;;;301-350;4.58;;;501-600;3.01;;;142;301-350;3.48
2025;engenharia-civil;Faculdade Três Marias;PB;201;Privada;79;22.2;501-600;12.61;;;401-500;3.32;;;601-700;1.94;;;601-700;1.35;;;165;1;6
2025;engenharia-civil;Universidade Vale do Rio Doce;MG;201;Privada;79;22.2;401-500;14.12;;;115;6.89;;;701-800;1.01;;;401-500;3.59;;;144;401-500;2.63
2025;engenharia-civil;Escola de Engenharia de Piracicaba;SP;201;Municipal;79;22.2;501-600;12.58;;;183;6.22;;;701-800;0.06;;;301-350;4.96;;;79;501-600;1.34
2025;engenharia-civil;Universidade Universus Veritas Guarulhos;SP;201;Privada;79;22.2;401-500;14.14;;;351-400;4.24;;;401-500;3.53;;;401-500;3.78;;;142;401-500;2.59
2025;engenharia-civil;Centro Universitário das Faculdades Metropolitanas Unidas;SP;201;Privada;32;26.9;601-700;10.16;;;401-500;3.28;;;701-800;0.77;;;301-350;4.8;;;132;501-600;1.31
2025;engenharia-civil;Faculdade do Centro Leste;ES;201;Privada;79;22.2;401-500;14.04;;;94;7.09;;;501-600;2.36;;;401-500;3.49;;;147;501-600;1.1
2025;engenharia-civil;Centro Universitário Newton Paiva;MG;201;Privada;79;22.2;401-500;14.05;;;251-300;5.23;;;601-700;2;;;251-300;5.28;;;146;501-600;1.54
2025;engenharia-civil;Centro Universitário Assis Gurgacz;PR;201;Privada;79;22.2;351-400;15.24;;;119;6.85;;;351-400;4.46;;;601-700;1.39;;;124;401-500;2.54
2025;engenharia-civil;Universidade Regional do Noroeste do Estado do Rio Grande do Sul;RS;201;Privada;79;22.2;401-500;14.64;;;201-250;5.61;;;401-500;3.8;;;351-400;4.52;;;136;601-700;0.71
2025;engenharia-civil;Centro Universitário Uniftec;RS;201;Privada;79;22.2;401-500;12.91;;;201-250;5.58;;;601-700;1.48;;;501-600;2.41;;;156;301-350;3.44
2025;engenharia-civil;Faculdade Anhanguera de Goiânia;GO;251;Privada;79;22.2;501-600;12.04;;;401-500;3.37;;;501-600;2.55;;;201-250;5.6;;;173;601-700;0.52
2025;engenharia-civil;Centro Universitário Maurício de Nassau de Salvador;BA;251;Privada;79;22.2;701-800;8.47;;;601-700;1.36;;;601-700;2.01;;;401-500;3.82;;;201-250;501-600;1.28
2025;engenharia-civil;Escola de Ensino Superior do Agreste Paraibano;PB;251;Privada;79;22.2;701-800;7.56;;;501-600;2.3;;;351-400;4.18;;;701-800;1.08;;;201-250;;
2025;engenharia-civil;Centro Universitário São Camilo - Espírito Santo;ES;251;Privada;79;22.2;601-700;9.56;;;191;6.15;;;601-700;1.13;;;601-700;1.38;;;201-250;601-700;0.9
2025;engenharia-civil;Centro Universitário Alves Faria;GO;251;Privada;79;22.2;701-800;7.35;;;301-350;4.66;;;701-800;0.83;;;701-800;0.28;;;201-250;501-600;1.58
2025;engenharia-civil;Faculdade Anhanguera de Betim;MG;251;Privada;79;22.2;501-600;11.01;;;501-600;2.91;;;601-700;1.67;;;201-250;5.77;;;189;601-700;0.66
2025;engenharia-civil;Faculdade Anhanguera de Campinas;SP;251;Privada;79;22.2;601-700;9.6;;;701-800;1.06;;;501-600;2.1;;;196;6.09;;;200;601-700;0.35
2025;engenharia-civil;Faculdade Anhanguera do Maranhão;MA;251;Privada;79;22.2;701-800;6.4;;;701-800;1.11;;;601-700;1.51;;;501-600;2.86;;;201-250;601-700;0.92
2025;engenharia-civil;Faculdade Eduvale de Avaré;SP;251;Privada;79;22.2;501-600;11.03;;;301-350;4.87;;;601-700;1.27;;;601-700;1.27;;;188;251-300;3.62
2025;engenharia-civil;Centro Universitário Braz Cubas;SP;251;Privada;79;22.2;601-700;10.12;;;501-600;2.17;;;701-800;0.64;;;601-700;1.31;;;196;1;6
2025;engenharia-civil;Centro Universitário Unime;BA;251;Privada;79;22.2;601-700;10.1;;;601-700;1.36;;;401-500;3.78;;;351-400;4.11;;;197;601-700;0.85
2025;engenharia-civil;Universidade Franciscana;RS;251;Privada;79;22.2;501-600;11.49;;;701-800;0.33;;;351-400;4.4;;;128;6.76;;;181;;
2025;engenharia-civil;Centro Universitário Anhanguera Pitágoras Unopar de Campo Grande;MS;251;Privada;79;22.2;601-700;9.47;;;401-500;3.86;;;601-700;1.08;;;351-400;4.25;;;201-250;601-700;0.28
2025;engenharia-civil;Faculdade Anhanguera de Piracicaba;SP;251;Privada;79;22.2;601-700;8.97;;;501-600;2.82;;;601-700;1.35;;;351-400;4.2;;;201-250;601-700;0.6
2025;engenharia-civil;Faculdade Anhanguera de Ipatinga;MG;251;Privada;79;22.2;601-700;10.85;;;601-700;1.45;;;501-600;2.75;;;201-250;6.02;;;190;601-700;0.63
2025;engenharia-civil;Centro Universitário Anhanguera de São Paulo;SP;251;Privada;79;22.2;601-700;10.45;;;601-700;1.46;;;501-600;2.57;;;184;6.21;;;193;701-800;0.21
2025;engenharia-civil;Faculdade Anhanguera de Jundiaí;SP;251;Privada;79;22.2;501-600;11.04;;;701-800;0.75;;;401-500;3.3;;;120;6.83;;;187;701-800;0.16
2025;engenharia-civil;Centro Universitário Cesmac;AL;251;Privada;79;22.2;501-600;11.22;;;351-400;4.21;;;701-800;0.9;;;601-700;2.01;;;184;201-250;4.1
2025;engenharia-civil;Centro Universitário Univinte;SC;251;Privada;79;22.2;701-800;7.89;;;501-600;2.34;;;501-600;2.43;;;601-700;1.47;;;201-250;501-600;1.65
2025;engenharia-civil;Universidade Federal Rural de Pernambuco;PE;251;Federal;;;48;28.26;;;73;7.3;;;1;8;;;26;7.76;;;80;98;5.2
2025;engenharia-civil;Faculdade de Americana;SP;251;Privada;79;22.2;501-600;11.53;;;351-400;4.29;;;701-800;0.5;;;501-600;2.7;;;180;201-250;4.04
2025;engenharia-civil;Faculdade Estácio de Teresina;PI;251;Privada;79;22.2;701-800;6.07;;;701-800;0.39;;;401-500;3.22;;;501-600;2.46;;;201-250;;
2025;engenharia-civil;Centro Universitário da Fundação Educacional de Barretos;SP;251;Privada;79;22.2;601-700;10.27;;;351-400;4.58;;;701-800;0.84;;;501-600;2.73;;;194;401-500;2.12
2025;engenharia-civil;Faculdade Anhanguera de Passo Fundo;RS;251;Privada;79;22.2;601-700;10.66;;;701-800;0.33;;;401-500;3.67;;;171;6.33;;;191;601-700;0.33
2025;engenharia-civil;Centro Universitário de Goiás;GO;251;Privada;79;22.2;701-800;6.95;;;601-700;1.77;;;501-600;2.34;;;601-700;1.91;;;201-250;601-700;0.93
2025;engenharia-civil;Escola Superior de Criciúma;SC;251;Privada;79;22.2;601-700;9.27;;;175;6.3;;;701-800;0.22;;;701-800;0.93;;;201-250;501-600;1.82
2025;engenharia-civil;Universidade Cruzeiro do Sul;SP;251;Privada;32;26.9;701-800;6.86;;;601-700;1.74;;;601-700;1.16;;;401-500;3.2;;;178;601-700;0.76
2025;engenharia-civil;Faculdade Anhanguera de Porto Alegre;RS;251;Privada;79;22.2;501-600;11.57;;;701-800;0.33;;;401-500;3.64;;;72;7.3;;;176;601-700;0.3
2025;engenharia-civil;Universidade Iguaçu;RJ;251;Privada;79;22.2;701-800;8.3;;;501-600;2.59;;;501-600;2.69;;;601-700;1.3;;;201-250;501-600;1.72
2025;engenharia-civil;Universidade do Planalto Catarinense;SC;251;Privada;79;22.2;501-600;11.13;;;139;6.65;;;701-800;0.98;;;701-800;1.12;;;186;401-500;2.38
2025;engenharia-civil;Universidade Cândido Mendes;RJ;251;Privada;79;22.2;501-600;11.56;;;251-300;5.26;;;701-800;0.3;;;501-600;2.25;;;178;251-300;3.75
2025;engenharia-civil;Centro Universitário Filadélfia;PR;251;Privada;79;22.2;601-700;10.63;;;173;6.32;;;601-700;1.45;;;601-700;1.53;;;192;501-600;1.33
2025;engenharia-civil;Faculdade Católica Paulista;SP;251;Privada;79;22.2;601-700;9.88;;;701-800;0.62;;;1;8;;;601-700;1.26;;;199;;
2025;engenharia-civil;Faculdade Anhanguera de Belo Horizonte;MG;251;Privada;79;22.2;601-700;10.04;;;501-600;2.25;;;601-700;1.58;;;201-250;5.63;;;198;601-700;0.58
2025;engenharia-civil;Centro Universitário Maurício de Nassau de Maceió;AL;251;Privada;79;22.2;701-800;7.88;;;701-800;1.04;;;401-500;3.34;;;501-600;2.76;;;201-250;601-700;0.74
2025;engenharia-civil;Centro Universitário Anhanguera de Marabá;PA;251;Privada;79;22.2;601-700;10.18;;;701-800;0.97;;;501-600;2.19;;;301-350;4.61;;;195;401-500;2.41
2025;engenharia-civil;Centro Universitário Aparício Carvalho;RO;251;Privada;79;22.2;501-600;11.45;;;501-600;2.66;;;1;8;;;701-800;0.79;;;182;;
2025;engenharia-civil;Faculdade Anhanguera de São José;SP;251;Privada;79;22.2;701-800;8.41;;;701-800;0.99;;;601-700;1.7;;;251-300;5.36;;;201-250;601-700;0.36
2025;engenharia-civil;Centro Universitário de Lavras;MG;251;Privada;79;22.2;501-600;11.57;;;201-250;5.88;;;701-800;0.78;;;351-400;4.38;;;176;601-700;0.53
2025;engenharia-civil;Centro Universitário do Planalto de Araxá;MG;251;Privada;79;22.2;601-700;9.6;;;351-400;4.48;;;701-800;0.75;;;701-800;0.77;;;200;251-300;3.6
2025;engenharia-civil;Universidade de Araraquara;SP;251;Privada;79;22.2;601-700;9.02;;;601-700;2.02;;;601-700;1.4;;;401-500;3.51;;;201-250;401-500;2.09
2025;engenharia-civil;Centro Universitário de Excelência Eniac;SP;251;Privada;79;22.2;501-600;11.14;;;501-600;2.99;;;601-700;1.94;;;601-700;1.78;;;185;192;4.43
2025;engenharia-civil;Universidade Paranaense;PR;251;Privada;79;22.2;601-700;8.78;;;401-500;3.46;;;701-800;0.62;;;601-700;1.83;;;201-250;351-400;2.87
2025;engenharia-civil;Instituto de Ensino Superior da Grande Florianópolis;SC;251;Privada;79;22.2;501-600;12.1;;;251-300;5.51;;;;;;;195;6.1;;;172;601-700;0.49
2025;engenharia-civil;Universidade Metodista de São Paulo;SP;251;Privada;79;22.2;701-800;7.76;;;701-800;0.62;;;501-600;2.78;;;351-400;4.36;;;201-250;;
2025;engenharia-civil;Centro Universitário Moura Lacerda;SP;251;Privada;79;22.2;501-600;11.89;;;165;6.4;;;601-700;1.95;;;501-600;3.08;;;174;601-700;0.46
2025;engenharia-civil;Universidade Salgado de Oliveira;RJ;251;Privada;79;22.2;701-800;8.18;;;601-700;1.7;;;701-800;0.91;;;501-600;2.35;;;201-250;301-350;3.22
2025;engenharia-civil;Centro Universitário Padre Anchieta;SP;251;Privada;79;22.2;501-600;11.31;;;351-400;4.37;;;701-800;0.76;;;601-700;2.04;;;183;201-250;4.14
2025;engenharia-civil;Instituto de Serra Dourada;SP;251;Privada;79;22.2;701-800;7.97;;;701-800;0.62;;;301-350;4.73;;;501-600;2.62;;;201-250;;
2025;engenharia-civil;Universidade Pitágoras Unopar Anhanguera;PR;251;Privada;79;22.2;501-600;11.81;;;501-600;2.72;;;501-600;2.63;;;201-250;5.59;;;175;601-700;0.87
2025;engenharia-civil;Instituto Federal de Educação, Ciência e Tecnologia de São Paulo;SP;301;Federal;;;115;22.33;;;80;7.23;;;1;8;;;201-250;5.65;;;94;501-600;1.45
2025;engenharia-civil;Universidade do Vale do Taquari;RS;301;Privada;;;98;22.95;;;178;6.27;;;201-250;5.54;;;106;6.97;;;201-250;201-250;4.17
2025;engenharia-civil;Instituto Federal de Educação, Ciência e Tecnologia da Bahia;BA;301;Federal;;;110;22.48;;;54;7.48;;;1;8;;;401-500;4.07;;;93;351-400;2.93
2025;engenharia-civil;Universidade Federal do Oeste do Pará;PA;301;Federal;;;130;21.63;;;181;6.24;;;1;8;;;501-600;2.88;;;98;182;4.51
2025;engenharia-civil;Faculdade Bahiana de Engenharia e Ciências Sociais Aplicadas;BA;301;Privada;79;22.2;701-800;5.53;;;601-700;1.36;;;601-700;1.37;;;501-600;2.8;;;201-250;;
2025;engenharia-civil;Universidade Federal do Oeste da Bahia;BA;301;Federal;;;80;24.49;;;53;7.49;;;1;8;;;189;6.16;;;88;351-400;2.84
2025;engenharia-civil;Faculdade Ibmec;MG;301;Privada;;;92;23.64;;;14;7.87;;;601-700;1.94;;;18;7.83;;;201-250;1;6
2025;engenharia-civil;Centro Universitário Unirb - Alagoinhas;BA;301;Privada;;;95;23.32;;;401-500;3.68;;;1;8;;;39;7.63;;;201-250;201-250;4.01
2025;engenharia-civil;Universidade Federal do Sul da Bahia;BA;301;Federal;;;126;21.86;;;81;7.22;;;1;8;;;140;6.64;;;97;;
2025;engenharia-civil;Centro Universitário de Itajubá;MG;301;Privada;;;113;22.36;;;137;6.67;;;1;8;;;176;6.28;;;201-250;501-600;1.41
2025;engenharia-civil;Instituto Federal de Educação, Ciência e Tecnologia de Brasília;DF;301;Federal;;;109;22.53;;;5;7.96;;;1;8;;;147;6.57;;;92;;
2025;engenharia-civil;Centro Universitário de Goiatuba;GO;301;Municipal;;;85;24.04;;;120;6.84;;;1;8;;;401-500;4.01;;;90;100;5.19
2025;engenharia-civil;Faculdade Doctum de Juiz de Fora;MG;301;Privada;;;134;21.48;;;251-300;5.19;;;1;8;;;401-500;3.81;;;201-250;186;4.48
2025;engenharia-civil;Universidade Federal do Recôncavo da Bahia;BA;301;Federal;;;74;25.57;;;81;7.22;;;1;8;;;301-350;4.91;;;84;69;5.44
2025;engenharia-civil;Universidade Federal do Sul e Sudeste do Pará;PA;301;Federal;;;87;23.91;;;201-250;6.01;;;1;8;;;122;6.81;;;91;351-400;3.09
2025;engenharia-civil;Faculdade Atitus Educação Porto Alegre;RS;301;Privada;;;90;23.68;;;132;6.72;;;1;8;;;111;6.92;;;201-250;401-500;2.04
2025;engenharia-civil;Instituto de Ensino Superior Fucapi;AM;301;Privada;79;22.2;701-800;3.84;;;701-800;1.04;;;701-800;0.09;;;701-800;0.68;;;201-250;401-500;2.03
2025;engenharia-civil;Centro Universitário Maria Milza;BA;301;Privada;;;142;21.17;;;85;7.18;;;1;8;;;501-600;2.18;;;201-250;251-300;3.81
2025;engenharia-civil;Universidade Federal da Integração Latino-americana;PR;301;Federal;;;77;24.76;;;251-300;5.41;;;1;8;;;23;7.78;;;87;251-300;3.57
2025;engenharia-civil;Centro Universitário Facol;PE;301;Privada;;;141;21.22;;;401-500;3.14;;;1;8;;;301-350;4.84;;;201-250;94;5.24
2025;engenharia-civil;Centro Universitário Campo Real;PR;301;Privada;;;119;22.22;;;136;6.68;;;201-250;5.63;;;401-500;3.91;;;201-250;1;6
2025;engenharia-civil;Universidade Estadual de Montes Claros;MG;301;Estadual;;;76;25.04;;;95;7.08;;;1;8;;;301-350;5.05;;;86;134;4.91
2025;engenharia-civil;Fundação Universidade Federal da Grande Dourados;MS;301;Federal;;;62;27.14;;;105;6.99;;;1;8;;;70;7.32;;;81;143;4.83
2025;engenharia-civil;Universidade do Estado do Pará;PA;301;Estadual;;;123;22.01;;;201-250;6.01;;;1;8;;;1;8;;;96;;
2025;engenharia-civil;Faculdade Atitus Educação Passo Fundo;RS;301;Privada;;;128;21.66;;;351-400;4.33;;;1;8;;;127;6.77;;;201-250;401-500;2.56
2025;engenharia-civil;Faculdade de Tecnologia Alto Médio São Francisco;MG;301;Privada;;;114;22.35;;;601-700;2.03;;;1;8;;;114;6.89;;;201-250;70;5.43
2025;engenharia-civil;Instituto Federal de Educação, Ciência e Tecnologia Goiano;GO;301;Federal;;;140;21.33;;;134;6.7;;;301-350;5.02;;;251-300;5.52;;;102;201-250;4.09
2025;engenharia-civil;Instituto Federal de Educação, Ciência e Tecnologia de Alagoas;AL;301;Federal;;;131;21.57;;;79;7.24;;;1;8;;;501-600;2.92;;;99;301-350;3.41
2025;engenharia-civil;Faculdade de Santo Ângelo;RS;301;Privada;79;22.2;701-800;5.47;;;401-500;3.19;;;801-900;0.04;;;601-700;1.19;;;201-250;601-700;1.05
2025;engenharia-civil;Universidade Estadual de Feira de Santana;BA;301;Estadual;;;71;25.93;;;19;7.82;;;1;8;;;183;6.22;;;83;251-300;3.89
2025;engenharia-civil;Faculdade de Roseira;SP;301;Privada;79;22.2;701-800;4.63;;;701-800;0.62;;;701-800;0.79;;;401-500;3.22;;;201-250;;
2025;engenharia-civil;Centro Universitário Armando Alvares Penteado;SP;301;Privada;79;22.2;701-800;4.65;;;701-800;0.62;;;701-800;0.34;;;401-500;3.69;;;201-250;;
2025;engenharia-civil;Instituto Federal de Educação, Ciência e Tecnologia de Pernambuco;PE;301;Federal;;;121;22.1;;;90;7.13;;;1;8;;;501-600;2.28;;;95;161;4.69
2025;engenharia-civil;Universidade La Salle;RS;301;Privada;;;108;22.57;;;251-300;5.42;;;1;8;;;36;7.66;;;201-250;501-600;1.49
2025;engenharia-civil;Faculdade Unida de Campinas Goiânia;GO;301;Privada;;;78;24.75;;;112;6.92;;;1;8;;;401-500;3.83;;;201-250;1;6
2025;engenharia-civil;Centro Universitário Campos de Andrade;PR;301;Privada;;;94;23.36;;;154;6.51;;;1;8;;;501-600;2.85;;;201-250;1;6
2025;engenharia-civil;Centro Universitário Imepac;MG;301;Privada;;;86;23.99;;;176;6.29;;;1;8;;;135;6.69;;;201-250;351-400;3.01
2025;engenharia-civil;Instituto Federal de Educação, Ciência e Tecnologia do Sul de Minas Gerais;MG;301;Federal;;;137;21.4;;;78;7.25;;;251-300;5.51;;;175;6.29;;;100;401-500;2.35
2025;engenharia-civil;Centro Universitário Inta;CE;301;Privada;;;96;23.11;;;301-350;4.67;;;1;8;;;201-250;5.57;;;201-250;139;4.87
2025;engenharia-civil;Faculdades Integradas de Três Lagoas;MS;301;Privada;;;79;24.62;;;201-250;5.65;;;1;8;;;201-250;5.99;;;201-250;125;4.98
2025;engenharia-civil;Universidade Federal Rural do Semi-árido;RN;301;Federal;;;63;26.97;;;161;6.44;;;1;8;;;76;7.27;;;82;91;5.26
2025;engenharia-civil;Centro Universitário de Viçosa;MG;301;Privada;;;72;25.89;;;92;7.11;;;1;8;;;62;7.4;;;201-250;301-350;3.38
2025;engenharia-civil;Faculdades Integradas de Bauru;SP;301;Privada;;;124;21.93;;;401-500;4.03;;;1;8;;;251-300;5.25;;;201-250;165;4.65
2025;engenharia-civil;Universidade Federal do Amapá;AP;301;Federal;;;81;24.46;;;74;7.29;;;1;8;;;301-350;4.99;;;89;201-250;4.18
2025;engenharia-civil;Fundação Universidade Federal do Pampa;RS;301;Federal;;;75;25.44;;;89;7.14;;;1;8;;;80;7.23;;;85;351-400;3.07
2025;engenharia-civil;Faculdade de Ensino Superior da Cidade de Feira de Santana;BA;301;Privada;;;120;22.18;;;401-500;3.95;;;1;8;;;301-350;5.04;;;201-250;100;5.19
2025;engenharia-civil;Centro Universitário Católico Salesiano Auxilium;SP;301;Privada;;;122;22.08;;;101;7.02;;;201-250;5.78;;;401-500;3.28;;;201-250;1;6
2025;engenharia-civil;Faculdade Unirb - Barreiras;BA;301;Privada;;;107;22.57;;;401-500;3.77;;;1;8;;;173;6.31;;;201-250;185;4.49
2025;engenharia-civil;Faculdade Luciano Feijão;CE;301;Privada;;;127;21.83;;;190;6.16;;;1;8;;;401-500;3.46;;;201-250;201-250;4.21
2025;engenharia-civil;Instituto Federal de Educação, Ciência e Tecnologia da Paraíba;PB;301;Federal;;;138;21.38;;;111;6.93;;;1;8;;;401-500;3.5;;;101;351-400;2.95
2025;engenharia-civil;Faculdade Unisul de Florianópolis;SC;351;Privada;;;201-250;18.8;;;201-250;5.99;;;301-350;4.64;;;121;6.82;;;251-300;501-600;1.35
2025;engenharia-civil;Instituto Federal de Educação, Ciência e Tecnologia de Minas Gerais;MG;351;Federal;;;143;21.16;;;86;7.17;;;1;8;;;501-600;2.74;;;103;301-350;3.25
2025;engenharia-civil;Instituto Federal de Educação, Ciência e Tecnologia do Sertão Pernambucano;PE;351;Federal;;;201-250;19.01;;;56;7.46;;;1;8;;;501-600;2.47;;;113;501-600;1.08
2025;engenharia-civil;Centro Universitário do Planalto Central Apparecido dos Santos;DF;351;Privada;;;201-250;18.84;;;251-300;5.36;;;351-400;4.47;;;251-300;5.09;;;251-300;251-300;3.92
2025;engenharia-civil;Universidade Estadual da Região Tocantina do Maranhão;MA;351;Estadual;;;148;20.93;;;166;6.39;;;1;8;;;701-800;0.54;;;104;1;6
2025;engenharia-civil;Faculdade Unirb - Parnaíba;PI;351;Privada;;;149;20.91;;;701-800;0.39;;;1;8;;;152;6.52;;;251-300;1;6
2025;engenharia-civil;Faculdade Unirb - Arapiraca;AL;351;Privada;;;184;19.93;;;701-800;1.04;;;1;8;;;201-250;6.04;;;251-300;141;4.85
2025;engenharia-civil;Faculdades Oswaldo Cruz;SP;351;Privada;;;197;19.43;;;168;6.37;;;401-500;3.9;;;251-300;5.1;;;251-300;201-250;4.06
2025;engenharia-civil;Faculdade Unirb - Aracaju;SE;351;Privada;;;170;20.48;;;601-700;1.92;;;1;8;;;103;7;;;251-300;251-300;3.56
2025;engenharia-civil;União das Faculdades dos Grandes Lagos;SP;351;Privada;;;181;20.05;;;351-400;4.3;;;1;8;;;401-500;3.35;;;251-300;196;4.4
2025;engenharia-civil;Faculdade de Excelência Unex de Itabuna;BA;351;Privada;;;159;20.73;;;501-600;2.85;;;1;8;;;118;6.85;;;251-300;351-400;3.03
2025;engenharia-civil;Centro Universitário Metropolitano da Amazônia;PA;351;Privada;;;201-250;18.83;;;197;6.09;;;251-300;5.37;;;351-400;4.48;;;251-300;351-400;2.89
2025;engenharia-civil;Centro Universitário Católica de Quixadá;CE;351;Privada;;;158;20.76;;;301-350;5.02;;;301-350;4.86;;;154;6.5;;;251-300;198;4.38
2025;engenharia-civil;Centro Universitário Fanor Wyden;CE;351;Privada;;;192;19.57;;;351-400;4.44;;;601-700;1.99;;;89;7.14;;;251-300;1;6
2025;engenharia-civil;Centro Universitário do Estado do Pará;PA;351;Privada;;;201-250;18.65;;;100;7.03;;;301-350;4.87;;;351-400;4.31;;;251-300;401-500;2.44
2025;engenharia-civil;Faculdade de Tecnologia e Ciências;PE;351;Privada;;;201-250;19.24;;;501-600;3;;;1;8;;;128;6.76;;;251-300;501-600;1.48
2025;engenharia-civil;Centro Universitário Santa Maria;PB;351;Privada;;;170;20.48;;;301-350;4.95;;;1;8;;;301-350;4.67;;;251-300;351-400;2.86
2025;engenharia-civil;Centro Universitário Uniasselvi de Guaramirim;SC;351;Privada;;;188;19.62;;;601-700;1.53;;;1;8;;;251-300;5.21;;;251-300;137;4.88
2025;engenharia-civil;Faculdade Educacional de Medianeira;PR;351;Privada;;;200;19.33;;;172;6.33;;;401-500;3.6;;;351-400;4.1;;;251-300;86;5.3
2025;engenharia-civil;Centro Universitário Vértice;MG;351;Privada;;;176;20.42;;;174;6.31;;;1;8;;;701-800;1.14;;;251-300;126;4.97
2025;engenharia-civil;Faculdade Multivix Serra;ES;351;Privada;;;180;20.06;;;116;6.88;;;351-400;4.03;;;401-500;3.15;;;251-300;1;6
2025;engenharia-civil;Instituto Federal de Educação, Ciência e Tecnologia de Sergipe;SE;351;Federal;;;199;19.37;;;138;6.66;;;1;8;;;401-500;3.52;;;111;501-600;1.19
2025;engenharia-civil;Centro Universitário Brasileiro;PE;351;Privada;;;165;20.56;;;351-400;4.39;;;351-400;4.35;;;47;7.55;;;251-300;201-250;4.27
2025;engenharia-civil;Centro Universitário Mario Pontes Jucá;AL;351;Privada;;;201-250;18.67;;;601-700;1.37;;;1;8;;;401-500;3.92;;;251-300;76;5.38
2025;engenharia-civil;Instituto Federal de Educação, Ciência e Tecnologia do Espírito Santo;ES;351;Federal;;;154;20.87;;;13;7.88;;;201-250;5.79;;;301-350;4.95;;;106;401-500;2.25
2025;engenharia-civil;Faculdade de Excelência Unex de Jequié;BA;351;Privada;;;201-250;18.67;;;501-600;2.79;;;1;8;;;192;6.13;;;251-300;501-600;1.75
2025;engenharia-civil;Faculdades Integradas Maria Imaculada;SP;351;Privada;;;201-250;18.94;;;301-350;4.94;;;201-250;5.71;;;251-300;5.08;;;251-300;301-350;3.21
2025;engenharia-civil;Instituto Federal de Educação, Ciência e Tecnologia de Mato Grosso do Sul;MS;351;Federal;;;201-250;19.25;;;201-250;5.82;;;1;8;;;601-700;1.56;;;112;251-300;3.87
2025;engenharia-civil;Centro Universitário Serra dos Órgãos;RJ;351;Privada;;;144;21.08;;;201-250;5.75;;;201-250;5.61;;;172;6.32;;;201-250;301-350;3.4
2025;engenharia-civil;Christus Faculdade do Piauí;PI;351;Privada;;;163;20.58;;;301-350;4.62;;;1;8;;;601-700;1.96;;;251-300;1;6
2025;engenharia-civil;Faculdade Venda Nova do Imigrante;ES;351;Privada;;;201-250;18.65;;;58;7.44;;;251-300;5.36;;;401-500;3.16;;;251-300;401-500;2.69
2025;engenharia-civil;Centro Universitário Uniasselvi de Blumenau ;SC;351;Privada;;;152;20.88;;;251-300;5.28;;;251-300;5.17;;;251-300;5.07;;;251-300;79;5.36
2025;engenharia-civil;Centro Universitário Adventista de São Paulo;SP;351;Privada;;;185;19.89;;;51;7.51;;;401-500;3.42;;;251-300;5.3;;;251-300;251-300;3.66
2025;engenharia-civil;Universidade Estadual da Paraíba;PB;351;Estadual;;;152;20.88;;;103;7.01;;;1;8;;;601-700;1.94;;;105;251-300;3.93
2025;engenharia-civil;Centro Universitário de Ciências e Empreendedorismo;BA;351;Privada;;;186;19.79;;;401-500;3.3;;;1;8;;;351-400;4.23;;;251-300;201-250;4.26
2025;engenharia-civil;Instituto Federal de Educação, Ciência e Tecnologia do Norte de Minas Gerais;MG;351;Federal;;;172;20.46;;;114;6.9;;;1;8;;;601-700;2.07;;;108;301-350;3.49
2025;engenharia-civil;Centro Universitário Integrado de Campo Mourão;PR;351;Privada;;;162;20.67;;;301-350;4.68;;;1;8;;;152;6.52;;;251-300;501-600;1.47
2025;engenharia-civil;Instituto Federal de Educação, Ciência e Tecnologia do Tocantins;TO;351;Federal;;;195;19.49;;;164;6.41;;;1;8;;;501-600;2.75;;;110;401-500;2.33
2025;engenharia-civil;Faculdade de Imperatriz Wyden;MA;351;Privada;;;201-250;18.72;;;701-800;0.66;;;251-300;5.26;;;123;6.8;;;251-300;1;6
2025;engenharia-civil;Centro Universitário Ruy Barbosa Wyden;BA;351;Privada;;;192;19.57;;;351-400;4.46;;;601-700;1.96;;;88;7.15;;;251-300;1;6
2025;engenharia-civil;Faculdade Anhanguera de Sorocaba;SP;351;Privada;;;201-250;19.16;;;501-600;2.58;;;301-350;5.01;;;42;7.6;;;251-300;201-250;3.97
2025;engenharia-civil;Centro Universitário FBV Wyden;PE;351;Privada;;;201-250;18.8;;;301-350;4.92;;;701-800;0.44;;;58;7.44;;;251-300;1;6
2025;engenharia-civil;Instituto Federal de Educação, Ciência e Tecnologia do Pará;PA;351;Federal;;;186;19.79;;;123;6.81;;;1;8;;;401-500;3.36;;;109;501-600;1.62
2025;engenharia-civil;Centro Universitário Ages;BA;351;Privada;;;172;20.46;;;301-350;5.01;;;201-250;5.63;;;97;7.06;;;251-300;351-400;2.76
2025;engenharia-civil;Faculdade Unirb - Natal;RN;351;Privada;;;164;20.58;;;601-700;2.15;;;1;8;;;351-400;4.43;;;251-300;1;6
2025;engenharia-civil;Instituto Universitário São Judas de São Bernardo do Campo;SP;351;Privada;;;145;21.07;;;201-250;5.78;;;1;8;;;73;7.29;;;201-250;;
2025;engenharia-civil;Centro Universitário Uniftc;BA;351;Privada;;;149;20.91;;;251-300;5.08;;;1;8;;;18;7.83;;;251-300;;
2025;engenharia-civil;Universidade Federal de Alfenas;MG;351;Federal;;;157;20.78;;;301-350;4.78;;;1;8;;;1;8;;;107;;
2025;engenharia-civil;Centro Universitário Unirb;BA;351;Privada;;;201-250;19.31;;;601-700;1.36;;;1;8;;;201-250;5.72;;;251-300;201-250;4.23
2025;engenharia-civil;Faculdade Unirb - Feira de Santana;BA;351;Privada;;;177;20.39;;;601-700;1.36;;;1;8;;;301-350;5.03;;;251-300;1;6
2025;engenharia-civil;Centro Universitário Ibmec;RJ;351;Privada;;;175;20.43;;;163;6.42;;;701-800;0.29;;;30;7.72;;;251-300;1;6
2025;engenharia-civil;Faculdades Integradas Einstein de Limeira;SP;401;Privada;;;251-300;17.78;;;124;6.8;;;501-600;2.74;;;501-600;2.24;;;301-350;1;6
2025;engenharia-civil;Faculdade 05 de Julho;CE;401;Privada;;;201-250;18.36;;;351-400;4.12;;;1;8;;;181;6.24;;;251-300;;
2025;engenharia-civil;Centro Universitário do Norte de São Paulo;SP;401;Privada;;;351-400;15.11;;;601-700;1.42;;;251-300;5.27;;;501-600;2.42;;;351-400;1;6
2025;engenharia-civil;Centro Universitário do Espírito Santo;ES;401;Privada;;;351-400;15.52;;;60;7.42;;;501-600;2.5;;;351-400;4.24;;;351-400;501-600;1.36
2025;engenharia-civil;Centro Universitário Estácio de Ribeirão Preto;SP;401;Privada;;;251-300;17.59;;;501-600;2.97;;;401-500;3.96;;;166;6.38;;;301-350;201-250;4.28
2025;engenharia-civil;Centro Universitário da Amazônia Belém;PA;401;Privada;;;251-300;16.84;;;201-250;5.8;;;301-350;4.57;;;251-300;5.39;;;301-350;501-600;1.08
2025;engenharia-civil;Faculdade de Engenharia de Resende;RJ;401;Privada;;;401-500;14.51;;;401-500;3.44;;;601-700;1.44;;;401-500;3.63;;;351-400;1;6
2025;engenharia-civil;Centro Universitário das Faculdades Associadas de Ensino;SP;401;Municipal;;;301-350;15.57;;;601-700;1.69;;;501-600;2.98;;;301-350;4.9;;;118;1;6
2025;engenharia-civil;Centro Universitário Faema;RO;401;Privada;;;251-300;18.07;;;401-500;3.91;;;1;8;;;701-800;1;;;301-350;103;5.16
2025;engenharia-civil;Centro Universitário Unifaat;SP;401;Privada;;;351-400;14.94;;;401-500;3.29;;;501-600;2.73;;;351-400;4.55;;;351-400;200;4.37
2025;engenharia-civil;Faculdade Castro Alves;BA;401;Privada;;;301-350;15.8;;;601-700;1.36;;;1;8;;;160;6.44;;;351-400;;
2025;engenharia-civil;Escola Superior Dom Helder Câmara;MG;401;Privada;;;201-250;18.37;;;201-250;6.04;;;401-500;3.44;;;251-300;5.34;;;251-300;251-300;3.55
2025;engenharia-civil;Faculdade de Ensino Superior de Floriano;PI;401;Privada;;;351-400;14.72;;;701-800;0.39;;;1;8;;;601-700;1.67;;;351-400;164;4.66
2025;engenharia-civil;Universidade Luterana do Brasil;RS;401;Privada;;;251-300;16.89;;;251-300;5.55;;;301-350;4.69;;;301-350;4.88;;;301-350;501-600;1.77
2025;engenharia-civil;Centro Universitário Católica do Tocantins;TO;401;Privada;;;401-500;14.57;;;351-400;4.43;;;401-500;3.37;;;251-300;5.55;;;351-400;501-600;1.22
2025;engenharia-civil;Faculdade Galileu;SP;401;Privada;;;401-500;14.6;;;401-500;3.34;;;301-350;4.56;;;601-700;1.63;;;351-400;114;5.07
2025;engenharia-civil;Centro Universitário Piaget;SP;401;Privada;;;201-250;18.08;;;301-350;4.84;;;201-250;5.56;;;601-700;1.68;;;301-350;1;6
2025;engenharia-civil;Faculdade Ages de Senhor do Bonfim;BA;401;Privada;;;251-300;17.66;;;601-700;2.08;;;251-300;5.04;;;146;6.58;;;301-350;201-250;3.96
2025;engenharia-civil;Centro Universitário Estácio Juiz de Fora;MG;401;Privada;;;201-250;18.51;;;301-350;4.7;;;501-600;2.2;;;95;7.08;;;251-300;180;4.53
2025;engenharia-civil;Centro Universitário Sete de Setembro;CE;401;Privada;;;351-400;14.77;;;186;6.2;;;501-600;2.66;;;301-350;4.74;;;351-400;501-600;1.17
2025;engenharia-civil;Faculdade Estácio de Curitiba;PR;401;Privada;;;251-300;16.96;;;201-250;6.05;;;601-700;1.53;;;102;7.01;;;301-350;401-500;2.37
2025;engenharia-civil;Centro Universitário - Uniesp;PB;401;Privada;;;301-350;16;;;201-250;5.96;;;401-500;3.09;;;501-600;2.65;;;301-350;201-250;4.3
2025;engenharia-civil;Faculdade de Ciências Sociais Aplicadas do Vale do São Lourenço;MT;401;Privada;;;201-250;18.41;;;401-500;3.42;;;1;8;;;701-800;0.99;;;251-300;1;6
2025;engenharia-civil;Faculdade do Maranhão;MA;401;Privada;;;251-300;16.78;;;157;6.48;;;501-600;2.14;;;501-600;2.16;;;301-350;1;6
2025;engenharia-civil;Centro Universitário Unicuritiba;PR;401;Privada;;;201-250;18.36;;;251-300;5.15;;;351-400;4.19;;;197;6.08;;;251-300;351-400;2.94
2025;engenharia-civil;Ipog - Instituto de Pós-graduação & Graduação;GO;401;Privada;;;201-250;18.53;;;110;6.94;;;301-350;4.7;;;501-600;2.9;;;251-300;201-250;3.99
2025;engenharia-civil;Centro Universitário Itop;TO;401;Privada;;;251-300;17.45;;;601-700;1.86;;;1;8;;;501-600;2.55;;;301-350;118;5.04
2025;engenharia-civil;Faculdade Una de Pouso Alegre;MG;401;Privada;;;351-400;14.97;;;501-600;2.35;;;251-300;5.28;;;251-300;5.5;;;351-400;501-600;1.84
2025;engenharia-civil;Faculdade de Informática de Ouro Preto do Oeste;RO;401;Privada;;;301-350;15.84;;;501-600;2.66;;;1;8;;;701-800;0.23;;;301-350;129;4.95
2025;engenharia-civil;Centro Universitário Mater Dei;PR;401;Privada;;;301-350;16.67;;;183;6.22;;;1;8;;;701-800;0.89;;;301-350;501-600;1.56
2025;engenharia-civil;Faculdade Diplomata;BA;401;Privada;;;201-250;18.49;;;301-350;4.62;;;1;8;;;201-250;5.87;;;251-300;;
2025;engenharia-civil;Faculdade Metropolitana de Rio do Sul;SC;401;Privada;;;201-250;18.19;;;601-700;1.53;;;1;8;;;401-500;3.32;;;301-350;81;5.34
2025;engenharia-civil;Centro Universitário São Judas Tadeu;SP;401;Privada;;;251-300;17.21;;;351-400;4.49;;;351-400;4.37;;;108;6.95;;;301-350;501-600;1.4
2025;engenharia-civil;Centro Universitário de União da Vitória;PR;401;Municipal;;;251-300;17.26;;;251-300;5.41;;;1;8;;;801-900;0.02;;;116;251-300;3.83
2025;engenharia-civil;Universidade Professor Edson Antônio Velano;MG;401;Privada;;;201-250;18.42;;;501-600;3.01;;;251-300;5.51;;;201-250;5.88;;;251-300;201-250;4.02
2025;engenharia-civil;Faculdade Terra Nordeste;CE;401;Privada;;;251-300;17.56;;;251-300;5.54;;;301-350;4.97;;;501-600;3.05;;;301-350;201-250;4
2025;engenharia-civil;Faculdade Vértix Trirriense;RJ;401;Privada;;;351-400;15.05;;;601-700;1.64;;;1;8;;;701-800;0.41;;;351-400;123;5
2025;engenharia-civil;Centro Universitário de Excelência de Vitória da Conquista;BA;401;Privada;;;201-250;18.21;;;401-500;3.16;;;1;8;;;301-350;4.85;;;301-350;401-500;2.2
2025;engenharia-civil;Centro Universitário de Patos de Minas;MG;401;Privada;;;351-400;14.84;;;351-400;4.55;;;401-500;3.59;;;351-400;4.44;;;351-400;401-500;2.26
2025;engenharia-civil;Centro Universitário Luterano de Santarém;PA;401;Privada;;;301-350;15.72;;;351-400;4.32;;;301-350;4.66;;;401-500;3.93;;;351-400;351-400;2.81
2025;engenharia-civil;Faculdade da Alta Paulista;SP;401;Privada;;;351-400;15.15;;;351-400;4.28;;;501-600;2.99;;;401-500;4;;;351-400;251-300;3.88
2025;engenharia-civil;Centro Universitário Facid Wyden;PI;401;Privada;;;201-250;18.13;;;401-500;3.62;;;351-400;4.09;;;251-300;5.17;;;301-350;92;5.25
2025;engenharia-civil;Centro de Ensino Superior de Ilhéus;BA;401;Privada;;;351-400;15.09;;;155;6.5;;;401-500;3.95;;;701-800;0.85;;;351-400;251-300;3.79
2025;engenharia-civil;Faculdade Anhanguera de Anápolis;GO;401;Privada;;;351-400;15.31;;;401-500;3.73;;;301-350;4.8;;;156;6.48;;;351-400;601-700;0.3
2025;engenharia-civil;Centro Universitário Metrocamp Wyden;SP;401;Privada;;;251-300;16.8;;;401-500;3.35;;;501-600;2.28;;;201-250;5.96;;;301-350;97;5.21
2025;engenharia-civil;Faculdade Zacarias de Góes;BA;401;Privada;;;201-250;18.39;;;401-500;3.8;;;1;8;;;601-700;1.18;;;251-300;73;5.41
2025;engenharia-civil;Faculdade Anhanguera de Pelotas;RS;401;Privada;;;401-500;14.61;;;501-600;2.21;;;351-400;4.21;;;148;6.56;;;351-400;501-600;1.63
2025;engenharia-civil;Faculdade Icesp;DF;401;Privada;;;251-300;16.81;;;501-600;2.42;;;401-500;3.1;;;251-300;5.29;;;301-350;1;6
2025;engenharia-civil;Faculdade de Tecnologia e Ciências da Bahia;BA;401;Privada;;;351-400;15.23;;;601-700;1.86;;;1;8;;;701-800;0.64;;;351-400;156;4.73
2025;engenharia-civil;Centro Universitário de Caratinga;MG;401;Privada;;;351-400;15.27;;;401-500;3.84;;;301-350;4.67;;;501-600;3.09;;;351-400;251-300;3.67
2025;engenharia-civil;UGV Centro Universitário;PR;401;Privada;;;351-400;14.72;;;251-300;5.37;;;501-600;2.85;;;701-800;0.5;;;351-400;1;6
2025;engenharia-civil;Faculdade Ages de Jacobina;BA;401;Privada;;;351-400;14.98;;;501-600;3.02;;;301-350;4.77;;;251-300;5.38;;;351-400;501-600;1.81
2025;engenharia-civil;Faculdade Brasileira de Tecnologia-BA;BA;401;Privada;;;301-350;16.19;;;601-700;1.36;;;1;8;;;301-350;5.03;;;301-350;501-600;1.8
2025;engenharia-civil;Centro Universitário FG;BA;401;Privada;;;251-300;16.8;;;171;6.34;;;351-400;4.11;;;351-400;4.37;;;301-350;401-500;1.98
2025;engenharia-civil;Faculdade Cesumar de Ponta Grossa;PR;401;Privada;;;351-400;15.2;;;301-350;4.75;;;601-700;1.34;;;401-500;3.11;;;351-400;1;6
2025;engenharia-civil;Faculdade Evangélica de Goianésia;GO;401;Privada;;;301-350;16.32;;;251-300;5.56;;;351-400;4.5;;;351-400;4.33;;;301-350;401-500;1.93
2025;engenharia-civil;Centro Universitário União das Américas Descomplica;PR;401;Privada;;;301-350;15.96;;;251-300;5.47;;;251-300;5.51;;;501-600;2.93;;;301-350;401-500;2.05
2025;engenharia-civil;Faculdade de Ciências Sociais e Agrárias de Itapeva;SP;401;Privada;;;251-300;16.68;;;401-500;3.78;;;1;8;;;601-700;1.85;;;301-350;351-400;3.05
2025;engenharia-civil;Instituto de Ensino Superior de Cuiabá;MT;401;Privada;;;251-300;17.11;;;701-800;1.1;;;1;8;;;501-600;2.88;;;301-350;107;5.13
2025;engenharia-civil;Centro Universitário de Desenvolvimento do Centro-Oeste;GO;401;Privada;;;201-250;18.64;;;351-400;4.56;;;351-400;4.13;;;251-300;5.14;;;251-300;146;4.81
2025;engenharia-civil;Centro Universitário Geraldo Di Biase;RJ;401;Privada;;;301-350;16.12;;;401-500;3.61;;;251-300;5.06;;;351-400;4.13;;;301-350;301-350;3.32
2025;engenharia-civil;Centro Universitário Municipal de Franca;SP;401;Municipal;;;201-250;18.62;;;153;6.52;;;501-600;2.16;;;301-350;4.65;;;114;87;5.29
2025;engenharia-civil;Faculdade Anhanguera do Ceará;CE;401;Privada;;;301-350;16.24;;;351-400;4.12;;;301-350;4.54;;;45;7.57;;;301-350;701-800;0.01
2025;engenharia-civil;Faculdade Ideal Wyden;PA;401;Privada;;;251-300;17.47;;;401-500;3.7;;;501-600;2.59;;;201-250;5.73;;;301-350;68;5.45
2025;engenharia-civil;Centro Universitário da Vitória de Santo Antão;PE;401;Privada;;;301-350;16.01;;;601-700;2.01;;;1;8;;;301-350;4.97;;;301-350;601-700;1.03
2025;engenharia-civil;Centro Universitário Estácio de Santa Catarina;SC;401;Privada;;;301-350;15.82;;;401-500;4.01;;;401-500;3.84;;;251-300;5.23;;;351-400;351-400;2.74
2025;engenharia-civil;Centro Universitário Natalense;RN;401;Privada;;;351-400;15.25;;;601-700;2.15;;;1;8;;;401-500;3.94;;;351-400;501-600;1.16
2025;engenharia-civil;Centro Universitário Faminas;MG;401;Privada;;;201-250;18.6;;;127;6.77;;;401-500;3.47;;;186;6.19;;;251-300;401-500;2.17
2025;engenharia-civil;Centro Universitário Tocantinense Presidente Antônio Carlos;TO;401;Privada;;;201-250;18.59;;;251-300;5.52;;;301-350;4.82;;;301-350;4.6;;;251-300;251-300;3.65
2025;engenharia-civil;Faculdade Anhanguera de Macapá;AP;401;Privada;;;251-300;17.54;;;201-250;5.84;;;201-250;5.82;;;201-250;5.75;;;301-350;701-800;0.13
2025;engenharia-civil;Faculdade Alis de Itabirito;MG;401;Privada;;;401-500;14.51;;;401-500;3.75;;;301-350;4.9;;;401-500;3.33;;;351-400;401-500;2.53
2025;engenharia-civil;Centro Universitário Unibras Rio Verde;GO;401;Privada;;;251-300;17.68;;;601-700;1.62;;;1;8;;;401-500;3.43;;;301-350;168;4.63
2025;engenharia-civil;Faculdade Dom Alberto;RS;401;Privada;;;351-400;15.02;;;701-800;0.33;;;401-500;3.5;;;251-300;5.19;;;351-400;1;6
2025;engenharia-civil;Centro Universitário Unifatecie;PR;401;Privada;;;251-300;17.98;;;251-300;5.2;;;1;8;;;601-700;1.58;;;301-350;301-350;3.2
2025;engenharia-civil;Faculdade Brasileira de Tecnologia-SE;SE;401;Privada;;;251-300;16.82;;;601-700;1.92;;;1;8;;;113;6.9;;;301-350;;
2025;engenharia-civil;Centro Universitário Farias Brito;CE;401;Privada;;;251-300;16.87;;;41;7.61;;;501-600;3;;;401-500;3.76;;;301-350;401-500;2.5
2025;engenharia-civil;Centro Universitário Redentor;RJ;401;Privada;;;301-350;16.27;;;301-350;4.99;;;201-250;5.71;;;401-500;3.34;;;301-350;401-500;2.23
2025;engenharia-civil;Faculdade Anhanguera do Rio Grande;RS;401;Privada;;;251-300;16.9;;;44;7.58;;;401-500;3.11;;;188;6.17;;;301-350;701-800;0.04
2025;engenharia-civil;Faculdade Anhanguera de Dourados;MS;401;Privada;;;301-350;16.17;;;251-300;5.12;;;351-400;4.04;;;137;6.67;;;301-350;601-700;0.34
2025;engenharia-civil;Centro Universitário Ateneu;CE;401;Privada;;;251-300;17.08;;;301-350;4.9;;;501-600;2.53;;;157;6.47;;;301-350;301-350;3.18
2025;engenharia-civil;Faculdade de Ciências e Saúde Edufor;MA;401;Privada;;;301-350;15.93;;;501-600;2.92;;;1;8;;;701-800;0.31;;;301-350;159;4.7
2025;engenharia-civil;Faculdade Cnec Itajaí;SC;401;Privada;;;351-400;15.11;;;301-350;4.66;;;351-400;4.28;;;501-600;2.48;;;351-400;251-300;3.69
2025;engenharia-civil;Universidade de Rio Verde;GO;401;Municipal;;;201-250;18.08;;;179;6.26;;;201-250;5.78;;;351-400;4.47;;;115;501-600;1.57
2025;engenharia-civil;Centro Universitário Una de Uberlândia;MG;401;Privada;;;301-350;16.43;;;401-500;3.39;;;401-500;3.73;;;150;6.54;;;301-350;351-400;2.77
2025;engenharia-civil;Centro Universitário Fasipe;MT;401;Privada;;;251-300;17.44;;;201-250;5.82;;;351-400;4.12;;;601-700;1.5;;;301-350;1;6
2025;engenharia-civil;Faculdade Uninassau Petrolina;PE;401;Privada;;;301-350;16.24;;;301-350;4.92;;;401-500;3.4;;;401-500;4.06;;;301-350;251-300;3.86
2025;engenharia-civil;Centro Universitário Ritter dos Reis;RS;401;Privada;;;351-400;14.8;;;351-400;4.53;;;501-600;2.71;;;251-300;5.2;;;351-400;401-500;2.36
2025;engenharia-civil;Faculdade Multivix Vila Velha;ES;401;Privada;;;351-400;14.76;;;501-600;2.56;;;301-350;5;;;501-600;2.14;;;351-400;115;5.06
2025;engenharia-civil;Centro Universitário Unifacear;PR;401;Privada;;;251-300;17.88;;;251-300;5.1;;;501-600;2.14;;;251-300;5.48;;;301-350;103;5.16
2025;engenharia-civil;Centro Universitário Unifacig;MG;401;Privada;;;301-350;16.2;;;251-300;5.18;;;301-350;4.53;;;501-600;2.43;;;301-350;201-250;4.06
2025;engenharia-civil;Unama Faculdade da Amazônia de Macapá;AP;401;Privada;;;351-400;15.06;;;401-500;3.64;;;301-350;4.97;;;159;6.45;;;351-400;;
2025;engenharia-civil;Instituto Federal de Educação, Ciência e Tecnologia do Amapá;AP;401;Federal;;;301-350;16.2;;;74;7.29;;;1;8;;;701-800;0.91;;;117;;
2025;engenharia-civil;Centro Universitário Fundação Santo André;SP;401;Privada;;;351-400;15.46;;;201-250;5.69;;;701-800;0.4;;;301-350;4.76;;;351-400;170;4.61
2025;engenharia-civil;Centro Universitário Cathedral;MT;401;Privada;;;201-250;18.43;;;251-300;5.16;;;1;8;;;601-700;1.93;;;251-300;301-350;3.34
2025;engenharia-civil;Faculdade Imesp Monitor;SP;401;Privada;;;301-350;16.62;;;701-800;0.62;;;1;8;;;1;8;;;301-350;;
2025;engenharia-civil;Faculdade Marechal Rondon;RO;401;Privada;;;251-300;17.96;;;251-300;5.22;;;1;8;;;701-800;0.29;;;301-350;190;4.45
2025;engenharia-civil;Faculdade de Guarantã do Norte;MT;401;Privada;;;351-400;15.01;;;801-900;0.04;;;1;8;;;701-800;0.97;;;351-400;1;6
2025;engenharia-civil;Centro Universitário Paraíso;CE;401;Privada;;;301-350;16.63;;;45;7.57;;;351-400;4.25;;;351-400;4.12;;;301-350;601-700;0.69
2025;engenharia-civil;Centro Universitário Luterano de Palmas;TO;401;Privada;;;251-300;16.86;;;251-300;5.45;;;351-400;4.39;;;301-350;4.7;;;301-350;401-500;2.32
2025;engenharia-civil;Faculdade Esamc Uberlândia;MG;401;Privada;;;301-350;15.75;;;401-500;3.37;;;1;8;;;601-700;1.7;;;351-400;401-500;2.68
2025;engenharia-civil;Faculdade de Tecnologia de Piracicaba - Fatep;SP;501;Privada;;;501-600;12.51;;;501-600;2.45;;;401-500;3.46;;;401-500;3.14;;;401-500;301-350;3.46
2025;engenharia-civil;Centro Universitário do Distrito Federal;DF;501;Privada;;;401-500;13.11;;;401-500;3.68;;;601-700;1.61;;;139;6.65;;;401-500;501-600;1.17
2025;engenharia-civil;Centro Universitário Santa Maria da Glória;PR;501;Privada;;;501-600;11.86;;;501-600;2.94;;;251-300;5.42;;;501-600;2.99;;;401-500;601-700;0.51
2025;engenharia-civil;Centro Universitário de Tecnologia de Curitiba;PR;501;Privada;;;501-600;11.81;;;401-500;3.51;;;601-700;1.17;;;501-600;3.02;;;401-500;201-250;4.11
2025;engenharia-civil;Faculdade São Francisco do Ceará;CE;501;Privada;;;401-500;13.14;;;201-250;5.77;;;701-800;0.2;;;601-700;2.06;;;401-500;109;5.11
2025;engenharia-civil;Faculdade Anhanguera de Rio Branco;AC;501;Privada;;;401-500;13.33;;;401-500;3.57;;;401-500;3.87;;;201-250;5.86;;;401-500;701-800;0.03
2025;engenharia-civil;Centro Universitário Unifateb;PR;501;Privada;;;401-500;12.9;;;501-600;2.95;;;501-600;2.29;;;401-500;3.24;;;401-500;193;4.42
2025;engenharia-civil;Faculdade Vale do Gorutuba;MG;501;Privada;;;501-600;12.25;;;501-600;2.22;;;401-500;3.45;;;401-500;3.86;;;401-500;401-500;2.72
2025;engenharia-civil;Faculdade Vale do Aço;MA;501;Privada;;;501-600;11.77;;;401-500;3.8;;;501-600;2.42;;;701-800;0.2;;;401-500;80;5.35
2025;engenharia-civil;Centro Universitário do Sul de Minas;MG;501;Privada;;;401-500;12.84;;;201-250;5.63;;;401-500;3.2;;;601-700;1.86;;;401-500;401-500;2.15
2025;engenharia-civil;Faculdade Estácio de Carapicuíba;SP;501;Privada;;;401-500;13.08;;;601-700;1.44;;;401-500;3.81;;;251-300;5.13;;;401-500;401-500;2.7
2025;engenharia-civil;Faculdade Quirinópolis;GO;501;Privada;;;401-500;13.82;;;351-400;4.51;;;401-500;3.22;;;801-900;0.09;;;351-400;1;6
2025;engenharia-civil;Faculdade Multivix São Mateus;ES;501;Privada;;;501-600;12.46;;;501-600;2.56;;;201-250;5.56;;;601-700;2.12;;;401-500;401-500;2.22
2025;engenharia-civil;Centro Universitário Augusto Motta;RJ;501;Privada;;;401-500;13.27;;;501-600;2.57;;;501-600;2.89;;;501-600;2.54;;;401-500;90;5.27
2025;engenharia-civil;Faculdades Integradas de Araraquara;SP;501;Privada;;;401-500;13.64;;;251-300;5.31;;;701-800;0.18;;;301-350;5;;;401-500;301-350;3.15
2025;engenharia-civil;Faculdade Dom Luis de Orleans e Bragança;BA;501;Privada;;;401-500;13.15;;;601-700;1.36;;;1;8;;;401-500;3.79;;;401-500;;
2025;engenharia-civil;Centro Universitário da Grande Dourados;MS;501;Privada;;;401-500;13.82;;;351-400;4.14;;;351-400;4.36;;;501-600;2.64;;;351-400;401-500;2.68
2025;engenharia-civil;Instituto Tecnológico e das Ciências Sociais Aplicadas e da Saúde do Centro Educ. N. Srª Auxiliadora;RJ;501;Privada;;;401-500;13.74;;;251-300;5.36;;;701-800;0.43;;;501-600;2.58;;;401-500;78;5.37
2025;engenharia-civil;Faculdade Unirb - Juazeiro;BA;501;Privada;;;401-500;13.79;;;601-700;1.36;;;1;8;;;351-400;4.43;;;351-400;;
2025;engenharia-civil;Faculdade Educacional Araucária;PR;501;Privada;;;401-500;13.71;;;601-700;1.47;;;251-300;5.26;;;301-350;4.69;;;401-500;401-500;2.29
2025;engenharia-civil;Faculdade Anhanguera de Divinópolis;MG;501;Privada;;;401-500;13.72;;;501-600;2.69;;;351-400;4.38;;;201-250;5.84;;;401-500;601-700;0.81
2025;engenharia-civil;Faculdade Uniguaçu;PR;501;Privada;;;501-600;11.91;;;351-400;4.23;;;401-500;3.79;;;501-600;2.37;;;401-500;501-600;1.52
2025;engenharia-civil;Faculdade Fasipe Cuiabá;MT;501;Privada;;;501-600;12.41;;;801-900;0.04;;;251-300;5.26;;;701-800;1.11;;;401-500;1;6
2025;engenharia-civil;Instituto Itapetiningano de Ensino Superior;SP;501;Privada;;;401-500;13.09;;;501-600;2.88;;;1;8;;;701-800;0.53;;;401-500;501-600;1.68
2025;engenharia-civil;Centro Universitário Presidente Antônio Carlos;MG;501;Privada;;;401-500;13.47;;;351-400;4.19;;;251-300;5.4;;;501-600;2.68;;;401-500;501-600;1.2
2025;engenharia-civil;Faculdade Anhanguera de Marabá;PA;501;Privada;;;401-500;14.21;;;251-300;5.25;;;401-500;3.11;;;201-250;5.78;;;351-400;701-800;0.07
2025;engenharia-civil;Centro Universitário Mais;GO;501;Privada;;;401-500;13.09;;;251-300;5.32;;;251-300;5.12;;;601-700;1.54;;;401-500;501-600;1.11
2025;engenharia-civil;Faculdade Cnec Rio das Ostras;RJ;501;Privada;;;501-600;11.88;;;501-600;3.1;;;701-800;1;;;601-700;1.78;;;401-500;1;6
2025;engenharia-civil;Faculdade de Rolim de Moura;RO;501;Privada;;;501-600;11.81;;;501-600;2.74;;;501-600;2.97;;;801-900;0.1;;;401-500;1;6
2025;engenharia-civil;Centro Universitário Ari de Sá;CE;501;Privada;;;401-500;14.19;;;148;6.57;;;501-600;2.07;;;601-700;1.96;;;351-400;251-300;3.59
2025;engenharia-civil;Centro Universitário de Presidente Prudente;SP;501;Privada;;;401-500;13.5;;;601-700;1.39;;;301-350;4.73;;;601-700;1.38;;;401-500;1;6
2025;engenharia-civil;Libertas - Faculdades Integradas;MG;501;Privada;;;401-500;14.33;;;701-800;0.9;;;201-250;5.53;;;601-700;1.9;;;351-400;1;6
2025;engenharia-civil;Centro Universitário das Faculdades Integradas de Ourinhos;SP;501;Privada;;;401-500;14.33;;;185;6.21;;;601-700;1.8;;;501-600;2.89;;;351-400;301-350;3.43
2025;engenharia-civil;Faculdade Estácio da Paraíba;PB;501;Privada;;;401-500;13.91;;;501-600;2.3;;;251-300;5.12;;;401-500;3.41;;;351-400;351-400;3.08
2025;engenharia-civil;Faculdade Internacional de São Luís;MA;501;Privada;;;501-600;12.28;;;401-500;3.42;;;601-700;1.94;;;701-800;0.92;;;401-500;1;6
2025;engenharia-civil;Faculdade Anhanguera de Bauru;SP;501;Privada;;;501-600;11.78;;;701-800;0.62;;;401-500;3.18;;;74;7.28;;;401-500;601-700;0.7
2025;engenharia-civil;Centro Universitário Atenas;MG;501;Privada;;;501-600;11.86;;;701-800;0.22;;;1;8;;;401-500;3.64;;;401-500;;
2025;engenharia-civil;Faculdade Anhanguera Franca;SP;501;Privada;;;401-500;12.95;;;701-800;0.87;;;401-500;3.71;;;41;7.61;;;401-500;601-700;0.76
2025;engenharia-civil;Faculdade Multivix Cariacica;ES;501;Privada;;;401-500;13.61;;;501-600;2.56;;;401-500;3.89;;;501-600;2.38;;;401-500;150;4.78
2025;engenharia-civil;Centro de Ensino Unificado do Piauí;PI;501;Privada;;;501-600;12.01;;;351-400;4.16;;;501-600;2.39;;;501-600;2.46;;;401-500;351-400;3
2025;engenharia-civil;Faculdade Anhanguera de Itapetininga;SP;501;Privada;;;401-500;13.4;;;701-800;0.62;;;251-300;5.04;;;28;7.74;;;401-500;;
2025;engenharia-civil;Faculdade Anhanguera de Feira de Santana;BA;501;Privada;;;501-600;12.52;;;501-600;2.19;;;401-500;3.16;;;149;6.55;;;401-500;601-700;0.62
2025;engenharia-civil;Centro Universitário Maurício de Nassau de Campina Grande;PB;501;Privada;;;401-500;13.15;;;501-600;2.3;;;351-400;4.27;;;351-400;4.56;;;401-500;401-500;2.02
2025;engenharia-civil;Faculdades Integradas Rui Barbosa;SP;501;Privada;;;401-500;13.57;;;701-800;1.05;;;1;8;;;501-600;2.8;;;401-500;501-600;1.72
2025;engenharia-civil;Faculdade Una de Divinópolis;MG;501;Privada;;;401-500;13.36;;;701-800;0.89;;;301-350;4.97;;;201-250;5.69;;;401-500;501-600;1.81
2025;engenharia-civil;Faculdade Anhanguera Unidade Paragominas;PA;501;Privada;;;401-500;13.85;;;701-800;0.97;;;251-300;5.31;;;50;7.52;;;351-400;701-800;0.05
2025;engenharia-civil;Faculdade Inova Mais de São Paulo;SP;501;Privada;;;401-500;13.63;;;701-800;0.62;;;401-500;3.94;;;1;8;;;401-500;601-700;1.07
2025;engenharia-civil;Faculdade Anhanguera de Santa Bárbara;SP;501;Privada;;;501-600;12.05;;;351-400;4.25;;;601-700;1.63;;;251-300;5.49;;;401-500;601-700;0.68
2025;engenharia-civil;Faculdades Integradas de Fernandópolis;SP;501;Privada;;;501-600;11.88;;;251-300;5.08;;;401-500;3.76;;;501-600;3.04;;;401-500;;
2025;engenharia-civil;Centro Universitário de Lins;SP;501;Privada;;;401-500;12.84;;;251-300;5.42;;;601-700;1.15;;;401-500;3.17;;;401-500;351-400;3.1
2025;engenharia-civil;Centro Universitário Maurício de Nassau de Fortaleza;CE;501;Privada;;;401-500;14.02;;;251-300;5.39;;;401-500;3.7;;;351-400;4.35;;;351-400;601-700;0.58
2025;engenharia-civil;Centro Universitário Estácio da Amazônia;RR;501;Privada;;;401-500;12.96;;;401-500;3.91;;;401-500;3.17;;;501-600;2.96;;;401-500;351-400;2.92
2025;engenharia-civil;Faculdade Estácio de Sá de Campo Grande;MS;501;Privada;;;501-600;12.35;;;601-700;2.07;;;501-600;3.01;;;401-500;3.74;;;401-500;301-350;3.53
2025;engenharia-civil;Faculdade de Ampére;PR;501;Privada;;;501-600;11.87;;;501-600;2.73;;;501-600;2.82;;;701-800;0.32;;;401-500;1;6
2025;engenharia-civil;Faculdade do Noroeste de Minas;MG;501;Privada;;;401-500;13.76;;;701-800;0.22;;;201-250;5.66;;;401-500;3.75;;;351-400;201-250;4.13
2025;engenharia-civil;Instituição de Ensino Superior de Cacoal;RO;501;Privada;;;401-500;13.2;;;160;6.45;;;251-300;5.12;;;701-800;0.49;;;401-500;501-600;1.14
2025;engenharia-civil;Centro Universitário Doctum de Teófilo Otoni;MG;501;Privada;;;501-600;12.48;;;701-800;0.22;;;1;8;;;401-500;3.42;;;401-500;601-700;0.84
2025;engenharia-civil;Universidade Ibirapuera;SP;501;Privada;;;501-600;11.99;;;701-800;0.62;;;251-300;5.31;;;199;6.06;;;401-500;;
2025;engenharia-civil;Faculdade Estácio do Rio Grande do Sul;RS;501;Privada;;;401-500;13.11;;;701-800;0.33;;;501-600;2.53;;;201-250;5.83;;;401-500;193;4.42
2025;engenharia-civil;Centro Universitário Brasília do Estado de Goiás;GO;501;Privada;;;401-500;13.19;;;401-500;4;;;401-500;3.14;;;501-600;2.15;;;401-500;251-300;3.9
2025;engenharia-civil;Centro Universitário Planalto do Distrito Federal;DF;501;Privada;;;401-500;13.69;;;501-600;2.42;;;1;8;;;601-700;2.03;;;401-500;501-600;1.24
2025;engenharia-civil;Faculdade Anhanguera de Maceió;AL;501;Privada;;;501-600;12.42;;;601-700;1.98;;;401-500;3.83;;;198;6.07;;;401-500;601-700;0.54
2025;engenharia-civil;Centro Universitário Gama e Souza;RJ;501;Privada;;;501-600;12.3;;;701-800;0.74;;;1;8;;;401-500;3.56;;;401-500;;
2025;engenharia-civil;Faculdade Anhanguera de Joinville;SC;501;Privada;;;501-600;11.7;;;501-600;3.08;;;501-600;2.95;;;251-300;5.43;;;401-500;701-800;0.24
2025;engenharia-civil;Faculdade de Tecnologia Ftec de Porto Alegre;RS;501;Privada;;;401-500;13.17;;;251-300;5.3;;;601-700;1.43;;;401-500;3.78;;;401-500;401-500;2.66
2025;engenharia-civil;Faculdade Mais de Ituiutaba;MG;501;Privada;;;401-500;13.57;;;501-600;2.89;;;251-300;5.12;;;501-600;2.59;;;401-500;351-400;2.97
2025;engenharia-civil;Centro Universitário Estácio de Brasília;DF;501;Privada;;;501-600;12.28;;;501-600;2.86;;;401-500;3.75;;;401-500;3.28;;;401-500;401-500;2.39
2025;engenharia-civil;Faculdades Doctum de Guarapari;ES;501;Privada;;;401-500;14.44;;;501-600;2.56;;;1;8;;;401-500;3.59;;;351-400;601-700;0.29
2025;engenharia-civil;Faculdade Unirb - Teresina;PI;501;Privada;;;401-500;14.33;;;701-800;0.39;;;1;8;;;201-250;5.94;;;351-400;;
2025;engenharia-civil;Centro Universitário da Fundação Herminio Ometto;SP;501;Privada;;;401-500;13.76;;;188;6.18;;;601-700;1.33;;;401-500;3.61;;;351-400;401-500;2.64
2025;engenharia-civil;Centro Universitário Luterano de Manaus;AM;501;Privada;;;401-500;12.63;;;501-600;2.77;;;251-300;5.32;;;351-400;4.54;;;401-500;;
2025;engenharia-civil;Faculdade Pitágoras Bacabal Mearim;MA;501;Privada;;;501-600;12.4;;;601-700;1.79;;;351-400;4.42;;;251-300;5.54;;;401-500;601-700;0.65
2025;engenharia-civil;Centro Universitário do Rio de Janeiro;RJ;501;Privada;;;501-600;12.44;;;701-800;1.17;;;301-350;4.97;;;174;6.3;;;401-500;;
2025;engenharia-civil;Faculdade Anhanguera de Jacareí;SP;501;Privada;;;501-600;12.45;;;401-500;3.26;;;501-600;2.17;;;141;6.63;;;401-500;601-700;0.39
2025;engenharia-civil;Faculdade Doctum de João Monlevade;MG;501;Privada;;;401-500;13.59;;;701-800;0.68;;;1;8;;;351-400;4.43;;;401-500;601-700;0.48
2025;engenharia-civil;Faculdade Gran Tietê;SP;501;Privada;;;501-600;11.67;;;401-500;3.92;;;251-300;5.51;;;701-800;0.7;;;401-500;501-600;1.54
2025;engenharia-civil;Faculdade Anhanguera de Valinhos;SP;501;Privada;;;501-600;12.51;;;601-700;1.83;;;401-500;3.24;;;109;6.94;;;401-500;601-700;0.5
2025;engenharia-civil;Faculdade Anhanguera de Rondonópolis;MT;501;Privada;;;401-500;13.08;;;501-600;2.77;;;351-400;4.22;;;251-300;5.32;;;401-500;601-700;0.77
2025;engenharia-civil;Faculdade Cristo Rei;PR;501;Privada;;;401-500;12.65;;;701-800;0.85;;;251-300;5.4;;;701-800;0.4;;;401-500;1;6
2025;engenharia-civil;Universidade Alto Vale do Rio do Peixe;SC;501;Privada;;;401-500;13.82;;;251-300;5.24;;;501-600;2.91;;;351-400;4.46;;;351-400;501-600;1.21
2025;engenharia-civil;Faculdade Anhanguera de Ponta Grossa;PR;501;Privada;;;501-600;11.99;;;501-600;3.1;;;401-500;3.58;;;301-350;4.87;;;401-500;601-700;0.44
2025;engenharia-civil;Centro Universitário do Cerrado-patrocínio;MG;501;Privada;;;501-600;11.73;;;501-600;2.96;;;351-400;4.17;;;401-500;3.37;;;401-500;501-600;1.23
2025;engenharia-civil;Faculdade Unibrasília de Minas Gerais;MG;501;Privada;;;501-600;11.99;;;701-800;1.15;;;251-300;5.26;;;501-600;2.13;;;401-500;301-350;3.45
2025;engenharia-civil;Centro Universitário Uniftec Bento Gonçalves;RS;501;Privada;;;401-500;13.98;;;251-300;5.46;;;701-800;0.52;;;351-400;4.3;;;351-400;251-300;3.7
2025;engenharia-civil;Centro Universitário de Adamantina;SP;501;Municipal;;;401-500;13.09;;;351-400;4.48;;;601-700;1.97;;;301-350;4.63;;;119;401-500;2.01
2025;engenharia-civil;Centro Universitário Cidade Verde;PR;501;Privada;;;501-600;12.25;;;701-800;0.85;;;1;8;;;401-500;3.4;;;401-500;;
2025;engenharia-civil;Faculdades Integradas Rio Branco;SP;501;Privada;;;501-600;12.18;;;701-800;0.62;;;1;8;;;401-500;3.56;;;401-500;;
2025;engenharia-civil;Faculdade Aldete Maria Alves;MG;501;Privada;;;401-500;12.95;;;701-800;0.22;;;1;8;;;301-350;4.73;;;401-500;;
2025;engenharia-civil;Faculdade Anhanguera de Jaú;SP;501;Privada;;;401-500;13.05;;;501-600;2.87;;;501-600;2.94;;;180;6.25;;;401-500;601-700;0.99
2025;engenharia-civil;Faculdade Promove de Curvelo;MG;501;Privada;;;401-500;14.22;;;201-250;5.57;;;601-700;1.94;;;601-700;1.78;;;351-400;131;4.93
2025;engenharia-civil;Centro Universitário dos Guararapes;PE;501;Privada;;;401-500;12.92;;;601-700;1.82;;;301-350;4.59;;;251-300;5.11;;;401-500;501-600;1.4
2025;engenharia-civil;Centro Universitário de Ciências e Tecnologia do Maranhão;MA;501;Privada;;;401-500;13.63;;;401-500;4.05;;;251-300;5.51;;;601-700;1.99;;;401-500;401-500;2.08
2025;engenharia-civil;Centro Universitário da Amazônia;PA;501;Privada;;;401-500;13.44;;;401-500;3.24;;;401-500;3.31;;;501-600;2.29;;;401-500;172;4.6
2025;engenharia-civil;Faculdade Anhanguera de Indaiatuba;SP;501;Privada;;;401-500;13;;;601-700;2.06;;;401-500;4;;;115;6.88;;;401-500;701-800;0.06
2025;engenharia-civil;Centro Universitário Maurício de Nassau de Cacoal;RO;501;Privada;;;501-600;11.93;;;351-400;4.54;;;351-400;4.29;;;601-700;1.98;;;401-500;501-600;1.12
2025;engenharia-civil;Faculdade Anhanguera de Poços de Caldas;MG;501;Privada;;;401-500;12.63;;;501-600;2.98;;;401-500;3.05;;;201-250;5.98;;;401-500;601-700;0.62
2025;engenharia-civil;Centro Universitário Fip-moc;MG;501;Privada;;;501-600;12.25;;;251-300;5.43;;;501-600;2.21;;;501-600;2.27;;;401-500;401-500;2.34
2025;engenharia-civil;Faculdade de Dracena;SP;501;Privada;;;401-500;12.73;;;601-700;1.75;;;401-500;3.94;;;701-800;1.04;;;401-500;1;6
2025;engenharia-civil;Faculdade Independente do Nordeste;BA;501;Privada;;;401-500;13.18;;;201-250;5.79;;;401-500;3.63;;;601-700;1.29;;;401-500;401-500;2.47
2025;engenharia-civil;Faculdade Anhanguera de São José-SC;SC;601;Privada;;;501-600;11.33;;;501-600;2.33;;;401-500;3.26;;;201-250;5.67;;;501-600;701-800;0.07
2025;engenharia-civil;Faculdade Anhanguera de Ciências Sociais Aplicadas de Sinop;MT;601;Privada;;;601-700;10.08;;;601-700;1.71;;;501-600;2.84;;;251-300;5.12;;;501-600;601-700;0.41
2025;engenharia-civil;Faculdade Novo Milênio;ES;601;Privada;;;501-600;11.09;;;401-500;3.44;;;501-600;2.41;;;701-800;1.09;;;501-600;201-250;4.15
2025;engenharia-civil;Centro Universitário Uni-ban;SP;601;Privada;;;601-700;10.94;;;701-800;0.62;;;1;8;;;501-600;2.32;;;501-600;;
2025;engenharia-civil;Faculdade Santa Rita de Cássia;GO;601;Privada;;;501-600;11.55;;;501-600;2.7;;;701-800;0.35;;;501-600;2.5;;;401-500;1;6
2025;engenharia-civil;Faculdade Souza Marques;RJ;601;Privada;;;601-700;10.33;;;701-800;0.74;;;501-600;2.09;;;401-500;3.68;;;501-600;251-300;3.82
2025;engenharia-civil;Centro Universitário de Formiga;MG;601;Privada;;;601-700;9.71;;;401-500;3.4;;;701-800;0.88;;;401-500;3.67;;;501-600;501-600;1.76
2025;engenharia-civil;Faculdade Irecê;BA;601;Privada;;;601-700;10.48;;;77;7.26;;;701-800;0.21;;;701-800;0.24;;;501-600;351-400;2.77
2025;engenharia-civil;Faculdade Dom Bosco de Porto Alegre;RS;601;Privada;;;601-700;10.11;;;701-800;0.33;;;1;8;;;601-700;1.78;;;501-600;;
2025;engenharia-civil;Faculdade Multivix Nova Venécia;ES;601;Privada;;;601-700;9.61;;;501-600;2.56;;;251-300;5.51;;;701-800;0.63;;;501-600;601-700;0.91
2025;engenharia-civil;Faculdade Mauá de Goiás;GO;601;Privada;;;501-600;11.4;;;601-700;1.62;;;1;8;;;601-700;1.78;;;401-500;;
2025;engenharia-civil;Faculdades Doctum de Ipatinga;MG;601;Privada;;;601-700;10.99;;;701-800;0.22;;;1;8;;;501-600;2.52;;;501-600;701-800;0.25
2025;engenharia-civil;Faculdade do Futuro;MG;601;Privada;;;501-600;11.3;;;401-500;3.48;;;601-700;1.94;;;601-700;1.57;;;501-600;201-250;4.31
2025;engenharia-civil;Centro Universitário Nobre de Feira de Santana;BA;601;Privada;;;501-600;11.11;;;601-700;1.36;;;201-250;5.76;;;401-500;3.99;;;501-600;;
2025;engenharia-civil;Centro Universitário das Américas;SP;601;Privada;;;601-700;10.46;;;501-600;2.42;;;701-800;0.23;;;301-350;4.72;;;501-600;351-400;3.09
2025;engenharia-civil;Centro de Ensino Superior do Amapá;AP;601;Privada;;;501-600;11.14;;;351-400;4.35;;;601-700;1.36;;;701-800;0.55;;;501-600;137;4.88
2025;engenharia-civil;Faculdade Anhanguera de Cascavel;PR;601;Privada;;;601-700;10.21;;;701-800;0.85;;;501-600;2.15;;;100;7.03;;;501-600;701-800;0.18
2025;engenharia-civil;Faculdade da Saúde e Ecologia Humana;MG;601;Privada;;;501-600;11.18;;;701-800;0.22;;;601-700;1.41;;;301-350;4.62;;;501-600;131;4.93
2025;engenharia-civil;Faculdade Anhanguera de Itabuna;BA;601;Privada;;;501-600;11.18;;;401-500;3.28;;;401-500;3.55;;;351-400;4.14;;;501-600;701-800;0.21
2025;engenharia-civil;Faculdade Esamc Santos;SP;601;Privada;;;601-700;9.72;;;601-700;1.38;;;301-350;4.63;;;701-800;0.21;;;501-600;301-350;3.5
2025;engenharia-civil;Centro Universitário Unifecaf;SP;601;Privada;;;501-600;11.01;;;501-600;2.22;;;201-250;5.75;;;601-700;1.82;;;501-600;501-600;1.22
2025;engenharia-civil;Centro Universitário Funcesi;MG;601;Privada;;;501-600;11.65;;;201-250;5.59;;;601-700;1.25;;;401-500;3.44;;;401-500;501-600;1.37
2025;engenharia-civil;Centro Universitário Ideau;RS;601;Privada;;;501-600;11.44;;;701-800;0.33;;;1;8;;;401-500;3.11;;;401-500;;
2025;engenharia-civil;Faculdade Santa Rita de Chapecó;SC;601;Privada;;;501-600;11.64;;;601-700;1.53;;;251-300;5.34;;;301-350;4.77;;;401-500;;
2025;engenharia-civil;Faculdade de Ensino de Minas Gerais;MG;601;Privada;;;501-600;11.25;;;201-250;5.85;;;501-600;2.6;;;501-600;2.63;;;501-600;701-800;0.17
2025;engenharia-civil;Faculdades Integradas dos Campos Gerais;PR;601;Privada;;;601-700;10.15;;;601-700;1.94;;;601-700;1.54;;;401-500;3.77;;;501-600;351-400;2.9
2025;engenharia-civil;Faculdade Esamc Sorocaba;SP;601;Privada;;;601-700;10.13;;;180;6.25;;;601-700;1.52;;;601-700;1.33;;;501-600;601-700;1.03
2025;engenharia-civil;Faculdades Integradas de Garanhuns;PE;601;Municipal;;;601-700;10.51;;;201-250;5.97;;;701-800;0.65;;;501-600;2.36;;;120;501-600;1.53
2025;engenharia-civil;Centro Universitário Campo Limpo Paulista;SP;601;Privada;;;601-700;10.27;;;501-600;2.69;;;501-600;2.48;;;701-800;0.17;;;501-600;131;4.93
2025;engenharia-civil;Faculdade Anhanguera de Caxias do Sul;RS;601;Privada;;;501-600;11.55;;;701-800;0.34;;;401-500;4.01;;;92;7.11;;;401-500;701-800;0.09
2025;engenharia-civil;Unama Faculdade da Amazônia de Boa Vista;RR;601;Privada;;;601-700;9.97;;;401-500;3.91;;;401-500;3.34;;;501-600;2.72;;;501-600;;
2025;engenharia-civil;Faculdade Estácio de Sá de Ourinhos;SP;601;Privada;;;501-600;11.3;;;701-800;1.12;;;501-600;2.38;;;401-500;4.04;;;501-600;251-300;3.76
2025;engenharia-civil;Faculdades Unificadas de Cataguases;MG;601;Privada;;;601-700;9.97;;;701-800;0.22;;;1;8;;;601-700;1.61;;;501-600;701-800;0.14
2025;engenharia-civil;Faculdade do Rio de Janeiro;RJ;601;Privada;;;601-700;10.01;;;701-800;0.74;;;501-600;2.53;;;701-800;0.74;;;501-600;1;6
2025;engenharia-civil;Faculdade de Tecnologia Ftec;RS;601;Privada;;;601-700;10.82;;;501-600;2.23;;;601-700;1.79;;;401-500;3.54;;;501-600;301-350;3.26
2025;engenharia-civil;Centro Universitário Salesiano;ES;601;Privada;;;501-600;11.13;;;301-350;5.05;;;601-700;1.1;;;501-600;2.33;;;501-600;401-500;2.65
2025;engenharia-civil;Universidade Católica de Pelotas;RS;601;Privada;;;601-700;10.96;;;401-500;3.98;;;501-600;2.35;;;601-700;1.59;;;501-600;351-400;3.04
2025;engenharia-civil;Faculdade Cesurg Marau;RS;601;Privada;;;601-700;9.85;;;401-500;3.13;;;301-350;4.83;;;601-700;1.89;;;501-600;;
2025;engenharia-civil;Faculdade Sociesc de Educação de São Bento do Sul;SC;601;Privada;;;501-600;11.41;;;251-300;5.44;;;401-500;3.48;;;501-600;2.49;;;401-500;;
2025;engenharia-civil;Faculdade Estácio do Amapá;AP;601;Privada;;;501-600;11.63;;;401-500;3.64;;;501-600;2.56;;;601-700;1.69;;;401-500;251-300;3.74
2025;engenharia-civil;Centro Universitário Mário Palmério;MG;601;Privada;;;601-700;9.98;;;351-400;4.52;;;401-500;3.97;;;701-800;1.02;;;501-600;601-700;0.47
2025;engenharia-civil;Centro Universitário Maurício de Nassau de Caruaru;PE;601;Privada;;;601-700;9.76;;;401-500;3.81;;;601-700;1.68;;;601-700;2.05;;;501-600;401-500;2.22
2025;engenharia-civil;Centro Universitário de Patos;PB;601;Privada;;;601-700;10.41;;;351-400;4.13;;;601-700;1.09;;;501-600;2.67;;;501-600;401-500;2.52
2025;engenharia-civil;Faculdade Anhanguera de Sumaré;SP;601;Privada;;;601-700;10.84;;;701-800;0.67;;;401-500;3.49;;;201-250;6.01;;;501-600;601-700;0.67
2025;engenharia-civil;Centro Universitário Maurício de Nassau de São Luís;MA;601;Privada;;;601-700;9.82;;;701-800;0.66;;;351-400;4.52;;;501-600;2.78;;;501-600;501-600;1.86
2025;engenharia-civil;Faculdades Integradas do Vale do Ivaí;PR;601;Privada;;;501-600;11.08;;;701-800;0.85;;;1;8;;;501-600;2.23;;;501-600;;
2025;engenharia-civil;Centro Universitário Anhanguera Pitágoras Unopar de Niterói;RJ;601;Privada;;;601-700;10.39;;;601-700;1.96;;;401-500;3.23;;;301-350;4.59;;;501-600;601-700;0.61
2025;engenharia-civil;Faculdade Anhanguera de Guarulhos;SP;601;Privada;;;601-700;10.58;;;701-800;1.09;;;401-500;3.85;;;251-300;5.41;;;501-600;701-800;0.23
2025;engenharia-civil;Faculdade São Francisco da Paraíba;PB;601;Privada;;;601-700;10.3;;;501-600;2.3;;;;;;;1;8;;;501-600;;
2025;engenharia-civil;Faculdade Anhanguera de Vitória da Conquista;BA;601;Privada;;;601-700;10.89;;;501-600;3.05;;;601-700;1.71;;;251-300;5.18;;;501-600;601-700;0.95
2025;engenharia-civil;Centro Universitário de Iporá;GO;601;Privada;;;501-600;11.27;;;501-600;2.71;;;401-500;3.66;;;701-800;0.82;;;501-600;201-250;4.08
2025;engenharia-civil;Faculdade Anhanguera de Itapecerica da Serra;SP;601;Privada;;;501-600;11.37;;;601-700;1.67;;;401-500;3.68;;;201-250;5.8;;;401-500;701-800;0.22
2025;engenharia-civil;Faculdade Guaraí;TO;601;Privada;;;601-700;9.95;;;501-600;2.43;;;501-600;2.49;;;701-800;1.07;;;501-600;201-250;3.96
2025;engenharia-civil;Universidade de Cruz Alta;RS;601;Privada;;;501-600;11.03;;;301-350;5;;;701-800;0.27;;;401-500;3.21;;;501-600;401-500;2.55
2025;engenharia-civil;Faculdade Unibras do Mato Grosso;MT;601;Privada;;;501-600;11.35;;;601-700;2.01;;;501-600;2.25;;;601-700;2;;;401-500;112;5.09
2025;engenharia-civil;Faculdade Anhanguera de Valparaíso;GO;601;Privada;;;601-700;9.53;;;501-600;2.24;;;501-600;2.23;;;301-350;4.98;;;501-600;701-800;0.08
2025;engenharia-civil;Faculdade Sinergia;SC;601;Privada;;;501-600;11.42;;;401-500;3.26;;;701-800;0.33;;;501-600;2.6;;;401-500;95;5.23
2025;engenharia-civil;Faculdade Estácio de Florianópolis;SC;601;Privada;;;601-700;10.47;;;601-700;1.53;;;601-700;1.94;;;103;7;;;501-600;;
2025;engenharia-civil;Centro Universitário de Votuporanga;SP;601;Privada;;;501-600;11.6;;;351-400;4.31;;;701-800;0.49;;;601-700;1.42;;;401-500;76;5.38
2025;engenharia-civil;Centro Universitário Estácio de São Paulo;SP;601;Privada;;;501-600;11.6;;;601-700;1.78;;;501-600;2.7;;;401-500;3.73;;;401-500;301-350;3.39
2025;engenharia-civil;Centro Universitário de Paulínia;SP;601;Privada;;;601-700;10.44;;;401-500;3.69;;;601-700;1.76;;;701-800;0.66;;;501-600;201-250;4.33
2025;engenharia-civil;Faculdade Hélio Rocha;BA;601;Privada;;;601-700;9.97;;;601-700;1.36;;;1;8;;;701-800;0.61;;;501-600;;
2025;engenharia-civil;Faculdade Anhanguera de Teixeira de Freitas;BA;601;Privada;;;601-700;10.16;;;401-500;3.99;;;601-700;1.78;;;401-500;3.96;;;501-600;601-700;0.43
2025;engenharia-civil;Faculdade Anhanguera de Paragominas;PA;601;Privada;;;601-700;10.01;;;401-500;3.73;;;601-700;1.39;;;401-500;3.95;;;501-600;601-700;0.94
2025;engenharia-civil;Instituto de Ensino Superior e Formação Avançada de Vitória;ES;601;Privada;;;601-700;10.75;;;501-600;2.56;;;1;8;;;801-900;0.16;;;501-600;701-800;0.03
2025;engenharia-civil;Centro Universitário Max Planck;SP;601;Privada;;;501-600;11.16;;;301-350;4.74;;;701-800;0.97;;;601-700;2.1;;;501-600;301-350;3.35
2025;engenharia-civil;Centro Universitário Fis;PE;601;Privada;;;601-700;10.02;;;401-500;3.5;;;501-600;2.68;;;701-800;0.96;;;501-600;351-400;2.88
2025;engenharia-civil;Faculdade Presidente Antônio Carlos de Ubá;MG;601;Privada;;;601-700;10.64;;;201-250;5.94;;;601-700;1.28;;;501-600;2.3;;;501-600;501-600;1.12
2025;engenharia-civil;Faculdade do Sul da Bahia;BA;601;Privada;;;601-700;10.39;;;501-600;3.02;;;601-700;1.98;;;701-800;0.34;;;501-600;117;5.05
2025;engenharia-civil;Faculdade Anhanguera Unidade Parauapebas;PA;601;Privada;;;501-600;11.61;;;601-700;1.66;;;601-700;1.6;;;301-350;4.93;;;401-500;301-350;3.42
2025;engenharia-civil;Instituto Universitário Una de Catalão;GO;601;Privada;;;601-700;9.84;;;501-600;2.81;;;501-600;2.87;;;501-600;2.28;;;501-600;501-600;1.88
2025;engenharia-civil;Centro Universitário da Região da Campanha;RS;601;Privada;;;501-600;11.25;;;201-250;5.87;;;701-800;0.48;;;701-800;0.37;;;501-600;180;4.53
2025;engenharia-civil;Faculdade Anhanguera de Imperatriz;MA;601;Privada;;;601-700;10.31;;;601-700;1.63;;;301-350;4.85;;;401-500;3.39;;;501-600;601-700;0.44
2025;engenharia-civil;Faculdade Finom de Patos de Minas;MG;601;Privada;;;601-700;10.34;;;351-400;4.2;;;601-700;1.2;;;701-800;1.03;;;501-600;251-300;3.91
2025;engenharia-civil;Centro Universitário Opet;PR;601;Privada;;;501-600;11.33;;;201-250;6.03;;;601-700;1.38;;;601-700;2.09;;;501-600;501-600;1.83
2025;engenharia-civil;Centro Universitário Metodista Izabela Hendrix;MG;601;Privada;;;501-600;11.59;;;701-800;0.22;;;401-500;3.94;;;501-600;2.32;;;401-500;109;5.11
2025;engenharia-civil;Faculdade Unibras do Norte Goiano;GO;601;Privada;;;601-700;10.26;;;601-700;1.68;;;401-500;3.28;;;351-400;4.26;;;501-600;601-700;1.04
2025;engenharia-civil;Faculdade Ibituruna;MG;601;Privada;;;501-600;11.44;;;701-800;0.22;;;1;8;;;601-700;1.78;;;401-500;501-600;1.44
2025;engenharia-civil;Faculdade Cgesp Goiânia;GO;601;Privada;;;601-700;10.7;;;601-700;1.62;;;701-800;0.29;;;351-400;4.32;;;501-600;187;4.47
2025;engenharia-civil;Faculdade Dom Pedro II de Tecnologia;BA;601;Privada;;;501-600;11.1;;;601-700;1.36;;;1;8;;;701-800;0.43;;;501-600;501-600;1.31
2025;engenharia-civil;Faculdade Presidente Antônio Carlos de Conselheiro Lafaiete;MG;601;Privada;;;601-700;10.89;;;251-300;5.29;;;501-600;2.92;;;601-700;1.65;;;501-600;601-700;1.03
2025;engenharia-civil;Faculdade Anhanguera de Linhares;ES;601;Privada;;;601-700;10.04;;;501-600;2.56;;;601-700;1.94;;;251-300;5.38;;;501-600;701-800;0.16
2025;engenharia-civil;Faculdade Anhanguera de Uberlândia;MG;601;Privada;;;501-600;11.05;;;401-500;3.18;;;351-400;4.08;;;501-600;2.91;;;501-600;601-700;0.88
2025;engenharia-civil;Faculdade Unibras Juazeiro;BA;601;Privada;;;601-700;10.71;;;401-500;3.71;;;601-700;1.94;;;601-700;1.43;;;501-600;251-300;3.63
2025;engenharia-civil;Faculdade Fatifajar Jaguariaíva;PR;601;Privada;;;601-700;10.89;;;401-500;3.88;;;301-350;4.62;;;701-800;0.35;;;501-600;401-500;2.04
2025;engenharia-civil;Faculdade de Direito de Alta Floresta;MT;601;Privada;;;601-700;10.42;;;701-800;1;;;351-400;4.23;;;701-800;0.95;;;501-600;201-250;4.24
2025;engenharia-civil;Faculdades Doctum de Caratinga;MG;601;Privada;;;501-600;11.53;;;701-800;0.22;;;1;8;;;601-700;2.02;;;401-500;501-600;1.29
2025;engenharia-civil;Faculdade de Educação de Jaru;RO;601;Privada;;;601-700;10.7;;;501-600;2.66;;;1;8;;;801-900;0.04;;;501-600;;
2025;engenharia-civil;Faculdade Guarapuava;PR;601;Privada;;;501-600;11.26;;;501-600;2.75;;;201-250;5.68;;;701-800;0.38;;;501-600;401-500;2.45
2025;engenharia-civil;Faculdade Faveni Guarulhos;SP;601;Privada;;;601-700;10.41;;;701-800;0.62;;;1;8;;;601-700;1.79;;;501-600;;
2025;engenharia-civil;Centro Universitário Maurício de Nassau de Parnaíba;PI;601;Privada;;;601-700;10.91;;;401-500;3.34;;;401-500;3.65;;;701-800;1.05;;;501-600;351-400;2.87
2025;engenharia-civil;Centro Universitário Dom Pedro II;BA;601;Privada;;;601-700;9.75;;;601-700;1.36;;;1;8;;;701-800;0.39;;;501-600;;
2025;engenharia-civil;Faculdade Anhanguera de Governador Valadares;MG;601;Privada;;;601-700;10.12;;;501-600;3.11;;;401-500;3.82;;;501-600;2.4;;;501-600;601-700;0.79
2025;engenharia-civil;Faculdade Internacional da Paraíba;PB;601;Privada;;;601-700;10.99;;;401-500;3.16;;;501-600;2.18;;;301-350;4.66;;;501-600;601-700;0.99
2025;engenharia-civil;Centro Universitário Anhangüera;SP;601;Privada;;;601-700;10.58;;;501-600;2.46;;;501-600;2.04;;;201-250;5.71;;;501-600;601-700;0.37
2025;engenharia-civil;Centro Universitário Unifacthus;MG;601;Privada;;;501-600;11.48;;;701-800;0.22;;;501-600;3.02;;;167;6.37;;;401-500;501-600;1.87
2025;engenharia-civil;Conservatório Brasileiro de Música;RJ;601;Privada;;;601-700;9.87;;;701-800;0.74;;;601-700;1.26;;;351-400;4.57;;;501-600;301-350;3.3
2025;engenharia-civil;Centro Universitário Santa Rita;MG;601;Privada;;;601-700;10.34;;;701-800;0.88;;;301-350;4.6;;;501-600;2.95;;;501-600;401-500;1.91
2025;engenharia-civil;Centro Universitário de Araras;SP;601;Privada;;;601-700;10.12;;;501-600;3.12;;;401-500;3.29;;;501-600;2.26;;;501-600;501-600;1.45
2025;engenharia-civil;Centro Universitário Unifafibe;SP;601;Privada;;;501-600;11.36;;;301-350;5.03;;;601-700;1.46;;;401-500;3.98;;;401-500;601-700;0.89
2025;engenharia-civil;Centro Universitário Tiradentes de Pernambuco;PE;701;Privada;;;601-700;9.2;;;601-700;1.82;;;701-800;0.94;;;351-400;4.49;;;501-600;401-500;1.95
2025;engenharia-civil;Faculdade Estácio São Paulo de Rondônia;RO;701;Privada;;;701-800;8.24;;;401-500;3.54;;;701-800;0.87;;;601-700;1.88;;;601-700;401-500;1.95
2025;engenharia-civil;Faculdade Pitágoras de Bacabal;MA;701;Privada;;;601-700;9.16;;;701-800;0.66;;;401-500;3.56;;;301-350;4.79;;;501-600;701-800;0.15
2025;engenharia-civil;Faculdade Pinhalzinho;SC;701;Privada;;;701-800;8.31;;;401-500;4.04;;;601-700;1.11;;;701-800;0.51;;;601-700;401-500;2.65
2025;engenharia-civil;Centro Universitário Unisep;PR;701;Privada;;;701-800;7.88;;;701-800;0.85;;;701-800;0.61;;;601-700;1.4;;;601-700;120;5.02
2025;engenharia-civil;Centro Universitário Estácio de Goiás;GO;701;Privada;;;701-800;8.19;;;601-700;1.62;;;701-800;0.74;;;201-250;5.83;;;601-700;;
2025;engenharia-civil;Faculdade Paschoal Dantas;SP;701;Privada;;;701-800;5.15;;;701-800;0.62;;;;;;;601-700;1.78;;;601-700;351-400;2.75
2025;engenharia-civil;Centro Universitário do Piauí;PI;701;Privada;;;701-800;6.22;;;701-800;0.98;;;501-600;2.67;;;701-800;0.67;;;601-700;401-500;1.9
2025;engenharia-civil;Centro Universitário La Salle;MT;701;Privada;;;601-700;9.51;;;301-350;4.81;;;501-600;2.27;;;701-800;0.76;;;501-600;501-600;1.67
2025;engenharia-civil;Faculdade Unesc-Unama;RO;701;Privada;;;701-800;6.52;;;501-600;2.66;;;501-600;2.31;;;701-800;0.69;;;601-700;601-700;0.86
2025;engenharia-civil;Faculdade UMFG;PR;701;Privada;;;701-800;8.65;;;199;6.07;;;;;;;701-800;0.72;;;601-700;501-600;1.86
2025;engenharia-civil;Centro de Ensino Superior Riograndese;RS;701;Privada;;;701-800;6.8;;;701-800;0.33;;;701-800;0.6;;;601-700;1.84;;;601-700;201-250;4.03
2025;engenharia-civil;Centro Universitário Módulo;SP;701;Privada;;;701-800;7.37;;;351-400;4.26;;;601-700;1.57;;;701-800;0.83;;;601-700;601-700;0.71
2025;engenharia-civil;Faculdade de Administração e Negócios de Sergipe;SE;701;Privada;;;601-700;9.44;;;501-600;2.2;;;601-700;1.47;;;401-500;3.7;;;501-600;401-500;2.07
2025;engenharia-civil;Centro Universitário de Barra Mansa;RJ;701;Privada;;;701-800;5.93;;;601-700;1.65;;;601-700;1.07;;;601-700;1.66;;;601-700;501-600;1.55
2025;engenharia-civil;Faculdade Promove de Sete Lagoas;MG;701;Privada;;;701-800;6.89;;;401-500;3.6;;;801-900;0.02;;;701-800;0.3;;;601-700;351-400;2.97
2025;engenharia-civil;Faculdade Presidente Antônio Carlos;TO;701;Privada;;;701-800;8.64;;;601-700;1.43;;;501-600;2.33;;;501-600;2.69;;;601-700;401-500;2.19
2025;engenharia-civil;Centro Universitário Estácio Meta de Rio Branco Estácio;AC;701;Privada;;;701-800;7.57;;;401-500;3.86;;;601-700;1.64;;;701-800;0.81;;;601-700;501-600;1.26
2025;engenharia-civil;Centro de Ensino Superior de Arcoverde;PE;701;Municipal;;;701-800;5.67;;;501-600;2.6;;;;;;;701-800;0.57;;;122;401-500;2.5
2025;engenharia-civil;Faculdade Integrada de Palmeiras de Goiás;GO;701;Privada;;;701-800;5.73;;;601-700;1.62;;;401-500;3.13;;;701-800;0.98;;;601-700;;
2025;engenharia-civil;Centro Universitário de Pato Branco;PR;701;Privada;;;601-700;8.72;;;301-350;4.61;;;501-600;2.32;;;601-700;1.52;;;501-600;601-700;0.27
2025;engenharia-civil;Centro Universitário de Goiânia;GO;701;Privada;;;701-800;5.58;;;601-700;2.05;;;801-900;0.01;;;601-700;1.52;;;601-700;401-500;2
2025;engenharia-civil;Instituto Salvador de Ensino e Cultura;BA;701;Privada;;;701-800;4.54;;;601-700;1.36;;;701-800;0.93;;;501-600;2.23;;;601-700;701-800;0.02
2025;engenharia-civil;Faculdade Única de Ipatinga;MG;701;Privada;;;701-800;5.56;;;701-800;0.22;;;351-400;4.2;;;701-800;0.36;;;601-700;601-700;0.78
2025;engenharia-civil;Faculdade Dom Pedro II de Sergipe;SE;701;Privada;;;701-800;5.39;;;601-700;1.92;;;701-800;0.17;;;801-900;0.07;;;601-700;301-350;3.23
2025;engenharia-civil;Instituto Universitário Una de Conselheiro Lafaiete;MG;701;Privada;;;701-800;3.57;;;701-800;0.22;;;701-800;0.74;;;501-600;2.61;;;601-700;;
2025;engenharia-civil;Faculdade Anhanguera de São Luiz;MA;701;Privada;;;601-700;9.43;;;601-700;1.93;;;401-500;3.54;;;401-500;3.32;;;501-600;601-700;0.64
2025;engenharia-civil;Faculdade de Itaituba;PA;701;Privada;;;701-800;2.75;;;701-800;0.97;;;601-700;1.7;;;801-900;0.08;;;601-700;;
2025;engenharia-civil;Faculdade Impacto de Porangatu;GO;701;Privada;;;701-800;5.96;;;601-700;1.76;;;701-800;0.08;;;601-700;1.21;;;601-700;351-400;2.91
2025;engenharia-civil;Faculdade de Castelo;ES;701;Privada;;;701-800;7.04;;;501-600;2.56;;;601-700;1.94;;;601-700;1.48;;;601-700;601-700;1.06
2025;engenharia-civil;Faculdade de Ciências Gerenciais Alves Fortes;MG;701;Privada;;;701-800;7.95;;;601-700;1.84;;;;;;;801-900;0.11;;;601-700;1;6
2025;engenharia-civil;Faculdade Anhanguera de Sorriso;MT;701;Privada;;;701-800;8.32;;;601-700;1.73;;;501-600;2.64;;;401-500;3.12;;;601-700;601-700;0.83
2025;engenharia-civil;Faculdade São Francisco de Assis;RS;701;Privada;;;701-800;2.96;;;701-800;0.33;;;701-800;0.55;;;601-700;2.08;;;601-700;;
2025;engenharia-civil;Universidade de Gurupi;TO;701;Municipal;;;701-800;8.21;;;501-600;2.16;;;601-700;1.94;;;701-800;0.59;;;121;301-350;3.52
2025;engenharia-civil;Faculdade Paranaense-Curitiba;PR;701;Privada;;;701-800;7.41;;;701-800;0.85;;;251-300;5.26;;;601-700;1.18;;;601-700;701-800;0.12
2025;engenharia-civil;Centro Universitário de Rio Preto;SP;701;Privada;;;601-700;9.26;;;301-350;4.85;;;701-800;0.26;;;601-700;1.32;;;501-600;351-400;2.83
2025;engenharia-civil;Faculdade Uninassau Lauro de Freitas;BA;701;Privada;;;701-800;2.75;;;601-700;1.36;;;701-800;0.16;;;701-800;1.13;;;601-700;701-800;0.1
2025;engenharia-civil;Centro de Ensino Superior de Palmas;TO;701;Privada;;;701-800;7.53;;;401-500;3.22;;;601-700;1.22;;;701-800;0.47;;;601-700;401-500;2.62
2025;engenharia-civil;Centro Universitário Unihorizontes;MG;701;Privada;;;601-700;8.71;;;201-250;5.6;;;701-800;0.15;;;601-700;1.71;;;501-600;501-600;1.25
2025;engenharia-civil;Faculdades Integradas de Aracruz;ES;701;Privada;;;701-800;8.3;;;501-600;2.56;;;601-700;1.23;;;351-400;4.51;;;601-700;;
2025;engenharia-civil;Faculdade de Engenharia de Minas Gerais;MG;701;Privada;;;701-800;4.9;;;701-800;1.08;;;701-800;0.56;;;601-700;1.15;;;601-700;401-500;2.11
2025;engenharia-civil;Centro Universitário Estácio do Pantanal;MT;701;Privada;;;701-800;8.01;;;701-800;1.16;;;401-500;3.77;;;601-700;1.38;;;601-700;501-600;1.7
2025;engenharia-civil;Faculdade Anhanguera de Ribeirão Preto;SP;701;Privada;;;701-800;8.48;;;401-500;3.23;;;701-800;0.67;;;351-400;4.39;;;601-700;701-800;0.19
2025;engenharia-civil;Faculdade Unisapiens;RO;701;Privada;;;701-800;8.15;;;501-600;2.66;;;401-500;3.07;;;601-700;1.6;;;601-700;601-700;0.82
2025;engenharia-civil;Faculdade Cosmopolita;PA;701;Privada;;;701-800;3.96;;;701-800;0.97;;;501-600;2.11;;;701-800;0.88;;;601-700;;
2025;engenharia-civil;Centro Universitário Amparense;SP;701;Privada;;;701-800;6.74;;;701-800;0.62;;;701-800;0.05;;;801-900;0.07;;;601-700;1;6
2025;engenharia-civil;Centro Universitário Cesuca;RS;701;Privada;;;701-800;8.65;;;701-800;0.33;;;501-600;2.88;;;251-300;5.44;;;601-700;;
2025;engenharia-civil;Faculdade Embu das Artes;SP;701;Privada;;;701-800;8.2;;;701-800;0.62;;;251-300;5.12;;;501-600;2.46;;;601-700;;
2025;engenharia-civil;Centro Universitário de Jaguariúna;SP;701;Privada;;;701-800;7.7;;;501-600;3.06;;;701-800;0.57;;;601-700;1.34;;;601-700;351-400;2.73
2025;engenharia-civil;Instituto de Ensino Superior de Foz do Iguaçu;PR;701;Privada;;;701-800;8.19;;;501-600;2.67;;;351-400;4.14;;;701-800;0.42;;;601-700;601-700;0.96
2025;engenharia-civil;Centro Universitário Fai;SC;701;Privada;;;701-800;8.37;;;351-400;4.18;;;701-800;0.46;;;701-800;0.44;;;601-700;301-350;3.29
2025;engenharia-civil;Faculdade Unibrasília;DF;701;Privada;;;701-800;6.93;;;501-600;2.42;;;701-800;0.68;;;501-600;2.51;;;601-700;501-600;1.32
2025;engenharia-civil;Faculdade Ibiapaba;CE;701;Privada;;;701-800;4.13;;;351-400;4.12;;;;;;;801-900;0.01;;;601-700;;
2025;engenharia-civil;Centro Universitário Barriga Verde;SC;701;Privada;;;601-700;8.86;;;201-250;5.72;;;601-700;1.31;;;601-700;1.28;;;501-600;601-700;0.55
2025;engenharia-civil;Faculdades Integradas da América do Sul;GO;701;Privada;;;701-800;5.47;;;601-700;1.62;;;401-500;3.52;;;701-800;0.33;;;601-700;;
2025;engenharia-civil;Faculdade de Educação e Tecnologia da Amazônia;PA;701;Privada;;;701-800;5.55;;;701-800;0.97;;;351-400;4.1;;;701-800;0.48;;;601-700;;
2025;engenharia-civil;Faculdade Presidente Antônio Carlos de Ponte Nova;MG;701;Privada;;;701-800;4.51;;;701-800;0.22;;;401-500;3.69;;;701-800;0.6;;;601-700;;
2025;engenharia-civil;Faculdade São Salvador;BA;701;Privada;;;601-700;9.5;;;601-700;1.36;;;601-700;1.94;;;351-400;4.43;;;501-600;501-600;1.77
2025;engenharia-civil;Faculdade Regional de Leopoldina;MG;701;Privada;;;701-800;7.82;;;701-800;0.22;;;701-800;0.42;;;601-700;1.18;;;601-700;1;6
2025;engenharia-civil;Faculdade Metodista Granbery;MG;701;Privada;;;701-800;6.17;;;701-800;0.22;;;701-800;0.53;;;601-700;1.41;;;601-700;201-250;4.01
2025;engenharia-civil;Faculdade de Piracanjuba;GO;701;Privada;;;601-700;9.17;;;601-700;1.62;;;701-800;0.38;;;86;7.17;;;501-600;;
2025;engenharia-civil;Centro de Ensino Superior de Altamira;PA;701;Privada;;;701-800;4.53;;;701-800;0.97;;;501-600;2.76;;;701-800;0.8;;;601-700;;
2025;engenharia-civil;Instituto Universitário São Judas de Guarulhos;SP;701;Privada;;;701-800;6.17;;;701-800;0.62;;;701-800;0.74;;;301-350;4.81;;;601-700;;
2025;engenharia-civil;Faculdade Anhanguera de Jequié;BA;701;Privada;;;701-800;6.93;;;601-700;1.36;;;601-700;1.49;;;401-500;3.66;;;601-700;601-700;0.42
2025;engenharia-civil;Instituto Paraibano de Ensino Renovado;PB;701;Privada;;;601-700;9.5;;;501-600;2.3;;;;;;;103;7;;;501-600;701-800;0.2
2025;engenharia-civil;Centro Universitário de Rondônia;RO;701;Privada;;;601-700;9.21;;;351-400;4.4;;;501-600;2.4;;;701-800;1.06;;;501-600;501-600;1.35
2025;engenharia-civil;Faculdade Praia Grande;SP;701;Privada;;;701-800;8.5;;;701-800;0.62;;;401-500;3.94;;;501-600;2.97;;;601-700;601-700;0.97
2025;engenharia-civil;Centro Universitário para o Desenvolvimento do Alto Vale do Itajaí;SC;701;Privada;;;701-800;3.73;;;601-700;1.53;;;601-700;1.06;;;701-800;0.75;;;601-700;601-700;0.39
2025;engenharia-civil;Faculdade One Learning;SE;701;Privada;;;601-700;9.3;;;601-700;1.92;;;501-600;2.65;;;401-500;3.23;;;501-600;501-600;1.5
2025;engenharia-civil;Centro Universitário de Itapira;SP;701;Privada;;;701-800;8.1;;;701-800;1.14;;;201-250;5.66;;;701-800;0.58;;;601-700;601-700;0.72
2025;engenharia-civil;Faculdade Anhanguera de Taubaté;SP;701;Privada;;;601-700;9.45;;;601-700;2.04;;;601-700;1.3;;;201-250;5.66;;;501-600;601-700;0.45
2025;engenharia-civil;Instituto Cuiabá de Ensino e Cultura;MT;701;Privada;;;701-800;3.54;;;801-900;0.04;;;601-700;1.72;;;701-800;0.84;;;601-700;601-700;0.94
2025;engenharia-civil;Faculdade de Tecnologia Porto das Monções;SP;701;Privada;;;701-800;8.59;;;501-600;2.85;;;701-800;1.03;;;801-900;0.15;;;601-700;176;4.56
2025;engenharia-civil;Centro Universitário Anhanguera Pitágoras Ampli;SP;701;Privada;;;701-800;7.58;;;701-800;0.62;;;601-700;1.65;;;301-350;5.06;;;601-700;701-800;0.25
2025;engenharia-civil;Faculdade Unirb - Mossoró;RN;701;Privada;;;701-800;4.96;;;601-700;2.15;;;701-800;0.42;;;501-600;2.39;;;601-700;;
2025;engenharia-civil;Faculdade da Região Sisaleira;BA;701;Privada;;;701-800;6.6;;;501-600;2.44;;;701-800;0.12;;;701-800;0.73;;;601-700;301-350;3.31
2025;engenharia-civil;Faculdade Anhanguera de Primavera do Leste;MT;701;Privada;;;701-800;8.46;;;501-600;2.93;;;601-700;1.75;;;401-500;3.19;;;601-700;601-700;0.59
2025;engenharia-civil;Instituto de Ensino Superior de Teresina;PI;701;Privada;;;701-800;5.05;;;701-800;0.39;;;501-600;2.06;;;601-700;1.87;;;601-700;601-700;0.73
2025;engenharia-civil;Faculdade de Palmas;TO;701;Privada;;;701-800;3.89;;;601-700;1.43;;;701-800;0.7;;;801-900;0.13;;;601-700;501-600;1.63
2025;engenharia-civil;Faculdade Esamc Campinas;SP;701;Privada;;;601-700;8.77;;;401-500;3.82;;;601-700;1.5;;;701-800;0.26;;;501-600;301-350;3.19
2025;engenharia-civil;Centro Universitário Cearense;CE;701;Privada;;;701-800;4.51;;;351-400;4.12;;;701-800;0.14;;;701-800;0.25;;;601-700;;
2025;engenharia-civil;Centro Universitário do Triângulo;MG;701;Privada;;;701-800;5.02;;;701-800;0.22;;;401-500;3.52;;;701-800;0.88;;;601-700;601-700;0.4
2025;engenharia-civil;Centro Universitário da Fundação Educacional Guaxupé;MG;701;Privada;;;701-800;7.58;;;501-600;2.83;;;701-800;0.92;;;601-700;1.55;;;601-700;401-500;2.28
2025;engenharia-civil;Faculdade da Serra Gaúcha de Bento Gonçalves;RS;701;Privada;;;701-800;8.51;;;701-800;0.33;;;701-800;0.82;;;351-400;4.09;;;601-700;301-350;3.27
2025;engenharia-civil;Centro Univeritário UniVOLTAIRE;AC;701;Privada;;;601-700;9.43;;;401-500;3.57;;;701-800;0.1;;;701-800;0.28;;;501-600;64;5.48
2025;engenharia-civil;Faculdade Cesumar de Londrina;PR;701;Privada;;;601-700;8.89;;;701-800;0.85;;;701-800;0.82;;;81;7.22;;;501-600;;
2025;engenharia-civil;Faculdade Uninassau Vitória da Conquista;BA;701;Privada;;;701-800;7.69;;;601-700;1.36;;;401-500;3.09;;;501-600;2.23;;;601-700;601-700;1.01
2025;engenharia-civil;Centro Universitário Nossa Senhora do Patrocínio;SP;701;Privada;;;701-800;7.19;;;501-600;2.33;;;701-800;0.82;;;501-600;2.77;;;601-700;501-600;1.27
2025;engenharia-civil;Centro Universitário São Roque;SP;701;Privada;;;701-800;7.87;;;401-500;3.45;;;701-800;0.85;;;501-600;2.19;;;601-700;501-600;1.38
2025;engenharia-civil;Faculdade Empresarial de Chapecó;SC;701;Privada;;;701-800;6.64;;;351-400;4.16;;;701-800;0.31;;;701-800;0.56;;;601-700;501-600;1.61
2025;engenharia-civil;Faculdade Fasipe de Rondonópolis;MT;701;Privada;;;701-800;4.87;;;801-900;0.04;;;351-400;4.05;;;701-800;0.78;;;601-700;;
2025;engenharia-civil;Faculdade Presidente Antônio Carlos de Teófilo Otoni;MG;701;Privada;;;701-800;5.68;;;701-800;1.07;;;701-800;0.66;;;601-700;1.46;;;601-700;401-500;2.49
2025;engenharia-civil;Centro Universitário Maurício de Nassau de Juazeiro do Norte;CE;701;Privada;;;701-800;7.48;;;351-400;4.12;;;501-600;2.26;;;701-800;1.1;;;601-700;;
2025;engenharia-civil;Faculdade de Ciências Sociais Aplicadas de Extrema;MG;701;Privada;;;701-800;8.21;;;301-350;4.72;;;;;;;701-800;0.71;;;601-700;351-400;2.78
2025;engenharia-civil;Faculdade de Educação Unisapiens;RO;701;Privada;;;701-800;8.3;;;501-600;2.66;;;601-700;2.02;;;601-700;1.2;;;601-700;401-500;2.42
2025;engenharia-civil;Faculdade Anhanguera de Serra;ES;701;Privada;;;701-800;8.04;;;501-600;2.56;;;601-700;1.19;;;401-500;4.03;;;601-700;601-700;0.26
2025;engenharia-civil;Faculdade Anhanguera de Taboão da Serra;SP;701;Privada;;;701-800;7.85;;;601-700;1.72;;;501-600;2.12;;;401-500;3.9;;;601-700;701-800;0.11
2025;engenharia-civil;Centro Universitário Estácio de Ji-paraná;RO;701;Privada;;;601-700;9.27;;;401-500;3.22;;;401-500;3.06;;;601-700;1.28;;;501-600;501-600;1.71
2025;engenharia-civil;Centro Universitário Uninorte;AC;701;Privada;;;701-800;7.74;;;401-500;3.57;;;701-800;0.86;;;701-800;0.9;;;601-700;401-500;2.41
2025;engenharia-civil;Centro Universitário Facex;RN;701;Privada;;;601-700;8.69;;;601-700;2.15;;;701-800;0.24;;;601-700;1.24;;;501-600;115;5.06
2025;engenharia-civil;Faculdade de Filosofia Ciências e Letras de Ituverava;SP;701;Privada;;;701-800;8.19;;;251-300;5.11;;;801-900;0.03;;;701-800;0.65;;;601-700;401-500;2.4
2025;engenharia-civil;Instituto Municipal de Ensino Superior de Assis;SP;801;Municipal;;;801-900;1.71;;;701-800;0.62;;;701-800;0.47;;;701-800;0.62;;;123;;
2025;engenharia-civil;Faculdade Unibras do Pará;PA;801;Privada;;;801-900;1.8;;;701-800;0.97;;;701-800;0.37;;;701-800;0.46;;;601-700;;
2025;engenharia-civil;Faculdade Lusófona de São Paulo;SP;801;Privada;;;801-900;2.4;;;701-800;0.62;;;;;;;601-700;1.78;;;601-700;;
2025;engenharia-civil;Centro Universitário Metropolitano de Maringá;PR;801;Privada;;;801-900;1.88;;;701-800;0.85;;;701-800;0.58;;;701-800;0.45;;;601-700;;
2025;engenharia-civil;Centro Universitário Presidente Tancredo de Almeida Neves;MG;801;Privada;;;801-900;2.67;;;701-800;0.22;;;601-700;1.14;;;701-800;0.78;;;601-700;601-700;0.53
2025;engenharia-civil;Faculdade do Oeste Potiguar;RN;801;Privada;;;801-900;2.41;;;601-700;2.15;;;701-800;0.07;;;701-800;0.19;;;601-700;;
2025;engenharia-civil;Faculdade Dama;SC;801;Privada;;;801-900;2.07;;;601-700;1.53;;;701-800;0.51;;;801-900;0.03;;;601-700;;
2025;engenharia-civil;Faculdade Esamc São Paulo;SP;801;Privada;;;801-900;2.48;;;701-800;0.62;;;701-800;0.74;;;701-800;0.22;;;601-700;601-700;0.9
2025;engenharia-civil;Centro Universitário Tabosa de Almeida;PE;801;Privada;;;801-900;1.82;;;601-700;1.82;;;;;;;;;;;601-700;;
2025;engenharia-civil;Centro Universitário do Sudeste Mineiro;MG;801;Privada;;;801-900;2.03;;;701-800;0.22;;;701-800;0.13;;;701-800;1.01;;;601-700;601-700;0.67
2025;engenharia-civil;Faculdade Santo Antônio de Queimadas;BA;801;Privada;;;801-900;2.26;;;601-700;1.36;;;;;;;801-900;0.05;;;601-700;601-700;0.85
2025;engenharia-civil;Centro Universitário Cambury;GO;801;Privada;;;801-900;1.81;;;601-700;1.62;;;;;;;701-800;0.19;;;601-700;;
2025;engenharia-civil;Faculdade União Cultural do Estado de São Paulo;SP;801;Privada;;;801-900;0.62;;;701-800;0.62;;;;;;;;;;;601-700;;
2025;engenharia-civil;Faculdade de Pinhais;PR;801;Privada;;;801-900;1.08;;;701-800;0.85;;;701-800;0.11;;;801-900;0.12;;;601-700;;
2025;engenharia-civil;Faculdade Cnec Capitão Lemos Cunha;RJ;801;Privada;;;801-900;0.74;;;701-800;0.74;;;;;;;;;;;601-700;;
2025;engenharia-civil;Faculdade de Engenharia e Administração Paulista;SP;801;Privada;;;801-900;1.09;;;701-800;0.62;;;701-800;0.2;;;701-800;0.27;;;601-700;;
2025;engenharia-civil;Faculdade Uniftb;SE;801;Privada;;;801-900;1.92;;;601-700;1.92;;;;;;;;;;;601-700;;
2025;engenharia-civil;Faculdade Metodista Conexional;MT;801;Privada;;;801-900;2.32;;;601-700;1.41;;;701-800;0.39;;;701-800;0.52;;;601-700;;
2025;engenharia-civil;Faculdade do Centro Maranhense;MA;801;Privada;;;801-900;1.17;;;701-800;0.66;;;701-800;0.37;;;801-900;0.14;;;601-700;;
