ano;curso;Universidade;Estado;Posição;Pública ou Privada;Posição em avaliação do Mercado;Nota em avaliação do Mercado;Posição em qualidade de ensino;Nota em qualidade de ensino;Posição em Instrução dos Professores;Nota em Instrução dos Professores;Posição Nota dos concluintes;Nota dos concluintes;Posição Desistência;Nota Desistência;Posição em Tempo de Dedicação dos Professores;Nota em Tempo de Dedicação dos Professores;Posição no MEC;Nota no MEC;Posição em Professores com doutorado e mestrado;Nota em Professores com doutorado e mestrado;Posição em avaliação dos docentes;Nota em avaliação dos docentes;Posição PP;Posição em Permanência dos alunos;Nota em Permanência dos alunos
2019;fisioterapia;Universidade de São Paulo;SP;1;Estadual;1;36;1;62.23;3;7.97;86;6.26;;;1;8;1;40;;;;;;;
2019;fisioterapia;Universidade Federal de Minas Gerais;MG;2;Federal;1;36;3;61.54;9;7.88;40;7.2;;;1;8;2;38.46;;;;;;;
2019;fisioterapia;Universidade de Brasília;DF;3;Federal;5;34.38;6;58.83;18;7.75;16;7.69;;;1;8;4;35.39;;;;;;;
2019;fisioterapia;Universidade Federal de São Carlos;SP;4;Federal;18;29.12;2;62.02;11;7.85;15;7.71;;;1;8;2;38.46;;;;;;;
2019;fisioterapia;Universidade Estadual Paulista Júlio de Mesquita Filho;SP;5;Estadual;5;34.38;8;55.31;19;7.74;86;6.26;;;142;5.92;4;35.39;;;;;;;
2019;fisioterapia;Universidade Federal do Rio Grande do Sul;RS;6;Federal;18;29.12;4;59.3;7;7.91;1;8;;;1;8;4;35.39;;;;;;;
2019;fisioterapia;Universidade Federal do Rio de Janeiro;RJ;7;Federal;1;36;9;51.17;16;7.78;;;;;1;8;4;35.39;;;;;;;
2019;fisioterapia;Universidade Federal de Pernambuco;PE;8;Federal;5;34.38;11;49.42;24;7.66;20;7.61;;;1;8;10;26.15;;;;;;;
2019;fisioterapia;Universidade Federal do Rio Grande do Norte;RN;9;Federal;5;34.38;13;49.07;51;7.27;18;7.65;;;1;8;10;26.15;;;;;;;
2019;fisioterapia;Universidade Federal de Santa Catarina;SC;10;Federal;5;34.38;14;48.33;77;6.88;35;7.3;;;1;8;10;26.15;;;;;;;
2019;fisioterapia;Universidade Nove de Julho;SP;11;Privada;5;34.38;17;44.77;57;7.18;100;5.97;;;173;5.47;10;26.15;;;;;;;
2019;fisioterapia;Universidade Federal de Santa Maria;RS;12;Federal;18;29.12;12;49.28;38;7.46;17;7.67;;;1;8;10;26.15;;;;;;;
2019;fisioterapia;Pontifícia Universidade Católica de Minas Gerais;MG;13;Privada;5;34.38;19;43.53;120;6.25;55;6.89;;;251-300;4.24;10;26.15;;;;;;;
2019;fisioterapia;Universidade Federal de Uberlândia;MG;14;Federal;18;29.12;15;48.24;10;7.87;88;6.22;;;1;8;10;26.15;;;;;;;
2019;fisioterapia;Universidade Estadual de Londrina;PR;15;Estadual;18;29.12;16;47.91;29;7.59;90;6.17;;;1;8;10;26.15;;;;;;;
2019;fisioterapia;Universidade de Ribeirão Preto;SP;16;Privada;18;29.12;20;43.28;52;7.25;186;4.21;;;159;5.67;10;26.15;;;;;;;
2019;fisioterapia;Fundação Universidade do Estado de Santa Catarina;SC;17;Estadual;18;29.12;23;42.33;78;6.87;1;8;;;401-500;1.31;10;26.15;;;;;;;
2019;fisioterapia;Pontifícia Universidade Católica do Paraná;PR;18;Privada;18;29.12;25;40.16;183;5.33;127;5.42;;;301-350;3.26;10;26.15;;;;;;;
2019;fisioterapia;Universidade Federal de São Paulo;SP;19;Federal;;;5;59.12;4;7.96;12;7.77;;;1;8;4;35.39;;;;;;;
2019;fisioterapia;Universidade Federal do Triângulo Mineiro;MG;20;Federal;;;7;58.11;17;7.77;52;6.95;;;1;8;4;35.39;;;;;;;
2019;fisioterapia;Universidade Federal do Pará;PA;21;Federal;5;34.38;31;22.84;28;7.6;38;7.24;;;1;8;;;;;;;;;
2019;fisioterapia;Universidade Federal da Bahia;BA;22;Federal;5;34.38;36;22.06;96;6.61;28;7.45;;;1;8;;;;;;;;;
2019;fisioterapia;Universidade Federal do Ceará;CE;23;Federal;18;29.12;28;23.36;42;7.4;3;7.96;;;1;8;;;;;;;;;
2019;fisioterapia;Universidade Federal de Juiz de Fora;MG;24;Federal;18;29.12;30;23.13;56;7.19;4;7.94;;;1;8;;;;;;;;;
2019;fisioterapia;Universidade Federal de Sergipe;SE;25;Federal;18;29.12;32;22.78;39;7.44;33;7.34;;;1;8;;;;;;;;;
2019;fisioterapia;Universidade Paulista;SP;26;Privada;1;36;103;15.84;251-300;4.11;76;6.46;;;186;5.27;;;;;;;;;
2019;fisioterapia;Centro Universitário Nobre de Feira de Santana;BA;27;Privada;18;29.12;33;22.34;26;7.63;64;6.71;;;1;8;;;;;;;;;
2019;fisioterapia;Universidade Estadual do Oeste do Paraná;PR;28;Estadual;18;29.12;34;22.28;90;6.69;21;7.59;;;1;8;;;;;;;;;
2019;fisioterapia;Universidade Federal do Espírito Santo;ES;29;Federal;18;29.12;35;22.22;12;7.84;80;6.38;;;1;8;;;;;;;;;
2019;fisioterapia;Universidade Regional do Noroeste do Estado do Rio Grande do Sul;RS;30;Privada;5;34.38;86;16.69;201-250;4.89;59;6.81;;;201-250;4.99;;;;;;;;;
2019;fisioterapia;Universidade Federal da Paraíba;PB;31;Federal;18;29.12;37;21.63;59;7.15;75;6.48;;;1;8;;;;;;;;;
2019;fisioterapia;Universidade Estadual do Piauí;PI;32;Estadual;18;29.12;38;21.54;134;6.05;26;7.49;;;1;8;;;;;;;;;
2019;fisioterapia;Universidade do Estado da Bahia;BA;33;Estadual;18;29.12;39;21.3;177;5.42;7;7.88;;;1;8;;;;;;;;;
2019;fisioterapia;Fundação Universidade Federal de Ciências da Saúde de Porto Alegre;RS;34;Federal;;;10;49.98;6;7.93;6;7.9;;;1;8;10;26.15;;;;;;;
2019;fisioterapia;Universidade Estadual da Paraíba;PB;35;Estadual;18;29.12;42;20.6;189;5.24;32;7.36;;;1;8;;;;;;;;;
2019;fisioterapia;Universidade do Vale do Rio dos Sinos;RS;36;Privada;18;29.12;43;20.23;32;7.55;46;7.08;;;164;5.6;;;;;;;;;
2019;fisioterapia;Escola Bahiana de Medicina e Saúde Pública;BA;37;Privada;18;29.12;45;19.99;197;5.12;56;6.87;;;1;8;;;;;;;;;
2019;fisioterapia;Universidade Franciscana;RS;38;Privada;18;29.12;48;19.93;165;5.59;82;6.34;;;1;8;;;;;;;;;
2019;fisioterapia;Centro Universitário de Belo Horizonte;MG;39;Privada;18;29.12;51;19.75;75;6.91;29;7.43;;;177;5.41;;;;;;;;;
2019;fisioterapia;Escola Superior de Ciências da Santa Casa de Misericórdia de Vitória;ES;40;Privada;18;29.12;55;19.44;100;6.55;62;6.75;;;127;6.14;;;;;;;;;
2019;fisioterapia;Universidade Federal do Piauí;PI;41;Federal;18;29.12;56;19.3;201-250;4.71;70;6.59;;;1;8;;;;;;;;;
2019;fisioterapia;Universidade de Pernambuco;PE;42;Estadual;18;29.12;61;18.65;54;7.22;48;7.04;;;201-250;4.39;;;;;;;;;
2019;fisioterapia;Universidade do Oeste Paulista;SP;43;Privada;18;29.12;64;18.5;48;7.31;105;5.87;;;183;5.32;;;;;;;;;
2019;fisioterapia;Universidade Feevale;RS;44;Privada;18;29.12;65;18.42;170;5.52;66;6.67;;;121;6.23;;;;;;;;;
2019;fisioterapia;Universidade Positivo;PR;45;Privada;18;29.12;75;17.35;117;6.3;85;6.28;;;201-250;4.77;;;;;;;;;
2019;fisioterapia;Universidade Potiguar;RN;46;Privada;5;34.38;201-250;12.02;201-250;4.68;251-300;2.48;;;201-250;4.86;;;;;;;;;
2019;fisioterapia;Universidade de Marília;SP;47;Privada;18;29.12;78;17.24;97;6.59;251-300;2.65;;;1;8;;;;;;;;;
2019;fisioterapia;Centro Universitário Claretiano;SP;48;Privada;18;29.12;84;16.78;190;5.23;107;5.83;;;156;5.72;;;;;;;;;
2019;fisioterapia;Universidade de Taubaté;SP;49;Municipal;18;29.12;91;16.51;181;5.36;113;5.7;;;174;5.45;;;;;;;;;
2019;fisioterapia;Universidade Católica de Brasília;DF;50;Privada;18;29.12;94;16.44;132;6.08;182;4.29;;;132;6.07;;;;;;;;;
2019;fisioterapia;Universidade Federal do Paraná;PR;51;Federal;18;29.12;95;16.37;8;7.9;351-400;0.47;;;1;8;;;;;;;;;
2019;fisioterapia;Pontifícia Universidade Católica de Campinas;SP;51;Privada;5;34.38;251-300;11.11;201-250;4.84;123;5.5;;;401-500;0.77;;;;;;;;;
2019;fisioterapia;Universidade Presbiteriana Mackenzie;SP;53;Privada;;;18;44.75;65;7.06;5;7.92;;;251-300;3.62;10;26.15;;;;;;;
2019;fisioterapia;Universidade Federal de Goiás;GO;54;Federal;18;29.12;114;15.24;201-250;4.65;251-300;2.59;;;1;8;;;;;;;;;
2019;fisioterapia;Universidade de Caxias do Sul;RS;55;Privada;18;29.12;118;15.18;122;6.22;120;5.56;;;301-350;3.4;;;;;;;;;
2019;fisioterapia;Universidade do Oeste de Santa Catarina;SC;56;Privada;18;29.12;120;15.11;301-350;2.88;13;7.75;;;201-250;4.48;;;;;;;;;
2019;fisioterapia;Centro Universitário da Fundação Herminio Ometto;SP;57;Privada;18;29.12;126;14.99;149;5.83;45;7.1;;;401-500;2.06;;;;;;;;;
2019;fisioterapia;Universidade de Fortaleza;CE;58;Privada;18;29.12;142;14.57;111;6.39;191;4.1;;;251-300;4.08;;;;;;;;;
2019;fisioterapia;Centro Universitário Metrocamp Wyden;SP;59;Privada;18;29.12;143;14.56;156;5.73;135;5.25;;;301-350;3.58;;;;;;;;;
2019;fisioterapia;Centro Universitário do Rio Grande do Norte;RN;60;Privada;18;29.12;145;14.42;109;6.42;;;;;1;8;;;;;;;;;
2019;fisioterapia;Centro Universitário Doutor Leão Sampaio;CE;61;Privada;18;29.12;147;14.34;199;5.09;152;4.9;;;201-250;4.35;;;;;;;;;
2019;fisioterapia;Universidade de Mogi das Cruzes;SP;62;Privada;18;29.12;156;14.02;201-250;4.37;130;5.35;;;251-300;4.3;;;;;;;;;
2019;fisioterapia;Pontifícia Universidade Católica do Rio Grande do Sul;RS;63;Privada;;;21;43.09;30;7.57;92;6.13;;;301-350;3.24;10;26.15;;;;;;;
2019;fisioterapia;Centro Universitário do Estado do Pará;PA;64;Privada;18;29.12;164;13.6;251-300;3.63;165;4.64;;;182;5.33;;;;;;;;;
2019;fisioterapia;Universidade Católica de Pelotas;RS;65;Privada;;;22;42.61;89;6.71;183;4.27;;;172;5.48;10;26.15;;;;;;;
2019;fisioterapia;Centro Universitário Facid Wyden;PI;66;Privada;18;29.12;169;13.46;251-300;4.27;198;3.96;;;189;5.23;;;;;;;;;
2019;fisioterapia;Universidade de Franca;SP;67;Privada;18;29.12;174;13.26;74;6.93;301-350;1.72;;;201-250;4.61;;;;;;;;;
2019;fisioterapia;Universidade Regional de Blumenau;SC;68;Municipal;18;29.12;183;13.02;201-250;4.79;11;7.8;;;501-600;0.43;;;;;;;;;
2019;fisioterapia;Centro Universitário de Brasília;DF;69;Privada;18;29.12;193;12.73;127;6.15;132;5.31;;;401-500;1.27;;;;;;;;;
2019;fisioterapia;Centro Universitário de Talentos Humanos;MG;69;Privada;;;24;41.85;191;5.21;124;5.48;;;201-250;5.01;10;26.15;;;;;;;
2019;fisioterapia;Universidade Estácio de Sá;RJ;71;Privada;5;34.38;351-400;7.38;351-400;2.6;301-350;1.76;;;301-350;3.02;;;;;;;;;
2019;fisioterapia;Centro Universitário das Faculdades Metropolitanas Unidas;SP;72;Privada;18;29.12;201-250;12.21;351-400;2.83;129;5.37;;;251-300;4.01;;;;;;;;;
2019;fisioterapia;Universidade Pitágoras Unopar Anhanguera;PR;73;Privada;18;29.12;201-250;12.15;251-300;4.23;112;5.72;;;351-400;2.2;;;;;;;;;
2019;fisioterapia;Centro Regional Universitário de Espírito Santo do Pinhal;SP;74;Privada;18;29.12;201-250;11.91;251-300;3.99;63;6.73;;;401-500;1.19;;;;;;;;;
2019;fisioterapia;Universidade Comunitária da Região de Chapecó;SC;75;Privada;18;29.12;201-250;11.82;301-350;3.3;251-300;2.77;;;154;5.75;;;;;;;;;
2019;fisioterapia;Universidade de Araraquara;SP;76;Privada;18;29.12;201-250;11.81;154;5.75;197;3.98;;;401-500;2.08;;;;;;;;;
2019;fisioterapia;Universidade de Passo Fundo;RS;77;Privada;18;29.12;201-250;11.78;201-250;4.42;134;5.27;;;401-500;2.09;;;;;;;;;
2019;fisioterapia;Centro Universitário Maurício de Nassau;PE;78;Privada;18;29.12;201-250;11.71;251-300;4.18;180;4.33;;;301-350;3.2;;;;;;;;;
2019;fisioterapia;Centro Universitário Ibmr;RJ;79;Privada;18;29.12;251-300;11.63;164;5.61;128;5.4;;;501-600;0.62;;;;;;;;;
2019;fisioterapia;Universidade Regional Integrada do Alto Uruguai e das Missões;RS;80;Privada;18;29.12;251-300;11.13;201-250;4.93;155;4.84;;;401-500;1.36;;;;;;;;;
2019;fisioterapia;Universidade de Cuiabá;MT;81;Privada;18;29.12;251-300;10.99;401-500;1.89;117;5.62;;;301-350;3.48;;;;;;;;;
2019;fisioterapia;Centro Universitário de Rio Preto;SP;82;Privada;18;29.12;251-300;10.57;401-500;1.54;178;4.37;;;201-250;4.66;;;;;;;;;
2019;fisioterapia;Universidade do Estado do Pará;PA;83;Estadual;18;29.12;251-300;10.23;251-300;3.98;;;;;120;6.25;;;;;;;;;
2019;fisioterapia;Universidade Metodista de Piracicaba;SP;84;Privada;;;26;39.29;36;7.49;179;4.35;;;401-500;1.3;10;26.15;;;;;;;
2019;fisioterapia;Centro Universitário Cesmac;AL;85;Privada;18;29.12;301-350;9.21;301-350;3.04;121;5.54;;;501-600;0.63;;;;;;;;;
2019;fisioterapia;Universidade Metodista de São Paulo;SP;86;Privada;18;29.12;301-350;9.07;186;5.28;;;;;251-300;3.79;;;;;;;;;
2019;fisioterapia;Centro Universitário Una;MG;87;Privada;18;29.12;301-350;8.88;401-500;0.88;;;;;1;8;;;;;;;;;
2019;fisioterapia;Centro Universitário da Serra Gaúcha;RS;88;Privada;18;29.12;301-350;8.75;251-300;4.13;201-250;3.84;;;401-500;0.78;;;;;;;;;
2019;fisioterapia;Centro Universitário Presidente Antônio Carlos;MG;89;Privada;18;29.12;351-400;7.56;401-500;1.6;175;4.43;;;401-500;1.53;;;;;;;;;
2019;fisioterapia;Universidade Salvador;BA;90;Privada;18;29.12;351-400;7.55;301-350;3.57;201-250;3.26;;;401-500;0.72;;;;;;;;;
2019;fisioterapia;Pontifícia Universidade Católica de Goiás;GO;91;Privada;18;29.12;351-400;7.34;301-350;2.97;201-250;3.82;;;501-600;0.55;;;;;;;;;
2019;fisioterapia;Universidade Católica do Salvador;BA;92;Privada;18;29.12;401-500;5.93;401-500;1.57;251-300;2.11;;;351-400;2.25;;;;;;;;;
2019;fisioterapia;Universidade Salgado de Oliveira;RJ;93;Privada;18;29.12;401-500;5.82;301-350;2.99;251-300;1.95;;;401-500;0.88;;;;;;;;;
2019;fisioterapia;Universidade Paranaense;PR;94;Privada;18;29.12;401-500;5.35;301-350;3.22;301-350;1.64;;;501-600;0.49;;;;;;;;;
2019;fisioterapia;Centro Universitário São Camilo - Espírito Santo;ES;95;Privada;18;29.12;401-500;4.52;351-400;2.57;;;;;401-500;1.95;;;;;;;;;
2019;fisioterapia;Universidade Federal dos Vales do Jequitinhonha e Mucuri;MG;96;Federal;;;27;23.44;21;7.71;14;7.73;;;1;8;;;;;;;;;
2019;fisioterapia;Universidade Federal de Alfenas;MG;97;Federal;;;28;23.36;15;7.79;22;7.57;;;1;8;;;;;;;;;
2019;fisioterapia;Instituto Federal de Educação, Ciência e Tecnologia do Rio de Janeiro;RJ;98;Federal;;;40;20.97;85;6.77;89;6.2;;;1;8;;;;;;;;;
2019;fisioterapia;Universidade Estadual do Centro Oeste;PR;99;Estadual;;;41;20.81;129;6.12;65;6.69;;;1;8;;;;;;;;;
2019;fisioterapia;Universidade La Salle;RS;100;Privada;;;44;20.13;13;7.82;81;6.36;;;140;5.95;;;;;;;;;
2019;fisioterapia;Centro Universitário Christus;CE;101;Privada;;;46;19.98;86;6.75;136;5.23;;;1;8;;;;;;;;;
2019;fisioterapia;Universidade Cidade de São Paulo;SP;102;Privada;;;47;19.94;23;7.68;44;7.12;;;195;5.14;;;;;;;;;
2019;fisioterapia;Universidade Estadual do Sudoeste da Bahia;BA;103;Estadual;;;49;19.88;201-250;4.7;41;7.18;;;1;8;;;;;;;;;
2019;fisioterapia;Universidade Cesumar;PR;104;Privada;;;50;19.85;60;7.13;39;7.22;;;171;5.5;;;;;;;;;
2019;fisioterapia;Faculdade de Ciências Sociais e Agrárias de Itapeva;SP;105;Privada;;;52;19.74;5;7.94;201-250;3.8;;;1;8;;;;;;;;;
2019;fisioterapia;Universidade São Judas Tadeu;SP;106;Privada;;;53;19.66;35;7.5;27;7.47;;;201-250;4.69;;;;;;;;;
2019;fisioterapia;Centro Universitário Funvic;SP;107;Privada;;;54;19.61;63;7.09;58;6.83;;;158;5.69;;;;;;;;;
2019;fisioterapia;Faculdades Integradas de Bauru;SP;108;Privada;;;57;19.19;178;5.4;109;5.79;;;1;8;;;;;;;;;
2019;fisioterapia;Centro Universitário Ingá;PR;109;Privada;;;58;19.09;115;6.33;159;4.76;;;1;8;;;;;;;;;
2019;fisioterapia;Centro Universitário da Grande Dourados;MS;110;Privada;;;59;19.07;121;6.24;36;7.28;;;167;5.55;;;;;;;;;
2019;fisioterapia;Universidade Federal de Mato Grosso do Sul;MS;111;Federal;88;0.81;68;18.15;34;7.52;145;5.05;;;165;5.58;;;;;;;;;
2019;fisioterapia;Universidade Vila Velha;ES;112;Privada;;;60;18.87;94;6.64;19;7.63;;;201-250;4.6;;;;;;;;;
2019;fisioterapia;Universidade do Vale do Taquari;RS;113;Privada;;;61;18.65;58;7.16;115;5.66;;;148;5.83;;;;;;;;;
2019;fisioterapia;Centro Universitário Barão de Mauá;SP;114;Privada;;;63;18.58;144;5.9;163;4.68;;;1;8;;;;;;;;;
2019;fisioterapia;Centro Universitário Fmabc;SP;115;Privada;;;66;18.29;98;6.58;54;6.91;;;201-250;4.8;;;;;;;;;
2019;fisioterapia;Fundação Universidade Federal do Pampa;RS;116;Federal;;;67;18.23;49;7.3;201-250;2.93;;;1;8;;;;;;;;;
2019;fisioterapia;Universidade Evangélica de Goiás;GO;117;Privada;88;0.81;74;17.38;162;5.64;72;6.54;;;191;5.2;;;;;;;;;
2019;fisioterapia;Universidade do Grande Rio Professor José de Souza Herdy;RJ;118;Privada;;;68;18.15;110;6.4;201-250;3.75;;;1;8;;;;;;;;;
2019;fisioterapia;Faculdade de Ciências Médicas e da Saúde de Juiz de Fora;MG;119;Privada;;;70;17.78;55;7.21;31;7.39;;;301-350;3.18;;;;;;;;;
2019;fisioterapia;Centro Universitário Zarns;BA;120;Privada;;;71;17.67;201-250;4.46;137;5.21;;;1;8;;;;;;;;;
2019;fisioterapia;Faculdade de Ciências e Educação Sena Aires;GO;121;Privada;;;72;17.57;87;6.74;151;4.92;;;143;5.91;;;;;;;;;
2019;fisioterapia;Centro Universitário Newton Paiva;MG;122;Privada;;;73;17.56;62;7.11;68;6.63;;;251-300;3.82;;;;;;;;;
2019;fisioterapia;União das Faculdades dos Grandes Lagos;SP;123;Privada;;;76;17.34;105;6.47;251-300;2.87;;;1;8;;;;;;;;;
2019;fisioterapia;Universidade Santa Cecília;SP;124;Privada;;;77;17.29;251-300;4.32;61;6.77;;;123;6.2;;;;;;;;;
2019;fisioterapia;Faculdade de Ciências Médicas de Campina Grande;PB;125;Privada;;;79;17.21;50;7.28;201-250;3.67;;;119;6.26;;;;;;;;;
2019;fisioterapia;Universidade Ceuma;MA;126;Privada;;;80;17.14;116;6.31;251-300;2.83;;;1;8;;;;;;;;;
2019;fisioterapia;Universidade Estadual de Goiás;GO;127;Estadual;;;81;17.12;401-500;1.86;37;7.26;;;1;8;;;;;;;;;
2019;fisioterapia;Centro Universitário Ruy Barbosa Wyden;BA;128;Privada;;;82;16.99;139;5.97;84;6.3;;;201-250;4.72;;;;;;;;;
2019;fisioterapia;Centro Universitário Facvest;SC;129;Privada;;;83;16.91;40;7.43;301-350;1.48;;;1;8;;;;;;;;;
2019;fisioterapia;Centro Universitário Redentor;RJ;130;Privada;;;85;16.72;198;5.11;201-250;3.61;;;1;8;;;;;;;;;
2019;fisioterapia;Centro Universitário Uninovafapi;PI;131;Privada;;;87;16.68;82;6.81;251-300;1.87;;;1;8;;;;;;;;;
2019;fisioterapia;Centro Universitário Uniasselvi de Blumenau ;SC;132;Privada;;;88;16.67;201-250;4.51;47;7.06;;;198;5.1;;;;;;;;;
2019;fisioterapia;Centro Universitário Sagrado Coração;SP;133;Privada;;;89;16.58;20;7.72;106;5.85;;;301-350;3.01;;;;;;;;;
2019;fisioterapia;Centro Universitário de Itajubá;MG;134;Privada;;;90;16.54;195;5.15;71;6.56;;;201-250;4.83;;;;;;;;;
2019;fisioterapia;Centro Universitário Serra dos Órgãos;RJ;135;Privada;;;92;16.49;107;6.44;185;4.23;;;149;5.82;;;;;;;;;
2019;fisioterapia;Centro Universitário Inta;CE;135;Privada;;;92;16.49;33;7.53;301-350;0.96;;;1;8;;;;;;;;;
2019;fisioterapia;Centro Universitário de João Pessoa;PB;137;Privada;;;96;16.26;351-400;2.82;126;5.44;;;1;8;;;;;;;;;
2019;fisioterapia;Universidade do Vale do Itajaí;SC;138;Privada;;;97;16.2;251-300;4.14;34;7.32;;;201-250;4.74;;;;;;;;;
2019;fisioterapia;Centro Universitário Filadélfia;PR;139;Privada;;;98;16.08;301-350;3.58;8;7.86;;;201-250;4.64;;;;;;;;;
2019;fisioterapia;Centro Universitário de Viçosa;MG;140;Privada;;;99;16.07;187;5.27;103;5.91;;;201-250;4.89;;;;;;;;;
2019;fisioterapia;Universidade Estadual de Ciências da Saúde de Alagoas;AL;141;Estadual;;;100;16.06;301-350;3.42;78;6.42;;;122;6.22;;;;;;;;;
2019;fisioterapia;Ensino Superior Albert Sabin JK;DF;142;Privada;;;101;16;1;8;;;;;1;8;;;;;;;;;
2019;fisioterapia;Centro Universitário da Grande Fortaleza;CE;142;Privada;;;101;16;1;8;;;;;1;8;;;;;;;;;
2019;fisioterapia;Faculdade de Ensino Superior da Cidade de Feira de Santana;BA;144;Privada;;;104;15.81;14;7.81;;;;;1;8;;;;;;;;;
2019;fisioterapia;Centro Universitário Lusíada;SP;145;Privada;;;105;15.8;251-300;3.91;9;7.84;;;251-300;4.05;;;;;;;;;
2019;fisioterapia;Universidade Católica Dom Bosco;MS;146;Privada;;;106;15.78;161;5.65;187;4.19;;;141;5.94;;;;;;;;;
2019;fisioterapia;Centro Universitário Católica do Leste de Minas Gerais;MG;147;Privada;;;107;15.75;184;5.31;79;6.4;;;251-300;4.04;;;;;;;;;
2019;fisioterapia;Centro Universitário Projeção;DF;148;Privada;;;108;15.65;25;7.65;;;;;1;8;;;;;;;;;
2019;fisioterapia;Centro Universitário da Fundação Educacional Guaxupé;MG;149;Privada;;;109;15.6;61;7.12;146;5.03;;;301-350;3.45;;;;;;;;;
2019;fisioterapia;Centro Universitário Sudoeste Paulista;SP;150;Privada;;;110;15.59;79;6.86;158;4.78;;;251-300;3.95;;;;;;;;;
2019;fisioterapia;Centro Universitário das Faculdades Associadas de Ensino;SP;151;Municipal;;;111;15.56;112;6.37;91;6.15;;;301-350;3.04;;;;;;;;;
2019;fisioterapia;Universidade Ibirapuera;SP;152;Privada;;;112;15.55;66;7.05;157;4.8;;;251-300;3.7;;;;;;;;;
2019;fisioterapia;Faculdade do Litoral Sul Paulista;SP;153;Privada;;;113;15.37;44;7.37;;;;;1;8;;;;;;;;;
2019;fisioterapia;Pontifícia Universidade Católica de São Paulo;SP;154;Privada;;;115;15.24;22;7.69;251-300;2.01;;;168;5.54;;;;;;;;;
2019;fisioterapia;Centro Universitário Ritter dos Reis;RS;155;Privada;;;116;15.23;80;6.84;24;7.53;;;401-500;0.86;;;;;;;;;
2019;fisioterapia;Centro Universitário de Várzea Grande;MT;156;Privada;;;117;15.19;47;7.33;201-250;2.89;;;201-250;4.97;;;;;;;;;
2019;fisioterapia;Centro Universitário São José;RJ;157;Privada;;;118;15.18;37;7.47;251-300;2.52;;;192;5.19;;;;;;;;;
2019;fisioterapia;Faculdade Católica do Rio Grande do Norte;RN;158;Privada;;;121;15.02;68;7.02;;;;;1;8;;;;;;;;;
2019;fisioterapia;Faculdade de Enfermagem Nova Esperança;PB;158;Privada;;;121;15.02;68;7.02;;;;;1;8;;;;;;;;;
2019;fisioterapia;Faculdade de Enfermagem Nova Esperança de Mossoró;RN;158;Privada;;;121;15.02;68;7.02;;;;;1;8;;;;;;;;;
2019;fisioterapia;Faculdade Unirb - Parnaíba;PI;158;Privada;;;121;15.02;68;7.02;;;;;1;8;;;;;;;;;
2019;fisioterapia;Faculdade de Quixeramobim;CE;158;Privada;;;121;15.02;68;7.02;;;;;1;8;;;;;;;;;
2019;fisioterapia;Faculdade Cathedral;RR;163;Privada;;;127;14.98;43;7.38;251-300;2.34;;;187;5.26;;;;;;;;;
2019;fisioterapia;Universidade de Rio Verde;GO;164;Municipal;;;128;14.95;351-400;2.23;161;4.72;;;1;8;;;;;;;;;
2019;fisioterapia;Centro Universitário Fanor Wyden;CE;165;Privada;;;129;14.94;92;6.66;201-250;3.71;;;201-250;4.57;;;;;;;;;
2019;fisioterapia;Centro Universitário de Excelência;BA;166;Privada;;;130;14.92;145;5.89;301-350;1.03;;;1;8;;;;;;;;;
2019;fisioterapia;Centro Universitário Campos de Andrade;PR;167;Privada;;;131;14.9;27;7.62;301-350;1.25;;;135;6.03;;;;;;;;;
2019;fisioterapia;Universidade Anhembi Morumbi;SP;168;Privada;;;132;14.84;31;7.56;133;5.29;;;401-500;1.99;;;;;;;;;
2019;fisioterapia;Universidade Federal do Amazonas;AM;168;Federal;;;132;14.84;301-350;2.92;116;5.64;;;118;6.28;;;;;;;;;
2019;fisioterapia;Faculdade do Clube Náutico Mogiano;SP;170;Privada;;;134;14.83;201-250;4.92;251-300;1.91;;;1;8;;;;;;;;;
2019;fisioterapia;Centro Universitário Uninorte;AC;171;Privada;;;135;14.82;148;5.84;201-250;3.12;;;146;5.86;;;;;;;;;
2019;fisioterapia;Centro Universitário Unifafibe;SP;172;Privada;;;136;14.8;201-250;5.05;174;4.45;;;184;5.3;;;;;;;;;
2019;fisioterapia;Faculdade de Ciências Médicas da Paraíba;PB;173;Privada;;;137;14.66;301-350;3.51;149;4.96;;;124;6.19;;;;;;;;;
2019;fisioterapia;Centro Universitário Metodista Izabela Hendrix;MG;174;Privada;;;138;14.66;84;6.78;57;6.85;;;401-500;1.03;;;;;;;;;
2019;fisioterapia;Centro Universitário Ages;BA;175;Privada;;;139;14.65;93;6.65;;;;;1;8;;;;;;;;;
2019;fisioterapia;Faculdade Estácio de Sá de Vitória;ES;176;Privada;;;140;14.61;251-300;3.96;77;6.44;;;251-300;4.21;;;;;;;;;
2019;fisioterapia;Centro Universitário de Excelência de Vitória da Conquista;BA;177;Privada;;;141;14.57;167;5.56;301-350;1.01;;;1;8;;;;;;;;;
2019;fisioterapia;Centro Universitário das Américas;SP;178;Privada;;;144;14.5;103;6.5;;;;;1;8;;;;;;;;;
2019;fisioterapia;Faculdade Brasileira de Tecnologia-BA;BA;179;Privada;;;146;14.36;113;6.36;;;;;1;8;;;;;;;;;
2019;fisioterapia;Centro Universitário Autônomo do Brasil;PR;180;Privada;;;148;14.3;174;5.46;192;4.08;;;201-250;4.76;;;;;;;;;
2019;fisioterapia;Centro Universitário Dom Pedro II;BA;181;Privada;;;149;14.29;168;5.55;351-400;0.74;;;1;8;;;;;;;;;
2019;fisioterapia;Centro Universitário Santo Agostinho;PI;182;Privada;;;150;14.24;201-250;4.76;170;4.53;;;201-250;4.95;;;;;;;;;
2019;fisioterapia;Centro Universitário de Patos de Minas;MG;183;Privada;;;151;14.22;201-250;4.83;97;6.03;;;301-350;3.36;;;;;;;;;
2019;fisioterapia;Faculdade Unirb - Arapiraca;AL;184;Privada;;;152;14.19;124;6.19;;;;;1;8;;;;;;;;;
2019;fisioterapia;Universidade do Extremo Sul Catarinense;SC;185;Privada;;;153;14.16;143;5.92;176;4.41;;;251-300;3.83;;;;;;;;;
2019;fisioterapia;Universidade Cruzeiro do Sul;SP;186;Privada;;;154;14.1;41;7.41;201-250;3.3;;;301-350;3.39;;;;;;;;;
2019;fisioterapia;Centro Universitário Luterano de Palmas;TO;187;Privada;;;155;14.07;251-300;3.85;251-300;2.22;;;1;8;;;;;;;;;
2019;fisioterapia;Centro Universitário da Vitória de Santo Antão;PE;188;Privada;;;157;13.95;141;5.95;;;;;1;8;;;;;;;;;
2019;fisioterapia;Instituto de Ensino Superior da Grande Florianópolis;SC;189;Privada;;;158;13.88;401-500;2;201-250;3.88;;;1;8;;;;;;;;;
2019;fisioterapia;Faculdade de Tecnologia e Ciências de Itabuna;BA;190;Privada;;;159;13.79;351-400;2.32;201-250;3.47;;;1;8;;;;;;;;;
2019;fisioterapia;Universidade Estadual do Norte do Paraná;PR;191;Estadual;;;160;13.72;301-350;3.44;251-300;2.28;;;1;8;;;;;;;;;
2019;fisioterapia;Centro Universitário Anhanguera de Fortaleza;CE;192;Privada;;;161;13.7;182;5.34;125;5.46;;;301-350;2.9;;;;;;;;;
2019;fisioterapia;Faculdade de Ensino Superior do Interior Paulista;SP;193;Privada;;;162;13.7;158;5.7;;;;;1;8;;;;;;;;;
2019;fisioterapia;Universidade Veiga de Almeida;RJ;194;Privada;;;163;13.69;114;6.34;156;4.82;;;351-400;2.53;;;;;;;;;
2019;fisioterapia;Centro Universitário da Amazônia - UNIESAMAZ;PA;195;Privada;;;165;13.58;179;5.39;351-400;0.19;;;1;8;;;;;;;;;
2019;fisioterapia;Centro Universitário FG;BA;196;Privada;;;166;13.56;301-350;3.39;251-300;2.17;;;1;8;;;;;;;;;
2019;fisioterapia;Centro Universitário Católico Salesiano Auxilium;SP;197;Privada;;;167;13.52;172;5.49;201-250;3.45;;;201-250;4.58;;;;;;;;;
2019;fisioterapia;Christus Faculdade do Piauí;PI;198;Privada;;;168;13.51;401-500;1.51;196;4;;;1;8;;;;;;;;;
2019;fisioterapia;Centro Universitário Ateneu;CE;199;Privada;;;169;13.46;45;7.35;;;;;129;6.11;;;;;;;;;
2019;fisioterapia;Centro Universitário Fip-moc;MG;200;Privada;;;171;13.45;251-300;4.15;200;3.92;;;179;5.38;;;;;;;;;
2019;fisioterapia;Faculdade Marechal Rondon-SP;SP;200;Privada;;;171;13.45;108;6.43;201-250;3.06;;;251-300;3.96;;;;;;;;;
2019;fisioterapia;Centro Universitário de Patos;PB;201;Privada;;;201-250;12.33;401-500;1.94;98;6.01;;;201-250;4.38;;;;;;;;;
2019;fisioterapia;Universidade de Itaúna;MG;201;Privada;;;201-250;12.23;128;6.14;190;4.12;;;401-500;1.97;;;;;;;;;
2019;fisioterapia;Centro Universitário de Jaguariúna;SP;201;Privada;;;179;13.1;251-300;3.89;10;7.82;;;401-500;1.39;;;;;;;;;
2019;fisioterapia;Centro Universitário São Lucas;RO;201;Privada;;;187;12.94;301-350;3.33;201-250;3.51;;;130;6.1;;;;;;;;;
2019;fisioterapia;Faculdade Sudoeste Paulista-Itapetininga;SP;201;Privada;;;196;12.62;76;6.9;;;;;156;5.72;;;;;;;;;
2019;fisioterapia;Centro Universitário de Pato Branco;PR;201;Privada;;;201-250;12.22;301-350;3.24;188;4.16;;;201-250;4.82;;;;;;;;;
2019;fisioterapia;Centro Universitário Euro-americano;DF;201;Privada;;;177;13.22;53;7.24;301-350;1.54;;;201-250;4.44;;;;;;;;;
2019;fisioterapia;Centro Universitário São Lucas Ji-paraná;RO;201;Privada;;;200;12.51;401-500;1.76;143;5.09;;;160;5.66;;;;;;;;;
2019;fisioterapia;Faculdade União Araruama de Ensino S/s Ltda.;RJ;201;Privada;;;197;12.61;201-250;4.61;;;;;1;8;;;;;;;;;
2019;fisioterapia;Centro Universitário de Salvador;BA;201;Privada;;;201-250;12.37;501-600;0.56;43;7.14;;;201-250;4.67;;;;;;;;;
2019;fisioterapia;Centro Universitário Central Paulista;SP;201;Privada;;;201-250;12.41;46;7.34;201-250;3.55;;;401-500;1.52;;;;;;;;;
2019;fisioterapia;Faculdade Paranaense-Curitiba;PR;201;Privada;;;201-250;12.44;401-500;2.08;251-300;2.36;;;1;8;;;;;;;;;
2019;fisioterapia;Faculdade Unirb - Aracaju;SE;201;Privada;;;186;12.96;201-250;4.96;;;;;1;8;;;;;;;;;
2019;fisioterapia;Centro Universitário Augusto Motta;RJ;201;Privada;;;185;12.98;180;5.37;111;5.74;;;401-500;1.87;;;;;;;;;
2019;fisioterapia;Faculdade Anhanguera de Itabuna;BA;201;Privada;;;201-250;12.39;401-500;1.17;53;6.93;;;251-300;4.29;;;;;;;;;
2019;fisioterapia;Universidade Alto Vale do Rio do Peixe;SC;201;Privada;;;188;12.9;401-500;1.37;201-250;3.53;;;1;8;;;;;;;;;
2019;fisioterapia;Faculdade do Vale do Juruena;MT;201;Privada;;;201-250;12.14;101;6.53;;;;;163;5.61;;;;;;;;;
2019;fisioterapia;Centro Universitário do Norte de São Paulo;SP;201;Privada;;;201-250;12.13;160;5.67;301-350;1.29;;;193;5.17;;;;;;;;;
2019;fisioterapia;Centro Universitário Unirb - Alagoinhas;BA;201;Privada;;;201-250;12.13;175;5.45;351-400;0.51;;;125;6.17;;;;;;;;;
2019;fisioterapia;Centro Universitário Planalto do Distrito Federal;DF;201;Privada;;;192;12.74;301-350;3.55;201-250;3.43;;;153;5.76;;;;;;;;;
2019;fisioterapia;Centro Universitário Alfredo Nasser;GO;201;Privada;;;201-250;12.3;251-300;3.83;251-300;2.38;;;131;6.09;;;;;;;;;
2019;fisioterapia;Centro Universitário Uniftc;BA;201;Privada;;;201-250;12.35;201-250;4.35;;;;;1;8;;;;;;;;;
2019;fisioterapia;Centro Universitário Facol;PE;201;Privada;;;201-250;12.33;251-300;4.33;;;;;1;8;;;;;;;;;
2019;fisioterapia;Centro Universitário do Sul de Minas;MG;201;Privada;;;201-250;12.47;201-250;4.67;122;5.52;;;351-400;2.28;;;;;;;;;
2019;fisioterapia;Centro Universitário Famec;BA;201;Privada;;;179;13.1;201-250;4.87;251-300;2.79;;;175;5.44;;;;;;;;;
2019;fisioterapia;Universidade Tuiuti do Paraná;PR;201;Privada;;;173;13.32;106;6.46;251-300;2.4;;;201-250;4.46;;;;;;;;;
2019;fisioterapia;Universidade de Gurupi;TO;201;Municipal;;;201-250;12.18;501-600;0.16;195;4.02;;;1;8;;;;;;;;;
2019;fisioterapia;Centro Universitário - Uniesp;PB;201;Privada;;;201-250;12.12;104;6.49;;;;;162;5.63;;;;;;;;;
2019;fisioterapia;Faculdade Cosmopolita;PA;201;Privada;;;178;13.14;196;5.14;;;;;1;8;;;;;;;;;
2019;fisioterapia;Centro Universitário FBV Wyden;PE;201;Privada;;;201-250;12.3;251-300;4.3;;;;;1;8;;;;;;;;;
2019;fisioterapia;Universidade de Santa Cruz do Sul;RS;201;Privada;;;181;13.1;157;5.71;96;6.05;;;401-500;1.34;;;;;;;;;
2019;fisioterapia;Faculdade Anhanguera de Taubaté;SP;201;Privada;;;195;12.63;401-500;1.15;23;7.55;;;251-300;3.93;;;;;;;;;
2019;fisioterapia;Faculdade Pernambucana de Saúde;PE;201;Privada;;;201-250;12.14;351-400;2.25;167;4.6;;;185;5.29;;;;;;;;;
2019;fisioterapia;Centro Universitário Estácio de Santa Catarina;SC;201;Privada;;;201-250;12.12;136;6.02;251-300;2.81;;;301-350;3.29;;;;;;;;;
2019;fisioterapia;Faculdade de Ensino de Minas Gerais;MG;201;Privada;;;201-250;12.14;351-400;2.35;150;4.94;;;201-250;4.85;;;;;;;;;
2019;fisioterapia;Centro Universitário Tabosa de Almeida;PE;201;Privada;;;191;12.81;301-350;3.23;30;7.41;;;351-400;2.17;;;;;;;;;
2019;fisioterapia;Faculdade Cnec Santo Ângelo;RS;201;Privada;;;201-250;12.24;147;5.86;251-300;2.5;;;251-300;3.88;;;;;;;;;
2019;fisioterapia;Centro Universitário Mario Pontes Jucá;AL;201;Privada;;;201-250;12.33;102;6.52;;;;;150;5.81;;;;;;;;;
2019;fisioterapia;Centro Universitário Metodista;RS;201;Privada;;;201-250;12.5;152;5.78;144;5.07;;;401-500;1.65;;;;;;;;;
2019;fisioterapia;Escola Superior de Tecnologia e Educação de Rio Claro;SP;201;Privada;;;190;12.84;201-250;4.95;93;6.11;;;401-500;1.78;;;;;;;;;
2019;fisioterapia;Centro Universitário do Espírito Santo;ES;201;Privada;;;199;12.52;251-300;3.88;69;6.61;;;401-500;2.03;;;;;;;;;
2019;fisioterapia;Centro Universitário Brasília do Estado de Goiás;GO;201;Privada;;;189;12.89;130;6.11;351-400;0.78;;;137;6;;;;;;;;;
2019;fisioterapia;Faculdade de Ensino Superior do Piauí;PI;201;Privada;;;197;12.61;201-250;4.61;;;;;1;8;;;;;;;;;
2019;fisioterapia;Centro Universitário Assis Gurgacz;PR;201;Privada;;;182;13.04;301-350;2.89;50;7;;;301-350;3.15;;;;;;;;;
2019;fisioterapia;Centro Universitário Gama e Souza;RJ;201;Privada;;;184;13.01;201-250;5.01;;;;;1;8;;;;;;;;;
2019;fisioterapia;Faculdade de Americana;SP;201;Privada;;;194;12.7;201-250;4.77;118;5.6;;;351-400;2.33;;;;;;;;;
2019;fisioterapia;Universidade Luterana do Brasil;RS;201;Privada;;;175;13.23;251-300;3.68;201-250;3.77;;;152;5.78;;;;;;;;;
2019;fisioterapia;Centro Universitário dos Guararapes;PE;201;Privada;;;201-250;12.5;119;6.27;201-250;3.65;;;351-400;2.58;;;;;;;;;
2019;fisioterapia;Universidade do Vale do Paraíba;SP;201;Privada;;;175;13.23;91;6.68;99;5.99;;;501-600;0.56;;;;;;;;;
2019;fisioterapia;Universidade Tiradentes;SE;201;Privada;;;200;12.51;251-300;4.08;95;6.07;;;351-400;2.36;;;;;;;;;
2019;fisioterapia;Universidade Católica de Petrópolis;RJ;251;Privada;;;251-300;11.05;301-350;3.32;60;6.79;;;401-500;0.94;;;;;;;;;
2019;fisioterapia;Instituto Esperança de Ensino Superior;PA;251;Privada;;;251-300;11.05;301-350;3.05;;;;;1;8;;;;;;;;;
2019;fisioterapia;Universidade do Sul de Santa Catarina;SC;251;Privada;;;251-300;11.58;251-300;3.74;171;4.51;;;301-350;3.33;;;;;;;;;
2019;fisioterapia;Universidade Santo Amaro;SP;251;Privada;;;251-300;11.53;133;6.06;251-300;2.05;;;301-350;3.42;;;;;;;;;
2019;fisioterapia;Faculdade Mogiana do Estado de São Paulo;SP;251;Privada;;;201-250;11.82;83;6.8;;;;;201-250;5.02;;;;;;;;;
2019;fisioterapia;Centro Universitário do Triângulo;MG;251;Privada;;;201-250;11.78;401-500;1.92;114;5.68;;;251-300;4.18;;;;;;;;;
2019;fisioterapia;Universidade do Contestado;SC;251;Privada;;;201-250;11.81;401-500;1.82;153;4.88;;;197;5.11;;;;;;;;;
2019;fisioterapia;Centro Universitário Maurício de Nassau Teresina Sul;PI;251;Privada;;;251-300;11.01;171;5.51;201-250;2.95;;;351-400;2.55;;;;;;;;;
2019;fisioterapia;Faculdades Integradas Einstein de Limeira;SP;251;Privada;;;251-300;11.07;401-500;1.97;201-250;3.22;;;145;5.88;;;;;;;;;
2019;fisioterapia;Faculdade Unirb-AL;AL;251;Privada;;;201-250;12.09;153;5.77;351-400;0.29;;;135;6.03;;;;;;;;;
2019;fisioterapia;Centro Universitário Goyazes;GO;251;Privada;;;201-250;11.91;251-300;3.64;351-400;0.27;;;1;8;;;;;;;;;
2019;fisioterapia;Centro Universitário Ceuni;AM;251;Privada;;;251-300;10.75;192;5.2;351-400;0.39;;;194;5.16;;;;;;;;;
2019;fisioterapia;Universidade Católica de Pernambuco;PE;251;Privada;;;251-300;11.07;201-250;4.98;102;5.93;;;501-600;0.16;;;;;;;;;
2019;fisioterapia;Faculdade Anhanguera de Belo Horizonte;MG;251;Privada;;;251-300;11.62;201-250;4.4;108;5.81;;;401-500;1.41;;;;;;;;;
2019;fisioterapia;Faculdade Padrão;GO;251;Privada;;;251-300;11.48;193;5.18;251-300;2.13;;;251-300;4.17;;;;;;;;;
2019;fisioterapia;Universidade São Francisco;SP;251;Privada;;;251-300;11.55;351-400;2.64;25;7.51;;;401-500;1.4;;;;;;;;;
2019;fisioterapia;Universidade Federal do Amapá;AP;251;Federal;;;251-300;11.1;301-350;3.1;;;;;1;8;;;;;;;;;
2019;fisioterapia;Faculdade de Ensino Superior Dom Bosco;PR;251;Privada;;;201-250;11.73;251-300;3.73;;;;;1;8;;;;;;;;;
2019;fisioterapia;Centro Universitário de Caratinga;MG;251;Privada;;;251-300;10.99;251-300;4.24;251-300;2.24;;;201-250;4.51;;;;;;;;;
2019;fisioterapia;UGV Centro Universitário;PR;251;Privada;;;251-300;10.74;401-500;1.84;201-250;3.86;;;201-250;5.04;;;;;;;;;
2019;fisioterapia;Centro Universitário Favip Wyden;PE;251;Privada;;;251-300;11.12;123;6.21;;;;;201-250;4.91;;;;;;;;;
2019;fisioterapia;Faculdade Santo Antonio BA;BA;251;Privada;;;251-300;10.58;351-400;2.58;;;;;1;8;;;;;;;;;
2019;fisioterapia;Faculdade Santa Terezinha;MA;251;Privada;;;201-250;11.98;401-500;1.78;251-300;2.2;;;1;8;;;;;;;;;
2019;fisioterapia;Centro Universitário Fundação de Ensino Octávio Bastos;SP;251;Privada;;;251-300;10.7;351-400;2.72;201-250;3;;;201-250;4.98;;;;;;;;;
2019;fisioterapia;Centro Universitário de Itapira;SP;251;Privada;;;251-300;10.96;150;5.81;351-400;0.02;;;196;5.13;;;;;;;;;
2019;fisioterapia;Centro Universitário União das Américas Descomplica;PR;251;Privada;;;251-300;10.99;351-400;2.7;131;5.33;;;301-350;2.96;;;;;;;;;
2019;fisioterapia;Centro Universitário São Miguel;PE;251;Privada;;;201-250;11.92;176;5.43;301-350;1.7;;;201-250;4.79;;;;;;;;;
2019;fisioterapia;Centro Universitário Ideau;RS;251;Privada;;;201-250;12.07;251-300;4.07;;;;;1;8;;;;;;;;;
2019;fisioterapia;Centro Universitário Brasileiro;PE;251;Privada;;;201-250;11.72;138;5.99;;;;;155;5.73;;;;;;;;;
2019;fisioterapia;Centro Universitário Estácio de Ribeirão Preto;SP;251;Privada;;;251-300;11.05;67;7.03;;;;;251-300;4.02;;;;;;;;;
2019;fisioterapia;Centro Universitário Unirb;BA;251;Privada;;;201-250;11.94;125;6.18;351-400;0.12;;;161;5.64;;;;;;;;;
2019;fisioterapia;Centro Universitário do Planalto de Araxá;MG;251;Privada;;;201-250;11.72;401-500;1.85;101;5.95;;;251-300;3.92;;;;;;;;;
2019;fisioterapia;Centro Universitário de Goiatuba;GO;251;Municipal;;;251-300;11.02;351-400;2.79;351-400;0.23;;;1;8;;;;;;;;;
2019;fisioterapia;Faculdade de Educação São Francisco;MA;251;Privada;;;251-300;11.08;301-350;3.08;;;;;1;8;;;;;;;;;
2019;fisioterapia;Centro Universitário Jorge Amado;BA;251;Privada;;;251-300;11.19;173;5.48;166;4.62;;;401-500;1.09;;;;;;;;;
2019;fisioterapia;Centro Universitário Sant'Anna;SP;251;Privada;;;251-300;10.89;99;6.56;351-400;0.06;;;251-300;4.27;;;;;;;;;
2019;fisioterapia;Centro Universitário de Adamantina;SP;251;Municipal;;;201-250;11.92;201-250;4.64;201-250;3.14;;;251-300;4.14;;;;;;;;;
2019;fisioterapia;Faculdade da Alta Paulista;SP;251;Privada;;;251-300;11.63;169;5.53;351-400;0.21;;;144;5.89;;;;;;;;;
2019;fisioterapia;Centro Universitário Dinâmica das Cataratas;PR;251;Privada;;;251-300;11.36;301-350;3.36;;;;;1;8;;;;;;;;;
2019;fisioterapia;Centro Universitário de Formiga;MG;251;Privada;;;251-300;10.86;301-350;2.98;140;5.15;;;351-400;2.73;;;;;;;;;
2019;fisioterapia;Faculdade Zacarias de Góes;BA;251;Privada;;;201-250;12.01;251-300;3.66;351-400;0.35;;;1;8;;;;;;;;;
2019;fisioterapia;Faculdade de Ciências Médicas de Minas Gerais;MG;251;Privada;;;251-300;11.5;251-300;3.95;94;6.09;;;401-500;1.46;;;;;;;;;
2019;fisioterapia;Centro Universitário Católica de Quixadá;CE;251;Privada;;;251-300;10.67;155;5.74;301-350;1.56;;;301-350;3.37;;;;;;;;;
2019;fisioterapia;Universidade de Sorocaba;SP;251;Privada;;;251-300;11.31;166;5.58;141;5.13;;;501-600;0.6;;;;;;;;;
2019;fisioterapia;Universidade Brasil;SP;251;Privada;;;201-250;12.09;163;5.62;351-400;0.49;;;138;5.98;;;;;;;;;
2019;fisioterapia;Faculdades Integradas de Três Lagoas;MS;251;Privada;;;201-250;11.84;188;5.26;351-400;0.45;;;128;6.13;;;;;;;;;
2019;fisioterapia;Centro Universitário de Votuporanga;SP;251;Privada;;;201-250;12.02;201-250;4.99;201-250;3.49;;;301-350;3.54;;;;;;;;;
2019;fisioterapia;Centro Universitário de Lavras;MG;251;Privada;;;251-300;10.72;81;6.83;;;;;251-300;3.89;;;;;;;;;
2019;fisioterapia;Universidade do Planalto Catarinense;SC;251;Privada;;;251-300;11.41;351-400;2.67;147;5.01;;;251-300;3.73;;;;;;;;;
2019;fisioterapia;Faculdade Anhanguera de Indaiatuba;SP;301;Privada;;;301-350;9.07;401-500;0.98;42;7.16;;;401-500;0.93;;;;;;;;;
2019;fisioterapia;Faculdade de Apucarana;PR;301;Privada;;;301-350;9.23;501-600;0.6;201-250;3.28;;;181;5.35;;;;;;;;;
2019;fisioterapia;Centro Universitário Maurício de Nassau de Cacoal;RO;301;Privada;;;301-350;9.41;501-600;0.34;301-350;1.07;;;1;8;;;;;;;;;
2019;fisioterapia;Centro Universitário Cnec de Bento Gonçalves;RS;301;Privada;;;251-300;10.27;251-300;3.92;160;4.74;;;401-500;1.61;;;;;;;;;
2019;fisioterapia;Faculdade Unirb - Barreiras;BA;301;Privada;;;301-350;10.12;201-250;4.9;;;;;190;5.22;;;;;;;;;
2019;fisioterapia;Faculdades Reunidas da Asce;RJ;301;Privada;;;301-350;8.91;351-400;2.53;301-350;1.33;;;201-250;5.05;;;;;;;;;
2019;fisioterapia;Faculdade Dom Luis de Orleans e Bragança;BA;301;Privada;;;301-350;9.69;401-500;1.69;;;;;1;8;;;;;;;;;
2019;fisioterapia;Centro Universitário Fieo;SP;301;Privada;;;301-350;9.77;201-250;4.62;199;3.94;;;401-500;1.21;;;;;;;;;
2019;fisioterapia;Faculdade de Fortaleza;CE;301;Privada;;;251-300;10.45;351-400;2.45;;;;;1;8;;;;;;;;;
2019;fisioterapia;Centro Universitário Nossa Senhora do Patrocínio;SP;301;Privada;;;251-300;10.55;251-300;3.79;119;5.58;;;401-500;1.18;;;;;;;;;
2019;fisioterapia;Faculdade de Integração do Sertão;PE;301;Privada;;;301-350;9.92;401-500;1.19;201-250;3.2;;;169;5.53;;;;;;;;;
2019;fisioterapia;Centro Universitário Maria Milza;BA;301;Privada;;;301-350;9.7;301-350;3.54;;;;;126;6.16;;;;;;;;;
2019;fisioterapia;Faculdade Sudamérica;MG;301;Privada;;;301-350;9.22;251-300;3.86;351-400;0.66;;;201-250;4.7;;;;;;;;;
2019;fisioterapia;Universidade José do Rosário Velano;MG;301;Privada;;;301-350;9.8;201-250;4.86;;;;;201-250;4.94;;;;;;;;;
2019;fisioterapia;Centro Universitário Adventista de São Paulo;SP;301;Privada;;;251-300;10.29;185;5.3;251-300;2.69;;;351-400;2.3;;;;;;;;;
2019;fisioterapia;Centro Universitário de Goiânia;GO;301;Privada;;;301-350;9.34;401-500;1.59;74;6.5;;;401-500;1.25;;;;;;;;;
2019;fisioterapia;Faculdade Metropolitana da Grande Recife;PE;301;Privada;;;301-350;9.18;351-400;2.31;67;6.65;;;501-600;0.22;;;;;;;;;
2019;fisioterapia;Centro Universitário Estácio de Belo Horizonte;MG;301;Privada;;;251-300;10.37;201-250;4.39;251-300;1.99;;;251-300;3.99;;;;;;;;;
2019;fisioterapia;Universidade Castelo Branco;RJ;301;Privada;;;301-350;9.17;201-250;4.48;201-250;3.63;;;401-500;1.06;;;;;;;;;
2019;fisioterapia;Centro Universitário Aparício Carvalho;RO;301;Privada;;;301-350;10.09;401-500;1.56;351-400;0.53;;;1;8;;;;;;;;;
2019;fisioterapia;Centro Universitário de Maceió;AL;301;Privada;;;251-300;10.36;301-350;3.2;168;4.57;;;351-400;2.59;;;;;;;;;
2019;fisioterapia;Universidade de Uberaba;MG;301;Privada;;;301-350;9.41;201-250;4.49;301-350;1.62;;;301-350;3.3;;;;;;;;;
2019;fisioterapia;Faculdade da Escada;PE;301;Privada;;;301-350;9.72;401-500;1.72;;;;;1;8;;;;;;;;;
2019;fisioterapia;Universidade de Cruz Alta;RS;301;Privada;;;251-300;10.43;126;6.17;;;;;251-300;4.26;;;;;;;;;
2019;fisioterapia;Faculdade Morgana Potrich;GO;301;Privada;;;301-350;9.34;401-500;1.2;251-300;2.75;;;178;5.39;;;;;;;;;
2019;fisioterapia;Universidade Municipal de São Caetano do Sul;SP;301;Municipal;;;301-350;9.95;131;6.09;201-250;3.18;;;401-500;0.68;;;;;;;;;
2019;fisioterapia;Centro Universitário Sociesc;SC;301;Privada;;;301-350;10.12;140;5.96;;;;;251-300;4.16;;;;;;;;;
2019;fisioterapia;Universidade Universus Veritas Guarulhos;SP;301;Privada;;;301-350;9.24;251-300;3.8;201-250;3.73;;;401-500;1.71;;;;;;;;;
2019;fisioterapia;Centro Universitário Social da Bahia;BA;301;Privada;;;301-350;9.16;251-300;4.02;301-350;0.94;;;251-300;4.2;;;;;;;;;
2019;fisioterapia;Centro Universitário do Planalto Central Apparecido dos Santos;DF;301;Privada;;;301-350;10.05;351-400;2.66;201-250;2.97;;;201-250;4.42;;;;;;;;;
2019;fisioterapia;Centro Universitário Vale do Salgado;CE;301;Privada;;;301-350;9.61;201-250;5.06;;;;;201-250;4.55;;;;;;;;;
2019;fisioterapia;Universidade do Vale do Sapucaí;MG;301;Privada;;;251-300;10.28;301-350;3.07;49;7.02;;;501-600;0.19;;;;;;;;;
2019;fisioterapia;Instituto Itapetiningano de Ensino Superior;SP;301;Privada;;;301-350;10.06;401-500;2.06;;;;;1;8;;;;;;;;;
2019;fisioterapia;Centro Universitário Uninovo;PE;301;Privada;;;301-350;8.95;137;6;;;;;301-350;2.95;;;;;;;;;
2019;fisioterapia;Universidade da Amazônia;PA;301;Privada;;;301-350;9.43;251-300;3.61;154;4.86;;;401-500;0.96;;;;;;;;;
2019;fisioterapia;Instituto de Ensino Superior de Londrina;PR;301;Privada;;;301-350;9.49;501-600;0.26;301-350;1.23;;;1;8;;;;;;;;;
2019;fisioterapia;Centro Universitário Salesiano;ES;301;Privada;;;251-300;10.24;301-350;3.38;184;4.25;;;351-400;2.61;;;;;;;;;
2019;fisioterapia;Centro Universitário do Cerrado-patrocínio;MG;301;Privada;;;251-300;10.49;251-300;4.26;301-350;1.6;;;201-250;4.63;;;;;;;;;
2019;fisioterapia;Faculdade São Salvador;BA;301;Privada;;;251-300;10.23;201-250;4.73;351-400;0.25;;;188;5.25;;;;;;;;;
2019;fisioterapia;Faculdade Anhanguera de São José;SP;301;Privada;;;251-300;10.35;401-500;1.7;51;6.97;;;401-500;1.68;;;;;;;;;
2019;fisioterapia;Centro Universitário Faminas;MG;301;Privada;;;301-350;9.42;251-300;4.01;201-250;3.41;;;401-500;2;;;;;;;;;
2019;fisioterapia;Centro Universitário Unidom - Bosco;PR;301;Privada;;;301-350;9.7;201-250;4.54;251-300;2.32;;;351-400;2.84;;;;;;;;;
2019;fisioterapia;Faculdade de Ciências Sociais Aplicadas;MT;301;Privada;;;301-350;9.22;401-500;0.82;110;5.76;;;351-400;2.64;;;;;;;;;
2019;fisioterapia;Faculdade Lusófona de São Paulo;SP;301;Privada;;;301-350;9.27;301-350;3.45;251-300;1.97;;;251-300;3.85;;;;;;;;;
2019;fisioterapia;Centro Universitário Una de Bom Despacho;MG;301;Privada;;;301-350;9.79;401-500;2.03;83;6.32;;;401-500;1.44;;;;;;;;;
2019;fisioterapia;Centro Universitário Maurício de Nassau de Fortaleza;CE;301;Privada;;;301-350;8.86;146;5.87;351-400;0.72;;;351-400;2.27;;;;;;;;;
2019;fisioterapia;Centro Universitário Maurício de Nassau de Campina Grande;PB;301;Privada;;;301-350;8.96;301-350;3.49;301-350;1.83;;;251-300;3.64;;;;;;;;;
2019;fisioterapia;Faculdade de Ensino Superior de Floriano;PI;301;Privada;;;301-350;9.6;351-400;2.86;351-400;0.76;;;138;5.98;;;;;;;;;
2019;fisioterapia;Centro Universitário de Desenvolvimento do Centro-Oeste;GO;301;Privada;;;301-350;9.23;201-250;4.82;;;;;201-250;4.41;;;;;;;;;
2019;fisioterapia;Faculdade de Medicina Estácio de Juazeiro do Norte;CE;301;Privada;;;301-350;9.74;301-350;3.29;301-350;1.37;;;199;5.08;;;;;;;;;
2019;fisioterapia;Centro Universitário da Amazônia;PA;351;Privada;;;351-400;7.14;201-250;4.74;;;;;351-400;2.4;;;;;;;;;
2019;fisioterapia;Universidade Anhanguera de São Paulo;SP;351;Privada;;;351-400;7.9;401-500;1.25;173;4.47;;;351-400;2.18;;;;;;;;;
2019;fisioterapia;Centro Universitário Maurício de Nassau de Natal;RN;351;Privada;;;351-400;7.77;301-350;3.46;351-400;0.82;;;301-350;3.49;;;;;;;;;
2019;fisioterapia;Centro Universitário de Ciências e Empreendedorismo;BA;351;Privada;;;351-400;8.52;351-400;2.45;;;;;132;6.07;;;;;;;;;
2019;fisioterapia;Centro Universitário do Norte de Minas;MG;351;Privada;;;301-350;8.68;301-350;3.17;301-350;1.15;;;201-250;4.36;;;;;;;;;
2019;fisioterapia;Faculdade Anhanguera de Ciências Sociais Aplicadas de Sinop;MT;351;Privada;;;351-400;7.49;501-600;0.18;138;5.19;;;351-400;2.12;;;;;;;;;
2019;fisioterapia;Centro Universitário Maurício de Nassau de Teresina;PI;351;Privada;;;301-350;8.56;201-250;4.8;;;;;251-300;3.76;;;;;;;;;
2019;fisioterapia;Centro Universitário Guairacá;PR;351;Privada;;;351-400;8.48;351-400;2.33;201-250;3.34;;;351-400;2.81;;;;;;;;;
2019;fisioterapia;Centro Universitário de Ciências e Tecnologia do Maranhão;MA;351;Privada;;;351-400;8.21;401-500;1.95;301-350;1.19;;;200;5.07;;;;;;;;;
2019;fisioterapia;Centro Universitário Estácio Juiz de Fora;MG;351;Privada;;;301-350;8.56;251-300;3.76;301-350;1.66;;;301-350;3.14;;;;;;;;;
2019;fisioterapia;Centro Universitário Maurício de Nassau de Paranáiba;PI;351;Privada;;;301-350;8.59;351-400;2.28;251-300;2.85;;;301-350;3.46;;;;;;;;;
2019;fisioterapia;Faculdade Sete Lagoas;MG;351;Privada;;;301-350;8.66;64;7.08;;;;;401-500;1.58;;;;;;;;;
2019;fisioterapia;Faculdades Integradas Aparício Carvalho Vilhena;RO;351;Privada;;;351-400;8.03;501-600;0.03;;;;;1;8;;;;;;;;;
2019;fisioterapia;Centro Universitário Anhanguera Pitágoras Unopar de Niterói;RJ;351;Privada;;;351-400;7.46;401-500;0.76;142;5.11;;;401-500;1.59;;;;;;;;;
2019;fisioterapia;Faculdade do Recife;PE;351;Privada;;;351-400;7.16;351-400;2.69;251-300;2.61;;;401-500;1.86;;;;;;;;;
2019;fisioterapia;Faculdade Anhanguera Pitágoras de Jundiaí;SP;351;Privada;;;351-400;8.21;199;5.09;;;;;301-350;3.12;;;;;;;;;
2019;fisioterapia;Centro Universitário do Piauí;PI;351;Privada;;;351-400;8.24;401-500;1.04;301-350;1.13;;;132;6.07;;;;;;;;;
2019;fisioterapia;Universidade Iguaçu;RJ;351;Privada;;;351-400;7.89;401-500;1.44;251-300;1.93;;;201-250;4.52;;;;;;;;;
2019;fisioterapia;Centro Universitário Maurício de Nassau de João Pessoa;PB;351;Privada;;;351-400;7.73;251-300;3.77;301-350;1.17;;;351-400;2.79;;;;;;;;;
2019;fisioterapia;Universidade Anhanguera;MS;351;Privada;;;351-400;8.33;401-500;2.01;251-300;2.71;;;251-300;3.61;;;;;;;;;
2019;fisioterapia;Centro Universitário Avantis;SC;351;Privada;;;351-400;7.87;135;6.03;;;;;401-500;1.84;;;;;;;;;
2019;fisioterapia;Centro Universitário Cenecista de Osório;RS;351;Privada;;;351-400;8.02;118;6.28;;;;;401-500;1.74;;;;;;;;;
2019;fisioterapia;Centro Universitário do Vale do Ribeira;SP;351;Privada;;;301-350;8.67;301-350;3.48;189;4.14;;;401-500;1.05;;;;;;;;;
2019;fisioterapia;Centro Universitário Celso Lisboa;RJ;351;Privada;;;351-400;8.46;194;5.17;351-400;0.37;;;301-350;2.92;;;;;;;;;
2019;fisioterapia;Faculdade Presidente Antônio Carlos de Ubá;MG;351;Privada;;;351-400;7.86;401-500;0.81;104;5.89;;;401-500;1.16;;;;;;;;;
2019;fisioterapia;Centro Universitário Unisep;PR;351;Privada;;;351-400;7.58;401-500;2.07;;;;;170;5.51;;;;;;;;;
2019;fisioterapia;Faculdade Unibras do Mato Grosso;MT;351;Privada;;;351-400;7.22;401-500;1.41;;;;;150;5.81;;;;;;;;;
2019;fisioterapia;Faculdades Integradas de Fernandópolis;SP;351;Privada;;;351-400;7.23;401-500;1.91;201-250;3.08;;;351-400;2.24;;;;;;;;;
2019;fisioterapia;Centro Universitário Unime;BA;351;Privada;;;351-400;8.36;351-400;2.26;169;4.55;;;401-500;1.55;;;;;;;;;
2019;fisioterapia;Faculdade de Ciências e Saúde Edufor;MA;351;Privada;;;351-400;8.25;501-600;0.25;;;;;1;8;;;;;;;;;
2019;fisioterapia;Centro Universitário Uniasselvi de Guaramirim;SC;351;Privada;;;351-400;7.48;351-400;2.54;;;;;201-250;4.94;;;;;;;;;
2019;fisioterapia;Centro Universitário Maurício de Nassau de Aracaju;SE;351;Privada;;;351-400;7.7;201-250;5.02;;;;;351-400;2.68;;;;;;;;;
2019;fisioterapia;Centro Universitário do Norte;AM;351;Privada;;;351-400;7.25;251-300;3.93;251-300;2.3;;;401-500;1.02;;;;;;;;;
2019;fisioterapia;Faculdade da Saúde e Ecologia Humana;MG;351;Privada;;;351-400;7.99;95;6.62;;;;;401-500;1.37;;;;;;;;;
2019;fisioterapia;Centro Universitário Maurício de Nassau de Maceió;AL;351;Privada;;;351-400;7.52;301-350;3.27;351-400;0.7;;;301-350;3.55;;;;;;;;;
2019;fisioterapia;Centro Universitário Santa Maria;PB;351;Privada;;;301-350;8.74;401-500;0.95;201-250;3.69;;;251-300;4.1;;;;;;;;;
2019;fisioterapia;Faculdade Uninassau Vilhena;RO;351;Privada;;;351-400;8.13;501-600;0.13;;;;;1;8;;;;;;;;;
2019;fisioterapia;Centro Universitário Estácio do Recife;PE;351;Privada;;;351-400;8.09;301-350;3.6;251-300;2.56;;;401-500;1.93;;;;;;;;;
2019;fisioterapia;Universidade de Vassouras;RJ;351;Privada;;;351-400;8.22;251-300;3.82;301-350;1.35;;;301-350;3.05;;;;;;;;;
2019;fisioterapia;Faculdade Anhanguera de Bauru;SP;351;Privada;;;351-400;8.03;401-500;0.78;201-250;3.39;;;251-300;3.86;;;;;;;;;
2019;fisioterapia;Faculdade Estácio Macapá;AP;351;Privada;;;351-400;7.5;351-400;2.48;251-300;2.63;;;351-400;2.39;;;;;;;;;
2019;fisioterapia;Faculdade Dinâmica do Vale do Piranga;MG;351;Privada;;;351-400;7.32;201-250;4.45;;;;;301-350;2.87;;;;;;;;;
2019;fisioterapia;Centro Universitário Estácio do Ceará;CE;351;Privada;;;351-400;7.25;351-400;2.8;301-350;1.68;;;351-400;2.77;;;;;;;;;
2019;fisioterapia;Centro Universitário São Camilo;SP;351;Privada;;;351-400;7.87;201-250;4.36;;;;;301-350;3.51;;;;;;;;;
2019;fisioterapia;Faculdade de Tecnologia e Ciências;BA;351;Privada;;;351-400;8.13;501-600;0.13;;;;;1;8;;;;;;;;;
2019;fisioterapia;Instituto Salvador de Ensino e Cultura;BA;351;Privada;;;301-350;8.57;501-600;0.44;201-250;3.9;;;251-300;4.23;;;;;;;;;
2019;fisioterapia;Centro Universitário Campo Limpo Paulista;SP;351;Privada;;;351-400;7.19;88;6.72;;;;;501-600;0.47;;;;;;;;;
2019;fisioterapia;Faculdade Anhanguera de Betim;MG;351;Privada;;;351-400;8.28;501-600;0.63;73;6.52;;;401-500;1.13;;;;;;;;;
2019;fisioterapia;Centro Universitário Fasipe;MT;351;Privada;;;351-400;7.83;351-400;2.47;;;;;180;5.36;;;;;;;;;
2019;fisioterapia;Faculdade Anhanguera de Rio Claro;SP;351;Privada;;;351-400;8.44;401-500;1.12;139;5.17;;;351-400;2.15;;;;;;;;;
2019;fisioterapia;Centro Universitário Metropolitano de Maringá;PR;401;Privada;;;351-400;7.09;201-250;4.61;;;;;351-400;2.48;;;;;;;;;
2019;fisioterapia;Centro Universitário Estácio Meta de Rio Branco Estácio;AC;401;Privada;;;401-500;6.47;351-400;2.5;301-350;0.99;;;301-350;2.98;;;;;;;;;
2019;fisioterapia;Centro Universitário da Amazônia Belém;PA;401;Privada;;;401-500;6.64;301-350;3.52;;;;;301-350;3.12;;;;;;;;;
2019;fisioterapia;Faculdade Campo Grande;MS;401;Privada;;;401-500;6.57;401-500;2.04;351-400;0.08;;;201-250;4.45;;;;;;;;;
2019;fisioterapia;Faculdade Anhanguera de Sorocaba;SP;401;Privada;;;401-500;6.73;401-500;1.16;164;4.66;;;401-500;0.91;;;;;;;;;
2019;fisioterapia;Centro Universitário Estácio de Goiás;GO;401;Privada;;;401-500;6.03;351-400;2.51;301-350;1.31;;;351-400;2.21;;;;;;;;;
2019;fisioterapia;Centro Universitário Estácio de Sergipe;SE;401;Privada;;;401-500;6.44;251-300;4.29;301-350;1.4;;;401-500;0.75;;;;;;;;;
2019;fisioterapia;Centro Universitário Unifacear;PR;401;Privada;;;401-500;4.56;301-350;3.13;301-350;1.05;;;501-600;0.38;;;;;;;;;
2019;fisioterapia;Faculdade de Ensino e Cultura do Ceará;CE;401;Privada;;;401-500;5.63;401-500;0.75;;;;;201-250;4.88;;;;;;;;;
2019;fisioterapia;Centro Universitário Maurício de Nassau de Barreiras;BA;401;Privada;;;401-500;5.95;401-500;1.81;251-300;2.67;;;401-500;1.47;;;;;;;;;
2019;fisioterapia;Centro Universitário Anhanguera Pitágoras Unopar de Campo Grande;MS;401;Privada;;;401-500;6.25;401-500;0.9;251-300;2.42;;;301-350;2.93;;;;;;;;;
2019;fisioterapia;Faculdade Evangélica de Ceres;GO;401;Privada;;;401-500;5.83;401-500;1.5;;;;;201-250;4.33;;;;;;;;;
2019;fisioterapia;Centro Universitário de Barra Mansa;RJ;401;Privada;;;401-500;5.36;301-350;2.91;;;;;351-400;2.45;;;;;;;;;
2019;fisioterapia;Centro Universitário do Vale do Jaguaribe;CE;401;Privada;;;401-500;4.31;401-500;1.03;351-400;0.57;;;351-400;2.71;;;;;;;;;
2019;fisioterapia;Faculdade Estácio de Sá de Ourinhos;SP;401;Privada;;;401-500;6.33;401-500;2.13;301-350;1.21;;;301-350;2.99;;;;;;;;;
2019;fisioterapia;Faculdade Madre Thais;BA;401;Privada;;;401-500;4.35;401-500;1.79;;;;;351-400;2.56;;;;;;;;;
2019;fisioterapia;Centro Universitário Faema;RO;401;Privada;;;401-500;6.15;351-400;2.22;351-400;0.41;;;301-350;3.52;;;;;;;;;
2019;fisioterapia;Conservatório Brasileiro de Música;RJ;401;Privada;;;401-500;6.05;151;5.8;;;;;501-600;0.25;;;;;;;;;
2019;fisioterapia;Faculdade de Saúde e Desenvolvimento Humano Santo Agostinho;MG;401;Privada;;;401-500;4.43;401-500;1.31;;;;;301-350;3.12;;;;;;;;;
2019;fisioterapia;Instituto Paraibano de Ensino Renovado;PB;401;Privada;;;401-500;6.62;351-400;2.77;201-250;3.57;;;501-600;0.28;;;;;;;;;
2019;fisioterapia;Instituto de Ensino e Pesquisa Objetivo;TO;401;Privada;;;401-500;5.79;501-600;0.31;201-250;3.59;;;401-500;1.89;;;;;;;;;
2019;fisioterapia;Centro Universitário Estácio de Ji-paraná;RO;401;Privada;;;401-500;5.57;351-400;2.45;;;;;301-350;3.12;;;;;;;;;
2019;fisioterapia;Faculdade Anhanguera de Santa Bárbara;SP;401;Privada;;;401-500;5.96;401-500;1.28;181;4.31;;;501-600;0.37;;;;;;;;;
2019;fisioterapia;Faculdade Anhanguera de Guarulhos;SP;401;Privada;;;401-500;4.93;351-400;2.45;;;;;351-400;2.48;;;;;;;;;
2019;fisioterapia;Faculdade de Santa Luzia;MG;401;Privada;;;401-500;5.94;201-250;4.61;;;;;401-500;1.33;;;;;;;;;
2019;fisioterapia;Centro Universitário Padre Anchieta;SP;401;Privada;;;401-500;5.88;351-400;2.73;201-250;3.02;;;501-600;0.13;;;;;;;;;
2019;fisioterapia;Centro Universitário Tiradentes de Pernambuco;PE;401;Privada;;;401-500;4.84;201-250;4.43;;;;;501-600;0.41;;;;;;;;;
2019;fisioterapia;Instituto Universitário Una de Catalão;GO;401;Privada;;;401-500;5.35;401-500;1.34;251-300;2.26;;;401-500;1.75;;;;;;;;;
2019;fisioterapia;Faculdade Multivix Serra;ES;401;Privada;;;401-500;4.78;401-500;1.1;;;;;251-300;3.68;;;;;;;;;
2019;fisioterapia;Faculdade Presidente Antônio Carlos de Teófilo Otoni;MG;401;Privada;;;401-500;4.78;501-600;0.37;351-400;0.43;;;251-300;3.98;;;;;;;;;
2019;fisioterapia;Centro Universitário Anhanguera de São Paulo;SP;401;Privada;;;401-500;6.41;401-500;1.42;172;4.49;;;501-600;0.5;;;;;;;;;
2019;fisioterapia;Faculdade Anhanguera de Piracicaba;SP;401;Privada;;;401-500;6.8;351-400;2.85;251-300;2.73;;;401-500;1.22;;;;;;;;;
2019;fisioterapia;Faculdade Anhanguera de Uberlândia;MG;401;Privada;;;401-500;4.69;351-400;2.2;;;;;351-400;2.49;;;;;;;;;
2019;fisioterapia;Faculdade Estácio de Alagoas;AL;401;Privada;;;401-500;5;401-500;1.53;301-350;1.42;;;401-500;2.05;;;;;;;;;
2019;fisioterapia;Centro Universitário Facex;RN;401;Privada;;;401-500;5.85;158;5.7;;;;;501-600;0.15;;;;;;;;;
2019;fisioterapia;Instituto de Ensino Superior de Teresina;PI;401;Privada;;;351-400;7.03;501-600;0.19;301-350;1.27;;;166;5.57;;;;;;;;;
2019;fisioterapia;Facudade Ieducare;CE;401;Privada;;;401-500;5.13;501-600;0.4;;;;;201-250;4.73;;;;;;;;;
2019;fisioterapia;Faculdade Anhanguera de Anápolis;GO;401;Privada;;;401-500;6.21;401-500;0.68;201-250;3.16;;;351-400;2.37;;;;;;;;;
2019;fisioterapia;Faculdades Integradas de Cassilândia;MS;401;Privada;;;401-500;6.37;501-600;0.48;351-400;0.04;;;147;5.85;;;;;;;;;
2019;fisioterapia;Faculdade Anhanguera Unime de Salvador;BA;401;Privada;;;401-500;6.48;401-500;0.93;193;4.06;;;401-500;1.49;;;;;;;;;
2019;fisioterapia;Faculdade de Taquaritinga;SP;401;Privada;;;401-500;6.95;351-400;2.63;301-350;1.09;;;301-350;3.23;;;;;;;;;
2019;fisioterapia;Centro Universitário Maurício de Nassau Paulista;PE;401;Privada;;;401-500;6.46;301-350;3.14;;;;;301-350;3.32;;;;;;;;;
2019;fisioterapia;Faculdade Interamericana de Porto Velho;RO;401;Privada;;;401-500;6.76;501-600;0.51;251-300;2.54;;;251-300;3.71;;;;;;;;;
2019;fisioterapia;Faculdade Sociesc de Jaraguá do Sul;SC;401;Privada;;;401-500;4.25;401-500;2.11;;;;;351-400;2.14;;;;;;;;;
2019;fisioterapia;Centro Universitário Toledo Wyden;SP;401;Privada;;;401-500;6.28;201-250;5.04;;;;;401-500;1.24;;;;;;;;;
2019;fisioterapia;Faculdade do Norte de Mato Grosso;MT;401;Privada;;;401-500;5.07;351-400;2.45;;;;;351-400;2.62;;;;;;;;;
2019;fisioterapia;Instituto Tecnológico e das Ciências Sociais Aplicadas e da Saúde do Centro Educ. N. Srª Auxiliadora;RJ;401;Privada;;;401-500;4.23;401-500;0.94;251-300;2.46;;;401-500;0.83;;;;;;;;;
2019;fisioterapia;Escola Superior de Saúde de Arcoverde;PE;401;Municipal;;;401-500;4.72;251-300;3.73;;;;;401-500;0.99;;;;;;;;;
2019;fisioterapia;Instituto de Educação Superior Raimundo Sá;PI;401;Privada;;;401-500;5.51;501-600;0.35;351-400;0.62;;;201-250;4.54;;;;;;;;;
2019;fisioterapia;Centro Universitário Estácio de Brasília;DF;401;Privada;;;401-500;5.84;251-300;4.2;;;;;401-500;1.64;;;;;;;;;
2019;fisioterapia;Faculdade Uninassau Vitória da Conquista;BA;401;Privada;;;401-500;6.89;251-300;4.21;;;;;351-400;2.68;;;;;;;;;
2019;fisioterapia;Faculdade Uninassau Lauro de Freitas;BA;401;Privada;;;401-500;6.22;251-300;3.7;;;;;351-400;2.52;;;;;;;;;
2019;fisioterapia;Faculdade Anhanguera de Sumaré;SP;401;Privada;;;401-500;4.65;251-300;4.07;;;;;501-600;0.58;;;;;;;;;
2019;fisioterapia;Instituto de Ensino Superior de Foz do Iguaçu;PR;401;Privada;;;401-500;6.09;401-500;1.07;301-350;0.88;;;251-300;4.14;;;;;;;;;
2019;fisioterapia;Faculdade Santa Marcelina;SP;401;Privada;;;401-500;4.57;401-500;1.45;201-250;3.1;;;501-600;0.02;;;;;;;;;
2019;fisioterapia;Faculdade Independente do Nordeste;BA;401;Privada;;;401-500;6.44;401-500;0.73;194;4.04;;;401-500;1.67;;;;;;;;;
2019;fisioterapia;Centro Universitário Fadergs;RS;401;Privada;;;401-500;5.39;201-250;4.52;;;;;401-500;0.87;;;;;;;;;
2019;fisioterapia;Faculdades Integradas de Taquara;RS;401;Privada;;;401-500;6.02;141;5.95;;;;;501-600;0.07;;;;;;;;;
2019;fisioterapia;Faculdade Estácio de Sá de Campo Grande;MS;401;Privada;;;401-500;6.06;301-350;3.26;301-350;1.11;;;401-500;1.69;;;;;;;;;
2019;fisioterapia;Faculdade Martha Falcão Wyden;AM;401;Privada;;;351-400;7.09;68;7.02;;;;;501-600;0.07;;;;;;;;;
2019;fisioterapia;Faculdade Anhanguera de São José-SC;SC;401;Privada;;;401-500;6.69;401-500;1.26;201-250;3.32;;;401-500;2.11;;;;;;;;;
2019;fisioterapia;Abeu - Centro Universitário;RJ;401;Privada;;;401-500;5.51;201-250;4.55;351-400;0.16;;;401-500;0.8;;;;;;;;;
2019;fisioterapia;Faculdade União de Campo Mourão;PR;401;Privada;;;401-500;4.36;401-500;0.79;;;;;301-350;3.57;;;;;;;;;
2019;fisioterapia;Faculdade Adventista da Bahia;BA;401;Privada;;;401-500;4.39;401-500;1.63;251-300;2.44;;;501-600;0.32;;;;;;;;;
2019;fisioterapia;Faculdade Anhanguera de Linhares;ES;401;Privada;;;401-500;4.28;401-500;1.39;;;;;301-350;2.89;;;;;;;;;
2019;fisioterapia;Centro Universitário Maurício de Nassau de Salvador;BA;401;Privada;;;351-400;7.02;301-350;3.16;251-300;2.03;;;401-500;1.83;;;;;;;;;
2019;fisioterapia;Faculdade Guilherme Guimbala;SC;401;Privada;;;401-500;4.28;501-600;0.5;201-250;3.04;;;401-500;0.74;;;;;;;;;
2019;fisioterapia;Universidade do Estado de Minas Gerais;MG;401;Estadual;;;401-500;5.68;401-500;1.73;201-250;3.36;;;501-600;0.59;;;;;;;;;
2019;fisioterapia;Faculdade Cidade de Patos de Minas;MG;401;Privada;;;401-500;6.35;401-500;0.84;301-350;1.74;;;251-300;3.77;;;;;;;;;
2019;fisioterapia;Centro Universitário Unibras do Sudoeste Goiano;GO;401;Privada;;;401-500;5.57;401-500;0.91;301-350;0.86;;;251-300;3.8;;;;;;;;;
2019;fisioterapia;Centro Universitário do Rio de Janeiro;RJ;401;Privada;;;401-500;6.7;301-350;3.41;;;;;301-350;3.29;;;;;;;;;
2019;fisioterapia;Faculdade Estácio São Paulo de Rondônia;RO;401;Privada;;;401-500;5.55;301-350;3.01;351-400;0.31;;;351-400;2.23;;;;;;;;;
2019;fisioterapia;Centro Universitário de Santa Fé do Sul;SP;401;Municipal;;;401-500;5.68;401-500;1.66;351-400;0.68;;;301-350;3.34;;;;;;;;;
2019;fisioterapia;Centro Universitário Maurício de Nassau de Caruaru;PE;401;Privada;;;401-500;5.09;301-350;3.19;;;;;401-500;1.9;;;;;;;;;
2019;fisioterapia;Faculdade Anhanguera de Limeira;SP;401;Privada;;;401-500;6.5;501-600;0.65;162;4.7;;;401-500;1.15;;;;;;;;;
2019;fisioterapia;Centro Universitário Faveni;SP;401;Privada;;;401-500;5.19;251-300;4.07;;;;;401-500;1.12;;;;;;;;;
2019;fisioterapia;Centro Universitário Anhanguera de Marabá;PA;401;Privada;;;401-500;4.95;501-600;0.24;301-350;1.5;;;301-350;3.21;;;;;;;;;
2019;fisioterapia;Faculdade Fasipe Mato Grosso;MT;401;Privada;;;401-500;6.61;351-400;2.29;;;;;251-300;4.32;;;;;;;;;
2019;fisioterapia;Faculdade Cidade de João Pinheiro;MG;401;Privada;;;401-500;6.65;351-400;2.75;;;;;251-300;3.9;;;;;;;;;
2019;fisioterapia;Centro Universitário da Região da Campanha;RS;401;Privada;;;401-500;4.24;401-500;1.32;301-350;0.9;;;401-500;2.02;;;;;;;;;
2019;fisioterapia;Centro Universitário Joaquim Nabuco de Recife;PE;401;Privada;;;401-500;6.51;251-300;4.17;;;;;351-400;2.34;;;;;;;;;
2019;fisioterapia;Instituto Municipal de Ensino Superior de Catanduva;SP;401;Municipal;;;401-500;4.4;251-300;4.1;;;;;501-600;0.3;;;;;;;;;
2019;fisioterapia;Faculdade Estácio do Pantanal;MT;401;Privada;;;401-500;6.02;401-500;1.88;;;;;251-300;4.14;;;;;;;;;
2019;fisioterapia;Centro Universitário de Jales;SP;401;Privada;;;401-500;6.02;501-600;0.46;351-400;0.14;;;176;5.42;;;;;;;;;
2019;fisioterapia;Faculdades Integradas de Ciências Humanas, Saúde e Educação de Guarulhos;SP;401;Privada;;;401-500;6.13;351-400;2.45;;;;;251-300;3.68;;;;;;;;;
2019;fisioterapia;Centro Universitário Braz Cubas;SP;401;Privada;;;401-500;5.63;401-500;2.1;301-350;1.81;;;401-500;1.72;;;;;;;;;
2019;fisioterapia;Universidade Vale do Rio Doce;MG;401;Privada;;;401-500;5.93;501-600;0.57;177;4.39;;;401-500;0.97;;;;;;;;;
2019;fisioterapia;Faculdade Anhanguera de Campinas;SP;401;Privada;;;401-500;6.89;401-500;1.06;148;4.99;;;401-500;0.84;;;;;;;;;
2019;fisioterapia;Faculdade Anhanguera de Sorriso;MT;401;Privada;;;401-500;4.56;501-600;0.07;;;;;201-250;4.49;;;;;;;;;
2019;fisioterapia;Instituto de Ensino Superior e Formação Avançada de Vitória;ES;401;Privada;;;401-500;4.55;401-500;1.38;;;;;301-350;3.17;;;;;;;;;
2019;fisioterapia;Faculdade Educacional de Francisco Beltrão;PR;401;Privada;;;401-500;4.79;401-500;0.72;;;;;251-300;4.07;;;;;;;;;
2019;fisioterapia;Faculdade Estácio do Rio Grande do Norte;RN;401;Privada;;;401-500;7;401-500;1;201-250;3.24;;;351-400;2.76;;;;;;;;;
2019;fisioterapia;Centro Universitário Estácio da Bahia;BA;401;Privada;;;401-500;4.96;351-400;2.17;301-350;1.79;;;401-500;1;;;;;;;;;
2019;fisioterapia;Faculdade Pitágoras Unopar Anhanguera de Londrina;PR;401;Privada;;;401-500;4.79;301-350;3.02;;;;;401-500;1.77;;;;;;;;;
2019;fisioterapia;Faculdade de Campina Grande;PB;401;Privada;;;401-500;6.85;301-350;3.11;;;;;251-300;3.74;;;;;;;;;
2019;fisioterapia;Faculdade Uninorte;AM;401;Privada;;;401-500;5.35;351-400;2.61;;;;;351-400;2.74;;;;;;;;;
2019;fisioterapia;Universidade Nilton Lins;AM;401;Privada;;;401-500;4.24;401-500;1.64;351-400;0.8;;;401-500;1.8;;;;;;;;;
2019;fisioterapia;Centro Universitário Funcesi;MG;401;Privada;;;401-500;6.09;251-300;3.67;;;;;351-400;2.42;;;;;;;;;
2019;fisioterapia;Centro Universitário Fametro;CE;401;Privada;;;401-500;6;301-350;3.35;;;;;351-400;2.65;;;;;;;;;
2019;fisioterapia;Centro Universitário do Recife;PE;401;Privada;;;401-500;5.42;401-500;1.22;351-400;0.6;;;251-300;3.6;;;;;;;;;
2019;fisioterapia;Faculdade Anhanguera de Primavera do Leste;MT;501;Privada;;;501-600;3.3;501-600;0.28;301-350;1.46;;;401-500;1.56;;;;;;;;;
2019;fisioterapia;Faculdade Anhanguera de Ciências e Tecnologia de Brasília;DF;501;Privada;;;501-600;3.2;351-400;2.55;;;;;401-500;0.65;;;;;;;;;
2019;fisioterapia;Faculdade Unibras da Bahia;BA;501;Privada;;;501-600;3.94;401-500;1.98;;;;;401-500;1.96;;;;;;;;;
2019;fisioterapia;Instituto de Ensino Superior do Sul do Maranhão;MA;501;Privada;;;501-600;4.15;401-500;1.35;;;;;351-400;2.8;;;;;;;;;
2019;fisioterapia;Faculdade Anhanguera de Maceió;AL;501;Privada;;;501-600;4.11;501-600;0.43;;;;;251-300;3.68;;;;;;;;;
2019;fisioterapia;Faculdade Anhanguera de Taboão da Serra;SP;501;Privada;;;501-600;1.77;501-600;0.15;;;;;401-500;1.62;;;;;;;;;
2019;fisioterapia;Faculdade Anhanguera de Porto Alegre;RS;501;Privada;;;501-600;3.19;301-350;2.95;;;;;501-600;0.24;;;;;;;;;
2019;fisioterapia;Instituto Taubaté de Ensino Superior;SP;501;Privada;;;501-600;2.52;401-500;1.62;;;;;401-500;0.9;;;;;;;;;
2019;fisioterapia;Faculdades Integradas dos Campos Gerais;PR;501;Privada;;;501-600;3.02;501-600;0.41;251-300;2.15;;;501-600;0.46;;;;;;;;;
2019;fisioterapia;Centro Universitário Max Planck;SP;501;Privada;;;501-600;1;401-500;0.69;;;;;501-600;0.31;;;;;;;;;
2019;fisioterapia;Instituto de Ensino Superior de Alagoas;AL;501;Privada;;;501-600;0.87;501-600;0.21;;;;;401-500;0.66;;;;;;;;;
2019;fisioterapia;Faculdade de Aracaju;SE;501;Privada;;;501-600;1.08;501-600;0.32;351-400;0.64;;;501-600;0.12;;;;;;;;;
2019;fisioterapia;Faculdade Anhanguera de Dourados;MS;501;Privada;;;501-600;0.62;501-600;0.62;;;;;;;;;;;;;;;
2019;fisioterapia;Centro Universitário Natalense;RN;501;Privada;;;501-600;3.98;501-600;0.66;251-300;1.89;;;401-500;1.43;;;;;;;;;
2019;fisioterapia;Centro Universitário Piaget;SP;501;Privada;;;501-600;2.37;351-400;2.16;;;;;501-600;0.21;;;;;;;;;
2019;fisioterapia;Faculdade Anhanguera Unidade Guarapari;ES;501;Privada;;;501-600;4.03;301-350;2.95;;;;;401-500;1.08;;;;;;;;;
2019;fisioterapia;Faculdade Estácio de Feira de Santana;BA;501;Privada;;;501-600;1.48;401-500;1.13;;;;;501-600;0.35;;;;;;;;;
2019;fisioterapia;Faculdade Anhanguera de Caxias do Sul;RS;501;Privada;;;501-600;1.34;401-500;1.31;;;;;501-600;0.03;;;;;;;;;
2019;fisioterapia;Faculdade Anhanguera de Teixeira de Freitas;BA;501;Privada;;;501-600;3.65;501-600;0.22;;;;;301-350;3.43;;;;;;;;;
2019;fisioterapia;Faculdade de Penápolis;SP;501;Privada;;;501-600;3.77;401-500;1.75;351-400;0.1;;;401-500;1.92;;;;;;;;;
2019;fisioterapia;Faculdade de Ciências Sociais e Humanas Sobral Pinto;MT;501;Privada;;;501-600;0.62;501-600;0.53;;;;;501-600;0.09;;;;;;;;;
2019;fisioterapia;Faculdades Integradas do Extremo Sul da Bahia;BA;501;Privada;;;501-600;2.66;501-600;0.1;301-350;1.85;;;401-500;0.71;;;;;;;;;
2019;fisioterapia;Faculdade Anhanguera de Pelotas;RS;501;Privada;;;501-600;3.14;401-500;0.71;;;;;351-400;2.43;;;;;;;;;
2019;fisioterapia;Instituto Macapaense de Ensino Superior;AP;501;Privada;;;501-600;1.62;501-600;0.06;301-350;1.52;;;501-600;0.04;;;;;;;;;
2019;fisioterapia;Faculdade Anhanguera de Joinville;SC;501;Privada;;;501-600;3.83;401-500;0.97;;;;;301-350;2.86;;;;;;;;;
2019;fisioterapia;Centro Universitário Maurício de Nassau de São Luís;MA;501;Privada;;;501-600;3.42;351-400;2.14;;;;;401-500;1.28;;;;;;;;;
2019;fisioterapia;"Escola Superior de Cruzeiro ""prefeito Hamilton Vieira Mendes""";SP;501;Municipal;;;501-600;3.68;351-400;2.76;301-350;0.92;;;;;;;;;;;;;
2019;fisioterapia;Faculdade da Cidade de Maceió;AL;501;Privada;;;501-600;4.01;501-600;0.29;201-250;2.91;;;401-500;0.81;;;;;;;;;
2019;fisioterapia;Faculdade Anhanguera de São Luiz;MA;501;Privada;;;501-600;3.71;401-500;1.01;;;;;351-400;2.7;;;;;;;;;
2019;fisioterapia;Faculdade Tecsoma;MG;501;Privada;;;501-600;2.93;501-600;0.59;251-300;2.07;;;501-600;0.27;;;;;;;;;
2019;fisioterapia;Faculdade Santo Agostinho de Sete Lagoas;MG;501;Privada;;;501-600;1.44;401-500;1.1;;;;;501-600;0.34;;;;;;;;;
2019;fisioterapia;Faculdade Bezerra de Araújo;RJ;501;Privada;;;501-600;2.77;401-500;1.23;301-350;1.44;;;501-600;0.1;;;;;;;;;
2019;fisioterapia;Faculdade Anhanguera de Ribeirão Preto;SP;501;Privada;;;501-600;3.78;401-500;1.47;;;;;351-400;2.31;;;;;;;;;
2019;fisioterapia;Instituto Cuiabá de Ensino e Cultura;MT;501;Privada;;;501-600;0.89;501-600;0.04;351-400;0.33;;;501-600;0.52;;;;;;;;;
2019;fisioterapia;Faculdade Icesp;DF;501;Privada;;;501-600;1.32;401-500;0.88;;;;;501-600;0.44;;;;;;;;;
2019;fisioterapia;Faculdade de Imperatriz Wyden;MA;501;Privada;;;501-600;2.6;401-500;1.48;;;;;401-500;1.12;;;;;;;;;
2019;fisioterapia;Faculdade Guaraí;TO;501;Privada;;;501-600;2.6;501-600;0.09;;;;;351-400;2.51;;;;;;;;;
2019;fisioterapia;Faculdade Anhanguera de Taguatinga;DF;501;Privada;;;501-600;3.14;501-600;0.02;;;;;301-350;3.12;;;;;;;;;
2019;fisioterapia;Faculdade Anhanguera do Rio Grande;RS;501;Privada;;;501-600;4.14;501-600;0.47;301-350;0.84;;;351-400;2.83;;;;;;;;;
2019;fisioterapia;Centro Universitário do Vale do Araguaia;MT;501;Privada;;;501-600;1.78;501-600;0.54;351-400;0.55;;;401-500;0.69;;;;;;;;;
2019;fisioterapia;Faculdade Juiz de Fora;MG;501;Privada;;;501-600;2.76;351-400;2.36;;;;;501-600;0.4;;;;;;;;;
2019;fisioterapia;Faculdade Internacional da Paraíba;PB;501;Privada;;;501-600;4;351-400;2.19;;;;;401-500;1.81;;;;;;;;;
2019;fisioterapia;Faculdade Anhanguera de Macapá;AP;501;Privada;;;501-600;3.97;501-600;0.38;251-300;2.09;;;401-500;1.5;;;;;;;;;
2019;fisioterapia;Faculdade Anhanguera de Ipatinga;MG;501;Privada;;;501-600;2.22;401-500;1.69;;;;;501-600;0.53;;;;;;;;;
2023;fisioterapia;Universidade de São Paulo;SP;1;Estadual;1;36;2;63.32;11;7.88;48;7.44;;;1;8;1;40;;;;;;;
2023;fisioterapia;Universidade Federal de Minas Gerais;MG;2;Federal;1;36;3;62.54;15;7.83;1;8;;;1;8;3;38.71;;;;;;;
2023;fisioterapia;Universidade Federal de São Carlos;SP;3;Federal;17;33.58;1;63.56;13;7.86;26;7.7;;;1;8;1;40;;;;;;;
2023;fisioterapia;Universidade Federal de Pernambuco;PE;4;Federal;4;35.55;7;61.43;43;7.5;13;7.86;;;1;8;4;38.07;;;;;;;
2023;fisioterapia;Universidade de Brasília;DF;5;Federal;4;35.55;9;60.95;32;7.63;64;7.25;;;1;8;4;38.07;;;;;;;
2023;fisioterapia;Universidade Federal do Rio de Janeiro;RJ;6;Federal;4;35.55;10;60.91;39;7.55;61;7.29;;;1;8;4;38.07;;;;;;;
2023;fisioterapia;Universidade Federal do Rio Grande do Sul;RS;7;Federal;17;33.58;6;61.49;27;7.69;24;7.73;;;1;8;4;38.07;;;;;;;
2023;fisioterapia;Universidade Estadual Paulista Júlio de Mesquita Filho;SP;8;Estadual;17;33.58;8;61.27;21;7.76;48;7.44;;;1;8;4;38.07;;;;;;;
2023;fisioterapia;Universidade Federal do Rio Grande do Norte;RN;9;Federal;4;35.55;14;56.77;41;7.53;27;7.69;;;1;8;11;33.55;;;;;;;
2023;fisioterapia;Universidade Federal do Ceará;CE;10;Federal;17;33.58;12;57.23;27;7.69;2;7.99;;;1;8;11;33.55;;;;;;;
2023;fisioterapia;Universidade Estadual de Londrina;PR;11;Estadual;17;33.58;15;56.66;57;7.33;20;7.78;;;1;8;11;33.55;;;;;;;
2023;fisioterapia;Universidade Federal da Paraíba;PB;11;Federal;17;33.58;15;56.66;49;7.43;28;7.68;;;1;8;11;33.55;;;;;;;
2023;fisioterapia;Universidade Federal de Santa Maria;RS;13;Federal;17;33.58;17;56.59;30;7.66;53;7.38;;;1;8;11;33.55;;;;;;;
2023;fisioterapia;Universidade de Ribeirão Preto;SP;14;Privada;17;33.58;18;55.15;102;6.8;102;6.8;;;1;8;11;33.55;;;;;;;
2023;fisioterapia;Universidade Nove de Julho;SP;15;Privada;4;35.55;24;50.95;22;7.75;251-300;4.99;;;251-300;4.66;11;33.55;;;;;;;
2023;fisioterapia;Escola Bahiana de Medicina e Saúde Pública;BA;16;Privada;17;33.58;20;52.75;301-350;4.23;88;6.97;;;1;8;11;33.55;;;;;;;
2023;fisioterapia;Pontifícia Universidade Católica do Paraná;PR;17;Privada;17;33.58;22;51.68;96;6.87;94;6.9;;;251-300;4.36;11;33.55;;;;;;;
2023;fisioterapia;Fundação Universidade do Estado de Santa Catarina;SC;18;Estadual;17;33.58;23;51.51;90;6.94;16;7.82;;;351-400;3.2;11;33.55;;;;;;;
2023;fisioterapia;Pontifícia Universidade Católica de Minas Gerais;MG;19;Privada;4;35.55;26;48.63;201-250;5.58;55;7.36;;;401-500;2.14;11;33.55;;;;;;;
2023;fisioterapia;Universidade Federal do Triângulo Mineiro;MG;20;Federal;95;21.78;4;61.86;12;7.87;8;7.92;;;1;8;4;38.07;;;;;;;
2023;fisioterapia;Universidade Federal de São Paulo;SP;21;Federal;95;21.78;5;61.69;1;8;33;7.62;;;1;8;4;38.07;;;;;;;
2023;fisioterapia;Universidade Federal do Paraná;PR;22;Federal;4;35.55;31;43.78;14;7.85;7;7.93;;;1;8;32;20;;;;;;;
2023;fisioterapia;Universidade Federal de Alfenas;MG;23;Federal;95;21.78;13;57.17;31;7.64;3;7.98;;;1;8;11;33.55;;;;;;;
2023;fisioterapia;Universidade Federal de Santa Catarina;SC;24;Federal;4;35.55;33;43.31;1;8;59;7.31;;;1;8;32;20;;;;;;;
2023;fisioterapia;Universidade Federal do Pará;PA;25;Federal;4;35.55;35;43.21;58;7.32;10;7.89;;;1;8;32;20;;;;;;;
2023;fisioterapia;Universidade Federal da Bahia;BA;26;Federal;4;35.55;36;43.13;69;7.19;6;7.94;;;1;8;32;20;;;;;;;
2023;fisioterapia;Universidade Federal do Espírito Santo;ES;27;Federal;17;33.58;32;43.57;17;7.81;21;7.76;;;1;8;32;20;;;;;;;
2023;fisioterapia;Universidade Federal de Juiz de Fora;MG;28;Federal;17;33.58;34;43.24;51;7.41;15;7.83;;;1;8;32;20;;;;;;;
2023;fisioterapia;Pontifícia Universidade Católica do Rio Grande do Sul;RS;29;Privada;95;21.78;19;54.92;55;7.36;169;6.01;;;1;8;11;33.55;;;;;;;
2023;fisioterapia;Universidade Federal de Sergipe;SE;30;Federal;17;33.58;37;42.98;56;7.35;32;7.63;;;1;8;32;20;;;;;;;
2023;fisioterapia;Universidade Federal de Uberlândia;MG;31;Federal;17;33.58;38;42.94;26;7.7;65;7.24;;;1;8;32;20;;;;;;;
2023;fisioterapia;Universidade Presbiteriana Mackenzie;SP;32;Privada;95;21.78;21;51.88;58;7.32;17;7.81;;;351-400;3.2;11;33.55;;;;;;;
2023;fisioterapia;Universidade do Vale do Rio dos Sinos;RS;33;Privada;17;33.58;42;39.4;40;7.54;90;6.95;;;251-300;4.91;32;20;;;;;;;
2023;fisioterapia;Universidade de Franca;SP;34;Privada;17;33.58;43;39.25;138;6.37;251-300;4.88;;;1;8;32;20;;;;;;;
2023;fisioterapia;Universidade Estadual da Paraíba;PB;35;Estadual;17;33.58;44;38.53;401-500;3.13;52;7.4;;;1;8;32;20;;;;;;;
2023;fisioterapia;Universidade Metodista de Piracicaba;SP;36;Privada;95;21.78;25;49.88;81;7.05;62;7.28;;;401-500;2;11;33.55;;;;;;;
2023;fisioterapia;Centro Universitário São Camilo;SP;37;Privada;17;33.58;45;37.82;201-250;5.4;41;7.53;;;251-300;4.89;32;20;;;;;;;
2023;fisioterapia;Universidade Vila Velha;ES;38;Privada;95;21.78;27;47.85;201-250;5.5;63;7.27;;;501-600;1.53;11;33.55;;;;;;;
2023;fisioterapia;Universidade Paulista;SP;39;Privada;1;36;57;32.76;351-400;3.64;139;6.36;;;401-500;2.76;32;20;;;;;;;
2023;fisioterapia;Centro Universitário das Faculdades Associadas de Ensino;SP;40;Municipal;17;33.58;51;34.68;201-250;5.34;501-600;1.34;;;1;8;32;20;;;;;;;
2023;fisioterapia;Pontifícia Universidade Católica de Campinas;SP;41;Privada;17;33.58;53;34.13;137;6.38;69;7.19;;;601-700;0.56;32;20;;;;;;;
2023;fisioterapia;Universidade Católica de Pernambuco;PE;42;Privada;95;21.78;28;44.9;175;5.93;201-250;5.17;;;601-700;0.25;11;33.55;;;;;;;
2023;fisioterapia;Universidade de Uberaba;MG;43;Privada;95;21.78;29;44.89;351-400;3.55;201-250;5.52;;;401-500;2.27;11;33.55;;;;;;;
2023;fisioterapia;Universidade Metodista de São Paulo;SP;44;Privada;17;33.58;59;32.54;201-250;5.15;154;6.19;;;501-600;1.2;32;20;;;;;;;
2023;fisioterapia;Universidade Estadual do Oeste do Paraná;PR;45;Estadual;95;21.78;39;42.18;84;7.01;71;7.17;;;1;8;32;20;;;;;;;
2023;fisioterapia;Instituto Federal de Educação, Ciência e Tecnologia do Rio de Janeiro;RJ;46;Federal;95;21.78;40;41.27;156;6.16;76;7.11;;;1;8;32;20;;;;;;;
2023;fisioterapia;Centro Universitário do Planalto de Araxá;MG;47;Privada;95;21.78;41;40.84;401-500;2.2;301-350;3.97;;;501-600;1.12;11;33.55;;;;;;;
2023;fisioterapia;Universidade de Pernambuco;PE;48;Estadual;4;35.55;64;23.47;25;7.72;22;7.75;;;1;8;;;;;;;;;
2023;fisioterapia;Centro Universitário Ingá;PR;49;Privada;95;21.78;46;36.6;351-400;3.27;201-250;5.33;;;1;8;32;20;;;;;;;
2023;fisioterapia;Universidade Católica de Pelotas;RS;50;Privada;95;21.78;47;36.16;187;5.79;150;6.23;;;301-350;4.14;32;20;;;;;;;
2023;fisioterapia;Escola Superior de Ciências da Santa Casa de Misericórdia de Vitória;ES;51;Privada;95;21.78;49;35.67;251-300;4.55;128;6.5;;;251-300;4.62;32;20;;;;;;;
2023;fisioterapia;Fundação Universidade Federal de Ciências da Saúde de Porto Alegre;RS;52;Federal;;;11;57.25;15;7.83;12;7.87;;;1;8;11;33.55;;;;;;;
2023;fisioterapia;Universidade Universus Veritas Guarulhos;SP;53;Privada;95;21.78;50;34.91;251-300;4.47;187;5.8;;;251-300;4.64;32;20;;;;;;;
2023;fisioterapia;Universidade Anhembi Morumbi;SP;54;Privada;95;21.78;52;34.53;133;6.43;194;5.71;;;401-500;2.39;32;20;;;;;;;
2023;fisioterapia;Universidade do Estado da Bahia;BA;55;Estadual;17;33.58;66;22.72;101;6.81;9;7.91;;;1;8;;;;;;;;;
2023;fisioterapia;Universidade Estadual do Piauí;PI;56;Estadual;17;33.58;69;22.03;163;6.07;4;7.96;;;1;8;;;;;;;;;
2023;fisioterapia;Pontifícia Universidade Católica de São Paulo;SP;57;Privada;17;33.58;74;21.29;42;7.51;188;5.78;;;1;8;;;;;;;;;
2023;fisioterapia;Centro Universitário de Belo Horizonte;MG;58;Privada;17;33.58;75;21.26;176;5.92;57;7.34;;;1;8;;;;;;;;;
2023;fisioterapia;Centro Universitário Newton Paiva;MG;59;Privada;95;21.78;55;33.05;301-350;4.21;92;6.92;;;401-500;1.92;32;20;;;;;;;
2023;fisioterapia;Universidade da Amazônia;PA;60;Privada;95;21.78;56;32.99;251-300;4.71;201-250;5.3;;;401-500;2.98;32;20;;;;;;;
2023;fisioterapia;Universidade Regional de Blumenau;SC;61;Municipal;95;21.78;58;32.71;251-300;4.89;146;6.28;;;501-600;1.54;32;20;;;;;;;
2023;fisioterapia;Universidade do Estado do Pará;PA;62;Estadual;17;33.58;78;20.91;251-300;5.02;10;7.89;;;1;8;;;;;;;;;
2023;fisioterapia;Centro Universitário Metrocamp Wyden;SP;62;Privada;17;33.58;78;20.91;1;8;251-300;4.91;;;1;8;;;;;;;;;
2023;fisioterapia;Universidade José do Rosário Velano;MG;64;Privada;17;33.58;80;20.88;123;6.55;142;6.33;;;1;8;;;;;;;;;
2023;fisioterapia;Universidade de Cuiabá;MT;65;Privada;17;33.58;87;20.31;201-250;5.4;93;6.91;;;1;8;;;;;;;;;
2023;fisioterapia;Universidade Cesumar;PR;66;Privada;17;33.58;89;20.06;47;7.45;30;7.66;;;201-250;4.95;;;;;;;;;
2023;fisioterapia;Universidade do Oeste de Santa Catarina;SC;67;Privada;17;33.58;90;20.02;251-300;4.47;39;7.55;;;1;8;;;;;;;;;
2023;fisioterapia;Universidade do Oeste Paulista;SP;68;Privada;17;33.58;98;19.37;71;7.17;72;7.16;;;201-250;5.04;;;;;;;;;
2023;fisioterapia;Centro Universitário do Rio Grande do Norte;RN;69;Privada;17;33.58;99;19.32;67;7.22;301-350;4.1;;;1;8;;;;;;;;;
2023;fisioterapia;Centro Universitário Claretiano;SP;70;Privada;17;33.58;108;19.05;251-300;4.87;155;6.18;;;1;8;;;;;;;;;
2023;fisioterapia;Universidade de Marília;SP;71;Privada;17;33.58;110;18.85;169;6;251-300;4.85;;;1;8;;;;;;;;;
2023;fisioterapia;Centro Universitário Braz Cubas;SP;72;Privada;95;21.78;61;30.53;501-600;1.64;82;7.04;;;501-600;1.85;32;20;;;;;;;
2023;fisioterapia;Centro Universitário de Excelência;BA;73;Privada;17;33.58;115;18.5;106;6.75;351-400;3.75;;;1;8;;;;;;;;;
2023;fisioterapia;Universidade Franciscana;RS;74;Privada;17;33.58;119;18.17;141;6.34;104;6.78;;;201-250;5.05;;;;;;;;;
2023;fisioterapia;Centro Universitário Facid Wyden;PI;75;Privada;17;33.58;126;17.93;19;7.79;197;5.68;;;251-300;4.46;;;;;;;;;
2023;fisioterapia;Universidade Católica Dom Bosco;MS;76;Privada;17;33.58;129;17.89;301-350;4.27;201-250;5.62;;;1;8;;;;;;;;;
2023;fisioterapia;Faculdade de Tecnologia e Ciências de Itabuna;BA;77;Privada;17;33.58;131;17.81;44;7.49;401-500;2.32;;;1;8;;;;;;;;;
2023;fisioterapia;Universidade Positivo;PR;78;Privada;17;33.58;134;17.66;138;6.37;94;6.9;;;251-300;4.39;;;;;;;;;
2023;fisioterapia;Centro Universitário do Estado do Pará;PA;79;Privada;17;33.58;139;17.47;401-500;2.83;116;6.64;;;1;8;;;;;;;;;
2023;fisioterapia;Centro Universitário Barão de Mauá;SP;80;Privada;17;33.58;160;16.84;201-250;5.59;108;6.73;;;251-300;4.52;;;;;;;;;
2023;fisioterapia;Centro Universitário Nobre de Feira de Santana;BA;81;Privada;17;33.58;164;16.65;201-250;5.46;401-500;3.19;;;1;8;;;;;;;;;
2023;fisioterapia;Centro Universitário Una;MG;82;Privada;17;33.58;169;16.61;106;6.75;501-600;1.86;;;1;8;;;;;;;;;
2023;fisioterapia;Universidade Estácio de Sá;RJ;83;Privada;4;35.55;251-300;14.42;64;7.25;201-250;5.43;;;501-600;1.74;;;;;;;;;
2023;fisioterapia;Universidade Pitágoras Unopar Anhanguera;PR;84;Privada;17;33.58;187;16.07;111;6.69;161;6.1;;;351-400;3.28;;;;;;;;;
2023;fisioterapia;Universidade Regional do Noroeste do Estado do Rio Grande do Sul;RS;85;Privada;17;33.58;188;16.05;171;5.98;96;6.87;;;351-400;3.2;;;;;;;;;
2023;fisioterapia;Centro Universitário de Várzea Grande;MT;86;Privada;17;33.58;201-250;15.3;301-350;3.86;110;6.71;;;251-300;4.73;;;;;;;;;
2023;fisioterapia;Faculdade Anhanguera de Betim;MG;87;Privada;17;33.58;201-250;15.2;142;6.32;185;5.82;;;401-500;3.06;;;;;;;;;
2023;fisioterapia;Centro Universitário Maurício de Nassau;PE;88;Privada;17;33.58;201-250;14.94;251-300;4.58;201-250;5.56;;;251-300;4.8;;;;;;;;;
2023;fisioterapia;Universidade Feevale;RS;89;Privada;17;33.58;201-250;14.85;251-300;4.68;126;6.52;;;351-400;3.65;;;;;;;;;
2023;fisioterapia;Centro Universitário da Grande Dourados;MS;90;Privada;17;33.58;251-300;14.71;401-500;2.32;34;7.61;;;251-300;4.78;;;;;;;;;
2023;fisioterapia;Centro Universitário Doutor Leão Sampaio;CE;91;Privada;17;33.58;251-300;14.26;401-500;3.14;42;7.51;;;351-400;3.61;;;;;;;;;
2023;fisioterapia;Universidade de Santa Cruz do Sul;RS;92;Privada;17;33.58;251-300;14.23;183;5.84;132;6.45;;;401-500;1.94;;;;;;;;;
2023;fisioterapia;Universidade de Fortaleza;CE;93;Privada;17;33.58;251-300;13.74;251-300;4.95;149;6.25;;;401-500;2.54;;;;;;;;;
2023;fisioterapia;Faculdade Madre Thais;BA;94;Privada;17;33.58;301-350;13.02;501-600;1.2;351-400;3.82;;;1;8;;;;;;;;;
2023;fisioterapia;Universidade Católica de Brasília;DF;95;Privada;17;33.58;301-350;13.01;201-250;5.34;122;6.57;;;501-600;1.1;;;;;;;;;
2023;fisioterapia;Universidade Salvador;BA;96;Privada;17;33.58;301-350;12.83;165;6.05;201-250;5.05;;;501-600;1.73;;;;;;;;;
2023;fisioterapia;Universidade de Passo Fundo;RS;97;Privada;17;33.58;301-350;12.52;251-300;4.55;135;6.41;;;501-600;1.56;;;;;;;;;
2023;fisioterapia;Universidade de Araraquara;SP;98;Privada;17;33.58;351-400;12.31;201-250;5.54;200;5.64;;;501-600;1.13;;;;;;;;;
2023;fisioterapia;Universidade Tiradentes;SE;99;Privada;17;33.58;351-400;12.1;201-250;5.55;183;5.84;;;501-600;0.71;;;;;;;;;
2023;fisioterapia;Universidade de Mogi das Cruzes;SP;100;Privada;17;33.58;351-400;12.05;501-600;1.18;83;7.03;;;301-350;3.84;;;;;;;;;
2023;fisioterapia;Universidade Federal dos Vales do Jequitinhonha e Mucuri;MG;101;Federal;95;21.78;63;23.72;1;8;25;7.72;;;1;8;;;;;;;;;
2023;fisioterapia;Universidade do Sul de Santa Catarina;SC;102;Privada;17;33.58;351-400;11.78;401-500;2.94;123;6.55;;;401-500;2.29;;;;;;;;;
2023;fisioterapia;Universidade Potiguar;RN;103;Privada;4;35.55;401-500;9.55;501-600;1.06;201-250;5.54;;;401-500;2.95;;;;;;;;;
2023;fisioterapia;Universidade Regional Integrada do Alto Uruguai e das Missões;RS;104;Privada;17;33.58;401-500;10.96;351-400;3.78;145;6.29;;;501-600;0.89;;;;;;;;;
2023;fisioterapia;Centro Universitário das Faculdades Metropolitanas Unidas;SP;105;Privada;17;33.58;401-500;10.8;351-400;3.31;160;6.12;;;501-600;1.37;;;;;;;;;
2023;fisioterapia;Centro Universitário de Talentos Humanos;MG;106;Privada;;;30;44.24;201-250;5.34;251-300;4.47;;;501-600;0.88;11;33.55;;;;;;;
2023;fisioterapia;Centro Universitário de Brasília;DF;107;Privada;17;33.58;401-500;10.54;351-400;3.29;141;6.34;;;501-600;0.91;;;;;;;;;
2023;fisioterapia;Centro Universitário de Maceió;AL;108;Privada;17;33.58;401-500;10.47;401-500;2.85;147;6.27;;;501-600;1.35;;;;;;;;;
2023;fisioterapia;Centro Universitário Cesmac;AL;109;Privada;17;33.58;401-500;10.29;401-500;2.69;114;6.66;;;501-600;0.94;;;;;;;;;
2023;fisioterapia;Centro Universitário Christus;CE;110;Privada;95;21.78;70;21.82;168;6.02;18;7.8;;;1;8;;;;;;;;;
2023;fisioterapia;Centro Universitário São Camilo - Espírito Santo;ES;111;Privada;17;33.58;401-500;9.99;401-500;2.92;251-300;4.72;;;401-500;2.35;;;;;;;;;
2023;fisioterapia;Faculdade Anhanguera de Anápolis;GO;112;Privada;95;21.78;71;21.45;173;5.96;44;7.49;;;1;8;;;;;;;;;
2023;fisioterapia;Universidade Estadual do Sudoeste da Bahia;BA;113;Estadual;95;21.78;73;21.33;187;5.79;40;7.54;;;1;8;;;;;;;;;
2023;fisioterapia;Universidade Estadual do Centro Oeste;PR;114;Estadual;95;21.78;76;21.16;154;6.18;87;6.98;;;1;8;;;;;;;;;
2023;fisioterapia;Centro Universitário Una de Bom Despacho;MG;115;Privada;95;21.78;82;20.73;33;7.62;201-250;5.11;;;1;8;;;;;;;;;
2023;fisioterapia;Centro Universitário Dinâmica das Cataratas;PR;116;Privada;95;21.78;83;20.65;106;6.75;178;5.9;;;1;8;;;;;;;;;
2023;fisioterapia;Centro Universitário Jorge Amado;BA;117;Privada;17;33.58;501-600;8.76;301-350;4.41;351-400;3.8;;;601-700;0.55;;;;;;;;;
2023;fisioterapia;Centro Universitário de Itajubá;MG;118;Privada;95;21.78;85;20.46;123;6.55;177;5.91;;;1;8;;;;;;;;;
2023;fisioterapia;Universidade Federal do Amazonas;AM;119;Federal;95;21.78;86;20.41;178;5.9;127;6.51;;;1;8;;;;;;;;;
2023;fisioterapia;Universidade Federal de Mato Grosso do Sul;MS;120;Federal;95;21.78;88;20.16;23;7.74;38;7.56;;;251-300;4.86;;;;;;;;;
2023;fisioterapia;Universidade Estadual de Goiás;GO;121;Estadual;95;21.78;92;19.9;251-300;4.72;70;7.18;;;1;8;;;;;;;;;
2023;fisioterapia;Universidade Católica do Salvador;BA;122;Privada;17;33.58;501-600;7.96;501-600;2;251-300;4.95;;;501-600;1.01;;;;;;;;;
2023;fisioterapia;Universidade Anhanguera;MS;123;Privada;95;21.78;95;19.64;149;6.24;201-250;5.4;;;1;8;;;;;;;;;
2023;fisioterapia;Centro Universitário do Triângulo;MG;124;Privada;17;33.58;501-600;7.78;501-600;1.19;251-300;4.67;;;401-500;1.92;;;;;;;;;
2023;fisioterapia;Centro Universitário Facol;PE;125;Privada;95;21.78;96;19.54;82;7.04;251-300;4.5;;;1;8;;;;;;;;;
2023;fisioterapia;Pontifícia Universidade Católica de Goiás;GO;126;Privada;17;33.58;501-600;7.41;501-600;2.01;201-250;5.14;;;601-700;0.26;;;;;;;;;
2023;fisioterapia;Faculdade de Ciências Médicas de Minas Gerais;MG;127;Privada;95;21.78;102;19.2;351-400;3.6;35;7.6;;;1;8;;;;;;;;;
2023;fisioterapia;Universidade Santo Amaro;SP;127;Privada;95;21.78;102;19.2;150;6.23;251-300;4.97;;;1;8;;;;;;;;;
2023;fisioterapia;Centro Universitário Uninovafapi;PI;129;Privada;95;21.78;104;19.18;187;5.79;201-250;5.39;;;1;8;;;;;;;;;
2023;fisioterapia;Universidade do Vale do Taquari;RS;130;Privada;95;21.78;122;18.07;80;7.06;174;5.95;;;201-250;5.06;;;;;;;;;
2023;fisioterapia;Centro Universitário de Rio Preto;SP;131;Privada;17;33.58;501-600;6.15;501-600;1.95;351-400;3.27;;;501-600;0.93;;;;;;;;;
2023;fisioterapia;Faculdade Pernambucana de Saúde;PE;132;Privada;95;21.78;125;17.94;301-350;4.13;186;5.81;;;1;8;;;;;;;;;
2023;fisioterapia;Centro Universitário Sociesc;SC;133;Privada;95;21.78;130;17.88;73;7.14;401-500;2.74;;;1;8;;;;;;;;;
2023;fisioterapia;Centro Regional Universitário de Espírito Santo do Pinhal;SP;134;Privada;17;33.58;601-700;5.93;401-500;2.69;401-500;2.81;;;601-700;0.43;;;;;;;;;
2023;fisioterapia;União das Faculdades dos Grandes Lagos;SP;135;Privada;95;21.78;133;17.67;251-300;4.87;251-300;4.8;;;1;8;;;;;;;;;
2023;fisioterapia;Universidade Comunitária da Região de Chapecó;SC;136;Privada;95;21.78;143;17.27;401-500;2.21;80;7.06;;;1;8;;;;;;;;;
2023;fisioterapia;Universidade do Grande Rio Professor José de Souza Herdy;RJ;136;Privada;95;21.78;143;17.27;201-250;5.11;301-350;4.16;;;1;8;;;;;;;;;
2023;fisioterapia;Universidade do Vale do Itajaí;SC;138;Privada;95;21.78;145;17.26;185;5.81;19;7.79;;;351-400;3.66;;;;;;;;;
2023;fisioterapia;Centro Universitário Inta;CE;138;Privada;95;21.78;145;17.26;187;5.79;351-400;3.47;;;1;8;;;;;;;;;
2023;fisioterapia;Universidade Salgado de Oliveira;RJ;140;Privada;17;33.58;601-700;5.4;501-600;1.93;401-500;2.75;;;501-600;0.72;;;;;;;;;
2023;fisioterapia;Universidade do Estado de Minas Gerais;MG;141;Estadual;95;21.78;148;17.19;401-500;2.56;117;6.63;;;1;8;;;;;;;;;
2023;fisioterapia;Centro Universitário Sagrado Coração;SP;142;Privada;95;21.78;150;17.13;78;7.09;86;6.99;;;401-500;3.05;;;;;;;;;
2023;fisioterapia;Universidade Cidade de São Paulo;SP;143;Privada;95;21.78;158;16.89;72;7.16;201-250;5.37;;;251-300;4.36;;;;;;;;;
2023;fisioterapia;Centro Universitário Sudoeste Paulista;SP;144;Privada;95;21.78;168;16.63;201-250;5.34;58;7.32;;;301-350;3.97;;;;;;;;;
2023;fisioterapia;Centro Universitário Assis Gurgacz;PR;145;Privada;95;21.78;172;16.49;501-600;1.64;98;6.85;;;1;8;;;;;;;;;
2023;fisioterapia;Faculdade Anhanguera de Belo Horizonte;MG;146;Privada;95;21.78;175;16.4;119;6.6;166;6.04;;;301-350;3.76;;;;;;;;;
2023;fisioterapia;Centro Universitário Santa Maria;PB;147;Privada;95;21.78;176;16.39;301-350;4.27;301-350;4.12;;;1;8;;;;;;;;;
2023;fisioterapia;Faculdade Anhanguera de Piracicaba;SP;148;Privada;95;21.78;178;16.36;87;6.98;173;5.96;;;351-400;3.42;;;;;;;;;
2023;fisioterapia;Centro Universitário Faminas;MG;149;Privada;95;21.78;179;16.33;87;6.98;157;6.15;;;351-400;3.2;;;;;;;;;
2023;fisioterapia;Universidade Evangélica de Goiás;GO;150;Privada;95;21.78;185;16.12;251-300;4.87;130;6.47;;;251-300;4.78;;;;;;;;;
2023;fisioterapia;Universidade Federal de Pelotas;RS;151;Federal;95;21.78;190;16.04;501-600;0.89;73;7.15;;;1;8;;;;;;;;;
2023;fisioterapia;Faculdade de Ciências Sociais e Agrárias de Itapeva;SP;152;Privada;95;21.78;193;15.97;351-400;3.55;301-350;4.42;;;1;8;;;;;;;;;
2023;fisioterapia;Faculdade Anhanguera de Taubaté;SP;153;Privada;95;21.78;199;15.75;161;6.1;138;6.38;;;351-400;3.27;;;;;;;;;
2023;fisioterapia;Centro Universitário São Lucas;RO;153;Privada;95;21.78;199;15.75;601-700;0.27;45;7.48;;;1;8;;;;;;;;;
2023;fisioterapia;Centro Universitário Católica do Leste de Minas Gerais;MG;155;Privada;95;21.78;201-250;15.73;156;6.16;67;7.22;;;401-500;2.35;;;;;;;;;
2023;fisioterapia;Centro Universitário de João Pessoa;PB;156;Privada;95;21.78;201-250;15.61;301-350;4.21;112;6.68;;;251-300;4.72;;;;;;;;;
2023;fisioterapia;Centro Universitário de Ciências e Empreendedorismo;BA;157;Privada;95;21.78;201-250;15.45;401-500;2.14;201-250;5.31;;;1;8;;;;;;;;;
2023;fisioterapia;Centro Universitário Metodista Izabela Hendrix;MG;158;Privada;95;21.78;201-250;15.4;251-300;4.55;77;7.1;;;301-350;3.75;;;;;;;;;
2023;fisioterapia;Faculdade do Clube Náutico Mogiano;SP;159;Privada;95;21.78;201-250;15.38;351-400;3.42;301-350;3.96;;;1;8;;;;;;;;;
2023;fisioterapia;Centro Universitário Ibmr;RJ;160;Privada;95;21.78;201-250;15.28;186;5.8;133;6.44;;;401-500;3.04;;;;;;;;;
2023;fisioterapia;Universidade Santa Cecília;SP;161;Privada;95;21.78;201-250;15.17;201-250;5.05;140;6.35;;;301-350;3.77;;;;;;;;;
2023;fisioterapia;Faculdade Anhanguera de Indaiatuba;SP;162;Privada;95;21.78;201-250;15.16;153;6.19;191;5.75;;;351-400;3.22;;;;;;;;;
2023;fisioterapia;Universidade de Caxias do Sul;RS;163;Privada;95;21.78;201-250;15.13;155;6.17;85;7;;;401-500;1.96;;;;;;;;;
2023;fisioterapia;Universidade São Francisco;SP;164;Privada;95;21.78;201-250;15.09;401-500;3.11;89;6.96;;;201-250;5.02;;;;;;;;;
2023;fisioterapia;Faculdade Anhanguera de Sorocaba;SP;165;Privada;95;21.78;201-250;15.07;177;5.91;301-350;4.15;;;201-250;5.01;;;;;;;;;
2023;fisioterapia;Centro Universitário Santa Rita;MG;166;Privada;95;21.78;201-250;14.97;201-250;5.11;501-600;1.86;;;1;8;;;;;;;;;
2023;fisioterapia;Centro Universitário Toledo Wyden;SP;167;Privada;95;21.78;201-250;14.78;73;7.14;106;6.76;;;501-600;0.88;;;;;;;;;
2023;fisioterapia;Universidade Paranaense;PR;168;Privada;17;33.58;601-700;2.98;501-600;1.71;501-600;1.09;;;601-700;0.18;;;;;;;;;
2023;fisioterapia;Centro Universitário Anhanguera Pitágoras Unopar de Niterói;RJ;169;Privada;95;21.78;251-300;14.56;148;6.25;301-350;4.33;;;301-350;3.98;;;;;;;;;
2023;fisioterapia;Centro Universitário Metodista;RS;170;Privada;95;21.78;251-300;14.46;301-350;3.86;121;6.58;;;301-350;4.02;;;;;;;;;
2023;fisioterapia;Universidade Luterana do Brasil;RS;171;Privada;95;21.78;251-300;14.35;301-350;4.23;201-250;5.19;;;251-300;4.93;;;;;;;;;
2023;fisioterapia;Centro Universitário Unidade de Ensino Superior Dom Bosco;MA;172;Privada;;;48;36.04;187;5.79;401-500;2.25;;;1;8;32;20;;;;;;;
2023;fisioterapia;Centro Universitário Estácio do Ceará;CE;173;Privada;95;21.78;251-300;14.21;63;7.26;251-300;4.71;;;401-500;2.24;;;;;;;;;
2023;fisioterapia;Centro Universitário Luterano de Palmas;TO;174;Privada;95;21.78;251-300;14.06;301-350;4.34;201-250;5.1;;;251-300;4.62;;;;;;;;;
2023;fisioterapia;Universidade de Sorocaba;SP;175;Privada;95;21.78;251-300;13.92;122;6.56;100;6.83;;;601-700;0.53;;;;;;;;;
2023;fisioterapia;Universidade do Vale do Paraíba;SP;176;Privada;95;21.78;251-300;13.89;142;6.32;68;7.21;;;601-700;0.36;;;;;;;;;
2023;fisioterapia;Centro Universitário Goyazes;GO;176;Privada;95;21.78;251-300;13.89;501-600;1.71;301-350;4.18;;;1;8;;;;;;;;;
2023;fisioterapia;Universidade de Taubaté;SP;178;Municipal;95;21.78;301-350;13.51;351-400;3.44;152;6.21;;;301-350;3.86;;;;;;;;;
2023;fisioterapia;Universidade do Planalto Catarinense;SC;179;Privada;95;21.78;301-350;13.43;351-400;3.82;201-250;5.58;;;301-350;4.03;;;;;;;;;
2023;fisioterapia;Centro Universitário Aparício Carvalho;RO;180;Privada;95;21.78;301-350;13.35;601-700;0.79;251-300;4.56;;;1;8;;;;;;;;;
2023;fisioterapia;Centro Universitário do Cerrado-patrocínio;MG;181;Privada;95;21.78;301-350;13.28;401-500;3.09;201-250;5.51;;;251-300;4.68;;;;;;;;;
2023;fisioterapia;Centro Universitário da Serra Gaúcha;RS;182;Privada;95;21.78;301-350;12.85;401-500;2.09;103;6.79;;;301-350;3.97;;;;;;;;;
2023;fisioterapia;Faculdade Anhanguera de Guarulhos;SP;183;Privada;95;21.78;301-350;12.65;62;7.28;601-700;0.42;;;201-250;4.95;;;;;;;;;
2023;fisioterapia;Centro Universitário Santo Agostinho;PI;184;Privada;95;21.78;301-350;12.6;301-350;3.9;190;5.76;;;401-500;2.94;;;;;;;;;
2023;fisioterapia;Faculdade Multivix Serra;ES;185;Privada;95;21.78;301-350;12.57;501-600;1.64;401-500;2.93;;;1;8;;;;;;;;;
2023;fisioterapia;Centro Universitário de Caratinga;MG;186;Privada;95;21.78;301-350;12.53;351-400;3.61;301-350;4.37;;;251-300;4.55;;;;;;;;;
2023;fisioterapia;Universidade Veiga de Almeida;RJ;187;Privada;95;21.78;301-350;12.35;201-250;5.22;201-250;5.48;;;501-600;1.65;;;;;;;;;
2023;fisioterapia;Centro Universitário Serra dos Órgãos;RJ;188;Privada;95;21.78;351-400;12.05;351-400;3.39;174;5.95;;;401-500;2.71;;;;;;;;;
2023;fisioterapia;Universidade Cruzeiro do Sul;SP;189;Privada;95;21.78;351-400;11.94;401-500;2.41;201-250;5.51;;;301-350;4.02;;;;;;;;;
2023;fisioterapia;Universidade Ceuma;MA;190;Privada;95;21.78;351-400;11.9;301-350;4.13;301-350;4.24;;;351-400;3.53;;;;;;;;;
2023;fisioterapia;Centro Universitário Sant'Anna;SP;191;Privada;95;21.78;351-400;11.78;201-250;5.17;501-600;1.99;;;251-300;4.62;;;;;;;;;
2023;fisioterapia;Centro Universitário do Piauí;PI;192;Privada;95;21.78;351-400;11.77;601-700;0.68;401-500;3.09;;;1;8;;;;;;;;;
2023;fisioterapia;Universidade Católica de Petrópolis;RJ;193;Privada;95;21.78;351-400;11.65;351-400;3.55;120;6.59;;;501-600;1.51;;;;;;;;;
2023;fisioterapia;Centro Universitário Católico Salesiano Auxilium;SP;194;Privada;95;21.78;351-400;11.61;401-500;2.29;301-350;4.43;;;251-300;4.89;;;;;;;;;
2023;fisioterapia;Faculdade Anhanguera de Uberlândia;MG;195;Privada;95;21.78;351-400;11.59;201-250;5.49;501-600;1.86;;;301-350;4.24;;;;;;;;;
2023;fisioterapia;Faculdade de Americana;SP;196;Privada;95;21.78;351-400;11.4;401-500;2.57;84;7.02;;;501-600;1.81;;;;;;;;;
2023;fisioterapia;Faculdade de Tecnologia Tupy de São Bento do Sul;SC;197;Privada;;;54;33.16;113;6.67;401-500;2.74;;;301-350;3.75;32;20;;;;;;;
2023;fisioterapia;Centro Universitário Filadélfia;PR;198;Privada;95;21.78;351-400;11.32;401-500;2.2;43;7.5;;;501-600;1.62;;;;;;;;;
2023;fisioterapia;Centro Universitário Nossa Senhora do Patrocínio;SP;199;Privada;95;21.78;351-400;11.29;251-300;4.65;153;6.2;;;601-700;0.44;;;;;;;;;
2023;fisioterapia;Centro Universitário do Espírito Santo;ES;200;Privada;95;21.78;401-500;11.16;401-500;2.7;79;7.08;;;501-600;1.38;;;;;;;;;
2023;fisioterapia;Universidade Tuiuti do Paraná;PR;201;Privada;;;62;29.27;401-500;2.9;301-350;4.2;;;401-500;2.17;32;20;;;;;;;
2023;fisioterapia;Centro Universitário Estácio do Recife;PE;201;Privada;95;21.78;401-500;9.16;351-400;3.79;301-350;4.35;;;501-600;1.02;;;;;;;;;
2023;fisioterapia;Universidade Castelo Branco;RJ;201;Privada;95;21.78;401-500;9.44;351-400;3.4;201-250;5.38;;;501-600;0.66;;;;;;;;;
2023;fisioterapia;Faculdade Estácio de Belém;PA;201;Privada;95;21.78;401-500;9.54;401-500;2.89;351-400;3.67;;;401-500;2.98;;;;;;;;;
2023;fisioterapia;Universidade Nilton Lins;AM;201;Privada;95;21.78;601-700;4.51;601-700;0.39;501-600;1.88;;;401-500;2.24;;;;;;;;;
2023;fisioterapia;Centro Universitário Maurício de Nassau de Campina Grande;PB;201;Privada;95;21.78;401-500;10.09;301-350;4.41;401-500;3.2;;;401-500;2.48;;;;;;;;;
2023;fisioterapia;Centro Universitário da Região da Campanha;RS;201;Privada;95;21.78;501-600;6.95;601-700;0.61;301-350;4.39;;;401-500;1.95;;;;;;;;;
2023;fisioterapia;Centro Universitário Fip-moc;MG;201;Privada;95;21.78;401-500;10.91;501-600;1.64;193;5.72;;;351-400;3.55;;;;;;;;;
2023;fisioterapia;Centro Universitário do Norte de São Paulo;SP;201;Privada;95;21.78;601-700;5.1;401-500;2.54;601-700;0.42;;;401-500;2.14;;;;;;;;;
2023;fisioterapia;Centro Universitário Guairacá;PR;201;Privada;95;21.78;501-600;8.76;401-500;2.32;351-400;3.76;;;401-500;2.68;;;;;;;;;
2023;fisioterapia;Faculdades Integradas dos Campos Gerais;PR;201;Privada;95;21.78;501-600;6.85;501-600;1.64;301-350;4.33;;;501-600;0.88;;;;;;;;;
2023;fisioterapia;Faculdade Estácio São Paulo de Rondônia;RO;201;Privada;95;21.78;501-600;7.49;501-600;1.05;251-300;4.98;;;501-600;1.46;;;;;;;;;
2023;fisioterapia;Faculdade Adventista da Bahia;BA;201;Privada;95;21.78;501-600;7.17;601-700;0.8;170;6;;;601-700;0.37;;;;;;;;;
2023;fisioterapia;Centro Universitário Ritter dos Reis;RS;201;Privada;;;60;32.31;301-350;3.96;115;6.65;;;501-600;1.7;32;20;;;;;;;
2023;fisioterapia;Instituto Municipal de Ensino Superior de Catanduva;SP;201;Municipal;95;21.78;601-700;3.12;501-600;1.11;501-600;1.91;;;601-700;0.1;;;;;;;;;
2023;fisioterapia;Centro Universitário Fasipe;MT;201;Privada;95;21.78;501-600;7.62;501-600;1.78;501-600;1.22;;;251-300;4.62;;;;;;;;;
2023;fisioterapia;Universidade Municipal de São Caetano do Sul;SP;201;Municipal;95;21.78;401-500;10.14;351-400;3.82;201-250;5.29;;;501-600;1.03;;;;;;;;;
2023;fisioterapia;Universidade São Judas Tadeu;SP;201;Privada;95;21.78;401-500;11.07;126;6.51;601-700;0.42;;;301-350;4.14;;;;;;;;;
2023;fisioterapia;Universidade do Extremo Sul Catarinense;SC;201;Privada;95;21.78;401-500;9.8;401-500;2.95;251-300;4.58;;;401-500;2.27;;;;;;;;;
2023;fisioterapia;Centro Universitário da Fundação Herminio Ometto;SP;201;Privada;95;21.78;401-500;10.7;401-500;2.71;144;6.31;;;501-600;1.68;;;;;;;;;
2023;fisioterapia;Faculdade de Apucarana;PR;201;Privada;95;21.78;501-600;6.44;601-700;0.59;301-350;4.21;;;501-600;1.64;;;;;;;;;
2023;fisioterapia;Centro Universitário Estácio de Sergipe;SE;201;Privada;95;21.78;401-500;9.51;251-300;4.48;351-400;3.28;;;501-600;1.75;;;;;;;;;
2023;fisioterapia;Centro Universitário do Vale do Ribeira;SP;201;Privada;95;21.78;401-500;9.94;401-500;3.06;201-250;5.07;;;501-600;1.81;;;;;;;;;
2023;fisioterapia;Centro Universitário do Norte;AM;201;Privada;95;21.78;401-500;9.47;351-400;3.6;351-400;3.3;;;401-500;2.57;;;;;;;;;
2023;fisioterapia;Centro Universitário Favip Wyden;PE;201;Privada;95;21.78;401-500;9.25;351-400;3.74;251-300;4.93;;;601-700;0.58;;;;;;;;;
2023;fisioterapia;Centro Universitário Augusto Motta;RJ;201;Privada;95;21.78;501-600;7.84;501-600;1.81;301-350;4.4;;;501-600;1.63;;;;;;;;;
2023;fisioterapia;Centro Universitário Ceuni;AM;201;Privada;95;21.78;501-600;6.69;501-600;1.82;501-600;1.27;;;351-400;3.6;;;;;;;;;
2023;fisioterapia;"Escola Superior de Cruzeiro ""prefeito Hamilton Vieira Mendes""";SP;201;Municipal;95;21.78;501-600;6.06;501-600;1.78;301-350;4.28;;;;;;;;;;;;;
2023;fisioterapia;Centro Universitário Maurício de Nassau Paulista;PE;201;Privada;95;21.78;501-600;6.53;351-400;3.36;501-600;1.55;;;501-600;1.62;;;;;;;;;
2023;fisioterapia;Centro Universitário Cnec de Bento Gonçalves;RS;201;Privada;95;21.78;501-600;7.87;501-600;1.64;150;6.23;;;;;;;;;;;;;
2023;fisioterapia;Centro Universitário Estácio de Belo Horizonte;MG;201;Privada;95;21.78;401-500;10.94;251-300;4.87;401-500;2.26;;;301-350;3.81;;;;;;;;;
2023;fisioterapia;Centro Universitário Piaget;SP;201;Privada;95;21.78;401-500;10.36;501-600;1.64;301-350;4.26;;;251-300;4.46;;;;;;;;;
2023;fisioterapia;Faculdade Guilherme Guimbala;SC;201;Privada;95;21.78;601-700;5.27;601-700;0.52;351-400;3.54;;;501-600;1.21;;;;;;;;;
2023;fisioterapia;Centro Universitário Presidente Antônio Carlos;MG;201;Privada;95;21.78;401-500;9.46;601-700;0.54;124;6.54;;;401-500;2.38;;;;;;;;;
2023;fisioterapia;Centro Universitário Ateneu;CE;201;Privada;;;77;21.12;50;7.42;195;5.7;;;1;8;;;;;;;;;
2023;fisioterapia;Universidade Vale do Rio Doce;MG;201;Privada;95;21.78;501-600;7.38;601-700;0.67;172;5.97;;;501-600;0.74;;;;;;;;;
2023;fisioterapia;Centro Universitário de Pato Branco;PR;201;Privada;95;21.78;501-600;7.13;601-700;0.65;201-250;5.23;;;501-600;1.25;;;;;;;;;
2023;fisioterapia;Universidade Iguaçu;RJ;201;Privada;95;21.78;501-600;7.04;601-700;0.7;401-500;2.13;;;301-350;4.21;;;;;;;;;
2023;fisioterapia;Centro Universitário da Fundação Educacional Guaxupé;MG;201;Privada;95;21.78;401-500;9.67;401-500;3.04;200;5.64;;;501-600;0.99;;;;;;;;;
2023;fisioterapia;Centro Universitário Maurício de Nassau de Aracaju;SE;201;Privada;95;21.78;401-500;10.37;251-300;4.55;401-500;3.08;;;401-500;2.74;;;;;;;;;
2023;fisioterapia;Centro Universitário Fundação de Ensino Octávio Bastos;SP;201;Privada;95;21.78;501-600;6.07;501-600;1.05;301-350;4.36;;;501-600;0.66;;;;;;;;;
2023;fisioterapia;Centro Universitário Campos de Andrade;PR;201;Privada;95;21.78;401-500;9.38;251-300;4.47;601-700;0.65;;;301-350;4.26;;;;;;;;;
2023;fisioterapia;Faculdade Marechal Rondon-SP;SP;201;Privada;;;81;20.86;1;8;251-300;4.86;;;1;8;;;;;;;;;
2023;fisioterapia;Fundação Universidade Federal do Pampa;RS;201;Federal;;;67;22.54;52;7.39;73;7.15;;;1;8;;;;;;;;;
2023;fisioterapia;Universidade de Cruz Alta;RS;201;Privada;95;21.78;401-500;9.33;251-300;4.87;401-500;3.11;;;501-600;1.35;;;;;;;;;
2023;fisioterapia;Universidade Federal do Delta do Parnaíba;PI;201;Federal;;;65;23.2;65;7.24;4;7.96;;;1;8;;;;;;;;;
2023;fisioterapia;Faculdade Independente do Nordeste;BA;201;Privada;95;21.78;501-600;8.58;401-500;2.45;201-250;5.42;;;501-600;0.71;;;;;;;;;
2023;fisioterapia;Centro Universitário Maurício de Nassau de Natal;RN;201;Privada;95;21.78;401-500;10.94;301-350;3.9;301-350;4.1;;;401-500;2.94;;;;;;;;;
2023;fisioterapia;Universidade Federal do Amapá;AP;201;Federal;;;72;21.34;179;5.88;47;7.46;;;1;8;;;;;;;;;
2023;fisioterapia;Universidade La Salle;RS;201;Privada;;;67;22.54;18;7.8;107;6.74;;;1;8;;;;;;;;;
2023;fisioterapia;Faculdade Unirb - Mossoró;RN;251;Privada;;;110;18.85;106;6.75;301-350;4.1;;;1;8;;;;;;;;;
2023;fisioterapia;Centro Universitário São José;RJ;251;Privada;;;101;19.22;48;7.44;351-400;3.78;;;1;8;;;;;;;;;
2023;fisioterapia;Centro Universitário Maurício de Nassau de Cacoal;RO;251;Privada;;;157;16.91;401-500;3.04;181;5.87;;;1;8;;;;;;;;;
2023;fisioterapia;Faculdade 05 de Julho;CE;251;Privada;;;166;16.64;201-250;5.17;351-400;3.47;;;1;8;;;;;;;;;
2023;fisioterapia;Centro Universitário da Vitória de Santo Antão;PE;251;Privada;;;83;20.65;150;6.23;134;6.42;;;1;8;;;;;;;;;
2023;fisioterapia;Centro Universitário de Patos de Minas;MG;251;Privada;;;163;16.72;133;6.43;78;7.09;;;351-400;3.2;;;;;;;;;
2023;fisioterapia;Faculdade Integrada Carajás;PA;251;Privada;;;150;17.13;201-250;5.46;351-400;3.67;;;1;8;;;;;;;;;
2023;fisioterapia;Instituto de Ensino Superior e Formação Avançada de Vitória;ES;251;Privada;;;154;17.05;501-600;2;81;7.05;;;1;8;;;;;;;;;
2023;fisioterapia;Faculdade Unirb - Aracaju;SE;251;Privada;;;159;16.87;187;5.79;401-500;3.08;;;1;8;;;;;;;;;
2023;fisioterapia;Centro Universitário Facisa;PB;251;Privada;;;117;18.41;301-350;4.35;165;6.06;;;1;8;;;;;;;;;
2023;fisioterapia;Centro Universitário Zarns;BA;251;Privada;;;106;19.13;201-250;5.56;201-250;5.57;;;1;8;;;;;;;;;
2023;fisioterapia;Faculdade Unisul de Itajaí;SC;251;Privada;;;153;17.06;142;6.32;401-500;2.74;;;1;8;;;;;;;;;
2023;fisioterapia;Centro Universitário Fmabc;SP;251;Privada;;;128;17.92;130;6.47;131;6.46;;;201-250;4.99;;;;;;;;;
2023;fisioterapia;Centro Universitário Projeção;DF;251;Privada;;;94;19.67;24;7.73;301-350;3.94;;;1;8;;;;;;;;;
2023;fisioterapia;Centro Universitário LS;DF;251;Privada;;;154;17.05;201-250;5.11;301-350;3.94;;;1;8;;;;;;;;;
2023;fisioterapia;Escola Superior Una de Itumbiara;GO;251;Privada;;;120;18.12;1;8;401-500;2.12;;;1;8;;;;;;;;;
2023;fisioterapia;Faculdade Una de Jataí;GO;251;Privada;;;132;17.74;33;7.62;401-500;2.12;;;1;8;;;;;;;;;
2023;fisioterapia;Centro Universitário Redentor;RJ;251;Privada;;;97;19.43;201-250;5.34;162;6.09;;;1;8;;;;;;;;;
2023;fisioterapia;Faculdade Anhanguera de Santa Bárbara;SP;251;Privada;;;162;16.81;79;7.07;201-250;5.22;;;251-300;4.52;;;;;;;;;
2023;fisioterapia;Faculdade Uninta Itapipoca;CE;251;Privada;;;161;16.81;201-250;5.34;351-400;3.47;;;1;8;;;;;;;;;
2023;fisioterapia;Faculdades Integradas de Bauru;SP;251;Privada;;;109;18.94;251-300;4.92;168;6.02;;;1;8;;;;;;;;;
2023;fisioterapia;Christus Faculdade do Piauí;PI;251;Privada;;;113;18.54;251-300;4.87;198;5.67;;;1;8;;;;;;;;;
2023;fisioterapia;Faculdade Anhanguera de Taguatinga;DF;251;Privada;;;107;19.08;73;7.14;301-350;3.94;;;1;8;;;;;;;;;
2023;fisioterapia;Centro Universitário de Lavras;MG;251;Privada;;;167;16.63;181;5.86;56;7.35;;;351-400;3.42;;;;;;;;;
2023;fisioterapia;Centro Universitário Ages;BA;251;Privada;;;121;18.11;142;6.32;351-400;3.79;;;1;8;;;;;;;;;
2023;fisioterapia;Faculdades Integradas de Três Lagoas;MS;251;Privada;;;124;17.94;90;6.94;401-500;3;;;1;8;;;;;;;;;
2023;fisioterapia;Centro Universitário Una de Uberlândia;MG;251;Privada;;;171;16.53;113;6.67;501-600;1.86;;;1;8;;;;;;;;;
2023;fisioterapia;Faculdade Una de Pouso Alegre;MG;251;Privada;;;156;16.96;77;7.1;501-600;1.86;;;1;8;;;;;;;;;
2023;fisioterapia;Faculdade de Ensino e Cultura do Ceará;CE;251;Privada;;;105;19.17;126;6.51;251-300;4.66;;;1;8;;;;;;;;;
2023;fisioterapia;Faculdade de Ciências Médicas e da Saúde de Juiz de Fora;MG;251;Privada;;;135;17.52;76;7.11;46;7.47;;;401-500;2.94;;;;;;;;;
2023;fisioterapia;Faculdade de Enfermagem Nova Esperança;PB;251;Privada;;;141;17.39;120;6.59;401-500;2.8;;;1;8;;;;;;;;;
2023;fisioterapia;Centro Universitário Facvest;SC;251;Privada;;;100;19.31;201-250;5.48;184;5.83;;;1;8;;;;;;;;;
2023;fisioterapia;Centro Universitário de Viçosa;MG;251;Privada;;;135;17.52;121;6.57;50;7.42;;;351-400;3.53;;;;;;;;;
2023;fisioterapia;Centro Universitário Unicuritiba;PR;251;Privada;;;164;16.65;1;8;601-700;0.65;;;1;8;;;;;;;;;
2023;fisioterapia;Faculdade Ages de Jacobina;BA;251;Privada;;;170;16.58;33;7.62;501-600;0.96;;;1;8;;;;;;;;;
2023;fisioterapia;Universidade Estadual do Norte do Paraná;PR;251;Estadual;;;91;19.91;201-250;5.21;111;6.7;;;1;8;;;;;;;;;
2023;fisioterapia;Faculdade Anhanguera de Macapá;AP;251;Privada;;;118;18.2;201-250;5.52;251-300;4.68;;;1;8;;;;;;;;;
2023;fisioterapia;Centro Universitário São Lucas Ji-paraná;RO;251;Privada;;;112;18.66;201-250;5.42;201-250;5.24;;;1;8;;;;;;;;;
2023;fisioterapia;Faculdade Anhanguera de Ciências Sociais Aplicadas de Sinop;MT;251;Privada;;;147;17.24;201-250;5.43;98;6.85;;;201-250;4.96;;;;;;;;;
2023;fisioterapia;Faculdades Integradas do Extremo Sul da Bahia;BA;251;Privada;;;116;18.43;44;7.49;401-500;2.94;;;1;8;;;;;;;;;
2023;fisioterapia;Faculdade Una de Itabira;MG;251;Privada;;;137;17.48;33;7.62;501-600;1.86;;;1;8;;;;;;;;;
2023;fisioterapia;Faculdade Unirb - Arapiraca;AL;251;Privada;;;142;17.3;113;6.67;401-500;2.63;;;1;8;;;;;;;;;
2023;fisioterapia;Faculdade de Ciências e Educação Sena Aires;GO;251;Privada;;;93;19.88;95;6.88;251-300;5;;;1;8;;;;;;;;;
2023;fisioterapia;Faculdade Especializada na Área de Saúde do Rio Grande do Sul;RS;251;Privada;;;140;17.4;93;6.91;401-500;2.49;;;1;8;;;;;;;;;
2023;fisioterapia;Faculdade Anhanguera de Campinas;SP;251;Privada;;;152;17.12;118;6.61;118;6.61;;;301-350;3.9;;;;;;;;;
2023;fisioterapia;Centro Universitário de Excelência de Vitória da Conquista;BA;251;Privada;;;149;17.15;99;6.84;401-500;2.31;;;1;8;;;;;;;;;
2023;fisioterapia;Faculdade Anhanguera de São José;SP;251;Privada;;;123;18.03;93;6.91;129;6.48;;;251-300;4.64;;;;;;;;;
2023;fisioterapia;Centro Universitário Uniasselvi de Blumenau ;SC;251;Privada;;;114;18.51;201-250;5.47;251-300;5.04;;;1;8;;;;;;;;;
2023;fisioterapia;Centro Universitário União das Américas Descomplica;PR;251;Privada;;;126;17.93;251-300;4.87;201-250;5.06;;;1;8;;;;;;;;;
2023;fisioterapia;Centro Universitário Una de Betim;MG;251;Privada;;;137;17.48;33;7.62;501-600;1.86;;;1;8;;;;;;;;;
2023;fisioterapia;Centro Universitário Euro-americano;DF;301;Privada;;;201-250;14.82;187;5.79;113;6.67;;;401-500;2.36;;;;;;;;;
2023;fisioterapia;Universidade Estadual de Ciências da Saúde de Alagoas;AL;301;Estadual;;;201-250;14.83;351-400;3.28;31;7.64;;;301-350;3.91;;;;;;;;;
2023;fisioterapia;Faculdade Anhanguera de Itabuna;BA;301;Privada;;;196;15.94;183;5.84;201-250;5.13;;;201-250;4.97;;;;;;;;;
2023;fisioterapia;Centro Universitário de Formiga;MG;301;Privada;;;201-250;15.03;301-350;4.29;119;6.6;;;301-350;4.14;;;;;;;;;
2023;fisioterapia;Faculdade Dinâmica do Vale do Piranga;MG;301;Privada;;;201-250;15.17;201-250;5.04;97;6.86;;;351-400;3.27;;;;;;;;;
2023;fisioterapia;Centro Universitário Unidom - Bosco;PR;301;Privada;;;201-250;15.66;401-500;3.04;251-300;4.62;;;1;8;;;;;;;;;
2023;fisioterapia;Centro Universitário do Norte de Minas;MG;301;Privada;;;201-250;14.98;351-400;3.83;401-500;3.15;;;1;8;;;;;;;;;
2023;fisioterapia;Centro Universitário Estácio de Ribeirão Preto;SP;301;Privada;;;191;16.03;110;6.7;101;6.82;;;401-500;2.51;;;;;;;;;
2023;fisioterapia;Faculdade Anhanguera Unime de Salvador;BA;301;Privada;;;201-250;15.24;251-300;4.47;176;5.93;;;251-300;4.84;;;;;;;;;
2023;fisioterapia;Centro Universitário Antônio Eufrásio de Toledo de Presidente Prudente;SP;301;Privada;;;186;16.09;29;7.67;601-700;0.42;;;1;8;;;;;;;;;
2023;fisioterapia;Faculdade Una de Divinópolis;MG;301;Privada;;;197;15.86;169;6;501-600;1.86;;;1;8;;;;;;;;;
2023;fisioterapia;Centro Universitário Natalense;RN;301;Privada;;;201-250;15.13;401-500;2.28;251-300;4.85;;;1;8;;;;;;;;;
2023;fisioterapia;Faculdade Paranaense-Curitiba;PR;301;Privada;;;201-250;14.8;501-600;1.64;201-250;5.16;;;1;8;;;;;;;;;
2023;fisioterapia;Faculdade Pitágoras Unopar Anhanguera de Londrina;PR;301;Privada;;;173;16.46;53;7.38;251-300;4.74;;;251-300;4.34;;;;;;;;;
2023;fisioterapia;Universidade Federal de Jataí;GO;301;Federal;;;201-250;15.62;70;7.18;601-700;0.44;;;1;8;;;;;;;;;
2023;fisioterapia;Centro Universitário Unirb - Alagoinhas;BA;301;Privada;;;201-250;15.35;187;5.79;501-600;1.56;;;1;8;;;;;;;;;
2023;fisioterapia;Centro Universitário Ruy Barbosa Wyden;BA;301;Privada;;;201-250;15.61;98;6.85;66;7.23;;;501-600;1.53;;;;;;;;;
2023;fisioterapia;Faculdade de Tecnologia e Ciências;BA;301;Privada;;;195;15.94;87;6.98;501-600;0.96;;;1;8;;;;;;;;;
2023;fisioterapia;Faculdade Santa Terezinha;MA;301;Privada;;;201-250;15.45;401-500;2.72;251-300;4.73;;;1;8;;;;;;;;;
2023;fisioterapia;Centro Universitário Alfredo Nasser;GO;301;Privada;;;201-250;14.77;501-600;1.69;201-250;5.08;;;1;8;;;;;;;;;
2023;fisioterapia;Faculdade Anhanguera de Porto Alegre;RS;301;Privada;;;201-250;14.82;46;7.47;401-500;2.49;;;251-300;4.86;;;;;;;;;
2023;fisioterapia;Faculdade Multivix Cariacica;ES;301;Privada;;;180;16.3;201-250;5.37;401-500;2.93;;;1;8;;;;;;;;;
2023;fisioterapia;Centro Universitário Integrado de Campo Mourão;PR;301;Privada;;;183;16.27;33;7.62;601-700;0.65;;;1;8;;;;;;;;;
2023;fisioterapia;Faculdade União Araruama de Ensino S/s Ltda.;RJ;301;Privada;;;201-250;15.45;166;6.04;501-600;1.41;;;1;8;;;;;;;;;
2023;fisioterapia;Faculdade de Tecnologia e Ciências de Jequié;BA;301;Privada;;;201-250;15.39;133;6.43;501-600;0.96;;;1;8;;;;;;;;;
2023;fisioterapia;Centro Universitário Unifaat;SP;301;Privada;;;201-250;15.21;103;6.79;601-700;0.42;;;1;8;;;;;;;;;
2023;fisioterapia;Centro Universitário Anhanguera Pitágoras Unopar de Campo Grande;MS;301;Privada;;;181;16.3;201-250;5.6;158;6.14;;;251-300;4.56;;;;;;;;;
2023;fisioterapia;Centro Universitário Funvic;SP;301;Privada;;;201-250;15.46;201-250;5.15;201-250;5.51;;;251-300;4.8;;;;;;;;;
2023;fisioterapia;Centro Universitário São Judas Tadeu;SP;301;Privada;;;174;16.42;1;8;601-700;0.42;;;1;8;;;;;;;;;
2023;fisioterapia;Centro Universitário Anhanguera de Fortaleza;CE;301;Privada;;;201-250;15.74;142;6.32;179;5.89;;;351-400;3.53;;;;;;;;;
2023;fisioterapia;Faculdade Anhanguera do Rio Grande;RS;301;Privada;;;177;16.37;179;5.88;401-500;2.49;;;1;8;;;;;;;;;
2023;fisioterapia;Faculdade de Ensino Superior da Cidade de Feira de Santana;BA;301;Privada;;;201-250;15.42;131;6.46;501-600;0.96;;;1;8;;;;;;;;;
2023;fisioterapia;Centro Universitário Unime;BA;301;Privada;;;201-250;15.59;201-250;5.23;163;6.08;;;301-350;4.28;;;;;;;;;
2023;fisioterapia;Faculdade Unirb - Natal;RN;301;Privada;;;184;16.23;301-350;4.13;301-350;4.1;;;1;8;;;;;;;;;
2023;fisioterapia;Faculdade Cathedral;RR;301;Privada;;;188;16.05;103;6.79;501-600;1.26;;;1;8;;;;;;;;;
2023;fisioterapia;Universidade Anhanguera de São Paulo;SP;301;Privada;;;201-250;15.12;133;6.43;351-400;3.69;;;201-250;5;;;;;;;;;
2023;fisioterapia;Faculdade de Ensino Superior do Interior Paulista;SP;301;Privada;;;201-250;15.09;113;6.67;601-700;0.42;;;1;8;;;;;;;;;
2023;fisioterapia;Centro Universitário Sociesc de Blumenau;SC;301;Privada;;;201-250;14.87;301-350;4.13;401-500;2.74;;;1;8;;;;;;;;;
2023;fisioterapia;Universidade do Contestado;SC;301;Privada;;;201-250;15.01;501-600;0.98;167;6.03;;;1;8;;;;;;;;;
2023;fisioterapia;Centro Universitário Celso Lisboa;RJ;301;Privada;;;201-250;15.51;201-250;5.21;401-500;2.3;;;1;8;;;;;;;;;
2023;fisioterapia;Centro Universitário Gama e Souza;RJ;301;Privada;;;201-250;14.76;201-250;5.41;501-600;1.35;;;1;8;;;;;;;;;
2023;fisioterapia;Faculdade Sete Lagoas;MG;301;Privada;;;201-250;15.38;201-250;5.53;14;7.85;;;401-500;2;;;;;;;;;
2023;fisioterapia;Instituto Universitário Una de Catalão;GO;301;Privada;;;198;15.84;401-500;2.59;201-250;5.25;;;1;8;;;;;;;;;
2023;fisioterapia;Centro Universitário Anhanguera de São Paulo;SP;301;Privada;;;201-250;14.72;126;6.51;301-350;4.29;;;301-350;3.92;;;;;;;;;
2023;fisioterapia;Instituto Salvador de Ensino e Cultura;BA;301;Privada;;;194;15.96;501-600;1.64;143;6.32;;;1;8;;;;;;;;;
2023;fisioterapia;Universidade Ibirapuera;SP;301;Privada;;;201-250;15.17;86;6.99;251-300;4.65;;;351-400;3.53;;;;;;;;;
2023;fisioterapia;Centro Universitário da Amazônia - UNIESAMAZ;PA;301;Privada;;;182;16.28;251-300;4.61;351-400;3.67;;;1;8;;;;;;;;;
2023;fisioterapia;Faculdade Anhanguera de Ipatinga;MG;301;Privada;;;192;16.02;156;6.16;501-600;1.86;;;1;8;;;;;;;;;
2023;fisioterapia;Universidade Metropolitana de Santos;SP;301;Privada;;;201-250;14.74;142;6.32;601-700;0.42;;;1;8;;;;;;;;;
2023;fisioterapia;Faculdade Terra Nordeste;CE;301;Privada;;;201-250;15.6;301-350;4.13;351-400;3.47;;;1;8;;;;;;;;;
2023;fisioterapia;Centro Universitário Uninorte;AC;351;Privada;;;251-300;14.12;187;5.79;201-250;5.13;;;351-400;3.2;;;;;;;;;
2023;fisioterapia;Faculdade de Educação e Tecnologia da Amazônia;PA;351;Privada;;;251-300;13.57;501-600;1.9;351-400;3.67;;;1;8;;;;;;;;;
2023;fisioterapia;Faculdade Unirb - Barreiras;BA;351;Privada;;;251-300;14.07;201-250;5.11;501-600;0.96;;;1;8;;;;;;;;;
2023;fisioterapia;Centro Universitário Unirb;BA;351;Privada;;;251-300;14.41;201-250;5.34;501-600;1.07;;;1;8;;;;;;;;;
2023;fisioterapia;Faculdade Anhanguera de Bauru;SP;351;Privada;;;251-300;14.53;97;6.86;201-250;5.46;;;401-500;2.21;;;;;;;;;
2023;fisioterapia;Faculdade Anhanguera de Dourados;MS;351;Privada;;;251-300;13.88;166;6.04;401-500;3;;;251-300;4.84;;;;;;;;;
2023;fisioterapia;Centro Universitário Anhanguera de Marabá;PA;351;Privada;;;251-300;13.83;201-250;5.21;251-300;4.81;;;301-350;3.81;;;;;;;;;
2023;fisioterapia;Centro Universitário Mario Pontes Jucá;AL;351;Privada;;;251-300;13.99;351-400;3.36;401-500;2.63;;;1;8;;;;;;;;;
2023;fisioterapia;Centro Universitário Ideau;RS;351;Privada;;;301-350;13.32;401-500;2.83;401-500;2.49;;;1;8;;;;;;;;;
2023;fisioterapia;Centro Universitário Planalto do Distrito Federal;DF;351;Privada;;;251-300;13.86;501-600;1.91;301-350;3.95;;;1;8;;;;;;;;;
2023;fisioterapia;Faculdade de Santa Luzia;MG;351;Privada;;;251-300;13.99;301-350;4.13;501-600;1.86;;;1;8;;;;;;;;;
2023;fisioterapia;Centro Universitário Adventista de São Paulo;SP;351;Privada;;;251-300;14.64;162;6.09;251-300;5.01;;;351-400;3.54;;;;;;;;;
2023;fisioterapia;Centro Universitário Vale do Salgado;CE;351;Privada;;;251-300;13.64;351-400;3.32;75;7.12;;;351-400;3.2;;;;;;;;;
2023;fisioterapia;Faculdade Anhanguera de Pelotas;RS;351;Privada;;;301-350;13.46;181;5.86;401-500;3.13;;;251-300;4.47;;;;;;;;;
2023;fisioterapia;Facudade Ieducare;CE;351;Privada;;;251-300;13.59;401-500;2.12;351-400;3.47;;;1;8;;;;;;;;;
2023;fisioterapia;Centro Universitário Unifatecie;PR;351;Privada;;;251-300;14.44;187;5.79;601-700;0.65;;;1;8;;;;;;;;;
2023;fisioterapia;Centro Universitário Central Paulista;SP;351;Privada;;;251-300;14.48;187;5.79;137;6.39;;;401-500;2.3;;;;;;;;;
2023;fisioterapia;Centro Universitário Uniftc;BA;351;Privada;;;251-300;13.55;251-300;4.59;501-600;0.96;;;1;8;;;;;;;;;
2023;fisioterapia;Faculdade Anhanguera Jaraguá do Sul;SC;351;Privada;;;251-300;14.34;66;7.23;401-500;2.74;;;251-300;4.37;;;;;;;;;
2023;fisioterapia;Centro Universitário Itop;TO;351;Privada;;;251-300;14;401-500;2.28;351-400;3.72;;;1;8;;;;;;;;;
2023;fisioterapia;Centro Universitário de Goiatuba;GO;351;Municipal;;;251-300;14.61;351-400;3.6;401-500;3.01;;;1;8;;;;;;;;;
2023;fisioterapia;Universidade do Vale do Sapucaí;MG;351;Privada;;;301-350;13.32;401-500;3.04;136;6.4;;;301-350;3.88;;;;;;;;;
2023;fisioterapia;Faculdade Unirb - Feira de Santana;BA;351;Privada;;;251-300;13.83;251-300;4.87;501-600;0.96;;;1;8;;;;;;;;;
2023;fisioterapia;Faculdade Brasileira do Recôncavo;BA;351;Privada;;;301-350;13.28;301-350;4.32;501-600;0.96;;;1;8;;;;;;;;;
2023;fisioterapia;Faculdade Sociesc de Jaraguá do Sul;SC;351;Privada;;;251-300;13.79;301-350;4.33;251-300;4.78;;;251-300;4.68;;;;;;;;;
2023;fisioterapia;Instituto Itapetiningano de Ensino Superior;SP;351;Privada;;;251-300;13.94;501-600;1.15;251-300;4.79;;;1;8;;;;;;;;;
2023;fisioterapia;Ensino Superior Albert Sabin JK;DF;351;Privada;;;251-300;13.58;501-600;1.64;301-350;3.94;;;1;8;;;;;;;;;
2023;fisioterapia;Faculdade Rio Parnaíba;MA;351;Privada;;;251-300;13.8;351-400;3.55;401-500;2.25;;;1;8;;;;;;;;;
2023;fisioterapia;Faculdade Paraense de Ensino;PA;351;Privada;;;301-350;13.31;501-600;1.64;351-400;3.67;;;1;8;;;;;;;;;
2023;fisioterapia;Centro Universitário Lusíada;SP;351;Privada;;;301-350;13.25;351-400;3.45;171;5.99;;;301-350;3.81;;;;;;;;;
2023;fisioterapia;Faculdade da Saúde e Ecologia Humana;MG;351;Privada;;;251-300;13.96;301-350;4.41;51;7.41;;;401-500;2.14;;;;;;;;;
2023;fisioterapia;Centro Universitário Una de Contagem;MG;351;Privada;;;251-300;14.47;251-300;4.61;501-600;1.86;;;1;8;;;;;;;;;
2023;fisioterapia;Faculdade Ideau de Passo Fundo;RS;351;Privada;;;251-300;14.04;351-400;3.55;401-500;2.49;;;1;8;;;;;;;;;
2023;fisioterapia;Centro Universitário Fametro;CE;351;Privada;;;301-350;13.13;401-500;2.45;189;5.77;;;251-300;4.91;;;;;;;;;
2023;fisioterapia;Faculdade Cosmopolita;PA;351;Privada;;;251-300;13.8;401-500;2.13;351-400;3.67;;;1;8;;;;;;;;;
2023;fisioterapia;Faculdade Uninta Tianguá;CE;351;Privada;;;251-300;14.01;401-500;2.54;351-400;3.47;;;1;8;;;;;;;;;
2023;fisioterapia;Centro Universitário Cidade Verde;PR;351;Privada;;;251-300;14.02;201-250;5.37;601-700;0.65;;;1;8;;;;;;;;;
2023;fisioterapia;Faculdade Vidal;CE;351;Privada;;;251-300;13.56;401-500;2.09;351-400;3.47;;;1;8;;;;;;;;;
2023;fisioterapia;Faculdade Anhanguera de Linhares;ES;351;Privada;;;301-350;13.11;200;5.63;401-500;2.93;;;251-300;4.55;;;;;;;;;
2023;fisioterapia;Faculdade Anhanguera de São José-SC;SC;351;Privada;;;251-300;14.67;90;6.94;301-350;3.98;;;301-350;3.75;;;;;;;;;
2023;fisioterapia;Centro Universitário Uniasselvi de Guaramirim;SC;351;Privada;;;301-350;13.26;401-500;2.52;401-500;2.74;;;1;8;;;;;;;;;
2023;fisioterapia;Centro Universitário Maurício de Nassau de Fortaleza;CE;351;Privada;;;251-300;14.22;251-300;5;201-250;5.62;;;351-400;3.6;;;;;;;;;
2023;fisioterapia;Faculdade Tecsoma;MG;351;Privada;;;301-350;13.2;501-600;1.05;59;7.31;;;251-300;4.84;;;;;;;;;
2023;fisioterapia;Faculdade Anhanguera de Brasília;DF;351;Privada;;;301-350;13.32;200;5.63;301-350;3.94;;;301-350;3.75;;;;;;;;;
2023;fisioterapia;Faculdade Interamericana de Porto Velho;RO;351;Privada;;;251-300;14.68;501-600;1.24;201-250;5.44;;;1;8;;;;;;;;;
2023;fisioterapia;Faculdade Brasileira de Tecnologia-BA;BA;351;Privada;;;251-300;14.07;201-250;5.11;501-600;0.96;;;1;8;;;;;;;;;
2023;fisioterapia;Faculdade Anhanguera de Governador Valadares;MG;351;Privada;;;251-300;13.96;58;7.32;501-600;1.86;;;251-300;4.78;;;;;;;;;
2023;fisioterapia;Faculdades Integradas Einstein de Limeira;SP;351;Privada;;;301-350;13.36;301-350;4.21;201-250;5.55;;;351-400;3.6;;;;;;;;;
2023;fisioterapia;Centro Universitário Salesiano;ES;351;Privada;;;251-300;14.7;601-700;0.82;180;5.88;;;1;8;;;;;;;;;
2023;fisioterapia;Centro Universitário Mário Palmério;MG;351;Privada;;;301-350;13.28;351-400;3.42;501-600;1.86;;;1;8;;;;;;;;;
2023;fisioterapia;Centro Universitário de Barra Mansa;RJ;401;Privada;;;351-400;11.53;501-600;1.64;196;5.69;;;301-350;4.2;;;;;;;;;
2023;fisioterapia;Faculdade Dom Luis de Orleans e Bragança;BA;401;Privada;;;401-500;10.09;501-600;1.13;501-600;0.96;;;1;8;;;;;;;;;
2023;fisioterapia;Centro Universitário de Votuporanga;SP;401;Privada;;;351-400;12.04;301-350;3.94;251-300;4.88;;;351-400;3.22;;;;;;;;;
2023;fisioterapia;Faculdade Anhanguera de Rondonópolis;MT;401;Privada;;;301-350;12.94;351-400;3.72;501-600;1.22;;;1;8;;;;;;;;;
2023;fisioterapia;Faculdade Anhanguera de Divinópolis;MG;401;Privada;;;401-500;10.68;112;6.68;501-600;1.86;;;401-500;2.14;;;;;;;;;
2023;fisioterapia;Faculdade Anhanguera de São Luiz;MA;401;Privada;;;401-500;10.34;301-350;3.95;401-500;2.25;;;301-350;4.14;;;;;;;;;
2023;fisioterapia;Centro Universitário Autônomo do Brasil;PR;401;Privada;;;351-400;11.23;351-400;3.38;251-300;4.49;;;351-400;3.36;;;;;;;;;
2023;fisioterapia;Centro Universitário Sumaré;SP;401;Privada;;;401-500;10.06;501-600;1.64;601-700;0.42;;;1;8;;;;;;;;;
2023;fisioterapia;Faculdade Anhanguera de Cascavel;PR;401;Privada;;;351-400;11.29;54;7.37;601-700;0.65;;;351-400;3.27;;;;;;;;;
2023;fisioterapia;Universidade Alto Vale do Rio do Peixe;SC;401;Privada;;;401-500;11.09;251-300;4.66;301-350;4.27;;;401-500;2.16;;;;;;;;;
2023;fisioterapia;Centro Universitário Unifafibe;SP;401;Privada;;;351-400;11.68;351-400;3.78;251-300;4.54;;;351-400;3.36;;;;;;;;;
2023;fisioterapia;Centro Universitário Maurício de Nassau de Maceió;AL;401;Privada;;;401-500;10.89;251-300;4.67;351-400;3.52;;;401-500;2.7;;;;;;;;;
2023;fisioterapia;Centro Universitário Brasília do Estado de Goiás;GO;401;Privada;;;351-400;11.62;601-700;0.12;351-400;3.5;;;1;8;;;;;;;;;
2023;fisioterapia;Centro Universitário Faema;RO;401;Privada;;;301-350;12.35;501-600;1.78;401-500;2.57;;;1;8;;;;;;;;;
2023;fisioterapia;Centro Universitário Maurício de Nassau de Barreiras;BA;401;Privada;;;401-500;11.03;401-500;3.04;251-300;4.63;;;351-400;3.36;;;;;;;;;
2023;fisioterapia;Centro Universitário de Ciências e Tecnologia do Maranhão;MA;401;Privada;;;301-350;12.47;501-600;0.99;351-400;3.48;;;1;8;;;;;;;;;
2023;fisioterapia;Faculdade Mato Grosso do Sul;MS;401;Privada;;;301-350;12.64;501-600;1.64;401-500;3;;;1;8;;;;;;;;;
2023;fisioterapia;Instituto Superior da Convenção Nac. das Assembleias de Deus;DF;401;Privada;;;301-350;12.45;601-700;0.51;301-350;3.94;;;1;8;;;;;;;;;
2023;fisioterapia;Centro Universitário Unibras do Sudoeste Goiano;GO;401;Privada;;;401-500;10.36;601-700;0.24;401-500;2.12;;;1;8;;;;;;;;;
2023;fisioterapia;Faculdade Uninassau Petrolina;PE;401;Privada;;;401-500;10.61;201-250;5.04;501-600;1.55;;;301-350;4.02;;;;;;;;;
2023;fisioterapia;Faculdade Zacarias de Góes;BA;401;Privada;;;351-400;11.51;601-700;0.51;401-500;3;;;1;8;;;;;;;;;
2023;fisioterapia;Faculdade de Ciências e Saúde Edufor;MA;401;Privada;;;401-500;10.8;601-700;0.55;401-500;2.25;;;1;8;;;;;;;;;
2023;fisioterapia;Centro Universitário da Amazônia;PA;401;Privada;;;401-500;10.8;351-400;3.6;351-400;3.67;;;351-400;3.53;;;;;;;;;
2023;fisioterapia;Centro Universitário Maurício de Nassau de Paranáiba;PI;401;Privada;;;401-500;10.68;351-400;3.27;201-250;5.27;;;401-500;2.14;;;;;;;;;
2023;fisioterapia;Centro Universitário Maria Milza;BA;401;Privada;;;401-500;10.86;501-600;1.9;501-600;0.96;;;1;8;;;;;;;;;
2023;fisioterapia;Faculdade Católica do Rio Grande do Norte;RN;401;Privada;;;351-400;11.79;201-250;5.34;301-350;4.1;;;401-500;2.35;;;;;;;;;
2023;fisioterapia;Faculdade Anhanguera de Jacareí;SP;401;Privada;;;401-500;10.63;163;6.07;601-700;0.42;;;301-350;4.14;;;;;;;;;
2023;fisioterapia;Faculdade Padrão;GO;401;Privada;;;401-500;10.22;301-350;4.13;401-500;2.12;;;301-350;3.97;;;;;;;;;
2023;fisioterapia;Centro Universitário Avantis;SC;401;Privada;;;301-350;12.38;501-600;1.64;401-500;2.74;;;1;8;;;;;;;;;
2023;fisioterapia;Faculdade Una de Sete Lagoas;MG;401;Privada;;;351-400;11.56;67;7.22;501-600;1.86;;;401-500;2.48;;;;;;;;;
2023;fisioterapia;Faculdade Estácio de Sá de Campo Grande;MS;401;Privada;;;301-350;12.45;201-250;5.37;301-350;4.14;;;401-500;2.94;;;;;;;;;
2023;fisioterapia;Faculdade Estácio Macapá;AP;401;Privada;;;401-500;10.32;301-350;4.13;501-600;1.99;;;301-350;4.2;;;;;;;;;
2023;fisioterapia;Centro Universitário Católica de Quixadá;CE;401;Privada;;;351-400;11.56;351-400;3.63;301-350;4.3;;;351-400;3.63;;;;;;;;;
2023;fisioterapia;Centro Universitário Maurício de Nassau de Teresina;PI;401;Privada;;;351-400;12.33;351-400;3.27;501-600;1.06;;;1;8;;;;;;;;;
2023;fisioterapia;Faculdade da Escada;PE;401;Privada;;;401-500;10.53;501-600;0.98;501-600;1.55;;;1;8;;;;;;;;;
2023;fisioterapia;Centro Universitário Araguaia;GO;401;Privada;;;351-400;11.76;501-600;1.64;401-500;2.12;;;1;8;;;;;;;;;
2023;fisioterapia;Faculdade Castro Alves;BA;401;Privada;;;301-350;13.09;301-350;4.13;501-600;0.96;;;1;8;;;;;;;;;
2023;fisioterapia;Faculdade Multivix Vila Velha;ES;401;Privada;;;301-350;12.57;501-600;1.64;401-500;2.93;;;1;8;;;;;;;;;
2023;fisioterapia;Faculdade Anhanguera de Caxias do Sul;RS;401;Privada;;;301-350;12.46;83;7.03;401-500;2.49;;;401-500;2.94;;;;;;;;;
2023;fisioterapia;Centro Universitário dos Guararapes;PE;401;Privada;;;351-400;11.47;251-300;4.7;401-500;3.12;;;351-400;3.65;;;;;;;;;
2023;fisioterapia;Faculdade Anhanguera de Maceió;AL;401;Privada;;;401-500;10.97;251-300;4.92;401-500;2.63;;;351-400;3.42;;;;;;;;;
2023;fisioterapia;Faculdade Dom Alberto;RS;401;Privada;;;301-350;12.88;401-500;2.39;401-500;2.49;;;1;8;;;;;;;;;
2023;fisioterapia;Centro Universitário de Jaguariúna;SP;401;Privada;;;351-400;11.21;401-500;2.52;36;7.59;;;501-600;1.1;;;;;;;;;
2023;fisioterapia;Faculdade Uninassau Mossoró;RN;401;Privada;;;401-500;10.28;301-350;4.21;301-350;4.1;;;401-500;1.97;;;;;;;;;
2023;fisioterapia;UGV Centro Universitário;PR;401;Privada;;;351-400;12.31;501-600;1.64;125;6.53;;;301-350;4.14;;;;;;;;;
2023;fisioterapia;Centro Universitário Maurício de Nassau de João Pessoa;PB;401;Privada;;;351-400;11.59;301-350;4.13;401-500;3.26;;;301-350;4.2;;;;;;;;;
2023;fisioterapia;Instituição de Ensino Superior de Cacoal;RO;401;Privada;;;401-500;11.08;601-700;0.51;401-500;2.57;;;1;8;;;;;;;;;
2023;fisioterapia;Centro Universitário de Goiânia;GO;401;Privada;;;401-500;10.47;401-500;2.2;29;7.67;;;601-700;0.6;;;;;;;;;
2023;fisioterapia;Faculdade Mogiana do Estado de São Paulo;SP;401;Privada;;;301-350;13;251-300;4.58;601-700;0.42;;;1;8;;;;;;;;;
2023;fisioterapia;Faculdade Anhanguera de Joinville;SC;401;Privada;;;401-500;10.91;251-300;4.97;401-500;2.74;;;351-400;3.2;;;;;;;;;
2023;fisioterapia;Faculdade Anhanguera de Teixeira de Freitas;BA;401;Privada;;;301-350;12.75;301-350;4.28;251-300;4.59;;;301-350;3.88;;;;;;;;;
2023;fisioterapia;Centro Universitário Multivix Vitória;ES;401;Privada;;;351-400;11.4;251-300;4.87;401-500;2.93;;;351-400;3.6;;;;;;;;;
2023;fisioterapia;Faculdade de Gestão e Negócios de Salvador;BA;401;Privada;;;301-350;13.09;301-350;4.13;501-600;0.96;;;1;8;;;;;;;;;
2023;fisioterapia;Faculdade Estácio do Rio Grande do Norte;RN;401;Privada;;;301-350;12.5;301-350;4.41;251-300;4.56;;;351-400;3.53;;;;;;;;;
2023;fisioterapia;Centro Universitário Unigran Capital;MS;401;Privada;;;301-350;12.47;201-250;5.61;401-500;3;;;301-350;3.86;;;;;;;;;
2023;fisioterapia;Instituto Florence de Ensino Superior;MA;401;Privada;;;301-350;12.35;401-500;2.1;401-500;2.25;;;1;8;;;;;;;;;
2023;fisioterapia;Centro Universitário para o Desenvolvimento do Alto Vale do Itajaí;SC;401;Privada;;;401-500;10.66;150;6.23;401-500;2.74;;;501-600;1.69;;;;;;;;;
2023;fisioterapia;Faculdade Unirb - Parnaíba;PI;401;Privada;;;351-400;11.89;401-500;2.83;501-600;1.06;;;1;8;;;;;;;;;
2023;fisioterapia;Centro Universitário do Rio de Janeiro;RJ;401;Privada;;;401-500;11.05;501-600;1.64;501-600;1.41;;;1;8;;;;;;;;;
2023;fisioterapia;Centro Universitário Maurício de Nassau Teresina Sul;PI;401;Privada;;;351-400;12.29;401-500;3.09;201-250;5.36;;;301-350;3.84;;;;;;;;;
2023;fisioterapia;Centro Universitário Estácio de São Paulo;SP;401;Privada;;;401-500;10.45;19;7.79;601-700;0.42;;;401-500;2.24;;;;;;;;;
2023;fisioterapia;Faculdade Anhanguera de Contagem;MG;401;Privada;;;351-400;11.59;103;6.79;501-600;1.86;;;401-500;2.94;;;;;;;;;
2023;fisioterapia;Centro Universitário de Itapira;SP;401;Privada;;;351-400;12.33;501-600;1.11;401-500;3.22;;;1;8;;;;;;;;;
2023;fisioterapia;Faculdades Integradas Iesgo;GO;401;Privada;;;301-350;12.51;401-500;2.39;401-500;2.12;;;1;8;;;;;;;;;
2023;fisioterapia;Faculdade de Educação São Francisco;MA;401;Privada;;;351-400;11.26;501-600;1.01;401-500;2.25;;;1;8;;;;;;;;;
2023;fisioterapia;Faculdades Integradas Aparício Carvalho Vilhena;RO;401;Privada;;;351-400;11.39;601-700;0.82;401-500;2.57;;;1;8;;;;;;;;;
2023;fisioterapia;Centro Universitário Tabosa de Almeida;PE;401;Privada;;;401-500;10.77;501-600;2.05;91;6.93;;;501-600;1.79;;;;;;;;;
2023;fisioterapia;Faculdade Multivix Nova Venécia;ES;401;Privada;;;351-400;11.67;601-700;0.74;401-500;2.93;;;1;8;;;;;;;;;
2023;fisioterapia;Faculdades Famep-PI;PI;401;Privada;;;401-500;11.06;501-600;2;501-600;1.06;;;1;8;;;;;;;;;
2023;fisioterapia;Centro Universitário de Desenvolvimento do Centro-Oeste;GO;401;Privada;;;401-500;10.16;351-400;3.74;401-500;2.12;;;301-350;4.3;;;;;;;;;
2023;fisioterapia;Faculdade Anhanguera de Tangará da Serra;MT;401;Privada;;;351-400;11.32;173;5.96;501-600;1.22;;;301-350;4.14;;;;;;;;;
2023;fisioterapia;Centro Universitário da Amazônia Belém;PA;401;Privada;;;401-500;10.51;301-350;3.9;351-400;3.67;;;401-500;2.94;;;;;;;;;
2023;fisioterapia;Faculdade Anhanguera Unidade Guarapari;ES;401;Privada;;;301-350;12.91;351-400;3.76;251-300;4.69;;;251-300;4.46;;;;;;;;;
2023;fisioterapia;Faculdade Internacional da Paraíba;PB;401;Privada;;;401-500;10.1;401-500;3.1;401-500;2.8;;;301-350;4.2;;;;;;;;;
2023;fisioterapia;Faculdade Ideal Wyden;PA;401;Privada;;;351-400;11.76;113;6.67;351-400;3.67;;;501-600;1.42;;;;;;;;;
2023;fisioterapia;Faculdade Anhanguera de Poços de Caldas;MG;401;Privada;;;351-400;11.24;132;6.44;501-600;1.86;;;401-500;2.94;;;;;;;;;
2023;fisioterapia;Centro Universitário Dom Pedro II;BA;401;Privada;;;351-400;11.6;601-700;0.42;401-500;3.18;;;1;8;;;;;;;;;
2023;fisioterapia;Centro Universitário Brasileiro;PE;401;Privada;;;401-500;10.89;401-500;2.73;37;7.57;;;601-700;0.59;;;;;;;;;
2023;fisioterapia;Faculdade Anhanguera Pitágoras de Jundiaí;SP;401;Privada;;;301-350;12.52;58;7.32;601-700;0.42;;;251-300;4.78;;;;;;;;;
2023;fisioterapia;Centro Universitário do Vale do Jaguaribe;CE;401;Privada;;;301-350;12.93;601-700;0.31;251-300;4.62;;;1;8;;;;;;;;;
2023;fisioterapia;Faculdade Inova Mais de São Paulo;SP;401;Privada;;;351-400;11.69;351-400;3.27;601-700;0.42;;;1;8;;;;;;;;;
2023;fisioterapia;Faculdade Anhanguera de Ciências e Tecnologia de Brasília;DF;401;Privada;;;401-500;11.03;351-400;3.67;301-350;3.94;;;351-400;3.42;;;;;;;;;
2023;fisioterapia;Centro Universitário do Rio São Francisco;BA;401;Privada;;;351-400;11.85;401-500;2.89;501-600;0.96;;;1;8;;;;;;;;;
2023;fisioterapia;Faculdade de Enfermagem Nova Esperança de Mossoró;RN;401;Privada;;;301-350;12.87;601-700;0.77;301-350;4.1;;;1;8;;;;;;;;;
2023;fisioterapia;Instituto Municipal de Ensino Superior de Assis;SP;401;Municipal;;;401-500;10.22;138;6.37;501-600;1.34;;;401-500;2.51;;;;;;;;;
2023;fisioterapia;Centro Universitário do Distrito Federal;DF;401;Privada;;;351-400;11.8;126;6.51;301-350;3.94;;;501-600;1.35;;;;;;;;;
2023;fisioterapia;Faculdade Estácio de Alagoas;AL;401;Privada;;;401-500;10.05;251-300;4.65;301-350;4.17;;;501-600;1.23;;;;;;;;;
2023;fisioterapia;Faculdade Morgana Potrich;GO;401;Privada;;;401-500;10.71;601-700;0.59;401-500;2.12;;;1;8;;;;;;;;;
2023;fisioterapia;Universidade de Itaúna;MG;401;Privada;;;351-400;11.79;301-350;4.21;156;6.16;;;501-600;1.42;;;;;;;;;
2023;fisioterapia;Faculdade de Ensino de Minas Gerais;MG;401;Privada;;;301-350;12.71;401-500;2.39;182;5.86;;;251-300;4.46;;;;;;;;;
2023;fisioterapia;Faculdade Anhanguera de Primavera do Leste;MT;401;Privada;;;401-500;10.83;301-350;4.24;401-500;2.35;;;301-350;4.24;;;;;;;;;
2023;fisioterapia;Centro Universitário Cesuca;RS;401;Privada;;;401-500;9.86;100;6.82;401-500;2.49;;;601-700;0.55;;;;;;;;;
2023;fisioterapia;Instituto de Ensino Superior de Teresina;PI;401;Privada;;;401-500;10.04;501-600;0.98;501-600;1.06;;;1;8;;;;;;;;;
2023;fisioterapia;Centro Universitário Estácio de Santa Catarina;SC;401;Privada;;;301-350;12.68;172;5.97;201-250;5.26;;;501-600;1.45;;;;;;;;;
2023;fisioterapia;Faculdade de Ensino Superior de Floriano;PI;401;Privada;;;301-350;13.08;501-600;2.05;401-500;3.03;;;1;8;;;;;;;;;
2023;fisioterapia;Centro Universitário Estácio Juiz de Fora;MG;401;Privada;;;351-400;12.17;251-300;4.47;251-300;4.76;;;401-500;2.94;;;;;;;;;
2023;fisioterapia;Faculdade Anhanguera de Limeira;SP;401;Privada;;;401-500;10.48;125;6.53;601-700;0.42;;;351-400;3.53;;;;;;;;;
2023;fisioterapia;Centro Universitário do Sul de Minas;MG;401;Privada;;;401-500;10.46;501-600;1.66;54;7.37;;;501-600;1.43;;;;;;;;;
2023;fisioterapia;Faculdade Fasipe Mato Grosso;MT;401;Privada;;;401-500;11.05;501-600;1.83;501-600;1.22;;;1;8;;;;;;;;;
2023;fisioterapia;Centro Universitário Estácio de São Luís;MA;401;Privada;;;401-500;10.26;251-300;4.65;401-500;2.25;;;351-400;3.36;;;;;;;;;
2023;fisioterapia;Faculdade do Litoral Sul Paulista;SP;501;Privada;;;501-600;7.11;351-400;3.66;601-700;0.42;;;401-500;3.03;;;;;;;;;
2023;fisioterapia;Faculdade de Botucatu;SP;501;Privada;;;501-600;7.97;251-300;4.87;601-700;0.42;;;401-500;2.68;;;;;;;;;
2023;fisioterapia;Centro Universitário Estácio de Goiás;GO;501;Privada;;;501-600;8.99;401-500;2.66;251-300;4.47;;;501-600;1.86;;;;;;;;;
2023;fisioterapia;Faculdade Icesp;DF;501;Privada;;;501-600;8.52;501-600;1.64;301-350;3.94;;;401-500;2.94;;;;;;;;;
2023;fisioterapia;Centro Universitário Estácio de Brasília;DF;501;Privada;;;401-500;9.79;251-300;4.93;301-350;3.94;;;501-600;0.92;;;;;;;;;
2023;fisioterapia;Centro Universitário Academia;MG;501;Privada;;;401-500;9.86;1;8;501-600;1.86;;;;;;;;;;;;;
2023;fisioterapia;Centro Universitário do Paraná;PR;501;Privada;;;501-600;6.26;301-350;4.41;601-700;0.65;;;501-600;1.2;;;;;;;;;
2023;fisioterapia;Centro Universitário Funcesi;MG;501;Privada;;;501-600;7.61;401-500;2.58;251-300;4.53;;;601-700;0.5;;;;;;;;;
2023;fisioterapia;Faculdade Santa Casa;BA;501;Privada;;;501-600;6.36;351-400;3.55;501-600;0.96;;;501-600;1.85;;;;;;;;;
2023;fisioterapia;Faculdade Uninassau Arapiraca;AL;501;Privada;;;501-600;8.2;401-500;2.63;401-500;2.63;;;401-500;2.94;;;;;;;;;
2023;fisioterapia;Centro Universitário Univel;PR;501;Privada;;;501-600;8.4;351-400;3.55;601-700;0.65;;;301-350;4.2;;;;;;;;;
2023;fisioterapia;Faculdades Integradas de Fernandópolis;SP;501;Privada;;;501-600;8.65;501-600;1.65;251-300;4.52;;;401-500;2.48;;;;;;;;;
2023;fisioterapia;Faculdade Estácio de Feira de Santana;BA;501;Privada;;;501-600;7.34;401-500;2.83;401-500;3.16;;;501-600;1.35;;;;;;;;;
2023;fisioterapia;Faculdade Uninorte;AM;501;Privada;;;501-600;6.81;351-400;3.72;501-600;1.3;;;501-600;1.79;;;;;;;;;
2023;fisioterapia;Faculdade São Luís de França;SE;501;Privada;;;401-500;9.48;187;5.79;401-500;3.08;;;601-700;0.61;;;;;;;;;
2023;fisioterapia;Faculdade de Ciências Humanas e Exatas do Sertão do São Francisco;PE;501;Privada;;;401-500;9.65;601-700;0.1;501-600;1.55;;;1;8;;;;;;;;;
2023;fisioterapia;Faculdade Metropolitana da Grande Recife;PE;501;Privada;;;501-600;6.16;601-700;0.51;201-250;5.32;;;601-700;0.33;;;;;;;;;
2023;fisioterapia;Faculdade Uninassau Vilhena;RO;501;Privada;;;501-600;8.76;501-600;2.05;401-500;2.57;;;301-350;4.14;;;;;;;;;
2023;fisioterapia;Centro Universitário Maurício de Nassau de Salvador;BA;501;Privada;;;401-500;9.48;351-400;3.27;351-400;3.53;;;401-500;2.68;;;;;;;;;
2023;fisioterapia;Centro Universitário Vale do Cricaré;ES;501;Privada;;;501-600;6.29;501-600;1.85;401-500;2.93;;;501-600;1.51;;;;;;;;;
2023;fisioterapia;Centro Universitário Padre Anchieta;SP;501;Privada;;;501-600;8.65;351-400;3.72;251-300;4.6;;;601-700;0.33;;;;;;;;;
2023;fisioterapia;Universidade Brasil;SP;501;Privada;;;501-600;6.45;351-400;3.55;601-700;0.42;;;401-500;2.48;;;;;;;;;
2023;fisioterapia;Centro Universitário Fanor Wyden;CE;501;Privada;;;401-500;9.21;401-500;2.2;159;6.13;;;501-600;0.88;;;;;;;;;
2023;fisioterapia;Faculdade da Amazônia de Porto Velho;RO;501;Privada;;;501-600;6.35;501-600;1.64;401-500;2.57;;;401-500;2.14;;;;;;;;;
2023;fisioterapia;Faculdades Integradas de Taquara;RS;501;Privada;;;501-600;7.63;251-300;4.97;401-500;2.49;;;601-700;0.17;;;;;;;;;
2023;fisioterapia;Centro Universitário Estácio de Ji-paraná;RO;501;Privada;;;401-500;9.83;156;6.16;401-500;2.57;;;501-600;1.1;;;;;;;;;
2023;fisioterapia;Faculdade de Imperatriz Wyden;MA;501;Privada;;;501-600;6.59;301-350;3.94;401-500;2.25;;;601-700;0.4;;;;;;;;;
2023;fisioterapia;Centro Universitário de Adamantina;SP;501;Municipal;;;401-500;9.34;401-500;2.41;301-350;4.42;;;401-500;2.51;;;;;;;;;
2023;fisioterapia;Centro Universitário de Ensino, Ciência e Tecnologia do Paraná;PR;501;Privada;;;501-600;6.6;401-500;2.2;601-700;0.65;;;301-350;3.75;;;;;;;;;
2023;fisioterapia;Faculdade Evangélica de Ceres;GO;501;Privada;;;501-600;8.79;501-600;1.15;251-300;4.9;;;401-500;2.74;;;;;;;;;
2023;fisioterapia;Faculdade Santíssima Trindade;PE;501;Privada;;;501-600;6.95;351-400;3.55;501-600;1.55;;;501-600;1.85;;;;;;;;;
2023;fisioterapia;Faculdade Uninassau Parnamirim;RN;501;Privada;;;401-500;9.61;401-500;2.83;301-350;4.1;;;401-500;2.68;;;;;;;;;
2023;fisioterapia;Centro Universitário Fadergs;RS;501;Privada;;;401-500;9.48;251-300;4.87;351-400;3.73;;;501-600;0.88;;;;;;;;;
2023;fisioterapia;Faculdade Presidente Antônio Carlos de Ubá;MG;501;Privada;;;501-600;8.51;501-600;1.07;105;6.77;;;501-600;0.67;;;;;;;;;
2023;fisioterapia;Centro Universitário Metropolitano de Maringá;PR;501;Privada;;;501-600;7.61;201-250;5.34;601-700;0.65;;;501-600;1.62;;;;;;;;;
2023;fisioterapia;Centro Universitário Campo Real;PR;501;Privada;;;501-600;8.2;251-300;4.87;601-700;0.65;;;401-500;2.68;;;;;;;;;
2023;fisioterapia;Centro Universitário FG;BA;501;Privada;;;401-500;9.54;501-600;1.9;301-350;4.44;;;351-400;3.2;;;;;;;;;
2023;fisioterapia;Faculdades Integradas de Cassilândia;MS;501;Privada;;;401-500;9.01;501-600;1.64;301-350;4.34;;;401-500;3.03;;;;;;;;;
2023;fisioterapia;Faculdade do Recife;PE;501;Privada;;;501-600;7.58;501-600;1.64;201-250;5.45;;;601-700;0.49;;;;;;;;;
2023;fisioterapia;Faculdade de Integração do Sertão;PE;501;Privada;;;401-500;9.85;601-700;0.73;201-250;5.59;;;351-400;3.53;;;;;;;;;
2023;fisioterapia;Faculdade Guaraí;TO;501;Privada;;;501-600;7.39;601-700;0.4;351-400;3.72;;;351-400;3.27;;;;;;;;;
2023;fisioterapia;Centro Universitário Cenecista de Osório;RS;501;Privada;;;501-600;6.61;401-500;2.39;301-350;4.22;;;;;;;;;;;;;
2023;fisioterapia;Centro Universitário São Miguel;PE;501;Privada;;;501-600;7.79;501-600;1.94;501-600;1.55;;;301-350;4.3;;;;;;;;;
2023;fisioterapia;Faculdade Cesumar de Ponta Grossa;PR;501;Privada;;;501-600;7.34;251-300;4.55;601-700;0.65;;;401-500;2.14;;;;;;;;;
2023;fisioterapia;Escola Superior de Saúde de Arcoverde;PE;501;Municipal;;;501-600;7.99;601-700;0.24;22;7.75;;;;;;;;;;;;;
2023;fisioterapia;Centro Universitário da Grande Fortaleza;CE;501;Privada;;;501-600;8.88;351-400;3.27;351-400;3.47;;;401-500;2.14;;;;;;;;;
2023;fisioterapia;Faculdade Cidade de Patos de Minas;MG;501;Privada;;;401-500;9.25;401-500;2.66;501-600;1.97;;;251-300;4.62;;;;;;;;;
2023;fisioterapia;Faculdade de Guarantã do Norte;MT;501;Privada;;;501-600;8.86;401-500;2.92;501-600;1.22;;;251-300;4.72;;;;;;;;;
2023;fisioterapia;Universidade de Vassouras;RJ;501;Privada;;;501-600;8.42;251-300;4.87;501-600;1.41;;;401-500;2.14;;;;;;;;;
2023;fisioterapia;Faculdade Anhanguera de Valparaíso;GO;501;Privada;;;501-600;8.02;351-400;3.34;401-500;2.12;;;401-500;2.56;;;;;;;;;
2023;fisioterapia;Faculdade Anhanguera de Taboão da Serra;SP;501;Privada;;;501-600;8.76;251-300;4.92;601-700;0.42;;;351-400;3.42;;;;;;;;;
2023;fisioterapia;Faculdade do Vale do Juruena;MT;501;Privada;;;501-600;8.1;501-600;1.64;164;6.07;;;601-700;0.39;;;;;;;;;
2023;fisioterapia;Faculdade Unirb-AL;AL;501;Privada;;;401-500;9.03;401-500;3.04;401-500;2.63;;;351-400;3.36;;;;;;;;;
2023;fisioterapia;Centro Universitário Famec;BA;501;Privada;;;501-600;6.51;501-600;1.64;501-600;1.93;;;401-500;2.94;;;;;;;;;
2023;fisioterapia;Centro Universitário de Patos;PB;501;Privada;;;501-600;7.15;401-500;2.28;351-400;3.51;;;501-600;1.36;;;;;;;;;
2023;fisioterapia;Centro Universitário das Américas;SP;501;Privada;;;501-600;6.8;401-500;2.43;301-350;4.23;;;601-700;0.14;;;;;;;;;
2023;fisioterapia;Faculdade Uninassau Lauro de Freitas;BA;501;Privada;;;501-600;8.46;401-500;3.04;501-600;0.96;;;251-300;4.46;;;;;;;;;
2023;fisioterapia;Faculdade Rodolfo Teófilo;CE;501;Privada;;;501-600;8.48;301-350;4.13;351-400;3.47;;;501-600;0.88;;;;;;;;;
2023;fisioterapia;Faculdades Famep Unidade Euclides da Cunha;BA;501;Privada;;;401-500;9.07;601-700;0.11;501-600;0.96;;;1;8;;;;;;;;;
2023;fisioterapia;Faculdade Estácio do Pantanal;MT;501;Privada;;;501-600;8.83;351-400;3.27;501-600;1.22;;;251-300;4.34;;;;;;;;;
2023;fisioterapia;Faculdade Anhanguera de Sumaré;SP;501;Privada;;;401-500;9.32;84;7.01;601-700;0.42;;;401-500;1.89;;;;;;;;;
2023;fisioterapia;Faculdade Cnec Santo Ângelo;RS;501;Privada;;;501-600;7.49;251-300;5;401-500;2.49;;;;;;;;;;;;;
2023;fisioterapia;Instituto de Ensino Superior do Sul do Maranhão;MA;501;Privada;;;501-600;8.73;601-700;0.26;148;6.26;;;401-500;2.21;;;;;;;;;
2023;fisioterapia;Instituto de Educação Superior Raimundo Sá;PI;501;Privada;;;501-600;8.42;601-700;0.69;401-500;3.25;;;251-300;4.48;;;;;;;;;
2023;fisioterapia;Unama Faculdade da Amazônia de Boa Vista;RR;501;Privada;;;501-600;8.28;351-400;3.27;501-600;1.26;;;301-350;3.75;;;;;;;;;
2023;fisioterapia;Faculdade Anhanguera do Maranhão;MA;501;Privada;;;501-600;8.35;251-300;5;401-500;2.25;;;501-600;1.1;;;;;;;;;
2023;fisioterapia;Faculdade Novo Milênio;ES;501;Privada;;;501-600;8.32;501-600;1.64;401-500;2.93;;;301-350;3.75;;;;;;;;;
2023;fisioterapia;Centro Universitário Tiradentes de Pernambuco;PE;501;Privada;;;501-600;8.7;351-400;3.33;251-300;5.03;;;601-700;0.34;;;;;;;;;
2023;fisioterapia;Centro Universitário Max Planck;SP;501;Privada;;;501-600;7.27;501-600;1.18;251-300;4.82;;;501-600;1.27;;;;;;;;;
2023;fisioterapia;Instituto Taubaté de Ensino Superior;SP;501;Privada;;;501-600;8.85;501-600;1.64;109;6.72;;;601-700;0.49;;;;;;;;;
2023;fisioterapia;Faculdade de Ensino Superior do Piauí;PI;501;Privada;;;501-600;7.39;501-600;1.87;501-600;1.06;;;251-300;4.46;;;;;;;;;
2023;fisioterapia;Faculdade São Francisco do Ceará;CE;501;Privada;;;501-600;6.31;501-600;1.64;351-400;3.47;;;501-600;1.2;;;;;;;;;
2023;fisioterapia;Centro Universitário do Vale do Araguaia;MT;501;Privada;;;501-600;8.73;501-600;1.13;251-300;4.92;;;401-500;2.68;;;;;;;;;
2023;fisioterapia;Faculdade Cidade de João Pinheiro;MG;501;Privada;;;501-600;7;601-700;0.77;501-600;1.97;;;301-350;4.26;;;;;;;;;
2023;fisioterapia;Centro Universitário FBV Wyden;PE;501;Privada;;;401-500;9.75;1;8;501-600;1.55;;;601-700;0.2;;;;;;;;;
2023;fisioterapia;Centro Universitário Paraíso;CE;501;Privada;;;401-500;9.01;301-350;3.86;351-400;3.47;;;501-600;1.68;;;;;;;;;
2023;fisioterapia;Centro Universitário Social da Bahia;BA;501;Privada;;;401-500;9.76;301-350;4.32;251-300;4.48;;;501-600;0.96;;;;;;;;;
2023;fisioterapia;Centro Universitário do Planalto Central Apparecido dos Santos;DF;501;Privada;;;501-600;8.77;501-600;1.75;301-350;3.99;;;401-500;3.03;;;;;;;;;
2023;fisioterapia;Centro Universitário de Jales;SP;501;Privada;;;401-500;9.62;601-700;0.65;501-600;0.97;;;1;8;;;;;;;;;
2023;fisioterapia;Universidade de Rio Verde;GO;501;Municipal;;;501-600;6.88;501-600;1.72;601-700;0.44;;;251-300;4.72;;;;;;;;;
2023;fisioterapia;Faculdade Estácio de Sá de Vitória;ES;501;Privada;;;501-600;8.38;501-600;1.75;201-250;5.36;;;501-600;1.27;;;;;;;;;
2023;fisioterapia;Instituto Tecnológico e das Ciências Sociais Aplicadas e da Saúde do Centro Educ. N. Srª Auxiliadora;RJ;501;Privada;;;501-600;8;501-600;1.01;201-250;5.2;;;501-600;1.79;;;;;;;;;
2023;fisioterapia;Centro Universitário Presidente Tancredo de Almeida Neves;MG;501;Privada;;;501-600;8.21;201-250;5.15;501-600;1.86;;;501-600;1.2;;;;;;;;;
2023;fisioterapia;Faculdade Estácio de Castanhal;PA;501;Privada;;;401-500;9.79;401-500;3.09;351-400;3.67;;;401-500;3.03;;;;;;;;;
2023;fisioterapia;Faculdade de Palmas;TO;501;Privada;;;501-600;7.43;601-700;0.77;351-400;3.72;;;401-500;2.94;;;;;;;;;
2023;fisioterapia;Faculdade Unirb - Piauí;PI;501;Privada;;;501-600;6.57;401-500;2.83;501-600;1.06;;;401-500;2.68;;;;;;;;;
2023;fisioterapia;Centro Universitário Estácio da Amazônia;RR;501;Privada;;;401-500;9.77;156;6.16;501-600;1.26;;;401-500;2.35;;;;;;;;;
2023;fisioterapia;Instituto de Ensino Superior da Grande Florianópolis;SC;501;Privada;;;401-500;9.13;351-400;3.72;201-250;5.18;;;601-700;0.23;;;;;;;;;
2023;fisioterapia;Instituto Esperança de Ensino Superior;PA;501;Privada;;;501-600;6.89;501-600;0.98;192;5.74;;;601-700;0.17;;;;;;;;;
2023;fisioterapia;Centro Universitário Maurício de Nassau de São Luís;MA;501;Privada;;;501-600;7.96;401-500;2.63;401-500;3.05;;;401-500;2.28;;;;;;;;;
2023;fisioterapia;Faculdade de Medicina Estácio de Juazeiro do Norte;CE;501;Privada;;;401-500;9.04;601-700;0.65;199;5.65;;;401-500;2.74;;;;;;;;;
2023;fisioterapia;Conservatório Brasileiro de Música;RJ;501;Privada;;;501-600;6.73;351-400;3.65;501-600;1.94;;;501-600;1.14;;;;;;;;;
2023;fisioterapia;Faculdade São Francisco de Assis;RS;501;Privada;;;401-500;9.38;301-350;4.21;401-500;2.49;;;401-500;2.68;;;;;;;;;
2023;fisioterapia;Faculdade Sudamérica;MG;501;Privada;;;401-500;9.38;301-350;4.21;401-500;3.25;;;401-500;1.92;;;;;;;;;
2023;fisioterapia;Centro Universitário Maurício de Nassau de Caruaru;PE;501;Privada;;;501-600;8.11;301-350;3.94;401-500;2.28;;;401-500;1.89;;;;;;;;;
2023;fisioterapia;Centro Universitário Uninovo;PE;501;Privada;;;501-600;7.59;401-500;2.64;251-300;4.94;;;601-700;0.01;;;;;;;;;
2023;fisioterapia;Faculdade Uninassau Garanhuns;PE;501;Privada;;;501-600;7.95;401-500;3.04;501-600;1.55;;;351-400;3.36;;;;;;;;;
2023;fisioterapia;Centro Universitário Maurício de Nassau de Juazeiro do Norte;CE;501;Privada;;;401-500;9.04;401-500;2.63;351-400;3.47;;;401-500;2.94;;;;;;;;;
2023;fisioterapia;Faculdade Anhanguera de Sorriso;MT;501;Privada;;;501-600;8.58;401-500;2.84;501-600;1.22;;;251-300;4.52;;;;;;;;;
2023;fisioterapia;Centro Universitário Joaquim Nabuco de Recife;PE;601;Privada;;;601-700;1.55;;;501-600;1.55;;;;;;;;;;;;;
2023;fisioterapia;Faculdades Sulamérica Bahia;BA;601;Privada;;;601-700;1.2;601-700;0.24;501-600;0.96;;;;;;;;;;;;;
2023;fisioterapia;Faculdade União de Campo Mourão;PR;601;Privada;;;601-700;5.13;601-700;0.14;601-700;0.65;;;251-300;4.34;;;;;;;;;
2023;fisioterapia;Centro Universitário Unifacear;PR;601;Privada;;;601-700;5.63;401-500;2.28;401-500;3.14;;;601-700;0.21;;;;;;;;;
2023;fisioterapia;Favenorte de Porteirinha;MG;601;Privada;;;601-700;5.21;601-700;0.87;501-600;1.86;;;401-500;2.48;;;;;;;;;
2023;fisioterapia;Faculdade Multivix São Mateus;ES;601;Privada;;;601-700;4.54;601-700;0.51;401-500;2.93;;;501-600;1.1;;;;;;;;;
2023;fisioterapia;Faculdade Uninassau Olinda;PE;601;Privada;;;601-700;5.26;401-500;2.09;501-600;1.55;;;501-600;1.62;;;;;;;;;
2023;fisioterapia;Faculdade Ibiapaba;CE;601;Privada;;;601-700;3.95;601-700;0.37;351-400;3.47;;;601-700;0.11;;;;;;;;;
2023;fisioterapia;Faculdade de Ensino Superior Dom Bosco;PR;601;Privada;;;601-700;2.3;601-700;0.07;501-600;1.9;;;601-700;0.33;;;;;;;;;
2023;fisioterapia;Faculdade de Taquaritinga;SP;601;Privada;;;601-700;4.88;301-350;4.13;601-700;0.42;;;601-700;0.33;;;;;;;;;
2023;fisioterapia;Faculdade do Sul da Bahia;BA;601;Privada;;;601-700;2.35;601-700;0.51;501-600;0.96;;;501-600;0.88;;;;;;;;;
2023;fisioterapia;Centro Universitário do Sudeste Mineiro;MG;601;Privada;;;601-700;5.24;401-500;2.39;501-600;1.86;;;501-600;0.99;;;;;;;;;
2023;fisioterapia;Faculdade Eduvale de Avaré;SP;601;Privada;;;601-700;5.85;251-300;4.55;601-700;0.42;;;501-600;0.88;;;;;;;;;
2023;fisioterapia;Faculdade Santa Marcelina;SP;601;Privada;;;601-700;1.43;501-600;0.98;601-700;0.42;;;601-700;0.03;;;;;;;;;
2023;fisioterapia;Centro Universitário Fieo;SP;601;Privada;;;601-700;0.96;601-700;0.05;601-700;0.42;;;601-700;0.49;;;;;;;;;
2023;fisioterapia;Centro Universitário de Excelência Eniac;SP;601;Privada;;;601-700;5.83;351-400;3.27;601-700;0.42;;;401-500;2.14;;;;;;;;;
2023;fisioterapia;Centro Universitário Unisep;PR;601;Privada;;;601-700;4.09;601-700;0.32;401-500;2.29;;;501-600;1.48;;;;;;;;;
2023;fisioterapia;Faculdades Reunidas da Asce;RJ;601;Privada;;;601-700;2.88;601-700;0.56;401-500;2.15;;;601-700;0.17;;;;;;;;;
2023;fisioterapia;Faculdade Santo Agostinho;MG;601;Privada;;;601-700;5.65;351-400;3.27;501-600;1.86;;;601-700;0.52;;;;;;;;;
2023;fisioterapia;Centro Universitário Estácio Meta de Rio Branco Estácio;AC;601;Privada;;;601-700;3.88;601-700;0.65;401-500;2.35;;;501-600;0.88;;;;;;;;;
2023;fisioterapia;Centro Universitário de Paulínia;SP;601;Privada;;;601-700;1.8;601-700;0.39;601-700;0.42;;;501-600;0.99;;;;;;;;;
2023;fisioterapia;Centro Universitário Cambury;GO;601;Privada;;;601-700;2.41;601-700;0.29;401-500;2.12;;;;;;;;;;;;;
2023;fisioterapia;Faculdade Santo Antonio BA;BA;601;Privada;;;601-700;1.37;601-700;0.36;501-600;0.96;;;601-700;0.05;;;;;;;;;
2023;fisioterapia;Faculdade Presidente Antônio Carlos de Teófilo Otoni;MG;601;Privada;;;601-700;2.61;601-700;0.33;501-600;1.86;;;601-700;0.42;;;;;;;;;
2023;fisioterapia;Faculdade Peruíbe;SP;601;Privada;;;601-700;1.26;601-700;0.51;601-700;0.42;;;601-700;0.33;;;;;;;;;
2023;fisioterapia;Faculdade de Quixeramobim;CE;601;Privada;;;601-700;5.11;501-600;1.64;351-400;3.47;;;;;;;;;;;;;
2023;fisioterapia;Faculdade de Itaituba;PA;601;Privada;;;601-700;5.04;601-700;0.13;351-400;3.67;;;501-600;1.24;;;;;;;;;
2023;fisioterapia;Faculdade Bezerra de Araújo;RJ;601;Privada;;;601-700;2.34;501-600;0.88;501-600;1.41;;;601-700;0.05;;;;;;;;;
2023;fisioterapia;Centro Universitário de Santa Fé do Sul;SP;601;Municipal;;;501-600;5.98;501-600;1.11;501-600;1.34;;;351-400;3.53;;;;;;;;;
2023;fisioterapia;Faculdade Multivix de Cachoeiro;ES;601;Privada;;;601-700;4.57;501-600;1.64;401-500;2.93;;;;;;;;;;;;;
2023;fisioterapia;Centro Universitário Módulo;SP;601;Privada;;;601-700;2.94;501-600;1.64;601-700;0.42;;;501-600;0.88;;;;;;;;;
2023;fisioterapia;Faculdade Batista Brasileira;BA;601;Privada;;;601-700;2.6;501-600;1.64;501-600;0.96;;;;;;;;;;;;;
2023;fisioterapia;Faculdade Estácio do Amazonas;AM;601;Privada;;;601-700;3.73;501-600;1.8;501-600;1.3;;;601-700;0.63;;;;;;;;;
2023;fisioterapia;Centro Universitário das Faculdades Integradas de Ourinhos;SP;601;Privada;;;601-700;3.13;401-500;2.22;601-700;0.42;;;601-700;0.49;;;;;;;;;
2023;fisioterapia;Centro Universitário do Recife;PE;601;Privada;;;601-700;3.62;601-700;0.87;501-600;1.55;;;501-600;1.2;;;;;;;;;
2023;fisioterapia;Faculdade Santo Antônio de Queimadas;BA;601;Privada;;;601-700;0.97;601-700;0.01;501-600;0.96;;;;;;;;;;;;;
2023;fisioterapia;Faculdade Unibras do Mato Grosso;MT;601;Privada;;;601-700;2.34;601-700;0.24;501-600;1.22;;;501-600;0.88;;;;;;;;;
2023;fisioterapia;Centro Universitário Campo Limpo Paulista;SP;601;Privada;;;601-700;3.17;601-700;0.57;601-700;0.42;;;401-500;2.18;;;;;;;;;
2023;fisioterapia;Faculdade Lusófona de São Paulo;SP;601;Privada;;;601-700;5.96;501-600;1.85;301-350;4.11;;;;;;;;;;;;;
2023;fisioterapia;Centro Universitário Santa Maria da Glória;PR;601;Privada;;;601-700;4.83;401-500;2.83;601-700;0.65;;;501-600;1.35;;;;;;;;;
2023;fisioterapia;Centro Universitário Estácio da Bahia;BA;601;Privada;;;601-700;5.45;501-600;1.21;401-500;2.76;;;501-600;1.48;;;;;;;;;
2023;fisioterapia;Faculdade Irecê;BA;601;Privada;;;601-700;3.34;601-700;0.24;501-600;0.96;;;401-500;2.14;;;;;;;;;
2023;fisioterapia;Centro Universitário Facex;RN;601;Privada;;;601-700;5.44;501-600;1.22;301-350;4.1;;;601-700;0.12;;;;;;;;;
2023;fisioterapia;Faculdade da Alta Paulista;SP;601;Privada;;;601-700;5.19;401-500;2.39;501-600;1.08;;;501-600;1.72;;;;;;;;;
2023;fisioterapia;Centro Universitário Opet;PR;601;Privada;;;501-600;6.02;401-500;2.89;601-700;0.65;;;401-500;2.48;;;;;;;;;
2023;fisioterapia;Instituto Cuiabá de Ensino e Cultura;MT;601;Privada;;;501-600;6.15;601-700;0.24;351-400;3.77;;;401-500;2.14;;;;;;;;;
2023;fisioterapia;Instituto Paraibano de Ensino Renovado;PB;601;Privada;;;501-600;6.06;401-500;2.52;401-500;3.21;;;601-700;0.33;;;;;;;;;
2023;fisioterapia;Faculdade Anhanguera de Ribeirão Preto;SP;601;Privada;;;601-700;3.69;351-400;3.27;601-700;0.42;;;;;;;;;;;;;
2023;fisioterapia;Faculdade Uninassau Vitória da Conquista;BA;601;Privada;;;601-700;5.86;501-600;1.96;501-600;0.96;;;401-500;2.94;;;;;;;;;
2023;fisioterapia;Faculdade do Vale do Rio Arinos;MT;601;Privada;;;601-700;4.41;401-500;2.09;501-600;1.22;;;501-600;1.1;;;;;;;;;
2023;fisioterapia;Faculdade do Trabalho;MG;601;Privada;;;601-700;3.5;501-600;1.64;501-600;1.86;;;;;;;;;;;;;
2023;fisioterapia;Centro Universitário Ítalo-brasileiro;SP;601;Privada;;;501-600;6.14;401-500;2.52;601-700;0.42;;;351-400;3.2;;;;;;;;;
2023;fisioterapia;Faculdade do Norte de Mato Grosso;MT;601;Privada;;;601-700;4.93;401-500;2.83;501-600;1.22;;;501-600;0.88;;;;;;;;;
2023;fisioterapia;Universidade de Gurupi;TO;601;Municipal;;;601-700;0.7;601-700;0.25;601-700;0.45;;;;;;;;;;;;;
2023;fisioterapia;Instituto Macapaense de Ensino Superior;AP;601;Privada;;;601-700;3.63;601-700;0.36;501-600;1.92;;;501-600;1.35;;;;;;;;;
2023;fisioterapia;Centro Universitário de Salvador;BA;601;Privada;;;601-700;4.35;601-700;0.71;501-600;0.96;;;401-500;2.68;;;;;;;;;
2023;fisioterapia;Faculdades Integradas de Ciências Humanas, Saúde e Educação de Guarulhos;SP;601;Privada;;;601-700;4.55;301-350;4.13;601-700;0.42;;;;;;;;;;;;;
2023;fisioterapia;Faculdade de Campina Grande;PB;601;Privada;;;601-700;3.6;601-700;0.51;401-500;3.02;;;601-700;0.07;;;;;;;;;
2023;fisioterapia;Faculdade da Cidade de Maceió;AL;601;Privada;;;601-700;4.99;601-700;0.24;251-300;4.75;;;;;;;;;;;;;
2023;fisioterapia;Centro de Ensino Superior de Serra Dourada;SP;601;Privada;;;501-600;6.14;401-500;2.52;601-700;0.42;;;351-400;3.2;;;;;;;;;
2023;fisioterapia;Faculdade Unibras da Bahia;BA;601;Privada;;;601-700;5.22;601-700;0.87;501-600;1.87;;;401-500;2.48;;;;;;;;;
2023;fisioterapia;Instituto de Ensino Superior de Londrina;PR;601;Privada;;;601-700;1.39;601-700;0.08;601-700;0.65;;;501-600;0.66;;;;;;;;;
2023;fisioterapia;Faculdade Integrada Cete;PE;601;Privada;;;601-700;2.38;601-700;0.83;501-600;1.55;;;;;;;;;;;;;
2023;fisioterapia;Centro Universitário - Uniesp;PB;601;Privada;;;601-700;5.39;601-700;0.04;401-500;2.8;;;401-500;2.55;;;;;;;;;
2023;fisioterapia;Faculdade Estácio de Sá de Ourinhos;SP;601;Privada;;;601-700;4.52;501-600;1.64;401-500;2.5;;;601-700;0.38;;;;;;;;;
2023;fisioterapia;Faculdade Martha Falcão Wyden;AM;601;Privada;;;601-700;3.64;401-500;2.28;501-600;1.3;;;601-700;0.06;;;;;;;;;
2023;fisioterapia;Faculdade Unibras do Norte Goiano;GO;601;Privada;;;501-600;6.11;601-700;0.02;401-500;2.12;;;301-350;3.97;;;;;;;;;
2023;fisioterapia;Faculdade da Região Sisaleira;BA;601;Privada;;;601-700;2.03;501-600;0.98;501-600;0.96;;;601-700;0.09;;;;;;;;;
2023;fisioterapia;Abeu - Centro Universitário;RJ;601;Privada;;;601-700;5.55;401-500;2.52;501-600;1.41;;;501-600;1.62;;;;;;;;;
2023;fisioterapia;Faculdade Educaremt;MT;601;Privada;;;601-700;1.29;601-700;0.07;501-600;1.22;;;;;;;;;;;;;
2023;fisioterapia;Instituto de Ensino Superior de Foz do Iguaçu;PR;601;Privada;;;601-700;5.03;601-700;0.24;601-700;0.65;;;301-350;4.14;;;;;;;;;
2023;fisioterapia;Faculdades Integradas do Ceará;CE;601;Privada;;;601-700;4;601-700;0.3;351-400;3.47;;;601-700;0.23;;;;;;;;;
2023;fisioterapia;Faculdade Única de Ipatinga;MG;601;Privada;;;601-700;4.26;501-600;0.98;501-600;1.86;;;501-600;1.42;;;;;;;;;
2023;fisioterapia;Faculdade Sogipa de Educação Física;RS;601;Privada;;;601-700;4.86;501-600;1.68;401-500;2.49;;;501-600;0.69;;;;;;;;;
2023;fisioterapia;Faculdade Alvorada de Saúde;SP;601;Privada;;;601-700;0.42;;;601-700;0.42;;;;;;;;;;;;;
2024;fisioterapia;Universidade de São Paulo;SP;1;Estadual;1;36;1;63.47;;;47;7.49;;;1;8;;;3;7.98;1;40;;;
2024;fisioterapia;Universidade Federal de Minas Gerais;MG;2;Federal;3;35.7;3;62.78;;;1;8;;;1;8;;;5;7.96;3;38.82;;;
2024;fisioterapia;Universidade Federal do Rio de Janeiro;RJ;3;Federal;3;35.7;8;61.26;;;60;7.34;;;1;8;;;30;7.68;4;38.24;;;
2024;fisioterapia;Universidade de Brasília;DF;4;Federal;3;35.7;9;61.24;;;63;7.31;;;1;8;;;29;7.69;4;38.24;;;
2024;fisioterapia;Universidade Federal de São Carlos;SP;5;Federal;17;33.62;2;63.08;;;25;7.73;;;1;8;;;6;7.94;2;39.41;;;
2024;fisioterapia;Universidade Federal de São Paulo;SP;6;Federal;17;33.62;5;61.86;;;32;7.65;;;1;8;;;4;7.97;4;38.24;;;
2024;fisioterapia;Universidade Federal do Rio Grande do Sul;RS;7;Federal;17;33.62;6;61.78;;;23;7.75;;;1;8;;;20;7.79;4;38.24;;;
2024;fisioterapia;Universidade Estadual Paulista Júlio de Mesquita Filho;SP;8;Estadual;17;33.62;7;61.56;;;47;7.49;;;1;8;;;16;7.83;4;38.24;;;
2024;fisioterapia;Universidade Federal do Rio Grande do Norte;RN;9;Federal;3;35.7;14;58.04;;;26;7.72;;;1;8;;;36;7.61;10;34.71;;;
2024;fisioterapia;Universidade Federal da Bahia;BA;10;Federal;3;35.7;16;57.98;;;6;7.94;;;1;8;;;61;7.33;10;34.71;;;
2024;fisioterapia;Universidade Federal de Santa Catarina;SC;11;Federal;3;35.7;17;57.96;;;58;7.36;;;1;8;;;11;7.89;10;34.71;;;
2024;fisioterapia;Universidade Federal de Santa Maria;RS;12;Federal;3;35.7;18;57.86;;;52;7.43;;;1;8;;;26;7.72;10;34.71;;;
2024;fisioterapia;Universidade Federal do Paraná;PR;13;Federal;3;35.7;20;56.54;;;7;7.93;;;177;6;;;10;7.9;10;34.71;;;
2024;fisioterapia;Universidade Federal do Ceará;CE;14;Federal;17;33.62;11;58.5;;;2;7.99;;;1;8;;;19;7.8;10;34.71;;;
2024;fisioterapia;Universidade Federal de Pernambuco;PE;15;Federal;17;33.62;13;58.28;;;13;7.87;;;1;8;;;28;7.7;10;34.71;;;
2024;fisioterapia;Universidade Estadual de Londrina;PR;16;Estadual;17;33.62;15;58.01;;;20;7.79;;;1;8;;;45;7.51;10;34.71;;;
2024;fisioterapia;Universidade Estadual do Oeste do Paraná;PR;17;Estadual;17;33.62;19;57.18;;;70;7.23;;;1;8;;;69;7.24;10;34.71;;;
2024;fisioterapia;Pontifícia Universidade Católica do Paraná;PR;18;Privada;3;35.7;26;53.39;;;93;6.97;;;251-300;4.88;;;105;6.83;10;34.71;;;
2024;fisioterapia;Universidade de Ribeirão Preto;SP;19;Privada;17;33.62;22;53.89;;;101;6.88;;;201-250;5.26;;;87;7.04;10;34.71;;;
2024;fisioterapia;Fundação Universidade do Estado de Santa Catarina;SC;20;Estadual;17;33.62;23;53.69;;;16;7.83;;;301-350;4.16;;;91;6.99;10;34.71;;;
2024;fisioterapia;Escola Bahiana de Medicina e Saúde Pública;BA;21;Privada;17;33.62;25;53.48;;;87;7.04;;;1;8;;;351-400;3.73;10;34.71;;;
2024;fisioterapia;Pontifícia Universidade Católica de Minas Gerais;MG;22;Privada;3;35.7;30;50.91;;;54;7.41;;;401-500;2.53;;;156;6.26;10;34.71;;;
2024;fisioterapia;Centro Universitário São Camilo;SP;23;Privada;17;33.62;29;52.77;;;40;7.56;;;201-250;5.52;;;251-300;4.98;10;34.71;;;
2024;fisioterapia;Universidade Nove de Julho;SP;24;Privada;3;35.7;31;50.18;;;251-300;5.17;;;401-500;2.91;;;55;7.39;10;34.71;;;
2024;fisioterapia;Universidade Paulista;SP;25;Privada;1;36;33;48.51;;;138;6.47;;;351-400;3.53;;;351-400;3.8;10;34.71;;;
2024;fisioterapia;Universidade Federal do Triângulo Mineiro;MG;26;Federal;100;21.27;4;62.09;;;8;7.92;;;1;8;;;7;7.93;4;38.24;;;
2024;fisioterapia;Pontifícia Universidade Católica de Campinas;SP;27;Privada;17;33.62;32;48.76;;;68;7.25;;;601-700;0.44;;;147;6.36;10;34.71;;;
2024;fisioterapia;Centro Universitário das Faculdades Associadas de Ensino;SP;28;Municipal;17;33.62;34;46.99;;;601-700;0.45;;;201-250;5.51;;;151;6.32;10;34.71;;;
2024;fisioterapia;Fundação Universidade Federal de Ciências da Saúde de Porto Alegre;RS;29;Federal;100;21.27;10;58.51;;;12;7.88;;;1;8;;;8;7.92;10;34.71;;;
2024;fisioterapia;Universidade Federal de Alfenas;MG;30;Federal;100;21.27;12;58.47;;;3;7.98;;;1;8;;;21;7.78;10;34.71;;;
2024;fisioterapia;Instituto Federal de Educação, Ciência e Tecnologia do Rio de Janeiro;RJ;31;Federal;100;21.27;21;56.28;;;75;7.17;;;1;8;;;144;6.4;10;34.71;;;
2024;fisioterapia;Universidade Federal do Espírito Santo;ES;32;Federal;17;33.62;35;43.63;;;21;7.78;;;1;8;;;14;7.85;35;20;;;
2024;fisioterapia;Universidade Federal do Pará;PA;33;Federal;17;33.62;36;43.42;;;10;7.9;;;1;8;;;44;7.52;35;20;;;
2024;fisioterapia;Universidade Federal de Juiz de Fora;MG;34;Federal;17;33.62;37;43.37;;;15;7.84;;;1;8;;;43;7.53;35;20;;;
2024;fisioterapia;Universidade Federal de Sergipe;SE;35;Federal;17;33.62;39;43.25;;;31;7.66;;;1;8;;;38;7.59;35;20;;;
2024;fisioterapia;Universidade Federal de Uberlândia;MG;36;Federal;17;33.62;40;43.02;;;64;7.29;;;1;8;;;25;7.73;35;20;;;
2024;fisioterapia;Universidade Federal do Amazonas;AM;37;Federal;17;33.62;42;41.37;;;126;6.6;;;1;8;;;111;6.77;35;20;;;
2024;fisioterapia;Universidade Presbiteriana Mackenzie;SP;38;Privada;100;21.27;24;53.51;;;17;7.82;;;351-400;3.66;;;62;7.32;10;34.71;;;
2024;fisioterapia;Pontifícia Universidade Católica do Rio Grande do Sul;RS;39;Privada;100;21.27;27;52.97;;;168;6.13;;;301-350;4.57;;;40;7.56;10;34.71;;;
2024;fisioterapia;Universidade Cesumar;PR;40;Privada;17;33.62;44;39.96;;;29;7.69;;;251-300;4.72;;;41;7.55;35;20;;;
2024;fisioterapia;Universidade Estadual da Paraíba;PB;41;Estadual;17;33.62;46;38.2;;;51;7.44;;;1;8;;;401-500;2.76;35;20;;;
2024;fisioterapia;Universidade de Franca;SP;42;Privada;17;33.62;49;36.93;;;251-300;5.06;;;251-300;5.13;;;113;6.74;35;20;;;
2024;fisioterapia;Universidade Federal da Paraíba;PB;43;Federal;100;21.27;38;43.33;;;27;7.71;;;1;8;;;35;7.62;35;20;;;
2024;fisioterapia;Universidade do Vale do Rio dos Sinos;RS;44;Privada;100;21.27;43;40.21;;;89;7.01;;;201-250;5.55;;;32;7.65;35;20;;;
2024;fisioterapia;Centro Universitário Sagrado Coração;SP;45;Privada;100;21.27;45;38.71;;;85;7.06;;;301-350;4.35;;;63;7.3;35;20;;;
2024;fisioterapia;Universidade Cidade de São Paulo;SP;46;Privada;100;21.27;47;37.65;;;201-250;5.52;;;251-300;4.76;;;57;7.37;35;20;;;
2024;fisioterapia;Universidade Metodista de Piracicaba;SP;47;Privada;100;21.27;48;37.18;;;61;7.33;;;401-500;2.56;;;64;7.29;35;20;;;
2024;fisioterapia;Universidade de Pernambuco;PE;48;Estadual;17;33.62;70;23.59;;;22;7.77;;;1;8;;;17;7.82;;;;;
2024;fisioterapia;Universidade Vila Velha;ES;49;Privada;100;21.27;51;35.08;;;62;7.32;;;501-600;2.21;;;201-250;5.55;35;20;;;
2024;fisioterapia;Universidade Estadual do Piauí;PI;50;Estadual;17;33.62;74;22.49;;;4;7.97;;;1;8;;;133;6.52;;;;;
2024;fisioterapia;Centro Universitário Christus;CE;51;Privada;17;33.62;75;22.3;;;18;7.81;;;1;8;;;136;6.49;;;;;
2024;fisioterapia;Centro Universitário Fametro;CE;52;Privada;100;21.27;54;34.24;;;188;5.91;;;196;5.78;;;401-500;2.55;35;20;;;
2024;fisioterapia;Universidade Universus Veritas Guarulhos;SP;53;Privada;100;21.27;56;33.54;;;186;5.93;;;351-400;3.47;;;301-350;4.14;35;20;;;
2024;fisioterapia;Faculdade de Ciências Médicas de Minas Gerais;MG;54;Privada;17;33.62;87;19.98;;;34;7.63;;;1;8;;;301-350;4.35;;;;;
2024;fisioterapia;Centro Universitário do Rio Grande do Norte;RN;55;Privada;17;33.62;91;19.8;;;301-350;4.34;;;1;8;;;49;7.46;;;;;
2024;fisioterapia;Pontifícia Universidade Católica de São Paulo;SP;56;Privada;17;33.62;94;19.42;;;187;5.92;;;200;5.74;;;22;7.76;;;;;
2024;fisioterapia;Centro Universitário Fmabc;SP;57;Privada;;;28;52.96;;;130;6.56;;;251-300;5;;;118;6.69;10;34.71;;;
2024;fisioterapia;Universidade da Amazônia;PA;58;Privada;100;21.27;59;31.54;;;201-250;5.46;;;401-500;2.68;;;401-500;3.4;35;20;;;
2024;fisioterapia;Universidade Católica de Pernambuco;PE;59;Privada;100;21.27;60;31.53;;;201-250;5.33;;;601-700;0.28;;;186;5.92;35;20;;;
2024;fisioterapia;Universidade de Marília;SP;60;Privada;17;33.62;97;19.09;;;251-300;5.03;;;1;8;;;174;6.06;;;;;
2024;fisioterapia;Centro Universitário de Excelência;BA;61;Privada;17;33.62;98;19.03;;;351-400;3.98;;;1;8;;;86;7.05;;;;;
2024;fisioterapia;Universidade Franciscana;RS;62;Privada;17;33.62;100;18.98;;;103;6.86;;;201-250;5.66;;;138;6.46;;;;;
2024;fisioterapia;Universidade do Estado do Pará;PA;63;Estadual;17;33.62;102;18.85;;;10;7.9;;;176;6.01;;;251-300;4.94;;;;;
2024;fisioterapia;Centro Universitário Claretiano;SP;64;Privada;17;33.62;103;18.78;;;154;6.29;;;1;8;;;301-350;4.49;;;;;
2024;fisioterapia;Universidade do Grande Rio Professor José de Souza Herdy;RJ;65;Privada;17;33.62;107;18.46;;;301-350;4.39;;;1;8;;;173;6.07;;;;;
2024;fisioterapia;Universidade de Cuiabá;MT;66;Privada;17;33.62;110;18.38;;;92;6.98;;;180;5.97;;;201-250;5.43;;;;;
2024;fisioterapia;Centro Universitário do Estado do Pará;PA;67;Privada;17;33.62;114;18.28;;;115;6.72;;;1;8;;;351-400;3.56;;;;;
2024;fisioterapia;Centro Universitário Braz Cubas;SP;68;Privada;100;21.27;62;30.39;;;81;7.1;;;501-600;2.02;;;601-700;1.27;35;20;;;
2024;fisioterapia;Universidade de Cruz Alta;RS;69;Privada;100;21.27;64;30.26;;;401-500;3.33;;;601-700;1.08;;;193;5.85;35;20;;;
2024;fisioterapia;Universidade Positivo;PR;70;Privada;17;33.62;125;17.76;;;93;6.97;;;351-400;3.92;;;102;6.87;;;;;
2024;fisioterapia;Centro Universitário Barão de Mauá;SP;71;Privada;17;33.62;126;17.75;;;107;6.81;;;251-300;5.1;;;194;5.84;;;;;
2024;fisioterapia;Universidade José do Rosário Velano;MG;72;Privada;17;33.62;130;17.66;;;141;6.43;;;251-300;5.09;;;167;6.14;;;;;
2024;fisioterapia;Universidade de Uberaba;MG;73;Privada;100;21.27;65;29.81;;;201-250;5.67;;;501-600;2.15;;;501-600;1.99;35;20;;;
2024;fisioterapia;Centro Universitário de Belo Horizonte;MG;74;Privada;17;33.62;142;17.2;;;55;7.4;;;301-350;4.39;;;201-250;5.41;;;;;
2024;fisioterapia;Universidade Anhanguera;MS;74;Privada;17;33.62;142;17.2;;;201-250;5.57;;;201-250;5.44;;;162;6.19;;;;;
2024;fisioterapia;Universidade Católica Dom Bosco;MS;76;Privada;17;33.62;155;16.79;;;201-250;5.76;;;179;5.98;;;251-300;5.05;;;;;
2024;fisioterapia;Centro Universitário de João Pessoa;PB;77;Privada;17;33.62;156;16.76;;;111;6.77;;;201-250;5.57;;;301-350;4.42;;;;;
2024;fisioterapia;Universidade Evangélica de Goiás;GO;78;Privada;17;33.62;157;16.69;;;129;6.57;;;301-350;4.55;;;201-250;5.57;;;;;
2024;fisioterapia;Universidade Regional do Noroeste do Estado do Rio Grande do Sul;RS;79;Privada;17;33.62;159;16.62;;;95;6.95;;;401-500;3.32;;;148;6.35;;;;;
2024;fisioterapia;Universidade Federal de Goiás;GO;80;Federal;17;33.62;169;16.36;;;601-700;0.48;;;1;8;;;12;7.88;;;;;
2024;fisioterapia;Centro Universitário da Grande Dourados;MS;81;Privada;17;33.62;176;16.19;;;33;7.64;;;201-250;5.73;;;401-500;2.82;;;;;
2024;fisioterapia;Universidade do Vale do Itajaí;SC;82;Privada;17;33.62;183;16.09;;;19;7.8;;;401-500;3.42;;;251-300;4.87;;;;;
2024;fisioterapia;Universidade Católica de Pelotas;RS;83;Privada;17;33.62;192;15.87;;;149;6.34;;;301-350;4.19;;;201-250;5.34;;;;;
2024;fisioterapia;Centro Universitário de Várzea Grande;MT;84;Privada;17;33.62;193;15.86;;;109;6.79;;;251-300;5.14;;;351-400;3.93;;;;;
2024;fisioterapia;Centro Universitário Redentor;RJ;85;Privada;17;33.62;200;15.71;;;161;6.21;;;1;8;;;501-600;1.5;;;;;
2024;fisioterapia;Universidade Estácio de Sá;RJ;86;Privada;3;35.7;251-300;13.52;;;201-250;5.56;;;601-700;1.06;;;99;6.9;;;;;
2024;fisioterapia;Centro Universitário Toledo Wyden;SP;86;Privada;17;33.62;201-250;15.6;;;105;6.84;;;501-600;1.35;;;54;7.41;;;;;
2024;fisioterapia;Faculdade Anhanguera de Betim;MG;88;Privada;17;33.62;201-250;15.39;;;184;5.95;;;401-500;3;;;140;6.44;;;;;
2024;fisioterapia;Centro Universitário Santa Maria;PB;88;Privada;17;33.62;201-250;15.39;;;301-350;4.36;;;1;8;;;401-500;3.03;;;;;
2024;fisioterapia;Centro Universitário do Planalto de Araxá;MG;90;Privada;100;21.27;68;27.68;;;301-350;4.2;;;501-600;1.82;;;501-600;1.66;35;20;;;
2024;fisioterapia;Universidade Católica de Brasília;DF;91;Privada;3;35.7;301-350;12.96;;;121;6.66;;;601-700;0.9;;;201-250;5.4;;;;;
2024;fisioterapia;Universidade do Sul de Santa Catarina;SC;92;Privada;17;33.62;201-250;14.64;;;122;6.64;;;351-400;3.67;;;301-350;4.33;;;;;
2024;fisioterapia;Universidade de Mogi das Cruzes;SP;93;Privada;17;33.62;251-300;14.43;;;82;7.09;;;301-350;4.43;;;401-500;2.91;;;;;
2024;fisioterapia;Centro Universitário São Lucas;RO;94;Privada;17;33.62;251-300;14.09;;;44;7.52;;;182;5.94;;;601-700;0.63;;;;;
2024;fisioterapia;Universidade de Passo Fundo;RS;95;Privada;17;33.62;251-300;13.64;;;134;6.51;;;501-600;1.99;;;251-300;5.14;;;;;
2024;fisioterapia;Universidade de Fortaleza;CE;96;Privada;17;33.62;251-300;13.43;;;148;6.35;;;501-600;2.17;;;251-300;4.91;;;;;
2024;fisioterapia;Universidade do Planalto Catarinense;SC;97;Privada;17;33.62;251-300;13.41;;;201-250;5.73;;;401-500;3.38;;;301-350;4.3;;;;;
2024;fisioterapia;Centro Universitário do Cerrado-patrocínio;MG;98;Privada;17;33.62;301-350;13.27;;;201-250;5.66;;;301-350;4.48;;;401-500;3.13;;;;;
2024;fisioterapia;Universidade Salvador;BA;99;Privada;17;33.62;301-350;13.11;;;201-250;5.22;;;501-600;2.01;;;190;5.88;;;;;
2024;fisioterapia;Centro Universitário Ibmr;RJ;100;Privada;17;33.62;301-350;13.1;;;132;6.53;;;501-600;2.16;;;301-350;4.41;;;;;
2024;fisioterapia;Centro Universitário Una;MG;101;Privada;17;33.62;301-350;12.88;;;501-600;2.04;;;201-250;5.33;;;201-250;5.51;;;;;
2024;fisioterapia;Centro Universitário Assis Gurgacz;PR;102;Privada;17;33.62;301-350;12.87;;;97;6.92;;;251-300;4.73;;;601-700;1.22;;;;;
2024;fisioterapia;Universidade Potiguar;RN;103;Privada;3;35.7;401-500;10.66;;;201-250;5.68;;;401-500;2.85;;;501-600;2.13;;;;;
2024;fisioterapia;Centro Universitário Maurício de Nassau de Natal;RN;104;Privada;17;33.62;301-350;12.52;;;301-350;4.34;;;401-500;3.41;;;251-300;4.77;;;;;
2024;fisioterapia;Universidade Tiradentes;SE;105;Privada;17;33.62;351-400;12.13;;;182;5.97;;;501-600;1.27;;;251-300;4.89;;;;;
2024;fisioterapia;Universidade São Judas Tadeu;SP;106;Privada;17;33.62;351-400;12.12;;;601-700;0.45;;;251-300;5.16;;;134;6.51;;;;;
2024;fisioterapia;Centro Universitário Católico Salesiano Auxilium;SP;107;Privada;17;33.62;351-400;11.7;;;301-350;4.64;;;251-300;4.83;;;501-600;2.23;;;;;
2024;fisioterapia;Centro Universitário de Maceió;AL;108;Privada;17;33.62;351-400;11.45;;;146;6.38;;;501-600;1.73;;;401-500;3.34;;;;;
2024;fisioterapia;Universidade Federal dos Vales do Jequitinhonha e Mucuri;MG;109;Federal;100;21.27;69;23.61;;;24;7.74;;;1;8;;;13;7.87;;;;;
2024;fisioterapia;Universidade Regional Integrada do Alto Uruguai e das Missões;RS;110;Privada;17;33.62;401-500;11.23;;;144;6.4;;;601-700;0.59;;;301-350;4.24;;;;;
2024;fisioterapia;Centro Universitário das Faculdades Metropolitanas Unidas;SP;111;Privada;17;33.62;401-500;11.21;;;159;6.23;;;501-600;1.41;;;351-400;3.57;;;;;
2024;fisioterapia;Centro Universitário de Brasília;DF;112;Privada;17;33.62;401-500;10.68;;;140;6.44;;;601-700;0.91;;;401-500;3.33;;;;;
2024;fisioterapia;Universidade Municipal de São Caetano do Sul;SP;113;Municipal;17;33.62;401-500;10.64;;;201-250;5.45;;;601-700;1.13;;;351-400;4.06;;;;;
2024;fisioterapia;Universidade do Estado da Bahia;BA;114;Estadual;100;21.27;72;22.84;;;9;7.91;;;1;8;;;96;6.93;;;;;
2024;fisioterapia;Centro Universitário da Fundação Herminio Ometto;SP;115;Privada;17;33.62;401-500;10.37;;;143;6.41;;;501-600;1.24;;;401-500;2.72;;;;;
2024;fisioterapia;Centro Universitário Cesmac;AL;116;Privada;17;33.62;401-500;9.73;;;113;6.75;;;601-700;0.81;;;501-600;2.17;;;;;
2024;fisioterapia;Universidade Federal de Pelotas;RS;117;Federal;100;21.27;76;21.98;;;72;7.2;;;1;8;;;110;6.78;;;;;
2024;fisioterapia;Universidade Estadual do Sudoeste da Bahia;BA;118;Estadual;100;21.27;77;21.71;;;38;7.59;;;1;8;;;169;6.12;;;;;
2024;fisioterapia;Fundação Universidade Federal do Pampa;RS;119;Federal;;;41;42.91;;;72;7.2;;;1;8;;;27;7.71;35;20;;;
2024;fisioterapia;Centro Universitário Jorge Amado;BA;120;Privada;17;33.62;501-600;9.18;;;351-400;4.03;;;601-700;0.64;;;301-350;4.51;;;;;
2024;fisioterapia;Universidade Católica do Salvador;BA;121;Privada;17;33.62;501-600;8.75;;;251-300;5.13;;;501-600;1.64;;;501-600;1.98;;;;;
2024;fisioterapia;Centro Universitário Dinâmica das Cataratas;PR;122;Privada;100;21.27;81;21.09;;;177;6.03;;;1;8;;;85;7.06;;;;;
2024;fisioterapia;Universidade Federal de Mato Grosso do Sul;MS;123;Federal;100;21.27;82;21.07;;;37;7.6;;;201-250;5.72;;;23;7.75;;;;;
2024;fisioterapia;Centro Universitário do Norte;AM;124;Privada;17;33.62;501-600;8.71;;;401-500;3.51;;;401-500;2.57;;;401-500;2.63;;;;;
2024;fisioterapia;Centro Universitário de Itajubá;MG;125;Privada;100;21.27;83;20.92;;;176;6.04;;;1;8;;;101;6.88;;;;;
2024;fisioterapia;Universidade do Oeste de Santa Catarina;SC;126;Privada;100;21.27;86;20.2;;;39;7.57;;;1;8;;;301-350;4.63;;;;;
2024;fisioterapia;Pontifícia Universidade Católica de Goiás;GO;127;Privada;17;33.62;501-600;7.77;;;201-250;5.31;;;601-700;0.63;;;501-600;1.83;;;;;
2024;fisioterapia;Universidade do Oeste Paulista;SP;128;Privada;100;21.27;89;19.94;;;71;7.22;;;201-250;5.34;;;56;7.38;;;;;
2024;fisioterapia;Faculdade Anhanguera de Anápolis;GO;129;Privada;100;21.27;96;19.27;;;43;7.53;;;192;5.83;;;187;5.91;;;;;
2024;fisioterapia;Universidade do Vale do Taquari;RS;130;Privada;100;21.27;98;19.03;;;173;6.07;;;190;5.85;;;80;7.11;;;;;
2024;fisioterapia;Faculdades Integradas de Três Lagoas;MS;131;Privada;100;21.27;120;18.02;;;401-500;3.23;;;1;8;;;109;6.79;;;;;
2024;fisioterapia;Centro Universitário Faminas;MG;132;Privada;100;21.27;122;17.87;;;156;6.26;;;251-300;4.9;;;116;6.71;;;;;
2024;fisioterapia;Faculdade Pitágoras Unopar Anhanguera de Londrina;PR;132;Privada;100;21.27;122;17.87;;;251-300;4.93;;;201-250;5.59;;;59;7.35;;;;;
2024;fisioterapia;Universidade Salgado de Oliveira;RJ;134;Privada;17;33.62;601-700;5.49;;;401-500;2.96;;;601-700;0.82;;;501-600;1.71;;;;;
2024;fisioterapia;Universidade Santo Amaro;SP;135;Privada;100;21.27;127;17.74;;;251-300;5.14;;;198;5.76;;;104;6.84;;;;;
2024;fisioterapia;Faculdade Pernambucana de Saúde;PE;136;Privada;100;21.27;128;17.72;;;185;5.94;;;1;8;;;351-400;3.78;;;;;
2024;fisioterapia;Universidade do Estado de Minas Gerais;MG;137;Estadual;100;21.27;131;17.63;;;116;6.71;;;1;8;;;401-500;2.92;;;;;
2024;fisioterapia;Centro Universitário Inta;CE;138;Privada;100;21.27;138;17.32;;;351-400;3.69;;;1;8;;;201-250;5.63;;;;;
2024;fisioterapia;Centro Universitário Facol;PE;139;Privada;100;21.27;145;17.18;;;251-300;4.71;;;1;8;;;301-350;4.47;;;;;
2024;fisioterapia;Centro Universitário Ingá;PR;140;Privada;100;21.27;146;17.17;;;201-250;5.49;;;1;8;;;351-400;3.68;;;;;
2024;fisioterapia;Centro Universitário Nobre de Feira de Santana;BA;141;Privada;100;21.27;147;17.11;;;401-500;3.41;;;1;8;;;201-250;5.7;;;;;
2024;fisioterapia;União das Faculdades dos Grandes Lagos;SP;142;Privada;100;21.27;150;17.07;;;251-300;4.99;;;1;8;;;301-350;4.08;;;;;
2024;fisioterapia;Universidade Santa Cecília;SP;143;Privada;100;21.27;153;16.91;;;139;6.45;;;251-300;4.78;;;201-250;5.68;;;;;
2024;fisioterapia;Universidade Pitágoras Unopar Anhanguera;PR;144;Privada;100;21.27;158;16.63;;;160;6.22;;;351-400;3.73;;;119;6.68;;;;;
2024;fisioterapia;Faculdade Anhanguera de Piracicaba;SP;145;Privada;100;21.27;165;16.42;;;172;6.08;;;401-500;3.07;;;66;7.27;;;;;
2024;fisioterapia;Faculdade do Clube Náutico Mogiano;SP;146;Privada;100;21.27;166;16.39;;;301-350;4.19;;;1;8;;;301-350;4.2;;;;;
2024;fisioterapia;Centro Universitário de Patos de Minas;MG;146;Privada;100;21.27;166;16.39;;;77;7.15;;;401-500;2.9;;;149;6.34;;;;;
2024;fisioterapia;Universidade São Francisco;SP;148;Privada;100;21.27;172;16.27;;;88;7.03;;;193;5.82;;;401-500;3.42;;;;;
2024;fisioterapia;Centro Universitário Anhanguera Pitágoras Unopar de Niterói;RJ;149;Privada;100;21.27;173;16.25;;;301-350;4.54;;;251-300;5.07;;;122;6.64;;;;;
2024;fisioterapia;Faculdade Anhanguera de Indaiatuba;SP;150;Privada;100;21.27;179;16.14;;;190;5.88;;;351-400;3.64;;;124;6.62;;;;;
2024;fisioterapia;Universidade de Caxias do Sul;RS;151;Privada;100;21.27;181;16.11;;;84;7.07;;;401-500;2.49;;;130;6.55;;;;;
2024;fisioterapia;Centro Universitário Euro-americano;DF;152;Privada;100;21.27;187;16.06;;;112;6.76;;;351-400;3.49;;;196;5.81;;;;;
2024;fisioterapia;Centro Universitário Uninovafapi;PI;153;Privada;100;21.27;194;15.83;;;201-250;5.55;;;251-300;4.64;;;201-250;5.64;;;;;
2024;fisioterapia;Centro Universitário Una de Bom Despacho;MG;154;Privada;100;21.27;196;15.8;;;201-250;5.28;;;301-350;4.47;;;175;6.05;;;;;
2024;fisioterapia;Centro Universitário de Ciências e Empreendedorismo;BA;155;Privada;100;21.27;199;15.76;;;201-250;5.47;;;1;8;;;501-600;2.29;;;;;
2024;fisioterapia;Centro Universitário Metodista;RS;156;Privada;100;21.27;201-250;15.61;;;120;6.67;;;301-350;4.36;;;301-350;4.58;;;;;
2024;fisioterapia;Faculdade Anhanguera de Sorocaba;SP;157;Privada;100;21.27;201-250;15.48;;;301-350;4.38;;;251-300;4.97;;;168;6.13;;;;;
2024;fisioterapia;Universidade Paranaense;PR;158;Privada;17;33.62;601-700;3.09;;;601-700;1.18;;;601-700;0.18;;;501-600;1.73;;;;;
2024;fisioterapia;Universidade de Taubaté;SP;159;Municipal;100;21.27;201-250;15.39;;;151;6.32;;;201-250;5.38;;;351-400;3.69;;;;;
2024;fisioterapia;Centro Universitário Católica do Leste de Minas Gerais;MG;159;Privada;100;21.27;201-250;15.39;;;66;7.27;;;401-500;2.43;;;201-250;5.69;;;;;
2024;fisioterapia;Faculdade Santa Terezinha;MA;161;Privada;;;50;36.53;;;251-300;4.92;;;1;8;;;351-400;3.61;35;20;;;
2024;fisioterapia;Faculdade Terra Nordeste;CE;162;Privada;100;21.27;201-250;15.24;;;351-400;3.69;;;1;8;;;351-400;3.55;;;;;
2024;fisioterapia;Centro Universitário Ateneu;CE;162;Privada;100;21.27;201-250;15.24;;;194;5.84;;;501-600;1.97;;;52;7.43;;;;;
2024;fisioterapia;Centro Universitário Doutor Leão Sampaio;CE;164;Privada;100;21.27;201-250;15.21;;;41;7.55;;;301-350;4.15;;;401-500;3.51;;;;;
2024;fisioterapia;Centro Universitário Metodista Izabela Hendrix;MG;165;Privada;100;21.27;201-250;15.11;;;76;7.16;;;501-600;1.91;;;176;6.04;;;;;
2024;fisioterapia;Universidade Feevale;RS;166;Privada;100;21.27;201-250;15.08;;;125;6.61;;;401-500;3.11;;;201-250;5.36;;;;;
2024;fisioterapia;Centro Universitário Goyazes;GO;167;Privada;100;21.27;201-250;14.7;;;301-350;4.42;;;1;8;;;501-600;2.28;;;;;
2024;fisioterapia;Centro Universitário Metrocamp Wyden;SP;168;Privada;100;21.27;201-250;14.67;;;251-300;5.09;;;501-600;2.08;;;46;7.5;;;;;
2024;fisioterapia;Centro Universitário Newton Paiva;MG;169;Privada;100;21.27;201-250;14.63;;;91;6.99;;;401-500;2.33;;;201-250;5.31;;;;;
2024;fisioterapia;Universidade de Santa Cruz do Sul;RS;170;Privada;100;21.27;201-250;14.47;;;131;6.54;;;501-600;1.72;;;161;6.21;;;;;
2024;fisioterapia;Universidade Regional de Blumenau;SC;171;Municipal;100;21.27;251-300;14.29;;;145;6.39;;;501-600;2.14;;;201-250;5.76;;;;;
2024;fisioterapia;Centro Universitário Lusíada;SP;172;Privada;100;21.27;251-300;14.23;;;170;6.11;;;301-350;4.14;;;351-400;3.98;;;;;
2024;fisioterapia;Universidade Luterana do Brasil;RS;173;Privada;100;21.27;251-300;14.18;;;201-250;5.36;;;201-250;5.35;;;401-500;3.47;;;;;
2024;fisioterapia;Universidade do Vale do Paraíba;SP;174;Privada;100;21.27;251-300;13.96;;;67;7.26;;;601-700;0.33;;;146;6.37;;;;;
2024;fisioterapia;Universidade de Sorocaba;SP;175;Privada;100;21.27;251-300;13.8;;;99;6.9;;;601-700;0.27;;;123;6.63;;;;;
2024;fisioterapia;Universidade Anhembi Morumbi;SP;176;Privada;100;21.27;251-300;13.78;;;193;5.85;;;501-600;2.32;;;201-250;5.61;;;;;
2024;fisioterapia;Centro Universitário da Serra Gaúcha;RS;177;Privada;100;21.27;251-300;13.64;;;102;6.87;;;351-400;3.98;;;401-500;2.79;;;;;
2024;fisioterapia;Centro Universitário de Caratinga;MG;178;Privada;100;21.27;251-300;13.61;;;301-350;4.58;;;201-250;5.43;;;351-400;3.6;;;;;
2024;fisioterapia;Centro Universitário Maurício de Nassau;PE;179;Privada;100;21.27;251-300;13.6;;;201-250;5.7;;;351-400;3.59;;;301-350;4.31;;;;;
2024;fisioterapia;Centro Universitário Santo Agostinho;PI;180;Privada;100;21.27;251-300;13.54;;;189;5.89;;;351-400;3.48;;;301-350;4.17;;;;;
2024;fisioterapia;UGV Centro Universitário;PR;181;Privada;100;21.27;251-300;13.46;;;124;6.62;;;201-250;5.71;;;601-700;1.13;;;;;
2024;fisioterapia;Escola Superior de Ciências da Santa Casa de Misericórdia de Vitória;ES;182;Privada;;;52;34.65;;;127;6.59;;;301-350;4.18;;;351-400;3.88;35;20;;;
2024;fisioterapia;Centro Universitário Unidade de Ensino Superior Dom Bosco;MA;183;Privada;;;53;34.39;;;401-500;2.43;;;184;5.92;;;176;6.04;35;20;;;
2024;fisioterapia;Universidade Veiga de Almeida;RJ;184;Privada;100;21.27;301-350;13.07;;;201-250;5.63;;;501-600;1.67;;;200;5.77;;;;;
2024;fisioterapia;Centro Universitário Santa Rita;MG;185;Privada;100;21.27;301-350;12.86;;;501-600;2.04;;;201-250;5.64;;;251-300;5.18;;;;;
2024;fisioterapia;Universidade Ceuma;MA;185;Privada;100;21.27;301-350;12.86;;;301-350;4.47;;;351-400;3.91;;;301-350;4.48;;;;;
2024;fisioterapia;Universidade Cruzeiro do Sul;SP;187;Privada;100;21.27;301-350;12.85;;;201-250;5.66;;;351-400;3.61;;;351-400;3.58;;;;;
2024;fisioterapia;Centro Universitário de Brusque;SC;188;Privada;100;21.27;301-350;12.63;;;401-500;2.95;;;301-350;4.26;;;201-250;5.42;;;;;
2024;fisioterapia;Universidade de Itaúna;MG;189;Privada;100;21.27;301-350;12.6;;;155;6.28;;;501-600;1.44;;;251-300;4.88;;;;;
2024;fisioterapia;Centro Universitário Estácio do Ceará;CE;189;Privada;100;21.27;301-350;12.6;;;251-300;4.9;;;501-600;1.46;;;158;6.24;;;;;
2024;fisioterapia;Faculdade Anhanguera de Guarulhos;SP;191;Privada;100;21.27;301-350;12.53;;;601-700;0.45;;;251-300;4.89;;;73;7.19;;;;;
2024;fisioterapia;Centro Universitário Cidade Verde;PR;192;Privada;;;55;33.77;;;601-700;0.73;;;1;8;;;251-300;5.04;35;20;;;
2024;fisioterapia;Faculdade de Ciências Sociais e Agrárias de Itapeva;SP;193;Privada;100;21.27;351-400;12.38;;;301-350;4.63;;;194;5.81;;;501-600;1.94;;;;;
2024;fisioterapia;Universidade Católica de Petrópolis;RJ;194;Privada;100;21.27;351-400;12.16;;;119;6.68;;;501-600;1.81;;;351-400;3.67;;;;;
2024;fisioterapia;Centro Universitário Nossa Senhora do Patrocínio;SP;195;Privada;100;21.27;351-400;12.09;;;152;6.31;;;601-700;0.51;;;201-250;5.27;;;;;
2024;fisioterapia;Faculdades Integradas Einstein de Limeira;SP;196;Privada;100;21.27;351-400;11.77;;;201-250;5.69;;;351-400;3.72;;;501-600;2.36;;;;;
2024;fisioterapia;Centro Universitário São Camilo - Espírito Santo;ES;197;Privada;100;21.27;351-400;11.75;;;251-300;4.91;;;301-350;4.03;;;401-500;2.81;;;;;
2024;fisioterapia;Faculdade de Americana;SP;198;Privada;100;21.27;351-400;11.62;;;83;7.08;;;501-600;1.26;;;401-500;3.28;;;;;
2024;fisioterapia;Centro Universitário Ritter dos Reis;RS;199;Privada;;;57;32.77;;;114;6.73;;;401-500;2.66;;;401-500;3.38;35;20;;;
2024;fisioterapia;Universidade Metodista de São Paulo;SP;200;Privada;100;21.27;401-500;11.37;;;153;6.3;;;501-600;2.1;;;401-500;2.97;;;;;
2024;fisioterapia;Centro Universitário FBV Wyden;PE;201;Privada;100;21.27;401-500;10.3;;;501-600;1.69;;;601-700;1.01;;;37;7.6;;;;;
2024;fisioterapia;Centro Universitário de Adamantina;SP;201;Municipal;100;21.27;401-500;10.11;;;301-350;4.63;;;401-500;2.92;;;401-500;2.56;;;;;
2024;fisioterapia;Centro Universitário de Pato Branco;PR;201;Privada;100;21.27;501-600;8.51;;;201-250;5.39;;;501-600;1.66;;;501-600;1.46;;;;;
2024;fisioterapia;Centro Universitário de Rio Preto;SP;201;Privada;100;21.27;601-700;5.91;;;401-500;3.49;;;601-700;0.83;;;501-600;1.59;;;;;
2024;fisioterapia;Centro Universitário Sociesc;SC;201;Privada;100;21.27;401-500;10.07;;;401-500;2.95;;;401-500;2.97;;;301-350;4.15;;;;;
2024;fisioterapia;Centro Universitário Maurício de Nassau de Campina Grande;PB;201;Privada;100;21.27;401-500;10.98;;;401-500;3.42;;;401-500;3.17;;;301-350;4.39;;;;;
2024;fisioterapia;Faculdade Anhanguera de Uberlândia;MG;201;Privada;100;21.27;401-500;10.56;;;501-600;2.04;;;301-350;4.3;;;301-350;4.22;;;;;
2024;fisioterapia;Centro Universitário para o Desenvolvimento do Alto Vale do Itajaí;SC;201;Privada;100;21.27;501-600;9.18;;;401-500;2.95;;;501-600;2.24;;;351-400;3.99;;;;;
2024;fisioterapia;Faculdade Adventista da Bahia;BA;201;Privada;100;21.27;501-600;7.99;;;169;6.12;;;601-700;0.57;;;501-600;1.3;;;;;
2024;fisioterapia;Centro Universitário do Triângulo;MG;201;Privada;100;21.27;501-600;9.45;;;251-300;4.86;;;401-500;3.06;;;501-600;1.53;;;;;
2024;fisioterapia;Centro Universitário Fundação de Ensino Octávio Bastos;SP;201;Privada;100;21.27;601-700;6.08;;;301-350;4.57;;;601-700;0.78;;;601-700;0.73;;;;;
2024;fisioterapia;Centro Universitário do Norte de São Paulo;SP;201;Privada;100;21.27;601-700;6.06;;;601-700;0.45;;;351-400;3.68;;;501-600;1.93;;;;;
2024;fisioterapia;Centro Universitário da Fundação Educacional Guaxupé;MG;201;Privada;100;21.27;401-500;9.61;;;199;5.78;;;601-700;1.1;;;401-500;2.73;;;;;
2024;fisioterapia;Universidade Vale do Rio Doce;MG;201;Privada;100;21.27;501-600;7.41;;;171;6.1;;;601-700;0.74;;;601-700;0.57;;;;;
2024;fisioterapia;Faculdade Independente do Nordeste;BA;201;Privada;100;21.27;401-500;9.91;;;201-250;5.58;;;401-500;2.58;;;501-600;1.75;;;;;
2024;fisioterapia;Centro Universitário Cnec de Bento Gonçalves;RS;201;Privada;100;21.27;501-600;8;;;149;6.34;;;601-700;0.48;;;601-700;1.18;;;;;
2024;fisioterapia;Centro Universitário Ceuni;AM;201;Privada;100;21.27;601-700;6.99;;;501-600;1.41;;;351-400;4.01;;;501-600;1.57;;;;;
2024;fisioterapia;Universidade Castelo Branco;RJ;201;Privada;100;21.27;501-600;9.4;;;201-250;5.54;;;601-700;0.41;;;401-500;3.45;;;;;
2024;fisioterapia;Universidade de Rio Verde;GO;201;Municipal;100;21.27;501-600;7.34;;;601-700;0.48;;;201-250;5.17;;;501-600;1.69;;;;;
2024;fisioterapia;Centro Universitário Campos de Andrade;PR;201;Privada;100;21.27;401-500;10.55;;;601-700;0.73;;;197;5.77;;;351-400;4.05;;;;;
2024;fisioterapia;Centro Universitário Presidente Antônio Carlos;MG;201;Privada;100;21.27;401-500;9.66;;;123;6.63;;;401-500;2.55;;;601-700;0.48;;;;;
2024;fisioterapia;Centro Universitário Avantis;SC;201;Privada;100;21.27;401-500;9.59;;;401-500;2.95;;;201-250;5.36;;;501-600;1.28;;;;;
2024;fisioterapia;Faculdade de Tecnologia Tupy de São Bento do Sul;SC;201;Privada;;;58;32.25;;;401-500;2.95;;;351-400;3.63;;;201-250;5.67;35;20;;;
2024;fisioterapia;Centro Universitário Social da Bahia;BA;201;Privada;100;21.27;401-500;10.68;;;251-300;4.68;;;501-600;1.68;;;301-350;4.32;;;;;
2024;fisioterapia;Centro Universitário Estácio do Recife;PE;201;Privada;100;21.27;501-600;7.46;;;301-350;4.56;;;601-700;0.8;;;501-600;2.1;;;;;
2024;fisioterapia;Faculdade Multivix Serra;ES;201;Privada;100;21.27;601-700;5.68;;;401-500;3.16;;;501-600;1.8;;;601-700;0.72;;;;;
2024;fisioterapia;Centro Universitário dos Guararapes;PE;201;Privada;100;21.27;401-500;9.95;;;401-500;3.34;;;351-400;3.74;;;401-500;2.87;;;;;
2024;fisioterapia;Centro Universitário Estácio de São Luís;MA;201;Privada;;;67;28.74;;;401-500;2.43;;;501-600;1.32;;;251-300;4.99;35;20;;;
2024;fisioterapia;Centro Universitário Piaget;SP;201;Privada;100;21.27;401-500;10.46;;;301-350;4.48;;;251-300;5.08;;;601-700;0.9;;;;;
2024;fisioterapia;Centro Universitário Facex;RN;201;Privada;100;21.27;601-700;6.63;;;301-350;4.34;;;601-700;0.25;;;501-600;2.04;;;;;
2024;fisioterapia;Faculdades Integradas dos Campos Gerais;PR;201;Privada;100;21.27;501-600;7.44;;;301-350;4.54;;;501-600;1.3;;;501-600;1.6;;;;;
2024;fisioterapia;Centro Universitário da Região da Campanha;RS;201;Privada;100;21.27;601-700;5.98;;;301-350;4.59;;;601-700;1;;;601-700;0.39;;;;;
2024;fisioterapia;Centro Universitário - Uniesp;PB;201;Privada;100;21.27;501-600;7.88;;;401-500;3.03;;;351-400;3.6;;;601-700;1.25;;;;;
2024;fisioterapia;Centro Universitário Estácio de Sergipe;SE;201;Privada;100;21.27;501-600;7.57;;;401-500;3.51;;;601-700;0.47;;;351-400;3.59;;;;;
2024;fisioterapia;Faculdade de Apucarana;PR;201;Privada;100;21.27;501-600;7.5;;;301-350;4.44;;;401-500;2.5;;;601-700;0.56;;;;;
2024;fisioterapia;Faculdade Anhanguera de Tangará da Serra;MT;201;Privada;100;21.27;401-500;11.07;;;501-600;1.35;;;301-350;4.27;;;201-250;5.45;;;;;
2024;fisioterapia;Centro Regional Universitário de Espírito Santo do Pinhal;SP;201;Privada;100;21.27;601-700;6.4;;;401-500;3.04;;;601-700;0.67;;;401-500;2.69;;;;;
2024;fisioterapia;Centro Universitário Padre Anchieta;SP;201;Privada;100;21.27;501-600;9.16;;;251-300;4.8;;;601-700;0.35;;;351-400;4.01;;;;;
2024;fisioterapia;Faculdade de Ciências e Saúde Edufor;MA;201;Privada;;;61;30.83;;;401-500;2.43;;;1;8;;;601-700;0.4;35;20;;;
2024;fisioterapia;Faculdade Estácio São Paulo de Rondônia;RO;201;Privada;100;21.27;401-500;10.23;;;251-300;5.15;;;401-500;3.46;;;501-600;1.62;;;;;
2024;fisioterapia;Universidade do Vale do Sapucaí;MG;201;Privada;100;21.27;401-500;11.28;;;135;6.5;;;501-600;1.48;;;401-500;3.3;;;;;
2024;fisioterapia;Centro Universitário de Talentos Humanos;MG;201;Privada;;;63;30.29;;;251-300;4.67;;;501-600;1.43;;;301-350;4.19;35;20;;;
2024;fisioterapia;Centro Universitário Famec;BA;201;Privada;100;21.27;501-600;8.05;;;501-600;2.12;;;401-500;3.03;;;401-500;2.9;;;;;
2024;fisioterapia;Centro Universitário Univel;PR;201;Privada;100;21.27;601-700;6.52;;;601-700;0.73;;;501-600;2.27;;;351-400;3.52;;;;;
2024;fisioterapia;Centro Universitário das Américas;SP;201;Privada;100;21.27;501-600;7.56;;;301-350;4.47;;;601-700;0.21;;;401-500;2.88;;;;;
2024;fisioterapia;Universidade do Extremo Sul Catarinense;SC;201;Privada;100;21.27;401-500;10.11;;;251-300;4.77;;;501-600;2.19;;;401-500;3.15;;;;;
2024;fisioterapia;Centro Universitário Anhanguera de São Paulo;SP;201;Privada;100;21.27;401-500;10.09;;;601-700;0.45;;;401-500;2.82;;;106;6.82;;;;;
2024;fisioterapia;"Escola Superior de Cruzeiro ""prefeito Hamilton Vieira Mendes""";SP;201;Municipal;100;21.27;601-700;6.28;;;301-350;4.5;;;;;;;501-600;1.78;;;;;
2024;fisioterapia;Faculdade Estácio de Belém;PA;201;Privada;100;21.27;501-600;7.52;;;351-400;3.9;;;601-700;0.94;;;401-500;2.68;;;;;
2024;fisioterapia;Centro Universitário de Ensino, Ciência e Tecnologia do Paraná;PR;201;Privada;;;66;29.44;;;601-700;0.73;;;251-300;5.06;;;351-400;3.65;35;20;;;
2024;fisioterapia;Centro Universitário LS;DF;251;Privada;;;136;17.35;;;301-350;4.17;;;1;8;;;251-300;5.18;;;;;
2024;fisioterapia;Centro Universitário Unime;BA;251;Privada;;;106;18.5;;;162;6.2;;;201-250;5.5;;;108;6.8;;;;;
2024;fisioterapia;Centro Universitário da Amazônia - UNIESAMAZ;PA;251;Privada;;;147;17.11;;;351-400;3.9;;;1;8;;;201-250;5.21;;;;;
2024;fisioterapia;Centro Universitário São José;RJ;251;Privada;;;92;19.75;;;351-400;4.01;;;1;8;;;24;7.74;;;;;
2024;fisioterapia;Christus Faculdade do Piauí;PI;251;Privada;;;109;18.42;;;197;5.8;;;1;8;;;301-350;4.62;;;;;
2024;fisioterapia;Faculdade de Ensino e Cultura do Ceará;CE;251;Privada;;;144;17.19;;;251-300;4.85;;;1;8;;;301-350;4.34;;;;;
2024;fisioterapia;Centro Universitário Unicarioca;RJ;251;Privada;;;152;16.96;;;501-600;1.51;;;1;8;;;50;7.45;;;;;
2024;fisioterapia;Centro Universitário Sudoeste Paulista;SP;251;Privada;;;118;18.09;;;57;7.37;;;251-300;4.94;;;199;5.78;;;;;
2024;fisioterapia;Centro Universitário Projeção;DF;251;Privada;;;88;19.98;;;301-350;4.17;;;1;8;;;18;7.81;;;;;
2024;fisioterapia;Centro Universitário de Viçosa;MG;251;Privada;;;111;18.37;;;49;7.46;;;301-350;4.53;;;145;6.38;;;;;
2024;fisioterapia;Faculdade Uninta Fortaleza;CE;251;Privada;;;113;18.29;;;351-400;3.69;;;1;8;;;126;6.6;;;;;
2024;fisioterapia;Universidade Estadual de Goiás;GO;251;Estadual;;;93;19.64;;;69;7.24;;;1;8;;;301-350;4.4;;;;;
2024;fisioterapia;Faculdade Sogipa de Educação Física;RS;251;Privada;100;21.27;601-700;4.89;;;401-500;2.67;;;601-700;1.03;;;601-700;1.19;;;;;
2024;fisioterapia;Faculdade Anhanguera de Belo Horizonte;MG;251;Privada;;;149;17.09;;;165;6.16;;;301-350;4.32;;;125;6.61;;;;;
2024;fisioterapia;Faculdade de Ciências e Educação Sena Aires;GO;251;Privada;;;85;20.27;;;251-300;5.18;;;1;8;;;82;7.09;;;;;
2024;fisioterapia;Faculdade de Enfermagem Nova Esperança;PB;251;Privada;;;117;18.17;;;401-500;3.03;;;1;8;;;78;7.14;;;;;
2024;fisioterapia;Faculdade de Tecnologia e Ciências de Itabuna;BA;251;Privada;;;119;18.07;;;401-500;2.5;;;1;8;;;39;7.57;;;;;
2024;fisioterapia;Faculdade Anhanguera de Ciências Sociais Aplicadas de Sinop;MT;251;Privada;;;121;17.89;;;97;6.92;;;188;5.88;;;251-300;5.09;;;;;
2024;fisioterapia;Centro Universitário Mais;GO;251;Privada;;;140;17.3;;;501-600;2.3;;;1;8;;;90;7;;;;;
2024;fisioterapia;Centro Universitário Facisa;PB;251;Privada;;;154;16.87;;;164;6.17;;;178;5.99;;;251-300;4.71;;;;;
2024;fisioterapia;Faculdade Anhanguera de São José;SP;251;Privada;;;101;18.93;;;127;6.59;;;201-250;5.27;;;84;7.07;;;;;
2024;fisioterapia;Universidade Estadual do Centro Oeste;PR;251;Estadual;;;80;21.38;;;86;7.05;;;1;8;;;150;6.33;;;;;
2024;fisioterapia;Faculdade de Ciências Médicas e da Saúde de Juiz de Fora;MG;251;Privada;;;129;17.67;;;45;7.51;;;401-500;2.88;;;65;7.28;;;;;
2024;fisioterapia;Faculdade Anhanguera do Rio Grande;RS;251;Privada;;;138;17.32;;;401-500;2.67;;;1;8;;;121;6.65;;;;;
2024;fisioterapia;Universidade Federal do Amapá;AP;251;Federal;;;78;21.58;;;46;7.5;;;1;8;;;172;6.08;;;;;
2024;fisioterapia;Faculdade Uninta Itapipoca;CE;251;Privada;;;124;17.86;;;351-400;3.69;;;1;8;;;164;6.17;;;;;
2024;fisioterapia;Faculdade Unirb - Aracaju;SE;251;Privada;;;137;17.35;;;401-500;3.31;;;1;8;;;176;6.04;;;;;
2024;fisioterapia;Centro Universitário da Vitória de Santo Antão;PE;251;Privada;;;79;21.47;;;133;6.52;;;1;8;;;95;6.95;;;;;
2024;fisioterapia;Faculdades Integradas do Extremo Sul da Bahia;BA;251;Privada;;;112;18.35;;;401-500;3.17;;;1;8;;;74;7.18;;;;;
2024;fisioterapia;Faculdade Anhanguera de Macapá;AP;251;Privada;;;107;18.46;;;251-300;4.87;;;1;8;;;201-250;5.59;;;;;
2024;fisioterapia;Universidade La Salle;RS;251;Privada;;;73;22.73;;;106;6.82;;;1;8;;;9;7.91;;;;;
2024;fisioterapia;Faculdade Anhanguera de Campinas;SP;251;Privada;;;132;17.45;;;117;6.7;;;301-350;4.17;;;128;6.58;;;;;
2024;fisioterapia;Faculdade Integrada Carajás;PA;251;Privada;;;135;17.36;;;351-400;3.9;;;1;8;;;201-250;5.46;;;;;
2024;fisioterapia;Centro Universitário Anhanguera de Fortaleza;CE;251;Privada;;;151;16.99;;;178;6.02;;;301-350;4.41;;;129;6.56;;;;;
2024;fisioterapia;Centro Universitário Zarns;BA;251;Privada;;;104;18.77;;;201-250;5.71;;;1;8;;;251-300;5.06;;;;;
2024;fisioterapia;Faculdade Anhanguera de Taguatinga;DF;251;Privada;;;134;17.37;;;301-350;4.17;;;189;5.86;;;60;7.34;;;;;
2024;fisioterapia;Instituto Municipal de Ensino Superior de Catanduva;SP;251;Municipal;100;21.27;601-700;3.83;;;501-600;2.08;;;601-700;0.11;;;501-600;1.64;;;;;
2024;fisioterapia;Universidade Estadual do Norte do Paraná;PR;251;Estadual;;;84;20.72;;;110;6.78;;;1;8;;;185;5.94;;;;;
2024;fisioterapia;Universidade Comunitária da Região de Chapecó;SC;251;Privada;;;133;17.44;;;79;7.13;;;1;8;;;501-600;2.31;;;;;
2024;fisioterapia;Centro Universitário Funvic;SP;251;Privada;;;160;16.59;;;201-250;5.66;;;201-250;5.67;;;201-250;5.26;;;;;
2024;fisioterapia;Centro Universitário Anhanguera Pitágoras Unopar de Campo Grande;MS;251;Privada;;;115;18.25;;;157;6.25;;;201-250;5.28;;;115;6.72;;;;;
2024;fisioterapia;Centro Universitário Facvest;SC;251;Privada;;;90;19.92;;;183;5.96;;;1;8;;;183;5.96;;;;;
2024;fisioterapia;Faculdade Unirb - Mossoró;RN;251;Privada;;;116;18.2;;;301-350;4.34;;;1;8;;;192;5.86;;;;;
2024;fisioterapia;Escola Superior Una de Itumbiara;GO;251;Privada;;;141;17.27;;;501-600;2.3;;;1;8;;;93;6.97;;;;;
2024;fisioterapia;Faculdade Unirb - Arapiraca;AL;251;Privada;;;161;16.53;;;401-500;2.8;;;1;8;;;201-250;5.73;;;;;
2024;fisioterapia;Universidade Nilton Lins;AM;251;Privada;100;21.27;601-700;4.57;;;501-600;2.06;;;501-600;1.93;;;601-700;0.58;;;;;
2024;fisioterapia;Faculdades Integradas de Bauru;SP;251;Privada;;;95;19.3;;;167;6.14;;;1;8;;;251-300;5.16;;;;;
2024;fisioterapia;Universidade Federal do Delta do Parnaíba;PI;251;Federal;;;71;23.45;;;4;7.97;;;1;8;;;47;7.48;;;;;
2024;fisioterapia;Faculdade Marechal Rondon-SP;SP;251;Privada;;;105;18.52;;;251-300;5.04;;;201-250;5.64;;;15;7.84;;;;;
2024;fisioterapia;Centro Universitário Fasipe;MT;251;Privada;100;21.27;601-700;5.27;;;501-600;1.35;;;501-600;1.89;;;501-600;2.03;;;;;
2024;fisioterapia;Faculdade Anhanguera de Santa Bárbara;SP;301;Privada;;;189;16.04;;;201-250;5.38;;;401-500;3.4;;;67;7.26;;;;;
2024;fisioterapia;Centro Universitário União das Américas Descomplica;PR;301;Privada;;;201-250;15.47;;;201-250;5.23;;;194;5.81;;;301-350;4.43;;;;;
2024;fisioterapia;Centro Universitário Alfredo Nasser;GO;301;Privada;;;201-250;14.8;;;201-250;5.26;;;1;8;;;501-600;1.54;;;;;
2024;fisioterapia;Centro Universitário Natalense;RN;301;Privada;;;201-250;15.15;;;251-300;5.03;;;1;8;;;501-600;2.12;;;;;
2024;fisioterapia;Faculdade Anhanguera de Bauru;SP;301;Privada;;;176;16.19;;;201-250;5.61;;;401-500;3.16;;;53;7.42;;;;;
2024;fisioterapia;Faculdade Anhanguera Unime de Salvador;BA;301;Privada;;;171;16.31;;;175;6.05;;;201-250;5.4;;;251-300;4.86;;;;;
2024;fisioterapia;Universidade Ibirapuera;SP;301;Privada;;;180;16.13;;;251-300;4.84;;;301-350;4.07;;;71;7.22;;;;;
2024;fisioterapia;Faculdade de Tecnologia e Ciências de Jequié;BA;301;Privada;;;190;15.96;;;601-700;1.05;;;1;8;;;98;6.91;;;;;
2024;fisioterapia;Centro Universitário de Formiga;MG;301;Privada;;;201-250;15.26;;;118;6.69;;;351-400;3.82;;;251-300;4.75;;;;;
2024;fisioterapia;Faculdade Unirb - Barreiras;BA;301;Privada;;;201-250;14.77;;;601-700;1.05;;;1;8;;;201-250;5.72;;;;;
2024;fisioterapia;Centro Universitário do Norte de Minas;MG;301;Privada;;;162;16.52;;;401-500;3.37;;;1;8;;;251-300;5.15;;;;;
2024;fisioterapia;Faculdade de Ensino Superior da Cidade de Feira de Santana;BA;301;Privada;;;191;15.91;;;601-700;1.05;;;1;8;;;103;6.86;;;;;
2024;fisioterapia;Centro Universitário Unirb;BA;301;Privada;;;201-250;15.24;;;601-700;1.15;;;1;8;;;171;6.09;;;;;
2024;fisioterapia;Faculdade União Araruama de Ensino S/s Ltda.;RJ;301;Privada;;;188;16.05;;;501-600;1.51;;;1;8;;;131;6.54;;;;;
2024;fisioterapia;Faculdade Unirb - Parnaíba;PI;301;Privada;;;201-250;15.39;;;601-700;1.14;;;1;8;;;157;6.25;;;;;
2024;fisioterapia;Centro Universitário Ruy Barbosa Wyden;BA;301;Privada;;;201-250;15.47;;;65;7.28;;;401-500;2.39;;;197;5.8;;;;;
2024;fisioterapia;Universidade Anhanguera de São Paulo;SP;301;Privada;;;201-250;15.69;;;351-400;3.91;;;201-250;5.25;;;132;6.53;;;;;
2024;fisioterapia;Centro Universitário de Lavras;MG;301;Privada;;;173;16.25;;;56;7.38;;;401-500;3.33;;;201-250;5.54;;;;;
2024;fisioterapia;Faculdade Dinâmica do Vale do Piranga;MG;301;Privada;;;201-250;15;;;96;6.94;;;401-500;3.28;;;251-300;4.78;;;;;
2024;fisioterapia;Centro Universitário Católica de Quixadá;CE;301;Privada;;;201-250;15.28;;;301-350;4.52;;;201-250;5.53;;;201-250;5.23;;;;;
2024;fisioterapia;Faculdade Anhanguera de São José-SC;SC;301;Privada;;;196;15.8;;;301-350;4.21;;;301-350;4.58;;;89;7.01;;;;;
2024;fisioterapia;Faculdade Brasileira de Tecnologia-BA;BA;301;Privada;;;201-250;15.02;;;601-700;1.05;;;1;8;;;182;5.97;;;;;
2024;fisioterapia;Centro Universitário Estácio de Ribeirão Preto;SP;301;Privada;;;201-250;15.62;;;100;6.89;;;501-600;1.57;;;76;7.16;;;;;
2024;fisioterapia;Universidade Metropolitana de Santos;SP;301;Privada;;;201-250;15.12;;;601-700;0.45;;;1;8;;;120;6.67;;;;;
2024;fisioterapia;Faculdade Uninta Tianguá;CE;301;Privada;;;201-250;15.18;;;351-400;3.69;;;1;8;;;401-500;3.49;;;;;
2024;fisioterapia;Faculdade Anhanguera Jaraguá do Sul;SC;301;Privada;;;201-250;15.11;;;401-500;2.95;;;251-300;4.8;;;58;7.36;;;;;
2024;fisioterapia;Faculdade Anhanguera de Pelotas;RS;301;Privada;;;201-250;14.96;;;401-500;3.35;;;201-250;5.31;;;153;6.3;;;;;
2024;fisioterapia;Centro Universitário Unirb - Alagoinhas;BA;301;Privada;;;201-250;15.03;;;501-600;1.7;;;1;8;;;201-250;5.33;;;;;
2024;fisioterapia;Centro Universitário Luterano de Palmas;TO;301;Privada;;;201-250;15.13;;;201-250;5.27;;;201-250;5.49;;;301-350;4.37;;;;;
2024;fisioterapia;Centro Universitário Fibra;PA;301;Privada;;;163;16.5;;;351-400;3.9;;;1;8;;;301-350;4.6;;;;;
2024;fisioterapia;Faculdade 05 de Julho;CE;301;Privada;;;186;16.07;;;351-400;3.69;;;1;8;;;301-350;4.38;;;;;
2024;fisioterapia;Centro Universitário Celso Lisboa;RJ;301;Privada;;;168;16.38;;;401-500;2.48;;;1;8;;;188;5.9;;;;;
2024;fisioterapia;Centro Universitário Vale do Salgado;CE;301;Privada;;;170;16.35;;;74;7.18;;;201-250;5.23;;;351-400;3.94;;;;;
2024;fisioterapia;Centro Universitário Facid Wyden;PI;301;Privada;;;184;16.08;;;196;5.82;;;401-500;3.01;;;68;7.25;;;;;
2024;fisioterapia;Faculdade de Tecnologia e Ciências;BA;301;Privada;;;198;15.76;;;601-700;1.05;;;1;8;;;116;6.71;;;;;
2024;fisioterapia;Faculdade Israelita de Ciências da Saúde Albert Einstein;SP;301;Privada;;;164;16.45;;;601-700;0.45;;;1;8;;;1;8;;;;;
2024;fisioterapia;Faculdade Anhanguera de Itabuna;BA;301;Privada;;;175;16.2;;;201-250;5.3;;;251-300;5.11;;;198;5.79;;;;;
2024;fisioterapia;Faculdade Cathedral;RR;301;Privada;;;194;15.83;;;501-600;1.38;;;1;8;;;139;6.45;;;;;
2024;fisioterapia;Universidade Federal de Jataí;GO;301;Federal;;;201-250;15.45;;;601-700;0.48;;;1;8;;;93;6.97;;;;;
2024;fisioterapia;Centro Universitário de Goiatuba;GO;301;Municipal;;;201-250;15.16;;;401-500;3.24;;;1;8;;;351-400;3.92;;;;;
2024;fisioterapia;Centro Universitário Ideau;RS;301;Privada;;;201-250;15.2;;;401-500;2.67;;;1;8;;;301-350;4.53;;;;;
2024;fisioterapia;Faculdades Integradas de Ciências Humanas, Saúde e Educação de Guarulhos;SP;301;Privada;;;201-250;15.63;;;601-700;0.45;;;1;8;;;74;7.18;;;;;
2024;fisioterapia;Centro Universitário Unigran Capital;MS;301;Privada;;;201-250;14.96;;;401-500;3.23;;;201-250;5.46;;;155;6.27;;;;;
2024;fisioterapia;Centro Universitário Imepac;MG;301;Privada;;;184;16.08;;;501-600;2.04;;;1;8;;;176;6.04;;;;;
2024;fisioterapia;Faculdade Anhanguera de Taubaté;SP;301;Privada;;;201-250;15.57;;;137;6.48;;;401-500;3.14;;;184;5.95;;;;;
2024;fisioterapia;Faculdade Anhanguera de Porto Alegre;RS;301;Privada;;;201-250;15.28;;;401-500;2.67;;;201-250;5.41;;;72;7.2;;;;;
2024;fisioterapia;Centro Universitário Central Paulista;SP;301;Privada;;;201-250;14.74;;;136;6.49;;;401-500;2.38;;;191;5.87;;;;;
2024;fisioterapia;Centro Universitário Antônio Eufrásio de Toledo de Presidente Prudente;SP;301;Privada;;;181;16.11;;;601-700;0.45;;;1;8;;;31;7.66;;;;;
2024;fisioterapia;Centro Universitário Gama e Souza;RJ;301;Privada;;;201-250;14.87;;;501-600;1.43;;;1;8;;;201-250;5.44;;;;;
2024;fisioterapia;Faculdade Unirb - Natal;RN;301;Privada;;;178;16.17;;;301-350;4.34;;;1;8;;;351-400;3.83;;;;;
2024;fisioterapia;Faculdade Brasileira do Recôncavo;BA;351;Privada;;;251-300;13.55;;;601-700;1.05;;;1;8;;;301-350;4.5;;;;;
2024;fisioterapia;Faculdade Mogiana do Estado de São Paulo;SP;351;Privada;;;301-350;13.13;;;601-700;0.45;;;1;8;;;251-300;4.68;;;;;
2024;fisioterapia;Universidade Estadual de Ciências da Saúde de Alagoas;AL;351;Estadual;;;251-300;13.97;;;30;7.68;;;301-350;4.21;;;501-600;2.08;;;;;
2024;fisioterapia;Centro Universitário Brasileiro;PE;351;Privada;;;201-250;14.63;;;36;7.61;;;501-600;1.4;;;201-250;5.62;;;;;
2024;fisioterapia;Faculdade Unisul de Itajaí;SC;351;Privada;;;301-350;13.09;;;401-500;2.95;;;351-400;3.86;;;154;6.28;;;;;
2024;fisioterapia;Instituto Itapetiningano de Ensino Superior;SP;351;Privada;;;251-300;14.01;;;251-300;4.98;;;1;8;;;601-700;1.03;;;;;
2024;fisioterapia;Faculdade de Ensino Superior do Interior Paulista;SP;351;Privada;;;301-350;13.29;;;601-700;0.45;;;1;8;;;251-300;4.84;;;;;
2024;fisioterapia;Universidade da Região de Joinville;SC;351;Privada;;;251-300;14.37;;;401-500;2.95;;;351-400;3.97;;;50;7.45;;;;;
2024;fisioterapia;Faculdade Galileu;SP;351;Privada;;;201-250;14.49;;;601-700;0.45;;;1;8;;;176;6.04;;;;;
2024;fisioterapia;Escola Superior Una de Conselheiro Lafaiete;MG;351;Privada;;;251-300;14.32;;;501-600;2.04;;;1;8;;;301-350;4.28;;;;;
2024;fisioterapia;Centro Universitário Fanor Wyden;CE;351;Privada;;;251-300;13.99;;;158;6.24;;;601-700;1.16;;;127;6.59;;;;;
2024;fisioterapia;Centro Universitário Aparício Carvalho;RO;351;Privada;;;251-300;14.02;;;251-300;4.76;;;1;8;;;601-700;1.26;;;;;
2024;fisioterapia;Faculdade Unirb - Feira de Santana;BA;351;Privada;;;251-300;13.98;;;601-700;1.05;;;1;8;;;251-300;4.93;;;;;
2024;fisioterapia;Centro Universitário Uniftc;BA;351;Privada;;;251-300;13.85;;;601-700;1.05;;;1;8;;;251-300;4.8;;;;;
2024;fisioterapia;Facudade Ieducare;CE;351;Privada;;;251-300;13.8;;;351-400;3.69;;;1;8;;;501-600;2.11;;;;;
2024;fisioterapia;Centro Universitário Unidom - Bosco;PR;351;Privada;;;301-350;13.07;;;251-300;4.82;;;201-250;5.48;;;401-500;2.77;;;;;
2024;fisioterapia;Centro Universitário do Rio São Francisco;BA;351;Privada;;;301-350;12.94;;;601-700;1.05;;;1;8;;;351-400;3.89;;;;;
2024;fisioterapia;Faculdade de Gestão e Negócios de Salvador;BA;351;Privada;;;251-300;14.13;;;601-700;1.05;;;1;8;;;251-300;5.08;;;;;
2024;fisioterapia;Faculdade Castro Alves;BA;351;Privada;;;251-300;13.33;;;601-700;1.05;;;1;8;;;301-350;4.28;;;;;
2024;fisioterapia;Faculdade Sete Lagoas;MG;351;Privada;;;251-300;13.77;;;14;7.85;;;601-700;1.02;;;251-300;4.9;;;;;
2024;fisioterapia;Centro Universitário Itop;TO;351;Privada;;;301-350;13.17;;;351-400;3.96;;;1;8;;;601-700;1.21;;;;;
2024;fisioterapia;Faculdade Multivix Cariacica;ES;351;Privada;;;301-350;13.32;;;401-500;3.16;;;201-250;5.71;;;301-350;4.45;;;;;
2024;fisioterapia;Faculdade Multivix Vila Velha;ES;351;Privada;;;251-300;14.25;;;401-500;3.16;;;1;8;;;401-500;3.09;;;;;
2024;fisioterapia;Faculdade Estácio de Santo André;SP;351;Privada;;;201-250;14.49;;;601-700;0.45;;;1;8;;;176;6.04;;;;;
2024;fisioterapia;Escola de Ensino Superior do Agreste Paraibano;PB;351;Privada;;;251-300;14.3;;;401-500;3.03;;;1;8;;;401-500;3.27;;;;;
2024;fisioterapia;Centro Universitário Mauá de Brasília;DF;351;Privada;;;251-300;13.63;;;301-350;4.17;;;1;8;;;501-600;1.46;;;;;
2024;fisioterapia;Faculdade Anhanguera de Linhares;ES;351;Privada;;;251-300;13.41;;;401-500;3.16;;;301-350;4.5;;;201-250;5.75;;;;;
2024;fisioterapia;Faculdade Católica do Rio Grande do Norte;RN;351;Privada;;;251-300;14.14;;;301-350;4.34;;;301-350;4.26;;;201-250;5.54;;;;;
2024;fisioterapia;Centro Universitário Araguaia;GO;351;Privada;;;251-300;13.57;;;501-600;2.3;;;1;8;;;401-500;3.27;;;;;
2024;fisioterapia;Centro Universitário Maurício de Nassau Teresina Sul;PI;351;Privada;;;251-300;13.54;;;201-250;5.51;;;301-350;4.06;;;351-400;3.97;;;;;
2024;fisioterapia;Faculdade de Enfermagem Nova Esperança de Mossoró;RN;351;Privada;;;301-350;12.96;;;301-350;4.34;;;1;8;;;601-700;0.62;;;;;
2024;fisioterapia;Centro Universitário do Distrito Federal;DF;351;Privada;;;251-300;13.45;;;301-350;4.17;;;501-600;2.3;;;92;6.98;;;;;
2024;fisioterapia;Faculdade Unirb-AL;AL;351;Privada;;;251-300;14.01;;;401-500;2.8;;;201-250;5.32;;;189;5.89;;;;;
2024;fisioterapia;Faculdade Ideau de Passo Fundo;RS;351;Privada;;;201-250;14.46;;;401-500;2.67;;;1;8;;;351-400;3.79;;;;;
2024;fisioterapia;Centro Universitário Ages;BA;351;Privada;;;251-300;14.14;;;351-400;4.02;;;251-300;4.82;;;201-250;5.3;;;;;
2024;fisioterapia;Centro Universitário de Votuporanga;SP;351;Privada;;;301-350;13.02;;;251-300;5.06;;;401-500;3.35;;;301-350;4.61;;;;;
2024;fisioterapia;Centro Universitário Uniasselvi de Blumenau ;SC;351;Privada;;;251-300;13.94;;;201-250;5.21;;;351-400;3.76;;;251-300;4.97;;;;;
2024;fisioterapia;Centro Universitário Adventista de São Paulo;SP;351;Privada;;;301-350;13.31;;;251-300;5.19;;;401-500;2.77;;;201-250;5.35;;;;;
2024;fisioterapia;Centro Universitário São Lucas Ji-paraná;RO;351;Privada;;;301-350;13.24;;;201-250;5.4;;;251-300;4.63;;;401-500;3.21;;;;;
2024;fisioterapia;Faculdade Interamericana de Porto Velho;RO;351;Privada;;;301-350;13.3;;;201-250;5.59;;;201-250;5.56;;;501-600;2.15;;;;;
2024;fisioterapia;Centro Universitário de Excelência de Vitória da Conquista;BA;351;Privada;;;251-300;13.92;;;401-500;2.49;;;1;8;;;401-500;3.43;;;;;
2024;fisioterapia;Centro Universitário Unifatecie;PR;351;Privada;;;251-300;14.45;;;601-700;0.73;;;1;8;;;201-250;5.72;;;;;
2024;fisioterapia;Faculdade Una de Jataí;GO;351;Privada;;;251-300;13.51;;;501-600;2.3;;;251-300;4.71;;;135;6.5;;;;;
2024;fisioterapia;Centro Universitário Mario Pontes Jucá;AL;351;Privada;;;251-300;14.44;;;401-500;2.8;;;1;8;;;351-400;3.64;;;;;
2024;fisioterapia;Instituto de Ensino Superior e Formação Avançada de Vitória;ES;351;Privada;;;251-300;13.57;;;80;7.12;;;301-350;4.52;;;501-600;1.93;;;;;
2024;fisioterapia;Faculdade Anhanguera Unidade Guarapari;ES;351;Privada;;;251-300;13.6;;;251-300;4.89;;;251-300;4.61;;;301-350;4.1;;;;;
2024;fisioterapia;Faculdade do Complexo Educacional Santo André;RN;351;Privada;;;251-300;13.8;;;301-350;4.34;;;1;8;;;501-600;1.46;;;;;
2024;fisioterapia;Faculdade Tecsoma;MG;351;Privada;;;201-250;14.73;;;58;7.36;;;201-250;5.48;;;501-600;1.89;;;;;
2024;fisioterapia;Centro Universitário Maurício de Nassau de Fortaleza;CE;351;Privada;;;251-300;14.39;;;201-250;5.76;;;401-500;3.39;;;201-250;5.24;;;;;
2024;fisioterapia;Faculdade de Ensino Superior de Floriano;PI;351;Privada;;;251-300;13.45;;;401-500;3.26;;;1;8;;;501-600;2.19;;;;;
2024;fisioterapia;Faculdade Anhanguera de Ribeirão Preto;SP;401;Privada;;;401-500;10.75;;;601-700;0.45;;;351-400;3.88;;;142;6.42;;;;;
2024;fisioterapia;Centro Universitário do Rio de Janeiro;RJ;401;Privada;;;401-500;10.97;;;501-600;1.51;;;1;8;;;501-600;1.46;;;;;
2024;fisioterapia;Instituto Salvador de Ensino e Cultura;BA;401;Privada;;;401-500;10.49;;;142;6.42;;;401-500;3.27;;;601-700;0.8;;;;;
2024;fisioterapia;Centro Universitário Salesiano;ES;401;Privada;;;301-350;12.91;;;179;6.01;;;191;5.84;;;601-700;1.06;;;;;
2024;fisioterapia;Centro Universitário Favip Wyden;PE;401;Privada;;;401-500;10.8;;;251-300;5.11;;;501-600;1.78;;;351-400;3.91;;;;;
2024;fisioterapia;Faculdade São Luís de França;SE;401;Privada;;;301-350;12.68;;;401-500;3.31;;;401-500;2.64;;;114;6.73;;;;;
2024;fisioterapia;Faculdade Marquês de Olinda;SP;401;Privada;;;351-400;11.72;;;601-700;0.45;;;1;8;;;401-500;3.27;;;;;
2024;fisioterapia;Centro Universitário Sociesc de Blumenau;SC;401;Privada;;;301-350;12.55;;;401-500;2.95;;;251-300;4.84;;;251-300;4.76;;;;;
2024;fisioterapia;Centro Universitário Tabosa de Almeida;PE;401;Privada;;;401-500;11.04;;;90;7;;;501-600;1.71;;;501-600;2.33;;;;;
2024;fisioterapia;Centro Universitário Cathedral;MT;401;Privada;;;301-350;12.62;;;501-600;1.35;;;1;8;;;401-500;3.27;;;;;
2024;fisioterapia;Centro Universitário Autônomo do Brasil;PR;401;Privada;;;301-350;12.75;;;251-300;4.7;;;301-350;4.34;;;351-400;3.71;;;;;
2024;fisioterapia;Centro Universitário Multivix Vitória;ES;401;Privada;;;401-500;11.04;;;401-500;3.16;;;401-500;3.22;;;251-300;4.66;;;;;
2024;fisioterapia;Centro Universitário Maurício de Nassau de Aracaju;SE;401;Privada;;;301-350;12.59;;;401-500;3.31;;;301-350;4.08;;;251-300;5.2;;;;;
2024;fisioterapia;Faculdade Rio Parnaíba;MA;401;Privada;;;401-500;11.13;;;401-500;2.43;;;251-300;4.93;;;351-400;3.77;;;;;
2024;fisioterapia;Faculdade Zacarias de Góes;BA;401;Privada;;;351-400;11.87;;;401-500;3.23;;;1;8;;;601-700;0.64;;;;;
2024;fisioterapia;Faculdades Integradas Iesgo;GO;401;Privada;;;351-400;11.59;;;501-600;2.3;;;1;8;;;501-600;1.29;;;;;
2024;fisioterapia;Faculdade de Ensino de Minas Gerais;MG;401;Privada;;;351-400;11.62;;;181;5.98;;;401-500;3.15;;;401-500;2.49;;;;;
2024;fisioterapia;Centro Universitário Una de Betim;MG;401;Privada;;;301-350;12.57;;;501-600;2.04;;;301-350;4.38;;;166;6.15;;;;;
2024;fisioterapia;Centro Universitário do Vale do Jaguaribe;CE;401;Privada;;;401-500;10.94;;;251-300;4.82;;;181;5.96;;;601-700;0.16;;;;;
2024;fisioterapia;Universidade do Contestado;SC;401;Privada;;;301-350;12.61;;;166;6.15;;;201-250;5.64;;;601-700;0.82;;;;;
2024;fisioterapia;Faculdade Unirb - Piauí;PI;401;Privada;;;351-400;12.29;;;601-700;1.14;;;251-300;4.99;;;165;6.16;;;;;
2024;fisioterapia;Ensino Superior Albert Sabin JK;DF;401;Privada;;;401-500;11.38;;;301-350;4.17;;;251-300;5.06;;;501-600;2.15;;;;;
2024;fisioterapia;Faculdades Integradas de Cassilândia;MS;401;Privada;;;401-500;10.46;;;301-350;4.55;;;301-350;4.44;;;501-600;1.47;;;;;
2024;fisioterapia;Universidade Alto Vale do Rio do Peixe;SC;401;Privada;;;301-350;12.69;;;301-350;4.49;;;401-500;2.6;;;201-250;5.6;;;;;
2024;fisioterapia;Faculdade de Santa Luzia;MG;401;Privada;;;401-500;11.13;;;501-600;2.04;;;301-350;4.26;;;251-300;4.83;;;;;
2024;fisioterapia;Centro Universitário Maurício de Nassau de Cacoal;RO;401;Privada;;;351-400;11.95;;;180;5.99;;;401-500;3.36;;;401-500;2.6;;;;;
2024;fisioterapia;Faculdade de Educação e Tecnologia da Amazônia;PA;401;Privada;;;401-500;10.9;;;351-400;3.9;;;201-250;5.23;;;501-600;1.77;;;;;
2024;fisioterapia;Faculdades Integradas Aparício Carvalho Vilhena;RO;401;Privada;;;351-400;11.66;;;401-500;2.75;;;1;8;;;601-700;0.91;;;;;
2024;fisioterapia;Centro Universitário Planalto do Distrito Federal;DF;401;Privada;;;301-350;12.49;;;301-350;4.18;;;182;5.94;;;501-600;2.37;;;;;
2024;fisioterapia;Faculdades Famep-PI;PI;401;Privada;;;401-500;11.1;;;601-700;1.14;;;1;8;;;501-600;1.96;;;;;
2024;fisioterapia;Faculdade Padrão;GO;401;Privada;;;351-400;12.22;;;501-600;2.3;;;201-250;5.64;;;301-350;4.28;;;;;
2024;fisioterapia;Centro Universitário Paraíso;CE;401;Privada;;;301-350;12.75;;;351-400;3.69;;;401-500;2.84;;;160;6.22;;;;;
2024;fisioterapia;Faculdade Uninassau Mossoró;RN;401;Privada;;;351-400;11.65;;;301-350;4.34;;;401-500;2.74;;;301-350;4.57;;;;;
2024;fisioterapia;Centro Universitário Estácio de Santa Catarina;SC;401;Privada;;;401-500;11.24;;;201-250;5.43;;;601-700;0.96;;;251-300;4.85;;;;;
2024;fisioterapia;Faculdade Dom Alberto;RS;401;Privada;;;401-500;10.88;;;401-500;2.67;;;251-300;5.01;;;401-500;3.2;;;;;
2024;fisioterapia;Centro Universitário do Espírito Santo;ES;401;Privada;;;351-400;11.5;;;78;7.14;;;501-600;1.53;;;401-500;2.83;;;;;
2024;fisioterapia;Faculdade da Saúde e Ecologia Humana;MG;401;Privada;;;351-400;11.77;;;50;7.45;;;501-600;1.47;;;401-500;2.85;;;;;
2024;fisioterapia;Faculdade Unis Pouso Alegre;MG;401;Privada;;;301-350;12.52;;;501-600;2.04;;;1;8;;;401-500;2.48;;;;;
2024;fisioterapia;Instituto Florence de Ensino Superior;MA;401;Privada;;;351-400;12.45;;;401-500;2.43;;;1;8;;;501-600;2.02;;;;;
2024;fisioterapia;Faculdade Anhanguera de Primavera do Leste;MT;401;Privada;;;351-400;12.26;;;401-500;2.52;;;201-250;5.18;;;301-350;4.56;;;;;
2024;fisioterapia;Centro Universitário Tocantinense Presidente Antônio Carlos;TO;401;Privada;;;351-400;11.5;;;351-400;3.96;;;401-500;2.41;;;251-300;5.13;;;;;
2024;fisioterapia;Centro Universitário São Judas Tadeu;SP;401;Privada;;;351-400;12.49;;;601-700;0.45;;;251-300;4.81;;;70;7.23;;;;;
2024;fisioterapia;Faculdade Evangélica de Ceres;GO;401;Privada;;;351-400;12.27;;;251-300;5.08;;;251-300;4.65;;;401-500;2.54;;;;;
2024;fisioterapia;Faculdade Vidal;CE;401;Privada;;;401-500;10.82;;;351-400;3.69;;;201-250;5.58;;;501-600;1.55;;;;;
2024;fisioterapia;Centro Universitário Dom Pedro II;BA;401;Privada;;;351-400;11.73;;;401-500;3.4;;;1;8;;;601-700;0.33;;;;;
2024;fisioterapia;Faculdade Especializada na Área de Saúde do Rio Grande do Sul;RS;401;Privada;;;351-400;12.09;;;401-500;2.67;;;401-500;2.99;;;141;6.43;;;;;
2024;fisioterapia;Faculdade Novo Milênio;ES;401;Privada;;;401-500;10.61;;;401-500;3.16;;;301-350;4.49;;;401-500;2.96;;;;;
2024;fisioterapia;Centro Universitário Integrado de Campo Mourão;PR;401;Privada;;;351-400;12.37;;;601-700;0.73;;;301-350;4.51;;;79;7.13;;;;;
2024;fisioterapia;Centro Universitário Unifafibe;SP;401;Privada;;;301-350;12.7;;;251-300;4.74;;;351-400;3.52;;;301-350;4.44;;;;;
2024;fisioterapia;Faculdade da Escada;PE;401;Privada;;;401-500;10.48;;;501-600;1.69;;;1;8;;;601-700;0.79;;;;;
2024;fisioterapia;Centro Universitário Sant'Anna;SP;401;Privada;;;301-350;12.78;;;501-600;2.16;;;186;5.9;;;251-300;4.72;;;;;
2024;fisioterapia;Faculdade Anhanguera de Teixeira de Freitas;BA;401;Privada;;;351-400;11.69;;;251-300;4.78;;;351-400;3.8;;;401-500;3.11;;;;;
2024;fisioterapia;Centro Universitário Estácio Juiz de Fora;MG;401;Privada;;;351-400;11.72;;;251-300;4.95;;;501-600;1.19;;;201-250;5.58;;;;;
2024;fisioterapia;Centro Universitário do Sul de Minas;MG;401;Privada;;;401-500;10.84;;;53;7.42;;;401-500;2.35;;;601-700;1.07;;;;;
2024;fisioterapia;Faculdade Uninassau Maracanaú;CE;401;Privada;;;351-400;11.78;;;351-400;3.69;;;301-350;4.56;;;351-400;3.53;;;;;
2024;fisioterapia;Centro Universitário Maurício de Nassau de Paranáiba;PI;401;Privada;;;401-500;10.88;;;201-250;5.43;;;401-500;3.05;;;401-500;2.4;;;;;
2024;fisioterapia;Faculdade Unisul de Florianópolis;SC;401;Privada;;;301-350;12.79;;;401-500;2.95;;;251-300;4.71;;;251-300;5.13;;;;;
2024;fisioterapia;Instituto Superior da Convenção Nac. das Assembleias de Deus;DF;401;Privada;;;301-350;12.66;;;301-350;4.17;;;1;8;;;601-700;0.49;;;;;
2024;fisioterapia;Centro Universitário Filadélfia;PR;401;Privada;;;351-400;12.15;;;42;7.54;;;401-500;3.09;;;501-600;1.52;;;;;
2024;fisioterapia;Faculdade Una de Pouso Alegre;MG;401;Privada;;;401-500;11.15;;;501-600;2.04;;;351-400;3.86;;;201-250;5.25;;;;;
2024;fisioterapia;Faculdade de Medicina Estácio de Juazeiro do Norte;CE;401;Privada;;;401-500;10.95;;;198;5.79;;;401-500;2.65;;;401-500;2.51;;;;;
2024;fisioterapia;Faculdade Anhanguera Pitágoras de Jundiaí;SP;401;Privada;;;351-400;12.27;;;601-700;0.45;;;301-350;4.28;;;42;7.54;;;;;
2024;fisioterapia;Faculdade Una de Sete Lagoas;MG;401;Privada;;;351-400;11.71;;;501-600;2.04;;;401-500;2.86;;;107;6.81;;;;;
2024;fisioterapia;Centro Universitário Maurício de Nassau de Maceió;AL;401;Privada;;;351-400;11.87;;;351-400;3.73;;;401-500;3.18;;;251-300;4.96;;;;;
2024;fisioterapia;Faculdade Anhanguera de Joinville;SC;401;Privada;;;401-500;11.18;;;401-500;2.95;;;351-400;4;;;301-350;4.23;;;;;
2024;fisioterapia;Centro Universitário de Barra Mansa;RJ;401;Privada;;;401-500;10.88;;;195;5.83;;;401-500;3.24;;;501-600;1.81;;;;;
2024;fisioterapia;Centro Universitário Anhanguera de Marabá;PA;401;Privada;;;351-400;12.01;;;251-300;5;;;501-600;2.22;;;251-300;4.79;;;;;
2024;fisioterapia;Faculdade Inova Mais de São Paulo;SP;401;Privada;;;351-400;11.72;;;601-700;0.45;;;1;8;;;401-500;3.27;;;;;
2024;fisioterapia;Faculdade de Educação São Francisco;MA;401;Privada;;;401-500;11.29;;;401-500;2.43;;;1;8;;;601-700;0.86;;;;;
2024;fisioterapia;Universidade de Araraquara;SP;401;Privada;;;351-400;12.37;;;199;5.78;;;601-700;0.93;;;201-250;5.66;;;;;
2024;fisioterapia;Faculdade Anhanguera de Governador Valadares;MG;401;Privada;;;301-350;12.61;;;501-600;2.04;;;301-350;4.1;;;137;6.47;;;;;
2024;fisioterapia;Faculdade Anhanguera de Caxias do Sul;RS;401;Privada;;;351-400;11.7;;;401-500;2.67;;;401-500;2.72;;;152;6.31;;;;;
2024;fisioterapia;Faculdade Anhanguera de Maceió;AL;401;Privada;;;301-350;12.69;;;401-500;2.8;;;251-300;4.6;;;201-250;5.29;;;;;
2024;fisioterapia;Faculdade Anhanguera de Brasília;DF;401;Privada;;;301-350;12.52;;;301-350;4.17;;;351-400;3.83;;;301-350;4.52;;;;;
2024;fisioterapia;Faculdade Hélio Rocha;BA;401;Privada;;;351-400;11.53;;;601-700;1.05;;;1;8;;;401-500;2.48;;;;;
2024;fisioterapia;Faculdade Anhanguera de Limeira;SP;401;Privada;;;301-350;12.88;;;601-700;0.45;;;251-300;4.96;;;48;7.47;;;;;
2024;fisioterapia;Faculdade Ideal Wyden;PA;401;Privada;;;401-500;11.08;;;351-400;3.9;;;501-600;1.96;;;201-250;5.22;;;;;
2024;fisioterapia;Centro Universitário Maurício de Nassau de São Luís;MA;401;Privada;;;401-500;10.79;;;401-500;3.31;;;351-400;3.78;;;351-400;3.7;;;;;
2024;fisioterapia;Faculdade Anhanguera de Dourados;MS;401;Privada;;;401-500;11.18;;;401-500;3.23;;;401-500;3.21;;;251-300;4.74;;;;;
2024;fisioterapia;Faculdade Cosmopolita;PA;401;Privada;;;401-500;10.52;;;351-400;3.9;;;251-300;4.86;;;501-600;1.76;;;;;
2024;fisioterapia;Faculdade Anhanguera de Jacareí;SP;401;Privada;;;351-400;12.35;;;601-700;0.45;;;251-300;4.98;;;97;6.92;;;;;
2024;fisioterapia;Faculdade Sociesc de Jaraguá do Sul;SC;401;Privada;;;401-500;10.73;;;251-300;4.96;;;401-500;2.93;;;401-500;2.84;;;;;
2024;fisioterapia;Faculdade Anhanguera de Contagem;MG;401;Privada;;;351-400;11.95;;;501-600;2.04;;;351-400;3.5;;;143;6.41;;;;;
2024;fisioterapia;Faculdade de Colider;MT;401;Privada;;;401-500;10.81;;;501-600;1.35;;;1;8;;;501-600;1.46;;;;;
2024;fisioterapia;Centro Universitário Faema;RO;401;Privada;;;301-350;12.59;;;401-500;2.75;;;1;8;;;501-600;1.84;;;;;
2024;fisioterapia;Faculdade Una de Itabira;MG;401;Privada;;;351-400;11.95;;;501-600;2.04;;;401-500;2.81;;;81;7.1;;;;;
2024;fisioterapia;Faculdade Anhanguera de Ipatinga;MG;401;Privada;;;351-400;12.15;;;501-600;2.04;;;251-300;4.74;;;201-250;5.37;;;;;
2024;fisioterapia;Centro Universitário de Goiânia;GO;401;Privada;;;401-500;10.66;;;28;7.7;;;601-700;0.52;;;401-500;2.44;;;;;
2024;fisioterapia;Centro Universitário Serra dos Órgãos;RJ;401;Privada;;;301-350;12.77;;;173;6.07;;;401-500;3.31;;;401-500;3.39;;;;;
2024;fisioterapia;Faculdade Paranaense-Curitiba;PR;401;Privada;;;301-350;12.65;;;201-250;5.32;;;201-250;5.65;;;501-600;1.68;;;;;
2024;fisioterapia;Faculdade Três Marias;PB;401;Privada;;;301-350;12.49;;;401-500;3.03;;;1;8;;;501-600;1.46;;;;;
2024;fisioterapia;Instituto Universitário Una de Catalão;GO;401;Privada;;;351-400;11.59;;;201-250;5.41;;;301-350;4.13;;;501-600;2.05;;;;;
2024;fisioterapia;Centro Universitário Unifaat;SP;401;Privada;;;401-500;11.34;;;601-700;0.45;;;251-300;4.71;;;163;6.18;;;;;
2024;fisioterapia;Faculdade Anhanguera de Ciências e Tecnologia de Brasília;DF;401;Privada;;;351-400;11.94;;;301-350;4.17;;;351-400;3.81;;;351-400;3.96;;;;;
2024;fisioterapia;Centro Universitário Maria Milza;BA;401;Privada;;;401-500;10.85;;;601-700;1.05;;;1;8;;;501-600;1.8;;;;;
2024;fisioterapia;Centro Universitário Estácio de Ji-paraná;RO;401;Privada;;;401-500;10.62;;;401-500;2.75;;;601-700;0.98;;;100;6.89;;;;;
2024;fisioterapia;Faculdade de Ciências Educacionais de Capim Grosso;BA;401;Privada;;;351-400;11.8;;;601-700;1.05;;;1;8;;;401-500;2.75;;;;;
2024;fisioterapia;Centro Universitário Maurício de Nassau de João Pessoa;PB;401;Privada;;;351-400;12.14;;;401-500;3.47;;;351-400;4.02;;;251-300;4.65;;;;;
2024;fisioterapia;Faculdade Cidade de Patos de Minas;MG;401;Privada;;;401-500;11.05;;;501-600;2.14;;;186;5.9;;;401-500;3.01;;;;;
2024;fisioterapia;Faculdade Morgana Potrich;GO;401;Privada;;;401-500;10.85;;;501-600;2.3;;;1;8;;;601-700;0.55;;;;;
2024;fisioterapia;Instituto Tecnológico e das Ciências Sociais Aplicadas e da Saúde do Centro Educ. N. Srª Auxiliadora;RJ;501;Privada;;;501-600;8.05;;;201-250;5.37;;;501-600;1.69;;;601-700;0.99;;;;;
2024;fisioterapia;Faculdade Uninassau Petrolina;PE;501;Privada;;;401-500;9.87;;;501-600;1.69;;;401-500;3.23;;;251-300;4.95;;;;;
2024;fisioterapia;Centro Universitário FG;BA;501;Privada;;;401-500;10.31;;;251-300;4.65;;;351-400;3.99;;;501-600;1.67;;;;;
2024;fisioterapia;Centro Universitário Campo Real;PR;501;Privada;;;501-600;8.86;;;601-700;0.73;;;401-500;3.44;;;251-300;4.69;;;;;
2024;fisioterapia;Faculdade Uninassau Garanhuns;PE;501;Privada;;;501-600;8.89;;;501-600;1.69;;;401-500;3.08;;;301-350;4.12;;;;;
2024;fisioterapia;Faculdade Fasipe Mato Grosso;MT;501;Privada;;;501-600;8.41;;;501-600;1.35;;;201-250;5.19;;;501-600;1.87;;;;;
2024;fisioterapia;Faculdade Estácio do Rio Grande do Norte;RN;501;Privada;;;401-500;10.16;;;251-300;4.76;;;501-600;1.58;;;351-400;3.82;;;;;
2024;fisioterapia;Faculdade Mato Grosso do Sul;MS;501;Privada;;;501-600;9.18;;;401-500;3.23;;;351-400;3.86;;;501-600;2.09;;;;;
2024;fisioterapia;Centro Universitário Guairacá;PR;501;Privada;;;501-600;8.8;;;351-400;3.99;;;401-500;2.59;;;501-600;2.22;;;;;
2024;fisioterapia;Centro Universitário Castelo Branco;ES;501;Privada;;;501-600;8.91;;;401-500;3.16;;;401-500;3.27;;;401-500;2.48;;;;;
2024;fisioterapia;Faculdade Rodolfo Teófilo;CE;501;Privada;;;501-600;8.93;;;351-400;3.69;;;601-700;0.65;;;301-350;4.59;;;;;
2024;fisioterapia;Faculdade do Recife;PE;501;Privada;;;501-600;7.92;;;201-250;5.6;;;601-700;0.86;;;501-600;1.46;;;;;
2024;fisioterapia;Faculdade Presidente Antônio Carlos de Ubá;MG;501;Privada;;;501-600;8.39;;;104;6.85;;;601-700;0.61;;;601-700;0.93;;;;;
2024;fisioterapia;Faculdade de Ciências Humanas e Exatas do Sertão do São Francisco;PE;501;Privada;;;401-500;9.78;;;501-600;1.69;;;1;8;;;701-800;0.09;;;;;
2024;fisioterapia;Faculdade Anhanguera de São Luiz;MA;501;Privada;;;501-600;9.24;;;401-500;2.43;;;301-350;4.11;;;401-500;2.7;;;;;
2024;fisioterapia;Faculdade Uninassau Parnamirim;RN;501;Privada;;;401-500;9.8;;;301-350;4.34;;;401-500;3.02;;;401-500;2.44;;;;;
2024;fisioterapia;Faculdade Madre Thais;BA;501;Privada;;;401-500;10.44;;;351-400;4.05;;;201-250;5.39;;;601-700;1;;;;;
2024;fisioterapia;Faculdades Integradas de Taquara;RS;501;Privada;;;501-600;8.25;;;401-500;2.67;;;601-700;0.19;;;201-250;5.39;;;;;
2024;fisioterapia;Centro Universitário de Patos;PB;501;Privada;;;501-600;8.62;;;351-400;3.72;;;401-500;2.51;;;501-600;2.39;;;;;
2024;fisioterapia;Centro Universitário São Miguel;PE;501;Privada;;;401-500;9.52;;;501-600;1.69;;;201-250;5.42;;;401-500;2.41;;;;;
2024;fisioterapia;Instituto Municipal de Ensino Superior de Assis;SP;501;Municipal;;;501-600;8.9;;;601-700;0.45;;;401-500;2.63;;;195;5.82;;;;;
2024;fisioterapia;Faculdade Anhanguera de Sumaré;SP;501;Privada;;;401-500;9.52;;;601-700;0.45;;;501-600;1.92;;;77;7.15;;;;;
2024;fisioterapia;Instituto de Ensino Superior do Sul do Maranhão;MA;501;Privada;;;501-600;9.43;;;147;6.36;;;401-500;2.73;;;601-700;0.34;;;;;
2024;fisioterapia;Faculdade Una de Divinópolis;MG;501;Privada;;;401-500;10.17;;;501-600;2.04;;;301-350;4.06;;;351-400;4.07;;;;;
2024;fisioterapia;Faculdades Famep Unidade Euclides da Cunha;BA;501;Privada;;;501-600;9.13;;;601-700;1.05;;;1;8;;;701-800;0.08;;;;;
2024;fisioterapia;Faculdade de Palmas;TO;501;Privada;;;501-600;8.99;;;351-400;3.96;;;301-350;4.42;;;601-700;0.61;;;;;
2024;fisioterapia;Faculdade São Francisco de Assis;RS;501;Privada;;;501-600;8.9;;;401-500;2.67;;;501-600;1.56;;;251-300;4.67;;;;;
2024;fisioterapia;Faculdade Anhanguera de Poços de Caldas;MG;501;Privada;;;401-500;10.01;;;501-600;2.04;;;401-500;2.48;;;201-250;5.49;;;;;
2024;fisioterapia;Favenorte de Porteirinha;MG;501;Privada;;;501-600;8.08;;;501-600;2.04;;;251-300;4.93;;;601-700;1.11;;;;;
2024;fisioterapia;Centro Universitário Cesuca;RS;501;Privada;;;401-500;10.37;;;401-500;2.67;;;601-700;0.68;;;88;7.02;;;;;
2024;fisioterapia;Faculdade de Botucatu;SP;501;Privada;;;501-600;9.16;;;601-700;0.45;;;351-400;3.58;;;251-300;5.13;;;;;
2024;fisioterapia;Faculdade Maurício de Nassau Serra Talhada;PE;501;Privada;;;501-600;8.8;;;501-600;1.69;;;401-500;2.41;;;251-300;4.7;;;;;
2024;fisioterapia;Centro Universitário do Planalto Central Apparecido dos Santos;DF;501;Privada;;;501-600;9.18;;;301-350;4.22;;;401-500;2.89;;;501-600;2.07;;;;;
2024;fisioterapia;Instituto Taubaté de Ensino Superior;SP;501;Privada;;;501-600;8.66;;;108;6.8;;;601-700;0.4;;;501-600;1.46;;;;;
2024;fisioterapia;Universidade Tuiuti do Paraná;PR;501;Privada;;;401-500;10.14;;;301-350;4.43;;;401-500;2.69;;;401-500;3.02;;;;;
2024;fisioterapia;Faculdade Paraense de Ensino;PA;501;Privada;;;401-500;9.82;;;351-400;3.9;;;301-350;4.26;;;501-600;1.66;;;;;
2024;fisioterapia;Universidade de Vassouras;RJ;501;Privada;;;401-500;10.2;;;501-600;1.51;;;401-500;3.19;;;201-250;5.5;;;;;
2024;fisioterapia;Centro Universitário da Amazônia Belém;PA;501;Privada;;;401-500;10.43;;;351-400;3.9;;;401-500;3.43;;;401-500;3.1;;;;;
2024;fisioterapia;Centro Universitário Presidente Tancredo de Almeida Neves;MG;501;Privada;;;501-600;9.11;;;501-600;2.04;;;501-600;2.05;;;251-300;5.02;;;;;
2024;fisioterapia;Centro Universitário de Jaguariúna;SP;501;Privada;;;401-500;10.32;;;35;7.62;;;601-700;0.46;;;501-600;2.24;;;;;
2024;fisioterapia;Centro Universitário Estácio de São Paulo;SP;501;Privada;;;501-600;9.44;;;601-700;0.45;;;501-600;1.36;;;34;7.63;;;;;
2024;fisioterapia;Faculdade Estácio de Sá de Campo Grande;MS;501;Privada;;;401-500;9.62;;;301-350;4.37;;;501-600;1.77;;;401-500;3.48;;;;;
2024;fisioterapia;Faculdade Estácio de Sá de Vitória;ES;501;Privada;;;501-600;8.87;;;201-250;5.51;;;601-700;0.69;;;401-500;2.67;;;;;
2024;fisioterapia;Centro Universitário Opet;PR;501;Privada;;;401-500;9.95;;;601-700;0.73;;;251-300;4.93;;;301-350;4.29;;;;;
2024;fisioterapia;Centro Universitário Funcesi;MG;501;Privada;;;501-600;8.16;;;251-300;4.73;;;601-700;0.85;;;401-500;2.58;;;;;
2024;fisioterapia;Centro Universitário Unibras do Sudoeste Goiano;GO;501;Privada;;;401-500;10.42;;;501-600;2.3;;;1;8;;;701-800;0.12;;;;;
2024;fisioterapia;Faculdade Uninassau Arapiraca;AL;501;Privada;;;401-500;10.44;;;401-500;2.8;;;351-400;3.9;;;351-400;3.74;;;;;
2024;fisioterapia;Faculdade Multivix São Mateus;ES;501;Privada;;;401-500;9.47;;;401-500;3.16;;;351-400;3.65;;;401-500;2.66;;;;;
2024;fisioterapia;Centro Universitário La Salle do Rio de Janeiro;RJ;501;Privada;;;501-600;8.66;;;501-600;1.51;;;601-700;0.39;;;112;6.76;;;;;
2024;fisioterapia;Centro Universitário do Vale do Ribeira;SP;501;Privada;;;401-500;10.18;;;201-250;5.24;;;501-600;1.94;;;401-500;3;;;;;
2024;fisioterapia;Instituição de Ensino Superior de Cacoal;RO;501;Privada;;;501-600;7.88;;;401-500;2.75;;;251-300;4.77;;;601-700;0.36;;;;;
2024;fisioterapia;Faculdade Estácio de Curitiba;PR;501;Privada;;;401-500;9.5;;;601-700;0.73;;;601-700;0.77;;;1;8;;;;;
2024;fisioterapia;Centro Universitário Una de Uberlândia;MG;501;Privada;;;401-500;10.14;;;501-600;2.04;;;351-400;3.97;;;301-350;4.13;;;;;
2024;fisioterapia;Faculdade do Vale do Juruena;MT;501;Privada;;;501-600;8.37;;;163;6.19;;;601-700;0.72;;;501-600;1.46;;;;;
2024;fisioterapia;Centro Universitário de Itapira;SP;501;Privada;;;401-500;9.99;;;401-500;3.44;;;201-250;5.24;;;501-600;1.31;;;;;
2024;fisioterapia;Faculdade Anhanguera de Sorriso;MT;501;Privada;;;501-600;8.5;;;501-600;1.35;;;251-300;4.85;;;501-600;2.3;;;;;
2024;fisioterapia;Centro Universitário Unicuritiba;PR;501;Privada;;;501-600;8.48;;;601-700;0.73;;;401-500;2.67;;;251-300;5.08;;;;;
2024;fisioterapia;Faculdade Cesumar de Ponta Grossa;PR;501;Privada;;;501-600;8.09;;;601-700;0.73;;;501-600;1.88;;;201-250;5.48;;;;;
2024;fisioterapia;Instituto Paraibano de Ensino Renovado;PB;501;Privada;;;501-600;9.18;;;401-500;3.43;;;601-700;0.92;;;251-300;4.83;;;;;
2024;fisioterapia;Centro Universitário Estácio da Amazônia;RR;501;Privada;;;501-600;8.12;;;501-600;1.38;;;501-600;1.22;;;201-250;5.52;;;;;
2024;fisioterapia;Centro Universitário Estácio de Goiás;GO;501;Privada;;;501-600;9.24;;;251-300;4.67;;;501-600;1.25;;;401-500;3.32;;;;;
2024;fisioterapia;Centro Universitário do Vale do Araguaia;MT;501;Privada;;;501-600;8.05;;;251-300;5.1;;;501-600;1.86;;;601-700;1.09;;;;;
2024;fisioterapia;Faculdade Batista Brasileira;BA;501;Privada;;;501-600;9.03;;;601-700;1.05;;;201-250;5.71;;;501-600;2.27;;;;;
2024;fisioterapia;Centro Universitário Uninorte;AC;501;Privada;;;401-500;10.1;;;201-250;5.3;;;501-600;1.84;;;401-500;2.96;;;;;
2024;fisioterapia;Faculdade Sudamérica;MG;501;Privada;;;501-600;8.2;;;401-500;3.46;;;501-600;1.75;;;401-500;2.99;;;;;
2024;fisioterapia;Faculdade de Guarantã do Norte;MT;501;Privada;;;501-600;8.9;;;501-600;1.35;;;251-300;5.02;;;401-500;2.53;;;;;
2024;fisioterapia;Centro Universitário Fadergs;RS;501;Privada;;;501-600;8.84;;;351-400;3.97;;;601-700;0.71;;;301-350;4.16;;;;;
2024;fisioterapia;Faculdade Anhanguera de Rondonópolis;MT;501;Privada;;;501-600;8.97;;;501-600;1.35;;;251-300;5.03;;;401-500;2.59;;;;;
2024;fisioterapia;Centro Universitário de Ciências e Tecnologia do Maranhão;MA;501;Privada;;;401-500;10.3;;;351-400;3.7;;;199;5.75;;;601-700;0.85;;;;;
2024;fisioterapia;Centro Universitário Estácio de Brasília;DF;501;Privada;;;501-600;8.58;;;301-350;4.17;;;601-700;0.56;;;351-400;3.85;;;;;
2024;fisioterapia;Centro Universitário de Desenvolvimento do Centro-Oeste;GO;501;Privada;;;401-500;9.98;;;501-600;2.3;;;301-350;4.31;;;401-500;3.37;;;;;
2024;fisioterapia;Instituto de Ensino Superior da Grande Florianópolis;SC;501;Privada;;;501-600;9.41;;;201-250;5.35;;;601-700;0.6;;;401-500;3.46;;;;;
2024;fisioterapia;Faculdade Unisul de Balneário Camboriú;SC;501;Privada;;;501-600;8.73;;;401-500;2.95;;;501-600;1.76;;;351-400;4.02;;;;;
2024;fisioterapia;Faculdade Anhanguera de Valparaíso;GO;501;Privada;;;501-600;7.88;;;501-600;2.3;;;401-500;2.8;;;401-500;2.78;;;;;
2024;fisioterapia;Centro Universitário Una de Contagem;MG;501;Privada;;;501-600;8.12;;;501-600;2.04;;;401-500;3.34;;;401-500;2.74;;;;;
2024;fisioterapia;Centro Universitário Fip-moc;MG;501;Privada;;;501-600;9.21;;;192;5.86;;;501-600;2.25;;;601-700;1.1;;;;;
2024;fisioterapia;Faculdade Icesp;DF;501;Privada;;;501-600;8.44;;;301-350;4.17;;;401-500;2.71;;;501-600;1.56;;;;;
2024;fisioterapia;Centro Universitário Augusto Motta;RJ;501;Privada;;;401-500;9.5;;;301-350;4.61;;;501-600;2.28;;;401-500;2.61;;;;;
2024;fisioterapia;Centro Universitário Mário Palmério;MG;501;Privada;;;501-600;8.75;;;501-600;2.04;;;401-500;2.76;;;351-400;3.95;;;;;
2024;fisioterapia;Centro Universitário Maurício de Nassau de Teresina;PI;501;Privada;;;501-600;7.97;;;601-700;1.14;;;351-400;3.69;;;401-500;3.14;;;;;
2024;fisioterapia;Faculdade Estácio de Alagoas;AL;501;Privada;;;501-600;8.65;;;301-350;4.4;;;601-700;0.49;;;351-400;3.76;;;;;
2024;fisioterapia;Centro Universitário Unifateb;PR;501;Privada;;;501-600;9.4;;;601-700;0.73;;;1;8;;;601-700;0.67;;;;;
2024;fisioterapia;Conservatório Brasileiro de Música;RJ;501;Privada;;;501-600;8.14;;;501-600;2.11;;;501-600;1.49;;;301-350;4.54;;;;;
2024;fisioterapia;Faculdade Guaraí;TO;501;Privada;;;501-600;8.48;;;351-400;3.96;;;301-350;4.09;;;601-700;0.43;;;;;
2024;fisioterapia;Centro de Ensino Superior de Serra Dourada;SP;501;Privada;;;501-600;8.78;;;601-700;0.45;;;251-300;4.71;;;351-400;3.62;;;;;
2024;fisioterapia;Faculdade Anhanguera de Divinópolis;MG;501;Privada;;;401-500;10.34;;;501-600;2.04;;;501-600;2.07;;;159;6.23;;;;;
2024;fisioterapia;Faculdade Estácio de Castanhal;PA;501;Privada;;;501-600;8.37;;;351-400;3.9;;;601-700;0.97;;;401-500;3.5;;;;;
2024;fisioterapia;Centro Universitário Maurício de Nassau de Barreiras;BA;501;Privada;;;401-500;9.61;;;251-300;4.83;;;401-500;3.3;;;501-600;1.48;;;;;
2024;fisioterapia;Faculdade Santíssima Trindade;PE;501;Privada;;;501-600;8.68;;;501-600;1.69;;;401-500;3.13;;;351-400;3.86;;;;;
2024;fisioterapia;Faculdade Anhanguera do Maranhão;MA;501;Privada;;;501-600;9.06;;;401-500;2.43;;;501-600;1.31;;;201-250;5.32;;;;;
2024;fisioterapia;Faculdade Anhanguera de Cascavel;PR;501;Privada;;;401-500;10.04;;;601-700;0.73;;;501-600;2.23;;;83;7.08;;;;;
2024;fisioterapia;Centro Universitário Academia;MG;501;Privada;;;401-500;9.94;;;501-600;2.04;;;601-700;0.26;;;33;7.64;;;;;
2024;fisioterapia;Centro Universitário Maurício de Nassau de Salvador;BA;501;Privada;;;401-500;10.37;;;351-400;3.74;;;401-500;2.42;;;301-350;4.21;;;;;
2024;fisioterapia;Centro Universitário Uniasselvi de Guaramirim;SC;501;Privada;;;401-500;9.95;;;401-500;2.95;;;501-600;2;;;251-300;5;;;;;
2024;fisioterapia;Centro Universitário do Piauí;PI;501;Privada;;;501-600;8.64;;;401-500;3.32;;;301-350;4.4;;;601-700;0.92;;;;;
2024;fisioterapia;Faculdade Fasipe de Rondonópolis;MT;501;Privada;;;501-600;8.57;;;501-600;1.35;;;301-350;4.26;;;401-500;2.96;;;;;
2024;fisioterapia;Faculdade Multivix Nova Venécia;ES;501;Privada;;;501-600;8.66;;;401-500;3.16;;;251-300;4.75;;;601-700;0.75;;;;;
2024;fisioterapia;Faculdade de Integração do Sertão;PE;501;Privada;;;401-500;10.06;;;201-250;5.74;;;351-400;3.56;;;601-700;0.76;;;;;
2024;fisioterapia;Centro Universitário da Amazônia;PA;501;Privada;;;401-500;9.65;;;351-400;3.9;;;351-400;3.93;;;501-600;1.82;;;;;
2024;fisioterapia;Faculdade do Litoral Sul Paulista;SP;501;Privada;;;501-600;8.89;;;601-700;0.45;;;251-300;5.15;;;401-500;3.29;;;;;
2024;fisioterapia;Centro Universitário de Jales;SP;501;Privada;;;501-600;8.2;;;601-700;1.06;;;185;5.91;;;601-700;1.23;;;;;
2024;fisioterapia;Faculdade Uninassau Vilhena;RO;601;Privada;;;601-700;6.2;;;401-500;2.75;;;501-600;2.31;;;601-700;1.14;;;;;
2024;fisioterapia;Faculdade de Ensino Superior do Piauí;PI;601;Privada;;;601-700;6.59;;;601-700;1.14;;;301-350;4.33;;;601-700;1.12;;;;;
2024;fisioterapia;Universidade Iguaçu;RJ;601;Privada;;;501-600;7.68;;;501-600;2.31;;;251-300;4.66;;;601-700;0.71;;;;;
2024;fisioterapia;Faculdade Estácio de Teresina;PI;601;Privada;;;601-700;5.87;;;601-700;1.14;;;601-700;1.07;;;351-400;3.66;;;;;
2024;fisioterapia;Faculdade Central do Recife Centro;PE;601;Privada;;;601-700;3.15;;;501-600;1.69;;;;;;;501-600;1.46;;;;;
2024;fisioterapia;Centro Universitário de Salvador;BA;601;Privada;;;601-700;4.69;;;601-700;1.05;;;401-500;2.97;;;601-700;0.67;;;;;
2024;fisioterapia;Faculdade Lusófona de São Paulo;SP;601;Privada;;;601-700;7.08;;;301-350;4.35;;;601-700;0.55;;;501-600;2.18;;;;;
2024;fisioterapia;Faculdade Uninassau Vitória da Conquista;BA;601;Privada;;;601-700;6.09;;;601-700;1.05;;;401-500;2.83;;;501-600;2.21;;;;;
2024;fisioterapia;Faculdade do Centro Maranhense;MA;601;Privada;;;601-700;5.42;;;401-500;2.43;;;401-500;2.97;;;701-800;0.02;;;;;
2024;fisioterapia;Faculdade Presidente Antônio Carlos de Teófilo Otoni;MG;601;Privada;;;601-700;3.23;;;501-600;2.04;;;601-700;0.88;;;601-700;0.31;;;;;
2024;fisioterapia;Centro Universitário Ítalo-brasileiro;SP;601;Privada;;;501-600;7.3;;;601-700;0.45;;;401-500;3.1;;;351-400;3.75;;;;;
2024;fisioterapia;Centro Universitário de Excelência Eniac;SP;601;Privada;;;601-700;6.79;;;601-700;0.45;;;401-500;2.47;;;351-400;3.87;;;;;
2024;fisioterapia;Instituto Macapaense de Ensino Superior;AP;601;Privada;;;601-700;2.48;;;501-600;2.1;;;601-700;0.24;;;701-800;0.14;;;;;
2024;fisioterapia;Faculdade de Taquaritinga;SP;601;Privada;;;601-700;5.67;;;601-700;0.45;;;601-700;1.18;;;351-400;4.04;;;;;
2024;fisioterapia;Faculdade de Ensino Superior Dom Bosco;PR;601;Privada;;;601-700;2.3;;;501-600;2.07;;;601-700;0.13;;;701-800;0.1;;;;;
2024;fisioterapia;Instituto de Ensino Superior de Teresina;PI;601;Privada;;;601-700;5.57;;;601-700;1.14;;;351-400;3.55;;;601-700;0.88;;;;;
2024;fisioterapia;Centro Universitário Tiradentes de Pernambuco;PE;601;Privada;;;501-600;7.72;;;251-300;5.2;;;601-700;0.32;;;501-600;2.2;;;;;
2024;fisioterapia;Unama Faculdade da Amazônia de Boa Vista;RR;601;Privada;;;601-700;6.05;;;501-600;1.38;;;351-400;3.51;;;601-700;1.16;;;;;
2024;fisioterapia;Centro Universitário Vale do Cricaré;ES;601;Privada;;;601-700;7.26;;;401-500;3.16;;;401-500;2.36;;;501-600;1.74;;;;;
2024;fisioterapia;Faculdade de Itaituba;PA;601;Privada;;;501-600;7.72;;;351-400;3.9;;;351-400;3.75;;;701-800;0.07;;;;;
2024;fisioterapia;Faculdade do Norte de Mato Grosso;MT;601;Privada;;;601-700;6.02;;;501-600;1.35;;;501-600;1.61;;;401-500;3.06;;;;;
2024;fisioterapia;Centro Universitário do Sudeste Mineiro;MG;601;Privada;;;601-700;4.38;;;501-600;2.04;;;601-700;0.43;;;501-600;1.91;;;;;
2024;fisioterapia;Universidade de Gurupi;TO;601;Municipal;;;601-700;4.66;;;601-700;0.49;;;351-400;3.97;;;601-700;0.2;;;;;
2024;fisioterapia;Centro Universitário das Faculdades Integradas de Ourinhos;SP;601;Privada;;;601-700;4.54;;;601-700;0.45;;;601-700;0.73;;;401-500;3.36;;;;;
2024;fisioterapia;Faculdade Metropolitana da Grande Recife;PE;601;Privada;;;601-700;6.64;;;201-250;5.48;;;601-700;0.22;;;601-700;0.94;;;;;
2024;fisioterapia;Centro Universitário Maurício de Nassau Paulista;PE;601;Privada;;;501-600;7.62;;;501-600;1.69;;;501-600;2.09;;;351-400;3.84;;;;;
2024;fisioterapia;Universidade Brasil;SP;601;Privada;;;601-700;6.02;;;601-700;0.45;;;501-600;2.26;;;401-500;3.31;;;;;
2024;fisioterapia;Instituto Cuiabá de Ensino e Cultura;MT;601;Privada;;;601-700;5.5;;;351-400;4;;;501-600;1.28;;;601-700;0.22;;;;;
2024;fisioterapia;Centro Universitário do Recife;PE;601;Privada;;;601-700;4.05;;;501-600;1.69;;;501-600;1.38;;;601-700;0.98;;;;;
2024;fisioterapia;Faculdade Estácio do Amazonas;AM;601;Privada;;;601-700;3.04;;;501-600;1.41;;;601-700;0.31;;;501-600;1.32;;;;;
2024;fisioterapia;Faculdades Integradas do Ceará;CE;601;Privada;;;601-700;4.12;;;351-400;3.69;;;601-700;0.14;;;601-700;0.29;;;;;
2024;fisioterapia;Faculdade de Quixeramobim;CE;601;Privada;;;601-700;5.27;;;351-400;3.69;;;601-700;0.84;;;601-700;0.74;;;;;
2024;fisioterapia;Centro Universitário Brasília do Estado de Goiás;GO;601;Privada;;;601-700;6.29;;;351-400;3.71;;;401-500;2.34;;;601-700;0.24;;;;;
2024;fisioterapia;Faculdade Mário Quintana;RS;601;Privada;;;601-700;4.27;;;401-500;2.67;;;601-700;1.09;;;601-700;0.51;;;;;
2024;fisioterapia;Faculdade do Vale do Rio Arinos;MT;601;Privada;;;601-700;5.81;;;501-600;1.35;;;501-600;2.11;;;501-600;2.35;;;;;
2024;fisioterapia;Instituto Esperança de Ensino Superior;PA;601;Privada;;;601-700;6.93;;;191;5.87;;;601-700;0.17;;;601-700;0.89;;;;;
2024;fisioterapia;Faculdade Cidade de João Pinheiro;MG;601;Privada;;;601-700;5.89;;;501-600;2.14;;;401-500;2.98;;;601-700;0.77;;;;;
2024;fisioterapia;Faculdade Integrada Cete;PE;601;Privada;;;601-700;2.8;;;501-600;1.69;;;601-700;0.3;;;601-700;0.81;;;;;
2024;fisioterapia;Faculdade Estácio Macapá;AP;601;Privada;;;601-700;4.4;;;501-600;2.16;;;601-700;0.75;;;501-600;1.49;;;;;
2024;fisioterapia;Centro Universitário Campo Limpo Paulista;SP;601;Privada;;;601-700;3.11;;;601-700;0.45;;;501-600;2.06;;;601-700;0.6;;;;;
2024;fisioterapia;Centro Universitário Estácio de Belo Horizonte;MG;601;Privada;;;501-600;7.66;;;401-500;2.44;;;601-700;1.11;;;301-350;4.11;;;;;
2024;fisioterapia;Centro Universitário Cenecista de Osório;RS;601;Privada;;;601-700;6.83;;;301-350;4.45;;;;;;;501-600;2.38;;;;;
2024;fisioterapia;Faculdades Reunidas da Asce;RJ;601;Privada;;;601-700;5.03;;;501-600;2.32;;;501-600;1.63;;;601-700;1.08;;;;;
2024;fisioterapia;Centro Universitário Maurício de Nassau de Caruaru;PE;601;Privada;;;601-700;6.84;;;401-500;2.45;;;501-600;1.74;;;401-500;2.65;;;;;
2024;fisioterapia;Faculdade Martha Falcão Wyden;AM;601;Privada;;;601-700;4.07;;;501-600;1.41;;;601-700;0.34;;;501-600;2.32;;;;;
2024;fisioterapia;Faculdade Estácio do Pantanal;MT;601;Privada;;;601-700;6.77;;;501-600;1.35;;;401-500;2.78;;;401-500;2.64;;;;;
2024;fisioterapia;Faculdade São Francisco do Ceará;CE;601;Privada;;;601-700;6.92;;;351-400;3.69;;;501-600;1.51;;;501-600;1.72;;;;;
2024;fisioterapia;Faculdade Unibras do Mato Grosso;MT;601;Privada;;;601-700;3.67;;;501-600;1.35;;;501-600;1.9;;;601-700;0.42;;;;;
2024;fisioterapia;Faculdade Cnec Santo Ângelo;RS;601;Privada;;;501-600;7.78;;;401-500;2.67;;;601-700;0.08;;;251-300;5.03;;;;;
2024;fisioterapia;Centro Universitário Metropolitano de Maringá;PR;601;Privada;;;601-700;5.94;;;601-700;0.73;;;501-600;2.03;;;401-500;3.18;;;;;
2024;fisioterapia;Faculdade da Alta Paulista;SP;601;Privada;;;601-700;4.67;;;601-700;1.17;;;501-600;1.5;;;501-600;2;;;;;
2024;fisioterapia;Faculdade Ibiapaba;CE;601;Privada;;;601-700;4.14;;;351-400;3.69;;;601-700;0.1;;;601-700;0.35;;;;;
2024;fisioterapia;Faculdade Estácio de Feira de Santana;BA;601;Privada;;;601-700;6.38;;;401-500;3.38;;;601-700;1.15;;;501-600;1.85;;;;;
2024;fisioterapia;Centro Universitário Unifacear;PR;601;Privada;;;501-600;7.73;;;401-500;3.36;;;501-600;1.21;;;401-500;3.16;;;;;
2024;fisioterapia;Centro Universitário de Santa Fé do Sul;SP;601;Municipal;;;601-700;6.19;;;501-600;1.42;;;351-400;3.57;;;601-700;1.2;;;;;
2024;fisioterapia;Faculdade Irecê;BA;601;Privada;;;601-700;2.87;;;601-700;1.05;;;501-600;1.52;;;601-700;0.3;;;;;
2024;fisioterapia;Abeu - Centro Universitário;RJ;601;Privada;;;501-600;7.34;;;501-600;1.51;;;401-500;2.76;;;401-500;3.07;;;;;
2024;fisioterapia;Faculdade Unibras da Bahia;BA;601;Privada;;;601-700;4.09;;;501-600;2.05;;;501-600;1.34;;;601-700;0.7;;;;;
2024;fisioterapia;Faculdades Integradas de Fernandópolis;SP;601;Privada;;;501-600;7.86;;;251-300;4.73;;;501-600;1.55;;;501-600;1.58;;;;;
2024;fisioterapia;Centro Universitário Estácio Meta de Rio Branco Estácio;AC;601;Privada;;;601-700;5.37;;;401-500;2.52;;;501-600;1.84;;;601-700;1.01;;;;;
2024;fisioterapia;Centro Universitário Uninovo;PE;601;Privada;;;601-700;7.03;;;251-300;5.12;;;701-800;0.05;;;501-600;1.86;;;;;
2024;fisioterapia;Faculdade Dom Luis de Orleans e Bragança;BA;601;Privada;;;601-700;6.93;;;601-700;1.05;;;201-250;5.23;;;601-700;0.65;;;;;
2024;fisioterapia;Faculdade do Sul da Bahia;BA;601;Privada;;;601-700;2.75;;;601-700;1.05;;;501-600;1.33;;;601-700;0.37;;;;;
2024;fisioterapia;Faculdade UMFG;PR;601;Privada;;;601-700;2.74;;;601-700;0.73;;;;;;;501-600;2.01;;;;;
2024;fisioterapia;Centro Universitário Módulo;SP;601;Privada;;;601-700;2.46;;;601-700;0.45;;;601-700;0.55;;;501-600;1.46;;;;;
2024;fisioterapia;Faculdade Santo Agostinho;MG;601;Privada;;;601-700;6.22;;;501-600;2.04;;;601-700;1.14;;;401-500;3.04;;;;;
2024;fisioterapia;Centro Universitário Max Planck;SP;601;Privada;;;601-700;6.84;;;251-300;5.01;;;601-700;0.66;;;601-700;1.17;;;;;
2024;fisioterapia;Centro Universitário de Sete Lagoas;MG;601;Privada;;;601-700;6.61;;;501-600;2.04;;;501-600;1.61;;;401-500;2.96;;;;;
2024;fisioterapia;Faculdade Multivix de Cachoeiro;ES;601;Privada;;;601-700;5.03;;;401-500;3.16;;;501-600;1.43;;;601-700;0.44;;;;;
2024;fisioterapia;Faculdade Fasipe de Sorriso;MT;601;Privada;;;601-700;4;;;501-600;1.35;;;501-600;2.13;;;601-700;0.52;;;;;
2024;fisioterapia;Faculdade Anhanguera de Taboão da Serra;SP;601;Privada;;;601-700;7.28;;;601-700;0.45;;;351-400;3.71;;;401-500;3.12;;;;;
2024;fisioterapia;Faculdade Estácio do Pará;PA;601;Privada;;;601-700;7.15;;;351-400;3.9;;;601-700;0.77;;;401-500;2.48;;;;;
2024;fisioterapia;Centro Universitário Maurício de Nassau de Juazeiro do Norte;CE;601;Privada;;;601-700;5.62;;;351-400;3.69;;;501-600;1.39;;;601-700;0.54;;;;;
2024;fisioterapia;Faculdade Ages de Senhor do Bonfim;BA;601;Privada;;;601-700;5.36;;;601-700;1.05;;;401-500;3.27;;;601-700;1.04;;;;;
2024;fisioterapia;Centro Universitário Estácio da Bahia;BA;601;Privada;;;601-700;5.18;;;401-500;2.97;;;601-700;0.58;;;501-600;1.63;;;;;
2024;fisioterapia;Faculdade Bezerra de Araújo;RJ;601;Privada;;;601-700;2.41;;;501-600;1.51;;;601-700;0.07;;;601-700;0.83;;;;;
2024;fisioterapia;Faculdade Eduvale de Avaré;SP;601;Privada;;;501-600;7.6;;;601-700;0.45;;;601-700;1.05;;;170;6.1;;;;;
2024;fisioterapia;Centro Universitário do Paraná;PR;601;Privada;;;601-700;4.91;;;601-700;0.73;;;601-700;0.99;;;401-500;3.19;;;;;
2024;fisioterapia;Centro Universitário Santa Maria da Glória;PR;601;Privada;;;601-700;5.74;;;601-700;0.73;;;401-500;2.44;;;401-500;2.57;;;;;
2024;fisioterapia;Instituto de Educação Superior Raimundo Sá;PI;601;Privada;;;501-600;7.61;;;401-500;3.46;;;351-400;3.77;;;601-700;0.38;;;;;
2024;fisioterapia;Faculdade Única de Ipatinga;MG;601;Privada;;;601-700;5.33;;;501-600;2.04;;;401-500;2.61;;;601-700;0.68;;;;;
2024;fisioterapia;Faculdade Guilherme Guimbala;SC;601;Privada;;;601-700;5.39;;;351-400;3.75;;;601-700;1.17;;;601-700;0.47;;;;;
2024;fisioterapia;Faculdade Uninassau Lauro de Freitas;BA;601;Privada;;;601-700;5.76;;;601-700;1.05;;;501-600;1.85;;;401-500;2.86;;;;;
2024;fisioterapia;Faculdade Estácio de Sá de Ourinhos;SP;601;Privada;;;601-700;5.54;;;401-500;2.68;;;601-700;0.36;;;401-500;2.5;;;;;
2024;fisioterapia;Faculdade União de Campo Mourão;PR;601;Privada;;;601-700;6.15;;;601-700;0.73;;;201-250;5.3;;;701-800;0.12;;;;;
2024;fisioterapia;Faculdade de Campina Grande;PB;601;Privada;;;601-700;3.74;;;401-500;3.25;;;601-700;0.23;;;601-700;0.26;;;;;
2024;fisioterapia;Faculdade Uberlandense de Núcleos Integrados de Ensino, Serviço Social e Aprendizagem;MG;601;Privada;;;601-700;6.29;;;501-600;2.04;;;501-600;1.98;;;501-600;2.27;;;;;
2024;fisioterapia;Faculdade de Imperatriz Wyden;MA;601;Privada;;;601-700;5.9;;;401-500;2.43;;;601-700;0.42;;;401-500;3.05;;;;;
2024;fisioterapia;Faculdade da Amazônia de Porto Velho;RO;601;Privada;;;501-600;7.66;;;401-500;2.75;;;351-400;3.89;;;601-700;1.02;;;;;
2024;fisioterapia;Instituto de Ensino Superior de Foz do Iguaçu;PR;601;Privada;;;601-700;5.6;;;601-700;0.73;;;301-350;4.59;;;601-700;0.28;;;;;
2024;fisioterapia;Faculdade Unibras do Norte Goiano;GO;601;Privada;;;601-700;6.91;;;501-600;2.3;;;301-350;4.46;;;701-800;0.15;;;;;
2024;fisioterapia;Faculdade Ages de Jacobina;BA;601;Privada;;;501-600;7.61;;;601-700;1.05;;;401-500;2.52;;;351-400;4.04;;;;;
2024;fisioterapia;Faculdade Uninassau Olinda;PE;601;Privada;;;601-700;5.82;;;501-600;1.69;;;501-600;2.18;;;501-600;1.95;;;;;
2024;fisioterapia;Centro Universitário Cambury;GO;601;Privada;;;601-700;2.75;;;501-600;2.3;;;;;;;601-700;0.45;;;;;
2024;fisioterapia;Faculdade Santa Casa;BA;601;Privada;;;601-700;6.07;;;601-700;1.05;;;501-600;1.61;;;401-500;3.41;;;;;
2024;fisioterapia;Faculdade da Cidade de Maceió;AL;601;Privada;;;601-700;5.15;;;251-300;4.94;;;;;;;601-700;0.21;;;;;
2024;fisioterapia;Faculdade Internacional da Paraíba;PB;601;Privada;;;501-600;7.39;;;401-500;3.03;;;401-500;2.46;;;501-600;1.9;;;;;
2024;fisioterapia;Faculdade do Trabalho;MG;601;Privada;;;601-700;3.5;;;501-600;2.04;;;;;;;501-600;1.46;;;;;
2024;fisioterapia;Centro Universitário Unisep;PR;601;Privada;;;601-700;4.58;;;401-500;2.47;;;501-600;1.65;;;601-700;0.46;;;;;
2024;fisioterapia;Faculdade Santo Antonio BA;BA;701;Privada;;;701-800;1.3;;;601-700;1.05;;;601-700;0.06;;;601-700;0.19;;;;;
2024;fisioterapia;Faculdade Educaremt;MT;701;Privada;;;701-800;1.56;;;501-600;1.35;;;701-800;0.03;;;601-700;0.18;;;;;
2024;fisioterapia;Centro Universitário Fieo;SP;701;Privada;;;701-800;0.9;;;601-700;0.45;;;601-700;0.39;;;701-800;0.06;;;;;
2024;fisioterapia;Centro Universitário de Paulínia;SP;701;Privada;;;701-800;1.79;;;601-700;0.45;;;601-700;0.5;;;601-700;0.84;;;;;
2024;fisioterapia;Faculdade dos Palmares;PE;701;Privada;;;701-800;1.72;;;501-600;1.69;;;;;;;701-800;0.03;;;;;
2024;fisioterapia;Escola Superior de Saúde de Arcoverde;PE;701;Municipal;;;701-800;1.94;;;501-600;1.69;;;;;;;601-700;0.25;;;;;
2024;fisioterapia;Faculdade Santa Marcelina;SP;701;Privada;;;701-800;1.44;;;601-700;0.45;;;701-800;0.02;;;601-700;0.97;;;;;
2024;fisioterapia;Instituto de Ensino Superior de Londrina;PR;701;Privada;;;701-800;2.01;;;601-700;0.73;;;501-600;1.23;;;701-800;0.05;;;;;
2024;fisioterapia;Faculdade Unise;PR;701;Privada;;;701-800;1.07;;;601-700;0.73;;;601-700;0.16;;;601-700;0.18;;;;;
2024;fisioterapia;Faculdade Peruíbe;SP;701;Privada;;;701-800;2.29;;;601-700;0.45;;;601-700;0.89;;;601-700;0.95;;;;;
2024;fisioterapia;Centro Universitário Joaquim Nabuco de Recife;PE;701;Privada;;;701-800;1.69;;;501-600;1.69;;;;;;;;;;;;;
2024;fisioterapia;Faculdades Sulamérica Bahia;BA;701;Privada;;;701-800;1.33;;;601-700;1.05;;;701-800;0.01;;;601-700;0.27;;;;;
2024;fisioterapia;Faculdade Santo Antônio de Queimadas;BA;701;Privada;;;701-800;1.22;;;601-700;1.05;;;601-700;0.16;;;701-800;0.01;;;;;
2024;fisioterapia;Faculdade da Região Sisaleira;BA;701;Privada;;;701-800;1.67;;;601-700;1.05;;;601-700;0.09;;;601-700;0.53;;;;;
2025;fisioterapia;Universidade de São Paulo;SP;1;Estadual;1;30;1;68.5;;;7;7.94;;;1;8;;;3;7.98;1;40;1;144;4.58
2025;fisioterapia;Universidade Federal de Minas Gerais;MG;2;Federal;1;30;4;66.14;;;3;7.98;;;1;8;;;6;7.95;3;38.77;2;251-300;3.44
2025;fisioterapia;Universidade Estadual Paulista Júlio de Mesquita Filho;SP;3;Estadual;6;29.4;3;66.59;;;8;7.92;;;1;8;;;11;7.89;4;38.15;3;139;4.63
2025;fisioterapia;Universidade de Brasília;DF;4;Federal;6;29.4;5;65.83;;;37;7.61;;;1;8;;;26;7.73;4;38.15;4;168;4.34
2025;fisioterapia;Universidade Federal do Rio Grande do Sul;RS;5;Federal;6;29.4;6;65.13;;;9;7.91;;;1;8;;;22;7.77;4;38.15;5;251-300;3.3
2025;fisioterapia;Universidade Federal do Paraná;PR;6;Federal;6;29.4;8;64.37;;;27;7.72;;;1;8;;;9;7.91;8;35.69;6;96;5.05
2025;fisioterapia;Universidade Federal de São Carlos;SP;7;Federal;38;25.58;2;67.87;;;12;7.88;;;1;8;;;4;7.97;1;40;7;200;4.02
2025;fisioterapia;Universidade Federal de Santa Catarina;SC;8;Federal;6;29.4;12;63.54;;;60;7.36;;;1;8;;;20;7.79;8;35.69;8;131;4.7
2025;fisioterapia;Universidade Federal do Ceará;CE;9;Federal;6;29.4;14;63.25;;;1;8;;;1;8;;;21;7.78;8;35.69;9;201-250;3.78
2025;fisioterapia;Universidade Federal do Rio de Janeiro;RJ;10;Federal;6;29.4;16;63.04;;;24;7.75;;;1;8;;;32;7.66;8;35.69;10;201-250;3.94
2025;fisioterapia;Universidade Federal de Pernambuco;PE;11;Federal;6;29.4;17;62.95;;;23;7.76;;;1;8;;;34;7.64;8;35.69;11;201-250;3.86
2025;fisioterapia;Universidade Federal de Santa Maria;RS;12;Federal;6;29.4;19;62.67;;;25;7.74;;;1;8;;;29;7.69;8;35.69;12;201-250;3.55
2025;fisioterapia;Universidade Federal de São Paulo;SP;13;Federal;38;25.58;7;64.9;;;26;7.73;;;1;8;;;5;7.96;4;38.15;13;251-300;3.06
2025;fisioterapia;Universidade Estadual de Londrina;PR;14;Estadual;38;25.58;10;64.25;;;13;7.87;;;1;8;;;47;7.5;8;35.69;14;82;5.19
2025;fisioterapia;Universidade Estadual do Oeste do Paraná;PR;15;Estadual;38;25.58;11;64.03;;;83;7.11;;;1;8;;;72;7.23;8;35.69;15;1;6
2025;fisioterapia;Universidade Federal de Alfenas;MG;16;Federal;38;25.58;13;63.26;;;41;7.57;;;1;8;;;23;7.76;8;35.69;16;178;4.24
2025;fisioterapia;Universidade Federal do Triângulo Mineiro;MG;17;Federal;38;25.58;18;62.68;;;35;7.63;;;1;8;;;7;7.94;8;35.69;17;251-300;3.42
2025;fisioterapia;Pontifícia Universidade Católica de Minas Gerais;MG;18;Privada;1;30;25;56.15;;;51;7.46;;;401-500;2.64;;;168;6.18;8;35.69;1;184;4.18
2025;fisioterapia;Instituto Federal de Educação, Ciência e Tecnologia do Rio de Janeiro;RJ;19;Federal;38;25.58;20;60.39;;;44;7.53;;;1;8;;;201-250;5.74;8;35.69;18;251-300;3.43
2025;fisioterapia;Universidade Nove de Julho;SP;20;Privada;6;29.4;24;56.31;;;401-500;2.74;;;251-300;5.04;;;43;7.54;8;35.69;2;71;5.3
2025;fisioterapia;Pontifícia Universidade Católica do Rio Grande do Sul;RS;21;Privada;38;25.58;21;59.5;;;81;7.13;;;201-250;5.44;;;39;7.59;8;35.69;3;201-250;3.65
2025;fisioterapia;Universidade Presbiteriana Mackenzie;SP;22;Privada;38;25.58;22;59.27;;;15;7.85;;;351-400;3.99;;;51;7.45;8;35.69;4;173;4.29
2025;fisioterapia;Centro Universitário Fmabc;SP;23;Privada;38;25.58;23;57.79;;;140;6.49;;;184;5.98;;;130;6.59;8;35.69;5;251-300;3.04
2025;fisioterapia;Universidade Federal de Uberlândia;MG;24;Federal;6;29.4;28;52.13;;;56;7.4;;;1;8;;;27;7.72;27;24;19;100;5.01
2025;fisioterapia;Universidade Federal de Juiz de Fora;MG;25;Federal;6;29.4;29;52.02;;;21;7.78;;;1;8;;;44;7.53;27;24;20;130;4.71
2025;fisioterapia;Universidade Federal do Pará;PA;26;Federal;6;29.4;30;51.97;;;45;7.52;;;1;8;;;63;7.32;27;24;21;88;5.13
2025;fisioterapia;Universidade Federal da Bahia;BA;27;Federal;1;30;32;50.88;;;6;7.95;;;1;8;;;110;6.81;27;24;22;190;4.12
2025;fisioterapia;Universidade Federal de Sergipe;SE;28;Federal;6;29.4;33;50;;;19;7.8;;;178;6.05;;;42;7.55;27;24;23;142;4.6
2025;fisioterapia;Universidade Federal da Paraíba;PB;29;Federal;38;25.58;27;53.56;;;11;7.89;;;1;8;;;31;7.67;27;24;24;1;6
2025;fisioterapia;Pontifícia Universidade Católica do Paraná;PR;30;Privada;6;29.4;36;48.26;;;69;7.26;;;201-250;5.65;;;86;7.07;27;24;6;174;4.28
2025;fisioterapia;Centro Universitário das Faculdades Associadas de Ensino;SP;31;Municipal;38;25.58;31;51.01;;;131;6.59;;;1;8;;;146;6.42;27;24;25;1;6
2025;fisioterapia;Universidade Federal do Amazonas;AM;32;Federal;38;25.58;35;49.08;;;77;7.17;;;1;8;;;201-250;5.47;27;24;26;158;4.44
2025;fisioterapia;Centro Universitário São Camilo;SP;33;Privada;6;29.4;44;44.58;;;55;7.41;;;201-250;5.74;;;201-250;5.34;27;24;7;351-400;2.09
2025;fisioterapia;Universidade Cesumar;PR;34;Privada;38;25.58;37;48.25;;;58;7.38;;;301-350;4.41;;;57;7.39;27;24;8;94;5.07
2025;fisioterapia;Fundação Universidade do Estado de Santa Catarina;SC;35;Estadual;38;25.58;38;47.78;;;18;7.82;;;251-300;4.88;;;75;7.19;27;24;27;201-250;3.89
2025;fisioterapia;Escola Bahiana de Medicina e Saúde Pública;BA;36;Privada;6;29.4;48;43.89;;;101;6.91;;;1;8;;;351-400;3.66;27;24;9;401-500;1.32
2025;fisioterapia;Centro Universitário Fametro;CE;37;Privada;38;25.58;39;46.81;;;94;6.99;;;187;5.95;;;251-300;5.06;27;24;10;120;4.81
2025;fisioterapia;Centro Universitário Sagrado Coração;SP;38;Privada;38;25.58;40;46.05;;;173;6.13;;;301-350;4.63;;;64;7.31;27;24;11;201-250;3.98
2025;fisioterapia;Universidade Estadual da Paraíba;PB;39;Estadual;38;25.58;42;44.99;;;102;6.9;;;1;8;;;501-600;2.35;27;24;28;201-250;3.74
2025;fisioterapia;Universidade de Ribeirão Preto;SP;40;Privada;38;25.58;43;44.85;;;169;6.17;;;201-250;5.25;;;96;6.96;27;24;12;351-400;2.47
2025;fisioterapia;Centro Universitário Campos de Andrade;PR;41;Privada;38;25.58;47;44.02;;;351-400;3.81;;;201-250;5.77;;;301-350;4.44;27;24;13;1;6
2025;fisioterapia;Pontifícia Universidade Católica de Campinas;SP;42;Privada;38;25.58;49;42.63;;;119;6.72;;;601-700;0.74;;;137;6.52;27;24;14;136;4.65
2025;fisioterapia;Universidade Cidade de São Paulo;SP;43;Privada;38;25.58;50;42.07;;;201-250;5.57;;;301-350;4.26;;;118;6.72;27;24;15;401-500;1.52
2025;fisioterapia;Universidade de Franca;SP;44;Privada;38;25.58;52;41.65;;;301-350;4.32;;;201-250;5.47;;;117;6.73;27;24;16;401-500;1.13
2025;fisioterapia;Universidade Paulista;SP;45;Privada;1;30;61;36.73;;;251-300;5.24;;;401-500;3.03;;;401-500;3.39;27;24;17;401-500;1.07
2025;fisioterapia;Fundação Universidade Federal de Ciências da Saúde de Porto Alegre;RS;46;Federal;201-250;2.03;9;64.34;;;4;7.97;;;1;8;;;8;7.92;8;35.69;29;125;4.76
2025;fisioterapia;Universidade Tuiuti do Paraná;PR;47;Privada;38;25.58;53;40.39;;;123;6.67;;;401-500;3.27;;;501-600;2.52;27;24;18;201-250;3.93
2025;fisioterapia;Escola Superior de Ciências da Santa Casa de Misericórdia de Vitória;ES;48;Privada;38;25.58;54;40.24;;;95;6.98;;;301-350;4.36;;;401-500;2.94;27;24;19;401-500;1.96
2025;fisioterapia;Universidade Tiradentes;SE;49;Privada;38;25.58;55;40.08;;;201-250;5.32;;;501-600;1.89;;;201-250;5.41;27;24;20;251-300;3.46
2025;fisioterapia;Universidade Federal do Rio Grande do Norte;RN;50;Federal;201-250;2.03;15;63.13;;;10;7.9;;;1;8;;;50;7.47;8;35.69;30;195;4.07
2025;fisioterapia;Universidade Católica de Pernambuco;PE;50;Privada;38;25.58;57;39.58;;;128;6.62;;;601-700;0.31;;;166;6.2;27;24;21;351-400;2.45
2025;fisioterapia;Universidade de Cruz Alta;RS;52;Privada;38;25.58;58;38.59;;;148;6.4;;;601-700;1.1;;;251-300;5.25;27;24;22;401-500;1.84
2025;fisioterapia;Universidade da Amazônia;PA;53;Privada;38;25.58;62;36.5;;;201-250;5.74;;;401-500;2.62;;;401-500;2.91;27;24;23;401-500;1.23
2025;fisioterapia;Centro Universitário do Planalto de Araxá;MG;54;Privada;38;25.58;65;34.11;;;301-350;4.41;;;501-600;1.4;;;501-600;1.68;27;24;24;301-350;2.62
2025;fisioterapia;Pontifícia Universidade Católica de São Paulo;SP;55;Privada;6;29.4;70;26.78;;;116;6.75;;;1;8;;;19;7.8;;;25;179;4.23
2025;fisioterapia;Centro Universitário de Ensino, Ciência e Tecnologia do Paraná;PR;56;Privada;;;26;55.67;;;351-400;4.09;;;251-300;4.95;;;251-300;4.94;8;35.69;26;1;6
2025;fisioterapia;Centro Universitário Christus;CE;57;Privada;38;25.58;66;28.08;;;2;7.99;;;1;8;;;176;6.09;;;27;1;6
2025;fisioterapia;Universidade Federal do Espírito Santo;ES;58;Federal;38;25.58;67;27.76;;;5;7.96;;;1;8;;;18;7.81;;;31;201-250;3.99
2025;fisioterapia;Universidade Federal do Delta do Parnaíba;PI;59;Federal;38;25.58;68;27.52;;;67;7.28;;;1;8;;;55;7.41;;;32;118;4.83
2025;fisioterapia;Universidade Federal dos Vales do Jequitinhonha e Mucuri;MG;60;Federal;38;25.58;69;27.16;;;80;7.14;;;1;8;;;14;7.86;;;33;186;4.16
2025;fisioterapia;Universidade do Oeste Paulista;SP;61;Privada;38;25.58;74;26.55;;;30;7.68;;;201-250;5.59;;;67;7.28;;;28;1;6
2025;fisioterapia;Centro Universitário São José;RJ;62;Privada;38;25.58;75;26.34;;;301-350;4.63;;;1;8;;;28;7.71;;;29;1;6
2025;fisioterapia;Universidade Estadual do Centro Oeste;PR;63;Estadual;38;25.58;77;25.75;;;65;7.3;;;1;8;;;109;6.82;;;34;201-250;3.63
2025;fisioterapia;Universidade do Estado da Bahia;BA;64;Estadual;38;25.58;79;25.74;;;33;7.65;;;1;8;;;81;7.13;;;35;301-350;2.96
2025;fisioterapia;Centro Universitário Facvest;SC;65;Privada;38;25.58;80;25.53;;;122;6.68;;;1;8;;;190;5.94;;;30;110;4.91
2025;fisioterapia;Universidade Professor Edson Antônio Velano;MG;66;Privada;6;29.4;131;21.65;;;153;6.35;;;301-350;4.38;;;178;6.07;;;31;116;4.85
2025;fisioterapia;Universidade de Pernambuco;PE;67;Estadual;38;25.58;81;25.01;;;43;7.54;;;1;8;;;24;7.75;;;36;401-500;1.72
2025;fisioterapia;Universidade Federal de Mato Grosso do Sul;MS;68;Federal;38;25.58;83;24.82;;;74;7.21;;;201-250;5.78;;;17;7.83;;;37;201-250;4
2025;fisioterapia;Universidade Estadual do Sudoeste da Bahia;BA;69;Estadual;38;25.58;85;24.62;;;40;7.58;;;1;8;;;201-250;5.76;;;38;251-300;3.28
2025;fisioterapia;Universidade do Vale do Rio dos Sinos;RS;70;Privada;38;25.58;90;24.16;;;53;7.43;;;201-250;5.43;;;35;7.63;;;32;201-250;3.67
2025;fisioterapia;Faculdades Integradas de Três Lagoas;MS;71;Privada;38;25.58;91;24.14;;;401-500;3;;;1;8;;;80;7.14;;;33;1;6
2025;fisioterapia;Centro Universitário Dinâmica das Cataratas;PR;72;Privada;38;25.58;93;24.09;;;201-250;5.37;;;1;8;;;179;6.06;;;34;135;4.66
2025;fisioterapia;Fundação Universidade Federal do Pampa;RS;73;Federal;;;34;49.65;;;197;5.87;;;1;8;;;37;7.61;27;24;39;185;4.17
2025;fisioterapia;Centro Universitário Barão de Mauá;SP;74;Privada;38;25.58;95;23.91;;;62;7.34;;;201-250;5.37;;;143;6.45;;;35;126;4.75
2025;fisioterapia;Centro Universitário de Viçosa;MG;75;Privada;38;25.58;96;23.65;;;68;7.27;;;201-250;5.4;;;133;6.56;;;36;160;4.42
2025;fisioterapia;Universidade Federal de Goiás;GO;76;Federal;38;25.58;99;23.12;;;70;7.25;;;1;8;;;13;7.87;;;40;;
2025;fisioterapia;Universidade do Vale do Taquari;RS;76;Privada;38;25.58;100;23.12;;;41;7.57;;;185;5.97;;;70;7.25;;;37;351-400;2.33
2025;fisioterapia;Universidade de Marília;SP;78;Privada;38;25.58;101;23.11;;;351-400;4.13;;;1;8;;;158;6.29;;;38;132;4.69
2025;fisioterapia;Universidade do Estado de Minas Gerais;MG;79;Estadual;38;25.58;103;22.94;;;37;7.61;;;1;8;;;401-500;3.37;;;41;201-250;3.96
2025;fisioterapia;Centro Universitário Santa Maria;PB;80;Privada;38;25.58;104;22.93;;;158;6.29;;;1;8;;;251-300;4.98;;;39;201-250;3.66
2025;fisioterapia;Universidade Estadual de Goiás;GO;81;Estadual;38;25.58;107;22.7;;;54;7.42;;;1;8;;;301-350;4.62;;;42;301-350;2.66
2025;fisioterapia;Centro Universitário Católico Salesiano Auxilium;SP;82;Privada;6;29.4;193;18.71;;;124;6.66;;;301-350;4.16;;;401-500;2.72;;;40;84;5.17
2025;fisioterapia;Universidade do Grande Rio Professor José de Souza Herdy;RJ;83;Privada;38;25.58;108;22.47;;;125;6.65;;;1;8;;;251-300;4.99;;;41;301-350;2.83
2025;fisioterapia;Centro Universitário Santa Rita;MG;84;Privada;38;25.58;109;22.41;;;401-500;3.02;;;1;8;;;201-250;5.39;;;42;1;6
2025;fisioterapia;Centro Universitário Aparício Carvalho;RO;85;Privada;38;25.58;113;22.33;;;175;6.11;;;1;8;;;401-500;3.07;;;43;86;5.15
2025;fisioterapia;Centro Universitário Inta;CE;86;Privada;38;25.58;114;22.32;;;351-400;4.03;;;1;8;;;201-250;5.42;;;44;114;4.87
2025;fisioterapia;Universidade Católica de Brasília;DF;87;Privada;6;29.4;199;18.46;;;87;7.06;;;501-600;1.75;;;106;6.85;;;45;301-350;2.8
2025;fisioterapia;Centro Universitário de Excelência;BA;88;Privada;38;25.58;116;22.27;;;201-250;5.51;;;1;8;;;83;7.11;;;46;401-500;1.65
2025;fisioterapia;Universidade Positivo;PR;88;Privada;38;25.58;115;22.27;;;103;6.89;;;351-400;3.86;;;132;6.57;;;46;106;4.95
2025;fisioterapia;Universidade Santa Cecília;SP;90;Privada;38;25.58;118;22.24;;;79;7.15;;;251-300;4.72;;;201-250;5.51;;;48;115;4.86
2025;fisioterapia;Universidade Católica de Pelotas;RS;91;Privada;6;29.4;201-250;18.32;;;127;6.63;;;351-400;3.87;;;301-350;4.42;;;49;251-300;3.4
2025;fisioterapia;Faculdade de Ciências Médicas de Minas Gerais;MG;92;Privada;38;25.58;120;22.01;;;28;7.71;;;1;8;;;251-300;4.85;;;50;401-500;1.45
2025;fisioterapia;Faculdades Integradas de Bauru;SP;93;Privada;38;25.58;122;21.91;;;151;6.37;;;1;8;;;301-350;4.51;;;51;251-300;3.03
2025;fisioterapia;Universidade do Oeste de Santa Catarina;SC;94;Privada;38;25.58;125;21.85;;;57;7.39;;;196;5.85;;;201-250;5.29;;;52;251-300;3.32
2025;fisioterapia;Faculdade de Excelência Unex de Itabuna;BA;95;Privada;38;25.58;128;21.76;;;301-350;4.38;;;1;8;;;38;7.6;;;53;401-500;1.78
2025;fisioterapia;Centro Universitário Assis Gurgacz;PR;96;Privada;6;29.4;201-250;17.73;;;16;7.84;;;201-250;5.77;;;501-600;2.41;;;54;401-500;1.71
2025;fisioterapia;Universidade do Vale do Itajaí;SC;97;Privada;6;29.4;201-250;17.7;;;66;7.29;;;301-350;4.34;;;301-350;4.73;;;55;401-500;1.34
2025;fisioterapia;Universidade Santo Amaro;SP;98;Privada;38;25.58;135;21.4;;;201-250;5.6;;;200;5.8;;;102;6.9;;;56;251-300;3.1
2025;fisioterapia;Centro Universitário Jorge Amado;BA;99;Privada;6;29.4;201-250;17.45;;;115;6.76;;;501-600;1.42;;;124;6.66;;;57;301-350;2.61
2025;fisioterapia;Centro Universitário do Estado do Pará;PA;100;Privada;38;25.58;137;21.23;;;132;6.57;;;1;8;;;351-400;3.87;;;58;301-350;2.79
2025;fisioterapia;Universidade de Fortaleza;CE;101;Privada;6;29.4;201-250;17.34;;;160;6.27;;;501-600;2.46;;;201-250;5.73;;;59;301-350;2.88
2025;fisioterapia;Universidade Regional do Noroeste do Estado do Rio Grande do Sul;RS;102;Privada;6;29.4;201-250;17.33;;;85;7.09;;;401-500;3.52;;;201-250;5.81;;;60;501-600;0.91
2025;fisioterapia;Universidade do Sul de Santa Catarina;SC;103;Privada;6;29.4;201-250;17.3;;;301-350;4.37;;;351-400;3.95;;;200;5.83;;;61;251-300;3.15
2025;fisioterapia;Universidade Católica Dom Bosco;MS;104;Privada;38;25.58;141;21.09;;;201-250;5.48;;;183;5.99;;;201-250;5.37;;;62;177;4.25
2025;fisioterapia;Centro Universitário Ingá;PR;105;Privada;38;25.58;144;20.92;;;141;6.48;;;1;8;;;351-400;4.1;;;63;351-400;2.34
2025;fisioterapia;Universidade do Estado do Pará;PA;106;Estadual;38;25.58;145;20.73;;;45;7.52;;;179;6.04;;;301-350;4.49;;;43;301-350;2.68
2025;fisioterapia;Universidade Veiga de Almeida;RJ;107;Privada;38;25.58;146;20.7;;;107;6.85;;;401-500;3.22;;;181;6.04;;;64;143;4.59
2025;fisioterapia;Universidade Evangélica de Goiás;GO;108;Privada;38;25.58;147;20.68;;;72;7.23;;;251-300;5.12;;;251-300;4.96;;;65;251-300;3.37
2025;fisioterapia;Centro Universitário Uninovafapi;PI;109;Privada;38;25.58;149;20.65;;;351-400;3.91;;;1;8;;;87;7.06;;;66;401-500;1.68
2025;fisioterapia;Centro Universitário de Patos de Minas;MG;109;Privada;201-250;2.03;46;44.2;;;161;6.26;;;351-400;3.61;;;82;7.12;27;24;66;251-300;3.21
2025;fisioterapia;Universidade Estácio de Sá;RJ;111;Privada;6;29.4;251-300;16.63;;;351-400;4.11;;;501-600;2.04;;;101;6.91;;;68;201-250;3.57
2025;fisioterapia;Universidade de Mogi das Cruzes;SP;112;Privada;38;25.58;154;20.38;;;201-250;5.44;;;251-300;5.2;;;301-350;4.63;;;69;90;5.11
2025;fisioterapia;Centro Universitário Claretiano;SP;113;Privada;38;25.58;155;20.36;;;251-300;5.01;;;1;8;;;251-300;5.24;;;70;351-400;2.11
2025;fisioterapia;Universidade Federal de Pelotas;RS;114;Federal;38;25.58;159;20.27;;;197;5.87;;;1;8;;;148;6.4;;;44;;
2025;fisioterapia;Centro Universitário Campo Real;PR;115;Privada;38;25.58;162;20.2;;;301-350;4.27;;;351-400;3.66;;;160;6.27;;;71;1;6
2025;fisioterapia;Faculdade Terra Nordeste;CE;116;Privada;38;25.58;163;20.16;;;129;6.61;;;1;8;;;401-500;3.56;;;72;401-500;1.99
2025;fisioterapia;Centro Universitário Brasileiro;PE;117;Privada;38;25.58;165;19.96;;;201-250;5.79;;;401-500;3.02;;;62;7.33;;;73;201-250;3.82
2025;fisioterapia;Universidade de Caxias do Sul;RS;118;Privada;38;25.58;166;19.95;;;108;6.84;;;401-500;2.52;;;139;6.49;;;74;192;4.1
2025;fisioterapia;Universidade São Francisco;SP;119;Privada;38;25.58;169;19.72;;;137;6.52;;;201-250;5.72;;;401-500;3.12;;;75;166;4.36
2025;fisioterapia;Centro Universitário Unidade de Ensino Superior Dom Bosco;MA;120;Privada;;;41;45.03;;;155;6.32;;;201-250;5.64;;;153;6.34;27;24;76;301-350;2.73
2025;fisioterapia;Centro Universitário da Grande Dourados;MS;121;Privada;38;25.58;176;19.35;;;144;6.44;;;201-250;5.36;;;301-350;4.58;;;77;301-350;2.97
2025;fisioterapia;Centro Universitário de Brasília;DF;122;Privada;6;29.4;301-350;15.52;;;154;6.34;;;601-700;1.18;;;401-500;2.96;;;78;97;5.04
2025;fisioterapia;Centro Universitário Faminas;MG;123;Privada;38;25.58;178;19.27;;;201-250;5.77;;;301-350;4.3;;;59;7.37;;;79;401-500;1.83
2025;fisioterapia;Universidade Feevale;RS;124;Privada;38;25.58;179;19.23;;;64;7.31;;;301-350;4.25;;;251-300;5.17;;;80;351-400;2.5
2025;fisioterapia;Universidade Vila Velha;ES;125;Privada;38;25.58;180;19.15;;;36;7.62;;;401-500;3.13;;;193;5.91;;;81;351-400;2.49
2025;fisioterapia;Centro Universitário Unigran Capital;MS;126;Privada;38;25.58;184;19.05;;;167;6.19;;;201-250;5.56;;;159;6.28;;;82;501-600;1.02
2025;fisioterapia;Faculdade de Tecnologia Tupy de São Bento do Sul;SC;127;Privada;;;45;44.47;;;251-300;5.06;;;301-350;4.4;;;167;6.19;27;24;83;119;4.82
2025;fisioterapia;Centro Universitário de Várzea Grande;MT;128;Privada;38;25.58;191;18.74;;;61;7.35;;;251-300;4.7;;;201-250;5.54;;;84;401-500;1.15
2025;fisioterapia;Centro Universitário Ibmr;RJ;129;Privada;38;25.58;195;18.61;;;301-350;4.67;;;401-500;3.43;;;174;6.11;;;85;162;4.4
2025;fisioterapia;Universidade de Cuiabá;MT;130;Privada;6;29.4;351-400;14.78;;;401-500;2.9;;;186;5.96;;;251-300;5.16;;;86;501-600;0.76
2025;fisioterapia;União das Faculdades dos Grandes Lagos;SP;131;Privada;38;25.58;198;18.49;;;351-400;4.14;;;1;8;;;351-400;4.05;;;87;351-400;2.3
2025;fisioterapia;Centro Universitário FBV Wyden;PE;132;Privada;38;25.58;201-250;18.38;;;401-500;3.6;;;601-700;0.94;;;16;7.84;;;88;1;6
2025;fisioterapia;Centro Universitário Santa Terezinha;MA;133;Privada;201-250;2.03;51;41.89;;;351-400;3.97;;;1;8;;;351-400;3.68;27;24;89;351-400;2.24
2025;fisioterapia;Centro Universitário Ideau;RS;134;Privada;38;25.58;201-250;18.21;;;301-350;4.69;;;1;8;;;351-400;4.16;;;90;401-500;1.36
2025;fisioterapia;Universidade de Santa Cruz do Sul;RS;135;Privada;38;25.58;201-250;18.2;;;91;7.02;;;501-600;2.11;;;107;6.84;;;91;351-400;2.23
2025;fisioterapia;Centro Universitário Euro-americano;DF;136;Privada;38;25.58;201-250;18.09;;;171;6.15;;;351-400;3.75;;;201-250;5.33;;;92;301-350;2.86
2025;fisioterapia;Universidade Municipal de São Caetano do Sul;SP;137;Municipal;38;25.58;201-250;18.05;;;121;6.69;;;601-700;1.24;;;351-400;4.12;;;45;1;6
2025;fisioterapia;Centro Universitário da Serra Gaúcha;RS;138;Privada;38;25.58;201-250;18.04;;;89;7.04;;;251-300;5.05;;;401-500;3.59;;;93;351-400;2.36
2025;fisioterapia;Centro Universitário Piaget;SP;138;Privada;38;25.58;201-250;18.04;;;201-250;5.38;;;197;5.84;;;501-600;1.7;;;93;89;5.12
2025;fisioterapia;Centro Universitário de Votuporanga;SP;140;Privada;38;25.58;201-250;17.69;;;251-300;4.78;;;301-350;4.17;;;301-350;4.52;;;95;180;4.22
2025;fisioterapia;Universidade de Itaúna;MG;141;Privada;38;25.58;201-250;17.58;;;146;6.42;;;501-600;1.48;;;251-300;4.9;;;96;123;4.78
2025;fisioterapia;Universidade Franciscana;RS;142;Privada;38;25.58;201-250;17.56;;;179;6.06;;;301-350;4.46;;;188;5.96;;;97;401-500;1.08
2025;fisioterapia;Centro Universitário Ateneu;CE;143;Privada;38;25.58;201-250;17.33;;;251-300;4.93;;;501-600;2.05;;;54;7.42;;;98;301-350;2.93
2025;fisioterapia;Faculdade Anhanguera de Sorocaba;SP;144;Privada;38;25.58;201-250;17.27;;;201-250;5.36;;;251-300;5.13;;;126;6.64;;;99;501-600;0.14
2025;fisioterapia;Universidade Anhanguera;MS;145;Privada;38;25.58;251-300;17.17;;;301-350;4.6;;;182;6;;;173;6.12;;;100;501-600;0.45
2025;fisioterapia;Centro Universitário Una;MG;146;Privada;38;25.58;251-300;16.92;;;401-500;3.58;;;201-250;5.73;;;172;6.13;;;101;401-500;1.48
2025;fisioterapia;Universidade de Taubaté;SP;147;Municipal;38;25.58;251-300;16.88;;;106;6.86;;;201-250;5.56;;;401-500;3.3;;;46;401-500;1.16
2025;fisioterapia;Universidade Pitágoras Unopar Anhanguera;PR;148;Privada;38;25.58;251-300;16.87;;;201-250;5.39;;;351-400;4.03;;;113;6.78;;;102;501-600;0.67
2025;fisioterapia;Universidade de Passo Fundo;RS;149;Privada;38;25.58;251-300;16.84;;;201-250;5.46;;;401-500;2.86;;;301-350;4.67;;;103;201-250;3.85
2025;fisioterapia;Pontifícia Universidade Católica de Goiás;GO;150;Privada;6;29.4;401-500;12.97;;;201-250;5.64;;;601-700;0.52;;;401-500;2.89;;;104;201-250;3.92
2025;fisioterapia;Universidade Luterana do Brasil;RS;151;Privada;38;25.58;251-300;16.71;;;178;6.07;;;251-300;5.01;;;351-400;3.71;;;105;401-500;1.92
2025;fisioterapia;Centro Universitário Estácio do Ceará;CE;152;Privada;38;25.58;251-300;16.65;;;301-350;4.57;;;501-600;2.34;;;162;6.24;;;106;251-300;3.5
2025;fisioterapia;Universidade Salvador;BA;153;Privada;38;25.58;251-300;16.63;;;351-400;3.8;;;401-500;3.41;;;108;6.83;;;107;301-350;2.59
2025;fisioterapia;Universidade Regional de Blumenau;SC;154;Municipal;38;25.58;251-300;16.58;;;78;7.16;;;501-600;1.83;;;251-300;5.2;;;47;351-400;2.39
2025;fisioterapia;Universidade Metodista de São Paulo;SP;155;Privada;38;25.58;251-300;16.44;;;251-300;4.99;;;401-500;2.6;;;301-350;4.21;;;108;138;4.64
2025;fisioterapia;Faculdade de Americana;SP;156;Privada;38;25.58;251-300;16.29;;;50;7.47;;;501-600;2.12;;;401-500;3.02;;;109;201-250;3.68
2025;fisioterapia;Centro Universitário de Belo Horizonte;MG;157;Privada;38;25.58;251-300;16.26;;;201-250;5.34;;;401-500;3.54;;;175;6.1;;;110;401-500;1.28
2025;fisioterapia;Universidade São Judas Tadeu;SP;158;Privada;38;25.58;251-300;16.23;;;201-250;5.77;;;401-500;2.92;;;150;6.37;;;111;401-500;1.17
2025;fisioterapia;Centro Universitário Braz Cubas;SP;159;Privada;38;25.58;251-300;16.21;;;301-350;4.44;;;401-500;3.47;;;501-600;2.3;;;112;1;6
2025;fisioterapia;Centro Universitário Católica do Leste de Minas Gerais;MG;160;Privada;38;25.58;251-300;16.15;;;191;5.93;;;401-500;2.58;;;201-250;5.45;;;113;351-400;2.19
2025;fisioterapia;Centro Universitário Unime;BA;161;Privada;38;25.58;251-300;16.05;;;401-500;3.57;;;201-250;5.46;;;138;6.51;;;114;501-600;0.51
2025;fisioterapia;Centro Universitário - Uniesp;PB;162;Privada;38;25.58;301-350;16.03;;;251-300;5.13;;;251-300;4.91;;;501-600;1.6;;;115;163;4.39
2025;fisioterapia;Faculdade Pernambucana de Saúde;PE;162;Privada;38;25.58;301-350;16.03;;;201-250;5.68;;;201-250;5.69;;;401-500;2.9;;;115;401-500;1.76
2025;fisioterapia;Centro Universitário de Maceió;AL;164;Privada;38;25.58;301-350;16;;;251-300;5.27;;;401-500;2.88;;;201-250;5.75;;;117;351-400;2.1
2025;fisioterapia;Centro Universitário Metodista;RS;165;Privada;38;25.58;301-350;15.98;;;201-250;5.65;;;601-700;1.36;;;351-400;4.18;;;118;122;4.79
2025;fisioterapia;Centro Universitário Redentor;RJ;166;Privada;38;25.58;301-350;15.89;;;351-400;3.76;;;1;8;;;401-500;2.78;;;119;401-500;1.35
2025;fisioterapia;Centro Universitário Padre Anchieta;SP;167;Privada;38;25.58;301-350;15.68;;;96;6.97;;;601-700;0.47;;;251-300;4.93;;;120;251-300;3.31
2025;fisioterapia;Universidade Católica de Petrópolis;RJ;167;Privada;38;25.58;301-350;15.68;;;118;6.73;;;501-600;1.52;;;401-500;2.98;;;120;157;4.45
2025;fisioterapia;Universidade Ceuma;MA;169;Privada;38;25.58;301-350;15.65;;;301-350;4.39;;;301-350;4.47;;;251-300;4.91;;;122;401-500;1.88
2025;fisioterapia;Centro Universitário Una de Bom Despacho;MG;170;Privada;38;25.58;301-350;15.47;;;401-500;3.34;;;401-500;3.18;;;60;7.36;;;123;401-500;1.59
2025;fisioterapia;Centro Universitário Maurício de Nassau de Natal;RN;171;Privada;38;25.58;301-350;15.35;;;401-500;2.95;;;351-400;3.83;;;351-400;4;;;124;145;4.57
2025;fisioterapia;Universidade do Extremo Sul Catarinense;SC;172;Privada;38;25.58;301-350;15.28;;;201-250;5.8;;;401-500;2.66;;;401-500;3.26;;;125;201-250;3.56
2025;fisioterapia;Centro Universitário Anhanguera de São Paulo;SP;173;Privada;38;25.58;301-350;15.26;;;401-500;3.46;;;251-300;5.02;;;127;6.63;;;126;501-600;0.15
2025;fisioterapia;Centro Universitário Unifafibe;SP;174;Privada;38;25.58;301-350;15.24;;;110;6.81;;;401-500;3.32;;;301-350;4.32;;;127;501-600;0.79
2025;fisioterapia;Universidade de Sorocaba;SP;175;Privada;38;25.58;301-350;15.21;;;143;6.45;;;601-700;0.34;;;114;6.77;;;128;401-500;1.65
2025;fisioterapia;Universidade Anhembi Morumbi;SP;175;Privada;38;25.58;301-350;15.21;;;194;5.9;;;401-500;2.65;;;201-250;5.77;;;128;501-600;0.89
2025;fisioterapia;Centro Universitário Salesiano;ES;177;Privada;38;25.58;301-350;15.19;;;301-350;4.64;;;197;5.84;;;601-700;1.23;;;130;251-300;3.48
2025;fisioterapia;Centro Universitário de João Pessoa;PB;178;Privada;38;25.58;301-350;15.17;;;351-400;4.15;;;201-250;5.26;;;351-400;3.97;;;131;401-500;1.79
2025;fisioterapia;Faculdade Anhanguera de Pelotas;RS;179;Privada;38;25.58;301-350;15.05;;;401-500;3.31;;;251-300;4.82;;;169;6.17;;;132;501-600;0.75
2025;fisioterapia;Universidade Católica do Salvador;BA;180;Privada;38;25.58;301-350;15.02;;;165;6.22;;;501-600;1.96;;;401-500;3.51;;;133;251-300;3.33
2025;fisioterapia;Centro Universitário dos Guararapes;PE;181;Privada;38;25.58;351-400;15.01;;;401-500;3.33;;;251-300;4.83;;;251-300;5.23;;;134;401-500;1.62
2025;fisioterapia;Centro Universitário Univel;PR;182;Privada;38;25.58;351-400;14.9;;;166;6.2;;;351-400;3.65;;;501-600;1.94;;;135;251-300;3.11
2025;fisioterapia;Faculdade Anhanguera de Tangará da Serra;MT;183;Privada;38;25.58;351-400;14.73;;;401-500;2.85;;;251-300;4.93;;;147;6.41;;;136;501-600;0.54
2025;fisioterapia;Faculdade Anhanguera de Taubaté;SP;184;Privada;38;25.58;351-400;14.72;;;251-300;5.11;;;401-500;3.26;;;198;5.85;;;137;501-600;0.5
2025;fisioterapia;Centro Universitário Fasipe;MT;185;Privada;38;25.58;351-400;14.69;;;301-350;4.7;;;401-500;2.55;;;601-700;1.44;;;138;1;6
2025;fisioterapia;Centro Universitário Ceuni;AM;186;Privada;38;25.58;351-400;14.65;;;501-600;1.89;;;301-350;4.58;;;401-500;2.95;;;139;78;5.23
2025;fisioterapia;Centro Universitário Fundação de Ensino Octávio Bastos;SP;187;Privada;38;25.58;351-400;14.53;;;63;7.33;;;601-700;1.28;;;501-600;2.13;;;140;201-250;3.79
2025;fisioterapia;Faculdade Anhanguera de Betim;MG;188;Privada;38;25.58;351-400;14.51;;;351-400;3.92;;;401-500;3.15;;;97;6.95;;;141;501-600;0.49
2025;fisioterapia;Centro Universitário Toledo Wyden;SP;189;Privada;38;25.58;351-400;14.47;;;301-350;4.21;;;601-700;0.84;;;103;6.89;;;142;301-350;2.53
2025;fisioterapia;Universidade Regional Integrada do Alto Uruguai e das Missões;RS;190;Privada;38;25.58;351-400;14.45;;;177;6.08;;;601-700;0.57;;;301-350;4.27;;;143;201-250;3.53
2025;fisioterapia;Universidade de Uberaba;MG;191;Privada;38;25.58;351-400;14.41;;;201-250;5.79;;;501-600;2.07;;;501-600;2.47;;;144;194;4.08
2025;fisioterapia;Centro Universitário Fadergs;RS;192;Privada;38;25.58;351-400;14.4;;;251-300;5.2;;;501-600;1.61;;;301-350;4.33;;;145;251-300;3.26
2025;fisioterapia;Faculdade de Ciências e Saúde Edufor;MA;193;Privada;;;56;39.91;;;501-600;2.17;;;1;8;;;601-700;0.49;27;24;146;76;5.25
2025;fisioterapia;Centro Universitário do Distrito Federal;DF;194;Privada;38;25.58;351-400;14.32;;;401-500;3.27;;;401-500;2.97;;;122;6.68;;;147;401-500;1.4
2025;fisioterapia;Centro Universitário Anhanguera Pitágoras Unopar de Niterói;RJ;195;Privada;38;25.58;351-400;14.26;;;501-600;2.33;;;251-300;4.75;;;93;7;;;148;501-600;0.18
2025;fisioterapia;Universidade do Planalto Catarinense;SC;196;Privada;38;25.58;351-400;14.22;;;301-350;4.59;;;401-500;3.07;;;301-350;4.29;;;149;351-400;2.27
2025;fisioterapia;Centro Universitário Guairacá;PR;197;Privada;38;25.58;351-400;14.14;;;201-250;5.57;;;351-400;3.73;;;401-500;3.27;;;150;401-500;1.57
2025;fisioterapia;Centro Universitário do Triângulo;MG;198;Privada;38;25.58;351-400;14.09;;;251-300;4.81;;;301-350;4.2;;;501-600;2.33;;;151;301-350;2.75
2025;fisioterapia;Centro Universitário Maurício de Nassau de Fortaleza;CE;199;Privada;38;25.58;401-500;14.07;;;351-400;4.17;;;401-500;3.33;;;301-350;4.64;;;152;401-500;1.93
2025;fisioterapia;Centro Universitário do Cerrado-patrocínio;MG;200;Privada;38;25.58;401-500;13.93;;;401-500;3.04;;;251-300;5.03;;;401-500;3.14;;;153;301-350;2.72
2025;fisioterapia;Universidade de Vassouras;RJ;201;Privada;38;25.58;501-600;9.56;;;601-700;0.51;;;351-400;3.79;;;251-300;5.26;;;189;;
2025;fisioterapia;Universidade Iguaçu;RJ;201;Privada;38;25.58;501-600;10.7;;;501-600;2.12;;;201-250;5.3;;;601-700;0.93;;;183;351-400;2.35
2025;fisioterapia;Universidade Nilton Lins;AM;201;Privada;38;25.58;601-700;5.42;;;601-700;1.37;;;501-600;1.51;;;601-700;0.5;;;199;351-400;2.04
2025;fisioterapia;Faculdade Anhanguera de Divinópolis;MG;201;Privada;38;25.58;401-500;12.88;;;251-300;4.75;;;501-600;2.16;;;201-250;5.56;;;161;501-600;0.41
2025;fisioterapia;Centro Universitário Estácio de Sergipe;SE;201;Privada;38;25.58;401-500;12.2;;;401-500;3.61;;;601-700;0.85;;;351-400;3.79;;;168;201-250;3.95
2025;fisioterapia;Centro Universitário Cesmac;AL;201;Privada;38;25.58;401-500;13.38;;;201-250;5.58;;;601-700;0.68;;;401-500;2.79;;;156;169;4.33
2025;fisioterapia;Centro Universitário Maurício de Nassau;PE;201;Privada;38;25.58;401-500;12.28;;;401-500;3.49;;;401-500;3.56;;;401-500;3.06;;;167;351-400;2.17
2025;fisioterapia;Faculdade Santa Casa;BA;201;Privada;38;25.58;601-700;4.77;;;701-800;0.2;;;501-600;1.49;;;401-500;3.08;;;200;;
2025;fisioterapia;Centro Universitário São Lucas Porto Velho;RO;201;Privada;38;25.58;401-500;12.99;;;301-350;4.68;;;190;5.91;;;601-700;1.41;;;160;501-600;0.99
2025;fisioterapia;Centro Universitário da Fundação Herminio Ometto;SP;201;Privada;38;25.58;401-500;12.31;;;201-250;5.52;;;501-600;1.55;;;501-600;2.29;;;166;301-350;2.95
2025;fisioterapia;Universidade Potiguar;RN;201;Privada;38;25.58;401-500;13.12;;;351-400;4.1;;;401-500;3.53;;;301-350;4.38;;;158;401-500;1.11
2025;fisioterapia;Centro Regional Universitário de Espírito Santo do Pinhal;SP;201;Privada;38;25.58;501-600;11.45;;;58;7.38;;;601-700;0.4;;;401-500;3.05;;;176;501-600;0.62
2025;fisioterapia;Centro Universitário Cidade Verde;PR;201;Privada;;;59;37.59;;;601-700;1.31;;;1;8;;;301-350;4.28;27;24;170;;
2025;fisioterapia;Universidade Federal de Jataí;GO;201;Federal;;;73;26.57;;;70;7.25;;;1;8;;;129;6.6;;;49;129;4.72
2025;fisioterapia;Universidade Salgado de Oliveira;RJ;201;Privada;38;25.58;501-600;9.51;;;501-600;1.84;;;501-600;1.67;;;501-600;1.79;;;190;181;4.21
2025;fisioterapia;Universidade Cruzeiro do Sul;SP;201;Privada;38;25.58;501-600;9.49;;;401-500;2.72;;;401-500;2.77;;;401-500;3.18;;;191;501-600;0.82
2025;fisioterapia;Centro Universitário do Sul de Minas;MG;201;Privada;38;25.58;401-500;13.14;;;100;6.92;;;501-600;2.2;;;601-700;1.08;;;157;301-350;2.94
2025;fisioterapia;Universidade Universus Veritas Guarulhos;SP;201;Privada;201-250;2.03;64;34.56;;;501-600;2.47;;;401-500;2.91;;;351-400;3.98;27;24;179;401-500;1.2
2025;fisioterapia;Centro Universitário Maurício de Nassau de Maceió;AL;201;Privada;38;25.58;501-600;10.98;;;401-500;3.43;;;401-500;3.01;;;351-400;3.84;;;180;501-600;0.7
2025;fisioterapia;Centro Universitário Famec;BA;201;Privada;38;25.58;601-700;8.19;;;701-800;0.2;;;351-400;4.11;;;501-600;2.19;;;195;401-500;1.69
2025;fisioterapia;Centro Universitário Maurício de Nassau de Campina Grande;PB;201;Privada;38;25.58;401-500;12.5;;;351-400;3.79;;;401-500;3.05;;;351-400;3.75;;;164;401-500;1.91
2025;fisioterapia;Centro Universitário Maurício de Nassau de Parnaíba;PI;201;Privada;38;25.58;501-600;10.88;;;251-300;5.05;;;401-500;2.94;;;501-600;1.92;;;181;501-600;0.97
2025;fisioterapia;Centro Universitário Facex;RN;201;Privada;38;25.58;401-500;12.44;;;201-250;5.29;;;601-700;0.43;;;501-600;2.16;;;165;146;4.56
2025;fisioterapia;Centro Universitário Univinte;SC;201;Privada;38;25.58;601-700;8.62;;;401-500;2.58;;;351-400;3.98;;;501-600;2.06;;;194;;
2025;fisioterapia;Centro Universitário para o Desenvolvimento do Alto Vale do Itajaí;SC;201;Privada;38;25.58;501-600;10.59;;;401-500;2.58;;;501-600;1.64;;;401-500;3.2;;;184;251-300;3.17
2025;fisioterapia;Centro Universitário das Faculdades Metropolitanas Unidas;SP;201;Privada;38;25.58;501-600;10.56;;;351-400;4.08;;;501-600;1.92;;;401-500;3.19;;;185;401-500;1.37
2025;fisioterapia;Universidade Castelo Branco;RJ;201;Privada;38;25.58;401-500;12.73;;;401-500;3.11;;;601-700;1.17;;;401-500;3.42;;;163;98;5.03
2025;fisioterapia;Faculdade de Enfermagem Nova Esperança;PB;201;Privada;;;72;26.68;;;117;6.74;;;1;8;;;73;7.21;;;201-250;128;4.73
2025;fisioterapia;Centro Universitário de Brusque;SC;201;Privada;38;25.58;501-600;11.48;;;401-500;2.58;;;401-500;3.55;;;201-250;5.35;;;175;;
2025;fisioterapia;Faculdade Estácio de Alagoas;AL;201;Privada;38;25.58;501-600;11.35;;;401-500;3.1;;;601-700;0.73;;;351-400;4.03;;;177;251-300;3.49
2025;fisioterapia;Faculdade Anhanguera de Ribeirão Preto;SP;201;Privada;38;25.58;401-500;13.71;;;184;6.01;;;601-700;0.92;;;128;6.61;;;154;501-600;0.17
2025;fisioterapia;Centro Universitário do Norte;AM;201;Privada;38;25.58;501-600;10.31;;;501-600;2.3;;;501-600;2.48;;;501-600;1.78;;;186;201-250;3.75
2025;fisioterapia;Centro Universitário de Pato Branco;PR;201;Privada;38;25.58;501-600;10.85;;;201-250;5.33;;;401-500;2.87;;;501-600;1.97;;;182;501-600;0.68
2025;fisioterapia;Centro Universitário FG;BA;201;Privada;;;60;37.16;;;401-500;3.04;;;301-350;4.15;;;401-500;2.84;27;24;174;251-300;3.13
2025;fisioterapia;Centro Universitário Social da Bahia;BA;201;Privada;38;25.58;401-500;11.96;;;601-700;1.43;;;401-500;2.85;;;251-300;5.03;;;171;301-350;2.65
2025;fisioterapia;Faculdade Integrada Cete;PE;201;Privada;38;25.58;601-700;9.19;;;501-600;1.61;;;601-700;0.88;;;601-700;0.7;;;193;1;6
2025;fisioterapia;Faculdade Estácio de Sá de Vitória;ES;201;Privada;38;25.58;501-600;11.07;;;159;6.28;;;601-700;1.07;;;501-600;1.5;;;178;351-400;2.22
2025;fisioterapia;Centro Universitário Estácio do Recife;PE;201;Privada;38;25.58;401-500;11.84;;;301-350;4.21;;;501-600;1.45;;;401-500;2.58;;;173;201-250;3.6
2025;fisioterapia;Universidade Estadual do Piauí;PI;201;Estadual;;;71;26.76;;;20;7.79;;;1;8;;;152;6.35;;;48;140;4.62
2025;fisioterapia;Centro Universitário de Rio Preto;SP;201;Privada;38;25.58;601-700;7.8;;;301-350;4.53;;;601-700;0.77;;;501-600;1.84;;;196;501-600;0.66
2025;fisioterapia;Centro Universitário Estácio de Belo Horizonte;MG;201;Privada;38;25.58;401-500;13.11;;;401-500;3.65;;;501-600;1.63;;;251-300;5.14;;;159;301-350;2.69
2025;fisioterapia;Faculdade de Apucarana;PR;201;Privada;38;25.58;401-500;13.4;;;201-250;5.7;;;501-600;2.42;;;601-700;0.54;;;155;127;4.74
2025;fisioterapia;Universidade Paranaense;PR;201;Privada;38;25.58;401-500;11.96;;;201-250;5.41;;;601-700;0.56;;;351-400;3.67;;;171;351-400;2.32
2025;fisioterapia;Centro Universitário Presidente Antônio Carlos;MG;201;Privada;38;25.58;501-600;10.22;;;201-250;5.81;;;501-600;2.37;;;601-700;0.57;;;187;401-500;1.47
2025;fisioterapia;Faculdade Independente do Nordeste;BA;201;Privada;38;25.58;401-500;12.81;;;157;6.3;;;501-600;2.22;;;501-600;2.09;;;162;351-400;2.2
2025;fisioterapia;Faculdades Integradas de Fernandópolis;SP;201;Privada;38;25.58;401-500;12.03;;;134;6.55;;;401-500;2.63;;;401-500;2.85;;;169;;
2025;fisioterapia;Centro Universitário do Norte de São Paulo;SP;201;Privada;38;25.58;601-700;6.97;;;601-700;0.9;;;301-350;4.69;;;601-700;1.38;;;198;;
2025;fisioterapia;Centro Universitário Estácio de São Luís;MA;201;Privada;;;63;35.57;;;601-700;1.18;;;501-600;1.5;;;351-400;4.09;27;24;188;121;4.8
2025;fisioterapia;Universidade Vale do Rio Doce;MG;201;Privada;38;25.58;601-700;7.69;;;301-350;4.58;;;601-700;1;;;601-700;0.6;;;197;401-500;1.51
2025;fisioterapia;Faculdade Estácio de Belém;PA;201;Privada;38;25.58;601-700;9.28;;;601-700;1.11;;;601-700;0.89;;;401-500;2.76;;;192;150;4.52
2025;fisioterapia;Centro Universitário Maurício de Nassau Derby;PE;251;Privada;;;164;20.06;;;601-700;1.05;;;1;8;;;1;8;;;201-250;301-350;3.01
2025;fisioterapia;Centro Universitário Doutor Leão Sampaio;CE;251;Privada;;;152;20.45;;;16;7.84;;;251-300;4.77;;;301-350;4.22;;;201-250;201-250;3.62
2025;fisioterapia;Centro Universitário do Norte de Minas;MG;251;Privada;;;84;24.7;;;201-250;5.45;;;1;8;;;180;6.05;;;201-250;81;5.2
2025;fisioterapia;Faculdade Integrada Carajás;PA;251;Privada;;;111;22.38;;;401-500;3.51;;;1;8;;;251-300;4.87;;;201-250;1;6
2025;fisioterapia;Faculdade de Ciências e Educação Sena Aires;GO;251;Privada;;;93;24.09;;;401-500;2.8;;;1;8;;;66;7.29;;;201-250;1;6
2025;fisioterapia;Centro Universitário Funvic;SP;251;Privada;;;161;20.23;;;301-350;4.65;;;189;5.93;;;201-250;5.28;;;201-250;165;4.37
2025;fisioterapia;Faculdades Integradas Einstein de Limeira;SP;251;Privada;201-250;2.03;197;18.53;;;142;6.47;;;351-400;3.88;;;501-600;2.18;;;201-250;1;6
2025;fisioterapia;Centro Universitário Integrado de Campo Mourão;PR;251;Privada;;;86;24.27;;;164;6.23;;;1;8;;;94;6.99;;;201-250;251-300;3.05
2025;fisioterapia;Centro Universitário Paraíso;CE;251;Privada;;;132;21.59;;;39;7.59;;;301-350;4.27;;;201-250;5.68;;;201-250;197;4.05
2025;fisioterapia;Faculdade União Araruama de Ensino S/s Ltda.;RJ;251;Privada;;;88;24.24;;;88;7.05;;;201-250;5.52;;;149;6.39;;;201-250;73;5.28
2025;fisioterapia;Faculdade de Ensino Superior da Cidade de Feira de Santana;BA;251;Privada;;;89;24.16;;;301-350;4.71;;;1;8;;;142;6.46;;;201-250;102;4.99
2025;fisioterapia;Centro Universitário Nobre de Feira de Santana;BA;251;Privada;;;87;24.25;;;149;6.39;;;1;8;;;251-300;4.8;;;201-250;95;5.06
2025;fisioterapia;Faculdade Una de Pouso Alegre;MG;251;Privada;;;148;20.67;;;401-500;3.62;;;201-250;5.34;;;201-250;5.71;;;201-250;1;6
2025;fisioterapia;Centro Universitário de Excelência Eniac;SP;251;Privada;;;153;20.39;;;109;6.82;;;351-400;3.76;;;351-400;3.81;;;201-250;1;6
2025;fisioterapia;Centro Universitário Facol;PE;251;Privada;;;123;21.87;;;401-500;3.16;;;1;8;;;154;6.33;;;201-250;164;4.38
2025;fisioterapia;Centro Universitário Unifaat;SP;251;Privada;;;139;21.13;;;251-300;4.75;;;201-250;5.58;;;196;5.87;;;201-250;108;4.93
2025;fisioterapia;Centro Universitário Multivix Vitória;ES;251;Privada;;;82;24.99;;;31;7.67;;;251-300;4.84;;;140;6.48;;;201-250;1;6
2025;fisioterapia;Faculdade de Excelência Unex de Jequié;BA;251;Privada;;;130;21.73;;;251-300;4.95;;;1;8;;;120;6.7;;;201-250;351-400;2.08
2025;fisioterapia;Faculdade Mogiana do Estado de São Paulo;SP;251;Privada;;;124;21.86;;;301-350;4.42;;;1;8;;;301-350;4.48;;;201-250;105;4.96
2025;fisioterapia;Universidade do Vale do Sapucaí;MG;251;Privada;201-250;2.03;186;18.95;;;135;6.54;;;401-500;2.67;;;351-400;3.74;;;201-250;1;6
2025;fisioterapia;Centro Universitário do Rio Grande do Norte;RN;251;Privada;;;126;21.83;;;501-600;1.72;;;1;8;;;53;7.43;;;201-250;133;4.68
2025;fisioterapia;Centro Universitário da Amazônia - UNIESAMAZ;PA;251;Privada;;;110;22.39;;;401-500;3.3;;;1;8;;;251-300;5.09;;;201-250;1;6
2025;fisioterapia;Faculdades Integradas Iesgo;GO;251;Privada;;;129;21.73;;;401-500;2.61;;;1;8;;;251-300;5.12;;;201-250;1;6
2025;fisioterapia;Universidade Federal do Amapá;AP;251;Federal;;;105;22.91;;;48;7.49;;;1;8;;;301-350;4.57;;;51;301-350;2.85
2025;fisioterapia;Christus Faculdade do Piauí;PI;251;Privada;;;127;21.81;;;401-500;2.71;;;1;8;;;251-300;5.1;;;201-250;1;6
2025;fisioterapia;Faculdade Cathedral;RR;251;Privada;;;138;21.21;;;501-600;2.14;;;1;8;;;201-250;5.8;;;201-250;74;5.27
2025;fisioterapia;Centro Universitário Ruy Barbosa Wyden;BA;251;Privada;;;134;21.5;;;114;6.77;;;401-500;2.89;;;199;5.84;;;201-250;1;6
2025;fisioterapia;Centro Universitário Projeção;DF;251;Privada;;;142;21;;;301-350;4.43;;;1;8;;;15;7.85;;;201-250;501-600;0.72
2025;fisioterapia;Centro Universitário Uniasselvi de Blumenau ;SC;251;Privada;;;140;21.09;;;126;6.64;;;201-250;5.29;;;301-350;4.26;;;201-250;111;4.9
2025;fisioterapia;Centro Universitário Celso Lisboa;RJ;251;Privada;;;156;20.33;;;401-500;3.47;;;1;8;;;201-250;5.7;;;201-250;251-300;3.16
2025;fisioterapia;Faculdade de Ensino Superior do Interior Paulista;SP;251;Privada;;;102;23.1;;;251-300;5.14;;;1;8;;;351-400;3.96;;;201-250;1;6
2025;fisioterapia;Centro Universitário União das Américas Descomplica;PR;251;Privada;;;158;20.28;;;138;6.51;;;1;8;;;301-350;4.24;;;201-250;401-500;1.53
2025;fisioterapia;Universidade Estadual do Norte do Paraná;PR;251;Estadual;;;77;25.75;;;83;7.11;;;1;8;;;201-250;5.72;;;50;109;4.92
2025;fisioterapia;Centro Universitário LS;DF;251;Privada;;;143;20.98;;;251-300;5.11;;;1;8;;;201-250;5.66;;;201-250;351-400;2.21
2025;fisioterapia;Faculdade 05 de Julho;CE;251;Privada;;;97;23.49;;;251-300;4.77;;;1;8;;;301-350;4.72;;;201-250;1;6
2025;fisioterapia;Centro Universitário de Excelência de Vitória da Conquista;BA;251;Privada;;;119;22.03;;;251-300;4.92;;;1;8;;;95;6.97;;;201-250;351-400;2.14
2025;fisioterapia;Faculdade Brasileira do Recôncavo;BA;251;Privada;;;112;22.38;;;351-400;3.72;;;1;8;;;301-350;4.66;;;201-250;1;6
2025;fisioterapia;Faculdade Especializada na Área de Saúde do Rio Grande do Sul;RS;251;Privada;;;76;26;;;301-350;4.62;;;1;8;;;58;7.38;;;201-250;1;6
2025;fisioterapia;Universidade Metropolitana de Santos;SP;251;Privada;;;98;23.39;;;251-300;5.17;;;191;5.9;;;155;6.32;;;201-250;1;6
2025;fisioterapia;Faculdade de Tecnologia e Ciências;BA;251;Privada;;;151;20.63;;;251-300;5.07;;;1;8;;;100;6.92;;;201-250;501-600;0.64
2025;fisioterapia;Centro Universitário Sudoeste Paulista;SP;251;Privada;;;121;21.97;;;193;5.91;;;251-300;4.92;;;185;5.99;;;201-250;86;5.15
2025;fisioterapia;UGV Centro Universitário;PR;251;Privada;201-250;2.03;185;19.03;;;112;6.79;;;251-300;5.07;;;601-700;1.17;;;201-250;1;6
2025;fisioterapia;Centro Universitário Facid Wyden;PI;251;Privada;;;136;21.32;;;201-250;5.3;;;401-500;2.53;;;48;7.49;;;201-250;1;6
2025;fisioterapia;Centro Universitário Maria Milza;BA;251;Privada;;;117;22.26;;;98;6.94;;;1;8;;;401-500;2.67;;;201-250;136;4.65
2025;fisioterapia;Centro Universitário de Itajubá;MG;251;Privada;201-250;2.03;92;24.11;;;90;7.03;;;1;8;;;99;6.93;;;201-250;351-400;2.15
2025;fisioterapia;Centro Universitário Una de Betim;MG;251;Privada;;;157;20.29;;;251-300;4.85;;;301-350;4.55;;;78;7.16;;;201-250;201-250;3.73
2025;fisioterapia;Centro Universitário Metrocamp Wyden;SP;251;Privada;;;133;21.57;;;201-250;5.53;;;501-600;2.47;;;40;7.57;;;201-250;1;6
2025;fisioterapia;Faculdade Marechal Rondon-SP;SP;251;Privada;;;160;20.24;;;351-400;3.98;;;301-350;4.6;;;10;7.9;;;201-250;201-250;3.76
2025;fisioterapia;Faculdade Unirb - Arapiraca;AL;251;Privada;;;150;20.64;;;601-700;1.42;;;1;8;;;161;6.25;;;201-250;104;4.97
2025;fisioterapia;Universidade La Salle;RS;251;Privada;;;106;22.78;;;199;5.85;;;1;8;;;12;7.88;;;201-250;401-500;1.05
2025;fisioterapia;Centro Universitário Unidom - Bosco;PR;301;Privada;;;188;18.87;;;201-250;5.66;;;201-250;5.77;;;401-500;3.38;;;251-300;196;4.06
2025;fisioterapia;Faculdade Icesp;DF;301;Privada;;;201-250;17.54;;;251-300;5.15;;;251-300;4.81;;;401-500;2.6;;;251-300;103;4.98
2025;fisioterapia;Centro Universitário de Formiga;MG;301;Privada;;;201-250;17.95;;;183;6.02;;;301-350;4.18;;;251-300;5.11;;;251-300;301-350;2.64
2025;fisioterapia;Faculdade do Litoral Sul Paulista;SP;301;Privada;;;201-250;18.31;;;301-350;4.46;;;251-300;5.09;;;251-300;4.88;;;251-300;201-250;3.88
2025;fisioterapia;Centro Universitário da Vitória de Santo Antão;PE;301;Privada;;;175;19.36;;;501-600;2.35;;;1;8;;;163;6.23;;;251-300;301-350;2.78
2025;fisioterapia;Faculdade Multivix Nova Venécia;ES;301;Privada;;;194;18.63;;;29;7.7;;;192;5.89;;;501-600;1.86;;;251-300;251-300;3.18
2025;fisioterapia;Universidade Ibirapuera;SP;301;Privada;;;201-250;18.17;;;501-600;1.56;;;301-350;4.49;;;104;6.88;;;251-300;77;5.24
2025;fisioterapia;Faculdade Anhanguera do Rio Grande;RS;301;Privada;;;169;19.72;;;301-350;4.41;;;1;8;;;68;7.27;;;251-300;501-600;0.04
2025;fisioterapia;Faculdade Multivix Serra;ES;301;Privada;;;192;18.72;;;86;7.08;;;401-500;3.4;;;501-600;2.24;;;251-300;1;6
2025;fisioterapia;Faculdade Anhanguera de São José;SP;301;Privada;;;201-250;17.84;;;251-300;4.9;;;251-300;5.21;;;61;7.35;;;251-300;501-600;0.38
2025;fisioterapia;Centro Universitário de Desenvolvimento do Centro-Oeste;GO;301;Privada;;;201-250;18.14;;;401-500;3.53;;;251-300;5.23;;;301-350;4.5;;;251-300;113;4.88
2025;fisioterapia;Centro Universitário Unirb - Alagoinhas;BA;301;Privada;;;201-250;18.38;;;501-600;1.75;;;1;8;;;194;5.89;;;251-300;301-350;2.74
2025;fisioterapia;Faculdade de Ensino Superior de Floriano;PI;301;Privada;;;189;18.82;;;401-500;3.28;;;1;8;;;401-500;3.45;;;251-300;193;4.09
2025;fisioterapia;Faculdade Unisul de Itajaí;SC;301;Privada;;;201-250;17.99;;;401-500;2.58;;;1;8;;;164;6.22;;;251-300;401-500;1.19
2025;fisioterapia;Faculdade Ages de Jacobina;BA;301;Privada;;;173;19.51;;;301-350;4.33;;;301-350;4.48;;;197;5.86;;;251-300;117;4.84
2025;fisioterapia;Faculdades Integradas do Extremo Sul da Bahia;BA;301;Privada;;;201-250;18.01;;;401-500;2.78;;;1;8;;;351-400;3.96;;;251-300;251-300;3.27
2025;fisioterapia;Centro Universitário Faema;RO;301;Privada;;;201-250;18.31;;;401-500;3.42;;;1;8;;;501-600;2.22;;;251-300;134;4.67
2025;fisioterapia;Faculdade Una de Sete Lagoas;MG;301;Privada;;;183;19.06;;;401-500;3.37;;;351-400;3.77;;;192;5.92;;;251-300;1;6
2025;fisioterapia;Faculdade Sociesc de Jaraguá do Sul;SC;301;Privada;;;201-250;17.94;;;251-300;5;;;251-300;4.97;;;201-250;5.49;;;251-300;351-400;2.48
2025;fisioterapia;Faculdade Unirb - Parnaíba;PI;301;Privada;;;201-250;17.96;;;401-500;2.83;;;1;8;;;201-250;5.46;;;251-300;401-500;1.67
2025;fisioterapia;Faculdade de Ciências Médicas e da Saúde de Juiz de Fora;MG;301;Privada;;;168;19.76;;;72;7.23;;;401-500;2.68;;;98;6.94;;;251-300;301-350;2.91
2025;fisioterapia;Faculdade Una de Divinópolis;MG;301;Privada;;;201-250;17.72;;;401-500;2.99;;;251-300;4.79;;;201-250;5.4;;;251-300;148;4.54
2025;fisioterapia;Centro Universitário Gama e Souza;RJ;301;Privada;;;174;19.45;;;501-600;2.38;;;1;8;;;251-300;4.76;;;251-300;171;4.31
2025;fisioterapia;Centro Universitário Alfredo Nasser;GO;301;Privada;;;190;18.77;;;14;7.86;;;1;8;;;501-600;1.66;;;251-300;401-500;1.25
2025;fisioterapia;Centro Universitário Sociesc;SC;301;Privada;;;201-250;17.37;;;351-400;3.67;;;251-300;5.2;;;92;7.01;;;251-300;401-500;1.49
2025;fisioterapia;Centro Universitário Luterano de Palmas;TO;301;Privada;;;201-250;17.93;;;351-400;3.95;;;201-250;5.45;;;251-300;4.89;;;251-300;201-250;3.64
2025;fisioterapia;Centro Universitário Unifatecie;PR;301;Privada;;;201-250;17.28;;;301-350;4.26;;;1;8;;;251-300;5.02;;;251-300;;
2025;fisioterapia;Centro Universitário do Planalto Central Apparecido dos Santos;DF;301;Privada;;;177;19.31;;;97;6.96;;;351-400;3.93;;;351-400;4.07;;;251-300;167;4.35
2025;fisioterapia;Faculdade Unirb - Barreiras;BA;301;Privada;;;201-250;17.82;;;701-800;0.38;;;1;8;;;201-250;5.39;;;251-300;197;4.05
2025;fisioterapia;Centro Universitário Unirb;BA;301;Privada;;;201-250;17.49;;;701-800;0.2;;;1;8;;;191;5.93;;;251-300;251-300;3.36
2025;fisioterapia;Centro Universitário Uniftc;BA;301;Privada;;;181;19.14;;;301-350;4.45;;;1;8;;;195;5.88;;;251-300;501-600;0.81
2025;fisioterapia;Centro Universitário Facisa;PB;301;Privada;;;201-250;18.11;;;172;6.14;;;181;6.01;;;351-400;4.02;;;251-300;401-500;1.94
2025;fisioterapia;Centro Universitário Mario Pontes Jucá;AL;301;Privada;;;196;18.55;;;601-700;1.44;;;1;8;;;401-500;3.11;;;251-300;1;6
2025;fisioterapia;Centro Universitário Presidente Tancredo de Almeida Neves;MG;301;Privada;;;182;19.13;;;195;5.89;;;501-600;2.43;;;251-300;4.81;;;251-300;1;6
2025;fisioterapia;Faculdade Anhanguera de Anápolis;GO;301;Privada;201-250;2.03;201-250;17.82;;;176;6.1;;;201-250;5.63;;;201-250;5.82;;;201-250;501-600;0.27
2025;fisioterapia;Centro Universitário Cesuca;RS;301;Privada;;;201-250;17.99;;;201-250;5.82;;;601-700;1.2;;;69;7.26;;;251-300;201-250;3.71
2025;fisioterapia;Centro Universitário Vale do Salgado;CE;301;Privada;;;201-250;18.11;;;49;7.48;;;251-300;5.2;;;301-350;4.6;;;251-300;501-600;0.83
2025;fisioterapia;Centro Universitário Sant'Anna;SP;301;Privada;;;187;18.91;;;501-600;2.16;;;192;5.89;;;251-300;4.86;;;251-300;1;6
2025;fisioterapia;Centro Universitário Avantis;SC;301;Privada;201-250;2.03;251-300;16.43;;;133;6.56;;;351-400;3.67;;;601-700;1.2;;;251-300;101;5
2025;fisioterapia;Centro Universitário Una de Contagem;MG;301;Privada;;;201-250;17.73;;;301-350;4.48;;;401-500;3.48;;;251-300;5.27;;;251-300;152;4.5
2025;fisioterapia;Faculdade Ideau de Passo Fundo;RS;301;Privada;;;171;19.59;;;201-250;5.42;;;1;8;;;301-350;4.31;;;251-300;401-500;1.86
2025;fisioterapia;Centro Universitário Autônomo do Brasil;PR;301;Privada;;;201-250;18;;;145;6.43;;;351-400;4.06;;;301-350;4.43;;;251-300;251-300;3.08
2025;fisioterapia;Universidade Metodista de Piracicaba;SP;301;Privada;;;201-250;18.19;;;181;6.04;;;401-500;3.29;;;33;7.65;;;251-300;401-500;1.21
2025;fisioterapia;Centro Universitário de Goiatuba;GO;301;Municipal;;;167;19.83;;;401-500;3.09;;;1;8;;;301-350;4.25;;;52;153;4.49
2025;fisioterapia;Centro Universitário Estácio de Ribeirão Preto;SP;301;Privada;;;201-250;18.19;;;251-300;4.91;;;401-500;2.51;;;151;6.36;;;251-300;161;4.41
2025;fisioterapia;Universidade Estadual de Ciências da Saúde de Alagoas;AL;301;Estadual;;;172;19.53;;;47;7.5;;;301-350;4.45;;;401-500;2.69;;;53;112;4.89
2025;fisioterapia;Facudade Ieducare;CE;301;Privada;;;200;18.46;;;301-350;4.56;;;1;8;;;401-500;3.34;;;251-300;301-350;2.56
2025;fisioterapia;Faculdade Ideal Wyden;PA;301;Privada;;;201-250;17.9;;;201-250;5.62;;;501-600;1.94;;;301-350;4.34;;;251-300;1;6
2025;fisioterapia;Centro Universitário Adventista de São Paulo;SP;301;Privada;;;201-250;17.56;;;136;6.53;;;401-500;2.81;;;251-300;4.77;;;251-300;251-300;3.45
2025;fisioterapia;Centro Universitário Serra dos Órgãos;RJ;301;Privada;;;201-250;17.97;;;174;6.12;;;351-400;3.81;;;201-250;5.62;;;251-300;351-400;2.42
2025;fisioterapia;Centro Universitário de Adamantina;SP;351;Municipal;201-250;2.03;401-500;13.57;;;201-250;5.31;;;401-500;2.98;;;401-500;2.99;;;54;351-400;2.29
2025;fisioterapia;Centro Universitário Lusíada;SP;351;Privada;201-250;2.03;351-400;14.76;;;98;6.94;;;401-500;3.16;;;351-400;3.73;;;301-350;501-600;0.93
2025;fisioterapia;Centro Universitário Unifacear;PR;351;Privada;;;251-300;16.95;;;301-350;4.52;;;501-600;2.23;;;301-350;4.2;;;301-350;1;6
2025;fisioterapia;Faculdade Anhanguera de Porto Alegre;RS;351;Privada;;;251-300;16.45;;;401-500;3.29;;;201-250;5.67;;;71;7.24;;;301-350;501-600;0.25
2025;fisioterapia;Centro Universitário Estácio de Santa Catarina;SC;351;Privada;;;251-300;16.04;;;201-250;5.67;;;501-600;1.46;;;251-300;5.21;;;301-350;201-250;3.7
2025;fisioterapia;Faculdade Anhanguera de São José-SC;SC;351;Privada;;;201-250;17.27;;;251-300;4.88;;;251-300;5.08;;;88;7.05;;;251-300;501-600;0.26
2025;fisioterapia;Faculdade Uninta Fortaleza;CE;351;Privada;;;251-300;16.13;;;501-600;2.1;;;1;8;;;182;6.03;;;301-350;;
2025;fisioterapia;Faculdade Anhanguera de Belo Horizonte;MG;351;Privada;;;201-250;17.27;;;180;6.05;;;351-400;4.12;;;131;6.58;;;251-300;501-600;0.52
2025;fisioterapia;Faculdade Unirb-AL;AL;351;Privada;;;251-300;17.04;;;301-350;4.23;;;201-250;5.31;;;301-350;4.36;;;301-350;251-300;3.14
2025;fisioterapia;Centro Universitário Fanor Wyden;CE;351;Privada;;;251-300;16.19;;;401-500;3.45;;;601-700;0.79;;;189;5.95;;;301-350;1;6
2025;fisioterapia;Faculdade Anhanguera Unime de Salvador;BA;351;Privada;;;251-300;16.37;;;251-300;5.22;;;201-250;5.53;;;251-300;5.05;;;301-350;501-600;0.57
2025;fisioterapia;Faculdade Uninassau Petrolina;PE;351;Privada;;;301-350;15.63;;;351-400;4.05;;;351-400;3.92;;;351-400;4.15;;;301-350;251-300;3.51
2025;fisioterapia;Faculdade Israelita de Ciências da Saúde Albert Einstein;SP;351;Privada;;;251-300;16.9;;;601-700;0.9;;;1;8;;;1;8;;;301-350;;
2025;fisioterapia;Centro Universitário Antônio Eufrásio de Toledo de Presidente Prudente;SP;351;Privada;;;251-300;16.34;;;601-700;0.9;;;1;8;;;52;7.44;;;301-350;;
2025;fisioterapia;Faculdade de Guarantã do Norte;MT;351;Privada;;;251-300;16.89;;;401-500;2.83;;;251-300;5.24;;;401-500;2.82;;;301-350;1;6
2025;fisioterapia;Centro Universitário Central Paulista;SP;351;Privada;;;251-300;16.05;;;251-300;5.19;;;401-500;2.83;;;177;6.08;;;301-350;401-500;1.95
2025;fisioterapia;Faculdade Tecsoma;MG;351;Privada;;;251-300;16.1;;;301-350;4.28;;;188;5.94;;;501-600;2.49;;;301-350;251-300;3.39
2025;fisioterapia;Universidade Comunitária da Região de Chapecó;SC;351;Privada;;;251-300;16.76;;;401-500;2.58;;;1;8;;;401-500;3.63;;;301-350;301-350;2.55
2025;fisioterapia;Centro Universitário Planalto do Distrito Federal;DF;351;Privada;;;251-300;16.63;;;196;5.88;;;1;8;;;501-600;1.75;;;301-350;501-600;1
2025;fisioterapia;Faculdades Integradas de Taquara;RS;351;Privada;;;251-300;16.36;;;32;7.66;;;701-800;0.2;;;251-300;4.78;;;301-350;201-250;3.72
2025;fisioterapia;Centro Universitário de Ciências e Empreendedorismo;BA;351;Privada;;;251-300;16.52;;;401-500;3.18;;;180;6.03;;;401-500;2.88;;;301-350;159;4.43
2025;fisioterapia;Faculdade Anhanguera de Contagem;MG;351;Privada;;;251-300;16.75;;;150;6.38;;;351-400;3.8;;;141;6.47;;;301-350;501-600;0.1
2025;fisioterapia;Centro Universitário Governador Ozanam Coelho;MG;351;Privada;;;301-350;15.85;;;701-800;0.37;;;1;8;;;49;7.48;;;301-350;;
2025;fisioterapia;Centro Universitário Ages;BA;351;Privada;;;251-300;16.93;;;401-500;3.07;;;301-350;4.2;;;85;7.08;;;301-350;301-350;2.58
2025;fisioterapia;Universidade do Vale do Paraíba;SP;351;Privada;;;251-300;16.35;;;186;5.99;;;601-700;0.72;;;134;6.55;;;301-350;251-300;3.09
2025;fisioterapia;Faculdade Sete Lagoas;MG;351;Privada;;;251-300;17.02;;;201-250;5.54;;;401-500;3.21;;;201-250;5.5;;;301-350;301-350;2.77
2025;fisioterapia;Faculdade Dinâmica do Vale do Piranga;MG;351;Privada;;;301-350;15.89;;;190;5.94;;;401-500;3.51;;;351-400;4.06;;;301-350;351-400;2.38
2025;fisioterapia;Faculdade Anhanguera de Ipatinga;MG;351;Privada;;;251-300;17.02;;;201-250;5.71;;;251-300;5.22;;;201-250;5.65;;;301-350;501-600;0.44
2025;fisioterapia;Faculdade Multivix Vila Velha;ES;351;Privada;;;301-350;15.62;;;351-400;3.9;;;1;8;;;351-400;3.72;;;301-350;;
2025;fisioterapia;Faculdade Anhanguera de Brasília;DF;351;Privada;201-250;2.03;401-500;13.85;;;351-400;4.07;;;301-350;4.57;;;251-300;4.92;;;301-350;501-600;0.29
2025;fisioterapia;Faculdade Anhanguera de Caxias do Sul;RS;351;Privada;;;301-350;15.63;;;201-250;5.55;;;401-500;3.42;;;136;6.53;;;301-350;501-600;0.13
2025;fisioterapia;Centro Universitário Metodista Izabela Hendrix;MG;351;Privada;;;301-350;16.03;;;701-800;0.37;;;301-350;4.69;;;123;6.67;;;301-350;172;4.3
2025;fisioterapia;Faculdade São Francisco de Assis;RS;351;Privada;;;301-350;15.6;;;501-600;2.26;;;501-600;1.98;;;201-250;5.36;;;301-350;1;6
2025;fisioterapia;Faculdade Anhanguera de Linhares;ES;351;Privada;;;301-350;15.8;;;251-300;4.85;;;251-300;4.98;;;201-250;5.6;;;301-350;501-600;0.37
2025;fisioterapia;Centro Universitário Ufbra;SP;351;Privada;;;251-300;16.3;;;601-700;0.9;;;1;8;;;56;7.4;;;301-350;;
2025;fisioterapia;Faculdade Zacarias de Góes;BA;351;Privada;;;301-350;15.62;;;501-600;1.64;;;1;8;;;601-700;0.96;;;301-350;99;5.02
2025;fisioterapia;Faculdade Unibras Santa Inês;MA;351;Privada;;;251-300;16.86;;;601-700;1.18;;;1;8;;;30;7.68;;;301-350;;
2025;fisioterapia;Centro Universitário Unicuritiba;PR;351;Privada;;;251-300;16.24;;;251-300;5.03;;;401-500;3.4;;;135;6.54;;;301-350;401-500;1.27
2025;fisioterapia;Faculdade de Ciências Sociais e Agrárias de Itapeva;SP;351;Privada;;;251-300;17.25;;;251-300;4.96;;;201-250;5.79;;;501-600;2.01;;;251-300;153;4.49
2025;fisioterapia;Instituto Florence de Ensino Superior;MA;351;Privada;;;251-300;17.11;;;501-600;1.63;;;1;8;;;501-600;1.48;;;301-350;1;6
2025;fisioterapia;Centro Universitário de Lavras;MG;351;Privada;;;251-300;17.02;;;93;7;;;401-500;2.78;;;186;5.98;;;301-350;401-500;1.26
2025;fisioterapia;Faculdade de Educação São Francisco;MA;351;Privada;;;251-300;16.65;;;401-500;2.93;;;1;8;;;601-700;0.78;;;301-350;107;4.94
2025;fisioterapia;Favenorte de Porteirinha;MG;351;Privada;;;301-350;15.68;;;401-500;3.42;;;251-300;4.87;;;601-700;1.39;;;301-350;1;6
2025;fisioterapia;Faculdade Dom Alberto;RS;351;Privada;;;251-300;17.08;;;92;7.01;;;201-250;5.35;;;401-500;2.87;;;301-350;401-500;1.85
2025;fisioterapia;Centro Universitário Católica de Quixadá;CE;351;Privada;;;251-300;16.75;;;201-250;5.5;;;251-300;5.14;;;301-350;4.65;;;301-350;401-500;1.46
2025;fisioterapia;Faculdade de Ciências Humanas Esuda;PE;351;Privada;;;251-300;16.08;;;601-700;1.05;;;1;8;;;90;7.03;;;301-350;;
2025;fisioterapia;Faculdade São Luís de França;SE;351;Privada;;;301-350;15.8;;;401-500;2.67;;;401-500;3.11;;;112;6.79;;;301-350;251-300;3.23
2025;fisioterapia;Centro Universitário do Paraná;PR;351;Privada;;;301-350;15.75;;;182;6.03;;;601-700;0.55;;;401-500;3.17;;;301-350;1;6
2025;fisioterapia;Faculdade da Saúde e Ecologia Humana;MG;351;Privada;;;301-350;15.64;;;251-300;5.28;;;401-500;2.76;;;351-400;3.77;;;301-350;201-250;3.83
2025;fisioterapia;Faculdade Padrão;GO;351;Privada;;;251-300;16.77;;;601-700;0.45;;;201-250;5.58;;;251-300;4.74;;;301-350;1;6
2025;fisioterapia;Faculdade Madre Thais;BA;401;Privada;;;351-400;14.54;;;151;6.37;;;251-300;4.89;;;601-700;0.97;;;351-400;351-400;2.31
2025;fisioterapia;Faculdade Anhanguera Pitágoras de Jundiaí;SP;401;Privada;;;401-500;12.77;;;601-700;0.9;;;301-350;4.29;;;41;7.56;;;401-500;601-700;0.02
2025;fisioterapia;Faculdade Ibiapaba;CE;401;Privada;;;401-500;13.54;;;75;7.2;;;701-800;0.15;;;701-800;0.19;;;401-500;1;6
2025;fisioterapia;Faculdade Rodolfo Teófilo;CE;401;Privada;;;401-500;13.82;;;200;5.83;;;601-700;1.34;;;351-400;4.08;;;401-500;301-350;2.57
2025;fisioterapia;Escola de Ensino Superior do Agreste Paraibano;PB;401;Privada;;;351-400;14.72;;;401-500;3.25;;;1;8;;;401-500;3.47;;;351-400;;
2025;fisioterapia;Faculdade Fasipe Mato Grosso;MT;401;Privada;;;301-350;15.28;;;401-500;2.68;;;201-250;5.61;;;501-600;1.8;;;351-400;82;5.19
2025;fisioterapia;Faculdade do Baixo Parnaíba;MA;401;Privada;;;401-500;12.61;;;601-700;1.18;;;1;8;;;401-500;3.43;;;401-500;;
2025;fisioterapia;Centro Universitário da Amazônia;PA;401;Privada;;;401-500;13.45;;;301-350;4.31;;;351-400;3.9;;;501-600;1.47;;;401-500;201-250;3.77
2025;fisioterapia;Faculdade Sogipa de Educação Física;RS;401;Privada;201-250;2.03;401-500;13.31;;;22;7.77;;;601-700;0.51;;;501-600;2.11;;;351-400;301-350;2.92
2025;fisioterapia;Faculdade de Enfermagem Nova Esperança de Mossoró;RN;401;Privada;;;351-400;14.34;;;351-400;3.74;;;1;8;;;601-700;0.52;;;351-400;351-400;2.08
2025;fisioterapia;Centro Universitário Maurício de Nassau de Aracaju;SE;401;Privada;;;401-500;13.19;;;401-500;2.67;;;301-350;4.43;;;251-300;4.97;;;401-500;401-500;1.12
2025;fisioterapia;Universidade do Contestado;SC;401;Privada;;;401-500;13.44;;;301-350;4.47;;;251-300;4.78;;;601-700;0.94;;;401-500;251-300;3.25
2025;fisioterapia;Centro Universitário Anhanguera Pitágoras Unopar de Campo Grande;MS;401;Privada;;;351-400;14.64;;;501-600;1.97;;;201-250;5.33;;;115;6.76;;;351-400;501-600;0.58
2025;fisioterapia;Faculdades Integradas dos Campos Gerais;PR;401;Privada;;;301-350;15.26;;;191;5.93;;;501-600;2.03;;;501-600;2.14;;;351-400;85;5.16
2025;fisioterapia;Centro Universitário Santo Agostinho;PI;401;Privada;;;401-500;14.01;;;301-350;4.35;;;401-500;2.95;;;351-400;4.01;;;351-400;301-350;2.7
2025;fisioterapia;Faculdade Anhanguera de Guarulhos;SP;401;Privada;;;301-350;15.14;;;501-600;1.99;;;201-250;5.71;;;74;7.2;;;351-400;501-600;0.24
2025;fisioterapia;Faculdade Anhanguera de Indaiatuba;SP;401;Privada;;;301-350;15.47;;;351-400;4.06;;;301-350;4.62;;;119;6.71;;;301-350;501-600;0.08
2025;fisioterapia;Faculdades Integradas de Ciências Humanas, Saúde e Educação de Guarulhos;SP;401;Privada;;;351-400;14.59;;;601-700;0.9;;;601-700;0.66;;;90;7.03;;;351-400;1;6
2025;fisioterapia;Faculdade Anhanguera de Maceió;AL;401;Privada;;;401-500;13.24;;;401-500;2.59;;;251-300;5.1;;;251-300;4.84;;;401-500;501-600;0.71
2025;fisioterapia;Instituto Macapaense de Ensino Superior;AP;401;Privada;;;401-500;12.8;;;189;5.95;;;601-700;0.71;;;701-800;0.14;;;401-500;1;6
2025;fisioterapia;Centro Universitário de Barra Mansa;RJ;401;Privada;;;351-400;14.23;;;351-400;3.66;;;301-350;4.61;;;501-600;1.81;;;351-400;187;4.15
2025;fisioterapia;Instituição de Ensino Superior de Cacoal;RO;401;Privada;;;401-500;13.69;;;501-600;1.55;;;197;5.84;;;701-800;0.3;;;401-500;1;6
2025;fisioterapia;Centro Universitário São Camilo - Espírito Santo;ES;401;Privada;;;351-400;14.78;;;201-250;5.73;;;351-400;3.69;;;501-600;2.54;;;351-400;301-350;2.82
2025;fisioterapia;Centro Universitário São Lucas Ji-paraná;RO;401;Privada;;;401-500;13.11;;;251-300;4.97;;;301-350;4.6;;;501-600;2.21;;;401-500;401-500;1.33
2025;fisioterapia;Faculdade Raimundo Marinho de Penedo;AL;401;Privada;;;351-400;15.01;;;601-700;1.42;;;1;8;;;201-250;5.59;;;351-400;;
2025;fisioterapia;Instituto Itapetiningano de Ensino Superior;SP;401;Privada;;;401-500;13.65;;;401-500;3.14;;;1;8;;;601-700;0.87;;;401-500;401-500;1.64
2025;fisioterapia;Faculdade Anhanguera de Joinville;SC;401;Privada;;;301-350;15.55;;;105;6.87;;;351-400;3.71;;;251-300;4.75;;;301-350;501-600;0.22
2025;fisioterapia;Faculdade Anhanguera Unidade Guarapari;ES;401;Privada;;;401-500;12.88;;;251-300;4.87;;;301-350;4.31;;;401-500;3.49;;;401-500;501-600;0.21
2025;fisioterapia;Faculdade Cespu Europa Brasil;PE;401;Privada;;;401-500;14.07;;;601-700;1.05;;;1;8;;;251-300;5.02;;;351-400;;
2025;fisioterapia;Centro Universitário de Jaguariúna;SP;401;Privada;;;401-500;12.88;;;104;6.88;;;601-700;0.78;;;401-500;2.97;;;401-500;351-400;2.25
2025;fisioterapia;Centro Universitário Filadélfia;PR;401;Privada;;;401-500;14.02;;;34;7.64;;;401-500;3.28;;;501-600;2.23;;;351-400;501-600;0.87
2025;fisioterapia;Centro Universitário das Américas;SP;401;Privada;201-250;2.03;501-600;11.67;;;301-350;4.34;;;701-800;0.21;;;401-500;3.21;;;401-500;201-250;3.91
2025;fisioterapia;Centro Universitário Goyazes;GO;401;Privada;;;301-350;15.19;;;401-500;3.6;;;1;8;;;501-600;1.99;;;351-400;401-500;1.6
2025;fisioterapia;Centro Universitário Unicarioca;RJ;401;Privada;;;401-500;12.65;;;601-700;0.51;;;301-350;4.52;;;36;7.62;;;401-500;;
2025;fisioterapia;Faculdade Unirb - Mossoró;RN;401;Privada;;;351-400;14.82;;;501-600;1.72;;;401-500;2.69;;;301-350;4.41;;;351-400;1;6
2025;fisioterapia;Centro Universitário Anhanguera de Marabá;PA;401;Privada;;;351-400;14.69;;;201-250;5.4;;;501-600;2.14;;;351-400;4.17;;;351-400;301-350;2.98
2025;fisioterapia;Centro Universitário Farias Brito;CE;401;Privada;;;351-400;14.66;;;501-600;2.1;;;1;8;;;301-350;4.56;;;351-400;;
2025;fisioterapia;Centro Universitário Estácio de Brasília;DF;401;Privada;;;401-500;12.83;;;301-350;4.3;;;601-700;1.14;;;351-400;3.85;;;401-500;201-250;3.54
2025;fisioterapia;Faculdade Anhanguera de Ciências Sociais Aplicadas de Sinop;MT;401;Privada;;;401-500;13.83;;;501-600;2.46;;;201-250;5.32;;;201-250;5.63;;;401-500;501-600;0.42
2025;fisioterapia;Centro Universitário Maurício de Nassau de João Pessoa;PB;401;Privada;;;401-500;12.59;;;351-400;3.78;;;351-400;3.63;;;351-400;3.89;;;401-500;401-500;1.29
2025;fisioterapia;Faculdade Anhanguera de Sumaré;SP;401;Privada;;;401-500;12.71;;;401-500;3.37;;;501-600;2.27;;;116;6.75;;;401-500;501-600;0.32
2025;fisioterapia;Faculdade Anhanguera de Campinas;SP;401;Privada;;;301-350;15.1;;;351-400;3.77;;;351-400;4.07;;;105;6.87;;;351-400;501-600;0.39
2025;fisioterapia;Faculdade Una de Jataí;GO;401;Privada;;;401-500;13.75;;;401-500;2.63;;;301-350;4.69;;;145;6.43;;;401-500;;
2025;fisioterapia;Faculdade Anhanguera de Santa Bárbara;SP;401;Privada;;;351-400;14.28;;;401-500;2.88;;;301-350;4.24;;;84;7.09;;;351-400;501-600;0.07
2025;fisioterapia;Centro Universitário Favip Wyden;PE;401;Privada;;;351-400;14.14;;;401-500;3.55;;;601-700;1.02;;;401-500;3.57;;;351-400;1;6
2025;fisioterapia;Centro Universitário Anhanguera de Fortaleza;CE;401;Privada;;;401-500;14.02;;;501-600;2.1;;;301-350;4.28;;;77;7.17;;;351-400;501-600;0.47
2025;fisioterapia;Centro Universitário Una de Uberlândia;MG;401;Privada;;;301-350;15.26;;;185;6;;;401-500;2.96;;;201-250;5.61;;;351-400;501-600;0.69
2025;fisioterapia;Centro Universitário de Caratinga;MG;401;Privada;;;301-350;15.42;;;351-400;3.96;;;201-250;5.41;;;401-500;3.54;;;351-400;351-400;2.51
2025;fisioterapia;Faculdade Unirb - Feira de Santana;BA;401;Privada;;;401-500;12.76;;;701-800;0.2;;;1;8;;;301-350;4.56;;;401-500;;
2025;fisioterapia;Faculdade Adventista da Bahia;BA;401;Privada;;;401-500;13.14;;;167;6.19;;;601-700;0.91;;;351-400;4.14;;;401-500;401-500;1.9
2025;fisioterapia;Faculdade Anhanguera de Macapá;AP;401;Privada;;;301-350;15.31;;;501-600;1.58;;;1;8;;;201-250;5.57;;;351-400;501-600;0.16
2025;fisioterapia;Centro Universitário Itop;TO;401;Privada;;;401-500;12.96;;;501-600;2.43;;;1;8;;;501-600;2.53;;;401-500;;
2025;fisioterapia;Faculdade Paranaense-Curitiba;PR;401;Privada;;;401-500;12.94;;;501-600;1.96;;;1;8;;;601-700;1;;;401-500;401-500;1.98
2025;fisioterapia;Faculdade Sudamérica;MG;401;Privada;;;351-400;14.84;;;401-500;3.17;;;501-600;2.19;;;401-500;3.48;;;351-400;1;6
2025;fisioterapia;Centro Universitário Imepac;MG;401;Privada;;;351-400;14.38;;;701-800;0.37;;;1;8;;;183;6.01;;;351-400;;
2025;fisioterapia;Faculdade Anhanguera de Poços de Caldas;MG;401;Privada;;;401-500;13.15;;;188;5.97;;;401-500;2.54;;;301-350;4.61;;;401-500;501-600;0.03
2025;fisioterapia;Centro Universitário Maurício de Nassau Teresina Sul;PI;401;Privada;;;351-400;14.7;;;351-400;4.18;;;251-300;4.71;;;301-350;4.37;;;351-400;401-500;1.44
2025;fisioterapia;Centro Universitário Estácio Juiz de Fora;MG;401;Privada;;;351-400;14.98;;;301-350;4.54;;;501-600;1.85;;;201-250;5.3;;;351-400;251-300;3.29
2025;fisioterapia;Centro Universitário do Vale do Araguaia;MT;401;Privada;;;351-400;14.1;;;139;6.5;;;401-500;3.08;;;601-700;1.11;;;351-400;251-300;3.41
2025;fisioterapia;Centro Universitário Sociesc de Blumenau;SC;401;Privada;;;301-350;15.18;;;156;6.31;;;351-400;3.85;;;251-300;5.02;;;351-400;;
2025;fisioterapia;Centro Universitário Dom Pedro II;BA;401;Privada;;;351-400;14.97;;;401-500;2.85;;;1;8;;;701-800;0.32;;;351-400;201-250;3.8
2025;fisioterapia;Centro Universitário das Faculdades Integradas de Ourinhos;SP;401;Privada;;;351-400;14.93;;;201-250;5.69;;;601-700;1.32;;;401-500;3.6;;;351-400;170;4.32
2025;fisioterapia;Centro Universitário do Vale do Ribeira;SP;401;Privada;;;401-500;12.59;;;251-300;5.22;;;501-600;1.82;;;401-500;2.55;;;401-500;301-350;3
2025;fisioterapia;Faculdade Estácio de Castanhal;PA;401;Privada;;;351-400;14.4;;;351-400;4.05;;;501-600;2;;;351-400;3.86;;;351-400;153;4.49
2025;fisioterapia;Faculdade Católica do Rio Grande do Norte;RN;401;Privada;;;401-500;12.64;;;401-500;2.7;;;351-400;3.72;;;301-350;4.45;;;401-500;401-500;1.77
2025;fisioterapia;Centro Universitário Ritter dos Reis;RS;401;Privada;;;401-500;13.87;;;251-300;5.02;;;401-500;2.74;;;301-350;4.3;;;401-500;401-500;1.81
2025;fisioterapia;Faculdade Anhanguera de Piracicaba;SP;401;Privada;;;301-350;15.55;;;301-350;4.66;;;401-500;3.1;;;76;7.18;;;301-350;501-600;0.61
2025;fisioterapia;Centro Universitário Nossa Senhora do Patrocínio;SP;401;Privada;;;401-500;12.98;;;187;5.98;;;601-700;0.41;;;201-250;5.53;;;401-500;401-500;1.06
2025;fisioterapia;Centro Universitário Augusto Motta;RJ;401;Privada;;;401-500;12.8;;;401-500;2.73;;;501-600;2.38;;;501-600;2.4;;;401-500;72;5.29
2025;fisioterapia;Centro Universitario Universo Belo Horizonte;MG;401;Privada;;;401-500;13.32;;;401-500;3.07;;;501-600;2.26;;;201-250;5.32;;;401-500;301-350;2.67
2025;fisioterapia;Universidade da Região de Joinville;SC;401;Privada;;;351-400;14.12;;;401-500;2.58;;;301-350;4.5;;;89;7.04;;;351-400;;
2025;fisioterapia;Universidade de Rio Verde;GO;401;Municipal;201-250;2.03;401-500;11.83;;;401-500;3.52;;;201-250;5.5;;;501-600;1.57;;;55;401-500;1.24
2025;fisioterapia;Faculdade Cosmopolita;PA;401;Privada;;;401-500;13.09;;;351-400;3.93;;;301-350;4.52;;;501-600;1.83;;;401-500;301-350;2.81
2025;fisioterapia;Centro Universitário Unibras Rio Verde;GO;401;Privada;;;401-500;13.19;;;601-700;0.46;;;1;8;;;601-700;1.12;;;401-500;201-250;3.61
2025;fisioterapia;Centro Universitário Estácio de São Paulo;SP;401;Privada;;;401-500;12.81;;;601-700;0.9;;;601-700;0.93;;;46;7.51;;;401-500;251-300;3.47
2025;fisioterapia;Faculdade Anhanguera de Itabuna;BA;401;Privada;;;351-400;14.71;;;401-500;3.15;;;201-250;5.48;;;187;5.97;;;351-400;501-600;0.11
2025;fisioterapia;Centro de Ensino Superior de Serra Dourada;SP;401;Privada;;;401-500;12.64;;;501-600;2.29;;;251-300;5.2;;;251-300;5.15;;;401-500;;
2025;fisioterapia;Faculdade Galileu;SP;401;Privada;;;401-500;13.69;;;601-700;0.9;;;1;8;;;251-300;4.79;;;401-500;;
2025;fisioterapia;Centro Universitário Fibra;PA;401;Privada;;;401-500;13.3;;;601-700;1.11;;;1;8;;;301-350;4.19;;;401-500;;
2025;fisioterapia;Faculdade Una de Itabira;MG;401;Privada;;;401-500;13.07;;;501-600;2.36;;;351-400;4.02;;;121;6.69;;;401-500;;
2025;fisioterapia;Faculdade Três Marias;PB;401;Privada;;;401-500;13.64;;;401-500;3.25;;;1;8;;;501-600;2.39;;;401-500;;
2025;fisioterapia;Instituto Universitário Una de Catalão;GO;401;Privada;;;351-400;14.52;;;501-600;1.92;;;251-300;4.91;;;351-400;3.82;;;351-400;201-250;3.87
2025;fisioterapia;Faculdade Anhanguera de São Luiz;MA;401;Privada;;;401-500;13.35;;;301-350;4.29;;;251-300;4.73;;;351-400;3.78;;;401-500;501-600;0.55
2025;fisioterapia;Centro Universitário de Santa Fé do Sul;SP;401;Municipal;;;401-500;13.41;;;351-400;3.72;;;351-400;3.74;;;601-700;1.42;;;56;149;4.53
2025;fisioterapia;Faculdade Morgana Potrich;GO;401;Privada;;;401-500;12.73;;;401-500;2.87;;;1;8;;;601-700;0.45;;;401-500;401-500;1.41
2025;fisioterapia;Faculdades Integradas Aparício Carvalho Vilhena;RO;401;Privada;;;301-350;15.58;;;401-500;2.92;;;1;8;;;501-600;1.77;;;301-350;301-350;2.89
2025;fisioterapia;Centro Universitário Newton Paiva;MG;401;Privada;;;301-350;15.19;;;76;7.18;;;501-600;1.39;;;251-300;5.22;;;351-400;401-500;1.4
2025;fisioterapia;Centro Universitário Maurício de Nassau de Juazeiro do Norte;CE;401;Privada;;;401-500;12.65;;;501-600;2.1;;;401-500;3.09;;;501-600;1.46;;;401-500;1;6
2025;fisioterapia;Faculdade Unirb - Natal;RN;401;Privada;;;401-500;13.66;;;501-600;1.72;;;1;8;;;351-400;3.94;;;401-500;;
2025;fisioterapia;Universidade de Araraquara;SP;401;Privada;;;401-500;14.06;;;147;6.41;;;601-700;0.98;;;251-300;5.13;;;351-400;401-500;1.54
2025;fisioterapia;Faculdade Uninta Tianguá;CE;401;Privada;;;351-400;14.5;;;501-600;2.1;;;1;8;;;301-350;4.4;;;351-400;;
2025;fisioterapia;Universidade Alto Vale do Rio do Peixe;SC;401;Privada;;;351-400;14.68;;;170;6.16;;;401-500;2.75;;;301-350;4.39;;;351-400;401-500;1.38
2025;fisioterapia;Faculdade Anhanguera de Primavera do Leste;MT;401;Privada;;;351-400;14.93;;;351-400;4.19;;;251-300;5.11;;;251-300;5.04;;;351-400;501-600;0.59
2025;fisioterapia;Faculdade Multivix Cariacica;ES;401;Privada;;;301-350;15.28;;;351-400;3.9;;;201-250;5.69;;;201-250;5.69;;;351-400;;
2025;fisioterapia;Instituto de Educação Superior Raimundo Sá;PI;401;Privada;;;301-350;15.23;;;251-300;4.76;;;301-350;4.44;;;601-700;0.82;;;351-400;80;5.21
2025;fisioterapia;Faculdade Brasileira de Tecnologia-BA;BA;401;Privada;;;301-350;15.45;;;701-800;0.2;;;1;8;;;170;6.16;;;351-400;401-500;1.09
2025;fisioterapia;Faculdade de São Vicente;SP;401;Privada;;;351-400;14.49;;;601-700;0.9;;;1;8;;;201-250;5.59;;;351-400;;
2025;fisioterapia;Faculdade Anhanguera de Rondonópolis;MT;401;Privada;;;401-500;13.58;;;251-300;4.9;;;201-250;5.27;;;401-500;2.61;;;401-500;501-600;0.8
2025;fisioterapia;Centro Universitário do Espírito Santo;ES;401;Privada;;;351-400;14.75;;;52;7.45;;;501-600;2.24;;;401-500;3.31;;;351-400;401-500;1.75
2025;fisioterapia;Faculdade Cesumar de Ponta Grossa;PR;401;Privada;;;351-400;14.51;;;601-700;1.31;;;501-600;1.72;;;201-250;5.48;;;351-400;1;6
2025;fisioterapia;Centro Universitário Tabosa de Almeida;PE;401;Privada;;;351-400;14.76;;;111;6.8;;;501-600;2.15;;;501-600;2;;;351-400;201-250;3.81
2025;fisioterapia;Centro Universitário Tocantinense Presidente Antônio Carlos;TO;501;Privada;;;501-600;11.52;;;501-600;2.43;;;401-500;3.31;;;201-250;5.78;;;401-500;;
2025;fisioterapia;Faculdade CTA;SP;501;Privada;;;501-600;10.26;;;601-700;0.9;;;1;8;;;601-700;1.36;;;501-600;;
2025;fisioterapia;Faculdade Anhanguera de Jacareí;SP;501;Privada;;;501-600;11.31;;;601-700;0.9;;;301-350;4.35;;;183;6.01;;;401-500;501-600;0.05
2025;fisioterapia;Centro Universitário Funcesi;MG;501;Privada;;;501-600;11.53;;;162;6.25;;;601-700;1.25;;;501-600;2.48;;;401-500;401-500;1.55
2025;fisioterapia;Faculdade de Quixeramobim;CE;501;Privada;;;501-600;10.97;;;401-500;3.2;;;601-700;1.04;;;601-700;0.73;;;401-500;1;6
2025;fisioterapia;Centro Universitário Católico Ítalo Brasileiro;SP;501;Privada;;;501-600;11.1;;;251-300;4.82;;;601-700;1.29;;;401-500;3.32;;;401-500;401-500;1.67
2025;fisioterapia;Faculdade de Ensino Superior do Piauí;PI;501;Privada;;;401-500;12.31;;;401-500;3.39;;;351-400;4.01;;;601-700;0.88;;;401-500;199;4.03
2025;fisioterapia;Faculdade de Medicina Estácio de Juazeiro do Norte;CE;501;Privada;;;501-600;11.22;;;251-300;4.94;;;501-600;1.95;;;501-600;2.07;;;401-500;351-400;2.26
2025;fisioterapia;Faculdade Anhanguera de Teixeira de Freitas;BA;501;Privada;;;501-600;11.39;;;401-500;3.54;;;351-400;3.94;;;401-500;3.58;;;401-500;501-600;0.33
2025;fisioterapia;Centro Universitário Uniftec;RS;501;Privada;;;501-600;11.5;;;501-600;2.26;;;401-500;2.8;;;144;6.44;;;401-500;;
2025;fisioterapia;Instituto de Ensino Superior do Sul do Maranhão;MA;501;Privada;;;401-500;12.47;;;251-300;5.26;;;401-500;3.19;;;601-700;0.44;;;401-500;201-250;3.58
2025;fisioterapia;Centro Universitário Fip-moc;MG;501;Privada;;;401-500;12.28;;;201-250;5.61;;;401-500;3;;;601-700;1.15;;;401-500;301-350;2.52
2025;fisioterapia;Faculdade Hélio Rocha;BA;501;Privada;;;501-600;10.59;;;701-800;0.2;;;1;8;;;501-600;2.39;;;501-600;;
2025;fisioterapia;Faculdades Reunidas da Asce;RJ;501;Privada;;;501-600;10.21;;;501-600;1.88;;;501-600;1.62;;;601-700;0.71;;;501-600;1;6
2025;fisioterapia;Centro Universitário Estácio Meta de Rio Branco Estácio;AC;501;Privada;;;501-600;10.11;;;201-250;5.63;;;501-600;2.25;;;601-700;1.19;;;501-600;401-500;1.04
2025;fisioterapia;Ensino Superior Albert Sabin;DF;501;Privada;;;501-600;11.5;;;501-600;2.2;;;401-500;2.9;;;401-500;2.81;;;401-500;201-250;3.59
2025;fisioterapia;Faculdade Novo Milênio;ES;501;Privada;;;401-500;12.07;;;351-400;3.9;;;301-350;4.55;;;401-500;3.62;;;401-500;;
2025;fisioterapia;Centro Universitário Maurício de Nassau de Cacoal;RO;501;Privada;;;401-500;12.28;;;251-300;4.79;;;351-400;3.84;;;501-600;1.64;;;401-500;401-500;2.01
2025;fisioterapia;Faculdade Uninassau Maracanaú;CE;501;Privada;;;501-600;10.15;;;501-600;2.1;;;251-300;4.76;;;401-500;3.29;;;501-600;;
2025;fisioterapia;Centro Universitário Campo Limpo Paulista;SP;501;Privada;;;501-600;10.75;;;401-500;3.56;;;501-600;2.21;;;601-700;0.47;;;501-600;151;4.51
2025;fisioterapia;Faculdade Cidade de Patos de Minas;MG;501;Privada;;;501-600;10.06;;;701-800;0.37;;;192;5.89;;;351-400;3.8;;;501-600;;
2025;fisioterapia;Centro Universitário Estácio da Bahia;BA;501;Privada;;;501-600;11.3;;;251-300;5.05;;;601-700;1.03;;;501-600;2.02;;;401-500;251-300;3.2
2025;fisioterapia;Instituto Esperança de Ensino Superior;PA;501;Privada;;;501-600;10.7;;;201-250;5.43;;;701-800;0.1;;;601-700;0.9;;;501-600;175;4.27
2025;fisioterapia;Centro Universitário de Ciências e Tecnologia do Maranhão;MA;501;Privada;;;501-600;10.88;;;501-600;1.95;;;192;5.89;;;601-700;0.64;;;401-500;351-400;2.4
2025;fisioterapia;Faculdade Estácio de Santo André;SP;501;Privada;;;501-600;10.61;;;601-700;0.9;;;401-500;3.4;;;156;6.31;;;501-600;;
2025;fisioterapia;Faculdade do Sul da Bahia;BA;501;Privada;;;501-600;11.23;;;301-350;4.22;;;501-600;1.75;;;601-700;0.48;;;401-500;123;4.78
2025;fisioterapia;Faculdade Uninassau Olinda;PE;501;Privada;;;501-600;10.86;;;301-350;4.51;;;501-600;2.31;;;401-500;2.86;;;501-600;401-500;1.18
2025;fisioterapia;Faculdade Unirb - Piauí;PI;501;Privada;;;501-600;10.46;;;501-600;1.81;;;401-500;3.47;;;251-300;5.18;;;501-600;;
2025;fisioterapia;Faculdade Anhanguera de Sorriso;MT;501;Privada;;;501-600;10.6;;;401-500;3.05;;;301-350;4.37;;;401-500;2.65;;;501-600;501-600;0.53
2025;fisioterapia;Faculdade Uninassau Garanhuns;PE;501;Privada;;;501-600;9.94;;;601-700;1.05;;;401-500;3.17;;;401-500;3.09;;;501-600;301-350;2.63
2025;fisioterapia;Centro Universitário da Região da Campanha;RS;501;Privada;;;501-600;10.96;;;351-400;4.16;;;601-700;1.27;;;601-700;0.43;;;401-500;91;5.1
2025;fisioterapia;Centro Universitário Universo Juiz de Fora;MG;501;Privada;;;501-600;11.38;;;351-400;3.73;;;501-600;2.01;;;401-500;2.74;;;401-500;301-350;2.9
2025;fisioterapia;Instituto Municipal de Ensino Superior de Assis;SP;501;Municipal;;;501-600;9.47;;;601-700;0.9;;;501-600;1.91;;;157;6.3;;;57;501-600;0.36
2025;fisioterapia;Faculdades Integradas de Cassilândia;MS;501;Privada;;;401-500;12.11;;;601-700;0.63;;;351-400;4.05;;;601-700;1.43;;;401-500;1;6
2025;fisioterapia;Centro Universitário Max Planck;SP;501;Privada;;;401-500;12.06;;;82;7.12;;;601-700;1.08;;;601-700;0.99;;;401-500;301-350;2.87
2025;fisioterapia;Faculdade Diplomata;BA;501;Privada;;;401-500;11.9;;;701-800;0.2;;;1;8;;;401-500;3.36;;;401-500;501-600;0.34
2025;fisioterapia;Centro Universitário Opet;PR;501;Privada;;;501-600;10.87;;;601-700;1.31;;;251-300;4.87;;;301-350;4.69;;;401-500;;
2025;fisioterapia;Faculdade Via Sapiens;CE;501;Privada;;;501-600;10.28;;;501-600;2.1;;;1;8;;;701-800;0.18;;;501-600;;
2025;fisioterapia;Faculdade da Escada;PE;501;Privada;;;501-600;11.71;;;601-700;1.46;;;1;8;;;601-700;0.62;;;401-500;401-500;1.63
2025;fisioterapia;Centro Universitário de Goiânia;GO;501;Privada;;;501-600;9.7;;;251-300;5.16;;;701-800;0.17;;;401-500;3.23;;;501-600;401-500;1.14
2025;fisioterapia;Centro Universitário Maurício de Nassau de São Luís;MA;501;Privada;;;501-600;11.28;;;501-600;2.28;;;401-500;3.59;;;401-500;3.41;;;401-500;401-500;2
2025;fisioterapia;Centro Universitário Vale do Cricaré;ES;501;Privada;;;501-600;10.9;;;351-400;3.9;;;501-600;2.44;;;601-700;1.18;;;401-500;251-300;3.38
2025;fisioterapia;Centro Universitário Mais;GO;501;Privada;;;401-500;12.15;;;601-700;0.45;;;1;8;;;351-400;3.7;;;401-500;;
2025;fisioterapia;Faculdade Cnec Santo Ângelo;RS;501;Privada;;;501-600;10.41;;;501-600;2.26;;;701-800;0.11;;;251-300;4.82;;;501-600;251-300;3.22
2025;fisioterapia;Instituto de Ensino Superior e Formação Avançada de Vitória;ES;501;Privada;;;401-500;12.23;;;251-300;5.25;;;251-300;5;;;601-700;1.04;;;401-500;501-600;0.94
2025;fisioterapia;Centro Universitário do Rio São Francisco;BA;501;Privada;;;501-600;10.83;;;701-800;0.2;;;1;8;;;401-500;2.63;;;501-600;;
2025;fisioterapia;Instituto Tecnológico e das Ciências Sociais Aplicadas e da Saúde do Centro Educ. N. Srª Auxiliadora;RJ;501;Privada;;;401-500;11.71;;;351-400;3.7;;;501-600;1.7;;;601-700;1.05;;;401-500;75;5.26
2025;fisioterapia;Faculdade Dom Luis de Orleans e Bragança;BA;501;Privada;;;501-600;9.46;;;501-600;1.82;;;251-300;5.2;;;601-700;0.42;;;501-600;351-400;2.02
2025;fisioterapia;Universidade Brasil;SP;501;Privada;;;401-500;12.52;;;501-600;1.48;;;501-600;2.45;;;401-500;2.59;;;401-500;1;6
2025;fisioterapia;Faculdade Unibras do Mato Grosso;MT;501;Privada;;;501-600;10.75;;;501-600;2.45;;;501-600;1.99;;;501-600;2.34;;;501-600;201-250;3.97
2025;fisioterapia;Instituto Paraibano de Ensino Renovado;PB;501;Privada;;;501-600;11.41;;;401-500;3.25;;;601-700;0.46;;;65;7.3;;;401-500;501-600;0.4
2025;fisioterapia;Instituto de Ensino Superior de Foz do Iguaçu;PR;501;Privada;;;501-600;9.85;;;501-600;2.37;;;301-350;4.56;;;601-700;0.76;;;501-600;351-400;2.16
2025;fisioterapia;Instituto Taubaté de Ensino Superior;SP;501;Privada;;;501-600;9.65;;;113;6.78;;;601-700;0.44;;;601-700;0.85;;;501-600;401-500;1.58
2025;fisioterapia;Centro Universitário Estácio da Amazônia;RR;501;Privada;;;501-600;9.6;;;401-500;2.97;;;601-700;0.87;;;401-500;3.33;;;501-600;351-400;2.43
2025;fisioterapia;Faculdade Guilherme Guimbala;SC;501;Privada;;;501-600;9.89;;;301-350;4.72;;;601-700;0.96;;;601-700;0.37;;;501-600;201-250;3.84
2025;fisioterapia;Faculdade de Botucatu;SP;501;Privada;;;401-500;12.11;;;601-700;0.9;;;251-300;5;;;165;6.21;;;401-500;;
2025;fisioterapia;Centro Universitário da Amazônia Belém;PA;501;Privada;;;501-600;11.71;;;501-600;2.44;;;401-500;3.3;;;401-500;3.13;;;401-500;301-350;2.84
2025;fisioterapia;Faculdade Martha Falcão Wyden;AM;501;Privada;;;501-600;9.77;;;601-700;1.37;;;601-700;0.75;;;501-600;1.65;;;501-600;1;6
2025;fisioterapia;Centro Universitário de Patos;PB;501;Privada;;;401-500;12.33;;;251-300;4.83;;;501-600;1.53;;;501-600;2.45;;;401-500;201-250;3.52
2025;fisioterapia;Centro Universitário Metropolitano de Maringá;PR;501;Privada;;;501-600;9.83;;;401-500;3.32;;;501-600;2.17;;;501-600;1.63;;;501-600;301-350;2.71
2025;fisioterapia;Centro Universitário de Jales;SP;501;Privada;;;401-500;12.52;;;501-600;1.62;;;201-250;5.67;;;601-700;1.1;;;401-500;189;4.13
2025;fisioterapia;Faculdade São Salvador;BA;501;Privada;;;501-600;10.36;;;701-800;0.2;;;501-600;1.61;;;351-400;3.94;;;501-600;141;4.61
2025;fisioterapia;Faculdade Anhanguera de Uberlândia;MG;501;Privada;;;501-600;11.47;;;501-600;1.91;;;251-300;4.8;;;351-400;4.13;;;401-500;501-600;0.63
2025;fisioterapia;Instituto Superior da Convenção Nac. das Assembleias de Deus;DF;501;Privada;;;501-600;10.96;;;501-600;2.2;;;1;8;;;601-700;0.76;;;401-500;;
2025;fisioterapia;Centro Universitário Uniftec Bento Gonçalves;RS;501;Privada;;;501-600;11.62;;;501-600;2.26;;;1;8;;;601-700;1.36;;;401-500;;
2025;fisioterapia;Faculdade Santa Marcelina;SP;501;Privada;;;501-600;9.97;;;163;6.24;;;601-700;0.39;;;601-700;1.45;;;501-600;401-500;1.89
2025;fisioterapia;Faculdade do Complexo Educacional Santo André;RN;501;Privada;;;501-600;11.08;;;501-600;1.72;;;1;8;;;601-700;1.36;;;401-500;;
2025;fisioterapia;Faculdade Presidente Antônio Carlos de Ubá;MG;501;Privada;;;501-600;10.89;;;120;6.71;;;601-700;0.83;;;501-600;1.53;;;401-500;401-500;1.82
2025;fisioterapia;Faculdade Estácio de Teresina;PI;501;Privada;;;501-600;10.89;;;401-500;2.75;;;501-600;1.47;;;401-500;3.55;;;401-500;251-300;3.12
2025;fisioterapia;Centro Universitário Uninorte;AC;501;Privada;;;401-500;12.46;;;201-250;5.75;;;501-600;1.84;;;601-700;0.86;;;401-500;201-250;4.01
2025;fisioterapia;Faculdade do Vale do Rio Arinos;MT;501;Privada;;;501-600;10.85;;;601-700;1.38;;;601-700;1.05;;;501-600;2.42;;;501-600;1;6
2025;fisioterapia;Instituto de Ensino Superior da Grande Florianópolis;SC;501;Privada;;;501-600;9.56;;;301-350;4.56;;;601-700;0.54;;;401-500;3.15;;;501-600;401-500;1.31
2025;fisioterapia;Faculdade de Tecnologia do Vale do Ivaí;PR;501;Privada;;;401-500;11.81;;;601-700;1.31;;;1;8;;;501-600;2.5;;;401-500;;
2025;fisioterapia;Faculdade Guaraí;TO;501;Privada;;;501-600;10.03;;;301-350;4.25;;;401-500;3.58;;;601-700;0.46;;;501-600;401-500;1.74
2025;fisioterapia;Centro Universitário Araguaia;GO;501;Privada;;;401-500;12.39;;;601-700;0.45;;;1;8;;;351-400;3.94;;;401-500;;
2025;fisioterapia;Faculdade Anhanguera de Governador Valadares;MG;501;Privada;;;501-600;10.97;;;701-800;0.37;;;301-350;4.23;;;201-250;5.52;;;401-500;501-600;0.85
2025;fisioterapia;Faculdade de Ciências Educacionais de Capim Grosso;BA;501;Privada;;;501-600;10.08;;;701-800;0.2;;;1;8;;;501-600;1.88;;;501-600;;
2025;fisioterapia;Centro Universitário do Sudeste Mineiro;MG;501;Privada;;;501-600;10.77;;;130;6.6;;;701-800;0.28;;;501-600;1.77;;;501-600;351-400;2.12
2025;fisioterapia;Faculdade Inova Mais de São Paulo;SP;501;Privada;;;501-600;11.29;;;601-700;0.9;;;1;8;;;501-600;2.39;;;401-500;;
2025;fisioterapia;Faculdade Internacional da Paraíba;PB;501;Privada;;;501-600;10.06;;;401-500;3.25;;;501-600;2.33;;;351-400;3.83;;;501-600;501-600;0.65
2025;fisioterapia;Faculdade Estácio do Rio Grande do Norte;RN;501;Privada;;;501-600;11.45;;;201-250;5.5;;;601-700;1.23;;;401-500;2.75;;;401-500;401-500;1.97
2025;fisioterapia;Centro Universitário Maurício de Nassau de Caruaru;PE;501;Privada;;;501-600;9.66;;;301-350;4.5;;;501-600;1.77;;;501-600;2.17;;;501-600;401-500;1.22
2025;fisioterapia;Centro Universitário de Itapira;SP;501;Privada;;;401-500;12.41;;;401-500;3.08;;;201-250;5.63;;;601-700;1.24;;;401-500;351-400;2.46
2025;fisioterapia;Centro Universitário São Miguel;PE;501;Privada;;;401-500;12.26;;;501-600;1.73;;;201-250;5.42;;;401-500;2.83;;;401-500;351-400;2.28
2025;fisioterapia;Faculdades Famep-PI;PI;501;Privada;;;501-600;11.43;;;501-600;1.81;;;1;8;;;501-600;1.62;;;401-500;;
2025;fisioterapia;Faculdade Anhanguera de Cascavel;PR;501;Privada;;;501-600;10.07;;;601-700;1.31;;;501-600;2.1;;;125;6.65;;;501-600;601-700;0.01
2025;fisioterapia;Faculdade União de Campo Mourão;PR;501;Privada;;;501-600;9.74;;;401-500;2.81;;;301-350;4.15;;;701-800;0.02;;;501-600;301-350;2.76
2025;fisioterapia;Faculdade de Ensino de Minas Gerais;MG;501;Privada;;;501-600;9.6;;;401-500;3.42;;;501-600;2.41;;;501-600;2.27;;;501-600;401-500;1.5
2025;fisioterapia;Centro Universitário Maurício de Nassau Paulista;PE;501;Privada;;;501-600;9.96;;;401-500;3.64;;;501-600;1.88;;;401-500;3.01;;;501-600;401-500;1.43
2025;fisioterapia;Centro Universitário Cathedral;MT;501;Privada;;;401-500;12.08;;;601-700;0.61;;;1;8;;;401-500;3.47;;;401-500;;
2025;fisioterapia;Faculdade Anhanguera do Maranhão;MA;501;Privada;;;501-600;10.05;;;401-500;3.48;;;601-700;1.13;;;301-350;4.7;;;501-600;501-600;0.74
2025;fisioterapia;Faculdade de Imperatriz Wyden;MA;501;Privada;;;501-600;11.28;;;401-500;2.98;;;601-700;0.82;;;501-600;2.26;;;401-500;79;5.22
2025;fisioterapia;Faculdade Anhanguera de Bauru;SP;501;Privada;;;401-500;12.35;;;601-700;0.9;;;351-400;3.7;;;45;7.52;;;401-500;501-600;0.23
2025;fisioterapia;Faculdade de Itaituba;PA;501;Privada;;;501-600;9.76;;;501-600;2.34;;;401-500;3.44;;;701-800;0.08;;;501-600;201-250;3.9
2025;fisioterapia;Centro Universitário Natalense;RN;501;Privada;;;401-500;12.11;;;501-600;2.11;;;1;8;;;501-600;1.52;;;401-500;501-600;0.48
2025;fisioterapia;Faculdade Anhanguera de Dourados;MS;501;Privada;;;401-500;12.35;;;351-400;4.02;;;351-400;3.6;;;301-350;4.53;;;401-500;501-600;0.2
2025;fisioterapia;Centro Universitário Maurício de Nassau de Salvador;BA;501;Privada;;;501-600;9.48;;;401-500;2.94;;;501-600;2.36;;;401-500;3.22;;;501-600;501-600;0.96
2025;fisioterapia;Faculdade Unibras Juazeiro;BA;501;Privada;;;501-600;9.77;;;501-600;1.99;;;601-700;1.26;;;501-600;1.97;;;501-600;147;4.55
2025;fisioterapia;Faculdade Estácio São Paulo de Rondônia;RO;501;Privada;;;501-600;9.89;;;351-400;3.68;;;401-500;3.12;;;501-600;1.67;;;501-600;401-500;1.42
2025;fisioterapia;Faculdade Uninassau Vilhena;RO;601;Privada;;;601-700;8.23;;;501-600;1.83;;;401-500;2.71;;;601-700;1.09;;;501-600;301-350;2.6
2025;fisioterapia;Faculdade do Vale do Juruena;MT;601;Privada;;;601-700;8.27;;;401-500;3.2;;;701-800;0.27;;;601-700;0.69;;;501-600;191;4.11
2025;fisioterapia;Faculdade Multivix de Cachoeiro;ES;601;Privada;;;601-700;6.83;;;351-400;3.9;;;601-700;1.11;;;501-600;1.82;;;601-700;;
2025;fisioterapia;Faculdade Unisul de Florianópolis;SC;601;Privada;;;601-700;6.77;;;401-500;2.58;;;601-700;0.5;;;351-400;3.69;;;601-700;;
2025;fisioterapia;Instituto do Sul de Santa Catarina;SC;601;Privada;;;601-700;5.21;;;401-500;2.58;;;701-800;0.24;;;501-600;2.39;;;601-700;;
2025;fisioterapia;Centro Universitário do Piauí;PI;601;Privada;;;601-700;6.9;;;501-600;1.81;;;301-350;4.39;;;601-700;0.58;;;601-700;501-600;0.12
2025;fisioterapia;Faculdade Uninassau Vitória da Conquista;BA;601;Privada;;;601-700;5.67;;;701-800;0.2;;;401-500;2.7;;;501-600;1.93;;;601-700;501-600;0.84
2025;fisioterapia;Instituto de Ensino Superior de Londrina;PR;601;Privada;;;601-700;6.91;;;601-700;1.31;;;601-700;1.31;;;701-800;0.1;;;601-700;183;4.19
2025;fisioterapia;Unama Faculdade da Amazônia de Boa Vista;RR;601;Privada;;;601-700;9.1;;;501-600;2.14;;;351-400;3.82;;;501-600;1.58;;;501-600;401-500;1.56
2025;fisioterapia;Faculdade de Ciências Humanas e Exatas do Sertão do São Francisco;PE;601;Privada;;;601-700;7.09;;;501-600;1.6;;;601-700;0.35;;;701-800;0.06;;;601-700;93;5.08
2025;fisioterapia;Centro Universitário Universo Salvador;BA;601;Privada;;;601-700;8.53;;;351-400;4.01;;;501-600;2.32;;;601-700;1.22;;;501-600;501-600;0.98
2025;fisioterapia;Faculdade Unibras do Norte Goiano;GO;601;Privada;;;601-700;8.77;;;501-600;1.85;;;251-300;4.94;;;601-700;0.95;;;501-600;401-500;1.03
2025;fisioterapia;Centro Universitário do Recife;PE;601;Privada;;;601-700;5.41;;;601-700;1.05;;;601-700;1.16;;;601-700;1.07;;;601-700;351-400;2.13
2025;fisioterapia;Faculdade Fasipe de Primavera;MT;601;Privada;;;601-700;7.04;;;601-700;0.61;;;301-350;4.69;;;501-600;1.74;;;601-700;;
2025;fisioterapia;Faculdade Bezerra de Araújo;RJ;601;Privada;;;601-700;8.43;;;501-600;1.59;;;701-800;0.04;;;601-700;0.8;;;501-600;1;6
2025;fisioterapia;Centro Universitário da Fundação Educacional Guaxupé;MG;601;Privada;;;501-600;9.43;;;251-300;4.81;;;601-700;0.81;;;401-500;3.03;;;501-600;501-600;0.78
2025;fisioterapia;Faculdade Presidente Antônio Carlos de Teófilo Otoni;MG;601;Privada;;;601-700;8.09;;;351-400;3.82;;;601-700;1.06;;;601-700;1.03;;;501-600;351-400;2.18
2025;fisioterapia;Faculdade da Alta Paulista;SP;601;Privada;;;601-700;9.22;;;601-700;0.9;;;401-500;2.49;;;501-600;1.69;;;501-600;188;4.14
2025;fisioterapia;Faculdade do Norte de Mato Grosso;MT;601;Privada;;;601-700;8.64;;;601-700;0.61;;;501-600;1.41;;;501-600;1.52;;;501-600;91;5.1
2025;fisioterapia;Faculdade Estácio de Sá de Ourinhos;SP;601;Privada;;;601-700;9.11;;;351-400;3.69;;;601-700;0.42;;;501-600;1.98;;;501-600;251-300;3.02
2025;fisioterapia;Faculdades Integradas do Ceará;CE;601;Privada;;;601-700;9.03;;;501-600;2.21;;;601-700;0.59;;;701-800;0.23;;;501-600;1;6
2025;fisioterapia;Faculdade de Ciências da Saúde de Unaí;MG;601;Privada;;;601-700;8.73;;;701-800;0.37;;;1;8;;;701-800;0.36;;;501-600;;
2025;fisioterapia;Centro Universitário Mário Palmério;MG;601;Privada;;;601-700;5.85;;;701-800;0.37;;;401-500;3.23;;;501-600;2.25;;;601-700;;
2025;fisioterapia;Faculdade Unis Pouso Alegre;MG;601;Privada;;;601-700;5.51;;;701-800;0.37;;;401-500;3.4;;;501-600;1.74;;;601-700;;
2025;fisioterapia;Centro Universitário Universo Goiânia;GO;601;Privada;;;501-600;9.43;;;401-500;2.79;;;601-700;0.95;;;401-500;3.25;;;501-600;351-400;2.44
2025;fisioterapia;Instituto Municipal de Ensino Superior de Catanduva;SP;601;Municipal;;;501-600;9.42;;;501-600;1.93;;;701-800;0.09;;;601-700;1.4;;;58;1;6
2025;fisioterapia;Faculdade Estácio Macapá;AP;601;Privada;;;601-700;8.53;;;401-500;2.96;;;601-700;0.97;;;601-700;0.91;;;501-600;201-250;3.69
2025;fisioterapia;Centro Universitário de Salvador;BA;601;Privada;;;601-700;4.74;;;501-600;1.65;;;601-700;0.99;;;601-700;0.8;;;601-700;401-500;1.3
2025;fisioterapia;Escola Superior Una de Itumbiara;GO;601;Privada;;;601-700;7.6;;;601-700;0.45;;;501-600;1.71;;;201-250;5.44;;;501-600;;
2025;fisioterapia;Faculdade Vidal;CE;601;Privada;;;601-700;6.81;;;501-600;2.1;;;401-500;3.5;;;601-700;1.21;;;601-700;;
2025;fisioterapia;Faculdade Anhanguera de Valparaíso;GO;601;Privada;;;601-700;8.45;;;501-600;2.31;;;401-500;3.24;;;401-500;2.71;;;501-600;501-600;0.19
2025;fisioterapia;Centro Universitário Unifateb;PR;601;Privada;;;601-700;7.38;;;601-700;1.31;;;201-250;5.52;;;601-700;0.55;;;601-700;;
2025;fisioterapia;Faculdade Santo Antonio BA;BA;601;Privada;;;601-700;6.01;;;601-700;1.45;;;701-800;0.02;;;701-800;0.28;;;601-700;176;4.26
2025;fisioterapia;Escola Superior de Saúde de Arcoverde;PE;601;Municipal;;;601-700;7.13;;;401-500;3.44;;;;;;;701-800;0.34;;;59;251-300;3.35
2025;fisioterapia;Centro Universitário Multiversa do Vale do Jaguaribe;CE;601;Privada;;;601-700;9.12;;;351-400;3.94;;;351-400;4.04;;;701-800;0.22;;;501-600;501-600;0.92
2025;fisioterapia;Faculdade Peruíbe;SP;601;Privada;;;601-700;6.39;;;251-300;5.08;;;601-700;0.46;;;601-700;0.85;;;601-700;;
2025;fisioterapia;Centro Universitário Academia;MG;601;Privada;;;601-700;7.6;;;701-800;0.37;;;701-800;0.08;;;79;7.15;;;501-600;;
2025;fisioterapia;Centro Universitário de Tecnologia de Curitiba;PR;601;Privada;;;601-700;5.45;;;601-700;1.31;;;601-700;1.21;;;401-500;2.93;;;601-700;;
2025;fisioterapia;Faculdade Lusófona de São Paulo;SP;601;Privada;;;501-600;9.41;;;501-600;1.49;;;;;;;501-600;1.92;;;501-600;1;6
2025;fisioterapia;Centro Universitário La Salle do Rio de Janeiro;RJ;601;Privada;;;601-700;7.8;;;601-700;0.51;;;601-700;0.49;;;111;6.8;;;501-600;;
2025;fisioterapia;Centro Universitário Fieo;SP;601;Privada;;;601-700;5.46;;;501-600;1.74;;;601-700;0.38;;;701-800;0.15;;;601-700;251-300;3.19
2025;fisioterapia;Centro Universitário Tiradentes de Pernambuco;PE;601;Privada;;;601-700;7;;;601-700;1.05;;;601-700;1.15;;;401-500;2.77;;;601-700;351-400;2.03
2025;fisioterapia;Centro Universitário Cenecista de Osório;RS;601;Privada;;;601-700;8.53;;;251-300;5.13;;;701-800;0.14;;;501-600;2.31;;;501-600;501-600;0.95
2025;fisioterapia;Faculdade de Nova Mutum - Unifama;MT;601;Privada;;;601-700;6.03;;;601-700;0.61;;;401-500;2.8;;;401-500;2.62;;;601-700;;
2025;fisioterapia;Faculdades Famep Unidade Euclides da Cunha;BA;601;Privada;;;601-700;8.41;;;701-800;0.2;;;1;8;;;701-800;0.21;;;501-600;;
2025;fisioterapia;Faculdade de Ensino Superior Dom Bosco;PR;601;Privada;;;601-700;8.1;;;401-500;2.86;;;601-700;0.66;;;701-800;0.09;;;501-600;153;4.49
2025;fisioterapia;Faculdade Cidade de João Pinheiro;MG;601;Privada;;;601-700;5.19;;;701-800;0.37;;;351-400;4.09;;;601-700;0.73;;;601-700;;
2025;fisioterapia;Conservatório Brasileiro de Música;RJ;601;Privada;;;601-700;8.71;;;601-700;0.51;;;501-600;1.69;;;301-350;4.46;;;501-600;351-400;2.05
2025;fisioterapia;Centro Universitário Brasília do Estado de Goiás;GO;601;Privada;;;601-700;8.43;;;401-500;3.12;;;501-600;2.3;;;601-700;1.14;;;501-600;401-500;1.87
2025;fisioterapia;Faculdade Fasipe de Rondonópolis;MT;601;Privada;;;601-700;6.91;;;601-700;0.61;;;301-350;4.15;;;501-600;2.15;;;601-700;;
2025;fisioterapia;Centro Universitário Uninovo;PE;601;Privada;;;601-700;7.83;;;501-600;1.67;;;701-800;0.07;;;501-600;1.89;;;501-600;182;4.2
2025;fisioterapia;Abeu - Centro Universitário;RJ;601;Privada;;;601-700;8.41;;;501-600;1.86;;;501-600;1.75;;;501-600;2.43;;;501-600;351-400;2.37
2025;fisioterapia;Faculdade Regional do Valle;BA;601;Privada;;;601-700;8.24;;;701-800;0.2;;;1;8;;;701-800;0.04;;;501-600;;
2025;fisioterapia;Faculdade de Palmas;TO;601;Privada;;;501-600;9.32;;;401-500;2.91;;;301-350;4.33;;;601-700;0.38;;;501-600;401-500;1.7
2025;fisioterapia;Faculdades Sulamérica Bahia;BA;601;Privada;;;601-700;8.82;;;501-600;2.32;;;701-800;0.24;;;701-800;0.26;;;501-600;1;6
2025;fisioterapia;Faculdade Uninassau Arapiraca;AL;601;Privada;;;601-700;7.7;;;601-700;1.42;;;351-400;3.62;;;401-500;2.66;;;501-600;;
2025;fisioterapia;Faculdade Interamericana de Porto Velho;RO;601;Privada;;;601-700;7.16;;;501-600;1.55;;;301-350;4.69;;;601-700;0.92;;;601-700;;
2025;fisioterapia;Centro Universitário Universo Recife;PE;601;Privada;;;601-700;7.44;;;501-600;1.5;;;601-700;0.29;;;401-500;3.24;;;501-600;351-400;2.41
2025;fisioterapia;Faculdade Unisul de Balneário Camboriú;SC;601;Privada;;;601-700;8.03;;;401-500;2.58;;;501-600;1.8;;;351-400;3.65;;;501-600;;
2025;fisioterapia;Centro Universitário Unifacthus;MG;601;Privada;;;601-700;8.63;;;701-800;0.37;;;601-700;1.38;;;171;6.15;;;501-600;501-600;0.73
2025;fisioterapia;Instituto Salvador de Ensino e Cultura;BA;601;Privada;;;601-700;7.78;;;351-400;4;;;501-600;2.13;;;501-600;1.56;;;501-600;501-600;0.09
2025;fisioterapia;Centro Universitário Mauá de Brasília;DF;601;Privada;;;601-700;5.91;;;501-600;2.2;;;501-600;2.35;;;601-700;1.36;;;601-700;;
2025;fisioterapia;Centro Universitário Santa Maria da Glória;PR;601;Privada;;;601-700;6.16;;;601-700;1.31;;;501-600;2.39;;;501-600;2.46;;;601-700;;
2025;fisioterapia;Universidade de Gurupi;TO;601;Municipal;;;601-700;6.38;;;501-600;2.43;;;601-700;0.6;;;701-800;0.11;;;60;251-300;3.24
2025;fisioterapia;Faculdade Rio Parnaíba;MA;601;Privada;;;601-700;9.15;;;601-700;1.18;;;201-250;5.4;;;401-500;2.57;;;501-600;;
2025;fisioterapia;Centro Universitário Estácio de Ji-paraná;RO;601;Privada;;;501-600;9.42;;;501-600;1.55;;;601-700;1.37;;;201-250;5.64;;;501-600;501-600;0.86
2025;fisioterapia;Faculdade de Educação e Tecnologia da Amazônia;PA;601;Privada;;;601-700;7.71;;;601-700;1.11;;;201-250;5.54;;;601-700;1.06;;;501-600;;
2025;fisioterapia;Instituto de Ensino Superior de Teresina;PI;601;Privada;;;601-700;7.74;;;501-600;1.81;;;301-350;4.22;;;601-700;0.61;;;501-600;401-500;1.1
2025;fisioterapia;Faculdade Uninassau Serra Talhada;PE;601;Privada;;;601-700;5.45;;;601-700;1.05;;;501-600;2.28;;;501-600;2.12;;;601-700;;
2025;fisioterapia;Faculdade Paraense de Ensino;PA;601;Privada;;;601-700;5.12;;;601-700;1.11;;;501-600;1.88;;;601-700;1.36;;;601-700;501-600;0.77
2025;fisioterapia;Faculdade Eduvale de Avaré;SP;601;Privada;;;601-700;6.77;;;601-700;0.9;;;601-700;1.19;;;301-350;4.68;;;601-700;;
2025;fisioterapia;Centro Universitário de Paulínia;SP;601;Privada;;;601-700;8.14;;;601-700;1.12;;;601-700;0.36;;;601-700;0.66;;;501-600;1;6
2025;fisioterapia;Faculdade da Amazônia de Porto Velho;RO;601;Privada;;;601-700;6.31;;;501-600;1.55;;;401-500;3.49;;;601-700;0.67;;;601-700;501-600;0.6
2025;fisioterapia;Faculdade Uninassau Lauro de Freitas;BA;601;Privada;;;601-700;6;;;701-800;0.2;;;601-700;0.7;;;301-350;4.54;;;601-700;501-600;0.56
2025;fisioterapia;Centro Universitário Estácio do Pantanal;MT;601;Privada;;;601-700;7.12;;;501-600;1.94;;;501-600;2.02;;;401-500;2.7;;;601-700;501-600;0.46
2025;fisioterapia;Centro Universitário Estácio de Goiás;GO;601;Privada;;;601-700;8.97;;;601-700;1.47;;;601-700;1.35;;;401-500;3.61;;;501-600;301-350;2.54
2025;fisioterapia;Faculdade Santíssima Trindade;PE;601;Privada;;;601-700;7.42;;;601-700;1.05;;;401-500;2.84;;;401-500;3.53;;;601-700;;
2025;fisioterapia;Centro Universitário Fis;PE;601;Privada;;;601-700;8.61;;;401-500;3.35;;;501-600;1.68;;;601-700;0.51;;;501-600;251-300;3.07
2025;fisioterapia;Centro Universitário Maurício de Nassau de Teresina;PI;601;Privada;;;601-700;8.01;;;501-600;1.81;;;401-500;3.2;;;401-500;3;;;501-600;;
2025;fisioterapia;Centro Universitário São Judas Tadeu;SP;601;Privada;;;601-700;9.04;;;601-700;0.9;;;401-500;3.06;;;251-300;5.08;;;501-600;;
2025;fisioterapia;Faculdade Metropolitana de Parintins;AM;601;Privada;;;601-700;7.41;;;601-700;1.37;;;351-400;3.98;;;501-600;2.06;;;601-700;;
2025;fisioterapia;Faculdade Estácio do Amazonas;AM;601;Privada;;;601-700;6.59;;;601-700;1.37;;;601-700;0.33;;;501-600;1.9;;;601-700;301-350;2.99
2025;fisioterapia;Faculdade Anhanguera de Taboão da Serra;SP;601;Privada;;;501-600;9.34;;;501-600;1.87;;;351-400;3.91;;;401-500;3.5;;;501-600;501-600;0.06
2025;fisioterapia;Centro Universitário Uniasselvi de Guaramirim;SC;601;Privada;;;601-700;7.59;;;401-500;2.58;;;501-600;1.9;;;401-500;3.11;;;501-600;;
2025;fisioterapia;Faculdade Mato Grosso do Sul;MS;601;Privada;;;601-700;8.17;;;401-500;2.77;;;501-600;1.61;;;401-500;3.36;;;501-600;501-600;0.43
2025;fisioterapia;Faculdade Uninassau Mossoró;RN;601;Privada;;;601-700;8.76;;;501-600;1.72;;;401-500;2.59;;;401-500;3.44;;;501-600;501-600;1.01
2025;fisioterapia;Faculdade Estácio de Sá de Campo Grande;MS;601;Privada;;;601-700;8.53;;;601-700;0.63;;;501-600;2.06;;;351-400;4.04;;;501-600;401-500;1.8
2025;fisioterapia;Centro Universitário Unisep;PR;601;Privada;;;601-700;8.48;;;251-300;5.18;;;601-700;1.3;;;701-800;0.27;;;501-600;401-500;1.73
2025;fisioterapia;Centro Universitário Maurício de Nassau de Barreiras;BA;601;Privada;;;601-700;8.56;;;401-500;2.62;;;351-400;4.08;;;601-700;0.98;;;501-600;501-600;0.88
2025;fisioterapia;Faculdade Estácio de Curitiba;PR;601;Privada;;;501-600;9.35;;;601-700;1.31;;;601-700;0.3;;;25;7.74;;;501-600;;
2025;fisioterapia;Faculdade Multivix São Mateus;ES;601;Privada;;;601-700;9.13;;;351-400;3.9;;;351-400;3.64;;;501-600;1.59;;;501-600;;
2025;fisioterapia;Faculdade de Goiana;PE;601;Privada;;;601-700;8.39;;;601-700;1.05;;;401-500;3.4;;;351-400;3.94;;;501-600;;
2025;fisioterapia;Unama Faculdade da Amazônia de Macapá;AP;601;Privada;;;601-700;6.34;;;501-600;1.58;;;401-500;3.4;;;601-700;1.36;;;601-700;;
2025;fisioterapia;Faculdade Uninassau Sobral;CE;601;Privada;;;601-700;5.53;;;501-600;2.1;;;401-500;2.58;;;601-700;0.85;;;601-700;;
2025;fisioterapia;Faculdade Uberlandense de Núcleos Integrados de Ensino, Serviço Social e Aprendizagem;MG;601;Privada;;;601-700;5.2;;;701-800;0.37;;;401-500;2.73;;;501-600;2.1;;;601-700;;
2025;fisioterapia;Escola Superior Una de Conselheiro Lafaiete;MG;601;Privada;;;601-700;4.71;;;701-800;0.37;;;501-600;1.61;;;401-500;2.73;;;601-700;;
2025;fisioterapia;Centro Universitário Castelo Branco;ES;601;Privada;;;601-700;7.57;;;351-400;3.9;;;501-600;1.93;;;501-600;1.74;;;501-600;;
2025;fisioterapia;Faculdade Estácio de Feira de Santana;BA;601;Privada;;;501-600;9.32;;;401-500;2.61;;;601-700;0.86;;;501-600;2.51;;;501-600;251-300;3.34
2025;fisioterapia;Faculdade Metropolitana de Tefé;AM;601;Privada;;;601-700;6.16;;;601-700;1.37;;;351-400;3.98;;;601-700;0.81;;;601-700;;
2025;fisioterapia;Faculdade de Campina Grande;PB;601;Privada;;;601-700;4.67;;;401-500;3.25;;;601-700;0.32;;;701-800;0.2;;;601-700;501-600;0.9
2025;fisioterapia;Faculdade do Recife;PE;701;Privada;;;701-800;4.52;;;601-700;1.05;;;501-600;1.81;;;601-700;1.36;;;601-700;501-600;0.3
2025;fisioterapia;Faculdade de Colider;MT;701;Privada;;;701-800;3;;;601-700;0.61;;;501-600;1.8;;;601-700;0.59;;;601-700;;
2025;fisioterapia;Faculdade São Francisco do Ceará;CE;701;Privada;;;701-800;4.03;;;501-600;2.1;;;601-700;0.67;;;601-700;1.26;;;601-700;;
2025;fisioterapia;Centro Universitário Cambury;GO;701;Privada;;;701-800;0.85;;;601-700;0.45;;;;;;;601-700;0.4;;;601-700;;
2025;fisioterapia;Faculdade Unirb - Aracaju;SE;701;Privada;;;701-800;3.02;;;401-500;2.67;;;;;;;;;;;601-700;501-600;0.35
2025;fisioterapia;Faculdade UMFG;PR;701;Privada;;;701-800;3.59;;;601-700;1.31;;;;;;;501-600;2.28;;;601-700;;
2025;fisioterapia;Instituto Cuiabá de Ensino e Cultura;MT;701;Privada;;;701-800;4.53;;;601-700;1.06;;;501-600;1.61;;;701-800;0.25;;;601-700;401-500;1.61
2025;fisioterapia;Faculdade dos Palmares;PE;701;Privada;;;701-800;1.29;;;601-700;1.05;;;701-800;0.06;;;701-800;0.18;;;601-700;;
2025;fisioterapia;Centro Universitário Módulo;SP;701;Privada;;;701-800;3.02;;;601-700;0.9;;;601-700;0.76;;;601-700;1.36;;;601-700;;
2025;fisioterapia;Faculdade Única de Ipatinga;MG;701;Privada;;;701-800;2.79;;;701-800;0.37;;;501-600;2.09;;;701-800;0.33;;;601-700;;
2025;fisioterapia;Faculdade Estácio do Pará;PA;701;Privada;;;701-800;2.42;;;601-700;1.11;;;701-800;0.14;;;601-700;1.17;;;601-700;;
2025;fisioterapia;Faculdade da Cidade de Maceió;AL;701;Privada;;;701-800;3.13;;;401-500;2.69;;;;;;;701-800;0.13;;;601-700;501-600;0.31
2025;fisioterapia;Faculdade Enau;SP;701;Privada;;;701-800;2.26;;;601-700;0.9;;;;;;;601-700;1.36;;;601-700;;
2025;fisioterapia;Faculdade Mário Quintana;RS;701;Privada;;;701-800;4.66;;;501-600;2.26;;;501-600;1.66;;;601-700;0.74;;;601-700;;
2025;fisioterapia;Faculdade Marquês de Olinda;SP;701;Privada;;;701-800;4.57;;;601-700;0.9;;;501-600;1.61;;;501-600;2.06;;;601-700;;
2025;fisioterapia;Centro Universitário Cnec de Bento Gonçalves;RS;701;Privada;;;701-800;3.67;;;501-600;2.4;;;701-800;0.25;;;601-700;1.02;;;601-700;;
2025;fisioterapia;Faculdade Central do Recife Centro;PE;701;Privada;;;701-800;2.85;;;601-700;1.05;;;701-800;0.24;;;501-600;1.56;;;601-700;;
2025;fisioterapia;Faculdade do Trabalho;MG;701;Privada;;;701-800;4.31;;;701-800;0.37;;;;;;;351-400;3.94;;;601-700;;
2025;fisioterapia;Faculdade Santo Antônio de Pádua;RJ;701;Privada;;;701-800;3.23;;;601-700;0.51;;;601-700;0.66;;;501-600;2.06;;;601-700;;
2025;fisioterapia;Faculdade Ages de Senhor do Bonfim;BA;701;Privada;;;701-800;1.41;;;701-800;0.2;;;601-700;0.53;;;601-700;0.68;;;601-700;;
2025;fisioterapia;Faculdade Educaremt;MT;701;Privada;;;701-800;0.86;;;601-700;0.61;;;701-800;0.01;;;701-800;0.24;;;601-700;;
2025;fisioterapia;Faculdade Santo Antônio de Queimadas;BA;701;Privada;;;701-800;2.27;;;701-800;0.2;;;;;;;701-800;0.01;;;601-700;351-400;2.06
2025;fisioterapia;Faculdade Fasipe de Sorriso;MT;701;Privada;;;701-800;4.23;;;601-700;0.61;;;401-500;2.99;;;601-700;0.63;;;601-700;;
2025;fisioterapia;Faculdade Metropolitana da Grande Recife;PE;701;Privada;;;701-800;3.01;;;601-700;1.05;;;701-800;0.12;;;501-600;1.56;;;601-700;501-600;0.28
2025;fisioterapia;Faculdade de Lucas do Rio Verde;MT;701;Privada;;;701-800;3.75;;;601-700;0.61;;;401-500;2.58;;;601-700;0.56;;;601-700;;
2025;fisioterapia;Faculdade Unise;PR;701;Privada;;;701-800;1.62;;;601-700;1.31;;;701-800;0.19;;;701-800;0.12;;;601-700;;
2025;fisioterapia;Centro Universitário Unifecaf;SP;701;Privada;;;701-800;1.56;;;601-700;0.9;;;601-700;0.66;;;;;;;601-700;;
2025;fisioterapia;Instituto Universitário São Judas de São Bernardo do Campo;SP;701;Privada;;;701-800;2.81;;;601-700;0.9;;;701-800;0.03;;;501-600;1.88;;;601-700;;
2025;fisioterapia;Faculdade Irecê;BA;701;Privada;;;701-800;2.35;;;701-800;0.2;;;501-600;1.8;;;701-800;0.35;;;601-700;;
2025;fisioterapia;Faculdade Matias Machline;AM;701;Privada;;;701-800;1.68;;;601-700;1.37;;;;;;;701-800;0.31;;;601-700;;
2025;fisioterapia;Centro Universitário Alves Faria;GO;701;Privada;;;701-800;1.18;;;601-700;0.45;;;601-700;0.66;;;701-800;0.07;;;601-700;;
2025;fisioterapia;Centro Universitário da Fundação Educacional de Barretos;SP;701;Privada;;;701-800;2.92;;;601-700;0.9;;;601-700;0.66;;;601-700;1.36;;;601-700;;
2025;fisioterapia;Faculdade da Região Sisaleira;BA;701;Privada;;;701-800;0.77;;;701-800;0.2;;;701-800;0.18;;;601-700;0.39;;;601-700;;
2025;fisioterapia;Centro Universitário de Sete Lagoas;MG;701;Privada;;;701-800;4.44;;;701-800;0.37;;;501-600;1.43;;;401-500;2.64;;;601-700;;
2025;fisioterapia;Faculdade do Centro Maranhense;MA;701;Privada;;;701-800;2.3;;;601-700;1.18;;;601-700;1.09;;;701-800;0.03;;;601-700;;
