ano;curso;Universidade;Estado;Posição;Pública ou Privada;Posição em avaliação do Mercado;Nota em avaliação do Mercado;Posição em qualidade de ensino;Nota em qualidade de ensino;Posição em Instrução dos Professores;Nota em Instrução dos Professores;Posição Nota dos concluintes;Nota dos concluintes;Posição Desistência;Nota Desistência;Posição em Tempo de Dedicação dos Professores;Nota em Tempo de Dedicação dos Professores;Posição no MEC;Nota no MEC;Posição em Professores com doutorado e mestrado;Nota em Professores com doutorado e mestrado;Posição em avaliação dos docentes;Nota em avaliação dos docentes;Posição PP;Posição em Permanência dos alunos;Nota em Permanência dos alunos
2019;nutricao;Universidade de São Paulo;SP;1;Estadual;1;36;1;62.98;6;7.9;33;7.08;;;1;8;1;40;;;;;;;
2019;nutricao;Universidade Federal de Minas Gerais;MG;2;Federal;2;35.72;2;61.76;11;7.8;6;7.86;;;1;8;2;38.1;;;;;;;
2019;nutricao;Universidade Estadual de Campinas;SP;3;Estadual;2;35.72;3;61.02;9;7.84;33;7.08;;;1;8;2;38.1;;;;;;;
2019;nutricao;Universidade Federal do Rio de Janeiro;RJ;4;Federal;2;35.72;6;57.57;14;7.74;17;7.54;;;1;8;4;34.29;;;;;;;
2019;nutricao;Universidade Federal de Viçosa;MG;5;Federal;13;32.68;5;57.64;21;7.61;10;7.74;;;1;8;4;34.29;;;;;;;
2019;nutricao;Universidade Estadual Paulista Júlio de Mesquita Filho;SP;6;Estadual;6;34.62;7;55.38;8;7.86;14;7.63;;;122;5.6;4;34.29;;;;;;;
2019;nutricao;Universidade Federal de São Paulo;SP;7;Federal;27;28.8;4;57.81;5;7.92;15;7.6;;;1;8;4;34.29;;;;;;;
2019;nutricao;Universidade Federal de Pernambuco;PE;8;Federal;6;34.62;10;49.67;34;7.35;13;7.65;;;1;8;8;26.67;;;;;;;
2019;nutricao;Universidade Federal do Rio Grande do Sul;RS;9;Federal;13;32.68;8;50.46;10;7.82;2;7.97;;;1;8;8;26.67;;;;;;;
2019;nutricao;Universidade de Brasília;DF;10;Federal;13;32.68;9;50.05;28;7.47;4;7.91;;;1;8;8;26.67;;;;;;;
2019;nutricao;Universidade do Estado do Rio de Janeiro;RJ;11;Estadual;6;34.62;13;42.21;17;7.68;19;7.48;;;1;8;12;19.05;;;;;;;
2019;nutricao;Universidade Federal de Santa Catarina;SC;12;Federal;27;28.8;11;48;24;7.55;78;5.78;;;1;8;8;26.67;;;;;;;
2019;nutricao;Universidade Federal Fluminense;RJ;13;Federal;6;34.62;17;40.99;19;7.64;60;6.3;;;1;8;12;19.05;;;;;;;
2019;nutricao;Universidade Federal da Bahia;BA;14;Federal;6;34.62;18;40.73;66;6.72;37;6.96;;;1;8;12;19.05;;;;;;;
2019;nutricao;Universidade Federal do Paraná;PR;15;Federal;13;32.68;12;42.64;13;7.76;7;7.83;;;1;8;12;19.05;;;;;;;
2019;nutricao;Universidade Federal de Goiás;GO;16;Federal;13;32.68;15;41.61;42;7.19;23;7.37;;;1;8;12;19.05;;;;;;;
2019;nutricao;Universidade Federal do Estado do Rio de Janeiro;RJ;17;Federal;27;28.8;14;42.12;45;7.13;3;7.94;;;1;8;12;19.05;;;;;;;
2019;nutricao;Universidade Regional do Noroeste do Estado do Rio Grande do Sul;RS;18;Privada;27;28.8;21;35.93;115;5.75;41;6.85;;;189;4.28;12;19.05;;;;;;;
2019;nutricao;Universidade Federal de Ouro Preto;MG;19;Federal;81;13.85;16;41.54;38;7.27;28;7.22;;;1;8;12;19.05;;;;;;;
2019;nutricao;Universidade Federal do Rio Grande do Norte;RN;20;Federal;13;32.68;34;21.73;72;6.6;31;7.13;;;1;8;;;;;;;;;
2019;nutricao;Universidade Estadual do Ceará;CE;21;Estadual;13;32.68;35;21.57;108;5.89;12;7.68;;;1;8;;;;;;;;;
2019;nutricao;Universidade Federal do Pará;PA;22;Federal;13;32.68;43;20.16;90;6.24;73;5.92;;;1;8;;;;;;;;;
2019;nutricao;Universidade do Estado da Bahia;BA;23;Estadual;13;32.68;48;19.44;166;4.74;46;6.7;;;1;8;;;;;;;;;
2019;nutricao;Universidade Federal de Alagoas;AL;24;Federal;27;28.8;24;23.08;33;7.37;11;7.71;;;1;8;;;;;;;;;
2019;nutricao;Universidade Paulista;SP;25;Privada;2;35.72;82;15.96;201-250;3.85;21;7.42;;;168;4.69;;;;;;;;;
2019;nutricao;Universidade do Vale do Rio dos Sinos;RS;26;Privada;13;32.68;55;18.38;60;6.84;75;5.86;;;118;5.68;;;;;;;;;
2019;nutricao;Universidade Federal de Sergipe;SE;26;Federal;27;28.8;26;22.26;51;7.01;27;7.25;;;1;8;;;;;;;;;
2019;nutricao;Universidade Federal de Juiz de Fora;MG;28;Federal;27;28.8;27;22.24;49;7.05;29;7.19;;;1;8;;;;;;;;;
2019;nutricao;Universidade Federal do Espírito Santo;ES;29;Federal;27;28.8;28;22.2;31;7.41;43;6.79;;;1;8;;;;;;;;;
2019;nutricao;Universidade Federal do Piauí;PI;30;Federal;13;32.68;56;18.27;180;4.46;77;5.81;;;1;8;;;;;;;;;
2019;nutricao;Universidade Federal da Paraíba;PB;31;Federal;27;28.8;30;22.02;50;7.03;36;6.99;;;1;8;;;;;;;;;
2019;nutricao;Universidade Federal do Maranhão;MA;32;Federal;27;28.8;31;21.98;70;6.64;24;7.34;;;1;8;;;;;;;;;
2019;nutricao;Universidade Federal de Mato Grosso;MT;33;Federal;27;28.8;33;21.77;89;6.26;18;7.51;;;1;8;;;;;;;;;
2019;nutricao;Universidade de Marília;SP;34;Privada;27;28.8;40;20.59;137;5.31;26;7.28;;;1;8;;;;;;;;;
2019;nutricao;Universidade Federal de Santa Maria;RS;35;Federal;27;28.8;44;20.11;18;7.66;124;4.45;;;1;8;;;;;;;;;
2019;nutricao;Universidade de Fortaleza;CE;36;Privada;6;34.62;121;14.14;144;5.18;96;5.26;;;201-250;3.7;;;;;;;;;
2019;nutricao;Universidade do Oeste Paulista;SP;37;Privada;27;28.8;50;19.26;63;6.78;9;7.77;;;167;4.71;;;;;;;;;
2019;nutricao;Pontifícia Universidade Católica de Minas Gerais;MG;38;Privada;6;34.62;151;12.93;134;5.37;122;4.51;;;251-300;3.05;;;;;;;;;
2019;nutricao;Universidade do Grande Rio Professor José de Souza Herdy;RJ;39;Privada;27;28.8;57;17.9;117;5.71;133;4.19;;;1;8;;;;;;;;;
2019;nutricao;Universidade do Vale do Taquari;RS;40;Privada;27;28.8;58;17.88;80;6.44;72;5.95;;;128;5.49;;;;;;;;;
2019;nutricao;Universidade de Pernambuco;PE;41;Estadual;27;28.8;59;17.83;105;5.95;56;6.41;;;129;5.47;;;;;;;;;
2019;nutricao;Centro Universitário de Belo Horizonte;MG;42;Privada;27;28.8;62;17.4;54;6.95;68;6.07;;;184;4.38;;;;;;;;;
2019;nutricao;Universidade Feevale;RS;43;Privada;27;28.8;74;16.26;107;5.91;121;4.53;;;111;5.82;;;;;;;;;
2019;nutricao;Universidade Presbiteriana Mackenzie;SP;44;Privada;27;28.8;76;16.18;29;7.45;32;7.11;;;301-350;1.62;;;;;;;;;
2019;nutricao;Pontifícia Universidade Católica do Paraná;PR;45;Privada;27;28.8;86;15.78;103;5.99;16;7.57;;;251-300;2.22;;;;;;;;;
2019;nutricao;Universidade Positivo;PR;46;Privada;27;28.8;89;15.63;140;5.25;62;6.24;;;196;4.14;;;;;;;;;
2019;nutricao;Pontifícia Universidade Católica do Rio Grande do Sul;RS;47;Privada;27;28.8;94;15.49;37;7.29;94;5.31;;;251-300;2.89;;;;;;;;;
2019;nutricao;Universidade Anhembi Morumbi;SP;48;Privada;27;28.8;96;15.32;35;7.33;51;6.56;;;301-350;1.43;;;;;;;;;
2019;nutricao;Centro Universitário das Faculdades Metropolitanas Unidas;SP;49;Privada;27;28.8;98;15.19;93;6.18;71;5.98;;;251-300;3.03;;;;;;;;;
2019;nutricao;Universidade de Caxias do Sul;RS;50;Privada;27;28.8;103;14.86;91;6.22;74;5.89;;;251-300;2.75;;;;;;;;;
2019;nutricao;Universidade Potiguar;RN;51;Privada;13;32.68;193;10.61;184;4.39;197;2.34;;;201-250;3.88;;;;;;;;;
2019;nutricao;Centro Universitário Una;MG;52;Privada;27;28.8;110;14.39;114;5.77;139;4.01;;;172;4.61;;;;;;;;;
2019;nutricao;Universidade Estácio de Sá;RJ;53;Privada;13;32.68;201-250;9.98;169;4.68;157;3.5;;;301-350;1.8;;;;;;;;;
2019;nutricao;Pontifícia Universidade Católica de Campinas;SP;54;Privada;27;28.8;129;13.73;65;6.74;54;6.47;;;351-400;0.52;;;;;;;;;
2019;nutricao;Universidade de Franca;SP;55;Privada;27;28.8;131;13.67;96;6.12;201-250;1.99;;;124;5.56;;;;;;;;;
2019;nutricao;Centro Universitário São Camilo;SP;56;Privada;27;28.8;132;13.66;200;4.07;42;6.82;;;251-300;2.77;;;;;;;;;
2019;nutricao;Universidade Católica de Brasília;DF;57;Privada;27;28.8;137;13.52;201-250;3.44;201-250;2.08;;;1;8;;;;;;;;;
2019;nutricao;Universidade Ceuma;MA;58;Privada;27;28.8;140;13.42;177;4.52;201-250;0.9;;;1;8;;;;;;;;;
2019;nutricao;Centro Universitário São Lucas;RO;59;Privada;27;28.8;145;13.26;201-250;3.67;201-250;1.59;;;1;8;;;;;;;;;
2019;nutricao;Centro Universitário São Camilo - Espírito Santo;ES;60;Privada;27;28.8;153;12.62;251-300;2.37;50;6.59;;;201-250;3.66;;;;;;;;;
2019;nutricao;Pontifícia Universidade Católica de Goiás;GO;61;Privada;13;32.68;251-300;8.15;251-300;2.63;115;4.71;;;351-400;0.81;;;;;;;;;
2019;nutricao;Centro Universitário Favip Wyden;PE;62;Privada;27;28.8;168;11.83;153;5;201-250;1.56;;;139;5.27;;;;;;;;;
2019;nutricao;Universidade de Cuiabá;MT;63;Privada;27;28.8;172;11.63;251-300;2.61;89;5.46;;;201-250;3.56;;;;;;;;;
2019;nutricao;Universidade Pitágoras Unopar Anhanguera;PR;64;Privada;27;28.8;176;11.44;201-250;3.26;106;4.97;;;201-250;3.21;;;;;;;;;
2019;nutricao;Universidade Federal do Triângulo Mineiro;MG;65;Federal;;;19;39.76;23;7.57;100;5.14;;;1;8;12;19.05;;;;;;;
2019;nutricao;Centro Universitário do Estado do Pará;PA;66;Privada;27;28.8;188;10.92;251-300;2.73;142;3.93;;;190;4.26;;;;;;;;;
2019;nutricao;Universidade Veiga de Almeida;RJ;67;Privada;27;28.8;192;10.75;62;6.8;195;2.4;;;301-350;1.55;;;;;;;;;
2019;nutricao;Universidade Salvador;BA;68;Privada;27;28.8;197;10.49;198;4.11;101;5.11;;;301-350;1.27;;;;;;;;;
2019;nutricao;Centro Universitário Jorge Amado;BA;69;Privada;27;28.8;198;10.4;146;5.14;159;3.44;;;301-350;1.82;;;;;;;;;
2019;nutricao;Universidade de Passo Fundo;RS;70;Privada;27;28.8;199;10.36;155;4.96;156;3.52;;;301-350;1.88;;;;;;;;;
2019;nutricao;Universidade Federal de Pelotas;RS;71;Federal;;;20;38.77;48;7.07;117;4.65;;;1;8;12;19.05;;;;;;;
2019;nutricao;Centro Universitário de Brasília;DF;72;Privada;27;28.8;201-250;9.73;181;4.44;118;4.62;;;351-400;0.67;;;;;;;;;
2019;nutricao;Universidade Metodista de Piracicaba;SP;73;Privada;27;28.8;201-250;9.43;39;7.25;201-250;1.21;;;351-400;0.97;;;;;;;;;
2019;nutricao;Centro Universitário Maurício de Nassau;PE;74;Privada;27;28.8;201-250;9.03;201-250;3.5;181;2.8;;;251-300;2.73;;;;;;;;;
2019;nutricao;Centro Universitário Santo Agostinho;PI;75;Privada;27;28.8;201-250;8.79;201-250;3.38;251-300;0.58;;;161;4.83;;;;;;;;;
2019;nutricao;Universidade Tiradentes;SE;76;Privada;27;28.8;201-250;8.47;162;4.82;201-250;1.27;;;251-300;2.38;;;;;;;;;
2019;nutricao;Universidade Federal de Lavras;MG;77;Federal;81;13.85;23;23.33;7;7.88;20;7.45;;;1;8;;;;;;;;;
2019;nutricao;Universidade Federal de Uberlândia;MG;78;Federal;81;13.85;25;22.72;16;7.7;35;7.02;;;1;8;;;;;;;;;
2019;nutricao;Universidade Regional Integrada do Alto Uruguai e das Missões;RS;79;Privada;27;28.8;251-300;7.36;201-250;3.97;192;2.48;;;351-400;0.91;;;;;;;;;
2019;nutricao;Centro Universitário Cesmac;AL;80;Privada;27;28.8;251-300;7.01;251-300;3;165;3.26;;;351-400;0.75;;;;;;;;;
2019;nutricao;Universidade da Amazônia;PA;81;Privada;27;28.8;301-350;6.15;251-300;2.94;201-250;1.88;;;301-350;1.33;;;;;;;;;
2019;nutricao;Universidade Salgado de Oliveira;RJ;82;Privada;27;28.8;301-350;6;201-250;3.79;201-250;1.16;;;351-400;1.05;;;;;;;;;
2019;nutricao;Universidade Estadual do Centro Oeste;PR;83;Estadual;81;13.85;38;20.93;86;6.32;49;6.61;;;1;8;;;;;;;;;
2019;nutricao;Universidade Federal de Campina Grande;PB;84;Federal;81;13.85;45;20.1;111;5.83;61;6.27;;;1;8;;;;;;;;;
2019;nutricao;Universidade Metodista de São Paulo;SP;85;Privada;27;28.8;301-350;4.76;351-400;0.3;;;;;180;4.46;;;;;;;;;
2019;nutricao;Centro Universitário Redentor;RJ;86;Privada;81;13.85;46;19.63;98;6.08;86;5.55;;;1;8;;;;;;;;;
2019;nutricao;Universidade Federal de Mato Grosso do Sul;MS;87;Federal;81;13.85;47;19.45;30;7.43;45;6.73;;;138;5.29;;;;;;;;;
2019;nutricao;Universidade Católica de Santos;SP;88;Privada;81;13.85;49;19.37;27;7.49;66;6.12;;;114;5.76;;;;;;;;;
2019;nutricao;Universidade Católica do Salvador;BA;89;Privada;27;28.8;351-400;4.13;251-300;2.45;;;;;301-350;1.68;;;;;;;;;
2019;nutricao;Universidade Cesumar;PR;90;Privada;81;13.85;54;18.41;46;7.11;65;6.15;;;145;5.15;;;;;;;;;
2019;nutricao;Universidade Paranaense;PR;91;Privada;27;28.8;351-400;2.53;301-350;1.6;;;;;351-400;0.93;;;;;;;;;
2019;nutricao;Universidade São Judas Tadeu;SP;92;Privada;81;13.85;70;16.57;47;7.09;38;6.93;;;251-300;2.55;;;;;;;;;
2019;nutricao;Universidade Vila Velha;ES;93;Privada;81;13.85;73;16.33;148;5.1;5;7.88;;;201-250;3.35;;;;;;;;;
2019;nutricao;Centro Universitário Uninovafapi;PI;94;Privada;81;13.85;75;16.23;118;5.69;190;2.54;;;1;8;;;;;;;;;
2019;nutricao;Universidade Nove de Julho;SP;95;Privada;81;13.85;91;15.61;82;6.4;138;4.04;;;144;5.17;;;;;;;;;
2019;nutricao;Universidade do Vale do Itajaí;SC;96;Privada;81;13.85;92;15.59;185;4.37;76;5.83;;;133;5.39;;;;;;;;;
2019;nutricao;Faculdade Anísio Teixeira de Feira de Santana;BA;97;Privada;81;13.85;93;15.52;301-350;1.92;84;5.6;;;1;8;;;;;;;;;
2019;nutricao;Centro Universitário de Várzea Grande;MT;98;Privada;81;13.85;97;15.24;122;5.61;125;4.42;;;142;5.21;;;;;;;;;
2019;nutricao;Universidade de Taubaté;SP;99;Municipal;81;13.85;104;14.79;190;4.27;116;4.68;;;110;5.84;;;;;;;;;
2019;nutricao;Centro Universitário Arthur Sá Earp Neto;RJ;100;Privada;81;13.85;107;14.52;133;5.39;147;3.78;;;135;5.35;;;;;;;;;
2019;nutricao;Centro Universitário Senac;SP;101;Privada;81;13.85;112;14.33;160;4.86;25;7.31;;;251-300;2.16;;;;;;;;;
2019;nutricao;Universidade de Santa Cruz do Sul;RS;102;Privada;81;13.85;122;14.08;99;6.06;69;6.04;;;301-350;1.98;;;;;;;;;
2019;nutricao;Centro Universitário de Excelência;BA;103;Privada;81;13.85;125;14;201-250;3.54;193;2.46;;;1;8;;;;;;;;;
2019;nutricao;Centro Universitário Sagrado Coração;SP;104;Privada;81;13.85;126;13.95;41;7.21;90;5.43;;;301-350;1.31;;;;;;;;;
2019;nutricao;Centro Universitário de Rio Preto;SP;105;Privada;81;13.85;134;13.63;164;4.78;103;5.05;;;201-250;3.8;;;;;;;;;
2019;nutricao;Universidade Católica Dom Bosco;MS;106;Privada;81;13.85;152;12.75;149;5.08;201-250;2.2;;;129;5.47;;;;;;;;;
2019;nutricao;Centro Universitário Filadélfia;PR;107;Privada;81;13.85;163;12.18;251-300;2.13;79;5.75;;;188;4.3;;;;;;;;;
2019;nutricao;Centro Universitário Assis Gurgacz;PR;108;Privada;81;13.85;170;11.72;251-300;2.51;53;6.5;;;251-300;2.71;;;;;;;;;
2019;nutricao;Universidade Comunitária da Região de Chapecó;SC;109;Privada;81;13.85;174;11.59;251-300;2.27;150;3.7;;;121;5.62;;;;;;;;;
2019;nutricao;Universidade Regional de Blumenau;SC;110;Municipal;81;13.85;175;11.47;130;5.45;82;5.66;;;351-400;0.36;;;;;;;;;
2019;nutricao;Centro Universitário Estácio do Ceará;CE;111;Privada;81;13.85;183;11.1;161;4.84;145;3.84;;;251-300;2.42;;;;;;;;;
2019;nutricao;Centro Universitário Adventista de São Paulo;SP;112;Privada;81;13.85;186;11.06;145;5.16;164;3.29;;;251-300;2.61;;;;;;;;;
2019;nutricao;Universidade de Sorocaba;SP;113;Privada;81;13.85;195;10.56;119;5.67;134;4.16;;;351-400;0.73;;;;;;;;;
2019;nutricao;Faculdade de Tecnologia e Ciências de Itabuna;BA;114;Privada;81;13.85;196;10.51;301-350;1.9;251-300;0.61;;;1;8;;;;;;;;;
2019;nutricao;Fundação Universidade Federal de Ciências da Saúde de Porto Alegre;RS;115;Federal;;;22;23.58;12;7.78;8;7.8;;;1;8;;;;;;;;;
2019;nutricao;Centro Universitário Facex;RN;115;Privada;81;13.85;201-250;9.73;191;4.25;130;4.27;;;301-350;1.21;;;;;;;;;
2019;nutricao;Instituto Superior e Centro Educacional Luterano;SC;117;Privada;81;13.85;201-250;9.72;301-350;1.78;64;6.18;;;301-350;1.76;;;;;;;;;
2019;nutricao;Centro Universitário dos Guararapes;PE;118;Privada;81;13.85;201-250;9.7;163;4.8;184;2.72;;;251-300;2.18;;;;;;;;;
2019;nutricao;Universidade Federal do Amazonas;AM;119;Federal;81;13.85;201-250;9.38;351-400;1.03;251-300;0.35;;;1;8;;;;;;;;;
2019;nutricao;Centro Universitário Aparício Carvalho;RO;120;Privada;81;13.85;201-250;9.36;351-400;0.61;251-300;0.75;;;1;8;;;;;;;;;
2019;nutricao;Centro Universitário Maria Milza;BA;121;Privada;81;13.85;201-250;8.98;201-250;3.42;;;;;124;5.56;;;;;;;;;
2019;nutricao;Universidade Universus Veritas Guarulhos;SP;122;Privada;81;13.85;201-250;8.45;251-300;2.17;141;3.96;;;251-300;2.32;;;;;;;;;
2019;nutricao;Centro Universitário Nobre de Feira de Santana;BA;123;Privada;;;29;22.15;32;7.39;44;6.76;;;1;8;;;;;;;;;
2019;nutricao;Universidade Federal de Alfenas;MG;124;Federal;;;32;21.95;26;7.51;55;6.44;;;1;8;;;;;;;;;
2019;nutricao;Universidade do Vale do Paraíba;SP;125;Privada;81;13.85;251-300;8.02;59;6.85;;;;;301-350;1.17;;;;;;;;;
2019;nutricao;Universidade de Mogi das Cruzes;SP;126;Privada;81;13.85;251-300;7.68;251-300;2.43;;;;;140;5.25;;;;;;;;;
2019;nutricao;Universidade Federal da Fronteira Sul;SC;127;Federal;;;36;21.43;74;6.56;40;6.87;;;1;8;;;;;;;;;
2019;nutricao;Fundação Universidade Federal da Grande Dourados;MS;128;Federal;;;37;21.31;22;7.59;80;5.72;;;1;8;;;;;;;;;
2019;nutricao;Universidade do Sul de Santa Catarina;SC;129;Privada;81;13.85;251-300;7.38;251-300;2.77;201-250;1.5;;;201-250;3.11;;;;;;;;;
2019;nutricao;Universidade Anhanguera;MS;130;Privada;81;13.85;251-300;6.92;351-400;0.93;201-250;1.65;;;186;4.34;;;;;;;;;
2019;nutricao;Universidade Federal dos Vales do Jequitinhonha e Mucuri;MG;131;Federal;;;39;20.76;25;7.53;97;5.23;;;1;8;;;;;;;;;
2019;nutricao;Centro Universitário do Rio Grande do Norte;RN;132;Privada;;;41;20.54;94;6.16;57;6.38;;;1;8;;;;;;;;;
2019;nutricao;Universidade Federal do Recôncavo da Bahia;BA;133;Federal;;;42;20.52;57;6.89;83;5.63;;;1;8;;;;;;;;;
2019;nutricao;Centro Universitário Anhanguera Pitágoras Unopar de Niterói;RJ;134;Privada;81;13.85;301-350;6.51;351-400;0.91;198;2.31;;;201-250;3.29;;;;;;;;;
2019;nutricao;Centro Universitário da Serra Gaúcha;RS;135;Privada;81;13.85;301-350;6.48;201-250;3.52;201-250;1.47;;;301-350;1.49;;;;;;;;;
2019;nutricao;Centro Universitário Tabosa de Almeida;PE;136;Privada;81;13.85;301-350;5.69;201-250;3.95;;;;;301-350;1.74;;;;;;;;;
2019;nutricao;Centro Universitário Presidente Antônio Carlos;MG;137;Privada;81;13.85;301-350;5.18;301-350;1.98;201-250;1.79;;;301-350;1.41;;;;;;;;;
2019;nutricao;Fundação Universidade Federal do Pampa;RS;138;Federal;;;51;18.93;43;7.17;148;3.76;;;1;8;;;;;;;;;
2019;nutricao;Centro Universitário de Viçosa;MG;139;Privada;;;52;18.73;77;6.5;47;6.67;;;124;5.56;;;;;;;;;
2019;nutricao;Instituto Federal de Educação, Ciência e Tecnologia do Sudeste de Minas Gerais;MG;140;Federal;;;53;18.63;112;5.81;111;4.82;;;1;8;;;;;;;;;
2019;nutricao;Universidade do Oeste de Santa Catarina;SC;141;Privada;81;13.85;351-400;4.23;301-350;1.64;;;;;251-300;2.59;;;;;;;;;
2019;nutricao;Faculdades Integradas de Bauru;SP;142;Privada;;;60;17.76;165;4.76;105;5;;;1;8;;;;;;;;;
2019;nutricao;Centro Universitário Ingá;PR;143;Privada;;;61;17.74;132;5.41;128;4.33;;;1;8;;;;;;;;;
2019;nutricao;Fundação Universidade Federal do Tocantins;TO;144;Federal;;;63;17.37;201-250;3.36;70;6.01;;;1;8;;;;;;;;;
2019;nutricao;Universidade de Ribeirão Preto;SP;145;Privada;;;64;17.34;40;7.23;126;4.39;;;116;5.72;;;;;;;;;
2019;nutricao;Faculdade Anhanguera de Guarulhos;SP;146;Privada;81;13.85;351-400;3.19;301-350;1.66;251-300;0.46;;;351-400;1.07;;;;;;;;;
2019;nutricao;Faculdade Redentor de Campos;RJ;147;Privada;;;65;16.95;193;4.21;114;4.74;;;1;8;;;;;;;;;
2019;nutricao;Centro Universitário Inta;CE;148;Privada;;;66;16.92;67;6.7;201-250;2.22;;;1;8;;;;;;;;;
2019;nutricao;Centro Universitário Campos de Andrade;PR;149;Privada;;;67;16.86;68;6.68;110;4.85;;;136;5.33;;;;;;;;;
2019;nutricao;Centro Universitário Fmabc;SP;150;Privada;;;68;16.74;131;5.43;48;6.64;;;169;4.67;;;;;;;;;
2019;nutricao;Universidade La Salle;RS;151;Privada;;;69;16.72;15;7.72;135;4.13;;;159;4.87;;;;;;;;;
2019;nutricao;Universidade Cruzeiro do Sul;SP;152;Privada;;;70;16.57;44;7.15;58;6.35;;;201-250;3.07;;;;;;;;;
2019;nutricao;Instituto Federal de Educação, Ciência e Tecnologia do Ceará;CE;153;Federal;;;72;16.49;301-350;1.96;52;6.53;;;1;8;;;;;;;;;
2019;nutricao;Universidade Nilton Lins;AM;154;Privada;81;13.85;351-400;2.41;351-400;0.75;251-300;0.06;;;301-350;1.6;;;;;;;;;
2019;nutricao;Faculdade de Ensino Superior da Cidade de Feira de Santana;BA;155;Privada;;;77;16;1;8;;;;;1;8;;;;;;;;;
2019;nutricao;Centro Universitário Metodista Izabela Hendrix;MG;155;Privada;;;77;16;1;8;;;;;1;8;;;;;;;;;
2019;nutricao;Faculdade de Imperatriz Wyden;MA;155;Privada;;;77;16;1;8;;;;;1;8;;;;;;;;;
2019;nutricao;Faculdade Unirb - Feira de Santana;BA;155;Privada;;;77;16;1;8;;;;;1;8;;;;;;;;;
2019;nutricao;Centro Universitário Católico Salesiano Auxilium;SP;159;Privada;;;81;15.97;73;6.58;149;3.73;;;119;5.66;;;;;;;;;
2019;nutricao;Centro Universitário Zarns;BA;160;Privada;;;83;15.91;201-250;4.01;143;3.9;;;1;8;;;;;;;;;
2019;nutricao;Universidade Franciscana;RS;161;Privada;;;84;15.89;110;5.85;129;4.3;;;115;5.74;;;;;;;;;
2019;nutricao;Centro Universitário Claretiano;SP;162;Privada;;;85;15.83;84;6.36;92;5.37;;;198;4.1;;;;;;;;;
2019;nutricao;Centro Universitário de Volta Redonda;RJ;163;Privada;;;87;15.73;53;6.97;175;2.98;;;113;5.78;;;;;;;;;
2019;nutricao;União das Faculdades dos Grandes Lagos;SP;164;Privada;;;88;15.63;128;5.49;201-250;2.14;;;1;8;;;;;;;;;
2019;nutricao;Universidade Cidade de São Paulo;SP;165;Privada;;;89;15.63;20;7.63;;;;;1;8;;;;;;;;;
2019;nutricao;Centro Universitário Euro-americano;DF;166;Privada;;;95;15.45;75;6.54;108;4.91;;;201-250;4;;;;;;;;;
2019;nutricao;Universidade Tuiuti do Paraná;PR;167;Privada;;;99;15.07;79;6.46;131;4.25;;;185;4.36;;;;;;;;;
2019;nutricao;Centro Universitário Facvest;SC;168;Privada;;;100;14.99;52;6.99;;;;;1;8;;;;;;;;;
2019;nutricao;Centro Universitário Brasília do Estado de Goiás;GO;169;Privada;;;101;14.91;56;6.91;;;;;1;8;;;;;;;;;
2019;nutricao;Centro Universitário Ateneu;CE;170;Privada;;;102;14.87;58;6.87;;;;;1;8;;;;;;;;;
2019;nutricao;Centro Universitário Autônomo do Brasil;PR;171;Privada;;;105;14.75;116;5.73;91;5.4;;;201-250;3.62;;;;;;;;;
2019;nutricao;Centro Universitário Ages;BA;172;Privada;;;106;14.62;71;6.62;;;;;1;8;;;;;;;;;
2019;nutricao;Centro Universitário Geraldo Di Biase;RJ;173;Privada;;;107;14.52;76;6.52;;;;;1;8;;;;;;;;;
2019;nutricao;Faculdade da Região dos Lagos;RJ;174;Privada;;;109;14.42;81;6.42;;;;;1;8;;;;;;;;;
2019;nutricao;Universidade Federal do Oeste da Bahia;BA;175;Federal;;;111;14.34;85;6.34;;;;;1;8;;;;;;;;;
2019;nutricao;Centro Universitário do Recife;PE;176;Privada;;;113;14.3;87;6.3;;;;;1;8;;;;;;;;;
2019;nutricao;Centro Universitário Metrocamp Wyden;SP;177;Privada;;;114;14.29;139;5.27;85;5.57;;;201-250;3.45;;;;;;;;;
2019;nutricao;Centro Universitário Ritter dos Reis;RS;178;Privada;;;115;14.26;104;5.97;59;6.33;;;301-350;1.96;;;;;;;;;
2019;nutricao;Centro Universitário Planalto do Distrito Federal;DF;179;Privada;;;116;14.26;251-300;3.04;87;5.52;;;117;5.7;;;;;;;;;
2019;nutricao;Faculdade Pernambucana de Saúde;PE;180;Privada;;;117;14.21;301-350;1.13;102;5.08;;;1;8;;;;;;;;;
2019;nutricao;Centro Universitário Fanor Wyden;CE;181;Privada;;;118;14.2;100;6.04;136;4.1;;;200;4.06;;;;;;;;;
2019;nutricao;Centro Universitário do Sul de Minas;MG;182;Privada;;;119;14.17;201-250;4.05;1;8;;;251-300;2.12;;;;;;;;;
2019;nutricao;Centro Universitário de Sete Lagoas;MG;183;Privada;;;120;14.16;95;6.14;104;5.03;;;251-300;2.99;;;;;;;;;
2019;nutricao;Centro Universitário da Grande Dourados;MS;184;Privada;;;123;14.04;170;4.66;112;4.79;;;173;4.59;;;;;;;;;
2019;nutricao;Centro Universitário Goyazes;GO;185;Privada;;;124;14.02;195;4.17;201-250;1.85;;;1;8;;;;;;;;;
2019;nutricao;Centro Universitário das Américas;SP;186;Privada;;;127;13.93;106;5.93;;;;;1;8;;;;;;;;;
2019;nutricao;Universidade Estadual do Oeste do Paraná;PR;187;Estadual;;;128;13.79;113;5.79;;;;;1;8;;;;;;;;;
2019;nutricao;Universidade Federal do Acre;AC;188;Federal;;;130;13.7;301-350;1.48;132;4.22;;;1;8;;;;;;;;;
2019;nutricao;Centro Universitário Christus;CE;189;Privada;;;133;13.65;120;5.65;;;;;1;8;;;;;;;;;
2019;nutricao;Centro Universitário Atenas;MG;190;Privada;;;135;13.59;201-250;3.62;98;5.2;;;164;4.77;;;;;;;;;
2019;nutricao;Centro Universitário de Votuporanga;SP;191;Privada;;;136;13.54;196;4.15;88;5.49;;;201-250;3.9;;;;;;;;;
2019;nutricao;Universidade de Araraquara;SP;192;Privada;;;138;13.48;64;6.76;123;4.48;;;251-300;2.24;;;;;;;;;
2019;nutricao;Centro Universitário - Católica de Santa Catarina em Joinville;SC;193;Privada;;;139;13.46;154;4.98;22;7.39;;;301-350;1.09;;;;;;;;;
2019;nutricao;Centro Universitário da Vitória de Santo Antão;PE;194;Privada;;;141;13.35;135;5.35;;;;;1;8;;;;;;;;;
2019;nutricao;Centro Universitário Unirb;BA;195;Privada;;;142;13.33;142;5.22;183;2.74;;;134;5.37;;;;;;;;;
2019;nutricao;Faculdade de Enfermagem Nova Esperança de Mossoró;RN;196;Privada;;;143;13.29;138;5.29;;;;;1;8;;;;;;;;;
2019;nutricao;Centro Universitário São Miguel;PE;197;Privada;;;144;13.27;109;5.87;196;2.37;;;151;5.03;;;;;;;;;
2019;nutricao;Centro Universitário Uniasselvi de Blumenau ;SC;198;Privada;;;146;13.21;201-250;3.16;63;6.21;;;201-250;3.84;;;;;;;;;
2019;nutricao;Faculdade de Ciências Médicas de Campina Grande;PB;199;Privada;;;147;13.11;36;7.31;;;;;112;5.8;;;;;;;;;
2019;nutricao;Centro Universitário Mario Pontes Jucá;AL;200;Privada;;;148;13.04;151;5.04;;;;;1;8;;;;;;;;;
2019;nutricao;UGV Centro Universitário;PR;201;Privada;;;164;12.12;301-350;1.62;81;5.69;;;162;4.81;;;;;;;;;
2019;nutricao;Centro Universitário Estácio de Santa Catarina;SC;201;Privada;;;191;10.8;201-250;3.22;137;4.07;;;201-250;3.51;;;;;;;;;
2019;nutricao;Faculdade Unirb - Arapiraca;AL;201;Privada;;;158;12.35;186;4.35;;;;;1;8;;;;;;;;;
2019;nutricao;Centro Universitário Celso Lisboa;RJ;201;Privada;;;194;10.57;102;6.01;201-250;1.13;;;201-250;3.43;;;;;;;;;
2019;nutricao;Faculdade São Salvador;BA;201;Privada;;;201-250;9.84;201-250;3.99;251-300;0.72;;;146;5.13;;;;;;;;;
2019;nutricao;Centro Universitário Toledo Wyden;SP;201;Privada;;;201-250;10.13;168;4.7;162;3.35;;;251-300;2.08;;;;;;;;;
2019;nutricao;Centro Universitário Funvic;SP;201;Privada;;;201-250;10.22;129;5.47;;;;;165;4.75;;;;;;;;;
2019;nutricao;Centro Universitário Ibmr;RJ;201;Privada;;;190;10.87;124;5.57;119;4.59;;;351-400;0.71;;;;;;;;;
2019;nutricao;Centro Universitário - Uniesp;PB;201;Privada;;;165;11.93;61;6.82;;;;;147;5.11;;;;;;;;;
2019;nutricao;Centro Universitário Salesiano;ES;201;Privada;;;201-250;9.55;201-250;3.3;146;3.81;;;251-300;2.44;;;;;;;;;
2019;nutricao;Centro Universitário Metodista;RS;201;Privada;;;162;12.22;83;6.38;93;5.34;;;351-400;0.5;;;;;;;;;
2019;nutricao;Instituto de Ensino Superior da Grande Florianópolis;SC;201;Privada;;;159;12.33;187;4.33;;;;;1;8;;;;;;;;;
2019;nutricao;Centro Universitário Santa Rita;MG;201;Privada;;;154;12.59;179;4.48;163;3.32;;;163;4.79;;;;;;;;;
2019;nutricao;Centro Universitário da Amazônia - UNIESAMAZ;PA;201;Privada;;;160;12.29;201-250;4.03;251-300;0.26;;;1;8;;;;;;;;;
2019;nutricao;Centro Universitário Ceuni;AM;201;Privada;;;179;11.29;147;5.12;201-250;0.98;;;143;5.19;;;;;;;;;
2019;nutricao;Centro Universitário Unirb - Alagoinhas;BA;201;Privada;;;185;11.09;197;4.13;201-250;1.1;;;109;5.86;;;;;;;;;
2019;nutricao;Faculdade de Rolim de Moura;RO;201;Privada;;;201-250;9.52;301-350;1.52;;;;;1;8;;;;;;;;;
2019;nutricao;Universidade José do Rosário Velano;MG;201;Privada;;;201-250;9.66;141;5.24;;;;;182;4.42;;;;;;;;;
2019;nutricao;Centro Universitário Maurício de Nassau de Juazeiro do Norte;CE;201;Privada;;;201-250;9.61;301-350;1.74;166;3.24;;;171;4.63;;;;;;;;;
2019;nutricao;Centro Universitário da Região da Campanha;RS;201;Privada;;;172;11.63;183;4.41;140;3.99;;;201-250;3.23;;;;;;;;;
2019;nutricao;Faculdade Anhanguera de São José;SP;201;Privada;;;150;12.94;156;4.94;;;;;1;8;;;;;;;;;
2019;nutricao;Centro Universitário Estácio do Recife;PE;201;Privada;;;201-250;9.98;136;5.33;201-250;1.24;;;201-250;3.41;;;;;;;;;
2019;nutricao;Centro Universitário Maurício de Nassau do Rio de Janeiro;RJ;201;Privada;;;201-250;10.08;55;6.93;;;;;201-250;3.15;;;;;;;;;
2019;nutricao;Centro Universitário União das Américas Descomplica;PR;201;Privada;;;171;11.68;201-250;3.93;168;3.18;;;174;4.57;;;;;;;;;
2019;nutricao;Faculdade Unirb - Aracaju;SE;201;Privada;;;189;10.88;251-300;2.88;;;;;1;8;;;;;;;;;
2019;nutricao;Universidade Brasil;SP;201;Privada;;;201-250;10.05;251-300;3.02;201-250;1.96;;;149;5.07;;;;;;;;;
2019;nutricao;Centro Universitário Mauá de Brasília;DF;201;Privada;;;178;11.39;78;6.48;;;;;157;4.91;;;;;;;;;
2019;nutricao;Centro Universitário FG;BA;201;Privada;;;166;11.88;251-300;2.81;201-250;1.07;;;1;8;;;;;;;;;
2019;nutricao;Centro Universitário Imepac;MG;201;Privada;;;177;11.43;125;5.55;201-250;0.87;;;152;5.01;;;;;;;;;
2019;nutricao;Faculdade de Tecnologia e Ciências de Jequié;BA;201;Privada;;;201-250;9.8;301-350;1.8;;;;;1;8;;;;;;;;;
2019;nutricao;Centro Universitário Sant'Anna;SP;201;Privada;;;201-250;9.68;97;6.1;;;;;201-250;3.58;;;;;;;;;
2019;nutricao;Faculdade Kennedy de Belo Horizonte;MG;201;Privada;;;201-250;9.49;201-250;3.91;;;;;123;5.58;;;;;;;;;
2019;nutricao;Centro Universitário Dinâmica das Cataratas;PR;201;Privada;;;201-250;10.03;172;4.62;;;;;132;5.41;;;;;;;;;
2019;nutricao;Centro Universitário Una de Bom Despacho;MG;201;Privada;;;201-250;9.61;251-300;2.15;113;4.77;;;251-300;2.69;;;;;;;;;
2019;nutricao;Centro Universitário de Maceió;AL;201;Privada;;;201-250;10.23;167;4.72;160;3.41;;;251-300;2.1;;;;;;;;;
2019;nutricao;Faculdade de Minas BH;MG;201;Privada;;;167;11.87;92;6.2;95;5.29;;;351-400;0.38;;;;;;;;;
2019;nutricao;Centro Universitário Uniftc;BA;201;Privada;;;156;12.43;182;4.43;;;;;1;8;;;;;;;;;
2019;nutricao;Centro Universitário de Excelência de Vitória da Conquista;BA;201;Privada;;;149;13;201-250;3.56;201-250;1.44;;;1;8;;;;;;;;;
2019;nutricao;Faculdade Santa Terezinha;MA;201;Privada;;;179;11.29;251-300;2.11;201-250;1.18;;;1;8;;;;;;;;;
2019;nutricao;Centro Universitário Faminas;MG;201;Privada;;;187;10.93;173;4.6;144;3.87;;;251-300;2.46;;;;;;;;;
2019;nutricao;Centro Universitário do Espírito Santo;ES;201;Privada;;;168;11.83;201-250;3.34;67;6.09;;;251-300;2.4;;;;;;;;;
2019;nutricao;Centro Universitário Fibra;PA;201;Privada;;;201-250;9.55;123;5.59;;;;;201-250;3.96;;;;;;;;;
2019;nutricao;Faculdade de Ciências Sociais e Agrárias de Itapeva;SP;201;Privada;;;181;11.28;201-250;3.28;;;;;1;8;;;;;;;;;
2019;nutricao;Centro Universitário Unifafibe;SP;201;Privada;;;161;12.25;176;4.54;172;3.06;;;170;4.65;;;;;;;;;
2019;nutricao;Centro Universitário Central Paulista;SP;201;Privada;;;182;11.13;69;6.66;180;2.83;;;301-350;1.64;;;;;;;;;
2019;nutricao;Centro Universitário Ruy Barbosa Wyden;BA;201;Privada;;;154;12.59;171;4.64;155;3.55;;;183;4.4;;;;;;;;;
2019;nutricao;Faculdades Integradas de Três Lagoas;MS;201;Privada;;;157;12.38;101;6.03;201-250;2.17;;;194;4.18;;;;;;;;;
2019;nutricao;Centro Universitário Unibras do Sudoeste Goiano;GO;201;Privada;;;201-250;9.52;301-350;1.52;;;;;1;8;;;;;;;;;
2019;nutricao;Universidade do Extremo Sul Catarinense;SC;201;Privada;;;200;10.33;201-250;3.81;107;4.94;;;301-350;1.58;;;;;;;;;
2019;nutricao;Centro Universitário Brasileiro;PE;201;Privada;;;183;11.1;121;5.63;;;;;129;5.47;;;;;;;;;
2019;nutricao;Centro Universitário de Adamantina;SP;251;Municipal;;;201-250;9.11;251-300;2.75;199;2.28;;;199;4.08;;;;;;;;;
2019;nutricao;Escola Superior Madre Celeste;PA;251;Privada;;;251-300;7.84;201-250;3.32;;;;;177;4.52;;;;;;;;;
2019;nutricao;Centro Universitário de Caratinga;MG;251;Privada;;;201-250;8.61;251-300;2.67;169;3.15;;;251-300;2.79;;;;;;;;;
2019;nutricao;Centro Universitário Multivix Vitória;ES;251;Privada;;;251-300;7.53;201-250;3.75;;;;;201-250;3.78;;;;;;;;;
2019;nutricao;Faculdade Nossa Senhora de Fátima;RS;251;Privada;;;251-300;8.17;301-350;1.11;39;6.9;;;351-400;0.16;;;;;;;;;
2019;nutricao;Universidade Metropolitana de Santos;SP;251;Privada;;;251-300;7.9;251-300;2.57;;;;;136;5.33;;;;;;;;;
2019;nutricao;Faculdade de Ciências Médicas da Paraíba;PB;251;Privada;;;201-250;8.73;201-250;3.18;201-250;1.01;;;176;4.54;;;;;;;;;
2019;nutricao;Centro Universitário Nossa Senhora do Patrocínio;SP;251;Privada;;;201-250;8.36;251-300;2.47;109;4.88;;;351-400;1.01;;;;;;;;;
2019;nutricao;Centro Universitário Sociesc;SC;251;Privada;;;251-300;7.93;156;4.94;;;;;251-300;2.99;;;;;;;;;
2019;nutricao;Faculdade de Americana;SP;251;Privada;;;251-300;7.69;127;5.51;201-250;1.53;;;351-400;0.65;;;;;;;;;
2019;nutricao;Faculdade de Ensino Superior de Floriano;PI;251;Privada;;;251-300;7.21;301-350;1.38;251-300;0.17;;;119;5.66;;;;;;;;;
2019;nutricao;Faculdade Anhanguera Unime de Salvador;BA;251;Privada;;;201-250;8.69;201-250;3.64;;;;;150;5.05;;;;;;;;;
2019;nutricao;Escola Superior de Tecnologia e Educação de Rio Claro;SP;251;Privada;;;201-250;8.47;251-300;2.92;173;3.03;;;251-300;2.52;;;;;;;;;
2019;nutricao;Faculdade Anhanguera de Linhares;ES;251;Privada;;;251-300;8.08;401-500;0.08;;;;;1;8;;;;;;;;;
2019;nutricao;Faculdade Dom Luis de Orleans e Bragança;BA;251;Privada;;;201-250;8.55;351-400;0.55;;;;;1;8;;;;;;;;;
2019;nutricao;Faculdade para o Desenvolvimento Sustentável da Amazônia;PA;251;Privada;;;251-300;8.04;401-500;0.04;;;;;1;8;;;;;;;;;
2019;nutricao;Centro Universitário LS;DF;251;Privada;;;201-250;8.81;351-400;0.81;;;;;1;8;;;;;;;;;
2019;nutricao;Centro Universitário Cnec de Bento Gonçalves;RS;251;Privada;;;251-300;7.99;201-250;3.12;152;3.64;;;301-350;1.23;;;;;;;;;
2019;nutricao;Centro Universitário de Pato Branco;PR;251;Privada;;;251-300;7.74;301-350;1.7;201-250;2.02;;;201-250;4.02;;;;;;;;;
2019;nutricao;Faculdade Morgana Potrich;GO;251;Privada;;;201-250;8.6;351-400;1.07;171;3.09;;;181;4.44;;;;;;;;;
2019;nutricao;Universidade de Rio Verde;GO;251;Municipal;;;251-300;7.12;351-400;1.09;251-300;0.52;;;127;5.51;;;;;;;;;
2019;nutricao;Centro Universitário FBV Wyden;PE;251;Privada;;;201-250;9.13;174;4.58;;;;;175;4.55;;;;;;;;;
2019;nutricao;Centro Universitário Campo Real;PR;251;Privada;;;201-250;8.69;201-250;3.48;176;2.95;;;251-300;2.26;;;;;;;;;
2019;nutricao;Centro Universitário de Santa Fé do Sul;SP;251;Municipal;;;201-250;8.92;201-250;3.1;201-250;0.95;;;159;4.87;;;;;;;;;
2019;nutricao;Centro Universitário do Vale do Ribeira;SP;251;Privada;;;251-300;7.65;201-250;3.87;187;2.63;;;301-350;1.15;;;;;;;;;
2019;nutricao;Centro Universitário Sudoeste Paulista;SP;251;Privada;;;251-300;7.63;251-300;2.88;;;;;165;4.75;;;;;;;;;
2019;nutricao;Centro Universitário Padre Anchieta;SP;251;Privada;;;251-300;7.27;201-250;3.58;170;3.12;;;351-400;0.57;;;;;;;;;
2019;nutricao;Centro de Ensino Superior de Ilhéus;BA;251;Privada;;;251-300;8.18;301-350;1.84;151;3.67;;;251-300;2.67;;;;;;;;;
2019;nutricao;Faculdade de Saúde e Humanidades Ibituruna;MG;251;Privada;;;251-300;7.26;301-350;1.19;188;2.6;;;201-250;3.47;;;;;;;;;
2019;nutricao;Centro Universitário de Rondônia;RO;251;Privada;;;251-300;7.9;351-400;0.73;185;2.69;;;179;4.48;;;;;;;;;
2019;nutricao;Faculdade Estácio de Alagoas;AL;251;Privada;;;251-300;7.66;251-300;2.35;201-250;0.81;;;178;4.5;;;;;;;;;
2019;nutricao;Centro Universitário Estácio da Bahia;BA;251;Privada;;;251-300;7.33;201-250;3.6;179;2.86;;;351-400;0.87;;;;;;;;;
2019;nutricao;Centro Universitário Unime;BA;251;Privada;;;251-300;7.93;301-350;1.42;161;3.38;;;201-250;3.13;;;;;;;;;
2019;nutricao;Universidade do Estado de Minas Gerais;MG;251;Estadual;;;251-300;7.12;301-350;2.02;251-300;0.09;;;152;5.01;;;;;;;;;
2019;nutricao;Centro Universitário de Barra Mansa;RJ;251;Privada;;;201-250;8.37;188;4.31;182;2.77;;;301-350;1.29;;;;;;;;;
2019;nutricao;Instituto Cuiabá de Ensino e Cultura;MT;251;Privada;;;251-300;8;;;;;;;1;8;;;;;;;;;
2019;nutricao;Centro Universitário Vale do Rio Verde;MG;251;Privada;;;251-300;7.81;201-250;3.77;;;;;201-250;4.04;;;;;;;;;
2019;nutricao;Centro Universitário Integrado de Campo Mourão;PR;251;Privada;;;251-300;7.26;351-400;0.69;178;2.89;;;201-250;3.68;;;;;;;;;
2019;nutricao;Faculdade Anhanguera de Belo Horizonte;MG;251;Privada;;;251-300;7.62;189;4.29;;;;;201-250;3.33;;;;;;;;;
2019;nutricao;Faculdade de Tecnologia e Ciências;BA;251;Privada;;;251-300;8.16;351-400;0.16;;;;;1;8;;;;;;;;;
2019;nutricao;Centro Universitário Augusto Motta;RJ;251;Privada;;;201-250;8.7;201-250;3.83;167;3.21;;;301-350;1.66;;;;;;;;;
2019;nutricao;Centro Universitário Fametro;CE;251;Privada;;;251-300;7.44;201-250;3.89;;;;;201-250;3.55;;;;;;;;;
2019;nutricao;Faculdade São Francisco da Paraíba;PB;251;Privada;;;201-250;8.94;152;5.02;;;;;201-250;3.92;;;;;;;;;
2019;nutricao;Faculdade de Educação São Francisco;MA;251;Privada;;;201-250;9.27;301-350;1.24;251-300;0.03;;;1;8;;;;;;;;;
2019;nutricao;Universidade Castelo Branco;RJ;251;Privada;;;201-250;8.21;201-250;3.24;154;3.58;;;301-350;1.39;;;;;;;;;
2019;nutricao;Centro Universitário do Instituto de Educação Superior de Brasília;DF;251;Privada;;;251-300;7.16;251-300;2.21;;;;;155;4.95;;;;;;;;;
2019;nutricao;Faculdade Barretos;SP;251;Privada;;;251-300;8.01;251-300;2.9;;;;;147;5.11;;;;;;;;;
2019;nutricao;Universidade Municipal de São Caetano do Sul;SP;251;Municipal;;;201-250;9.4;143;5.2;153;3.61;;;351-400;0.59;;;;;;;;;
2019;nutricao;Centro Universitário Max Planck;SP;251;Privada;;;201-250;8.9;351-400;1.05;30;7.16;;;351-400;0.69;;;;;;;;;
2019;nutricao;Centro Universitário de Ciências e Tecnologia do Maranhão;MA;251;Privada;;;251-300;8.14;301-350;1.58;201-250;1.33;;;141;5.23;;;;;;;;;
2019;nutricao;Faculdade de Apucarana;PR;301;Privada;;;251-300;6.98;351-400;0.32;201-250;1.73;;;156;4.93;;;;;;;;;
2019;nutricao;Centro Universitário de Patos de Minas;MG;301;Privada;;;301-350;6.65;201-250;3.48;;;;;201-250;3.17;;;;;;;;;
2019;nutricao;Centro Universitário Maurício de Nassau Teresina Sul;PI;301;Privada;;;251-300;7;178;4.5;;;;;251-300;2.5;;;;;;;;;
2019;nutricao;Claretiano - Centro Universitário de Rio Claro;SP;301;Privada;;;301-350;6.34;175;4.56;;;;;301-350;1.78;;;;;;;;;
2019;nutricao;Centro Universitário do Planalto Central Apparecido dos Santos;DF;301;Privada;;;301-350;6.35;251-300;2.49;;;;;201-250;3.86;;;;;;;;;
2019;nutricao;Centro Universitário da Amazônia;PA;301;Privada;;;301-350;6.74;201-250;3.75;;;;;251-300;2.99;;;;;;;;;
2019;nutricao;Faculdade Estácio Macapá;AP;301;Privada;;;301-350;5.09;301-350;1.36;251-300;0.64;;;201-250;3.09;;;;;;;;;
2019;nutricao;Faculdade Estácio do Rio Grande do Norte;RN;301;Privada;;;301-350;6.31;251-300;2.55;189;2.57;;;301-350;1.19;;;;;;;;;
2019;nutricao;Universidade Santa Úrsula;RJ;301;Privada;;;301-350;6.62;150;5.06;;;;;301-350;1.56;;;;;;;;;
2019;nutricao;Centro Universitário Maurício de Nassau de Paranáiba;PI;301;Privada;;;301-350;5.05;301-350;1.46;251-300;0.4;;;201-250;3.19;;;;;;;;;
2019;nutricao;Centro Universitário Unigran Capital;MS;301;Privada;;;301-350;6.66;251-300;2.88;;;;;201-250;3.78;;;;;;;;;
2019;nutricao;Faculdade de Educação São Luís;SP;301;Privada;;;251-300;7.06;125;5.55;;;;;301-350;1.51;;;;;;;;;
2019;nutricao;Faculdade da Região Sisaleira;BA;301;Privada;;;301-350;4.93;351-400;0.71;;;;;192;4.22;;;;;;;;;
2019;nutricao;Faculdade Martha Falcão Wyden;AM;301;Privada;;;301-350;6.54;87;6.3;;;;;351-400;0.24;;;;;;;;;
2019;nutricao;Centro Universitário Uninovo;PE;301;Privada;;;301-350;6.66;199;4.09;;;;;251-300;2.57;;;;;;;;;
2019;nutricao;Faculdade Unirb - Barreiras;BA;301;Privada;;;251-300;6.96;301-350;2.05;;;;;157;4.91;;;;;;;;;
2019;nutricao;Centro Universitário Maurício de Nassau de Fortaleza;CE;301;Privada;;;301-350;6.57;192;4.23;;;;;251-300;2.34;;;;;;;;;
2019;nutricao;Centro Universitário Maurício de Nassau de Salvador;BA;301;Privada;;;301-350;5.67;251-300;2.25;201-250;1.36;;;301-350;2.06;;;;;;;;;
2019;nutricao;Centro Universitário Fasipe;MT;301;Privada;;;301-350;6.46;301-350;1.15;201-250;1.82;;;201-250;3.49;;;;;;;;;
2019;nutricao;Centro Universitário do Norte;AM;301;Privada;;;301-350;5.55;251-300;2.53;201-250;1.3;;;301-350;1.72;;;;;;;;;
2019;nutricao;Centro Universitário Maurício de Nassau de João Pessoa;PB;301;Privada;;;301-350;6.15;251-300;2.96;251-300;0.32;;;251-300;2.87;;;;;;;;;
2019;nutricao;Centro Universitário do Norte de Minas;MG;301;Privada;;;301-350;6.72;301-350;1.44;201-250;1.04;;;191;4.24;;;;;;;;;
2019;nutricao;Centro Universitário de Patos;PB;301;Privada;;;251-300;6.84;301-350;1.76;201-250;0.92;;;195;4.16;;;;;;;;;
2019;nutricao;Faculdade Paranaense-Curitiba;PR;301;Privada;;;301-350;6.69;301-350;1.68;;;;;152;5.01;;;;;;;;;
2019;nutricao;Centro Universitário Maurício de Nassau de Maceió;AL;301;Privada;;;301-350;5.9;251-300;2.79;251-300;0.2;;;251-300;2.91;;;;;;;;;
2019;nutricao;Faculdade Internacional da Paraíba;PB;301;Privada;;;301-350;6.63;201-250;3.71;251-300;0.78;;;251-300;2.14;;;;;;;;;
2019;nutricao;Faculdade Estácio de Feira de Santana;BA;301;Privada;;;301-350;5.02;301-350;1.94;201-250;2.05;;;351-400;1.03;;;;;;;;;
2019;nutricao;Centro Universitário Santa Maria;PB;301;Privada;;;301-350;4.93;351-400;0.95;;;;;201-250;3.98;;;;;;;;;
2019;nutricao;Faculdade Anhanguera Unidade Guarapari;ES;301;Privada;;;301-350;5.56;194;4.19;;;;;301-350;1.37;;;;;;;;;
2019;nutricao;Faculdade Ciências da Vida;MG;301;Privada;;;301-350;6.56;301-350;1.72;120;4.56;;;351-400;0.28;;;;;;;;;
2019;nutricao;Universidade de Itaúna;MG;301;Privada;;;251-300;7;251-300;2.98;251-300;0.38;;;201-250;3.64;;;;;;;;;
2019;nutricao;Universidade do Vale do Sapucaí;MG;301;Privada;;;301-350;6.7;251-300;2.59;174;3;;;301-350;1.11;;;;;;;;;
2019;nutricao;Faculdade Anhanguera de Anápolis;GO;301;Privada;;;301-350;5.22;351-400;0.26;186;2.66;;;251-300;2.3;;;;;;;;;
2019;nutricao;Centro Universitário de Jaguariúna;SP;301;Privada;;;301-350;4.94;301-350;1.17;177;2.92;;;351-400;0.85;;;;;;;;;
2019;nutricao;Centro Universitário Estácio de Sergipe;SE;301;Privada;;;251-300;6.98;251-300;2.65;194;2.43;;;301-350;1.9;;;;;;;;;
2019;nutricao;Faculdade Fasipe Mato Grosso;MT;301;Privada;;;301-350;4.97;351-400;0.85;;;;;197;4.12;;;;;;;;;
2019;nutricao;Faculdade Santa Marcelina;SP;301;Privada;;;301-350;5.7;351-400;0.47;99;5.17;;;401-500;0.06;;;;;;;;;
2019;nutricao;Centro Universitário Estácio de Belo Horizonte;MG;301;Privada;;;251-300;7.02;201-250;3.65;;;;;201-250;3.37;;;;;;;;;
2019;nutricao;Centro Universitário Anhanguera de São Paulo;SP;301;Privada;;;301-350;5.02;301-350;1.4;201-250;1.62;;;301-350;2;;;;;;;;;
2019;nutricao;Faculdade Anhanguera de Taubaté;SP;301;Privada;;;301-350;4.94;156;4.94;;;;;;;;;;;;;;;
2019;nutricao;Instituição de Ensino São Francisco;SP;301;Privada;;;251-300;7.11;251-300;3.06;201-250;2.11;;;301-350;1.94;;;;;;;;;
2019;nutricao;Centro Universitário Maurício de Nassau de Campina Grande;PB;301;Privada;;;251-300;6.88;251-300;2.39;201-250;1.68;;;251-300;2.81;;;;;;;;;
2019;nutricao;Faculdade de São Lourenço;MG;301;Privada;;;301-350;5.8;251-300;2.41;;;;;201-250;3.39;;;;;;;;;
2019;nutricao;Faculdade Campo Grande;MS;301;Privada;;;301-350;5.2;301-350;1.26;;;;;201-250;3.94;;;;;;;;;
2019;nutricao;Faculdade de Ciências e Letras de Bragança Paulista;SP;301;Municipal;;;301-350;5.52;351-400;0.53;127;4.36;;;351-400;0.63;;;;;;;;;
2019;nutricao;Universidade Anhanguera de São Paulo;SP;301;Privada;;;301-350;5.95;301-350;1.34;200;2.25;;;251-300;2.36;;;;;;;;;
2019;nutricao;Centro Universitário do Vale do Jaguaribe;CE;301;Privada;;;301-350;6.53;251-300;2.31;;;;;192;4.22;;;;;;;;;
2019;nutricao;Faculdades Integradas de Fernandópolis;SP;301;Privada;;;301-350;6.02;301-350;2.04;201-250;1.7;;;251-300;2.28;;;;;;;;;
2019;nutricao;Centro Universitário do Triângulo;MG;301;Privada;;;251-300;6.88;301-350;1.21;158;3.47;;;251-300;2.2;;;;;;;;;
2019;nutricao;Faculdade Anhanguera de Uberlândia;MG;301;Privada;;;251-300;6.96;156;4.94;;;;;301-350;2.02;;;;;;;;;
2019;nutricao;Faculdade de Tupã;SP;301;Privada;;;301-350;5.06;301-350;1.23;251-300;0.23;;;201-250;3.6;;;;;;;;;
2019;nutricao;Faculdade Anhanguera de Teixeira de Freitas;BA;351;Privada;;;351-400;2.89;401-500;0.06;;;;;251-300;2.83;;;;;;;;;
2019;nutricao;Faculdade Presidente Antônio Carlos de Teófilo Otoni;MG;351;Privada;;;351-400;3.23;351-400;0.22;;;;;251-300;3.01;;;;;;;;;
2019;nutricao;Centro Universitário do Cerrado-patrocínio;MG;351;Privada;;;351-400;4.67;301-350;1.82;;;;;251-300;2.85;;;;;;;;;
2019;nutricao;Universidade Iguaçu;RJ;351;Privada;;;351-400;4.57;301-350;1.3;;;;;201-250;3.27;;;;;;;;;
2019;nutricao;Faculdade Anhanguera de São Luiz;MA;351;Privada;;;351-400;4.33;351-400;0.59;;;;;201-250;3.74;;;;;;;;;
2019;nutricao;Faculdade de Frutal;MG;351;Privada;;;351-400;2.26;351-400;1.01;251-300;0.12;;;301-350;1.13;;;;;;;;;
2019;nutricao;Centro Universitário Avantis;SC;351;Privada;;;351-400;2.43;251-300;2.31;;;;;351-400;0.12;;;;;;;;;
2019;nutricao;Centro Universitário Maurício de Nassau de São Luís;MA;351;Privada;;;351-400;2.12;351-400;0.87;;;;;301-350;1.25;;;;;;;;;
2019;nutricao;Faculdade de Ciências da Saúde Archimedes Theodoro;MG;351;Privada;;;351-400;0.75;351-400;0.12;251-300;0.55;;;401-500;0.08;;;;;;;;;
2019;nutricao;Centro Universitário Piaget;SP;351;Privada;;;351-400;3.25;351-400;0.89;201-250;1.94;;;351-400;0.42;;;;;;;;;
2019;nutricao;Faculdade Anhanguera de São José-SC;SC;351;Privada;;;351-400;1.82;351-400;0.45;;;;;301-350;1.37;;;;;;;;;
2019;nutricao;Faculdade de Ciências, Educação, Saúde, Pesquisa e Gestão;RJ;351;Privada;;;351-400;0.79;351-400;0.59;;;;;351-400;0.2;;;;;;;;;
2019;nutricao;Instituto Municipal de Ensino Superior de Catanduva;SP;351;Municipal;;;351-400;3.21;251-300;2.23;201-250;0.84;;;351-400;0.14;;;;;;;;;
2019;nutricao;Faculdade Regional de Riachão do Jacuípe;BA;351;Privada;;;351-400;4.39;351-400;0.65;;;;;201-250;3.74;;;;;;;;;
2019;nutricao;Faculdade de Tecnologia em Hotelaria, Gastronomia e Turismo de São Paulo;SP;351;Privada;;;351-400;2.04;351-400;0.51;;;;;301-350;1.53;;;;;;;;;
2019;nutricao;Faculdade Uninabuco Janga;PE;351;Privada;;;351-400;3.77;201-250;3.22;;;;;351-400;0.55;;;;;;;;;
2019;nutricao;Faculdades Integradas dos Campos Gerais;PR;351;Privada;;;351-400;2.39;351-400;0.49;201-250;1.42;;;351-400;0.48;;;;;;;;;
2019;nutricao;Faculdade Municipal Professor Franco Montoro de Mogi Guaçu;SP;351;Municipal;;;351-400;2.19;251-300;2.19;;;;;;;;;;;;;;;
2019;nutricao;Faculdade Anhanguera de Pelotas;RS;351;Privada;;;351-400;4.49;351-400;0.67;;;;;201-250;3.82;;;;;;;;;
2019;nutricao;Universidade Vale do Rio Doce;MG;351;Privada;;;351-400;1.56;351-400;0.77;;;;;351-400;0.79;;;;;;;;;
2019;nutricao;Centro Universitário de Goiânia;GO;351;Privada;;;301-350;4.87;251-300;2.33;;;;;251-300;2.54;;;;;;;;;
2019;nutricao;Centro Universitário Maurício de Nassau de Teresina;PI;351;Privada;;;351-400;4.35;201-250;3.4;;;;;351-400;0.95;;;;;;;;;
2019;nutricao;Faculdade Anhanguera de Brasília;DF;351;Privada;;;351-400;3.03;351-400;0.38;;;;;251-300;2.65;;;;;;;;;
2019;nutricao;Cisne - Faculdade de Quixadá;CE;351;Privada;;;351-400;3.45;351-400;0.2;;;;;201-250;3.25;;;;;;;;;
2019;nutricao;Centro Universitário Anhanguera Pitágoras Ampli;SP;351;Privada;;;351-400;0.74;351-400;0.34;;;;;351-400;0.4;;;;;;;;;
2019;nutricao;Centro Universitário Maurício de Nassau de Caruaru;PE;351;Privada;;;351-400;4.55;301-350;2.07;;;;;251-300;2.48;;;;;;;;;
2019;nutricao;Faculdade Uninassau Lauro de Freitas;BA;351;Privada;;;351-400;2.77;301-350;1.88;;;;;351-400;0.89;;;;;;;;;
2019;nutricao;Instituto Taubaté de Ensino Superior;SP;351;Privada;;;351-400;1.42;351-400;0.81;;;;;351-400;0.61;;;;;;;;;
2019;nutricao;Faculdades Integradas Einstein de Limeira;SP;351;Privada;;;301-350;4.89;301-350;1.56;;;;;201-250;3.33;;;;;;;;;
2019;nutricao;Faculdade Bezerra de Araújo;RJ;351;Privada;;;301-350;4.86;251-300;2.09;191;2.51;;;351-400;0.26;;;;;;;;;
2019;nutricao;Centro Universitário Fadergs;RS;351;Privada;;;351-400;4.13;201-250;3.14;;;;;351-400;0.99;;;;;;;;;
2019;nutricao;Faculdade Anhanguera de Ipatinga;MG;351;Privada;;;301-350;4.85;351-400;0.83;201-250;1.39;;;251-300;2.63;;;;;;;;;
2019;nutricao;Faculdade Anhanguera de Sorocaba;SP;351;Privada;;;351-400;4.72;251-300;2.88;;;;;301-350;1.84;;;;;;;;;
2019;nutricao;Faculdade Master de Parauapebas;PA;351;Privada;;;351-400;0.99;351-400;0.97;;;;;401-500;0.02;;;;;;;;;
2019;nutricao;Faculdade Eduvale de Avaré;SP;351;Privada;;;351-400;3.26;201-250;3.08;;;;;351-400;0.18;;;;;;;;;
2019;nutricao;Conservatório Brasileiro de Música;RJ;351;Privada;;;351-400;4.46;201-250;3.69;;;;;351-400;0.77;;;;;;;;;
2019;nutricao;Centro Universitário da Amazônia Belém;PA;351;Privada;;;351-400;4.75;251-300;2.71;;;;;301-350;2.04;;;;;;;;;
2019;nutricao;Faculdades Integradas Asmec;MG;351;Privada;;;351-400;2.75;301-350;1.28;;;;;301-350;1.47;;;;;;;;;
2019;nutricao;Faculdade de Ensino e Cultura do Ceará;CE;351;Privada;;;351-400;4.56;351-400;0.24;;;;;187;4.32;;;;;;;;;
2019;nutricao;Faculdade Anhanguera de Campinas;SP;351;Privada;;;351-400;0.74;351-400;0.3;;;;;351-400;0.44;;;;;;;;;
2019;nutricao;Faculdade Pitágoras Bacabal Mearim;MA;351;Privada;;;351-400;2.75;351-400;0.4;251-300;0.43;;;301-350;1.92;;;;;;;;;
2019;nutricao;Centro Universitário Estácio de São Luís;MA;351;Privada;;;351-400;3.71;301-350;1.32;251-300;0.69;;;301-350;1.7;;;;;;;;;
2019;nutricao;Centro Universitário do Paraná;PR;351;Privada;;;351-400;4.55;301-350;1.56;;;;;251-300;2.99;;;;;;;;;
2019;nutricao;Faculdade Estácio do Amazonas;AM;351;Privada;;;351-400;3.06;301-350;1.86;251-300;0.66;;;351-400;0.54;;;;;;;;;
2019;nutricao;Faculdade de Mauá;SP;351;Privada;;;351-400;2.77;351-400;0.42;251-300;0.49;;;301-350;1.86;;;;;;;;;
2019;nutricao;Centro Universitário do Vale do Araguaia;MT;351;Privada;;;351-400;2.95;351-400;0.36;201-250;1.76;;;351-400;0.83;;;;;;;;;
2019;nutricao;Instituto de Ensino Superior do Sul do Maranhão;MA;351;Privada;;;351-400;4.66;351-400;0.99;251-300;0.14;;;201-250;3.53;;;;;;;;;
2019;nutricao;Faculdade de Taquaritinga;SP;351;Privada;;;351-400;3.45;301-350;2;;;;;301-350;1.45;;;;;;;;;
2019;nutricao;Faculdades Integradas Espírita;PR;351;Privada;;;351-400;2.79;251-300;2.69;;;;;351-400;0.1;;;;;;;;;
2019;nutricao;Faculdade Ideal de Patos;MG;401;Privada;;;401-500;0.06;401-500;0.02;;;;;401-500;0.04;;;;;;;;;
2019;nutricao;Centro Universitário Amparense;SP;401;Privada;;;401-500;0.48;351-400;0.18;;;;;351-400;0.3;;;;;;;;;
2019;nutricao;Instituto Macapaense de Ensino Superior;AP;401;Privada;;;401-500;0.71;401-500;0.1;251-300;0.29;;;351-400;0.32;;;;;;;;;
2019;nutricao;Centro Universitário Estácio Meta de Rio Branco Estácio;AC;401;Privada;;;401-500;0.6;351-400;0.14;;;;;351-400;0.46;;;;;;;;;
2019;nutricao;Centro Universitário Estácio da Amazônia;RR;401;Privada;;;401-500;0.69;351-400;0.45;;;;;351-400;0.24;;;;;;;;;
2023;nutricao;Universidade de São Paulo;SP;1;Estadual;1;36;1;63.44;21;7.71;20;7.73;;;1;8;1;40;;;;;;;
2023;nutricao;Universidade Federal de Minas Gerais;MG;2;Federal;2;35.86;3;62.75;26;7.64;1;8;;;1;8;2;39.11;;;;;;;
2023;nutricao;Universidade Estadual de Campinas;SP;3;Estadual;2;35.86;4;62.31;38;7.47;20;7.73;;;1;8;2;39.11;;;;;;;
2023;nutricao;Universidade Federal do Rio de Janeiro;RJ;4;Federal;2;35.86;5;62.14;41;7.42;28;7.61;;;1;8;2;39.11;;;;;;;
2023;nutricao;Universidade Estadual Paulista Júlio de Mesquita Filho;SP;5;Estadual;7;35.17;6;59.4;1;8;12;7.84;;;1;8;6;35.56;;;;;;;
2023;nutricao;Universidade Federal de São Paulo;SP;6;Federal;34;31.41;2;62.87;1;8;18;7.76;;;1;8;2;39.11;;;;;;;
2023;nutricao;Universidade Federal Fluminense;RJ;7;Federal;7;35.17;10;58.84;45;7.37;7;7.91;;;1;8;6;35.56;;;;;;;
2023;nutricao;Universidade Federal de Pernambuco;PE;8;Federal;7;35.17;13;58.64;42;7.41;24;7.67;;;1;8;6;35.56;;;;;;;
2023;nutricao;Universidade Federal de Viçosa;MG;9;Federal;14;34.19;7;59.16;24;7.67;6;7.93;;;1;8;6;35.56;;;;;;;
2023;nutricao;Universidade Federal do Rio Grande do Sul;RS;10;Federal;14;34.19;9;58.88;35;7.51;14;7.81;;;1;8;6;35.56;;;;;;;
2023;nutricao;Universidade de Brasília;DF;11;Federal;14;34.19;12;58.68;61;7.13;2;7.99;;;1;8;6;35.56;;;;;;;
2023;nutricao;Universidade do Estado do Rio de Janeiro;RJ;12;Estadual;2;35.86;14;54.8;57;7.19;31;7.57;;;201-250;4.48;6;35.56;;;;;;;
2023;nutricao;Universidade Federal de Santa Catarina;SC;13;Federal;34;31.41;8;59.15;27;7.63;4;7.96;;;1;8;6;35.56;;;;;;;
2023;nutricao;Universidade Federal do Estado do Rio de Janeiro;RJ;14;Federal;34;31.41;10;58.84;47;7.34;5;7.94;;;1;8;6;35.56;;;;;;;
2023;nutricao;Universidade Federal de Goiás;GO;15;Federal;7;35.17;15;50.91;39;7.45;8;7.9;;;1;8;15;27.56;;;;;;;
2023;nutricao;Universidade Federal da Bahia;BA;16;Federal;7;35.17;18;50.29;80;6.86;10;7.87;;;1;8;15;27.56;;;;;;;
2023;nutricao;Universidade Federal do Paraná;PR;17;Federal;14;34.19;17;50.54;46;7.35;27;7.63;;;1;8;15;27.56;;;;;;;
2023;nutricao;Universidade Federal do Pará;PA;18;Federal;14;34.19;21;50;70;7;40;7.44;;;1;8;15;27.56;;;;;;;
2023;nutricao;Universidade Estadual do Ceará;CE;19;Estadual;14;34.19;23;49.53;127;6.18;16;7.79;;;1;8;15;27.56;;;;;;;
2023;nutricao;Universidade Federal de Ouro Preto;MG;20;Federal;34;31.41;16;50.85;34;7.52;17;7.77;;;1;8;15;27.56;;;;;;;
2023;nutricao;Universidade Federal da Paraíba;PB;21;Federal;34;31.41;20;50.2;43;7.39;53;7.25;;;1;8;15;27.56;;;;;;;
2023;nutricao;Centro Universitário Una;MG;22;Privada;34;31.41;22;49.54;59;7.16;83;6.82;;;1;8;15;27.56;;;;;;;
2023;nutricao;Universidade São Judas Tadeu;SP;23;Privada;34;31.41;24;49.16;53;7.25;116;6.35;;;1;8;15;27.56;;;;;;;
2023;nutricao;Universidade do Vale do Rio dos Sinos;RS;24;Privada;14;34.19;26;46.31;81;6.85;65;7.08;;;201-250;4.82;15;27.56;;;;;;;
2023;nutricao;Pontifícia Universidade Católica do Rio Grande do Sul;RS;25;Privada;14;34.19;28;45.85;53;7.25;122;6.27;;;201-250;4.77;15;27.56;;;;;;;
2023;nutricao;Universidade Presbiteriana Mackenzie;SP;26;Privada;34;31.41;29;45.28;86;6.77;91;6.71;;;251-300;4.24;15;27.56;;;;;;;
2023;nutricao;Pontifícia Universidade Católica de Minas Gerais;MG;27;Privada;7;35.17;41;41.28;190;5.27;76;6.93;;;401-500;1.52;15;27.56;;;;;;;
2023;nutricao;Pontifícia Universidade Católica de Campinas;SP;28;Privada;14;34.19;39;41.81;75;6.93;103;6.54;;;401-500;0.78;15;27.56;;;;;;;
2023;nutricao;Universidade Estácio de Sá;RJ;29;Privada;14;34.19;40;41.8;44;7.38;201-250;4.55;;;351-400;2.31;15;27.56;;;;;;;
2023;nutricao;Universidade Nove de Julho;SP;29;Privada;34;31.41;30;44.58;88;6.74;351-400;2.28;;;1;8;15;27.56;;;;;;;
2023;nutricao;Universidade do Oeste Paulista;SP;31;Privada;34;31.41;31;44.5;201-250;4.95;46;7.36;;;201-250;4.63;15;27.56;;;;;;;
2023;nutricao;Universidade Regional do Noroeste do Estado do Rio Grande do Sul;RS;32;Privada;34;31.41;34;43.75;135;6.07;98;6.61;;;301-350;3.51;15;27.56;;;;;;;
2023;nutricao;Centro Universitário São Camilo;SP;33;Privada;34;31.41;37;41.93;251-300;4.35;58;7.18;;;351-400;2.84;15;27.56;;;;;;;
2023;nutricao;Universidade Federal do Triângulo Mineiro;MG;34;Federal;94;23.07;19;50.21;23;7.68;73;6.97;;;1;8;15;27.56;;;;;;;
2023;nutricao;Centro Universitário Maurício de Nassau;PE;35;Privada;34;31.41;38;41.82;157;5.75;251-300;4.27;;;251-300;4.24;15;27.56;;;;;;;
2023;nutricao;Centro Universitário de Brasília;DF;36;Privada;34;31.41;44;38.54;301-350;3.11;120;6.29;;;401-500;1.58;15;27.56;;;;;;;
2023;nutricao;Centro Universitário Ingá;PR;37;Privada;94;23.07;27;45.99;201-250;4.71;160;5.72;;;1;8;15;27.56;;;;;;;
2023;nutricao;Universidade Cruzeiro do Sul;SP;38;Privada;34;31.41;45;36.12;351-400;2.44;161;5.71;;;501-600;0.41;15;27.56;;;;;;;
2023;nutricao;Centro Universitário Inta;CE;39;Privada;94;23.07;32;44.14;301-350;3.58;201-250;5;;;1;8;15;27.56;;;;;;;
2023;nutricao;Centro Universitário Uninovafapi;PI;40;Privada;94;23.07;33;44.08;301-350;3.06;178;5.46;;;1;8;15;27.56;;;;;;;
2023;nutricao;Universidade Federal de Pelotas;RS;41;Federal;94;23.07;35;43.31;501-600;0.75;71;7;;;1;8;15;27.56;;;;;;;
2023;nutricao;Universidade Tuiuti do Paraná;PR;42;Privada;94;23.07;36;42.61;165;5.63;124;6.24;;;301-350;3.18;15;27.56;;;;;;;
2023;nutricao;Centro Universitário Ritter dos Reis;RS;43;Privada;94;23.07;42;39.9;351-400;2.4;74;6.95;;;301-350;2.99;15;27.56;;;;;;;
2023;nutricao;Centro Universitário Senac;SP;44;Privada;94;23.07;43;39.55;301-350;3.18;90;6.72;;;401-500;2.09;15;27.56;;;;;;;
2023;nutricao;Universidade Federal de Juiz de Fora;MG;45;Federal;14;34.19;54;22.71;67;7.05;25;7.66;;;1;8;;;;;;;;;
2023;nutricao;Universidade Federal do Rio Grande do Norte;RN;46;Federal;14;34.19;56;22.62;85;6.79;13;7.83;;;1;8;;;;;;;;;
2023;nutricao;Universidade de Pernambuco;PE;47;Estadual;14;34.19;57;22.58;1;8;100;6.58;;;1;8;;;;;;;;;
2023;nutricao;Universidade Federal de Sergipe;SE;48;Federal;14;34.19;62;22.16;101;6.56;29;7.6;;;1;8;;;;;;;;;
2023;nutricao;Universidade do Estado da Bahia;BA;49;Estadual;14;34.19;66;21.67;126;6.2;38;7.47;;;1;8;;;;;;;;;
2023;nutricao;Universidade Federal do Espírito Santo;ES;50;Federal;34;31.41;50;23.06;37;7.48;30;7.58;;;1;8;;;;;;;;;
2023;nutricao;Universidade Federal de Alagoas;AL;51;Federal;34;31.41;52;22.96;71;6.99;3;7.97;;;1;8;;;;;;;;;
2023;nutricao;Universidade Federal do Maranhão;MA;52;Federal;34;31.41;60;22.21;100;6.57;26;7.64;;;1;8;;;;;;;;;
2023;nutricao;Universidade Estadual de Londrina;PR;53;Estadual;34;31.41;68;21.32;51;7.28;138;6.04;;;1;8;;;;;;;;;
2023;nutricao;Universidade Anhanguera;MS;54;Privada;34;31.41;71;21.19;92;6.69;106;6.5;;;1;8;;;;;;;;;
2023;nutricao;Universidade Federal de Mato Grosso;MT;55;Federal;34;31.41;72;21.09;124;6.22;80;6.87;;;1;8;;;;;;;;;
2023;nutricao;Universidade Federal do Piauí;PI;56;Federal;34;31.41;74;20.9;120;6.28;97;6.62;;;1;8;;;;;;;;;
2023;nutricao;Universidade Federal de Santa Maria;RS;57;Federal;34;31.41;81;20.31;90;6.72;169;5.59;;;1;8;;;;;;;;;
2023;nutricao;Universidade de Cuiabá;MT;58;Privada;34;31.41;91;19.35;199;5.14;126;6.21;;;1;8;;;;;;;;;
2023;nutricao;Universidade Paulista;SP;59;Privada;2;35.86;194;14.76;201-250;4.43;70;7.01;;;301-350;3.32;;;;;;;;;
2023;nutricao;Pontifícia Universidade Católica do Paraná;PR;60;Privada;14;34.19;151;16.42;166;5.62;37;7.48;;;301-350;3.32;;;;;;;;;
2023;nutricao;Universidade Cesumar;PR;61;Privada;34;31.41;101;18.75;77;6.9;60;7.15;;;201-250;4.7;;;;;;;;;
2023;nutricao;Universidade de Fortaleza;CE;62;Privada;7;35.17;201-250;13.88;251-300;3.77;79;6.88;;;301-350;3.23;;;;;;;;;
2023;nutricao;Fundação Universidade Federal da Grande Dourados;MS;63;Federal;;;25;48.67;29;7.6;175;5.51;;;1;8;15;27.56;;;;;;;
2023;nutricao;Universidade José do Rosário Velano;MG;64;Privada;34;31.41;130;17.22;145;5.92;301-350;3.3;;;1;8;;;;;;;;;
2023;nutricao;Centro Universitário de Belo Horizonte;MG;65;Privada;34;31.41;134;17.1;67;7.05;157;5.76;;;251-300;4.29;;;;;;;;;
2023;nutricao;Universidade Católica Dom Bosco;MS;66;Privada;34;31.41;135;17.06;301-350;3.41;165;5.65;;;1;8;;;;;;;;;
2023;nutricao;Universidade do Grande Rio Professor José de Souza Herdy;RJ;67;Privada;34;31.41;139;16.96;301-350;3.57;183;5.39;;;1;8;;;;;;;;;
2023;nutricao;Universidade Positivo;PR;68;Privada;34;31.41;141;16.85;201-250;4.71;47;7.34;;;201-250;4.8;;;;;;;;;
2023;nutricao;Universidade Feevale;RS;69;Privada;34;31.41;145;16.73;88;6.74;105;6.51;;;301-350;3.48;;;;;;;;;
2023;nutricao;Universidade Católica de Brasília;DF;70;Privada;14;34.19;201-250;13.7;251-300;4.13;48;7.33;;;351-400;2.24;;;;;;;;;
2023;nutricao;Universidade Pitágoras Unopar Anhanguera;PR;71;Privada;34;31.41;163;16.06;114;6.37;148;5.89;;;251-300;3.8;;;;;;;;;
2023;nutricao;Universidade Metodista de Piracicaba;SP;72;Privada;34;31.41;170;15.8;128;6.17;89;6.74;;;301-350;2.89;;;;;;;;;
2023;nutricao;Universidade Ceuma;MA;73;Privada;34;31.41;171;15.78;301-350;3.06;201-250;4.72;;;1;8;;;;;;;;;
2023;nutricao;Centro Universitário São Lucas;RO;74;Privada;34;31.41;175;15.69;501-600;0.66;69;7.03;;;1;8;;;;;;;;;
2023;nutricao;Universidade do Vale do Itajaí;SC;75;Privada;34;31.41;183;15.34;251-300;4.29;94;6.67;;;201-250;4.38;;;;;;;;;
2023;nutricao;Fundação Universidade Federal de Ciências da Saúde de Porto Alegre;RS;76;Federal;94;23.07;47;23.41;28;7.61;15;7.8;;;1;8;;;;;;;;;
2023;nutricao;Universidade Federal de Mato Grosso do Sul;MS;77;Federal;94;23.07;48;23.26;22;7.7;32;7.56;;;1;8;;;;;;;;;
2023;nutricao;Universidade Anhembi Morumbi;SP;78;Privada;34;31.41;192;14.85;133;6.09;130;6.15;;;351-400;2.61;;;;;;;;;
2023;nutricao;Universidade Federal de Lavras;MG;79;Federal;94;23.07;49;23.18;40;7.44;19;7.74;;;1;8;;;;;;;;;
2023;nutricao;Universidade Federal de Alfenas;MG;80;Federal;94;23.07;50;23.06;25;7.65;42;7.41;;;1;8;;;;;;;;;
2023;nutricao;Centro Universitário Adventista de São Paulo;SP;81;Privada;34;31.41;201-250;14.52;201-250;5.03;175;5.51;;;251-300;3.98;;;;;;;;;
2023;nutricao;Universidade Federal de Uberlândia;MG;82;Federal;94;23.07;53;22.8;52;7.26;33;7.54;;;1;8;;;;;;;;;
2023;nutricao;Universidade de Caxias do Sul;RS;83;Privada;34;31.41;201-250;14.27;149;5.86;151;5.85;;;351-400;2.56;;;;;;;;;
2023;nutricao;Universidade de Passo Fundo;RS;84;Privada;34;31.41;201-250;14.23;187;5.31;106;6.5;;;351-400;2.42;;;;;;;;;
2023;nutricao;Universidade de Ribeirão Preto;SP;85;Privada;94;23.07;59;22.23;76;6.92;49;7.31;;;1;8;;;;;;;;;
2023;nutricao;Centro Universitário Integrado de Campo Mourão;PR;86;Privada;94;23.07;60;22.21;82;6.83;44;7.38;;;1;8;;;;;;;;;
2023;nutricao;Universidade Católica de Santos;SP;87;Privada;94;23.07;65;21.68;31;7.57;133;6.11;;;1;8;;;;;;;;;
2023;nutricao;Fundação Universidade Federal do Tocantins;TO;88;Federal;94;23.07;67;21.5;99;6.59;77;6.91;;;1;8;;;;;;;;;
2023;nutricao;Universidade Salvador;BA;89;Privada;34;31.41;201-250;13.12;201-250;4.82;152;5.84;;;351-400;2.46;;;;;;;;;
2023;nutricao;Centro Universitário do Rio Grande do Norte;RN;90;Privada;94;23.07;69;21.25;154;5.79;39;7.46;;;1;8;;;;;;;;;
2023;nutricao;Universidade Federal do Recôncavo da Bahia;BA;91;Federal;94;23.07;70;21.21;137;6.04;59;7.17;;;1;8;;;;;;;;;
2023;nutricao;Universidade do Oeste de Santa Catarina;SC;92;Privada;34;31.41;251-300;12.85;301-350;3.5;191;5.28;;;251-300;4.07;;;;;;;;;
2023;nutricao;Universidade Tiradentes;SE;93;Privada;14;34.19;351-400;10.07;251-300;3.76;201-250;4.98;;;401-500;1.33;;;;;;;;;
2023;nutricao;Fundação Universidade Federal do Pampa;RS;94;Federal;94;23.07;73;20.92;36;7.5;181;5.42;;;1;8;;;;;;;;;
2023;nutricao;Universidade de Franca;SP;95;Privada;34;31.41;251-300;12.45;201-250;4.71;301-350;3.41;;;201-250;4.33;;;;;;;;;
2023;nutricao;Centro Universitário Santa Rita;MG;96;Privada;94;23.07;76;20.75;82;6.83;146;5.92;;;1;8;;;;;;;;;
2023;nutricao;Universidade de Santa Cruz do Sul;RS;97;Privada;34;31.41;251-300;12.39;170;5.56;201-250;4.59;;;351-400;2.24;;;;;;;;;
2023;nutricao;Universidade Estadual do Centro Oeste;PR;98;Estadual;94;23.07;77;20.67;96;6.63;138;6.04;;;1;8;;;;;;;;;
2023;nutricao;Universidade do Estado de Minas Gerais;MG;99;Estadual;94;23.07;78;20.65;173;5.52;62;7.13;;;1;8;;;;;;;;;
2023;nutricao;Universidade Estadual do Oeste do Paraná;PR;100;Estadual;94;23.07;79;20.52;173;5.52;71;7;;;1;8;;;;;;;;;
2023;nutricao;Pontifícia Universidade Católica de Goiás;GO;101;Privada;14;34.19;351-400;9.3;401-500;2.11;127;6.19;;;401-500;1;;;;;;;;;
2023;nutricao;Centro Universitário do Estado do Pará;PA;102;Privada;34;31.41;251-300;11.78;401-500;1.2;131;6.14;;;201-250;4.44;;;;;;;;;
2023;nutricao;Universidade Regional Integrada do Alto Uruguai e das Missões;RS;103;Privada;34;31.41;251-300;11.76;188;5.3;164;5.66;;;401-500;0.8;;;;;;;;;
2023;nutricao;Universidade Veiga de Almeida;RJ;104;Privada;34;31.41;301-350;11.73;201-250;5.01;171;5.56;;;401-500;1.16;;;;;;;;;
2023;nutricao;Centro Universitário Redentor;RJ;105;Privada;94;23.07;87;20.02;197;5.17;81;6.85;;;1;8;;;;;;;;;
2023;nutricao;Universidade Católica do Salvador;BA;105;Privada;34;31.41;301-350;11.68;301-350;3.35;134;6.09;;;351-400;2.24;;;;;;;;;
2023;nutricao;Universidade de Mogi das Cruzes;SP;107;Privada;34;31.41;301-350;11.66;351-400;2.63;144;5.95;;;301-350;3.08;;;;;;;;;
2023;nutricao;Centro Universitário São Camilo - Espírito Santo;ES;108;Privada;34;31.41;301-350;11.27;251-300;4.23;201-250;4.52;;;351-400;2.52;;;;;;;;;
2023;nutricao;Universidade Federal de Campina Grande;PB;109;Federal;94;23.07;90;19.5;143;5.95;172;5.55;;;1;8;;;;;;;;;
2023;nutricao;Universidade da Amazônia;PA;110;Privada;34;31.41;301-350;11.13;351-400;2.79;201-250;4.85;;;301-350;3.49;;;;;;;;;
2023;nutricao;Universidade Potiguar;RN;111;Privada;14;34.19;401-500;8.2;301-350;3.21;301-350;3.4;;;401-500;1.59;;;;;;;;;
2023;nutricao;Centro Universitário de Volta Redonda;RJ;112;Privada;94;23.07;92;19.3;103;6.53;201-250;4.77;;;1;8;;;;;;;;;
2023;nutricao;Centro Universitário Nobre de Feira de Santana;BA;112;Privada;94;23.07;92;19.3;251-300;4.23;66;7.07;;;1;8;;;;;;;;;
2023;nutricao;Centro Universitário Favip Wyden;PE;114;Privada;34;31.41;301-350;10.73;201-250;4.79;201-250;4.89;;;401-500;1.05;;;;;;;;;
2023;nutricao;Centro Universitário de Várzea Grande;MT;114;Privada;94;23.07;95;19.07;128;6.17;201-250;4.9;;;1;8;;;;;;;;;
2023;nutricao;Centro Universitário das Faculdades Metropolitanas Unidas;SP;116;Privada;34;31.41;301-350;10.67;201-250;4.46;184;5.38;;;401-500;0.83;;;;;;;;;
2023;nutricao;Centro Universitário da Vitória de Santo Antão;PE;117;Privada;94;23.07;97;18.84;130;6.14;201-250;4.7;;;1;8;;;;;;;;;
2023;nutricao;Centro Universitário Santo Agostinho;PI;118;Privada;34;31.41;301-350;10.35;301-350;3.51;301-350;3.36;;;301-350;3.48;;;;;;;;;
2023;nutricao;Centro Universitário Jorge Amado;BA;119;Privada;34;31.41;351-400;10.08;251-300;4.23;201-250;5.1;;;401-500;0.75;;;;;;;;;
2023;nutricao;Faculdade Anhanguera de Belo Horizonte;MG;120;Privada;94;23.07;105;18.34;98;6.6;51;7.28;;;201-250;4.46;;;;;;;;;
2023;nutricao;Faculdade de Tecnologia e Ciências de Itabuna;BA;121;Privada;94;23.07;106;18.32;1;8;351-400;2.32;;;1;8;;;;;;;;;
2023;nutricao;Universidade Federal do Acre;AC;122;Federal;94;23.07;107;18.3;301-350;3.55;88;6.75;;;1;8;;;;;;;;;
2023;nutricao;Centro Universitário Maria Milza;BA;123;Privada;94;23.07;108;18.29;351-400;2.59;22;7.7;;;1;8;;;;;;;;;
2023;nutricao;Universidade do Vale do Taquari;RS;124;Privada;94;23.07;109;18.22;110;6.43;75;6.94;;;201-250;4.85;;;;;;;;;
2023;nutricao;Centro Universitário Campos de Andrade;PR;125;Privada;94;23.07;110;18.19;201-250;4.71;177;5.48;;;1;8;;;;;;;;;
2023;nutricao;Centro Universitário União das Américas Descomplica;PR;126;Privada;94;23.07;114;18.05;251-300;3.88;129;6.17;;;1;8;;;;;;;;;
2023;nutricao;Centro Universitário Cesmac;AL;127;Privada;34;31.41;351-400;9.55;401-500;1.43;108;6.47;;;401-500;1.65;;;;;;;;;
2023;nutricao;Universidade La Salle;RS;128;Privada;94;23.07;116;17.86;117;6.33;301-350;3.53;;;1;8;;;;;;;;;
2023;nutricao;Centro Universitário Dinâmica das Cataratas;PR;129;Privada;94;23.07;119;17.71;201-250;4.91;201-250;4.8;;;1;8;;;;;;;;;
2023;nutricao;Centro Universitário Christus;CE;130;Privada;94;23.07;122;17.61;103;6.53;301-350;3.08;;;1;8;;;;;;;;;
2023;nutricao;Universidade Franciscana;RS;131;Privada;94;23.07;124;17.6;115;6.35;78;6.9;;;201-250;4.35;;;;;;;;;
2023;nutricao;Centro Universitário Claretiano;SP;132;Privada;94;23.07;126;17.56;191;5.26;251-300;4.3;;;1;8;;;;;;;;;
2023;nutricao;Centro Universitário Goyazes;GO;133;Privada;94;23.07;136;17.04;201-250;4.71;251-300;4.33;;;1;8;;;;;;;;;
2023;nutricao;Centro Universitário Arthur Sá Earp Neto;RJ;134;Privada;94;23.07;137;17.01;201-250;4.74;36;7.5;;;201-250;4.77;;;;;;;;;
2023;nutricao;Centro Universitário Ateneu;CE;135;Privada;94;23.07;142;16.84;156;5.76;301-350;3.08;;;1;8;;;;;;;;;
2023;nutricao;Centro Universitário Toledo Wyden;SP;136;Privada;94;23.07;145;16.73;1;8;87;6.77;;;401-500;1.96;;;;;;;;;
2023;nutricao;Centro Universitário de Excelência;BA;137;Privada;94;23.07;147;16.62;157;5.75;351-400;2.87;;;1;8;;;;;;;;;
2023;nutricao;Faculdade de Tecnologia e Ciências;BA;138;Privada;94;23.07;148;16.6;111;6.41;401-500;2.19;;;1;8;;;;;;;;;
2023;nutricao;Centro Universitário Sagrado Coração;SP;139;Privada;94;23.07;153;16.38;133;6.09;84;6.81;;;301-350;3.48;;;;;;;;;
2023;nutricao;Faculdade da Região dos Lagos;RJ;140;Privada;94;23.07;155;16.24;301-350;3.06;198;5.18;;;1;8;;;;;;;;;
2023;nutricao;Faculdade Anísio Teixeira de Feira de Santana;BA;141;Privada;94;23.07;158;16.2;401-500;1.52;93;6.68;;;1;8;;;;;;;;;
2023;nutricao;Universidade Comunitária da Região de Chapecó;SC;142;Privada;94;23.07;164;16.03;401-500;1.65;114;6.38;;;1;8;;;;;;;;;
2023;nutricao;União das Faculdades dos Grandes Lagos;SP;143;Privada;94;23.07;165;15.98;201-250;4.71;301-350;3.27;;;1;8;;;;;;;;;
2023;nutricao;Faculdade Anhanguera de Guarulhos;SP;144;Privada;94;23.07;166;15.93;102;6.54;200;5.15;;;251-300;4.24;;;;;;;;;
2023;nutricao;Universidade Vila Velha;ES;145;Privada;94;23.07;176;15.62;200;5.13;34;7.53;;;301-350;2.96;;;;;;;;;
2023;nutricao;Faculdade Santa Terezinha;MA;146;Privada;94;23.07;178;15.57;301-350;3.48;251-300;4.09;;;1;8;;;;;;;;;
2023;nutricao;Faculdade Anhanguera de Campinas;SP;147;Privada;94;23.07;182;15.36;87;6.76;501-600;0.6;;;1;8;;;;;;;;;
2023;nutricao;Universidade Federal do Amazonas;AM;148;Federal;94;23.07;185;15.22;201-250;4.42;351-400;2.8;;;1;8;;;;;;;;;
2023;nutricao;Centro Universitário Ibmr;RJ;149;Privada;94;23.07;191;14.87;136;6.05;117;6.34;;;351-400;2.48;;;;;;;;;
2023;nutricao;Universidade do Vale do Paraíba;SP;150;Privada;94;23.07;195;14.65;97;6.61;55;7.23;;;401-500;0.81;;;;;;;;;
2023;nutricao;Faculdade de São Lourenço;MG;150;Privada;94;23.07;195;14.65;251-300;3.74;351-400;2.91;;;1;8;;;;;;;;;
2023;nutricao;Centro Universitário Estácio de Belo Horizonte;MG;152;Privada;94;23.07;197;14.62;111;6.41;201-250;4.6;;;251-300;3.61;;;;;;;;;
2023;nutricao;Centro Universitário da Amazônia - UNIESAMAZ;PA;153;Privada;94;23.07;201-250;14.48;251-300;4.27;401-500;2.21;;;1;8;;;;;;;;;
2023;nutricao;Faculdade de Ciências Sociais e Agrárias de Itapeva;SP;154;Privada;94;23.07;201-250;14.35;157;5.75;501-600;0.6;;;1;8;;;;;;;;;
2023;nutricao;Universidade de Marília;SP;155;Privada;94;23.07;201-250;14.34;301-350;3.38;113;6.39;;;201-250;4.57;;;;;;;;;
2023;nutricao;Universidade Anhanguera de São Paulo;SP;156;Privada;94;23.07;201-250;14.32;172;5.53;251-300;4.24;;;201-250;4.55;;;;;;;;;
2023;nutricao;Centro Universitário Anhanguera Pitágoras Unopar de Niterói;RJ;157;Privada;94;23.07;201-250;14.07;152;5.82;251-300;3.84;;;201-250;4.41;;;;;;;;;
2023;nutricao;Centro Universitário Piaget;SP;158;Privada;94;23.07;201-250;13.98;401-500;1.42;201-250;4.56;;;1;8;;;;;;;;;
2023;nutricao;Centro Universitário de Patos de Minas;MG;159;Privada;94;23.07;201-250;13.65;251-300;4.26;159;5.74;;;251-300;3.65;;;;;;;;;
2023;nutricao;Universidade Regional de Blumenau;SC;160;Municipal;94;23.07;201-250;13.54;200;5.13;85;6.8;;;401-500;1.61;;;;;;;;;
2023;nutricao;Centro Universitário Anhanguera de São Paulo;SP;161;Privada;94;23.07;201-250;13.5;201-250;4.94;251-300;4.26;;;251-300;4.3;;;;;;;;;
2023;nutricao;Universidade Paranaense;PR;162;Privada;34;31.41;501-600;5.11;501-600;0.61;251-300;4.07;;;501-600;0.43;;;;;;;;;
2023;nutricao;Centro Universitário da Serra Gaúcha;RS;163;Privada;94;23.07;201-250;13.45;201-250;4.88;104;6.52;;;401-500;2.05;;;;;;;;;
2023;nutricao;Centro Universitário da Grande Dourados;MS;164;Privada;94;23.07;201-250;13.41;401-500;1.75;63;7.11;;;201-250;4.55;;;;;;;;;
2023;nutricao;Universidade Salgado de Oliveira;RJ;165;Privada;34;31.41;501-600;5.04;401-500;1.78;351-400;2.51;;;401-500;0.75;;;;;;;;;
2023;nutricao;Centro Universitário Ceuni;AM;166;Privada;34;31.41;501-600;5.01;401-500;0.82;401-500;1.91;;;351-400;2.28;;;;;;;;;
2023;nutricao;Centro Universitário Metodista;RS;167;Privada;94;23.07;201-250;13.25;251-300;4.04;188;5.32;;;251-300;3.89;;;;;;;;;
2023;nutricao;Universidade de Sorocaba;SP;168;Privada;94;23.07;201-250;13.19;117;6.33;128;6.18;;;401-500;0.68;;;;;;;;;
2023;nutricao;Faculdade de Rolim de Moura;RO;169;Privada;94;23.07;201-250;13.1;401-500;0.87;251-300;4.23;;;1;8;;;;;;;;;
2023;nutricao;Universidade Nilton Lins;AM;170;Privada;34;31.41;501-600;4.67;501-600;0.36;501-600;0.07;;;251-300;4.24;;;;;;;;;
2023;nutricao;Centro Universitário Univel;PR;171;Privada;94;23.07;251-300;12.98;168;5.59;251-300;4.07;;;301-350;3.32;;;;;;;;;
2023;nutricao;Universidade de Taubaté;SP;172;Municipal;94;23.07;251-300;12.88;351-400;2.66;118;6.32;;;251-300;3.9;;;;;;;;;
2023;nutricao;Centro Universitário de Rio Preto;SP;173;Privada;94;23.07;251-300;12.87;200;5.13;197;5.19;;;351-400;2.55;;;;;;;;;
2023;nutricao;Centro Universitário Facid Wyden;PI;174;Privada;94;23.07;251-300;12.72;33;7.54;401-500;1.86;;;301-350;3.32;;;;;;;;;
2023;nutricao;Centro Universitário Maurício de Nassau de Fortaleza;CE;175;Privada;94;23.07;251-300;12.69;251-300;4.16;251-300;4.29;;;251-300;4.24;;;;;;;;;
2023;nutricao;Centro Universitário Aparício Carvalho;RO;176;Privada;94;23.07;251-300;12.63;501-600;0.4;251-300;4.23;;;1;8;;;;;;;;;
2023;nutricao;Centro Universitário Filadélfia;PR;177;Privada;94;23.07;251-300;12.58;401-500;1.92;61;7.14;;;301-350;3.52;;;;;;;;;
2023;nutricao;Universidade Universus Veritas Guarulhos;SP;178;Privada;94;23.07;251-300;12.21;301-350;3.12;201-250;4.63;;;201-250;4.46;;;;;;;;;
2023;nutricao;Universidade do Sul de Santa Catarina;SC;179;Privada;94;23.07;251-300;12.17;351-400;2.47;52;7.27;;;351-400;2.43;;;;;;;;;
2023;nutricao;Centro Universitário de João Pessoa;PB;180;Privada;94;23.07;251-300;12.06;351-400;2.4;401-500;1.66;;;1;8;;;;;;;;;
2023;nutricao;Faculdade de Americana;SP;181;Privada;94;23.07;251-300;12.01;197;5.17;99;6.6;;;501-600;0.24;;;;;;;;;
2023;nutricao;Faculdade de Tupã;SP;182;Privada;94;23.07;251-300;11.75;301-350;3.06;501-600;0.69;;;1;8;;;;;;;;;
2023;nutricao;Faculdade de Ensino Superior de Floriano;PI;182;Privada;94;23.07;251-300;11.75;401-500;1.86;401-500;1.89;;;1;8;;;;;;;;;
2023;nutricao;Universidade Municipal de São Caetano do Sul;SP;182;Municipal;94;23.07;251-300;11.75;201-250;4.77;143;5.96;;;401-500;1.02;;;;;;;;;
2023;nutricao;Centro Universitário de Sete Lagoas;MG;185;Privada;94;23.07;301-350;11.68;173;5.52;201-250;4.76;;;401-500;1.4;;;;;;;;;
2023;nutricao;Centro Universitário Geraldo Di Biase;RJ;186;Privada;94;23.07;301-350;11.64;169;5.57;401-500;1.52;;;201-250;4.55;;;;;;;;;
2023;nutricao;Centro Universitário Estácio de Sergipe;SE;187;Privada;94;23.07;301-350;11.49;155;5.78;351-400;2.75;;;301-350;2.96;;;;;;;;;
2023;nutricao;Faculdade Anhanguera de Teixeira de Freitas;BA;188;Privada;94;23.07;301-350;11.37;251-300;3.8;351-400;2.87;;;201-250;4.7;;;;;;;;;
2023;nutricao;Centro Universitário Assis Gurgacz;PR;189;Privada;94;23.07;301-350;11.3;401-500;1.14;82;6.84;;;301-350;3.32;;;;;;;;;
2023;nutricao;Centro Universitário Fibra;PA;190;Privada;94;23.07;301-350;11.29;301-350;3.35;301-350;3.24;;;201-250;4.7;;;;;;;;;
2023;nutricao;Centro Universitário Campo Real;PR;191;Privada;94;23.07;301-350;11.27;301-350;3.35;163;5.68;;;351-400;2.24;;;;;;;;;
2023;nutricao;Faculdade Anhanguera de Sorocaba;SP;192;Privada;94;23.07;301-350;11.17;150;5.85;501-600;0.6;;;201-250;4.72;;;;;;;;;
2023;nutricao;Instituto Superior e Centro Educacional Luterano;SC;193;Privada;94;23.07;301-350;10.98;251-300;3.97;201-250;4.73;;;351-400;2.28;;;;;;;;;
2023;nutricao;Centro Universitário Estácio do Ceará;CE;194;Privada;94;23.07;301-350;10.88;183;5.37;251-300;3.8;;;401-500;1.71;;;;;;;;;
2023;nutricao;Centro Universitário Faminas;MG;195;Privada;94;23.07;301-350;10.87;251-300;4.04;168;5.61;;;401-500;1.22;;;;;;;;;
2023;nutricao;Universidade do Extremo Sul Catarinense;SC;196;Privada;94;23.07;301-350;10.63;301-350;3.41;192;5.26;;;401-500;1.96;;;;;;;;;
2023;nutricao;Centro Universitário Central Paulista;SP;197;Privada;94;23.07;301-350;10.58;251-300;4.06;201-250;4.53;;;401-500;1.99;;;;;;;;;
2023;nutricao;Faculdade Anhanguera de Betim;MG;198;Privada;94;23.07;301-350;10.53;123;6.24;401-500;1.18;;;301-350;3.11;;;;;;;;;
2023;nutricao;Centro Universitário Salesiano;ES;198;Privada;94;23.07;301-350;10.53;401-500;1.14;147;5.91;;;301-350;3.48;;;;;;;;;
2023;nutricao;Faculdade Pernambucana de Saúde;PE;200;Privada;94;23.07;301-350;10.52;401-500;1.21;111;6.42;;;301-350;2.89;;;;;;;;;
2023;nutricao;Faculdade Nossa Senhora de Fátima;RS;201;Privada;94;23.07;401-500;8.41;401-500;1.6;86;6.78;;;501-600;0.03;;;;;;;;;
2023;nutricao;Centro Universitário da Amazônia;PA;201;Privada;94;23.07;401-500;7.38;351-400;2.46;401-500;1.31;;;251-300;3.61;;;;;;;;;
2023;nutricao;Centro Universitário Maurício de Nassau de Caruaru;PE;201;Privada;94;23.07;301-350;10.49;251-300;4.39;351-400;2.62;;;301-350;3.48;;;;;;;;;
2023;nutricao;Centro Universitário dos Guararapes;PE;201;Privada;94;23.07;351-400;9.35;301-350;3.15;301-350;3.37;;;351-400;2.83;;;;;;;;;
2023;nutricao;Centro Universitário do Planalto Central Apparecido dos Santos;DF;201;Privada;94;23.07;401-500;8.59;401-500;1.91;251-300;3.79;;;301-350;2.89;;;;;;;;;
2023;nutricao;Universidade Metodista de São Paulo;SP;201;Privada;94;23.07;401-500;8.6;;;501-600;0.6;;;1;8;;;;;;;;;
2023;nutricao;Centro Universitário do Triângulo;MG;201;Privada;94;23.07;401-500;6.55;401-500;1.14;351-400;2.8;;;351-400;2.61;;;;;;;;;
2023;nutricao;Centro Universitário Maurício de Nassau de Salvador;BA;201;Privada;94;23.07;401-500;7.78;401-500;2.05;351-400;2.71;;;301-350;3.02;;;;;;;;;
2023;nutricao;Centro Universitário do Sul de Minas;MG;201;Privada;94;23.07;301-350;10.35;401-500;1.16;11;7.86;;;401-500;1.33;;;;;;;;;
2023;nutricao;Faculdade Estácio de Feira de Santana;BA;201;Privada;94;23.07;401-500;7;401-500;2.01;401-500;2.19;;;351-400;2.8;;;;;;;;;
2023;nutricao;Centro Universitário de Goiânia;GO;201;Privada;94;23.07;351-400;9.29;351-400;2.4;180;5.43;;;401-500;1.46;;;;;;;;;
2023;nutricao;Universidade Católica de Pernambuco;PE;201;Privada;94;23.07;401-500;8.99;117;6.33;351-400;2.5;;;501-600;0.16;;;;;;;;;
2023;nutricao;Centro Universitário de Jaguariúna;SP;201;Privada;94;23.07;351-400;9.19;401-500;1.6;41;7.43;;;501-600;0.16;;;;;;;;;
2023;nutricao;Centro Universitário Serra dos Órgãos;RJ;201;Privada;94;23.07;401-500;9.1;251-300;3.93;401-500;1.52;;;251-300;3.65;;;;;;;;;
2023;nutricao;Instituto Municipal de Ensino Superior de Catanduva;SP;201;Municipal;94;23.07;401-500;8.09;95;6.64;401-500;1.35;;;501-600;0.1;;;;;;;;;
2023;nutricao;Centro Universitário Augusto Motta;RJ;201;Privada;94;23.07;401-500;6.46;401-500;1.6;301-350;3.18;;;401-500;1.68;;;;;;;;;
2023;nutricao;Centro Universitário Maurício de Nassau de Maceió;AL;201;Privada;94;23.07;401-500;8.7;201-250;4.71;501-600;0.67;;;301-350;3.32;;;;;;;;;
2023;nutricao;Faculdade de Apucarana;PR;201;Privada;94;23.07;401-500;7.1;501-600;0.32;140;6.01;;;401-500;0.77;;;;;;;;;
2023;nutricao;Faculdade Três Marias;PB;201;Privada;94;23.07;401-500;6.37;201-250;4.71;401-500;1.66;;;;;;;;;;;;;
2023;nutricao;Universidade Castelo Branco;RJ;201;Privada;94;23.07;351-400;9.94;301-350;3.13;166;5.63;;;401-500;1.18;;;;;;;;;
2023;nutricao;Centro Universitário de Rondônia;RO;201;Privada;94;23.07;401-500;8.89;401-500;1.14;201-250;4.95;;;351-400;2.8;;;;;;;;;
2023;nutricao;Centro Universitário Presidente Antônio Carlos;MG;201;Privada;94;23.07;401-500;8.4;401-500;0.79;201-250;4.96;;;351-400;2.65;;;;;;;;;
2023;nutricao;Faculdade Anhanguera de Poços de Caldas;MG;201;Privada;94;23.07;401-500;8.58;201-250;4.88;401-500;1.18;;;351-400;2.52;;;;;;;;;
2023;nutricao;Universidade de Araraquara;SP;201;Privada;94;23.07;351-400;9.51;189;5.29;301-350;3.14;;;401-500;1.08;;;;;;;;;
2023;nutricao;Centro Universitário Padre Anchieta;SP;201;Privada;94;23.07;351-400;10.13;301-350;3.06;110;6.44;;;501-600;0.63;;;;;;;;;
2023;nutricao;Centro Universitário do Norte;AM;201;Privada;94;23.07;401-500;8.7;351-400;2.43;351-400;2.31;;;251-300;3.96;;;;;;;;;
2023;nutricao;Centro Universitário do Vale do Ribeira;SP;201;Privada;94;23.07;401-500;7.01;351-400;2.56;301-350;3.15;;;401-500;1.3;;;;;;;;;
2023;nutricao;Centro Universitário Amparense;SP;201;Privada;94;23.07;401-500;5.79;501-600;0.09;190;5.29;;;501-600;0.41;;;;;;;;;
2023;nutricao;Centro Universitário de Pato Branco;PR;201;Privada;94;23.07;401-500;7.64;501-600;0.26;181;5.42;;;401-500;1.96;;;;;;;;;
2023;nutricao;Centro Universitário Nossa Senhora do Patrocínio;SP;201;Privada;94;23.07;351-400;9.11;401-500;1.34;67;7.05;;;401-500;0.72;;;;;;;;;
2023;nutricao;UGV Centro Universitário;PR;201;Privada;94;23.07;401-500;8.68;501-600;0.17;102;6.55;;;401-500;1.96;;;;;;;;;
2023;nutricao;Universidade Iguaçu;RJ;201;Privada;94;23.07;351-400;9.54;401-500;2.01;150;5.86;;;401-500;1.67;;;;;;;;;
2023;nutricao;Centro Universitário Barão de Mauá;SP;201;Privada;94;23.07;301-350;10.5;139;6.01;501-600;0.6;;;251-300;3.89;;;;;;;;;
2023;nutricao;Centro Universitário de Patos;PB;201;Privada;94;23.07;501-600;4.94;351-400;2.57;401-500;1.66;;;401-500;0.71;;;;;;;;;
2023;nutricao;Centro Universitário Atenas;MG;201;Privada;94;23.07;351-400;10.03;501-600;0.65;401-500;1.38;;;1;8;;;;;;;;;
2023;nutricao;Universidade Santa Cecília;SP;201;Privada;94;23.07;401-500;6.74;173;5.52;501-600;0.6;;;501-600;0.62;;;;;;;;;
2023;nutricao;Faculdade Barretos;SP;201;Privada;94;23.07;401-500;8.3;501-600;0.39;112;6.41;;;401-500;1.5;;;;;;;;;
2023;nutricao;Centro Universitário Católico Salesiano Auxilium;SP;201;Privada;94;23.07;351-400;9.92;401-500;1.76;251-300;4.37;;;251-300;3.79;;;;;;;;;
2023;nutricao;Centro Universitário do Instituto de Educação Superior de Brasília;DF;201;Privada;94;23.07;401-500;8.76;351-400;2.73;153;5.82;;;501-600;0.21;;;;;;;;;
2023;nutricao;Centro Universitário do Espírito Santo;ES;201;Privada;94;23.07;301-350;10.28;351-400;2.73;119;6.31;;;401-500;1.24;;;;;;;;;
2023;nutricao;Faculdade Martha Falcão Wyden;AM;201;Privada;94;23.07;401-500;9.07;1;8;501-600;0.07;;;401-500;1;;;;;;;;;
2023;nutricao;Centro Universitário Maurício de Nassau de João Pessoa;PB;201;Privada;94;23.07;401-500;8.14;351-400;2.64;351-400;2.54;;;301-350;2.96;;;;;;;;;
2023;nutricao;Faculdade Estácio de Belém;PA;201;Privada;94;23.07;401-500;8.15;351-400;2.6;401-500;1.31;;;251-300;4.24;;;;;;;;;
2023;nutricao;Centro Universitário Vale do Rio Verde;MG;201;Privada;94;23.07;401-500;9.04;401-500;1.18;195;5.22;;;351-400;2.64;;;;;;;;;
2023;nutricao;Centro Universitário Metrocamp Wyden;SP;201;Privada;94;23.07;351-400;9.94;301-350;3.06;201-250;4.92;;;401-500;1.96;;;;;;;;;
2023;nutricao;Centro Universitário Facex;RN;201;Privada;94;23.07;401-500;9.08;401-500;2.01;136;6.07;;;401-500;1;;;;;;;;;
2023;nutricao;Centro Universitário Maurício de Nassau de Juazeiro do Norte;CE;201;Privada;94;23.07;401-500;7.55;401-500;1.3;301-350;3.08;;;301-350;3.17;;;;;;;;;
2023;nutricao;Universidade Cidade de São Paulo;SP;201;Privada;94;23.07;401-500;7.02;251-300;4.33;501-600;0.6;;;401-500;2.09;;;;;;;;;
2023;nutricao;Centro Universitário Fametro;CE;201;Privada;94;23.07;301-350;10.45;401-500;1.31;201-250;5;;;251-300;4.14;;;;;;;;;
2023;nutricao;Centro Universitário de Maceió;AL;201;Privada;94;23.07;401-500;9;301-350;3.19;201-250;4.69;;;401-500;1.12;;;;;;;;;
2023;nutricao;Faculdades Integradas de Bauru;SP;251;Privada;;;100;18.77;192;5.24;173;5.53;;;1;8;;;;;;;;;
2023;nutricao;Centro Universitário - Uniesp;PB;251;Privada;94;23.07;501-600;4.06;501-600;0.03;301-350;3.34;;;401-500;0.69;;;;;;;;;
2023;nutricao;Faculdade Municipal Professor Franco Montoro de Mogi Guaçu;SP;251;Municipal;94;23.07;501-600;4.35;401-500;1.14;301-350;3.21;;;;;;;;;;;;;
2023;nutricao;Centro Universitário LS;DF;251;Privada;;;127;17.54;157;5.75;251-300;3.79;;;1;8;;;;;;;;;
2023;nutricao;Instituto de Ensino Superior do Sul do Maranhão;MA;251;Privada;94;23.07;501-600;4.69;501-600;0.38;401-500;2.22;;;401-500;2.09;;;;;;;;;
2023;nutricao;Centro Universitário Unifatecie;PR;251;Privada;;;125;17.59;173;5.52;251-300;4.07;;;1;8;;;;;;;;;
2023;nutricao;Centro Universitário Facvest;SC;251;Privada;;;63;22.07;92;6.69;44;7.38;;;1;8;;;;;;;;;
2023;nutricao;Centro Universitário Projeção;DF;251;Privada;;;96;19.04;53;7.25;251-300;3.79;;;1;8;;;;;;;;;
2023;nutricao;Centro Universitário Braz Cubas;SP;251;Privada;94;23.07;501-600;4.46;351-400;2.56;501-600;0.6;;;401-500;1.3;;;;;;;;;
2023;nutricao;Centro Universitário Sociesc;SC;251;Privada;;;103;18.59;77;6.9;301-350;3.69;;;1;8;;;;;;;;;
2023;nutricao;Universidade Federal da Fronteira Sul;SC;251;Federal;;;82;20.15;125;6.21;145;5.94;;;1;8;;;;;;;;;
2023;nutricao;Universidade Federal do Oeste da Bahia;BA;251;Federal;;;83;20.14;201-250;4.45;23;7.69;;;1;8;;;;;;;;;
2023;nutricao;Faculdade de Ensino Superior da Cidade de Feira de Santana;BA;251;Privada;;;115;17.96;166;5.62;251-300;4.34;;;1;8;;;;;;;;;
2023;nutricao;Faculdade Unisul de Florianópolis;SC;251;Privada;;;98;18.81;62;7.12;301-350;3.69;;;1;8;;;;;;;;;
2023;nutricao;Centro Universitário Facisa;PB;251;Privada;;;129;17.23;251-300;3.78;179;5.45;;;1;8;;;;;;;;;
2023;nutricao;Faculdade de Educação Superior de Sete Lagoas;MG;251;Privada;;;131;17.18;1;8;401-500;1.18;;;1;8;;;;;;;;;
2023;nutricao;Instituto Federal de Educação, Ciência e Tecnologia Goiano;GO;251;Federal;;;46;23.45;32;7.55;8;7.9;;;1;8;;;;;;;;;
2023;nutricao;Centro Universitário Una de Bom Despacho;MG;251;Privada;;;58;22.42;62;7.12;50;7.3;;;1;8;;;;;;;;;
2023;nutricao;Centro Universitário Ages;BA;251;Privada;;;121;17.64;62;7.12;351-400;2.52;;;1;8;;;;;;;;;
2023;nutricao;Faculdade de Saúde e Humanidades Ibituruna;MG;251;Privada;;;117;17.8;200;5.13;201-250;4.67;;;1;8;;;;;;;;;
2023;nutricao;Instituto Federal de Educação, Ciência e Tecnologia do Ceará;CE;251;Federal;;;140;16.86;351-400;2.41;109;6.45;;;1;8;;;;;;;;;
2023;nutricao;Universidade do Vale do Sapucaí;MG;251;Privada;94;23.07;501-600;4.72;501-600;0.46;401-500;1.18;;;301-350;3.08;;;;;;;;;
2023;nutricao;Instituto Federal de Educação, Ciência e Tecnologia do Sudeste de Minas Gerais;MG;251;Federal;;;94;19.15;251-300;3.91;54;7.24;;;1;8;;;;;;;;;
2023;nutricao;Faculdade Santa Marcelina;SP;251;Privada;94;23.07;501-600;1.52;501-600;0.51;501-600;0.6;;;501-600;0.41;;;;;;;;;
2023;nutricao;Faculdade Anhanguera Unidade Guarapari;ES;251;Privada;;;88;19.84;48;7.32;201-250;4.52;;;1;8;;;;;;;;;
2023;nutricao;Centro Universitário Anhanguera Pitágoras Unopar de Campo Grande;MS;251;Privada;;;89;19.52;109;6.44;201-250;5.08;;;1;8;;;;;;;;;
2023;nutricao;Universidade Federal dos Vales do Jequitinhonha e Mucuri;MG;251;Federal;;;64;21.99;50;7.29;92;6.7;;;1;8;;;;;;;;;
2023;nutricao;Faculdade Ages de Jacobina;BA;251;Privada;;;111;18.19;1;8;401-500;2.19;;;1;8;;;;;;;;;
2023;nutricao;Faculdade da Região Sisaleira;BA;251;Privada;94;23.07;501-600;4.9;501-600;0.69;251-300;4.12;;;501-600;0.09;;;;;;;;;
2023;nutricao;Centro Universitário Euro-americano;DF;251;Privada;;;138;16.97;192;5.24;43;7.4;;;201-250;4.33;;;;;;;;;
2023;nutricao;Centro Universitário São Miguel;PE;251;Privada;;;113;18.13;201-250;5;201-250;5.13;;;1;8;;;;;;;;;
2023;nutricao;Faculdade Anhanguera de Ipatinga;MG;251;Privada;;;75;20.82;122;6.25;101;6.57;;;1;8;;;;;;;;;
2023;nutricao;Faculdade Ages de Senhor do Bonfim;BA;251;Privada;;;111;18.19;1;8;401-500;2.19;;;1;8;;;;;;;;;
2023;nutricao;Centro Universitário Unirb - Alagoinhas;BA;251;Privada;;;128;17.46;251-300;3.88;170;5.58;;;1;8;;;;;;;;;
2023;nutricao;Centro Universitário Metropolitano de Maringá;PR;251;Privada;;;85;20.07;1;8;251-300;4.07;;;1;8;;;;;;;;;
2023;nutricao;Universidade Evangélica de Goiás;GO;251;Privada;94;23.07;501-600;4.26;401-500;1.42;401-500;0.88;;;401-500;1.96;;;;;;;;;
2023;nutricao;Faculdade Anhanguera de Anápolis;GO;251;Privada;;;84;20.09;107;6.47;167;5.62;;;1;8;;;;;;;;;
2023;nutricao;Faculdade Multivix de Cachoeiro;ES;251;Privada;;;79;20.52;1;8;201-250;4.52;;;1;8;;;;;;;;;
2023;nutricao;Centro Universitário Facol;PE;251;Privada;;;120;17.68;58;7.18;351-400;2.5;;;1;8;;;;;;;;;
2023;nutricao;Escola Superior Madre Celeste;PA;251;Privada;94;23.07;501-600;2.09;501-600;0.78;401-500;1.31;;;;;;;;;;;;;
2023;nutricao;Faculdade de Educação Superior de Divinópolis;MG;251;Privada;;;131;17.18;1;8;401-500;1.18;;;1;8;;;;;;;;;
2023;nutricao;Faculdade Anhanguera de Pelotas;RS;251;Privada;;;102;18.66;116;6.34;251-300;4.32;;;1;8;;;;;;;;;
2023;nutricao;Centro Universitário Unicuritiba;PR;251;Privada;;;85;20.07;1;8;251-300;4.07;;;1;8;;;;;;;;;
2023;nutricao;Centro Universitário Imepac;MG;251;Privada;;;118;17.73;251-300;3.74;141;5.99;;;1;8;;;;;;;;;
2023;nutricao;Centro Universitário de Viçosa;MG;251;Privada;;;55;22.7;29;7.6;64;7.1;;;1;8;;;;;;;;;
2023;nutricao;Centro Universitário Una de Betim;MG;251;Privada;;;131;17.18;1;8;401-500;1.18;;;1;8;;;;;;;;;
2023;nutricao;Centro Universitário Fmabc;SP;251;Privada;;;104;18.5;157;5.75;201-250;4.75;;;1;8;;;;;;;;;
2023;nutricao;Centro Universitário de Ciências e Tecnologia do Maranhão;MA;251;Privada;;;99;18.79;92;6.69;251-300;4.1;;;1;8;;;;;;;;;
2023;nutricao;Centro Universitário Estácio de São Luís;MA;251;Privada;94;23.07;501-600;3.75;401-500;0.81;401-500;1.94;;;401-500;1;;;;;;;;;
2023;nutricao;Faculdade Pitágoras Bacabal Mearim;MA;251;Privada;;;122;17.61;201-250;4.81;201-250;4.8;;;1;8;;;;;;;;;
2023;nutricao;Centro Universitário Uniftc;BA;301;Privada;;;186;15.07;201-250;4.88;401-500;2.19;;;1;8;;;;;;;;;
2023;nutricao;Centro Universitário Autônomo do Brasil;PR;301;Privada;;;177;15.59;184;5.36;132;6.12;;;251-300;4.11;;;;;;;;;
2023;nutricao;Centro Universitário Zarns;BA;301;Privada;;;144;16.76;251-300;4.14;201-250;4.62;;;1;8;;;;;;;;;
2023;nutricao;Centro Universitário do Norte de Minas;MG;301;Privada;;;180;15.4;200;5.13;401-500;2.27;;;1;8;;;;;;;;;
2023;nutricao;Faculdade Castro Alves;BA;301;Privada;;;201-250;14.23;251-300;4.04;401-500;2.19;;;1;8;;;;;;;;;
2023;nutricao;Centro Universitário Funvic;SP;301;Privada;;;201-250;13.76;301-350;3.52;162;5.69;;;201-250;4.55;;;;;;;;;
2023;nutricao;Faculdade Anhanguera de Caxias do Sul;RS;301;Privada;;;186;15.07;71;6.99;301-350;3.53;;;201-250;4.55;;;;;;;;;
2023;nutricao;Centro Universitário Cidade Verde;PR;301;Privada;;;158;16.2;251-300;4.13;251-300;4.07;;;1;8;;;;;;;;;
2023;nutricao;Faculdade Anhanguera de São José-SC;SC;301;Privada;;;201-250;14.08;90;6.72;301-350;3.69;;;251-300;3.67;;;;;;;;;
2023;nutricao;Faculdade Unirb - Feira de Santana;BA;301;Privada;;;201-250;13.93;251-300;3.74;401-500;2.19;;;1;8;;;;;;;;;
2023;nutricao;Centro Universitário Planalto do Distrito Federal;DF;301;Privada;;;161;16.15;351-400;2.4;158;5.75;;;1;8;;;;;;;;;
2023;nutricao;Faculdade Uninta;CE;301;Privada;;;201-250;14.14;301-350;3.06;301-350;3.08;;;1;8;;;;;;;;;
2023;nutricao;Centro Universitário Estácio de Santa Catarina;SC;301;Privada;;;201-250;13.9;103;6.53;149;5.88;;;401-500;1.49;;;;;;;;;
2023;nutricao;Centro Universitário Gama e Souza;RJ;301;Privada;;;179;15.53;139;6.01;401-500;1.52;;;1;8;;;;;;;;;
2023;nutricao;Centro Universitário São Judas Tadeu;SP;301;Privada;;;172;15.72;62;7.12;501-600;0.6;;;1;8;;;;;;;;;
2023;nutricao;Faculdade Unirb - Aracaju;SE;301;Privada;;;167;15.88;200;5.13;351-400;2.75;;;1;8;;;;;;;;;
2023;nutricao;Faculdade Integrada Carajás;PA;301;Privada;;;201-250;14.15;201-250;4.84;401-500;1.31;;;1;8;;;;;;;;;
2023;nutricao;Centro Universitário Una de Contagem;MG;301;Privada;;;160;16.17;71;6.99;401-500;1.18;;;1;8;;;;;;;;;
2023;nutricao;Centro Universitário Mario Pontes Jucá;AL;301;Privada;;;162;16.1;351-400;2.77;187;5.33;;;1;8;;;;;;;;;
2023;nutricao;Centro Universitário Uniasselvi de Blumenau ;SC;301;Privada;;;181;15.39;200;5.13;115;6.37;;;251-300;3.89;;;;;;;;;
2023;nutricao;Faculdades Integradas do Extremo Sul da Bahia;BA;301;Privada;;;174;15.71;173;5.52;401-500;2.19;;;1;8;;;;;;;;;
2023;nutricao;Faculdade de Minas BH;MG;301;Privada;;;193;14.83;152;5.82;68;7.04;;;401-500;1.97;;;;;;;;;
2023;nutricao;Centro Universitário Ruy Barbosa Wyden;BA;301;Privada;;;201-250;14.37;59;7.16;154;5.81;;;401-500;1.4;;;;;;;;;
2023;nutricao;Faculdade de Educação Superior de Catalão;GO;301;Privada;;;184;15.29;111;6.41;401-500;0.88;;;1;8;;;;;;;;;
2023;nutricao;Faculdade Mais de Ituiutaba;MG;301;Privada;;;201-250;14.42;192;5.24;401-500;1.18;;;1;8;;;;;;;;;
2023;nutricao;Centro Universitário Unigran Capital;MS;301;Privada;;;201-250;14.12;201-250;4.9;201-250;5.08;;;251-300;4.14;;;;;;;;;
2023;nutricao;Centro Universitário Unidade de Ensino Superior Dom Bosco;MA;301;Privada;;;201-250;13.74;251-300;4.13;401-500;1.61;;;1;8;;;;;;;;;
2023;nutricao;Faculdade Kennedy de Belo Horizonte;MG;301;Privada;;;200;14.53;251-300;3.84;123;6.25;;;201-250;4.44;;;;;;;;;
2023;nutricao;Centro Universitário FBV Wyden;PE;301;Privada;;;188;15.06;1;8;95;6.65;;;501-600;0.41;;;;;;;;;
2023;nutricao;Faculdade Unirb - Parnaíba;PI;301;Privada;;;201-250;13.6;251-300;3.74;401-500;1.86;;;1;8;;;;;;;;;
2023;nutricao;Faculdade Mato Grosso do Sul;MS;301;Privada;;;201-250;14.22;401-500;1.14;201-250;5.08;;;1;8;;;;;;;;;
2023;nutricao;Faculdade Multivix Nova Venécia;ES;301;Privada;;;201-250;13.78;401-500;1.26;201-250;4.52;;;1;8;;;;;;;;;
2023;nutricao;Centro Universitário Anhanguera Pitágoras Ampli;SP;301;Privada;;;199;14.54;144;5.94;501-600;0.6;;;1;8;;;;;;;;;
2023;nutricao;Faculdade Multivix Serra;ES;301;Privada;;;201-250;13.66;401-500;1.14;201-250;4.52;;;1;8;;;;;;;;;
2023;nutricao;Centro Universitário de Ensino, Ciência e Tecnologia do Paraná;PR;301;Privada;;;143;16.78;201-250;4.71;251-300;4.07;;;1;8;;;;;;;;;
2023;nutricao;Claretiano - Centro Universitário de Rio Claro;SP;301;Privada;;;189;15.03;121;6.27;201-250;4.93;;;251-300;3.83;;;;;;;;;
2023;nutricao;Centro Universitário Celso Lisboa;RJ;301;Privada;;;151;16.42;77;6.9;401-500;1.52;;;1;8;;;;;;;;;
2023;nutricao;Faculdade Anhanguera Unime de Salvador;BA;301;Privada;;;190;14.96;201-250;4.97;193;5.25;;;201-250;4.74;;;;;;;;;
2023;nutricao;Centro Universitário do Vale do Jaguaribe;CE;301;Privada;;;172;15.72;501-600;0.51;56;7.21;;;1;8;;;;;;;;;
2023;nutricao;Faculdade Anhanguera de Ciências Sociais Aplicadas de Sinop;MT;301;Privada;;;157;16.22;108;6.46;401-500;1.76;;;1;8;;;;;;;;;
2023;nutricao;Instituto Universitário São Judas de São Bernardo do Campo;SP;301;Privada;;;148;16.6;1;8;501-600;0.6;;;1;8;;;;;;;;;
2023;nutricao;Faculdade Paranaense-Curitiba;PR;301;Privada;;;150;16.48;351-400;2.4;135;6.08;;;1;8;;;;;;;;;
2023;nutricao;Faculdade Unirb - Mossoró;RN;301;Privada;;;201-250;13.67;301-350;3.06;351-400;2.61;;;1;8;;;;;;;;;
2023;nutricao;Faculdade Unirb - Piauí;PI;301;Privada;;;198;14.57;201-250;4.71;401-500;1.86;;;1;8;;;;;;;;;
2023;nutricao;Centro Universitário Santa Maria;PB;301;Privada;;;154;16.37;351-400;2.56;154;5.81;;;1;8;;;;;;;;;
2023;nutricao;Centro Universitário Uniftec;RS;301;Privada;;;155;16.24;201-250;4.71;301-350;3.53;;;1;8;;;;;;;;;
2023;nutricao;Centro Universitário Mauá de Brasília;DF;301;Privada;;;201-250;14.19;351-400;2.4;251-300;3.79;;;1;8;;;;;;;;;
2023;nutricao;Faculdade Multivix Cariacica;ES;301;Privada;;;168;15.87;301-350;3.35;201-250;4.52;;;1;8;;;;;;;;;
2023;nutricao;Centro Universitário Unirb;BA;301;Privada;;;201-250;14.12;301-350;3.47;351-400;2.65;;;1;8;;;;;;;;;
2023;nutricao;Faculdade Unirb - Barreiras;BA;301;Privada;;;169;15.81;201-250;4.71;301-350;3.1;;;1;8;;;;;;;;;
2023;nutricao;Faculdade de Educação Superior de Pouso Alegre;MG;351;Privada;;;251-300;12.2;53;7.25;401-500;1.18;;;251-300;3.77;;;;;;;;;
2023;nutricao;Centro Universitário Estácio de Brasília;DF;351;Privada;;;251-300;11.94;157;5.75;251-300;3.79;;;351-400;2.4;;;;;;;;;
2023;nutricao;Christus Faculdade do Piauí;PI;351;Privada;;;201-250;13.33;301-350;3.47;401-500;1.86;;;1;8;;;;;;;;;
2023;nutricao;Faculdade Anhanguera de Brasília;DF;351;Privada;;;201-250;13.58;251-300;4.36;251-300;4.39;;;201-250;4.83;;;;;;;;;
2023;nutricao;Centro Universitário Maurício de Nassau de Teresina;PI;351;Privada;;;251-300;11.96;401-500;1.14;351-400;2.82;;;1;8;;;;;;;;;
2023;nutricao;Centro Universitário Facunicamps;GO;351;Privada;;;251-300;12.23;301-350;3.35;401-500;0.88;;;1;8;;;;;;;;;
2023;nutricao;Faculdade Anhanguera de Linhares;ES;351;Privada;;;301-350;11.17;301-350;3.54;201-250;4.52;;;301-350;3.11;;;;;;;;;
2023;nutricao;Faculdade Morgana Potrich;GO;351;Privada;;;251-300;11.97;501-600;0.77;301-350;3.2;;;1;8;;;;;;;;;
2023;nutricao;Faculdade de Tecnologia e Ciências de Jequié;BA;351;Privada;;;251-300;11.98;501-600;0.65;301-350;3.33;;;1;8;;;;;;;;;
2023;nutricao;Faculdade Foz do Iguaçu;PR;351;Privada;;;251-300;12.23;501-600;0.16;251-300;4.07;;;1;8;;;;;;;;;
2023;nutricao;Instituto Florence de Ensino Superior;MA;351;Privada;;;301-350;11.26;401-500;1.65;401-500;1.61;;;1;8;;;;;;;;;
2023;nutricao;Centro Universitário de Excelência de Vitória da Conquista;BA;351;Privada;;;251-300;12.65;401-500;1.75;351-400;2.9;;;1;8;;;;;;;;;
2023;nutricao;Faculdade de Ciências Médicas da Paraíba;PB;351;Privada;;;201-250;13.52;173;5.52;196;5.2;;;351-400;2.8;;;;;;;;;
2023;nutricao;Centro Universitário Araguaia;GO;351;Privada;;;251-300;11.94;301-350;3.06;401-500;0.88;;;1;8;;;;;;;;;
2023;nutricao;Faculdade Anhanguera de Feira de Santana;BA;351;Privada;;;251-300;11.91;132;6.11;401-500;2.19;;;251-300;3.61;;;;;;;;;
2023;nutricao;Centro Universitário Unime;BA;351;Privada;;;251-300;12.62;201-250;4.71;301-350;3.11;;;201-250;4.8;;;;;;;;;
2023;nutricao;Faculdade Uninta Itapipoca;CE;351;Privada;;;201-250;13.1;401-500;2.02;301-350;3.08;;;1;8;;;;;;;;;
2023;nutricao;Instituto de Ensino Superior de Rondônia;RO;351;Privada;;;251-300;12.75;501-600;0.52;251-300;4.23;;;1;8;;;;;;;;;
2023;nutricao;Faculdade Internacional da Paraíba;PB;351;Privada;;;201-250;13.14;192;5.24;301-350;3.27;;;201-250;4.63;;;;;;;;;
2023;nutricao;Faculdade Estácio do Rio Grande do Sul;RS;351;Privada;;;251-300;12.53;1;8;301-350;3.53;;;401-500;1;;;;;;;;;
2023;nutricao;Faculdade Dom Luis de Orleans e Bragança;BA;351;Privada;;;251-300;11.79;401-500;1.6;401-500;2.19;;;1;8;;;;;;;;;
2023;nutricao;Centro Universitário Santa Maria da Glória;PR;351;Privada;;;251-300;12.39;173;5.52;251-300;4.07;;;351-400;2.8;;;;;;;;;
2023;nutricao;Centro Universitário Una de Uberlândia;MG;351;Privada;;;251-300;12.24;301-350;3.06;401-500;1.18;;;1;8;;;;;;;;;
2023;nutricao;Faculdade de Frutal;MG;351;Privada;;;251-300;12.92;251-300;3.74;401-500;1.18;;;1;8;;;;;;;;;
2023;nutricao;Centro Universitário de Votuporanga;SP;351;Privada;;;251-300;12.63;351-400;2.8;125;6.22;;;251-300;3.61;;;;;;;;;
2023;nutricao;Centro Universitário do Recife;PE;351;Privada;;;201-250;13.06;351-400;2.56;351-400;2.5;;;1;8;;;;;;;;;
2023;nutricao;Faculdade São Francisco de Assis;RS;351;Privada;;;251-300;13.05;157;5.75;301-350;3.53;;;251-300;3.77;;;;;;;;;
2023;nutricao;Faculdade Anhanguera de Tangará da Serra;MT;351;Privada;;;251-300;12.26;145;5.92;401-500;1.76;;;201-250;4.58;;;;;;;;;
2023;nutricao;Faculdade Fasipe Mato Grosso;MT;351;Privada;;;301-350;11.57;401-500;1.81;401-500;1.76;;;1;8;;;;;;;;;
2023;nutricao;Faculdade Mogiana do Estado de São Paulo;SP;351;Privada;;;251-300;12.56;251-300;3.96;501-600;0.6;;;1;8;;;;;;;;;
2023;nutricao;Centro Universitário - Católica de Santa Catarina em Joinville;SC;351;Privada;;;301-350;11.62;251-300;4.33;96;6.64;;;401-500;0.65;;;;;;;;;
2023;nutricao;Centro Universitário Unifafibe;SP;351;Privada;;;201-250;13.12;301-350;3.38;156;5.78;;;251-300;3.96;;;;;;;;;
2023;nutricao;Faculdade Anhanguera de Ciências e Tecnologia de Brasília;DF;351;Privada;;;251-300;12.84;150;5.85;251-300;3.79;;;301-350;3.2;;;;;;;;;
2023;nutricao;Faculdade Sociesc de Jaraguá do Sul;SC;351;Privada;;;201-250;13.21;157;5.75;301-350;3.69;;;251-300;3.77;;;;;;;;;
2023;nutricao;Faculdade Zacarias de Góes;BA;351;Privada;;;251-300;12.2;401-500;2.01;401-500;2.19;;;1;8;;;;;;;;;
2023;nutricao;Centro Universitário Maurício de Nassau de Barreiras;BA;351;Privada;;;201-250;13.25;301-350;3.06;401-500;2.19;;;1;8;;;;;;;;;
2023;nutricao;Faculdades Integradas de Três Lagoas;MS;351;Privada;;;201-250;13.42;251-300;4.38;201-250;5.08;;;251-300;3.96;;;;;;;;;
2023;nutricao;Faculdade Brasileira de Tecnologia-BA;BA;351;Privada;;;201-250;13.25;301-350;3.06;401-500;2.19;;;1;8;;;;;;;;;
2023;nutricao;Faculdade Anhanguera de Sumaré;SP;351;Privada;;;301-350;11.44;74;6.95;501-600;0.6;;;251-300;3.89;;;;;;;;;
2023;nutricao;Faculdade Estácio de Sá de Campo Grande;MS;351;Privada;;;251-300;12.53;82;6.83;201-250;5.08;;;501-600;0.62;;;;;;;;;
2023;nutricao;Faculdade de Enfermagem Nova Esperança de Mossoró;RN;351;Privada;;;251-300;11.75;401-500;1.14;351-400;2.61;;;1;8;;;;;;;;;
2023;nutricao;Centro Universitário de Adamantina;SP;351;Municipal;;;251-300;13;201-250;4.4;201-250;5.12;;;301-350;3.48;;;;;;;;;
2023;nutricao;Universidade de Vassouras;RJ;351;Privada;;;301-350;11.01;103;6.53;401-500;1.52;;;301-350;2.96;;;;;;;;;
2023;nutricao;Centro Universitário Cesuca;RS;351;Privada;;;251-300;11.95;62;7.12;301-350;3.53;;;401-500;1.3;;;;;;;;;
2023;nutricao;Faculdade de Medicina Estácio de Juazeiro do Norte;CE;351;Privada;;;301-350;11.4;173;5.52;301-350;3.08;;;351-400;2.8;;;;;;;;;
2023;nutricao;Faculdade Unirb - Arapiraca;AL;351;Privada;;;251-300;12.8;251-300;4.13;501-600;0.67;;;1;8;;;;;;;;;
2023;nutricao;Faculdade de Ciências, Educação, Saúde, Pesquisa e Gestão;RJ;351;Privada;;;201-250;13.35;301-350;3.06;351-400;2.29;;;1;8;;;;;;;;;
2023;nutricao;Universidade Metropolitana de Santos;SP;351;Privada;;;251-300;11.83;301-350;3.18;201-250;4.82;;;251-300;3.83;;;;;;;;;
2023;nutricao;Faculdade Anhanguera de Piracicaba;SP;351;Privada;;;251-300;11.77;1;8;501-600;0.6;;;301-350;3.17;;;;;;;;;
2023;nutricao;Faculdade Anhanguera de Joinville;SC;351;Privada;;;251-300;12.03;201-250;5;301-350;3.69;;;301-350;3.34;;;;;;;;;
2023;nutricao;Faculdade Uninassau Lauro de Freitas;BA;401;Privada;;;301-350;10.3;351-400;2.67;201-250;4.83;;;351-400;2.8;;;;;;;;;
2023;nutricao;Centro Universitário Fasipe;MT;401;Privada;;;401-500;8;501-600;0.56;351-400;2.81;;;201-250;4.63;;;;;;;;;
2023;nutricao;Centro Universitário de Tecnologia de Curitiba;PR;401;Privada;;;401-500;7.54;301-350;3.06;251-300;4.07;;;501-600;0.41;;;;;;;;;
2023;nutricao;Centro Universitário de Caratinga;MG;401;Privada;;;351-400;9.73;351-400;2.4;201-250;4.66;;;351-400;2.67;;;;;;;;;
2023;nutricao;Faculdade Quirinópolis;GO;401;Privada;;;401-500;9.02;501-600;0.14;401-500;0.88;;;1;8;;;;;;;;;
2023;nutricao;Centro Universitário Max Planck;SP;401;Privada;;;401-500;8.16;501-600;0.74;57;7.2;;;501-600;0.22;;;;;;;;;
2023;nutricao;Centro Universitário Cenecista de Osório;RS;401;Privada;;;351-400;9.54;139;6.01;301-350;3.53;;;;;;;;;;;;;
2023;nutricao;Faculdade Uninassau Petrolina;PE;401;Privada;;;351-400;9.42;251-300;3.84;351-400;2.5;;;301-350;3.08;;;;;;;;;
2023;nutricao;Faculdade Metropolitana de Anápolis;GO;401;Privada;;;301-350;10.48;401-500;1.6;401-500;0.88;;;1;8;;;;;;;;;
2023;nutricao;Faculdade Anhanguera de Taboão da Serra;SP;401;Privada;;;351-400;10.22;201-250;4.92;501-600;0.6;;;201-250;4.7;;;;;;;;;
2023;nutricao;Centro Universitário de Barra Mansa;RJ;401;Privada;;;401-500;7.43;401-500;2.09;301-350;3.38;;;401-500;1.96;;;;;;;;;
2023;nutricao;Centro Universitário Fadergs;RS;401;Privada;;;351-400;9.98;301-350;3.35;174;5.52;;;401-500;1.11;;;;;;;;;
2023;nutricao;Faculdade Eduvale de Avaré;SP;401;Privada;;;351-400;9.32;351-400;2.77;137;6.05;;;501-600;0.5;;;;;;;;;
2023;nutricao;Centro Universitário das Américas;SP;401;Privada;;;401-500;6.72;401-500;1.68;201-250;4.86;;;501-600;0.18;;;;;;;;;
2023;nutricao;Centro Universitário Itop;TO;401;Privada;;;351-400;9.75;401-500;1.68;501-600;0.07;;;1;8;;;;;;;;;
2023;nutricao;Faculdade Católica do Rio Grande do Norte;RN;401;Privada;;;351-400;9.15;251-300;3.74;351-400;2.61;;;351-400;2.8;;;;;;;;;
2023;nutricao;Faculdade Estácio Macapá;AP;401;Privada;;;351-400;9.31;251-300;3.74;401-500;1.52;;;251-300;4.05;;;;;;;;;
2023;nutricao;Centro Universitário do Paraná;PR;401;Privada;;;351-400;9.77;251-300;3.74;251-300;4.07;;;401-500;1.96;;;;;;;;;
2023;nutricao;Centro Universitário Brasileiro;PE;401;Privada;;;401-500;8.21;401-500;1.7;142;5.98;;;501-600;0.53;;;;;;;;;
2023;nutricao;Faculdade Cesumar de Ponta Grossa;PR;401;Privada;;;401-500;8.04;401-500;2.01;251-300;4.07;;;401-500;1.96;;;;;;;;;
2023;nutricao;Centro Universitário Estácio Juiz de Fora;MG;401;Privada;;;351-400;10.18;1;8;401-500;1.18;;;401-500;1;;;;;;;;;
2023;nutricao;Centro Universitário de Desenvolvimento do Centro-Oeste;GO;401;Privada;;;401-500;8.34;301-350;3.35;401-500;0.88;;;251-300;4.11;;;;;;;;;
2023;nutricao;Centro Universitário Unibras do Sudoeste Goiano;GO;401;Privada;;;401-500;9;501-600;0.12;401-500;0.88;;;1;8;;;;;;;;;
2023;nutricao;Centro Universitário Estácio de Ji-paraná;RO;401;Privada;;;401-500;8.97;251-300;3.74;251-300;4.23;;;401-500;1;;;;;;;;;
2023;nutricao;Instituto Taubaté de Ensino Superior;SP;401;Privada;;;301-350;10.82;401-500;2.09;35;7.51;;;401-500;1.22;;;;;;;;;
2023;nutricao;Centro Universitário Estácio do Recife;PE;401;Privada;;;301-350;10.48;192;5.24;301-350;3.28;;;401-500;1.96;;;;;;;;;
2023;nutricao;Centro Universitário Maurício de Nassau Paulista;PE;401;Privada;;;401-500;7.79;301-350;3.06;351-400;2.77;;;401-500;1.96;;;;;;;;;
2023;nutricao;Universidade São Francisco;SP;401;Privada;;;351-400;10.05;201-250;4.72;501-600;0.6;;;201-250;4.73;;;;;;;;;
2023;nutricao;Faculdade Uninassau Garanhuns;PE;401;Privada;;;401-500;7.19;401-500;2.17;351-400;2.5;;;351-400;2.52;;;;;;;;;
2023;nutricao;Centro Universitário Multivix Vitória;ES;401;Privada;;;301-350;10.4;301-350;3.08;201-250;4.52;;;351-400;2.8;;;;;;;;;
2023;nutricao;Faculdade de Imperatriz Wyden;MA;401;Privada;;;401-500;8.06;137;6.04;401-500;1.61;;;501-600;0.41;;;;;;;;;
2023;nutricao;Centro Universitário de Santa Fé do Sul;SP;401;Municipal;;;351-400;9.96;401-500;1.24;251-300;4.36;;;201-250;4.36;;;;;;;;;
2023;nutricao;Cisne - Faculdade de Quixadá;CE;401;Privada;;;401-500;7.61;501-600;0.3;199;5.16;;;351-400;2.15;;;;;;;;;
2023;nutricao;Faculdade Uninassau Vilhena;RO;401;Privada;;;351-400;9.65;401-500;1.37;251-300;4.23;;;251-300;4.05;;;;;;;;;
2023;nutricao;Universidade Santa Úrsula;RJ;401;Privada;;;401-500;9.09;67;7.05;401-500;1.52;;;501-600;0.52;;;;;;;;;
2023;nutricao;Faculdade Anhanguera de São José;SP;401;Privada;;;351-400;9.49;170;5.56;501-600;0.6;;;301-350;3.33;;;;;;;;;
2023;nutricao;Faculdade de Ciências e Tecnologias de Campos Gerais;MG;401;Privada;;;301-350;10.99;401-500;1.81;401-500;1.18;;;1;8;;;;;;;;;
2023;nutricao;Centro Universitário Estácio de São Paulo;SP;401;Privada;;;401-500;9.09;148;5.88;501-600;0.6;;;351-400;2.61;;;;;;;;;
2023;nutricao;Escola Superior de Criciúma;SC;401;Privada;;;401-500;8.53;201-250;4.71;301-350;3.69;;;501-600;0.13;;;;;;;;;
2023;nutricao;Centro de Ensino Superior de Ilhéus;BA;401;Privada;;;401-500;8.2;401-500;1.14;201-250;4.66;;;351-400;2.4;;;;;;;;;
2023;nutricao;Faculdade Estácio de Alagoas;AL;401;Privada;;;401-500;8.8;251-300;4.23;351-400;2.88;;;401-500;1.69;;;;;;;;;
2023;nutricao;Faculdade de Ensino e Cultura do Ceará;CE;401;Privada;;;401-500;8.19;401-500;0.87;301-350;3.08;;;251-300;4.24;;;;;;;;;
2023;nutricao;Centro Universitário do Cerrado-patrocínio;MG;401;Privada;;;401-500;8.38;401-500;1.5;301-350;3.23;;;251-300;3.65;;;;;;;;;
2023;nutricao;Faculdade Vale dos Carajás;PA;401;Privada;;;351-400;9.31;;;401-500;1.31;;;1;8;;;;;;;;;
2023;nutricao;Centro Universitário Estácio da Bahia;BA;401;Privada;;;401-500;7.56;401-500;1.94;201-250;4.57;;;401-500;1.05;;;;;;;;;
2023;nutricao;Instituto de Ensino Superior da Grande Florianópolis;SC;401;Privada;;;401-500;7.55;351-400;2.56;301-350;3.69;;;401-500;1.3;;;;;;;;;
2023;nutricao;Faculdade Anhanguera de Maceió;AL;401;Privada;;;351-400;10.02;130;6.14;501-600;0.67;;;301-350;3.21;;;;;;;;;
2023;nutricao;Centro Universitário Maurício de Nassau de Campina Grande;PB;401;Privada;;;351-400;9.53;251-300;3.96;301-350;3.17;;;351-400;2.4;;;;;;;;;
2023;nutricao;Centro Universitário da Amazônia Belém;PA;401;Privada;;;401-500;8.58;301-350;3.35;351-400;2.7;;;351-400;2.53;;;;;;;;;
2023;nutricao;Centro Universitário Maurício de Nassau do Rio de Janeiro;RJ;401;Privada;;;351-400;9.17;201-250;4.48;401-500;1.52;;;301-350;3.17;;;;;;;;;
2023;nutricao;Faculdade da Amazônia;PA;401;Privada;;;351-400;9.96;501-600;0.65;401-500;1.31;;;1;8;;;;;;;;;
2023;nutricao;Faculdade Cesumar de Londrina;PR;401;Privada;;;351-400;10.07;251-300;4.04;251-300;4.07;;;401-500;1.96;;;;;;;;;
2023;nutricao;Faculdade Multivix São Mateus;ES;401;Privada;;;401-500;7.84;401-500;1.14;201-250;4.52;;;351-400;2.18;;;;;;;;;
2023;nutricao;Centro Universitário Avantis;SC;401;Privada;;;351-400;10.25;401-500;1.86;301-350;3.69;;;201-250;4.7;;;;;;;;;
2023;nutricao;Faculdade São Francisco da Paraíba;PB;401;Privada;;;401-500;6.66;401-500;1.23;301-350;3.13;;;351-400;2.3;;;;;;;;;
2023;nutricao;Centro de Ensino Unificado do Piauí;PI;401;Privada;;;401-500;8.4;251-300;3.74;401-500;1.86;;;351-400;2.8;;;;;;;;;
2023;nutricao;Faculdades Integradas Asmec;MG;401;Privada;;;401-500;7.45;401-500;1.14;189;5.31;;;401-500;1;;;;;;;;;
2023;nutricao;Faculdade Anhanguera de Uberlândia;MG;401;Privada;;;351-400;9.49;251-300;4.26;401-500;1.18;;;251-300;4.05;;;;;;;;;
2023;nutricao;Faculdade Anhanguera de Taubaté;SP;401;Privada;;;401-500;8.91;201-250;4.77;501-600;0.6;;;301-350;3.54;;;;;;;;;
2023;nutricao;Faculdade Unisul de Balneário Camboriú;SC;401;Privada;;;351-400;9.4;201-250;4.71;301-350;3.69;;;401-500;1;;;;;;;;;
2023;nutricao;Centro Universitário de Itapira;SP;401;Privada;;;301-350;11;351-400;2.4;501-600;0.6;;;1;8;;;;;;;;;
2023;nutricao;Faculdade Estácio São Paulo de Rondônia;RO;401;Privada;;;401-500;6.7;401-500;1.36;251-300;4.23;;;401-500;1.11;;;;;;;;;
2023;nutricao;Centro Universitário para o Desenvolvimento do Alto Vale do Itajaí;SC;401;Privada;;;401-500;8.48;351-400;2.74;301-350;3.69;;;401-500;2.05;;;;;;;;;
2023;nutricao;Faculdade Maria Thereza;RJ;401;Privada;;;401-500;7.94;139;6.01;401-500;1.52;;;501-600;0.41;;;;;;;;;
2023;nutricao;Centro Universitário FG;BA;401;Privada;;;401-500;7.31;501-600;0.26;201-250;5.09;;;401-500;1.96;;;;;;;;;
2023;nutricao;Faculdade Ciências da Vida;MG;401;Privada;;;401-500;6.69;401-500;1.14;185;5.36;;;501-600;0.19;;;;;;;;;
2023;nutricao;Faculdade de Educação São Luís;SP;401;Privada;;;301-350;10.69;401-500;2.09;501-600;0.6;;;1;8;;;;;;;;;
2023;nutricao;Universidade de Itaúna;MG;401;Privada;;;401-500;7.7;301-350;3.06;351-400;2.68;;;401-500;1.96;;;;;;;;;
2023;nutricao;Faculdade Unirb - Natal;RN;401;Privada;;;351-400;9.97;251-300;3.88;351-400;2.61;;;301-350;3.48;;;;;;;;;
2023;nutricao;Faculdade São Luís de França;SE;401;Privada;;;401-500;7.97;251-300;4.07;351-400;2.75;;;401-500;1.15;;;;;;;;;
2023;nutricao;Faculdade Estácio do Amazonas;AM;401;Privada;;;401-500;7.32;251-300;4.04;401-500;1.32;;;401-500;1.96;;;;;;;;;
2023;nutricao;Centro Universitário da Grande Fortaleza;CE;401;Privada;;;351-400;10;173;5.52;301-350;3.08;;;401-500;1.4;;;;;;;;;
2023;nutricao;Faculdade Anhanguera do Maranhão;MA;401;Privada;;;401-500;8.56;201-250;4.78;401-500;1.61;;;351-400;2.17;;;;;;;;;
2023;nutricao;Faculdade Anhanguera de São Luiz;MA;401;Privada;;;351-400;9.24;301-350;3.22;401-500;1.61;;;201-250;4.41;;;;;;;;;
2023;nutricao;Centro Universitário Presidente Tancredo de Almeida Neves;MG;401;Privada;;;401-500;7.23;251-300;3.9;401-500;1.18;;;351-400;2.15;;;;;;;;;
2023;nutricao;Centro Universitário Paraíso;CE;401;Privada;;;401-500;8.06;351-400;2.73;301-350;3.08;;;351-400;2.25;;;;;;;;;
2023;nutricao;Faculdade Ideal Wyden;PA;401;Privada;;;351-400;9.72;1;8;401-500;1.31;;;501-600;0.41;;;;;;;;;
2023;nutricao;Faculdade Dinâmica do Vale do Piranga;MG;401;Privada;;;401-500;7.16;251-300;4.33;401-500;1.18;;;401-500;1.65;;;;;;;;;
2023;nutricao;Centro Universitário Estácio de Ribeirão Preto;SP;401;Privada;;;351-400;9.13;49;7.31;501-600;0.6;;;401-500;1.22;;;;;;;;;
2023;nutricao;Faculdade Regional de Riachão do Jacuípe;BA;401;Privada;;;301-350;10.8;501-600;0.61;401-500;2.19;;;1;8;;;;;;;;;
2023;nutricao;Faculdade de Integração do Sertão;PE;401;Privada;;;401-500;8.15;401-500;1.69;351-400;2.5;;;251-300;3.96;;;;;;;;;
2023;nutricao;Faculdade Estácio do Rio Grande do Norte;RN;401;Privada;;;351-400;9.85;301-350;3.47;351-400;2.61;;;251-300;3.77;;;;;;;;;
2023;nutricao;Universidade Vale do Rio Doce;MG;401;Privada;;;401-500;8.99;401-500;1.27;121;6.28;;;401-500;1.44;;;;;;;;;
2023;nutricao;Faculdade Anhanguera de Itabuna;BA;401;Privada;;;301-350;10.51;201-250;4.71;401-500;2.19;;;251-300;3.61;;;;;;;;;
2023;nutricao;Universidade Santo Amaro;SP;401;Privada;;;301-350;10.78;401-500;2.18;501-600;0.6;;;1;8;;;;;;;;;
2023;nutricao;Centro Universitário Opet;PR;401;Privada;;;351-400;9.31;401-500;1.47;251-300;4.07;;;251-300;3.77;;;;;;;;;
2023;nutricao;Faculdade Anhanguera de Sorriso;MT;401;Privada;;;401-500;8.22;401-500;2.17;401-500;1.76;;;251-300;4.29;;;;;;;;;
2023;nutricao;Faculdade Anhanguera de Rondonópolis;MT;401;Privada;;;401-500;6.97;351-400;2.4;401-500;1.76;;;351-400;2.81;;;;;;;;;
2023;nutricao;Faculdade de Ciências Humanas e Exatas do Sertão do São Francisco;PE;401;Privada;;;301-350;10.57;501-600;0.07;351-400;2.5;;;1;8;;;;;;;;;
2023;nutricao;Centro Universitário Maurício de Nassau Teresina Sul;PI;401;Privada;;;351-400;9.4;401-500;2.05;251-300;3.87;;;301-350;3.48;;;;;;;;;
2023;nutricao;Faculdades Integradas Einstein de Limeira;SP;401;Privada;;;401-500;7.84;301-350;3.47;501-600;0.6;;;251-300;3.77;;;;;;;;;
2023;nutricao;Faculdade Anhanguera de Valparaíso;GO;401;Privada;;;301-350;10.85;145;5.92;401-500;0.88;;;251-300;4.05;;;;;;;;;
2023;nutricao;Faculdade de Ensino Superior do Interior Paulista;SP;401;Privada;;;351-400;9.74;401-500;1.14;501-600;0.6;;;1;8;;;;;;;;;
2023;nutricao;Faculdade Inova Mais de São Paulo;SP;401;Privada;;;351-400;9.74;401-500;1.14;501-600;0.6;;;1;8;;;;;;;;;
2023;nutricao;Centro Universitário da Região da Campanha;RS;401;Privada;;;401-500;7.26;351-400;2.4;251-300;3.86;;;401-500;1;;;;;;;;;
2023;nutricao;Centro Universitário das Faculdades Integradas de Ourinhos;SP;401;Privada;;;401-500;7.28;185;5.34;501-600;0.6;;;401-500;1.34;;;;;;;;;
2023;nutricao;Centro Universitário do Distrito Federal;DF;401;Privada;;;351-400;9.24;401-500;1.34;251-300;3.79;;;251-300;4.11;;;;;;;;;
2023;nutricao;Centro Universitário Maurício de Nassau de São Luís;MA;401;Privada;;;301-350;10.41;251-300;4.23;401-500;1.89;;;251-300;4.29;;;;;;;;;
2023;nutricao;Centro Universitário Estácio da Amazônia;RR;401;Privada;;;401-500;7.06;185;5.34;501-600;0.07;;;401-500;1.65;;;;;;;;;
2023;nutricao;Faculdade Batista Brasileira;BA;501;Privada;;;501-600;2.64;501-600;0.45;401-500;2.19;;;;;;;;;;;;;
2023;nutricao;Faculdade Única de Ipatinga;MG;501;Privada;;;401-500;5.92;501-600;0.69;401-500;1.18;;;251-300;4.05;;;;;;;;;
2023;nutricao;Conservatório Brasileiro de Música;RJ;501;Privada;;;501-600;5.54;301-350;3.09;401-500;1.39;;;401-500;1.06;;;;;;;;;
2023;nutricao;Universidade Brasil;SP;501;Privada;;;501-600;2.74;401-500;1.14;501-600;0.6;;;401-500;1;;;;;;;;;
2023;nutricao;Centro Universitário do Sudeste Mineiro;MG;501;Privada;;;501-600;2.87;501-600;0.29;401-500;1.18;;;401-500;1.4;;;;;;;;;
2023;nutricao;Escola de Ensino Superior do Agreste Paraibano;PB;501;Privada;;;501-600;4.95;401-500;1.14;401-500;1.66;;;351-400;2.15;;;;;;;;;
2023;nutricao;Centro Universitário Campo Limpo Paulista;SP;501;Privada;;;501-600;4.01;501-600;0.43;501-600;0.6;;;301-350;2.98;;;;;;;;;
2023;nutricao;Unama Faculdade da Amazônia de Boa Vista;RR;501;Privada;;;401-500;6.24;351-400;2.4;501-600;0.07;;;251-300;3.77;;;;;;;;;
2023;nutricao;Faculdade Presidente Antônio Carlos de Teófilo Otoni;MG;501;Privada;;;501-600;2.17;501-600;0.19;401-500;1.36;;;501-600;0.62;;;;;;;;;
2023;nutricao;Faculdade de Taquaritinga;SP;501;Privada;;;501-600;2.57;401-500;1.47;501-600;0.6;;;501-600;0.5;;;;;;;;;
2023;nutricao;Instituto de Serra Dourada;SP;501;Privada;;;501-600;1.51;501-600;0.29;501-600;0.6;;;501-600;0.62;;;;;;;;;
2023;nutricao;Faculdade São Francisco do Ceará;CE;501;Privada;;;501-600;5.22;401-500;1.14;301-350;3.08;;;401-500;1;;;;;;;;;
2023;nutricao;Faculdades Integradas Espírita;PR;501;Privada;;;501-600;5.59;501-600;0.36;194;5.23;;;;;;;;;;;;;
2023;nutricao;Faculdade de Tecnologia em Hotelaria, Gastronomia e Turismo de São Paulo;SP;501;Privada;;;401-500;6.54;401-500;1.47;351-400;2.67;;;351-400;2.4;;;;;;;;;
2023;nutricao;Centro Universitário Cnec de Bento Gonçalves;RS;501;Privada;;;401-500;6.49;401-500;1.14;186;5.35;;;;;;;;;;;;;
2023;nutricao;Faculdade Anhanguera de Imperatriz;MA;501;Privada;;;501-600;1.61;;;401-500;1.61;;;;;;;;;;;;;
2023;nutricao;Faculdades Integradas do Ceará;CE;501;Privada;;;501-600;3.16;501-600;0.01;301-350;3.08;;;501-600;0.07;;;;;;;;;
2023;nutricao;Centro Universitário São Lucas Ji-paraná;RO;501;Privada;;;501-600;4.23;;;251-300;4.23;;;;;;;;;;;;;
2023;nutricao;Centro Universitário Estácio Meta de Rio Branco Estácio;AC;501;Privada;;;501-600;2.44;501-600;0.61;401-500;1.33;;;501-600;0.5;;;;;;;;;
2023;nutricao;Centro Universitário Fanor Wyden;CE;501;Privada;;;401-500;6.55;351-400;2.56;301-350;3.31;;;401-500;0.68;;;;;;;;;
2023;nutricao;Centro Universitário Maurício de Nassau de Paranáiba;PI;501;Privada;;;401-500;6.47;401-500;2.17;401-500;2.25;;;401-500;2.05;;;;;;;;;
2023;nutricao;Faculdades Integradas dos Campos Gerais;PR;501;Privada;;;501-600;5.41;501-600;0.12;201-250;4.88;;;501-600;0.41;;;;;;;;;
2023;nutricao;Faculdade Santa Rita de Cássia;GO;501;Privada;;;501-600;3.41;351-400;2.4;401-500;0.88;;;501-600;0.13;;;;;;;;;
2023;nutricao;Instituto Macapaense de Ensino Superior;AP;501;Privada;;;501-600;2.45;501-600;0.26;401-500;1.78;;;501-600;0.41;;;;;;;;;
2023;nutricao;Centro Universitário do Vale do Araguaia;MT;501;Privada;;;501-600;5.43;501-600;0.74;351-400;2.64;;;401-500;2.05;;;;;;;;;
2023;nutricao;Faculdade Adventista da Bahia;BA;501;Privada;;;401-500;5.8;401-500;2.17;401-500;2.19;;;401-500;1.44;;;;;;;;;
2023;nutricao;Centro Universitário Tabosa de Almeida;PE;501;Privada;;;401-500;6.53;401-500;1.39;351-400;2.5;;;351-400;2.64;;;;;;;;;
2023;nutricao;Faculdade Frassinetti do Recife;PE;501;Privada;;;501-600;5.61;401-500;1.62;351-400;2.5;;;401-500;1.49;;;;;;;;;
2023;nutricao;Faculdade da Cidade de Maceió;AL;501;Privada;;;501-600;1.09;501-600;0.42;501-600;0.67;;;;;;;;;;;;;
2023;nutricao;Faculdade Presidente Antônio Carlos de Uberlândia;MG;501;Privada;;;501-600;4.08;401-500;1.49;401-500;1.18;;;401-500;1.41;;;;;;;;;
2023;nutricao;Faculdade Estácio do Pantanal;MT;501;Privada;;;401-500;6.56;351-400;2.4;401-500;1.76;;;351-400;2.4;;;;;;;;;
2023;nutricao;Faculdade para o Desenvolvimento Sustentável da Amazônia;PA;501;Privada;;;501-600;4.37;301-350;3.06;401-500;1.31;;;;;;;;;;;;;
2023;nutricao;Centro Universitário Brasília do Estado de Goiás;GO;501;Privada;;;501-600;4.92;501-600;0.56;401-500;0.88;;;301-350;3.48;;;;;;;;;
2023;nutricao;Faculdade Sogipa de Educação Física;RS;501;Privada;;;401-500;5.85;401-500;1.17;301-350;3.53;;;401-500;1.15;;;;;;;;;
2023;nutricao;Faculdade de Ciências da Saúde Archimedes Theodoro;MG;501;Privada;;;501-600;3.88;501-600;0.07;251-300;3.81;;;;;;;;;;;;;
2023;nutricao;Faculdade Uninassau Olinda;PE;501;Privada;;;401-500;5.92;401-500;1.86;351-400;2.5;;;401-500;1.56;;;;;;;;;
2023;nutricao;Instituto Salvador de Ensino e Cultura;BA;501;Privada;;;501-600;5.66;301-350;3.06;401-500;2.19;;;501-600;0.41;;;;;;;;;
2023;nutricao;Universidade Alto Vale do Rio do Peixe;SC;501;Privada;;;401-500;6.49;401-500;0.84;301-350;3.69;;;401-500;1.96;;;;;;;;;
2023;nutricao;Faculdade Estácio de Pimenta Bueno;RO;501;Privada;;;501-600;4.59;501-600;0.36;251-300;4.23;;;;;;;;;;;;;
2023;nutricao;Centro Universitário Estácio de Goiás;GO;501;Privada;;;501-600;5.13;351-400;2.69;401-500;0.88;;;401-500;1.56;;;;;;;;;
2023;nutricao;Faculdades Integradas de Fernandópolis;SP;501;Privada;;;401-500;6.54;401-500;1.6;401-500;1.92;;;301-350;3.02;;;;;;;;;
2023;nutricao;Faculdade de Ciências e Letras de Bragança Paulista;SP;501;Municipal;;;501-600;4.6;501-600;0.71;251-300;3.83;;;501-600;0.06;;;;;;;;;
2023;nutricao;Centro Universitário de Araras;SP;501;Privada;;;501-600;4.02;401-500;1.86;501-600;0.6;;;401-500;1.56;;;;;;;;;
2023;nutricao;Faculdade de Mauá;SP;501;Privada;;;501-600;2.91;501-600;0.26;401-500;2.24;;;501-600;0.41;;;;;;;;;
2023;nutricao;Faculdade Uninassau Arapiraca;AL;501;Privada;;;501-600;5.59;401-500;1.75;501-600;0.67;;;301-350;3.17;;;;;;;;;
2023;nutricao;Centro Universitário Cambury;GO;501;Privada;;;501-600;1.02;501-600;0.14;401-500;0.88;;;;;;;;;;;;;
2023;nutricao;Centro Universitário Tiradentes de Pernambuco;PE;501;Privada;;;401-500;6.29;301-350;3.35;351-400;2.5;;;501-600;0.44;;;;;;;;;
2023;nutricao;Centro Universitário Sudoeste Paulista;SP;501;Privada;;;501-600;5.69;351-400;2.63;501-600;0.6;;;351-400;2.46;;;;;;;;;
2023;nutricao;Faculdade Gran Tietê;SP;501;Privada;;;501-600;3.31;501-600;0.56;501-600;0.6;;;351-400;2.15;;;;;;;;;
2023;nutricao;Faculdade Master de Parauapebas;PA;501;Privada;;;501-600;1.97;501-600;0.04;401-500;1.31;;;501-600;0.62;;;;;;;;;
2023;nutricao;Centro Universitário Academia;MG;501;Privada;;;501-600;5.54;251-300;3.74;401-500;1.18;;;501-600;0.62;;;;;;;;;
2023;nutricao;Centro Universitário de Excelência Eniac;SP;501;Privada;;;501-600;5.4;351-400;2.4;501-600;0.6;;;351-400;2.4;;;;;;;;;
2023;nutricao;Centro Universitário Fundação de Ensino Octávio Bastos;SP;501;Privada;;;501-600;1.3;501-600;0.2;501-600;0.6;;;501-600;0.5;;;;;;;;;
2023;nutricao;Faculdade Bezerra de Araújo;RJ;501;Privada;;;501-600;4.41;401-500;1.29;301-350;3.08;;;501-600;0.04;;;;;;;;;
2023;nutricao;Centro Universitário Governador Ozanam Coelho;MG;501;Privada;;;501-600;5.54;351-400;2.4;401-500;1.18;;;401-500;1.96;;;;;;;;;
2023;nutricao;Faculdades Aggeu Magalhães;PE;501;Privada;;;501-600;3.01;501-600;0.51;351-400;2.5;;;;;;;;;;;;;
2023;nutricao;Faculdade Anhanguera de Primavera do Leste;MT;501;Privada;;;401-500;6.6;401-500;1.88;401-500;1.76;;;301-350;2.96;;;;;;;;;
2023;nutricao;Centro Universitário Uninovo;PE;501;Privada;;;501-600;4.77;401-500;1.91;351-400;2.84;;;501-600;0.02;;;;;;;;;
2024;nutricao;Universidade de São Paulo;SP;1;Estadual;1;36;1;63.64;;;20;7.74;;;1;8;;;8;7.9;1;40;;;
2024;nutricao;Universidade Federal de Minas Gerais;MG;2;Federal;3;35.74;2;63.08;;;1;8;;;1;8;;;12;7.85;2;39.23;;;
2024;nutricao;Universidade Estadual de Campinas;SP;3;Estadual;3;35.74;3;62.78;;;20;7.74;;;1;8;;;15;7.81;2;39.23;;;
2024;nutricao;Universidade Federal do Rio de Janeiro;RJ;4;Federal;6;35.36;4;62.38;;;28;7.63;;;1;8;;;36;7.52;2;39.23;;;
2024;nutricao;Universidade Estadual Paulista Júlio de Mesquita Filho;SP;5;Estadual;14;34.33;5;60.77;;;12;7.85;;;1;8;;;1;8;5;36.92;;;
2024;nutricao;Universidade Federal de Santa Catarina;SC;6;Federal;14;34.33;6;60.76;;;4;7.96;;;1;8;;;10;7.88;5;36.92;;;
2024;nutricao;Universidade Federal de São Paulo;SP;7;Federal;14;34.33;7;60.61;;;18;7.77;;;1;8;;;7;7.92;5;36.92;;;
2024;nutricao;Universidade Federal de Viçosa;MG;8;Federal;14;34.33;8;60.53;;;6;7.93;;;1;8;;;24;7.68;5;36.92;;;
2024;nutricao;Universidade Federal do Rio Grande do Sul;RS;9;Federal;14;34.33;9;60.44;;;14;7.82;;;1;8;;;23;7.7;5;36.92;;;
2024;nutricao;Universidade do Estado do Rio de Janeiro;RJ;10;Estadual;6;35.36;10;57.12;;;31;7.59;;;201-250;5.08;;;35;7.53;5;36.92;;;
2024;nutricao;Universidade de Brasília;DF;11;Federal;6;35.36;13;55.77;;;2;7.99;;;1;8;;;39;7.47;11;32.31;;;
2024;nutricao;Universidade Federal da Bahia;BA;12;Federal;3;35.74;15;55.34;;;10;7.88;;;1;8;;;62;7.15;11;32.31;;;
2024;nutricao;Universidade Federal de Pernambuco;PE;13;Federal;6;35.36;14;55.49;;;24;7.68;;;1;8;;;37;7.5;11;32.31;;;
2024;nutricao;Universidade Federal Fluminense;RJ;14;Federal;14;34.33;11;55.88;;;7;7.92;;;1;8;;;26;7.65;11;32.31;;;
2024;nutricao;Universidade Federal da Paraíba;PB;15;Federal;14;34.33;16;55.21;;;53;7.29;;;1;8;;;29;7.61;11;32.31;;;
2024;nutricao;Universidade Federal do Paraná;PR;16;Federal;14;34.33;17;53.1;;;27;7.64;;;180;5.51;;;27;7.64;11;32.31;;;
2024;nutricao;Universidade Federal de Goiás;GO;17;Federal;6;35.36;19;49.68;;;8;7.9;;;1;8;;;28;7.63;19;26.15;;;
2024;nutricao;Universidade Federal do Rio Grande do Norte;RN;18;Federal;14;34.33;24;48.85;;;13;7.84;;;1;8;;;83;6.86;19;26.15;;;
2024;nutricao;Universidade de Pernambuco;PE;19;Estadual;14;34.33;26;48.55;;;100;6.64;;;1;8;;;18;7.76;19;26.15;;;
2024;nutricao;Centro Universitário São Camilo;SP;20;Privada;14;34.33;30;47.19;;;58;7.22;;;301-350;3.31;;;251-300;4.35;11;32.31;;;
2024;nutricao;Universidade Federal de Juiz de Fora;MG;21;Federal;40;30.99;21;49.21;;;25;7.67;;;1;8;;;45;7.39;19;26.15;;;
2024;nutricao;Universidade Federal de Uberlândia;MG;22;Federal;40;30.99;22;49.11;;;33;7.56;;;1;8;;;44;7.4;19;26.15;;;
2024;nutricao;Universidade Federal do Triângulo Mineiro;MG;23;Federal;40;30.99;23;49.02;;;73;7.01;;;1;8;;;11;7.86;19;26.15;;;
2024;nutricao;Universidade Estadual do Ceará;CE;24;Estadual;40;30.99;25;48.57;;;16;7.79;;;1;8;;;100;6.63;19;26.15;;;
2024;nutricao;Universidade São Judas Tadeu;SP;25;Privada;40;30.99;27;47.56;;;116;6.42;;;1;8;;;74;6.99;19;26.15;;;
2024;nutricao;Pontifícia Universidade Católica do Rio Grande do Sul;RS;26;Privada;14;34.33;35;44.12;;;122;6.34;;;251-300;4.31;;;50;7.32;19;26.15;;;
2024;nutricao;Universidade Federal de Pelotas;RS;27;Federal;40;30.99;29;47.22;;;71;7.04;;;1;8;;;143;6.03;19;26.15;;;
2024;nutricao;Universidade Federal do Estado do Rio de Janeiro;RJ;28;Federal;110;21.99;12;55.86;;;5;7.95;;;1;8;;;30;7.6;11;32.31;;;
2024;nutricao;Universidade Paulista;SP;29;Privada;1;36;38;41.57;;;70;7.05;;;251-300;3.97;;;251-300;4.4;19;26.15;;;
2024;nutricao;Universidade do Vale do Rio dos Sinos;RS;30;Privada;40;30.99;31;45.65;;;65;7.12;;;199;5.25;;;64;7.13;19;26.15;;;
2024;nutricao;Centro Universitário Una;MG;31;Privada;40;30.99;32;45.22;;;83;6.87;;;201-250;5.14;;;69;7.06;19;26.15;;;
2024;nutricao;Universidade do Oeste Paulista;SP;32;Privada;40;30.99;34;44.33;;;46;7.38;;;201-250;4.96;;;157;5.84;19;26.15;;;
2024;nutricao;Pontifícia Universidade Católica de Campinas;SP;33;Privada;14;34.33;40;40.77;;;103;6.6;;;501-600;0.67;;;48;7.35;19;26.15;;;
2024;nutricao;Universidade Presbiteriana Mackenzie;SP;34;Privada;40;30.99;36;43.98;;;91;6.76;;;251-300;4.1;;;75;6.97;19;26.15;;;
2024;nutricao;Universidade Estácio de Sá;RJ;35;Privada;6;35.36;44;38.9;;;201-250;4.74;;;401-500;1.26;;;91;6.75;19;26.15;;;
2024;nutricao;Universidade Regional do Noroeste do Estado do Rio Grande do Sul;RS;36;Privada;40;30.99;37;42.39;;;98;6.67;;;301-350;3.72;;;156;5.85;19;26.15;;;
2024;nutricao;Centro Universitário Maurício de Nassau;PE;37;Privada;14;34.33;46;37.92;;;251-300;4.47;;;301-350;3.21;;;251-300;4.09;19;26.15;;;
2024;nutricao;Universidade Tuiuti do Paraná;PR;38;Privada;40;30.99;39;41.14;;;124;6.31;;;301-350;3.65;;;201-250;5.03;19;26.15;;;
2024;nutricao;Universidade Federal de Ouro Preto;MG;39;Federal;110;21.99;18;49.71;;;17;7.78;;;1;8;;;17;7.78;19;26.15;;;
2024;nutricao;Universidade Federal de Alfenas;MG;40;Federal;110;21.99;20;49.41;;;42;7.44;;;1;8;;;14;7.82;19;26.15;;;
2024;nutricao;Universidade Potiguar;RN;41;Privada;14;34.33;50;36.67;;;301-350;3.6;;;351-400;2.9;;;251-300;4.02;19;26.15;;;
2024;nutricao;Universidade Anhembi Morumbi;SP;42;Privada;40;30.99;42;39.88;;;130;6.23;;;401-500;2.15;;;192;5.35;19;26.15;;;
2024;nutricao;Centro Universitário de Brasília;DF;43;Privada;14;34.33;51;36.41;;;120;6.36;;;401-500;1.24;;;351-400;2.66;19;26.15;;;
2024;nutricao;Universidade de Mogi das Cruzes;SP;44;Privada;40;30.99;43;39.34;;;144;6.03;;;301-350;3.75;;;301-350;3.41;19;26.15;;;
2024;nutricao;Universidade Nove de Julho;SP;45;Privada;40;30.99;48;37.86;;;351-400;2.64;;;351-400;2.54;;;107;6.53;19;26.15;;;
2024;nutricao;Universidade Cruzeiro do Sul;SP;46;Privada;40;30.99;49;36.7;;;160;5.81;;;401-500;1.08;;;301-350;3.66;19;26.15;;;
2024;nutricao;Centro Universitário Uninovafapi;PI;47;Privada;110;21.99;41;39.95;;;178;5.57;;;201-250;5.04;;;301-350;3.19;19;26.15;;;
2024;nutricao;Centro Universitário Ritter dos Reis;RS;48;Privada;110;21.99;45;38.21;;;74;7;;;351-400;2.69;;;401-500;2.37;19;26.15;;;
2024;nutricao;Centro Universitário Senac;SP;49;Privada;110;21.99;47;37.89;;;90;6.78;;;401-500;1.69;;;301-350;3.27;19;26.15;;;
2024;nutricao;Universidade Federal do Pará;PA;50;Federal;14;34.33;58;22.89;;;40;7.46;;;1;8;;;42;7.43;;;;;
2024;nutricao;Universidade do Estado da Bahia;BA;51;Estadual;6;35.36;66;21.81;;;38;7.49;;;1;8;;;122;6.32;;;;;
2024;nutricao;Universidade Federal de Sergipe;SE;52;Federal;14;34.33;60;22.73;;;29;7.62;;;1;8;;;65;7.11;;;;;
2024;nutricao;Universidade Cidade de São Paulo;SP;53;Privada;110;21.99;52;34.2;;;501-600;0.7;;;351-400;2.79;;;201-250;4.56;19;26.15;;;
2024;nutricao;Universidade Federal de Santa Maria;RS;54;Federal;14;34.33;74;21.07;;;169;5.69;;;1;8;;;46;7.38;;;;;
2024;nutricao;Universidade Federal de Mato Grosso;MT;55;Federal;14;34.33;76;21.01;;;80;6.91;;;1;8;;;138;6.1;;;;;
2024;nutricao;Universidade Federal de Lavras;MG;56;Federal;40;30.99;53;23.64;;;19;7.75;;;1;8;;;9;7.89;;;;;
2024;nutricao;Universidade Federal de Alagoas;AL;57;Federal;40;30.99;55;23.43;;;3;7.97;;;1;8;;;40;7.46;;;;;
2024;nutricao;Universidade Federal do Espírito Santo;ES;58;Federal;40;30.99;56;23.34;;;30;7.6;;;1;8;;;20;7.74;;;;;
2024;nutricao;Universidade Federal do Maranhão;MA;59;Federal;40;30.99;59;22.76;;;26;7.66;;;1;8;;;66;7.1;;;;;
2024;nutricao;Universidade Anhanguera;MS;60;Privada;40;30.99;67;21.59;;;106;6.56;;;1;8;;;71;7.03;;;;;
2024;nutricao;Pontifícia Universidade Católica do Paraná;PR;61;Privada;14;34.33;108;18.21;;;37;7.51;;;251-300;4.46;;;128;6.24;;;;;
2024;nutricao;Universidade Estadual de Londrina;PR;62;Estadual;40;30.99;68;21.43;;;138;6.12;;;1;8;;;51;7.31;;;;;
2024;nutricao;Centro Universitário Facvest;SC;63;Privada;40;30.99;69;21.37;;;44;7.41;;;1;8;;;148;5.96;;;;;
2024;nutricao;Universidade Estadual do Oeste do Paraná;PR;64;Estadual;40;30.99;70;21.31;;;71;7.04;;;1;8;;;126;6.27;;;;;
2024;nutricao;Universidade Federal do Piauí;PI;65;Federal;40;30.99;71;21.22;;;97;6.68;;;1;8;;;106;6.54;;;;;
2024;nutricao;Universidade Federal de Campina Grande;PB;66;Federal;40;30.99;83;19.99;;;172;5.65;;;1;8;;;121;6.34;;;;;
2024;nutricao;Centro Universitário de Várzea Grande;MT;67;Privada;40;30.99;92;19.3;;;201-250;5.1;;;1;8;;;131;6.2;;;;;
2024;nutricao;Universidade Cesumar;PR;68;Privada;40;30.99;96;19.03;;;60;7.19;;;201-250;4.56;;;53;7.28;;;;;
2024;nutricao;Universidade Franciscana;RS;69;Privada;40;30.99;103;18.49;;;77;6.96;;;201-250;4.85;;;96;6.68;;;;;
2024;nutricao;Centro Universitário Redentor;RJ;70;Privada;40;30.99;110;18.13;;;81;6.9;;;1;8;;;301-350;3.23;;;;;
2024;nutricao;Universidade do Grande Rio Professor José de Souza Herdy;RJ;71;Privada;40;30.99;115;17.92;;;182;5.51;;;1;8;;;251-300;4.41;;;;;
2024;nutricao;Pontifícia Universidade Católica de Minas Gerais;MG;72;Privada;6;35.36;201-250;13.52;;;76;6.97;;;401-500;1.17;;;190;5.38;;;;;
2024;nutricao;Universidade de Fortaleza;CE;73;Privada;14;34.33;201-250;13.98;;;79;6.93;;;301-350;3.38;;;301-350;3.67;;;;;
2024;nutricao;Centro Universitário de Belo Horizonte;MG;74;Privada;40;30.99;127;17.25;;;164;5.76;;;251-300;4.29;;;59;7.2;;;;;
2024;nutricao;Universidade de Cuiabá;MT;75;Privada;40;30.99;134;16.89;;;126;6.28;;;190;5.38;;;201-250;5.23;;;;;
2024;nutricao;Universidade Positivo;PR;76;Privada;40;30.99;137;16.77;;;47;7.37;;;301-350;3.69;;;166;5.71;;;;;
2024;nutricao;Fundação Universidade Federal da Grande Dourados;MS;77;Federal;;;28;47.3;;;175;5.61;;;1;8;;;34;7.54;19;26.15;;;
2024;nutricao;Universidade Católica de Brasília;DF;78;Privada;14;34.33;251-300;12.95;;;48;7.35;;;401-500;1.65;;;251-300;3.95;;;;;
2024;nutricao;Centro Universitário Toledo Wyden;SP;79;Privada;40;30.99;172;15.64;;;87;6.82;;;401-500;1.46;;;47;7.36;;;;;
2024;nutricao;Universidade do Vale do Itajaí;SC;80;Privada;40;30.99;176;15.54;;;94;6.72;;;201-250;4.54;;;251-300;4.28;;;;;
2024;nutricao;Universidade de Caxias do Sul;RS;81;Privada;40;30.99;185;15.15;;;151;5.94;;;351-400;3.04;;;133;6.17;;;;;
2024;nutricao;Universidade Católica Dom Bosco;MS;82;Privada;40;30.99;190;15.09;;;164;5.76;;;186;5.43;;;251-300;3.9;;;;;
2024;nutricao;Centro Universitário das Faculdades Metropolitanas Unidas;SP;83;Privada;14;34.33;301-350;11.64;;;183;5.5;;;401-500;1.47;;;201-250;4.67;;;;;
2024;nutricao;Universidade Federal do Amazonas;AM;84;Federal;40;30.99;192;14.81;;;351-400;3;;;1;8;;;301-350;3.81;;;;;
2024;nutricao;Universidade de Marília;SP;85;Privada;40;30.99;193;14.78;;;113;6.46;;;201-250;4.6;;;301-350;3.72;;;;;
2024;nutricao;Fundação Universidade Federal de Ciências da Saúde de Porto Alegre;RS;86;Federal;110;21.99;54;23.6;;;15;7.81;;;1;8;;;16;7.79;;;;;
2024;nutricao;Universidade José do Rosário Velano;MG;87;Privada;40;30.99;201-250;14.35;;;301-350;3.51;;;201-250;5.06;;;161;5.78;;;;;
2024;nutricao;Centro Universitário da Grande Dourados;MS;88;Privada;40;30.99;201-250;14.27;;;63;7.15;;;201-250;5.22;;;401-500;1.9;;;;;
2024;nutricao;Universidade Tiradentes;SE;89;Privada;14;34.33;301-350;10.83;;;201-250;5.17;;;401-500;2.36;;;301-350;3.3;;;;;
2024;nutricao;Centro Universitário Fmabc;SP;90;Privada;;;33;45.12;;;201-250;4.95;;;1;8;;;144;6.02;19;26.15;;;
2024;nutricao;Universidade de Taubaté;SP;91;Municipal;40;30.99;201-250;13.85;;;118;6.39;;;201-250;4.63;;;351-400;2.83;;;;;
2024;nutricao;Centro Universitário de Viçosa;MG;92;Privada;110;21.99;61;22.71;;;64;7.13;;;1;8;;;31;7.58;;;;;
2024;nutricao;Universidade Ceuma;MA;93;Privada;40;30.99;201-250;13.65;;;201-250;4.92;;;201-250;4.97;;;301-350;3.76;;;;;
2024;nutricao;Centro Universitário São Lucas;RO;93;Privada;40;30.99;201-250;13.65;;;69;7.07;;;197;5.28;;;401-500;1.3;;;;;
2024;nutricao;Universidade Federal dos Vales do Jequitinhonha e Mucuri;MG;95;Federal;110;21.99;62;22.46;;;92;6.75;;;1;8;;;22;7.71;;;;;
2024;nutricao;Fundação Universidade Federal do Tocantins;TO;96;Federal;110;21.99;63;22.25;;;77;6.96;;;1;8;;;52;7.29;;;;;
2024;nutricao;Centro Universitário do Estado do Pará;PA;97;Privada;40;30.99;201-250;13.18;;;131;6.21;;;196;5.29;;;401-500;1.68;;;;;
2024;nutricao;Centro Universitário Filadélfia;PR;98;Privada;40;30.99;201-250;13.16;;;61;7.18;;;251-300;4.32;;;401-500;1.66;;;;;
2024;nutricao;Pontifícia Universidade Católica de Goiás;GO;99;Privada;14;34.33;351-400;9.73;;;127;6.27;;;501-600;0.89;;;351-400;2.57;;;;;
2024;nutricao;Universidade de Passo Fundo;RS;100;Privada;40;30.99;251-300;13.05;;;106;6.56;;;401-500;1.72;;;201-250;4.77;;;;;
2024;nutricao;Centro Universitário do Rio Grande do Norte;RN;101;Privada;110;21.99;64;21.97;;;39;7.48;;;1;8;;;110;6.49;;;;;
2024;nutricao;Universidade Católica de Santos;SP;102;Privada;110;21.99;65;21.91;;;133;6.19;;;1;8;;;21;7.72;;;;;
2024;nutricao;Universidade Salvador;BA;103;Privada;40;30.99;251-300;12.88;;;152;5.92;;;351-400;2.51;;;251-300;4.45;;;;;
2024;nutricao;Centro Universitário São Camilo - Espírito Santo;ES;104;Privada;40;30.99;251-300;12.84;;;201-250;4.73;;;251-300;3.96;;;251-300;4.15;;;;;
2024;nutricao;Centro Universitário Assis Gurgacz;PR;105;Privada;40;30.99;251-300;12.57;;;82;6.89;;;251-300;4.39;;;401-500;1.29;;;;;
2024;nutricao;Universidade de Franca;SP;106;Privada;40;30.99;251-300;12.41;;;301-350;3.62;;;251-300;4.28;;;251-300;4.51;;;;;
2024;nutricao;Centro Universitário Favip Wyden;PE;107;Privada;40;30.99;251-300;12.36;;;201-250;5.09;;;401-500;2.13;;;201-250;5.14;;;;;
2024;nutricao;Universidade Veiga de Almeida;RJ;108;Privada;40;30.99;251-300;12.34;;;171;5.66;;;501-600;0.94;;;164;5.74;;;;;
2024;nutricao;Fundação Universidade Federal do Pampa;RS;109;Federal;110;21.99;72;21.2;;;181;5.53;;;1;8;;;25;7.67;;;;;
2024;nutricao;Universidade Federal do Recôncavo da Bahia;BA;109;Federal;110;21.99;72;21.2;;;59;7.2;;;1;8;;;145;6;;;;;
2024;nutricao;Universidade Estadual do Centro Oeste;PR;111;Estadual;110;21.99;75;21.05;;;138;6.12;;;1;8;;;78;6.93;;;;;
2024;nutricao;Universidade Federal de Mato Grosso do Sul;MS;112;Federal;110;21.99;77;20.93;;;32;7.57;;;179;5.53;;;13;7.83;;;;;
2024;nutricao;Universidade do Estado de Minas Gerais;MG;113;Estadual;110;21.99;78;20.89;;;62;7.16;;;1;8;;;165;5.73;;;;;
2024;nutricao;Universidade Regional Integrada do Alto Uruguai e das Missões;RS;114;Privada;40;30.99;251-300;11.84;;;163;5.77;;;501-600;0.57;;;181;5.5;;;;;
2024;nutricao;Centro Universitário Santa Rita;MG;115;Privada;110;21.99;79;20.65;;;146;6.01;;;1;8;;;99;6.64;;;;;
2024;nutricao;Universidade Católica do Salvador;BA;116;Privada;40;30.99;301-350;11.64;;;134;6.17;;;301-350;3.17;;;401-500;2.3;;;;;
2024;nutricao;Universidade da Amazônia;PA;117;Privada;40;30.99;301-350;10.85;;;201-250;5.05;;;301-350;3.4;;;401-500;2.4;;;;;
2024;nutricao;Centro Universitário Nobre de Feira de Santana;BA;118;Privada;110;21.99;85;19.84;;;66;7.11;;;1;8;;;201-250;4.73;;;;;
2024;nutricao;Centro Universitário de Volta Redonda;RJ;119;Privada;110;21.99;87;19.69;;;201-250;4.98;;;1;8;;;94;6.71;;;;;
2024;nutricao;Centro Universitário Católico Salesiano Auxilium;SP;120;Privada;40;30.99;301-350;10.47;;;251-300;4.56;;;251-300;4.11;;;401-500;1.8;;;;;
2024;nutricao;Centro Universitário da Vitória de Santo Antão;PE;121;Privada;110;21.99;93;19.19;;;201-250;4.91;;;1;8;;;125;6.28;;;;;
2024;nutricao;Centro Universitário Jorge Amado;BA;122;Privada;40;30.99;351-400;10.16;;;199;5.28;;;501-600;0.69;;;251-300;4.19;;;;;
2024;nutricao;Universidade do Vale do Taquari;RS;123;Privada;110;21.99;94;19.08;;;75;6.98;;;188;5.4;;;95;6.7;;;;;
2024;nutricao;Centro Universitário Estácio de Sergipe;SE;124;Privada;40;30.99;351-400;10.06;;;351-400;2.96;;;401-500;1.53;;;176;5.57;;;;;
2024;nutricao;Centro Universitário Santo Agostinho;PI;125;Privada;40;30.99;351-400;9.97;;;301-350;3.56;;;351-400;2.89;;;301-350;3.52;;;;;
2024;nutricao;Universidade Federal do Acre;AC;126;Federal;110;21.99;98;18.77;;;88;6.8;;;1;8;;;251-300;3.97;;;;;
2024;nutricao;Universidade La Salle;RS;127;Privada;110;21.99;99;18.74;;;301-350;3.74;;;1;8;;;73;7;;;;;
2024;nutricao;Faculdade Anhanguera de Belo Horizonte;MG;128;Privada;110;21.99;100;18.73;;;51;7.31;;;201-250;4.86;;;105;6.56;;;;;
2024;nutricao;Universidade Católica de Pernambuco;PE;129;Privada;40;30.99;351-400;9.65;;;351-400;2.56;;;501-600;0.25;;;85;6.84;;;;;
2024;nutricao;Universidade de Ribeirão Preto;SP;130;Privada;110;21.99;102;18.51;;;49;7.34;;;251-300;4.08;;;67;7.09;;;;;
2024;nutricao;Centro Universitário Maria Milza;BA;131;Privada;110;21.99;106;18.36;;;22;7.71;;;1;8;;;351-400;2.65;;;;;
2024;nutricao;Centro Universitário Cesmac;AL;132;Privada;40;30.99;351-400;9.24;;;108;6.53;;;401-500;1.13;;;401-500;1.58;;;;;
2024;nutricao;Centro Universitário União das Américas Descomplica;PR;133;Privada;110;21.99;109;18.18;;;129;6.24;;;1;8;;;251-300;3.94;;;;;
2024;nutricao;Centro Universitário Arthur Sá Earp Neto;RJ;134;Privada;110;21.99;112;18.01;;;36;7.52;;;201-250;5.18;;;195;5.31;;;;;
2024;nutricao;Centro Universitário Goyazes;GO;135;Privada;110;21.99;116;17.86;;;251-300;4.52;;;1;8;;;193;5.34;;;;;
2024;nutricao;Centro Universitário Campos de Andrade;PR;136;Privada;110;21.99;117;17.8;;;177;5.58;;;1;8;;;251-300;4.22;;;;;
2024;nutricao;Centro Universitário Presidente Antônio Carlos;MG;137;Privada;40;30.99;401-500;8.76;;;201-250;5.16;;;351-400;2.86;;;501-600;0.74;;;;;
2024;nutricao;Universidade Pitágoras Unopar Anhanguera;PR;138;Privada;110;21.99;119;17.65;;;148;5.98;;;201-250;4.71;;;76;6.96;;;;;
2024;nutricao;Centro Universitário Christus;CE;139;Privada;110;21.99;121;17.55;;;301-350;3.3;;;1;8;;;127;6.25;;;;;
2024;nutricao;Centro Universitário Sagrado Coração;SP;140;Privada;110;21.99;122;17.53;;;84;6.86;;;251-300;4.21;;;112;6.46;;;;;
2024;nutricao;Centro Universitário Dinâmica das Cataratas;PR;141;Privada;110;21.99;123;17.52;;;201-250;5;;;1;8;;;251-300;4.52;;;;;
2024;nutricao;Centro Universitário de Excelência;BA;142;Privada;110;21.99;124;17.43;;;351-400;3.07;;;1;8;;;119;6.36;;;;;
2024;nutricao;Centro Universitário Santa Maria;PB;143;Privada;110;21.99;126;17.38;;;154;5.9;;;1;8;;;301-350;3.48;;;;;
2024;nutricao;Faculdade Anhanguera de Guarulhos;SP;144;Privada;110;21.99;129;17.06;;;196;5.32;;;201-250;4.92;;;86;6.82;;;;;
2024;nutricao;Faculdade de Tecnologia e Ciências;BA;145;Privada;110;21.99;130;16.98;;;401-500;2.41;;;1;8;;;104;6.57;;;;;
2024;nutricao;Centro Universitário Euro-americano;DF;146;Privada;110;21.99;131;16.95;;;43;7.42;;;251-300;4.25;;;197;5.28;;;;;
2024;nutricao;Centro Universitário de João Pessoa;PB;147;Privada;40;30.99;401-500;7.86;;;401-500;1.79;;;201-250;5.13;;;501-600;0.94;;;;;
2024;nutricao;Centro Universitário Celso Lisboa;RJ;148;Privada;110;21.99;138;16.72;;;401-500;1.65;;;1;8;;;68;7.07;;;;;
2024;nutricao;Universidade Metodista de São Paulo;SP;149;Privada;110;21.99;139;16.7;;;501-600;0.7;;;1;8;;;1;8;;;;;
2024;nutricao;União das Faculdades dos Grandes Lagos;SP;150;Privada;110;21.99;143;16.61;;;301-350;3.48;;;1;8;;;201-250;5.13;;;;;
2024;nutricao;Centro Universitário Planalto do Distrito Federal;DF;151;Privada;110;21.99;144;16.56;;;157;5.86;;;1;8;;;351-400;2.7;;;;;
2024;nutricao;Centro Universitário Autônomo do Brasil;PR;152;Privada;110;21.99;146;16.49;;;132;6.2;;;251-300;4.49;;;160;5.8;;;;;
2024;nutricao;Centro Universitário Ceuni;AM;153;Privada;40;30.99;401-500;7.3;;;401-500;2.08;;;301-350;3.74;;;401-500;1.48;;;;;
2024;nutricao;Centro Universitário Inta;CE;154;Privada;110;21.99;150;16.24;;;201-250;5.2;;;1;8;;;351-400;3.04;;;;;
2024;nutricao;Faculdade Santa Terezinha;MA;155;Privada;110;21.99;152;16.18;;;251-300;4.3;;;1;8;;;251-300;3.88;;;;;
2024;nutricao;Universidade Feevale;RS;156;Privada;110;21.99;156;16.09;;;105;6.57;;;351-400;3.07;;;113;6.45;;;;;
2024;nutricao;Faculdade Anísio Teixeira de Feira de Santana;BA;157;Privada;110;21.99;159;16.02;;;93;6.74;;;1;8;;;401-500;1.28;;;;;
2024;nutricao;Universidade Metodista de Piracicaba;SP;158;Privada;110;21.99;164;15.9;;;89;6.79;;;351-400;2.61;;;109;6.5;;;;;
2024;nutricao;Universidade Vila Velha;ES;159;Privada;110;21.99;167;15.75;;;34;7.55;;;351-400;2.65;;;178;5.55;;;;;
2024;nutricao;Centro Universitário da Amazônia - UNIESAMAZ;PA;160;Privada;110;21.99;171;15.65;;;351-400;2.57;;;1;8;;;201-250;5.08;;;;;
2024;nutricao;Universidade Anhanguera de São Paulo;SP;161;Privada;110;21.99;183;15.29;;;251-300;4.45;;;201-250;4.79;;;142;6.05;;;;;
2024;nutricao;Centro Universitário Claretiano;SP;162;Privada;110;21.99;187;15.14;;;251-300;4.5;;;183;5.47;;;201-250;5.17;;;;;
2024;nutricao;Faculdade Anhanguera de Campinas;SP;163;Privada;110;21.99;191;14.93;;;501-600;0.7;;;1;8;;;129;6.23;;;;;
2024;nutricao;Centro Universitário de Ensino, Ciência e Tecnologia do Paraná;PR;164;Privada;110;21.99;196;14.63;;;251-300;4.29;;;1;8;;;401-500;2.34;;;;;
2024;nutricao;Centro Universitário Faminas;MG;165;Privada;110;21.99;198;14.59;;;168;5.7;;;351-400;3.01;;;154;5.88;;;;;
2024;nutricao;Faculdade de Minas BH;MG;166;Privada;110;21.99;201-250;14.56;;;68;7.08;;;401-500;1.67;;;159;5.81;;;;;
2024;nutricao;Universidade Salgado de Oliveira;RJ;167;Privada;40;30.99;501-600;5.43;;;351-400;2.71;;;501-600;0.96;;;401-500;1.76;;;;;
2024;nutricao;Faculdade Anhanguera de Brasília;DF;167;Privada;110;21.99;201-250;14.43;;;201-250;4.58;;;201-250;5.07;;;201-250;4.78;;;;;
2024;nutricao;Faculdades Integradas de Três Lagoas;MS;169;Privada;110;21.99;201-250;14.34;;;201-250;5.25;;;201-250;4.72;;;251-300;4.37;;;;;
2024;nutricao;Universidade Paranaense;PR;169;Privada;40;30.99;501-600;5.34;;;251-300;4.29;;;501-600;0.36;;;501-600;0.69;;;;;
2024;nutricao;Universidade do Vale do Paraíba;SP;171;Privada;110;21.99;201-250;14.27;;;55;7.26;;;501-600;0.58;;;114;6.43;;;;;
2024;nutricao;Universidade Regional de Blumenau;SC;172;Municipal;110;21.99;201-250;14.26;;;85;6.85;;;401-500;1.79;;;173;5.62;;;;;
2024;nutricao;Centro Universitário Anhanguera Pitágoras Unopar de Niterói;RJ;173;Privada;110;21.99;201-250;14.22;;;251-300;4.06;;;201-250;4.74;;;187;5.42;;;;;
2024;nutricao;Centro Universitário Piaget;SP;174;Privada;110;21.99;201-250;14.2;;;201-250;4.77;;;1;8;;;401-500;1.43;;;;;
2024;nutricao;Centro Universitário de Patos de Minas;MG;175;Privada;110;21.99;201-250;14.15;;;158;5.84;;;251-300;4;;;251-300;4.31;;;;;
2024;nutricao;Centro Universitário da Serra Gaúcha;RS;176;Privada;110;21.99;201-250;13.88;;;104;6.58;;;401-500;1.6;;;167;5.7;;;;;
2024;nutricao;Universidade Nilton Lins;AM;177;Privada;40;30.99;501-600;4.82;;;501-600;0.08;;;251-300;4.38;;;501-600;0.36;;;;;
2024;nutricao;Universidade do Sul de Santa Catarina;SC;178;Privada;110;21.99;201-250;13.7;;;52;7.3;;;301-350;3.24;;;301-350;3.16;;;;;
2024;nutricao;Centro Universitário Metodista;RS;179;Privada;110;21.99;201-250;13.64;;;187;5.44;;;301-350;3.29;;;201-250;4.91;;;;;
2024;nutricao;Universidade do Oeste de Santa Catarina;SC;180;Privada;110;21.99;201-250;13.56;;;190;5.4;;;201-250;4.69;;;301-350;3.47;;;;;
2024;nutricao;Centro Universitário Adventista de São Paulo;SP;181;Privada;110;21.99;201-250;13.49;;;175;5.61;;;301-350;3.76;;;251-300;4.12;;;;;
2024;nutricao;Centro Universitário Unime;BA;182;Privada;110;21.99;201-250;13.48;;;301-350;3.33;;;182;5.49;;;201-250;4.66;;;;;
2024;nutricao;Centro Universitário Geraldo Di Biase;RJ;183;Privada;110;21.99;201-250;13.46;;;401-500;1.65;;;201-250;5.22;;;103;6.59;;;;;
2024;nutricao;Faculdade Três Marias;PB;184;Privada;110;21.99;201-250;13.3;;;401-500;1.79;;;1;8;;;301-350;3.51;;;;;
2024;nutricao;Universidade de Santa Cruz do Sul;RS;185;Privada;110;21.99;201-250;13.24;;;201-250;4.8;;;401-500;2.38;;;141;6.06;;;;;
2024;nutricao;Centro Universitário de Adamantina;SP;186;Municipal;110;21.99;201-250;13.2;;;198;5.29;;;301-350;3.42;;;251-300;4.49;;;;;
2024;nutricao;Centro Universitário Ibmr;RJ;187;Privada;110;21.99;251-300;13.15;;;117;6.41;;;401-500;1.76;;;201-250;4.98;;;;;
2024;nutricao;Centro Universitário de Rio Preto;SP;188;Privada;110;21.99;251-300;13.1;;;194;5.35;;;401-500;2.29;;;184;5.46;;;;;
2024;nutricao;Universidade de Sorocaba;SP;189;Privada;110;21.99;251-300;12.99;;;128;6.25;;;501-600;0.32;;;115;6.42;;;;;
2024;nutricao;Centro Universitário Aparício Carvalho;RO;190;Privada;110;21.99;251-300;12.94;;;251-300;4.44;;;1;8;;;501-600;0.5;;;;;
2024;nutricao;Centro Universitário Maurício de Nassau de Fortaleza;CE;191;Privada;110;21.99;251-300;12.67;;;251-300;4.48;;;301-350;3.81;;;251-300;4.38;;;;;
2024;nutricao;Centro Universitário de Excelência de Vitória da Conquista;BA;192;Privada;110;21.99;251-300;12.62;;;351-400;3.09;;;1;8;;;401-500;1.53;;;;;
2024;nutricao;Centro Universitário Metrocamp Wyden;SP;193;Privada;110;21.99;251-300;12.34;;;201-250;5.11;;;401-500;2.24;;;201-250;4.99;;;;;
2024;nutricao;Faculdade de Americana;SP;194;Privada;110;21.99;251-300;12.23;;;99;6.65;;;501-600;0.28;;;196;5.3;;;;;
2024;nutricao;Faculdade Pernambucana de Saúde;PE;195;Privada;110;21.99;251-300;12.21;;;111;6.49;;;251-300;4.4;;;401-500;1.32;;;;;
2024;nutricao;Centro Universitário Central Paulista;SP;196;Privada;110;21.99;251-300;12.12;;;201-250;4.76;;;401-500;2.4;;;201-250;4.96;;;;;
2024;nutricao;Universidade do Vale do Sapucaí;MG;197;Privada;40;30.99;501-600;3.11;;;401-500;1.29;;;501-600;1.06;;;501-600;0.76;;;;;
2024;nutricao;Faculdade de Ensino Superior de Floriano;PI;198;Privada;110;21.99;251-300;12.06;;;401-500;2.06;;;1;8;;;401-500;2;;;;;
2024;nutricao;Instituto Superior e Centro Educacional Luterano;SC;199;Privada;110;21.99;251-300;11.93;;;201-250;4.94;;;401-500;1.9;;;201-250;5.09;;;;;
2024;nutricao;Centro Universitário Fametro;CE;200;Privada;110;21.99;251-300;11.91;;;201-250;5.2;;;201-250;4.78;;;401-500;1.93;;;;;
2024;nutricao;Faculdade Zacarias de Góes;BA;201;Privada;110;21.99;301-350;11.58;;;401-500;2.41;;;1;8;;;401-500;1.17;;;;;
2024;nutricao;Centro Universitário Salesiano;ES;201;Privada;110;21.99;301-350;11.29;;;147;5.99;;;251-300;4.19;;;401-500;1.11;;;;;
2024;nutricao;Universidade Universus Veritas Guarulhos;SP;201;Privada;110;21.99;301-350;11.36;;;201-250;4.84;;;301-350;3.39;;;351-400;3.13;;;;;
2024;nutricao;Faculdade de São Lourenço;MG;201;Privada;110;21.99;351-400;9.91;;;351-400;3.11;;;251-300;4.04;;;351-400;2.76;;;;;
2024;nutricao;Centro Universitário de Sete Lagoas;MG;201;Privada;110;21.99;351-400;9.96;;;201-250;4.96;;;501-600;0.76;;;251-300;4.24;;;;;
2024;nutricao;Centro Universitário da Região da Campanha;RS;201;Privada;110;21.99;401-500;8.39;;;251-300;4.07;;;401-500;2.35;;;401-500;1.97;;;;;
2024;nutricao;Faculdade de Ensino Superior do Interior Paulista;SP;201;Privada;110;21.99;351-400;10.1;;;501-600;0.7;;;1;8;;;401-500;1.4;;;;;
2024;nutricao;Centro Universitário Vale do Rio Verde;MG;201;Privada;110;21.99;351-400;10.04;;;193;5.36;;;351-400;3.14;;;401-500;1.54;;;;;
2024;nutricao;Faculdade Anhanguera de Uberlândia;MG;201;Privada;110;21.99;401-500;8.5;;;401-500;1.29;;;251-300;4.01;;;301-350;3.2;;;;;
2024;nutricao;Centro Universitário Serra dos Órgãos;RJ;201;Privada;110;21.99;351-400;10.01;;;401-500;1.65;;;251-300;4.26;;;251-300;4.1;;;;;
2024;nutricao;UGV Centro Universitário;PR;201;Privada;110;21.99;401-500;8.6;;;102;6.61;;;401-500;1.86;;;501-600;0.13;;;;;
2024;nutricao;Centro Universitário Maurício de Nassau de João Pessoa;PB;201;Privada;110;21.99;351-400;10.19;;;351-400;2.74;;;301-350;3.47;;;251-300;3.98;;;;;
2024;nutricao;Faculdade Anhanguera de Tangará da Serra;MT;201;Privada;110;21.99;301-350;10.94;;;401-500;1.95;;;301-350;3.35;;;171;5.64;;;;;
2024;nutricao;Centro Universitário do Planalto Central Apparecido dos Santos;DF;201;Privada;110;21.99;351-400;9.31;;;251-300;4;;;301-350;3.44;;;401-500;1.87;;;;;
2024;nutricao;Faculdade Anhanguera de Teixeira de Freitas;BA;201;Privada;110;21.99;351-400;9.84;;;351-400;3.07;;;251-300;4.5;;;401-500;2.27;;;;;
2024;nutricao;Centro Universitário Avantis;SC;201;Privada;110;21.99;351-400;10.03;;;251-300;3.92;;;301-350;3.63;;;351-400;2.48;;;;;
2024;nutricao;Centro Universitário de Maceió;AL;201;Privada;110;21.99;351-400;10.22;;;201-250;4.89;;;401-500;1.88;;;301-350;3.45;;;;;
2024;nutricao;Centro Universitário Facid Wyden;PI;201;Privada;110;21.99;301-350;10.81;;;401-500;2.03;;;351-400;2.67;;;137;6.11;;;;;
2024;nutricao;Faculdade de Ciências e Tecnologias de Campos Gerais;MG;201;Privada;110;21.99;301-350;11.83;;;401-500;1.29;;;1;8;;;351-400;2.54;;;;;
2024;nutricao;Centro Universitário Nossa Senhora do Patrocínio;SP;201;Privada;110;21.99;351-400;10.1;;;67;7.09;;;501-600;0.72;;;401-500;2.29;;;;;
2024;nutricao;Faculdade Anhanguera de São Luiz;MA;201;Privada;110;21.99;351-400;10.23;;;401-500;1.73;;;200;5.24;;;301-350;3.26;;;;;
2024;nutricao;Centro Universitário Maurício de Nassau de Campina Grande;PB;201;Privada;110;21.99;351-400;10.01;;;301-350;3.38;;;351-400;2.94;;;301-350;3.69;;;;;
2024;nutricao;Universidade Iguaçu;RJ;201;Privada;110;21.99;351-400;10;;;150;5.95;;;401-500;2.21;;;401-500;1.84;;;;;
2024;nutricao;Centro Universitário Anhanguera de São Paulo;SP;201;Privada;110;21.99;351-400;9.85;;;501-600;0.7;;;251-300;3.94;;;201-250;5.21;;;;;
2024;nutricao;Centro Universitário Estácio do Ceará;CE;201;Privada;110;21.99;301-350;10.52;;;251-300;4.01;;;401-500;1.75;;;201-250;4.76;;;;;
2024;nutricao;Centro Universitário Barão de Mauá;SP;201;Privada;110;21.99;301-350;10.77;;;501-600;0.7;;;251-300;3.86;;;130;6.21;;;;;
2024;nutricao;Faculdade de Filosofia, Ciências e Letras do Alto São Francisco;MG;201;Privada;110;21.99;351-400;9.5;;;401-500;1.29;;;1;8;;;501-600;0.21;;;;;
2024;nutricao;Centro Universitário Fibra;PA;201;Privada;110;21.99;301-350;11.6;;;301-350;3.45;;;201-250;5.1;;;351-400;3.05;;;;;
2024;nutricao;Universidade Castelo Branco;RJ;201;Privada;110;21.99;351-400;9.74;;;166;5.73;;;501-600;0.99;;;351-400;3.02;;;;;
2024;nutricao;Centro Universitário Estácio de Belo Horizonte;MG;201;Privada;110;21.99;301-350;11.55;;;201-250;4.81;;;401-500;1.33;;;188;5.41;;;;;
2024;nutricao;Faculdade Anhanguera de Poços de Caldas;MG;201;Privada;110;21.99;401-500;8.6;;;401-500;1.29;;;351-400;2.78;;;251-300;4.53;;;;;
2024;nutricao;Centro Universitário Univel;PR;201;Privada;110;21.99;301-350;10.51;;;251-300;4.29;;;401-500;2.18;;;251-300;4.04;;;;;
2024;nutricao;Centro Universitário do Espírito Santo;ES;201;Privada;110;21.99;301-350;11.4;;;119;6.38;;;401-500;1.93;;;351-400;3.09;;;;;
2024;nutricao;Centro Universitário do Instituto de Educação Superior de Brasília;DF;201;Privada;110;21.99;351-400;9.31;;;153;5.91;;;401-500;1.29;;;401-500;2.11;;;;;
2024;nutricao;Faculdade Anhanguera de Valparaíso;GO;201;Privada;110;21.99;301-350;10.91;;;501-600;0.96;;;251-300;4.13;;;158;5.82;;;;;
2024;nutricao;Universidade do Extremo Sul Catarinense;SC;201;Privada;110;21.99;351-400;10.33;;;191;5.39;;;401-500;1.96;;;351-400;2.98;;;;;
2024;nutricao;Universidade Santo Amaro;SP;201;Privada;110;21.99;401-500;9.06;;;501-600;0.7;;;178;5.54;;;351-400;2.82;;;;;
2024;nutricao;Universidade São Francisco;SP;201;Privada;110;21.99;401-500;9.22;;;501-600;0.7;;;251-300;4.53;;;251-300;3.99;;;;;
2024;nutricao;Universidade Municipal de São Caetano do Sul;SP;201;Municipal;110;21.99;301-350;11.6;;;143;6.05;;;501-600;0.85;;;201-250;4.7;;;;;
2024;nutricao;Centro Universitário do Cerrado-patrocínio;MG;201;Privada;110;21.99;351-400;9.7;;;301-350;3.44;;;251-300;4.17;;;401-500;2.09;;;;;
2024;nutricao;Faculdade Anhanguera de Sorocaba;SP;201;Privada;110;21.99;301-350;10.81;;;501-600;0.7;;;201-250;5.01;;;201-250;5.1;;;;;
2024;nutricao;Centro Universitário Ateneu;CE;201;Privada;110;21.99;301-350;11;;;301-350;3.3;;;401-500;2.22;;;183;5.48;;;;;
2024;nutricao;Faculdade de Ciências Sociais e Agrárias de Itapeva;SP;201;Privada;110;21.99;301-350;11.67;;;501-600;0.7;;;1;8;;;351-400;2.97;;;;;
2024;nutricao;Centro Universitário Fadergs;RS;201;Privada;110;21.99;401-500;9.11;;;174;5.62;;;501-600;0.65;;;351-400;2.84;;;;;
2024;nutricao;Centro Universitário dos Guararapes;PE;201;Privada;110;21.99;351-400;9.57;;;301-350;3.57;;;301-350;3.78;;;401-500;2.22;;;;;
2024;nutricao;Centro Universitário do Sul de Minas;MG;201;Privada;110;21.99;301-350;11.57;;;11;7.86;;;351-400;2.56;;;401-500;1.15;;;;;
2024;nutricao;Centro Universitário Maurício de Nassau de Maceió;AL;201;Privada;110;21.99;401-500;8.29;;;501-600;0.77;;;301-350;3.18;;;251-300;4.34;;;;;
2024;nutricao;Centro Universitário Padre Anchieta;SP;201;Privada;110;21.99;301-350;10.52;;;110;6.5;;;501-600;0.47;;;301-350;3.55;;;;;
2024;nutricao;Faculdade Anhanguera de Betim;MG;201;Privada;110;21.99;301-350;11.6;;;401-500;1.29;;;251-300;4.24;;;140;6.07;;;;;
2024;nutricao;Centro Universitário de Jaguariúna;SP;201;Privada;110;21.99;401-500;8.65;;;41;7.45;;;501-600;0.19;;;501-600;1.01;;;;;
2024;nutricao;Centro Universitário de Ciências e Tecnologia do Maranhão;MA;251;Privada;;;91;19.34;;;251-300;4.32;;;1;8;;;72;7.02;;;;;
2024;nutricao;Faculdade Anhanguera de Anápolis;GO;251;Privada;;;80;20.46;;;167;5.72;;;1;8;;;92;6.74;;;;;
2024;nutricao;Faculdade Estácio de Feira de Santana;BA;251;Privada;110;21.99;501-600;5.99;;;401-500;2.41;;;351-400;2.53;;;501-600;1.05;;;;;
2024;nutricao;Universidade de Itaúna;MG;251;Privada;110;21.99;401-500;7.36;;;351-400;2.89;;;401-500;2.26;;;401-500;2.21;;;;;
2024;nutricao;Faculdade Santa Marcelina;SP;251;Privada;110;21.99;501-600;1.89;;;501-600;0.7;;;501-600;0.15;;;501-600;1.04;;;;;
2024;nutricao;Centro Universitário Amparense;SP;251;Privada;110;21.99;501-600;6.54;;;189;5.42;;;501-600;0.88;;;501-600;0.24;;;;;
2024;nutricao;Instituto Federal de Educação, Ciência e Tecnologia do Sudeste de Minas Gerais;MG;251;Federal;;;88;19.54;;;54;7.27;;;1;8;;;251-300;4.27;;;;;
2024;nutricao;Centro Universitário Una de Bom Despacho;MG;251;Privada;;;89;19.53;;;50;7.33;;;189;5.39;;;87;6.81;;;;;
2024;nutricao;Centro Universitário Estácio de São Luís;MA;251;Privada;110;21.99;501-600;4.43;;;401-500;2.1;;;501-600;0.71;;;401-500;1.62;;;;;
2024;nutricao;Faculdade Martha Falcão Wyden;AM;251;Privada;110;21.99;401-500;6.95;;;501-600;0.08;;;501-600;0.46;;;116;6.41;;;;;
2024;nutricao;Centro Universitário de Rondônia;RO;251;Privada;110;21.99;401-500;7.61;;;201-250;5.14;;;401-500;1.85;;;501-600;0.62;;;;;
2024;nutricao;Centro Universitário Braz Cubas;SP;251;Privada;110;21.99;501-600;6.46;;;501-600;0.7;;;401-500;1.99;;;301-350;3.77;;;;;
2024;nutricao;Centro Universitário Ingá;PR;251;Privada;;;86;19.72;;;159;5.83;;;1;8;;;153;5.89;;;;;
2024;nutricao;Escola Superior Madre Celeste;PA;251;Privada;110;21.99;401-500;7.21;;;401-500;1.42;;;251-300;4.33;;;401-500;1.46;;;;;
2024;nutricao;Centro Universitário de Patos;PB;251;Privada;110;21.99;501-600;5.61;;;401-500;1.79;;;401-500;1.31;;;351-400;2.51;;;;;
2024;nutricao;Centro Universitário da Amazônia;PA;251;Privada;110;21.99;501-600;6.28;;;401-500;1.42;;;301-350;3.67;;;401-500;1.19;;;;;
2024;nutricao;Instituto Macapaense de Ensino Superior;AP;251;Privada;110;21.99;501-600;2.43;;;401-500;1.97;;;501-600;0.17;;;501-600;0.29;;;;;
2024;nutricao;Faculdade de Saúde e Humanidades Ibituruna;MG;251;Privada;;;113;18;;;201-250;4.88;;;1;8;;;201-250;5.12;;;;;
2024;nutricao;Centro Universitário Facisa;PB;251;Privada;;;111;18.03;;;179;5.55;;;1;8;;;251-300;4.48;;;;;
2024;nutricao;Centro Universitário Integrado de Campo Mourão;PR;251;Privada;;;95;19.08;;;44;7.41;;;201-250;4.9;;;90;6.77;;;;;
2024;nutricao;Universidade Evangélica de Goiás;GO;251;Privada;110;21.99;501-600;4.58;;;501-600;0.96;;;401-500;1.89;;;401-500;1.73;;;;;
2024;nutricao;Faculdade Adventista da Bahia;BA;251;Privada;110;21.99;501-600;6.21;;;401-500;2.41;;;401-500;1.44;;;401-500;2.36;;;;;
2024;nutricao;Instituto Federal de Educação, Ciência e Tecnologia Goiano;GO;251;Federal;;;57;23.23;;;8;7.9;;;1;8;;;49;7.33;;;;;
2024;nutricao;Faculdade Estácio de Belém;PA;251;Privada;110;21.99;501-600;5.75;;;401-500;1.42;;;401-500;1.56;;;351-400;2.77;;;;;
2024;nutricao;Faculdade de Ensino Superior da Cidade de Feira de Santana;BA;251;Privada;;;97;18.85;;;251-300;4.54;;;1;8;;;123;6.31;;;;;
2024;nutricao;Faculdade da Região Sisaleira;BA;251;Privada;110;21.99;501-600;4.78;;;251-300;4.33;;;501-600;0.13;;;501-600;0.32;;;;;
2024;nutricao;Centro Universitário das Américas;SP;251;Privada;110;21.99;401-500;7.44;;;201-250;5.06;;;501-600;0.26;;;401-500;2.12;;;;;
2024;nutricao;Universidade Federal do Oeste da Bahia;BA;251;Federal;;;81;20.44;;;23;7.7;;;1;8;;;201-250;4.74;;;;;
2024;nutricao;Centro Universitário do Norte;AM;251;Privada;110;21.99;401-500;7.17;;;351-400;2.67;;;351-400;2.75;;;401-500;1.75;;;;;
2024;nutricao;Universidade Santa Cecília;SP;251;Privada;110;21.99;401-500;7.25;;;501-600;0.7;;;501-600;0.39;;;134;6.16;;;;;
2024;nutricao;Centro Universitário Maurício de Nassau de Juazeiro do Norte;CE;251;Privada;110;21.99;501-600;6.41;;;301-350;3.3;;;351-400;2.58;;;501-600;0.53;;;;;
2024;nutricao;Centro Universitário - Uniesp;PB;251;Privada;110;21.99;501-600;6.51;;;301-350;3.55;;;401-500;1.71;;;401-500;1.25;;;;;
2024;nutricao;Faculdade de Imperatriz Wyden;MA;251;Privada;110;21.99;401-500;7.21;;;401-500;1.73;;;501-600;0.61;;;201-250;4.87;;;;;
2024;nutricao;Centro Universitário do Triângulo;MG;251;Privada;110;21.99;401-500;7.93;;;351-400;3;;;251-300;3.99;;;501-600;0.94;;;;;
2024;nutricao;Centro Universitário das Faculdades Integradas de Ourinhos;SP;251;Privada;110;21.99;501-600;6.29;;;501-600;0.7;;;501-600;1.04;;;201-250;4.55;;;;;
2024;nutricao;Faculdade de Rolim de Moura;RO;251;Privada;110;21.99;501-600;6.01;;;251-300;4.44;;;401-500;1.15;;;501-600;0.42;;;;;
2024;nutricao;Centro Universitário Católica de Quixadá;CE;251;Privada;;;104;18.48;;;301-350;3.3;;;1;8;;;60;7.18;;;;;
2024;nutricao;Faculdades Integradas de Bauru;SP;251;Privada;;;107;18.27;;;173;5.64;;;1;8;;;201-250;4.63;;;;;
2024;nutricao;Faculdade Anhanguera de Ipatinga;MG;251;Privada;;;100;18.73;;;101;6.63;;;185;5.44;;;98;6.66;;;;;
2024;nutricao;Centro Universitário Facex;RN;251;Privada;110;21.99;401-500;8.28;;;136;6.14;;;501-600;0.5;;;401-500;1.64;;;;;
2024;nutricao;Centro Universitário São Lucas Ji-paraná;RO;251;Privada;110;21.99;501-600;4.75;;;251-300;4.44;;;501-600;0.31;;;;;;;;;
2024;nutricao;Centro Universitário Metropolitano de Maringá;PR;251;Privada;;;82;20.29;;;251-300;4.29;;;1;8;;;1;8;;;;;
2024;nutricao;Instituto Federal de Educação, Ciência e Tecnologia do Ceará;CE;251;Federal;;;105;18.37;;;109;6.52;;;1;8;;;251-300;3.85;;;;;
2024;nutricao;Faculdade Anhanguera Unidade Guarapari;ES;251;Privada;;;84;19.98;;;201-250;4.73;;;1;8;;;55;7.25;;;;;
2024;nutricao;Instituto Municipal de Ensino Superior de Catanduva;SP;251;Municipal;110;21.99;401-500;7.48;;;401-500;1.46;;;501-600;0.11;;;152;5.91;;;;;
2024;nutricao;Universidade Brasil;SP;251;Privada;110;21.99;501-600;5.8;;;501-600;0.7;;;251-300;3.88;;;401-500;1.22;;;;;
2024;nutricao;Centro Universitário Estácio da Bahia;BA;251;Privada;110;21.99;401-500;7.12;;;201-250;4.78;;;501-600;0.79;;;401-500;1.55;;;;;
2024;nutricao;Centro Universitário Projeção;DF;251;Privada;;;90;19.49;;;251-300;4;;;1;8;;;38;7.49;;;;;
2024;nutricao;Centro Universitário Maurício de Nassau de Salvador;BA;251;Privada;110;21.99;401-500;8.23;;;351-400;2.91;;;351-400;2.63;;;351-400;2.69;;;;;
2024;nutricao;Centro Universitário Maurício de Nassau de Caruaru;PE;251;Privada;110;21.99;401-500;8.09;;;351-400;2.83;;;351-400;2.85;;;401-500;2.41;;;;;
2024;nutricao;Centro Universitário Unirb - Alagoinhas;BA;301;Privada;;;125;17.41;;;170;5.68;;;1;8;;;301-350;3.73;;;;;
2024;nutricao;Faculdade Uninassau Mossoró;RN;301;Privada;;;168;15.69;;;351-400;2.82;;;1;8;;;201-250;4.87;;;;;
2024;nutricao;Centro Universitário do Vale do Jaguaribe;CE;301;Privada;;;169;15.68;;;56;7.24;;;1;8;;;501-600;0.44;;;;;
2024;nutricao;Centro Universitário Unirb;BA;301;Privada;;;174;15.57;;;351-400;2.86;;;1;8;;;201-250;4.71;;;;;
2024;nutricao;Faculdade Anhanguera de Pelotas;RS;301;Privada;;;154;16.16;;;251-300;4.51;;;251-300;4.51;;;63;7.14;;;;;
2024;nutricao;Faculdade Anhanguera Unime de Salvador;BA;301;Privada;;;186;15.15;;;192;5.38;;;193;5.33;;;251-300;4.44;;;;;
2024;nutricao;Instituto Universitário São Judas de São Bernardo do Campo;SP;301;Privada;;;163;15.91;;;501-600;0.7;;;1;8;;;58;7.21;;;;;
2024;nutricao;Centro Universitário Uniftc;BA;301;Privada;;;178;15.42;;;401-500;2.41;;;1;8;;;201-250;5.01;;;;;
2024;nutricao;Centro Universitário Unifatecie;PR;301;Privada;;;118;17.68;;;251-300;4.29;;;1;8;;;189;5.39;;;;;
2024;nutricao;Faculdade Sociesc de Jaraguá do Sul;SC;301;Privada;;;189;15.1;;;251-300;3.92;;;201-250;4.58;;;102;6.6;;;;;
2024;nutricao;Claretiano - Centro Universitário de Rio Claro;SP;301;Privada;;;165;15.84;;;201-250;5.13;;;251-300;3.93;;;89;6.78;;;;;
2024;nutricao;Centro Universitário Cidade Verde;PR;301;Privada;;;158;16.03;;;251-300;4.29;;;1;8;;;301-350;3.74;;;;;
2024;nutricao;Faculdade Integrada Carajás;PA;301;Privada;;;194;14.68;;;401-500;1.42;;;1;8;;;199;5.26;;;;;
2024;nutricao;Centro Universitário Imepac;MG;301;Privada;;;128;17.14;;;141;6.08;;;1;8;;;351-400;3.06;;;;;
2024;nutricao;Centro Universitário Uniasselvi de Blumenau ;SC;301;Privada;;;201-250;14.54;;;115;6.43;;;251-300;3.85;;;251-300;4.26;;;;;
2024;nutricao;Faculdade de Educação Superior de Divinópolis;MG;301;Privada;;;181;15.38;;;401-500;1.29;;;1;8;;;139;6.09;;;;;
2024;nutricao;Faculdades Integradas do Extremo Sul da Bahia;BA;301;Privada;;;162;15.97;;;401-500;2.41;;;1;8;;;177;5.56;;;;;
2024;nutricao;Centro Universitário Facol;PE;301;Privada;;;141;16.69;;;351-400;2.56;;;1;8;;;136;6.13;;;;;
2024;nutricao;Faculdade Unirb - Barreiras;BA;301;Privada;;;152;16.18;;;301-350;3.31;;;1;8;;;201-250;4.87;;;;;
2024;nutricao;Centro Universitário Castelo Branco;ES;301;Privada;;;136;16.79;;;201-250;4.73;;;1;8;;;251-300;4.06;;;;;
2024;nutricao;Faculdade Anhanguera de São José-SC;SC;301;Privada;;;197;14.61;;;251-300;3.92;;;251-300;3.9;;;88;6.79;;;;;
2024;nutricao;Centro Universitário Zarns;BA;301;Privada;;;133;16.91;;;201-250;4.83;;;1;8;;;251-300;4.08;;;;;
2024;nutricao;Centro Universitário FBV Wyden;PE;301;Privada;;;147;16.36;;;95;6.71;;;401-500;2.07;;;31;7.58;;;;;
2024;nutricao;Faculdade Multivix Cariacica;ES;301;Privada;;;148;16.32;;;201-250;4.73;;;1;8;;;301-350;3.59;;;;;
2024;nutricao;Faculdade Unisul de Florianópolis;SC;301;Privada;;;175;15.54;;;251-300;3.92;;;201-250;4.9;;;93;6.72;;;;;
2024;nutricao;Faculdade de Tecnologia e Ciências de Itabuna;BA;301;Privada;;;114;17.95;;;351-400;2.68;;;1;8;;;54;7.27;;;;;
2024;nutricao;Universidade Federal da Fronteira Sul;SC;301;Federal;;;120;17.64;;;145;6.02;;;201-250;4.67;;;77;6.95;;;;;
2024;nutricao;Centro Universitário Gama e Souza;RJ;301;Privada;;;178;15.42;;;401-500;1.65;;;1;8;;;162;5.77;;;;;
2024;nutricao;Centro Universitário do Norte de Minas;MG;301;Privada;;;156;16.09;;;351-400;2.63;;;1;8;;;184;5.46;;;;;
2024;nutricao;Centro Universitário LS;DF;301;Privada;;;149;16.3;;;251-300;4;;;1;8;;;251-300;4.3;;;;;
2024;nutricao;Faculdade Pitágoras Bacabal Mearim;MA;301;Privada;;;135;16.87;;;201-250;5;;;1;8;;;251-300;3.87;;;;;
2024;nutricao;Faculdade Galileu;SP;301;Privada;;;199;14.57;;;501-600;0.7;;;1;8;;;155;5.87;;;;;
2024;nutricao;Faculdade Unirb - Aracaju;SE;301;Privada;;;145;16.49;;;351-400;2.96;;;1;8;;;179;5.53;;;;;
2024;nutricao;Centro Universitário Ages;BA;301;Privada;;;184;15.26;;;351-400;2.72;;;194;5.32;;;57;7.22;;;;;
2024;nutricao;Faculdade Unirb - Juazeiro;BA;301;Privada;;;160;16.01;;;401-500;2.41;;;1;8;;;174;5.6;;;;;
2024;nutricao;Faculdade Unirb - Mossoró;RN;301;Privada;;;180;15.41;;;351-400;2.82;;;1;8;;;201-250;4.59;;;;;
2024;nutricao;Centro Universitário Unigran Capital;MS;301;Privada;;;161;15.98;;;201-250;5.25;;;191;5.36;;;191;5.37;;;;;
2024;nutricao;Faculdade Unirb - Parnaíba;PI;301;Privada;;;177;15.47;;;401-500;2.03;;;1;8;;;186;5.44;;;;;
2024;nutricao;Universidade da Região de Joinville;SC;301;Privada;;;195;14.67;;;251-300;3.92;;;351-400;2.99;;;18;7.76;;;;;
2024;nutricao;Centro Universitário Unicuritiba;PR;301;Privada;;;166;15.83;;;251-300;4.29;;;201-250;5.13;;;116;6.41;;;;;
2024;nutricao;Faculdade Unirb - Piauí;PI;301;Privada;;;132;16.95;;;401-500;2.03;;;1;8;;;79;6.92;;;;;
2024;nutricao;Centro Universitário São Miguel;PE;301;Privada;;;181;15.38;;;197;5.31;;;201-250;4.83;;;200;5.24;;;;;
2024;nutricao;Faculdade de Ciências, Educação, Saúde, Pesquisa e Gestão;RJ;301;Privada;;;199;14.57;;;351-400;2.65;;;1;8;;;251-300;3.92;;;;;
2024;nutricao;Centro Universitário Mario Pontes Jucá;AL;301;Privada;;;142;16.68;;;186;5.46;;;1;8;;;301-350;3.22;;;;;
2024;nutricao;Centro Universitário Mauá de Brasília;DF;301;Privada;;;173;15.63;;;251-300;4;;;1;8;;;301-350;3.63;;;;;
2024;nutricao;Centro Universitário Sociesc;SC;301;Privada;;;151;16.22;;;251-300;3.92;;;187;5.42;;;82;6.88;;;;;
2024;nutricao;Faculdade Van Gogh;SP;301;Privada;;;139;16.7;;;501-600;0.7;;;1;8;;;1;8;;;;;
2024;nutricao;Instituto Universitário São Judas de Guarulhos;SP;301;Privada;;;188;15.11;;;501-600;0.7;;;1;8;;;116;6.41;;;;;
2024;nutricao;Faculdade Anhanguera de Caxias do Sul;RS;301;Privada;;;170;15.66;;;301-350;3.74;;;201-250;4.88;;;70;7.04;;;;;
2024;nutricao;Faculdade de Educação Superior de Sete Lagoas;MG;301;Privada;;;155;16.14;;;401-500;1.29;;;1;8;;;84;6.85;;;;;
2024;nutricao;Centro Universitário Cathedral;MT;351;Privada;;;251-300;12.29;;;401-500;1.95;;;1;8;;;401-500;2.34;;;;;
2024;nutricao;Faculdade Brasileira de Tecnologia-BA;BA;351;Privada;;;201-250;14.33;;;401-500;2.41;;;1;8;;;251-300;3.92;;;;;
2024;nutricao;Centro Universitário Cnec de Bento Gonçalves;RS;351;Privada;;;251-300;12.28;;;185;5.47;;;251-300;4.36;;;401-500;2.45;;;;;
2024;nutricao;Faculdade São Francisco de Assis;RS;351;Privada;;;251-300;12.52;;;301-350;3.74;;;401-500;2.43;;;120;6.35;;;;;
2024;nutricao;Centro Universitário Campo Real;PR;351;Privada;;;251-300;12.11;;;162;5.79;;;251-300;4.07;;;401-500;2.25;;;;;
2024;nutricao;Faculdade Dom Ricardo;SP;351;Privada;;;201-250;13.57;;;501-600;0.7;;;1;8;;;201-250;4.87;;;;;
2024;nutricao;Centro Universitário Santa Maria da Glória;PR;351;Privada;;;251-300;12.63;;;251-300;4.29;;;201-250;4.76;;;301-350;3.58;;;;;
2024;nutricao;Centro Universitário de Votuporanga;SP;351;Privada;;;201-250;13.97;;;125;6.3;;;251-300;4.18;;;301-350;3.49;;;;;
2024;nutricao;Instituto de Ensino Superior de Rondônia;RO;351;Privada;;;201-250;13.23;;;251-300;4.44;;;1;8;;;501-600;0.79;;;;;
2024;nutricao;Faculdade Anhanguera de Feira de Santana;BA;351;Privada;;;251-300;12.91;;;401-500;2.41;;;201-250;4.75;;;163;5.75;;;;;
2024;nutricao;Faculdade Morgana Potrich;GO;351;Privada;;;251-300;12.19;;;301-350;3.41;;;1;8;;;501-600;0.78;;;;;
2024;nutricao;Centro Universitário de Caratinga;MG;351;Privada;;;251-300;12.03;;;201-250;4.87;;;251-300;4.44;;;351-400;2.72;;;;;
2024;nutricao;Faculdade de Tecnologia e Ciências de Jequié;BA;351;Privada;;;251-300;13.04;;;301-350;3.53;;;1;8;;;401-500;1.51;;;;;
2024;nutricao;Centro Universitário Unifafibe;SP;351;Privada;;;251-300;12.06;;;156;5.87;;;351-400;2.88;;;301-350;3.31;;;;;
2024;nutricao;Faculdade Mogiana do Estado de São Paulo;SP;351;Privada;;;251-300;12.71;;;501-600;0.7;;;1;8;;;251-300;4.01;;;;;
2024;nutricao;Faculdade de Frutal;MG;351;Privada;;;201-250;13.45;;;401-500;1.29;;;1;8;;;251-300;4.16;;;;;
2024;nutricao;Faculdade Estácio de Sá de Vitória;ES;351;Privada;;;201-250;13.67;;;201-250;4.73;;;1;8;;;501-600;0.94;;;;;
2024;nutricao;Faculdade Unirb - Arapiraca;AL;351;Privada;;;201-250;13.72;;;501-600;0.77;;;1;8;;;201-250;4.95;;;;;
2024;nutricao;Centro Universitário - Católica de Santa Catarina em Joinville;SC;351;Privada;;;251-300;12.37;;;96;6.69;;;501-600;0.63;;;201-250;5.05;;;;;
2024;nutricao;Universidade Metropolitana de Santos;SP;351;Privada;;;251-300;13.1;;;201-250;5.02;;;201-250;5.15;;;351-400;2.93;;;;;
2024;nutricao;Faculdade Kennedy de Belo Horizonte;MG;351;Privada;;;201-250;14.36;;;123;6.32;;;201-250;4.61;;;301-350;3.43;;;;;
2024;nutricao;Faculdade Anhanguera de Ciências Sociais Aplicadas de Sinop;MT;351;Privada;;;201-250;13.38;;;401-500;1.95;;;181;5.5;;;150;5.93;;;;;
2024;nutricao;Faculdade Anhanguera de Linhares;ES;351;Privada;;;251-300;12.18;;;201-250;4.73;;;201-250;4.57;;;351-400;2.88;;;;;
2024;nutricao;Centro Universitário Brasileiro;PE;351;Privada;;;251-300;11.89;;;142;6.06;;;401-500;1.5;;;251-300;4.33;;;;;
2024;nutricao;Centro Universitário Estácio de Santa Catarina;SC;351;Privada;;;251-300;12.85;;;149;5.97;;;501-600;0.74;;;135;6.14;;;;;
2024;nutricao;Centro Universitário Facunicamps;GO;351;Privada;;;201-250;13.98;;;501-600;0.96;;;1;8;;;201-250;5.02;;;;;
2024;nutricao;Faculdade Uninta Tianguá;CE;351;Privada;;;201-250;14.38;;;301-350;3.3;;;1;8;;;351-400;3.08;;;;;
2024;nutricao;Faculdade Estácio do Rio Grande do Sul;RS;351;Privada;;;251-300;12.96;;;301-350;3.74;;;401-500;1.64;;;31;7.58;;;;;
2024;nutricao;Faculdade Unirb - Feira de Santana;BA;351;Privada;;;201-250;14.21;;;401-500;2.41;;;1;8;;;301-350;3.8;;;;;
2024;nutricao;Universidade Comunitária da Região de Chapecó;SC;351;Privada;;;201-250;13.57;;;114;6.45;;;198;5.26;;;401-500;1.86;;;;;
2024;nutricao;Faculdade da Região dos Lagos;RJ;351;Privada;;;251-300;13.09;;;195;5.33;;;201-250;5.03;;;351-400;2.73;;;;;
2024;nutricao;Faculdade Paranaense-Curitiba;PR;351;Privada;;;201-250;13.99;;;135;6.16;;;201-250;5.22;;;351-400;2.61;;;;;
2024;nutricao;Faculdade Estácio de Curitiba;PR;351;Privada;;;251-300;12.29;;;251-300;4.29;;;1;8;;;;;;;;;
2024;nutricao;Faculdade Católica do Rio Grande do Norte;RN;351;Privada;;;251-300;12.07;;;351-400;2.82;;;251-300;4.06;;;201-250;5.19;;;;;
2024;nutricao;Faculdade Mais de Ituiutaba;MG;351;Privada;;;201-250;13.94;;;401-500;1.29;;;1;8;;;201-250;4.65;;;;;
2024;nutricao;Centro Universitário Anhanguera Pitágoras Ampli;SP;351;Privada;;;251-300;12.35;;;501-600;0.7;;;201-250;5.17;;;111;6.48;;;;;
2024;nutricao;Centro Universitário Sociesc de Blumenau;SC;351;Privada;;;201-250;13.94;;;251-300;3.92;;;1;8;;;401-500;2.02;;;;;
2024;nutricao;Centro Universitário Una de Betim;MG;351;Privada;;;251-300;13.02;;;401-500;1.29;;;201-250;4.81;;;79;6.92;;;;;
2024;nutricao;Centro Universitário Funvic;SP;351;Privada;;;201-250;13.92;;;161;5.8;;;201-250;4.94;;;301-350;3.18;;;;;
2024;nutricao;Centro Universitário São Judas Tadeu;SP;351;Privada;;;251-300;12.24;;;501-600;0.7;;;201-250;4.93;;;101;6.61;;;;;
2024;nutricao;Centro Universitário Unidade de Ensino Superior Dom Bosco;MA;351;Privada;;;201-250;14.35;;;401-500;1.73;;;1;8;;;201-250;4.62;;;;;
2024;nutricao;Faculdade Estácio de Sá de Campo Grande;MS;351;Privada;;;251-300;12.01;;;201-250;5.25;;;401-500;1.07;;;168;5.69;;;;;
2024;nutricao;Centro Universitário Cesuca;RS;351;Privada;;;251-300;12.72;;;301-350;3.74;;;401-500;1.74;;;56;7.24;;;;;
2024;nutricao;Faculdade Anhanguera de Joinville;SC;351;Privada;;;251-300;12.6;;;251-300;3.92;;;301-350;3.36;;;194;5.32;;;;;
2024;nutricao;Faculdade Uninta Itapipoca;CE;351;Privada;;;201-250;14.42;;;301-350;3.3;;;1;8;;;351-400;3.12;;;;;
2024;nutricao;Centro Universitário Araguaia;GO;351;Privada;;;201-250;13.56;;;501-600;0.96;;;1;8;;;201-250;4.6;;;;;
2024;nutricao;Centro Universitário Ruy Barbosa Wyden;BA;351;Privada;;;201-250;13.28;;;154;5.9;;;401-500;1.4;;;147;5.98;;;;;
2024;nutricao;Christus Faculdade do Piauí;PI;351;Privada;;;251-300;13;;;401-500;2.03;;;1;8;;;351-400;2.97;;;;;
2024;nutricao;Centro Universitário Una de Contagem;MG;351;Privada;;;251-300;11.88;;;401-500;1.29;;;194;5.32;;;198;5.27;;;;;
2024;nutricao;Faculdade de Botucatu;SP;351;Privada;;;201-250;13.57;;;501-600;0.7;;;1;8;;;201-250;4.87;;;;;
2024;nutricao;Faculdade Batista Brasileira;BA;401;Privada;;;401-500;8.83;;;401-500;2.41;;;192;5.35;;;501-600;1.07;;;;;
2024;nutricao;Centro Universitário Estácio de Brasília;DF;401;Privada;;;351-400;10.32;;;251-300;4;;;501-600;0.4;;;151;5.92;;;;;
2024;nutricao;Faculdade Castro Alves;BA;401;Privada;;;301-350;10.52;;;401-500;2.41;;;201-250;5;;;351-400;3.11;;;;;
2024;nutricao;Centro Universitário Unibras do Sudoeste Goiano;GO;401;Privada;;;401-500;9.06;;;501-600;0.96;;;1;8;;;501-600;0.1;;;;;
2024;nutricao;Centro Universitário de Itapira;SP;401;Privada;;;301-350;10.75;;;501-600;0.7;;;1;8;;;401-500;2.05;;;;;
2024;nutricao;Faculdade Estácio do Rio Grande do Norte;RN;401;Privada;;;401-500;8.53;;;351-400;2.82;;;401-500;1.58;;;251-300;4.13;;;;;
2024;nutricao;Faculdade Uninassau Vilhena;RO;401;Privada;;;401-500;7.98;;;251-300;4.44;;;351-400;2.57;;;501-600;0.97;;;;;
2024;nutricao;Faculdade de Educação Superior de Pouso Alegre;MG;401;Privada;;;401-500;8.55;;;401-500;1.29;;;401-500;2.1;;;201-250;5.16;;;;;
2024;nutricao;Centro Universitário de Goiânia;GO;401;Privada;;;401-500;8.69;;;180;5.54;;;501-600;0.92;;;401-500;2.23;;;;;
2024;nutricao;Centro Universitário Estácio de Ribeirão Preto;SP;401;Privada;;;351-400;10.4;;;501-600;0.7;;;401-500;2.25;;;41;7.45;;;;;
2024;nutricao;Faculdade Cesumar de Ponta Grossa;PR;401;Privada;;;401-500;9.05;;;251-300;4.29;;;401-500;2;;;351-400;2.76;;;;;
2024;nutricao;Centro Universitário Max Planck;SP;401;Privada;;;401-500;8.14;;;57;7.23;;;501-600;0.35;;;501-600;0.56;;;;;
2024;nutricao;Faculdade Dinâmica do Vale do Piranga;MG;401;Privada;;;401-500;8.27;;;401-500;1.29;;;401-500;1.78;;;201-250;5.2;;;;;
2024;nutricao;Centro Universitário FG;BA;401;Privada;;;401-500;8.7;;;200;5.27;;;351-400;2.82;;;501-600;0.61;;;;;
2024;nutricao;Faculdade de Ensino e Cultura do Ceará;CE;401;Privada;;;401-500;8.47;;;301-350;3.3;;;251-300;4.14;;;501-600;1.03;;;;;
2024;nutricao;Faculdade Anhanguera de Maceió;AL;401;Privada;;;351-400;10.33;;;501-600;0.77;;;301-350;3.57;;;146;5.99;;;;;
2024;nutricao;Universidade de Araraquara;SP;401;Privada;;;351-400;10.43;;;301-350;3.35;;;501-600;0.78;;;124;6.3;;;;;
2024;nutricao;Faculdade São Francisco da Paraíba;PB;401;Privada;;;401-500;8.6;;;301-350;3.35;;;251-300;3.89;;;401-500;1.36;;;;;
2024;nutricao;Centro Universitário Fanor Wyden;CE;401;Privada;;;301-350;10.96;;;301-350;3.52;;;401-500;1.92;;;180;5.52;;;;;
2024;nutricao;Centro Universitário de Santa Fé do Sul;SP;401;Municipal;;;301-350;10.55;;;251-300;4.55;;;201-250;4.82;;;401-500;1.18;;;;;
2024;nutricao;Instituto de Ensino Superior da Grande Florianópolis;SC;401;Privada;;;401-500;8.36;;;251-300;3.92;;;401-500;1.82;;;351-400;2.62;;;;;
2024;nutricao;Centro Universitário Maurício de Nassau de São Luís;MA;401;Privada;;;351-400;9.29;;;401-500;2.06;;;301-350;3.83;;;301-350;3.4;;;;;
2024;nutricao;Centro Universitário de Desenvolvimento do Centro-Oeste;GO;401;Privada;;;401-500;8.97;;;501-600;0.96;;;251-300;4.47;;;301-350;3.54;;;;;
2024;nutricao;Faculdade Uninassau Maracanaú;CE;401;Privada;;;351-400;9.64;;;301-350;3.3;;;401-500;2.28;;;251-300;4.06;;;;;
2024;nutricao;Centro Universitário Augusto Motta;RJ;401;Privada;;;401-500;8.1;;;301-350;3.4;;;401-500;2.31;;;401-500;2.39;;;;;
2024;nutricao;Faculdade Ages de Jacobina;BA;401;Privada;;;351-400;10.32;;;401-500;2.41;;;301-350;3.33;;;201-250;4.58;;;;;
2024;nutricao;Centro Universitário Maurício de Nassau Teresina Sul;PI;401;Privada;;;301-350;10.96;;;251-300;4.08;;;301-350;3.64;;;301-350;3.24;;;;;
2024;nutricao;Centro Universitário do Distrito Federal;DF;401;Privada;;;401-500;7.83;;;251-300;4;;;401-500;2.39;;;401-500;1.44;;;;;
2024;nutricao;Centro Universitário do Paraná;PR;401;Privada;;;351-400;9.59;;;251-300;4.29;;;401-500;1.94;;;301-350;3.36;;;;;
2024;nutricao;Faculdade Ideal Wyden;PA;401;Privada;;;401-500;8.44;;;401-500;1.42;;;501-600;0.1;;;79;6.92;;;;;
2024;nutricao;Faculdade Unirb - Natal;RN;401;Privada;;;301-350;11.11;;;351-400;2.82;;;201-250;4.67;;;301-350;3.62;;;;;
2024;nutricao;Faculdade Uninassau Lauro de Freitas;BA;401;Privada;;;351-400;9.65;;;201-250;5.03;;;401-500;1.83;;;351-400;2.79;;;;;
2024;nutricao;Faculdade Estácio de Santo André;SP;401;Privada;;;351-400;9.53;;;501-600;0.7;;;501-600;0.83;;;1;8;;;;;
2024;nutricao;Centro Universitário Opet;PR;401;Privada;;;401-500;8.19;;;251-300;4.29;;;301-350;3.32;;;501-600;0.58;;;;;
2024;nutricao;Faculdade de Ciências Humanas e Exatas do Sertão do São Francisco;PE;401;Privada;;;301-350;10.63;;;351-400;2.56;;;1;8;;;501-600;0.07;;;;;
2024;nutricao;Faculdade Multivix Serra;ES;401;Privada;;;401-500;7.62;;;201-250;4.73;;;401-500;2.14;;;501-600;0.75;;;;;
2024;nutricao;Faculdade de Integração do Sertão;PE;401;Privada;;;401-500;8.08;;;351-400;2.56;;;251-300;4.42;;;401-500;1.1;;;;;
2024;nutricao;Centro Universitário Academia;MG;401;Privada;;;401-500;8.62;;;401-500;1.29;;;401-500;1.38;;;149;5.95;;;;;
2024;nutricao;Centro Universitário Estácio do Recife;PE;401;Privada;;;401-500;7.96;;;301-350;3.49;;;401-500;1.1;;;301-350;3.37;;;;;
2024;nutricao;Centro de Ensino Superior de Ilhéus;BA;401;Privada;;;401-500;9.17;;;201-250;4.87;;;351-400;2.93;;;401-500;1.37;;;;;
2024;nutricao;Faculdade Metropolitana de Anápolis;GO;401;Privada;;;401-500;8.47;;;501-600;0.96;;;183;5.47;;;401-500;2.04;;;;;
2024;nutricao;Centro Universitário Cenecista de Osório;RS;401;Privada;;;351-400;10.41;;;301-350;3.74;;;;;;;97;6.67;;;;;
2024;nutricao;Faculdade Mato Grosso do Sul;MS;401;Privada;;;351-400;10.23;;;201-250;5.25;;;351-400;2.83;;;401-500;2.15;;;;;
2024;nutricao;Faculdade Anhanguera de Taubaté;SP;401;Privada;;;401-500;8.73;;;501-600;0.7;;;301-350;3.61;;;251-300;4.42;;;;;
2024;nutricao;Escola Superior de Criciúma;SC;401;Privada;;;401-500;7.93;;;251-300;3.92;;;501-600;0.18;;;301-350;3.83;;;;;
2024;nutricao;Faculdade de Tecnologia em Hotelaria, Gastronomia e Turismo de São Paulo;SP;401;Privada;;;401-500;7.58;;;351-400;2.87;;;351-400;3.06;;;401-500;1.65;;;;;
2024;nutricao;Faculdade Unisul de Balneário Camboriú;SC;401;Privada;;;301-350;11.44;;;251-300;3.92;;;401-500;2.03;;;182;5.49;;;;;
2024;nutricao;Faculdade Uninassau Petrolina;PE;401;Privada;;;401-500;9.15;;;351-400;2.56;;;351-400;3.03;;;301-350;3.56;;;;;
2024;nutricao;Faculdade Foz do Iguaçu;PR;401;Privada;;;401-500;8.59;;;251-300;4.29;;;251-300;4.22;;;501-600;0.08;;;;;
2024;nutricao;Faculdade de Apucarana;PR;401;Privada;;;401-500;7.91;;;140;6.09;;;401-500;1.39;;;501-600;0.43;;;;;
2024;nutricao;Centro Universitário Estácio Juiz de Fora;MG;401;Privada;;;301-350;10.83;;;401-500;1.29;;;401-500;1.54;;;1;8;;;;;
2024;nutricao;Faculdade Inova Mais de São Paulo;SP;401;Privada;;;351-400;9.64;;;501-600;0.7;;;1;8;;;501-600;0.94;;;;;
2024;nutricao;Faculdade Anhanguera de Sumaré;SP;401;Privada;;;351-400;10.3;;;501-600;0.7;;;351-400;3.08;;;108;6.52;;;;;
2024;nutricao;Faculdade Dom Adelio Tomasin;CE;401;Privada;;;301-350;11.61;;;301-350;3.3;;;1;8;;;501-600;0.31;;;;;
2024;nutricao;Centro Universitário Maurício de Nassau de Teresina;PI;401;Privada;;;401-500;8.43;;;351-400;3.02;;;301-350;3.43;;;401-500;1.98;;;;;
2024;nutricao;Faculdade Barretos;SP;401;Privada;;;401-500;8.81;;;112;6.47;;;401-500;2.06;;;501-600;0.28;;;;;
2024;nutricao;Centro Universitário para o Desenvolvimento do Alto Vale do Itajaí;SC;401;Privada;;;401-500;8.26;;;251-300;3.92;;;401-500;2.33;;;401-500;2.01;;;;;
2024;nutricao;Faculdade Nossa Senhora de Fátima;RS;401;Privada;;;401-500;8.38;;;86;6.83;;;501-600;0.08;;;401-500;1.47;;;;;
2024;nutricao;Faculdade Vale dos Carajás;PA;401;Privada;;;351-400;9.42;;;401-500;1.42;;;1;8;;;;;;;;;
2024;nutricao;Faculdade Anhanguera do Maranhão;MA;401;Privada;;;401-500;8.93;;;401-500;1.73;;;401-500;2.32;;;201-250;4.88;;;;;
2024;nutricao;Faculdade Anhanguera de Piracicaba;SP;401;Privada;;;301-350;11.25;;;501-600;0.7;;;351-400;3.13;;;43;7.42;;;;;
2024;nutricao;Centro Universitário Multivix Vitória;ES;401;Privada;;;301-350;10.83;;;201-250;4.73;;;351-400;2.72;;;301-350;3.38;;;;;
2024;nutricao;Faculdade Internacional de São Luís;MA;401;Privada;;;301-350;10.67;;;401-500;1.73;;;1;8;;;501-600;0.94;;;;;
2024;nutricao;Faculdade Fasipe Mato Grosso;MT;401;Privada;;;401-500;8.64;;;401-500;1.95;;;201-250;5;;;401-500;1.69;;;;;
2024;nutricao;Universidade Vale do Rio Doce;MG;401;Privada;;;401-500;8.68;;;121;6.35;;;501-600;1;;;401-500;1.33;;;;;
2024;nutricao;Centro Universitário Atenas;MG;401;Privada;;;301-350;10.47;;;401-500;1.49;;;1;8;;;501-600;0.98;;;;;
2024;nutricao;Faculdade Eduvale de Avaré;SP;401;Privada;;;351-400;9.42;;;137;6.13;;;501-600;0.43;;;351-400;2.86;;;;;
2024;nutricao;Faculdade Mauá de Goiás;GO;401;Privada;;;401-500;8.96;;;501-600;0.96;;;1;8;;;;;;;;;
2024;nutricao;Faculdade Ages de Senhor do Bonfim;BA;401;Privada;;;401-500;8.39;;;401-500;2.41;;;351-400;2.64;;;301-350;3.34;;;;;
2024;nutricao;Faculdade Multivix São Mateus;ES;401;Privada;;;401-500;8.92;;;201-250;4.73;;;301-350;3.19;;;501-600;1;;;;;
2024;nutricao;Centro Universitário Governador Ozanam Coelho;MG;401;Privada;;;351-400;10.21;;;401-500;1.29;;;301-350;3.25;;;169;5.67;;;;;
2024;nutricao;Faculdade de Medicina Estácio de Juazeiro do Norte;CE;401;Privada;;;301-350;11.3;;;301-350;3.3;;;301-350;3.54;;;251-300;4.46;;;;;
2024;nutricao;Faculdade de Tecnologia de Sinop;MT;401;Privada;;;351-400;10.01;;;401-500;1.95;;;1;8;;;501-600;0.06;;;;;
2024;nutricao;Universidade de Vassouras;RJ;401;Privada;;;301-350;11.3;;;401-500;1.65;;;301-350;3.47;;;132;6.18;;;;;
2024;nutricao;Centro Universitário Paraíso;CE;401;Privada;;;301-350;11.82;;;301-350;3.3;;;301-350;3.6;;;201-250;4.92;;;;;
2024;nutricao;Instituto de Pesquisas, Ensino e Gestão em Saúde;RS;401;Privada;;;401-500;8.61;;;301-350;3.74;;;;;;;201-250;4.87;;;;;
2024;nutricao;Faculdade Cesumar de Londrina;PR;401;Privada;;;351-400;9.24;;;251-300;4.29;;;401-500;1.11;;;301-350;3.84;;;;;
2024;nutricao;Centro Universitário do Vale do Ribeira;SP;401;Privada;;;401-500;7.61;;;301-350;3.37;;;401-500;2.17;;;401-500;2.07;;;;;
2024;nutricao;Centro Universitário Sudoeste Paulista;SP;401;Privada;;;401-500;9.15;;;501-600;0.7;;;301-350;3.56;;;201-250;4.89;;;;;
2024;nutricao;Faculdade Multivix de Cachoeiro;ES;401;Privada;;;351-400;10.2;;;201-250;4.73;;;351-400;2.6;;;351-400;2.87;;;;;
2024;nutricao;Instituto Florence de Ensino Superior;MA;401;Privada;;;301-350;11.34;;;401-500;1.73;;;1;8;;;401-500;1.61;;;;;
2024;nutricao;Faculdade Uninassau Garanhuns;PE;401;Privada;;;401-500;8.17;;;351-400;2.56;;;351-400;2.71;;;351-400;2.9;;;;;
2024;nutricao;Faculdade Estácio São Paulo de Rondônia;RO;401;Privada;;;401-500;8.48;;;251-300;4.44;;;351-400;2.47;;;401-500;1.57;;;;;
2024;nutricao;Faculdade Multivix Nova Venécia;ES;401;Privada;;;401-500;8.81;;;201-250;4.73;;;351-400;3;;;401-500;1.08;;;;;
2024;nutricao;Faculdade São Luís de França;SE;401;Privada;;;301-350;11.12;;;351-400;2.96;;;351-400;3.1;;;201-250;5.06;;;;;
2024;nutricao;Centro Universitário Estácio de Ji-paraná;RO;401;Privada;;;401-500;8.06;;;251-300;4.44;;;501-600;0.68;;;351-400;2.94;;;;;
2024;nutricao;Faculdade Internacional da Paraíba;PB;401;Privada;;;301-350;10.53;;;301-350;3.48;;;301-350;3.71;;;301-350;3.34;;;;;
2024;nutricao;Instituto Universitário Una de Conselheiro Lafaiete;MG;401;Privada;;;301-350;11.63;;;401-500;1.29;;;1;8;;;401-500;2.34;;;;;
2024;nutricao;Faculdade Anhanguera de São José;SP;401;Privada;;;401-500;8.79;;;501-600;0.7;;;251-300;3.92;;;251-300;4.17;;;;;
2024;nutricao;Faculdade de Educação Superior de Catalão;GO;401;Privada;;;351-400;9.58;;;501-600;0.96;;;301-350;3.68;;;201-250;4.94;;;;;
2024;nutricao;Faculdade de Enfermagem Nova Esperança de Mossoró;RN;401;Privada;;;301-350;11.76;;;351-400;2.82;;;1;8;;;501-600;0.94;;;;;
2024;nutricao;Instituto Taubaté de Ensino Superior;SP;401;Privada;;;301-350;10.5;;;35;7.53;;;501-600;1.03;;;401-500;1.94;;;;;
2024;nutricao;Centro Universitário Itop;TO;401;Privada;;;401-500;8.8;;;501-600;0.08;;;1;8;;;501-600;0.72;;;;;
2024;nutricao;Centro Universitário Presidente Tancredo de Almeida Neves;MG;401;Privada;;;401-500;8.01;;;401-500;1.29;;;351-400;2.49;;;251-300;4.23;;;;;
2024;nutricao;Faculdade Anhanguera de Itabuna;BA;401;Privada;;;351-400;10.38;;;401-500;2.41;;;301-350;3.28;;;201-250;4.69;;;;;
2024;nutricao;Centro Universitário da Amazônia Belém;PA;401;Privada;;;401-500;8.48;;;351-400;2.9;;;351-400;3.11;;;351-400;2.47;;;;;
2024;nutricao;Centro Universitário Uniftec;RS;401;Privada;;;301-350;11.41;;;301-350;3.74;;;201-250;4.67;;;351-400;3;;;;;
2024;nutricao;Faculdade Anhanguera de Taboão da Serra;SP;401;Privada;;;401-500;9.08;;;501-600;0.7;;;201-250;4.68;;;301-350;3.7;;;;;
2024;nutricao;Faculdade Dom Luis de Orleans e Bragança;BA;401;Privada;;;301-350;11.67;;;401-500;2.41;;;1;8;;;401-500;1.26;;;;;
2024;nutricao;Universidade Santa Úrsula;RJ;401;Privada;;;351-400;10.17;;;401-500;1.65;;;401-500;1.35;;;61;7.17;;;;;
2024;nutricao;Faculdade da Saúde e Ecologia Humana;MG;501;Privada;;;501-600;3.72;;;401-500;1.29;;;401-500;1.61;;;501-600;0.82;;;;;
2024;nutricao;Centro Universitário Una de Uberlândia;MG;501;Privada;;;401-500;7.55;;;401-500;1.29;;;301-350;3.58;;;351-400;2.68;;;;;
2024;nutricao;Instituto de Ensino Superior do Sul do Maranhão;MA;501;Privada;;;501-600;5.3;;;351-400;2.58;;;351-400;2.5;;;501-600;0.22;;;;;
2024;nutricao;Escola de Ensino Superior do Agreste Paraibano;PB;501;Privada;;;401-500;7.34;;;401-500;1.79;;;251-300;4.43;;;401-500;1.12;;;;;
2024;nutricao;Faculdade de Ciências da Saúde Archimedes Theodoro;MG;501;Privada;;;501-600;4.07;;;251-300;4.03;;;;;;;501-600;0.04;;;;;
2024;nutricao;Faculdade Estácio do Amazonas;AM;501;Privada;;;501-600;5.98;;;401-500;1.43;;;501-600;0.9;;;301-350;3.65;;;;;
2024;nutricao;Centro Universitário de Araras;SP;501;Privada;;;501-600;4.22;;;501-600;0.7;;;401-500;1.63;;;401-500;1.89;;;;;
2024;nutricao;Faculdade Frassinetti do Recife;PE;501;Privada;;;401-500;7.14;;;351-400;2.56;;;401-500;2.08;;;351-400;2.5;;;;;
2024;nutricao;Instituto Salvador de Ensino e Cultura;BA;501;Privada;;;501-600;4.11;;;401-500;2.41;;;501-600;0.49;;;401-500;1.21;;;;;
2024;nutricao;Faculdades Integradas de Fernandópolis;SP;501;Privada;;;501-600;6.33;;;401-500;2.09;;;351-400;2.46;;;401-500;1.78;;;;;
2024;nutricao;Faculdade Anhanguera de Sorriso;MT;501;Privada;;;501-600;6.89;;;401-500;1.95;;;301-350;3.15;;;401-500;1.79;;;;;
2024;nutricao;Faculdade Uninassau Arapiraca;AL;501;Privada;;;401-500;7.43;;;501-600;0.77;;;301-350;3.22;;;301-350;3.44;;;;;
2024;nutricao;Centro Universitário Uninovo;PE;501;Privada;;;501-600;5.02;;;351-400;3.04;;;501-600;0.07;;;401-500;1.91;;;;;
2024;nutricao;Faculdade de Ciências e Letras de Bragança Paulista;SP;501;Municipal;;;501-600;4.69;;;251-300;4.04;;;501-600;0.14;;;501-600;0.51;;;;;
2024;nutricao;Centro Universitário Estácio da Amazônia;RR;501;Privada;;;501-600;4.02;;;501-600;0.08;;;501-600;0.93;;;351-400;3.01;;;;;
2024;nutricao;Faculdade da Amazônia;PA;501;Privada;;;501-600;5.83;;;401-500;1.42;;;251-300;4.04;;;501-600;0.37;;;;;
2024;nutricao;Faculdade Santa Casa;BA;501;Privada;;;501-600;5.54;;;401-500;2.41;;;501-600;0.54;;;351-400;2.59;;;;;
2024;nutricao;Faculdade Quirinópolis;GO;501;Privada;;;501-600;4.67;;;501-600;0.96;;;301-350;3.53;;;501-600;0.18;;;;;
2024;nutricao;Faculdade Única de Ipatinga;MG;501;Privada;;;501-600;5.44;;;401-500;1.29;;;301-350;3.82;;;501-600;0.33;;;;;
2024;nutricao;Conservatório Brasileiro de Música;RJ;501;Privada;;;401-500;7.27;;;401-500;1.5;;;401-500;1.57;;;251-300;4.2;;;;;
2024;nutricao;Faculdade Regional de Riachão do Jacuípe;BA;501;Privada;;;401-500;7.46;;;401-500;2.41;;;251-300;4.36;;;501-600;0.69;;;;;
2024;nutricao;Faculdade de Educação São Luís;SP;501;Privada;;;501-600;6.63;;;501-600;0.7;;;301-350;3.49;;;401-500;2.44;;;;;
2024;nutricao;Faculdade Estácio de Alagoas;AL;501;Privada;;;501-600;6.42;;;351-400;3.08;;;501-600;0.75;;;351-400;2.59;;;;;
2024;nutricao;Faculdade de Taquaritinga;SP;501;Privada;;;501-600;3.82;;;501-600;0.7;;;401-500;1.15;;;401-500;1.97;;;;;
2024;nutricao;Faculdade Bezerra de Araújo;RJ;501;Privada;;;501-600;4.74;;;301-350;3.3;;;501-600;0.03;;;401-500;1.41;;;;;
2024;nutricao;Faculdade Maria Thereza;RJ;501;Privada;;;401-500;7.56;;;401-500;1.65;;;501-600;0.24;;;169;5.67;;;;;
2024;nutricao;Faculdade de Guarantã do Norte;MT;501;Privada;;;401-500;7.3;;;401-500;1.95;;;301-350;3.53;;;401-500;1.82;;;;;
2024;nutricao;Faculdade Santa Rita de Cássia;GO;501;Privada;;;501-600;3.43;;;501-600;0.96;;;501-600;0.21;;;401-500;2.26;;;;;
2024;nutricao;Faculdades Aggeu Magalhães;PE;501;Privada;;;501-600;3.36;;;351-400;2.56;;;501-600;0.61;;;501-600;0.19;;;;;
2024;nutricao;Faculdades Reunidas da Asce;RJ;501;Privada;;;501-600;5.6;;;401-500;1.65;;;301-350;3.53;;;501-600;0.42;;;;;
2024;nutricao;Centro Universitário Brasília do Estado de Goiás;GO;501;Privada;;;501-600;3.33;;;501-600;0.96;;;401-500;2.11;;;501-600;0.26;;;;;
2024;nutricao;Centro Universitário La Salle do Rio de Janeiro;RJ;501;Privada;;;401-500;7.47;;;401-500;1.65;;;501-600;0.22;;;174;5.6;;;;;
2024;nutricao;Faculdade Uninassau Olinda;PE;501;Privada;;;501-600;5.96;;;351-400;2.56;;;401-500;1.21;;;401-500;2.19;;;;;
2024;nutricao;Centro Universitário Estácio Meta de Rio Branco Estácio;AC;501;Privada;;;501-600;2.95;;;401-500;1.44;;;401-500;1.36;;;501-600;0.15;;;;;
2024;nutricao;Faculdades Integradas do Ceará;CE;501;Privada;;;501-600;3.39;;;301-350;3.3;;;501-600;0.06;;;501-600;0.03;;;;;
2024;nutricao;Faculdade Santo Antonio de Itabuna;BA;501;Privada;;;501-600;2.41;;;401-500;2.41;;;;;;;;;;;;;
2024;nutricao;Centro Universitário de Barra Mansa;RJ;501;Privada;;;401-500;7.24;;;301-350;3.59;;;401-500;1.51;;;401-500;2.14;;;;;
2024;nutricao;Faculdade Anhanguera de Primavera do Leste;MT;501;Privada;;;401-500;7.14;;;401-500;1.95;;;351-400;2.76;;;401-500;2.43;;;;;
2024;nutricao;Faculdade para o Desenvolvimento Sustentável da Amazônia;PA;501;Privada;;;501-600;2.6;;;401-500;1.42;;;501-600;0.83;;;501-600;0.35;;;;;
2024;nutricao;Centro Universitário Fundação de Ensino Octávio Bastos;SP;501;Privada;;;501-600;1.95;;;501-600;0.7;;;501-600;0.86;;;501-600;0.39;;;;;
2024;nutricao;Faculdades Integradas Asmec;MG;501;Privada;;;401-500;7.01;;;188;5.43;;;501-600;0.64;;;501-600;0.94;;;;;
2024;nutricao;Centro Universitário Maurício de Nassau Paulista;PE;501;Privada;;;401-500;7.19;;;351-400;2.97;;;401-500;2.04;;;401-500;2.18;;;;;
2024;nutricao;Faculdade Presidente Antônio Carlos de Uberlândia;MG;501;Privada;;;501-600;4.29;;;401-500;1.29;;;401-500;1.28;;;401-500;1.72;;;;;
2024;nutricao;Faculdades Integradas dos Campos Gerais;PR;501;Privada;;;501-600;6.09;;;201-250;5.07;;;501-600;0.56;;;501-600;0.46;;;;;
2024;nutricao;Centro Universitário Estácio de São Paulo;SP;501;Privada;;;401-500;7.55;;;501-600;0.7;;;401-500;1.22;;;172;5.63;;;;;
2024;nutricao;Centro Universitário Estácio de Goiás;GO;501;Privada;;;501-600;5.67;;;501-600;0.96;;;401-500;1.42;;;301-350;3.29;;;;;
2024;nutricao;Centro Universitário de Excelência Eniac;SP;501;Privada;;;501-600;6.28;;;501-600;0.7;;;351-400;2.93;;;351-400;2.65;;;;;
2024;nutricao;Centro Universitário Maurício de Nassau do Rio de Janeiro;RJ;501;Privada;;;501-600;6.94;;;401-500;1.65;;;401-500;1.68;;;301-350;3.61;;;;;
2024;nutricao;Centro Universitário de Tecnologia de Curitiba;PR;501;Privada;;;401-500;7.42;;;251-300;4.29;;;501-600;0.33;;;351-400;2.8;;;;;
2024;nutricao;Faculdade de Boa Vista;RR;501;Privada;;;501-600;2.51;;;501-600;0.08;;;401-500;1.49;;;501-600;0.94;;;;;
2024;nutricao;Faculdade Estácio do Pantanal;MT;501;Privada;;;501-600;5.89;;;401-500;1.95;;;401-500;2.44;;;401-500;1.5;;;;;
2024;nutricao;Faculdade Presidente Antônio Carlos de Teófilo Otoni;MG;501;Privada;;;501-600;2.97;;;401-500;1.47;;;401-500;1.32;;;501-600;0.18;;;;;
2024;nutricao;Faculdade Master de Parauapebas;PA;501;Privada;;;501-600;1.82;;;401-500;1.42;;;501-600;0.39;;;501-600;0.01;;;;;
2024;nutricao;Faculdade Estácio Macapá;AP;501;Privada;;;501-600;4.78;;;401-500;1.65;;;501-600;0.97;;;401-500;2.16;;;;;
2024;nutricao;Faculdade São Francisco do Ceará;CE;501;Privada;;;501-600;5.87;;;301-350;3.3;;;401-500;1.43;;;401-500;1.14;;;;;
2024;nutricao;Faculdade Estácio de Teresina;PI;501;Privada;;;501-600;5.8;;;401-500;2.03;;;401-500;1.25;;;351-400;2.52;;;;;
2024;nutricao;Centro Universitário do Vale do Araguaia;MT;501;Privada;;;501-600;6.09;;;351-400;2.85;;;401-500;2.01;;;401-500;1.23;;;;;
2024;nutricao;Faculdade Fasipe de Sorriso;MT;501;Privada;;;501-600;5.75;;;401-500;1.95;;;301-350;3.26;;;501-600;0.54;;;;;
2024;nutricao;Faculdade Estácio de Pimenta Bueno;RO;501;Privada;;;501-600;5.92;;;251-300;4.44;;;501-600;1.01;;;501-600;0.47;;;;;
2024;nutricao;Faculdade da Cidade de Maceió;AL;501;Privada;;;501-600;1.37;;;501-600;0.77;;;;;;;501-600;0.6;;;;;
2024;nutricao;Centro Universitário Fasipe;MT;501;Privada;;;401-500;7.04;;;351-400;3.01;;;351-400;2.68;;;401-500;1.35;;;;;
2024;nutricao;Centro Universitário Cambury;GO;501;Privada;;;501-600;1.11;;;501-600;0.96;;;501-600;0.01;;;501-600;0.14;;;;;
2024;nutricao;Centro Universitário Tiradentes de Pernambuco;PE;501;Privada;;;501-600;6.15;;;351-400;2.56;;;501-600;0.44;;;351-400;3.15;;;;;
2024;nutricao;Universidade Alto Vale do Rio do Peixe;SC;501;Privada;;;401-500;7.5;;;251-300;3.92;;;401-500;2.19;;;401-500;1.39;;;;;
2024;nutricao;Centro Regional Universitário de Espírito Santo do Pinhal;SP;501;Privada;;;501-600;2.47;;;501-600;0.7;;;501-600;0.06;;;401-500;1.71;;;;;
2024;nutricao;Faculdade Gran Tietê;SP;501;Privada;;;501-600;5.14;;;501-600;0.7;;;301-350;3.79;;;501-600;0.65;;;;;
2024;nutricao;Faculdade Anhanguera de Rondonópolis;MT;501;Privada;;;501-600;6.35;;;401-500;1.95;;;351-400;2.81;;;401-500;1.59;;;;;
2024;nutricao;Faculdade Ciências da Vida;MG;501;Privada;;;501-600;6.71;;;184;5.49;;;501-600;0.42;;;501-600;0.8;;;;;
2024;nutricao;Centro Universitário Maurício de Nassau de Paranáiba;PI;501;Privada;;;401-500;7.4;;;351-400;2.61;;;351-400;2.96;;;401-500;1.83;;;;;
2024;nutricao;Faculdade Educaremt;MT;501;Privada;;;501-600;3.2;;;401-500;1.95;;;501-600;0.31;;;501-600;0.94;;;;;
2024;nutricao;Unama Faculdade da Amazônia de Boa Vista;RR;501;Privada;;;501-600;3.62;;;501-600;0.08;;;351-400;2.97;;;501-600;0.57;;;;;
2024;nutricao;Faculdade Sogipa de Educação Física;RS;501;Privada;;;501-600;5.89;;;301-350;3.74;;;401-500;1.19;;;501-600;0.96;;;;;
2024;nutricao;Centro Universitário do Sudeste Mineiro;MG;501;Privada;;;501-600;2.44;;;401-500;1.29;;;501-600;0.51;;;501-600;0.64;;;;;
2024;nutricao;Centro Universitário do Recife;PE;501;Privada;;;401-500;7.08;;;351-400;2.56;;;401-500;1.97;;;351-400;2.55;;;;;
2024;nutricao;Faculdades Integradas Einstein de Limeira;SP;501;Privada;;;501-600;6.35;;;501-600;0.7;;;351-400;2.74;;;351-400;2.91;;;;;
2024;nutricao;Centro Universitário Tabosa de Almeida;PE;501;Privada;;;401-500;7.19;;;351-400;2.69;;;401-500;2.42;;;401-500;2.08;;;;;
2024;nutricao;Instituto de Serra Dourada;SP;501;Privada;;;501-600;2.59;;;501-600;0.7;;;401-500;1.18;;;501-600;0.71;;;;;
2024;nutricao;Centro Universitário Maurício de Nassau de Barreiras;BA;501;Privada;;;401-500;7.23;;;401-500;2.41;;;251-300;4.15;;;501-600;0.67;;;;;
2024;nutricao;Faculdade de Mauá;SP;501;Privada;;;501-600;3.68;;;351-400;2.6;;;501-600;0.83;;;501-600;0.25;;;;;
2024;nutricao;Faculdade Irecê;BA;501;Privada;;;501-600;3.06;;;401-500;2.41;;;501-600;0.54;;;501-600;0.11;;;;;
2024;nutricao;Centro Universitário Campo Limpo Paulista;SP;501;Privada;;;501-600;3;;;501-600;0.7;;;401-500;1.81;;;501-600;0.49;;;;;
2024;nutricao;Faculdade Municipal Professor Franco Montoro de Mogi Guaçu;SP;501;Municipal;;;401-500;7.22;;;301-350;3.42;;;;;;;301-350;3.8;;;;;
2025;nutricao;Universidade de São Paulo;SP;1;Estadual;1;30;1;68.75;;;24;7.69;;;1;8;;;9;7.89;1;40;1;65;5.17
2025;nutricao;Universidade Federal de Minas Gerais;MG;2;Federal;2;29.9;3;66.81;;;5;7.95;;;1;8;;;11;7.86;2;39.09;2;163;3.91
2025;nutricao;Universidade Estadual de Campinas;SP;3;Estadual;4;29.69;2;66.99;;;24;7.69;;;1;8;;;17;7.78;2;39.09;3;123;4.43
2025;nutricao;Universidade Federal do Rio de Janeiro;RJ;4;Federal;4;29.69;3;66.81;;;44;7.41;;;1;8;;;34;7.55;2;39.09;4;97;4.76
2025;nutricao;Universidade Estadual Paulista Júlio de Mesquita Filho;SP;5;Estadual;4;29.69;5;65.1;;;13;7.84;;;1;8;;;1;8;5;36.36;5;86;4.9
2025;nutricao;Universidade Federal de Santa Catarina;SC;6;Federal;11;28.97;6;64.17;;;14;7.82;;;1;8;;;14;7.82;5;36.36;6;143;4.17
2025;nutricao;Universidade Federal de Viçosa;MG;7;Federal;32;26.82;7;63.28;;;6;7.93;;;1;8;;;16;7.79;5;36.36;7;201-250;3.2
2025;nutricao;Universidade Federal da Paraíba;PB;8;Federal;11;28.97;9;60.57;;;63;7.16;;;1;8;;;31;7.59;10;31.82;8;1;6
2025;nutricao;Universidade Federal do Rio Grande do Sul;RS;9;Federal;11;28.97;10;60.1;;;1;8;;;1;8;;;25;7.67;10;31.82;9;109;4.61
2025;nutricao;Universidade Federal de Pernambuco;PE;10;Federal;4;29.69;14;59.31;;;39;7.48;;;1;8;;;39;7.48;10;31.82;10;115;4.53
2025;nutricao;Universidade Federal de São Paulo;SP;11;Federal;32;26.82;8;62.16;;;42;7.44;;;1;8;;;1;8;5;36.36;11;251-300;2.36
2025;nutricao;Universidade de Brasília;DF;12;Federal;11;28.97;13;59.59;;;10;7.88;;;1;8;;;44;7.41;10;31.82;12;119;4.48
2025;nutricao;Universidade do Estado do Rio de Janeiro;RJ;13;Estadual;4;29.69;15;58.8;;;47;7.37;;;201-250;4.65;;;38;7.49;5;36.36;13;201-250;2.93
2025;nutricao;Universidade Federal da Bahia;BA;14;Federal;4;29.69;16;58.25;;;18;7.77;;;1;8;;;81;6.9;10;31.82;14;175;3.76
2025;nutricao;Universidade Federal Fluminense;RJ;15;Federal;11;28.97;17;57.93;;;15;7.81;;;1;8;;;29;7.62;10;31.82;15;251-300;2.68
2025;nutricao;Universidade Federal do Paraná;PR;16;Federal;32;26.82;11;59.9;;;3;7.97;;;1;8;;;35;7.53;10;31.82;16;111;4.58
2025;nutricao;Universidade Federal de Uberlândia;MG;17;Federal;32;26.82;12;59.82;;;8;7.91;;;1;8;;;46;7.38;10;31.82;17;101;4.71
2025;nutricao;Universidade Federal do Rio Grande do Norte;RN;18;Federal;32;26.82;18;57.61;;;36;7.52;;;1;8;;;85;6.85;10;31.82;18;201-250;3.42
2025;nutricao;Universidade Federal do Estado do Rio de Janeiro;RJ;19;Federal;32;26.82;19;57.42;;;32;7.58;;;1;8;;;36;7.52;10;31.82;19;251-300;2.5
2025;nutricao;Universidade Presbiteriana Mackenzie;SP;20;Privada;32;26.82;21;54.16;;;73;7.02;;;251-300;4.26;;;83;6.87;10;31.82;1;141;4.19
2025;nutricao;Centro Universitário São Camilo;SP;21;Privada;11;28.97;22;49.7;;;72;7.03;;;301-350;3.66;;;201-250;4.94;10;31.82;2;251-300;2.25
2025;nutricao;Universidade Paulista;SP;22;Privada;2;29.9;24;46.5;;;123;6.34;;;301-350;3.38;;;251-300;3.99;10;31.82;3;351-400;0.97
2025;nutricao;Universidade Federal de Goiás;GO;23;Federal;11;28.97;25;46.43;;;12;7.85;;;1;8;;;28;7.63;25;18.18;20;96;4.77
2025;nutricao;Universidade Federal de Juiz de Fora;MG;24;Federal;11;28.97;27;44.78;;;38;7.5;;;1;8;;;51;7.31;25;18.18;21;172;3.79
2025;nutricao;Universidade Estadual do Ceará;CE;25;Estadual;32;26.82;23;46.53;;;31;7.59;;;1;8;;;91;6.76;25;18.18;22;1;6
2025;nutricao;Universidade de Pernambuco;PE;26;Estadual;11;28.97;29;42.15;;;122;6.35;;;1;8;;;23;7.7;25;18.18;23;301-350;1.92
2025;nutricao;Universidade Federal de Alfenas;MG;27;Federal;32;26.82;28;43.73;;;65;7.13;;;1;8;;;19;7.75;25;18.18;24;251-300;2.67
2025;nutricao;Pontifícia Universidade Católica do Paraná;PR;28;Privada;11;28.97;32;40.56;;;54;7.28;;;251-300;4.4;;;98;6.67;25;18.18;4;154;4.03
2025;nutricao;Universidade Federal de Pelotas;RS;29;Federal;32;26.82;30;41.45;;;129;6.26;;;1;8;;;170;5.68;25;18.18;25;201-250;3.33
2025;nutricao;Universidade Cruzeiro do Sul;SP;30;Privada;32;26.82;31;41.07;;;251-300;4.59;;;501-600;0.76;;;301-350;3.23;10;31.82;5;401-500;0.67
2025;nutricao;Universidade Federal de Ouro Preto;MG;31;Federal;96;20.24;26;44.97;;;28;7.63;;;1;8;;;18;7.77;25;18.18;26;201-250;3.39
2025;nutricao;Universidade São Judas Tadeu;SP;32;Privada;11;28.97;35;35.89;;;98;6.68;;;301-350;3.48;;;108;6.53;25;18.18;6;351-400;1.02
2025;nutricao;Universidade Estácio de Sá;RJ;33;Privada;11;28.97;37;34.56;;;301-350;3.27;;;401-500;2.08;;;59;7.2;25;18.18;7;169;3.83
2025;nutricao;Centro Universitário Una;MG;34;Privada;32;26.82;34;35.95;;;201-250;5.17;;;201-250;4.83;;;130;6.23;25;18.18;8;301-350;1.54
2025;nutricao;Universidade Anhembi Morumbi;SP;35;Privada;32;26.82;40;33.4;;;120;6.38;;;351-400;2.69;;;201-250;5.03;25;18.18;9;351-400;1.12
2025;nutricao;Universidade Vila Velha;ES;36;Privada;96;20.24;33;38.49;;;58;7.22;;;251-300;4.06;;;161;5.8;25;18.18;10;201-250;3.23
2025;nutricao;Universidade Potiguar;RN;37;Privada;32;26.82;41;30.03;;;301-350;3.31;;;351-400;2.63;;;201-250;4.77;25;18.18;11;351-400;1.14
2025;nutricao;Universidade Federal do Pará;PA;38;Federal;11;28.97;51;27.19;;;70;7.06;;;1;8;;;55;7.26;;;27;89;4.87
2025;nutricao;Universidade de Mogi das Cruzes;SP;39;Privada;96;20.24;36;35.74;;;201-250;4.89;;;251-300;4.39;;;351-400;3.08;25;18.18;12;63;5.2
2025;nutricao;Centro Universitário Maurício de Nassau;PE;40;Privada;32;26.82;42;29.03;;;351-400;3.14;;;351-400;2.54;;;351-400;2.82;25;18.18;13;251-300;2.35
2025;nutricao;Universidade Federal de Sergipe;SE;41;Federal;11;28.97;57;26.36;;;40;7.47;;;1;8;;;78;6.94;;;28;160;3.95
2025;nutricao;Universidade Cidade de São Paulo;SP;42;Privada;32;26.82;44;28.35;;;351-400;3.15;;;401-500;2.01;;;301-350;3.51;25;18.18;14;301-350;1.5
2025;nutricao;Centro Universitário Fmabc;SP;43;Privada;;;20;54.78;;;124;6.32;;;1;8;;;151;5.94;10;31.82;15;251-300;2.7
2025;nutricao;Universidade Federal de Alagoas;AL;44;Federal;32;26.82;46;27.66;;;23;7.7;;;1;8;;;47;7.37;;;29;110;4.59
2025;nutricao;Universidade Tuiuti do Paraná;PR;45;Privada;96;20.24;38;34.22;;;143;6.07;;;351-400;2.64;;;301-350;3.55;25;18.18;16;173;3.78
2025;nutricao;Universidade do Estado da Bahia;BA;46;Estadual;11;28.97;63;25.39;;;21;7.73;;;1;8;;;102;6.61;;;30;201-250;3.05
2025;nutricao;Universidade Estadual do Oeste do Paraná;PR;47;Estadual;32;26.82;47;27.29;;;75;6.99;;;1;8;;;125;6.3;;;31;1;6
2025;nutricao;Universidade Federal de Mato Grosso;MT;48;Federal;32;26.82;53;27.03;;;41;7.46;;;1;8;;;107;6.54;;;32;76;5.03
2025;nutricao;Universidade Metodista de Piracicaba;SP;49;Privada;96;20.24;39;33.45;;;251-300;4.44;;;301-350;3.2;;;109;6.52;25;18.18;17;351-400;1.11
2025;nutricao;Universidade Federal de Santa Maria;RS;50;Federal;32;26.82;55;26.73;;;62;7.17;;;1;8;;;40;7.46;;;33;148;4.1
2025;nutricao;Universidade Federal do Triângulo Mineiro;MG;51;Federal;32;26.82;56;26.46;;;66;7.11;;;1;8;;;10;7.88;;;34;197;3.47
2025;nutricao;Universidade Federal do Piauí;PI;52;Federal;32;26.82;58;26.09;;;53;7.29;;;1;8;;;149;5.97;;;35;92;4.83
2025;nutricao;Universidade Estadual de Londrina;PR;53;Estadual;11;28.97;76;23.11;;;7;7.92;;;1;8;;;60;7.19;;;36;;
2025;nutricao;Universidade do Oeste Paulista;SP;54;Privada;32;26.82;65;25.12;;;19;7.76;;;183;5.5;;;157;5.86;;;18;1;6
2025;nutricao;Universidade Cesumar;PR;55;Privada;32;26.82;68;24.5;;;82;6.9;;;201-250;5.09;;;52;7.3;;;19;62;5.21
2025;nutricao;Universidade do Vale do Rio dos Sinos;RS;56;Privada;32;26.82;72;23.58;;;89;6.8;;;193;5.36;;;65;7.12;;;20;133;4.3
2025;nutricao;Pontifícia Universidade Católica do Rio Grande do Sul;RS;57;Privada;11;28.97;96;21.36;;;158;5.86;;;251-300;4.47;;;48;7.35;;;21;181;3.68
2025;nutricao;Centro Universitário Facvest;SC;58;Privada;32;26.82;75;23.19;;;201-250;5.08;;;1;8;;;159;5.83;;;22;134;4.28
2025;nutricao;Universidade Positivo;PR;59;Privada;32;26.82;79;22.95;;;17;7.78;;;201-250;4.96;;;128;6.25;;;23;159;3.96
2025;nutricao;Universidade de Ribeirão Preto;SP;60;Privada;32;26.82;86;22.53;;;22;7.71;;;251-300;3.89;;;56;7.24;;;24;180;3.69
2025;nutricao;Centro Universitário de Ensino, Ciência e Tecnologia do Paraná;PR;61;Privada;96;20.24;43;28.55;;;401-500;1.25;;;176;5.6;;;301-350;3.52;25;18.18;25;;
2025;nutricao;Centro Universitário de Várzea Grande;MT;62;Privada;32;26.82;99;21.16;;;33;7.56;;;181;5.53;;;122;6.34;;;26;301-350;1.73
2025;nutricao;Universidade de Caxias do Sul;RS;63;Privada;32;26.82;106;20.69;;;52;7.31;;;351-400;3.12;;;143;6.05;;;27;140;4.21
2025;nutricao;Universidade Federal do Maranhão;MA;64;Federal;96;20.24;49;27.23;;;26;7.66;;;1;8;;;49;7.34;;;37;138;4.23
2025;nutricao;Universidade Nove de Julho;SP;65;Privada;32;26.82;108;20.62;;;401-500;2.43;;;173;5.64;;;57;7.23;;;28;54;5.32
2025;nutricao;Universidade Federal do Recôncavo da Bahia;BA;65;Federal;96;20.24;50;27.2;;;15;7.81;;;1;8;;;191;5.39;;;38;1;6
2025;nutricao;Universidade Federal do Espírito Santo;ES;67;Federal;96;20.24;52;27.15;;;30;7.61;;;1;8;;;26;7.66;;;39;165;3.88
2025;nutricao;Universidade Federal de Lavras;MG;68;Federal;96;20.24;54;27;;;20;7.74;;;1;8;;;12;7.85;;;40;201-250;3.41
2025;nutricao;Universidade de Marília;SP;69;Privada;32;26.82;125;19.99;;;127;6.28;;;201-250;4.89;;;251-300;4.26;;;29;113;4.56
2025;nutricao;Universidade de Cuiabá;MT;70;Privada;32;26.82;128;19.92;;;156;5.89;;;1;8;;;184;5.49;;;30;401-500;0.54
2025;nutricao;Centro Universitário Fametro;CE;71;Privada;32;26.82;129;19.91;;;85;6.86;;;187;5.44;;;251-300;4.11;;;31;195;3.5
2025;nutricao;Universidade do Grande Rio Professor José de Souza Herdy;RJ;72;Privada;32;26.82;132;19.8;;;201-250;4.8;;;1;8;;;301-350;3.79;;;32;201-250;3.21
2025;nutricao;Pontifícia Universidade Católica de Minas Gerais;MG;73;Privada;4;29.69;201-250;16.81;;;79;6.94;;;401-500;1.42;;;174;5.62;;;33;201-250;2.83
2025;nutricao;Centro Universitário de Viçosa;MG;74;Privada;96;20.24;59;26.01;;;134;6.19;;;1;8;;;32;7.57;;;34;137;4.25
2025;nutricao;Pontifícia Universidade Católica de Campinas;SP;75;Privada;32;26.82;142;19.41;;;60;7.2;;;501-600;0.87;;;79;6.93;;;35;124;4.41
2025;nutricao;Fundação Universidade Federal do Tocantins;TO;76;Federal;96;20.24;60;25.83;;;115;6.45;;;1;8;;;58;7.22;;;41;144;4.16
2025;nutricao;Centro Universitário do Rio Grande do Norte;RN;77;Privada;96;20.24;61;25.64;;;51;7.32;;;1;8;;;133;6.19;;;36;146;4.13
2025;nutricao;Universidade Veiga de Almeida;RJ;78;Privada;32;26.82;157;18.88;;;131;6.23;;;401-500;2.16;;;163;5.77;;;37;100;4.72
2025;nutricao;Fundação Universidade Federal da Grande Dourados;MS;79;Federal;96;20.24;62;25.45;;;92;6.76;;;1;8;;;42;7.44;;;42;201-250;3.25
2025;nutricao;Universidade Federal dos Vales do Jequitinhonha e Mucuri;MG;80;Federal;96;20.24;63;25.39;;;113;6.47;;;1;8;;;24;7.68;;;43;201-250;3.24
2025;nutricao;Universidade Regional Integrada do Alto Uruguai e das Missões;RS;81;Privada;32;26.82;162;18.75;;;33;7.56;;;501-600;0.62;;;138;6.12;;;38;121;4.45
2025;nutricao;Universidade Federal do Amazonas;AM;82;Federal;32;26.82;163;18.73;;;351-400;2.69;;;1;8;;;301-350;3.41;;;44;107;4.63
2025;nutricao;Universidade Católica de Brasília;DF;83;Privada;11;28.97;201-250;16.5;;;157;5.87;;;351-400;2.76;;;176;5.6;;;39;251-300;2.27
2025;nutricao;Universidade Estadual do Centro Oeste;PR;84;Estadual;96;20.24;66;24.98;;;192;5.4;;;1;8;;;67;7.09;;;45;118;4.49
2025;nutricao;Universidade Professor Edson Antônio Velano;MG;85;Privada;32;26.82;182;18.06;;;301-350;3.67;;;201-250;5.17;;;121;6.35;;;40;201-250;2.87
2025;nutricao;Centro Universitário da Grande Dourados;MS;86;Privada;32;26.82;186;18.02;;;67;7.1;;;178;5.57;;;351-400;3.19;;;41;251-300;2.16
2025;nutricao;Universidade Federal de Campina Grande;PB;87;Federal;96;20.24;67;24.55;;;119;6.39;;;1;8;;;113;6.46;;;46;179;3.7
2025;nutricao;Centro Universitário de João Pessoa;PB;88;Privada;11;28.97;251-300;15.72;;;251-300;4.09;;;201-250;5.22;;;351-400;2.6;;;42;171;3.81
2025;nutricao;Universidade Federal de Mato Grosso do Sul;MS;89;Federal;96;20.24;69;24.4;;;59;7.21;;;186;5.46;;;27;7.64;;;47;149;4.09
2025;nutricao;Universidade de Passo Fundo;RS;90;Privada;32;26.82;201-250;17.28;;;159;5.85;;;401-500;2.49;;;201-250;5;;;43;161;3.94
2025;nutricao;Universidade de Fortaleza;CE;91;Privada;32;26.82;201-250;16.73;;;150;5.97;;;301-350;3.33;;;251-300;4.33;;;44;201-250;3.1
2025;nutricao;Fundação Universidade Federal do Pampa;RS;92;Federal;96;20.24;77;22.99;;;201-250;4.62;;;1;8;;;22;7.71;;;48;251-300;2.66
2025;nutricao;Centro Universitário Univel;PR;93;Privada;32;26.82;201-250;16.27;;;74;7.01;;;251-300;3.99;;;351-400;3.18;;;45;301-350;2.09
2025;nutricao;Universidade La Salle;RS;94;Privada;96;20.24;83;22.7;;;193;5.38;;;1;8;;;71;7.04;;;46;251-300;2.28
2025;nutricao;Centro Universitário Facol;PE;94;Privada;96;20.24;83;22.7;;;401-500;1.72;;;1;8;;;75;6.98;;;46;1;6
2025;nutricao;Faculdade de Ensino Superior do Interior Paulista;SP;96;Privada;96;20.24;85;22.68;;;107;6.56;;;1;8;;;401-500;2.12;;;48;1;6
2025;nutricao;Pontifícia Universidade Católica de Goiás;GO;97;Privada;11;28.97;301-350;13.92;;;102;6.62;;;501-600;0.95;;;351-400;2.61;;;49;176;3.74
2025;nutricao;Universidade Católica de Pernambuco;PE;98;Privada;11;28.97;301-350;13.75;;;145;6.04;;;501-600;0.55;;;62;7.16;;;50;;
2025;nutricao;Universidade do Vale do Itajaí;SC;99;Privada;32;26.82;201-250;15.87;;;162;5.81;;;201-250;4.76;;;251-300;3.97;;;51;351-400;1.33
2025;nutricao;Instituto Federal de Educação, Ciência e Tecnologia do Ceará;CE;100;Federal;96;20.24;91;22.32;;;129;6.26;;;1;8;;;301-350;3.7;;;49;128;4.36
2025;nutricao;Centro Universitário Santo Agostinho;PI;101;Privada;32;26.82;251-300;15.63;;;155;5.9;;;301-350;3.42;;;251-300;4.21;;;52;301-350;2.1
2025;nutricao;Centro Universitário Ceuni;AM;102;Privada;32;26.82;251-300;15.61;;;301-350;3.71;;;251-300;4.11;;;401-500;2.46;;;53;53;5.33
2025;nutricao;Centro Universitário de Brasília;DF;103;Privada;32;26.82;251-300;15.57;;;128;6.27;;;401-500;1.91;;;401-500;2.32;;;54;73;5.07
2025;nutricao;Centro Universitário Campos de Andrade;PR;104;Privada;96;20.24;93;21.98;;;179;5.57;;;1;8;;;301-350;3.42;;;55;79;4.99
2025;nutricao;Universidade Regional do Noroeste do Estado do Rio Grande do Sul;RS;105;Privada;32;26.82;251-300;15.34;;;159;5.85;;;301-350;3.73;;;183;5.5;;;56;401-500;0.26
2025;nutricao;Centro Universitário Assis Gurgacz;PR;106;Privada;32;26.82;251-300;15.26;;;121;6.37;;;201-250;5.07;;;401-500;1.17;;;57;251-300;2.65
2025;nutricao;Centro Universitário Multivix Vitória;ES;107;Privada;96;20.24;95;21.7;;;116;6.43;;;251-300;4.43;;;201-250;4.84;;;58;1;6
2025;nutricao;Centro Universitário São Lucas Porto Velho;RO;108;Privada;32;26.82;251-300;15.04;;;97;6.69;;;176;5.6;;;401-500;1.7;;;59;351-400;1.05
2025;nutricao;Universidade do Sul de Santa Catarina;SC;109;Privada;32;26.82;251-300;14.9;;;251-300;4.43;;;301-350;3.62;;;201-250;4.72;;;60;301-350;2.13
2025;nutricao;Centro Universitário - Uniesp;PB;110;Privada;32;26.82;251-300;14.74;;;188;5.45;;;351-400;3.19;;;401-500;1.88;;;61;139;4.22
2025;nutricao;Centro Universitário Filadélfia;PR;111;Privada;32;26.82;251-300;14.71;;;132;6.22;;;251-300;4.34;;;351-400;2.72;;;62;351-400;1.43
2025;nutricao;Centro Universitário Ingá;PR;112;Privada;96;20.24;97;21.23;;;251-300;4.54;;;1;8;;;168;5.7;;;63;201-250;2.99
2025;nutricao;Centro Universitário Campo Real;PR;113;Privada;96;20.24;98;21.17;;;9;7.89;;;251-300;4.5;;;351-400;2.78;;;64;1;6
2025;nutricao;Centro Universitário Celso Lisboa;RJ;114;Privada;96;20.24;100;21.12;;;301-350;3.42;;;1;8;;;69;7.07;;;65;251-300;2.63
2025;nutricao;Centro Universitário Dinâmica das Cataratas;PR;115;Privada;96;20.24;103;21.05;;;301-350;3.46;;;1;8;;;201-250;4.67;;;66;85;4.92
2025;nutricao;Universidade Salvador;BA;116;Privada;32;26.82;301-350;14.17;;;301-350;3.79;;;301-350;3.35;;;201-250;5.17;;;67;301-350;1.86
2025;nutricao;Universidade Católica Dom Bosco;MS;117;Privada;96;20.24;107;20.63;;;201-250;5.23;;;1;8;;;201-250;4.78;;;68;251-300;2.62
2025;nutricao;Universidade Pitágoras Unopar Anhanguera;PR;118;Privada;32;26.82;301-350;13.99;;;401-500;1.25;;;201-250;4.98;;;64;7.13;;;69;401-500;0.63
2025;nutricao;Universidade Anhanguera;MS;119;Privada;96;20.24;113;20.49;;;201-250;5.03;;;1;8;;;61;7.18;;;70;401-500;0.28
2025;nutricao;Centro Universitário de Volta Redonda;RJ;120;Privada;96;20.24;114;20.47;;;301-350;3.57;;;1;8;;;106;6.56;;;71;251-300;2.34
2025;nutricao;Universidade Tiradentes;SE;121;Privada;32;26.82;301-350;13.87;;;301-350;3.26;;;401-500;2.42;;;251-300;4.55;;;72;184;3.64
2025;nutricao;Centro Universitário Integrado de Campo Mourão;PR;122;Privada;96;20.24;121;20.22;;;201-250;5.12;;;1;8;;;105;6.57;;;73;401-500;0.53
2025;nutricao;Universidade do Estado de Minas Gerais;MG;123;Estadual;96;20.24;122;20.1;;;201-250;4.73;;;1;8;;;193;5.36;;;50;301-350;2.01
2025;nutricao;Centro Universitário Cesmac;AL;124;Privada;32;26.82;351-400;13.43;;;177;5.6;;;401-500;1.14;;;401-500;2.19;;;74;117;4.5
2025;nutricao;Universidade Feevale;RS;125;Privada;96;20.24;125;19.99;;;91;6.77;;;301-350;3.79;;;100;6.64;;;75;201-250;2.79
2025;nutricao;Universidade do Vale do Taquari;RS;126;Privada;96;20.24;130;19.9;;;251-300;4.05;;;174;5.62;;;80;6.91;;;76;201-250;3.32
2025;nutricao;União das Faculdades dos Grandes Lagos;SP;127;Privada;96;20.24;133;19.74;;;201-250;4.85;;;1;8;;;185;5.47;;;77;351-400;1.42
2025;nutricao;Centro Universitário Santa Rita;MG;128;Privada;96;20.24;134;19.71;;;166;5.75;;;201-250;5.22;;;77;6.96;;;78;301-350;1.78
2025;nutricao;Centro Universitário Inta;CE;129;Privada;96;20.24;136;19.62;;;251-300;3.97;;;1;8;;;301-350;3.34;;;79;132;4.31
2025;nutricao;Centro Universitário Brasileiro;PE;130;Privada;96;20.24;137;19.53;;;201-250;5.26;;;351-400;2.9;;;101;6.63;;;80;99;4.74
2025;nutricao;Centro Universitário Autônomo do Brasil;PR;131;Privada;96;20.24;138;19.5;;;110;6.51;;;251-300;4.21;;;129;6.24;;;81;251-300;2.54
2025;nutricao;Centro Universitário da Vitória de Santo Antão;PE;132;Privada;96;20.24;139;19.48;;;351-400;2.97;;;1;8;;;150;5.95;;;82;251-300;2.56
2025;nutricao;Centro Universitário Santa Maria;PB;133;Privada;96;20.24;140;19.47;;;251-300;4.23;;;1;8;;;251-300;4.36;;;83;201-250;2.88
2025;nutricao;Centro Universitário de Excelência;BA;134;Privada;96;20.24;141;19.46;;;201-250;4.69;;;1;8;;;145;6.02;;;84;401-500;0.75
2025;nutricao;Faculdade de Minas BH;MG;135;Privada;96;20.24;143;19.39;;;80;6.92;;;251-300;3.93;;;136;6.14;;;85;251-300;2.4
2025;nutricao;Centro Universitário Fibra;PA;136;Privada;96;20.24;145;19.37;;;251-300;4.55;;;175;5.61;;;251-300;3.93;;;86;57;5.28
2025;nutricao;Centro Universitário Uninovafapi;PI;137;Privada;96;20.24;146;19.34;;;201-250;4.81;;;1;8;;;201-250;5.24;;;87;351-400;1.29
2025;nutricao;Centro Universitário de Patos de Minas;MG;138;Privada;96;20.24;147;19.24;;;35;7.54;;;251-300;4.44;;;171;5.66;;;88;301-350;1.6
2025;nutricao;Universidade Santo Amaro;SP;139;Privada;96;20.24;150;19.08;;;201-250;4.88;;;172;5.65;;;251-300;4.18;;;89;127;4.37
2025;nutricao;Centro Universitário Serra dos Órgãos;RJ;140;Privada;96;20.24;151;19.07;;;201-250;5.06;;;201-250;4.92;;;154;5.9;;;90;201-250;3.19
2025;nutricao;Centro Universitário Sagrado Coração;SP;141;Privada;96;20.24;153;19.01;;;148;6;;;251-300;3.97;;;115;6.43;;;91;251-300;2.61
2025;nutricao;Universidade Ceuma;MA;142;Privada;96;20.24;160;18.82;;;301-350;3.9;;;1;8;;;201-250;4.85;;;92;301-350;2.07
2025;nutricao;Centro Universitário Euro-americano;DF;143;Privada;96;20.24;161;18.79;;;61;7.18;;;251-300;4.54;;;251-300;4;;;93;201-250;3.07
2025;nutricao;Universidade Franciscana;RS;144;Privada;96;20.24;164;18.72;;;107;6.56;;;201-250;5.1;;;114;6.45;;;94;401-500;0.61
2025;nutricao;Centro Universitário Geraldo Di Biase;RJ;145;Privada;96;20.24;165;18.71;;;301-350;3.48;;;201-250;4.78;;;90;6.78;;;95;182;3.67
2025;nutricao;Faculdade Sociesc de Jaraguá do Sul;SC;146;Privada;96;20.24;167;18.67;;;190;5.42;;;201-250;4.63;;;167;5.72;;;96;201-250;2.9
2025;nutricao;Centro Universitário Arthur Sá Earp Neto;RJ;147;Privada;96;20.24;170;18.58;;;104;6.6;;;191;5.39;;;201-250;4.74;;;97;301-350;1.85
2025;nutricao;Universidade Católica de Santos;SP;148;Privada;96;20.24;173;18.47;;;401-500;1.68;;;1;8;;;21;7.73;;;98;351-400;1.06
2025;nutricao;Centro Universitário Unidade de Ensino Superior Dom Bosco;MA;149;Privada;96;20.24;174;18.42;;;100;6.65;;;199;5.28;;;189;5.42;;;99;351-400;1.07
2025;nutricao;Centro Universitário de Votuporanga;SP;149;Privada;96;20.24;174;18.42;;;117;6.42;;;201-250;4.73;;;251-300;4.12;;;99;201-250;3.15
2025;nutricao;Centro Universitário Faminas;MG;151;Privada;96;20.24;177;18.33;;;94;6.73;;;351-400;2.79;;;165;5.75;;;101;201-250;3.06
2025;nutricao;Centro Universitário São Camilo - Espírito Santo;ES;152;Privada;96;20.24;179;18.27;;;90;6.79;;;301-350;3.81;;;201-250;4.7;;;102;201-250;2.97
2025;nutricao;Centro Universitário Ibmr;RJ;153;Privada;96;20.24;183;18.05;;;201-250;4.63;;;351-400;2.86;;;131;6.21;;;103;129;4.35
2025;nutricao;Universidade São Francisco;SP;154;Privada;96;20.24;184;18.03;;;201-250;5.15;;;201-250;5.06;;;251-300;3.96;;;104;167;3.86
2025;nutricao;Centro Universitário Metodista;RS;155;Privada;96;20.24;189;17.88;;;126;6.3;;;401-500;1.69;;;201-250;4.81;;;105;72;5.08
2025;nutricao;Universidade da Amazônia;PA;156;Privada;32;26.82;401-500;11.23;;;251-300;4.39;;;301-350;3.37;;;401-500;2.27;;;106;351-400;1.2
2025;nutricao;Centro Universitário das Faculdades Metropolitanas Unidas;SP;157;Privada;32;26.82;401-500;11.2;;;251-300;4.25;;;401-500;1.68;;;301-350;3.63;;;107;301-350;1.64
2025;nutricao;Universidade Regional de Blumenau;SC;158;Municipal;96;20.24;192;17.72;;;95;6.72;;;401-500;1.64;;;158;5.84;;;51;193;3.52
2025;nutricao;Universidade do Oeste de Santa Catarina;SC;159;Privada;96;20.24;194;17.61;;;125;6.31;;;201-250;5.18;;;201-250;4.66;;;108;351-400;1.46
2025;nutricao;Centro Universitário Facid Wyden;PI;160;Privada;96;20.24;195;17.47;;;401-500;2.47;;;351-400;3.02;;;84;6.86;;;109;69;5.12
2025;nutricao;Centro Universitário de Excelência de Vitória da Conquista;BA;161;Privada;96;20.24;197;17.42;;;351-400;2.86;;;1;8;;;251-300;4.56;;;110;301-350;2
2025;nutricao;Centro Universitário Uniasselvi de Blumenau ;SC;162;Privada;96;20.24;198;17.37;;;301-350;3.82;;;201-250;4.63;;;301-350;3.62;;;111;55;5.3
2025;nutricao;Faculdade Anhanguera de Pelotas;RS;163;Privada;96;20.24;200;17.3;;;175;5.63;;;251-300;4.28;;;74;7;;;112;401-500;0.39
2025;nutricao;Faculdade Zacarias de Góes;BA;164;Privada;96;20.24;201-250;17.28;;;401-500;1.27;;;1;8;;;401-500;2.01;;;113;1;6
2025;nutricao;Centro Universitário Estácio de Santa Catarina;SC;165;Privada;96;20.24;201-250;17.24;;;184;5.51;;;401-500;1.53;;;92;6.75;;;114;199;3.45
2025;nutricao;Centro Universitário Fanor Wyden;CE;166;Privada;96;20.24;201-250;16.99;;;251-300;4.36;;;401-500;1.43;;;201-250;5.2;;;115;1;6
2025;nutricao;Centro Universitário Unigran Capital;MS;167;Privada;96;20.24;201-250;16.97;;;301-350;3.87;;;187;5.44;;;180;5.54;;;116;301-350;2.12
2025;nutricao;Centro Universitário Toledo Wyden;SP;168;Privada;96;20.24;201-250;16.92;;;194;5.37;;;401-500;1.28;;;33;7.56;;;117;251-300;2.71
2025;nutricao;Centro Universitário de Rio Preto;SP;169;Privada;96;20.24;201-250;16.76;;;170;5.7;;;401-500;2.21;;;182;5.51;;;118;201-250;3.34
2025;nutricao;Faculdades Integradas de Três Lagoas;MS;170;Privada;96;20.24;201-250;16.75;;;401-500;1.91;;;196;5.32;;;201-250;4.87;;;119;106;4.65
2025;nutricao;Universidade do Vale do Paraíba;SP;171;Privada;96;20.24;201-250;16.72;;;161;5.82;;;501-600;0.88;;;94;6.72;;;120;201-250;3.3
2025;nutricao;Centro Universitário Redentor;RJ;172;Privada;96;20.24;201-250;16.69;;;351-400;3.11;;;194;5.35;;;301-350;3.56;;;121;104;4.67
2025;nutricao;Centro Universitário Presidente Antônio Carlos;MG;173;Privada;32;26.82;401-500;9.97;;;201-250;5.25;;;351-400;2.8;;;501-600;1.07;;;122;351-400;0.85
2025;nutricao;Centro Universitário da Serra Gaúcha;RS;174;Privada;96;20.24;201-250;16.54;;;57;7.24;;;401-500;2.12;;;194;5.35;;;123;301-350;1.83
2025;nutricao;Centro Universitário Maurício de Nassau de Fortaleza;CE;175;Privada;96;20.24;201-250;16.51;;;178;5.59;;;251-300;3.95;;;251-300;4.01;;;124;201-250;2.96
2025;nutricao;Universidade Paranaense;PR;176;Privada;32;26.82;401-500;9.82;;;251-300;4.38;;;501-600;0.98;;;351-400;2.65;;;125;301-350;1.81
2025;nutricao;Universidade de Santa Cruz do Sul;RS;177;Privada;96;20.24;201-250;16.38;;;201-250;4.91;;;401-500;2.2;;;139;6.1;;;126;201-250;3.17
2025;nutricao;Universidade Evangélica de Goiás;GO;178;Privada;96;20.24;201-250;16.31;;;153;5.93;;;251-300;4.18;;;401-500;2.16;;;127;153;4.04
2025;nutricao;Universidade Nilton Lins;AM;179;Privada;32;26.82;401-500;9.69;;;401-500;2.15;;;251-300;4.22;;;501-600;0.48;;;128;201-250;2.84
2025;nutricao;Faculdade Martha Falcão Wyden;AM;180;Privada;96;20.24;201-250;16.16;;;401-500;1.36;;;501-600;0.8;;;1;8;;;129;1;6
2025;nutricao;Faculdade de Ensino Superior de Floriano;PI;181;Privada;96;20.24;201-250;16.15;;;351-400;2.73;;;1;8;;;401-500;1.99;;;130;200;3.43
2025;nutricao;Faculdade Anhanguera de Belo Horizonte;MG;182;Privada;96;20.24;201-250;16.13;;;251-300;3.95;;;201-250;5.03;;;93;6.74;;;131;401-500;0.41
2025;nutricao;Centro Universitário São Judas Tadeu;SP;183;Privada;96;20.24;201-250;16.08;;;152;5.94;;;301-350;3.64;;;144;6.03;;;132;401-500;0.47
2025;nutricao;Centro Universitário do Estado do Pará;PA;184;Privada;32;26.82;401-500;9.42;;;501-600;0.59;;;201-250;4.91;;;401-500;1.43;;;133;251-300;2.49
2025;nutricao;Faculdade Adventista da Bahia;BA;185;Privada;96;20.24;201-250;15.97;;;93;6.75;;;401-500;1.4;;;251-300;4.45;;;134;201-250;3.37
2025;nutricao;Faculdade Anhanguera de Betim;MG;186;Privada;96;20.24;201-250;15.96;;;251-300;4.46;;;201-250;4.94;;;132;6.2;;;135;401-500;0.36
2025;nutricao;Centro Universitário Favip Wyden;PE;187;Privada;96;20.24;201-250;15.95;;;301-350;3.28;;;401-500;1.27;;;190;5.4;;;136;1;6
2025;nutricao;Faculdade Anhanguera de Guarulhos;SP;188;Privada;96;20.24;201-250;15.86;;;251-300;4.24;;;201-250;4.74;;;99;6.65;;;137;401-500;0.23
2025;nutricao;Faculdade Anhanguera de Sorocaba;SP;189;Privada;96;20.24;201-250;15.84;;;201-250;4.84;;;192;5.38;;;177;5.58;;;138;401-500;0.04
2025;nutricao;Centro Universitário Adventista de São Paulo;SP;190;Privada;96;20.24;201-250;15.83;;;251-300;4.14;;;301-350;3.56;;;251-300;3.95;;;139;142;4.18
2025;nutricao;Centro Universitário das Faculdades Integradas de Ourinhos;SP;191;Privada;96;20.24;201-250;15.81;;;182;5.53;;;401-500;1.7;;;201-250;4.95;;;140;185;3.63
2025;nutricao;Centro Universitário Aparício Carvalho;RO;192;Privada;96;20.24;251-300;15.75;;;351-400;2.69;;;1;8;;;401-500;1.79;;;141;201-250;3.27
2025;nutricao;Centro Universitário Jorge Amado;BA;193;Privada;96;20.24;251-300;15.64;;;133;6.2;;;401-500;1.65;;;153;5.91;;;142;301-350;1.88
2025;nutricao;Universidade do Vale do Sapucaí;MG;194;Privada;96;20.24;251-300;15.56;;;136;6.16;;;401-500;2.24;;;401-500;2.06;;;143;71;5.1
2025;nutricao;Centro Universitário Católico Salesiano Auxilium;SP;195;Privada;96;20.24;251-300;15.55;;;201-250;4.92;;;251-300;3.92;;;401-500;1.6;;;144;70;5.11
2025;nutricao;Faculdade Eduvale de Avaré;SP;196;Privada;96;20.24;251-300;15.43;;;138;6.13;;;501-600;0.48;;;251-300;4.3;;;145;116;4.52
2025;nutricao;Centro Universitário Estácio de Belo Horizonte;MG;197;Privada;96;20.24;251-300;15.42;;;201-250;4.74;;;401-500;2.1;;;118;6.39;;;146;251-300;2.19
2025;nutricao;Universidade do Extremo Sul Catarinense;SC;198;Privada;96;20.24;251-300;15.39;;;149;5.98;;;401-500;2.28;;;351-400;3.05;;;147;150;4.08
2025;nutricao;Centro Universitário União das Américas Descomplica;PR;199;Privada;96;20.24;251-300;15.37;;;173;5.66;;;201-250;5.22;;;351-400;3.11;;;148;351-400;1.38
2025;nutricao;Centro Universitário de Maceió;AL;200;Privada;96;20.24;251-300;15.32;;;185;5.49;;;351-400;2.72;;;188;5.43;;;149;301-350;1.68
2025;nutricao;Centro Universitário Barão de Mauá;SP;201;Privada;96;20.24;301-350;14.53;;;251-300;4.42;;;251-300;4.32;;;162;5.79;;;159;;
2025;nutricao;Centro Universitário Padre Anchieta;SP;201;Privada;96;20.24;251-300;14.85;;;46;7.39;;;501-600;0.67;;;251-300;4.22;;;155;251-300;2.57
2025;nutricao;Centro Universitário Planalto do Distrito Federal;DF;201;Privada;96;20.24;301-350;14.34;;;301-350;3.56;;;1;8;;;401-500;2.2;;;164;401-500;0.58
2025;nutricao;Universidade de Franca;SP;201;Privada;96;20.24;301-350;14.31;;;351-400;3.01;;;251-300;4.56;;;201-250;5.13;;;166;301-350;1.61
2025;nutricao;Centro Universitário das Américas;SP;201;Privada;96;20.24;351-400;12.24;;;142;6.08;;;501-600;0.4;;;401-500;2.38;;;189;201-250;3.38
2025;nutricao;Centro Universitário de Belo Horizonte;MG;201;Privada;96;20.24;251-300;14.95;;;301-350;3.41;;;301-350;3.41;;;97;6.68;;;154;351-400;1.45
2025;nutricao;Centro Universitário Maurício de Nassau de Campina Grande;PB;201;Privada;96;20.24;351-400;11.5;;;351-400;3.07;;;351-400;3.13;;;351-400;2.98;;;195;251-300;2.32
2025;nutricao;Centro Universitário Avantis;SC;201;Privada;96;20.24;301-350;14.03;;;301-350;3.86;;;351-400;2.89;;;401-500;2.23;;;171;75;5.05
2025;nutricao;Instituto Superior e Centro Educacional Luterano;SC;201;Privada;96;20.24;301-350;14.05;;;201-250;4.97;;;401-500;1.38;;;201-250;4.69;;;170;201-250;3.01
2025;nutricao;Universidade de Taubaté;SP;201;Municipal;96;20.24;351-400;13.26;;;201-250;5;;;197;5.31;;;401-500;2.02;;;53;351-400;0.93
2025;nutricao;Centro Universitário Estácio do Ceará;CE;201;Privada;96;20.24;301-350;14.09;;;351-400;2.9;;;401-500;2.35;;;201-250;4.92;;;169;162;3.92
2025;nutricao;Universidade de Sorocaba;SP;201;Privada;96;20.24;251-300;15.1;;;99;6.66;;;501-600;0.47;;;123;6.32;;;152;301-350;1.65
2025;nutricao;Faculdade de Americana;SP;201;Privada;96;20.24;251-300;15.07;;;82;6.9;;;501-600;0.73;;;251-300;4.15;;;153;201-250;3.29
2025;nutricao;Centro Universitário Estácio do Recife;PE;201;Privada;96;20.24;351-400;13.11;;;251-300;4.53;;;401-500;2.32;;;301-350;3.37;;;183;201-250;2.89
2025;nutricao;Centro Universitário Ritter dos Reis;RS;201;Privada;96;20.24;301-350;14.49;;;191;5.41;;;301-350;3.74;;;301-350;3.35;;;160;301-350;1.99
2025;nutricao;Centro Universitário dos Guararapes;PE;201;Privada;96;20.24;351-400;13.42;;;251-300;4.5;;;301-350;3.3;;;251-300;4.1;;;179;301-350;1.52
2025;nutricao;Universidade de Itaúna;MG;201;Privada;96;20.24;351-400;13.4;;;401-500;2.39;;;351-400;2.87;;;351-400;3.16;;;180;80;4.98
2025;nutricao;Universidade Católica do Salvador;BA;201;Privada;96;20.24;301-350;13.6;;;101;6.64;;;351-400;2.68;;;351-400;2.94;;;178;351-400;1.34
2025;nutricao;Centro Universitário Unifafibe;SP;201;Privada;96;20.24;351-400;11.78;;;201-250;4.76;;;351-400;3.07;;;351-400;3.12;;;193;401-500;0.83
2025;nutricao;Centro Universitário Unime;BA;201;Privada;96;20.24;301-350;14.48;;;301-350;3.72;;;190;5.4;;;201-250;4.8;;;161;401-500;0.56
2025;nutricao;Centro Universitário do Cerrado-patrocínio;MG;201;Privada;96;20.24;351-400;11.47;;;401-500;2.48;;;251-300;4.33;;;401-500;2.25;;;197;251-300;2.41
2025;nutricao;Centro Universitário Central Paulista;SP;201;Privada;96;20.24;351-400;13.08;;;301-350;3.88;;;401-500;2.27;;;201-250;5.21;;;184;301-350;1.72
2025;nutricao;Faculdade Três Marias;PB;201;Privada;96;20.24;351-400;12.53;;;173;5.66;;;401-500;1.62;;;201-250;5.25;;;188;;
2025;nutricao;Faculdade Estácio de Belém;PA;201;Privada;96;20.24;351-400;11.82;;;401-500;1.98;;;401-500;2.36;;;301-350;3.75;;;192;177;3.73
2025;nutricao;Faculdade Anhanguera de Uberlândia;MG;201;Privada;96;20.24;351-400;12.24;;;301-350;3.38;;;251-300;4.45;;;301-350;3.4;;;189;351-400;1.01
2025;nutricao;Centro Universitário Anhanguera Pitágoras Unopar de Niterói;RJ;201;Privada;96;20.24;251-300;15.24;;;251-300;4.29;;;201-250;4.67;;;146;6.01;;;151;401-500;0.27
2025;nutricao;Centro Universitário Anhanguera de São Paulo;SP;201;Privada;96;20.24;301-350;14.36;;;301-350;3.6;;;201-250;4.66;;;155;5.88;;;163;401-500;0.22
2025;nutricao;Centro Universitário Ages;BA;201;Privada;96;20.24;301-350;14.1;;;501-600;0.8;;;251-300;4.25;;;87;6.82;;;168;251-300;2.23
2025;nutricao;Centro Universitário Maurício de Nassau de Juazeiro do Norte;CE;201;Privada;96;20.24;351-400;12.14;;;201-250;5.1;;;351-400;3.04;;;501-600;0.54;;;191;198;3.46
2025;nutricao;Centro Universitário Luterano de Palmas;TO;201;Privada;96;20.24;301-350;13.61;;;501-600;0.59;;;1;8;;;201-250;5.02;;;177;;
2025;nutricao;Faculdade de Imperatriz Wyden;MA;201;Privada;96;20.24;251-300;14.57;;;501-600;0.49;;;501-600;1.07;;;73;7.01;;;157;1;6
2025;nutricao;UGV Centro Universitário;PR;201;Privada;96;20.24;301-350;14.12;;;189;5.44;;;401-500;2.46;;;501-600;0.22;;;167;1;6
2025;nutricao;Escola Superior de Criciúma;SC;201;Privada;96;20.24;351-400;12.81;;;69;7.07;;;501-600;0.22;;;401-500;1.95;;;185;189;3.57
2025;nutricao;Faculdade Anhanguera de São Luiz;MA;201;Privada;96;20.24;351-400;11.49;;;351-400;2.56;;;198;5.29;;;301-350;3.46;;;196;401-500;0.18
2025;nutricao;Universidade Universus Veritas Guarulhos;SP;201;Privada;96;20.24;351-400;11.77;;;251-300;4.02;;;351-400;3.15;;;351-400;2.56;;;194;301-350;2.04
2025;nutricao;Centro Universitário do Espírito Santo;ES;201;Privada;96;20.24;301-350;13.9;;;111;6.5;;;401-500;2.31;;;351-400;2.91;;;173;251-300;2.18
2025;nutricao;Centro Universitário - Católica de Santa Catarina em Joinville;SC;201;Privada;96;20.24;351-400;12.62;;;77;6.96;;;501-600;0.69;;;251-300;4.23;;;187;401-500;0.74
2025;nutricao;Faculdade Santa Marcelina;SP;201;Privada;96;20.24;301-350;13.89;;;71;7.05;;;501-600;0.8;;;401-500;1.72;;;174;131;4.32
2025;nutricao;Faculdade de Ciências e Tecnologias de Campos Gerais;MG;201;Privada;96;20.24;351-400;13.18;;;351-400;2.71;;;1;8;;;401-500;2.47;;;182;;
2025;nutricao;Faculdade Anhanguera de Brasília;DF;201;Privada;96;20.24;251-300;14.64;;;301-350;3.68;;;201-250;5.16;;;179;5.55;;;156;401-500;0.25
2025;nutricao;Centro Universitário Estácio de Sergipe;SE;201;Privada;96;20.24;301-350;14.42;;;301-350;3.91;;;401-500;2.03;;;201-250;4.89;;;162;188;3.59
2025;nutricao;Faculdade Pernambucana de Saúde;PE;201;Privada;96;20.24;351-400;13.19;;;50;7.33;;;251-300;4.08;;;501-600;0.7;;;181;351-400;1.08
2025;nutricao;Centro Universitário da Amazônia;PA;201;Privada;96;20.24;301-350;13.85;;;139;6.12;;;301-350;3.57;;;501-600;0.88;;;175;201-250;3.28
2025;nutricao;Centro Universitário Senac;SP;201;Privada;96;20.24;301-350;13.91;;;137;6.15;;;401-500;1.8;;;351-400;3.04;;;172;201-250;2.92
2025;nutricao;Universidade de Araraquara;SP;201;Privada;96;20.24;251-300;15.25;;;56;7.25;;;501-600;0.7;;;140;6.09;;;150;351-400;1.21
2025;nutricao;Centro Universitário Augusto Motta;RJ;201;Privada;96;20.24;351-400;12.65;;;351-400;3.08;;;401-500;2.38;;;401-500;1.92;;;186;58;5.27
2025;nutricao;Centro Universitário de Santa Fé do Sul;SP;201;Municipal;96;20.24;301-350;13.77;;;351-400;2.66;;;201-250;5.25;;;501-600;1.06;;;52;94;4.8
2025;nutricao;Centro Universitário UninCor;MG;201;Privada;96;20.24;301-350;14.54;;;179;5.57;;;351-400;2.74;;;401-500;1.57;;;158;105;4.66
2025;nutricao;Centro Universitário Salesiano;ES;201;Privada;96;20.24;301-350;13.65;;;194;5.37;;;301-350;3.6;;;501-600;1.03;;;176;183;3.65
2025;nutricao;Centro Universitário do Distrito Federal;DF;201;Privada;96;20.24;301-350;14.33;;;201-250;4.96;;;251-300;4.07;;;251-300;4.4;;;165;351-400;0.9
2025;nutricao;Faculdade Estácio Macapá;AP;251;Privada;96;20.24;501-600;7.35;;;501-600;0.91;;;401-500;1.75;;;401-500;1.53;;;201-250;201-250;3.16
2025;nutricao;Centro Universitário Maurício de Nassau de Salvador;BA;251;Privada;96;20.24;401-500;11.3;;;201-250;5.18;;;351-400;2.94;;;401-500;2.34;;;199;401-500;0.84
2025;nutricao;Centro Universitário Maurício de Nassau de João Pessoa;PB;251;Privada;96;20.24;401-500;10.78;;;251-300;4.17;;;351-400;2.82;;;351-400;3;;;201-250;401-500;0.79
2025;nutricao;Centro Universitário Nossa Senhora do Patrocínio;SP;251;Privada;96;20.24;401-500;11.23;;;104;6.6;;;501-600;0.66;;;351-400;2.78;;;201-250;351-400;1.19
2025;nutricao;Centro Universitário Braz Cubas;SP;251;Privada;96;20.24;501-600;8.22;;;301-350;3.49;;;401-500;1.76;;;351-400;2.97;;;201-250;;
2025;nutricao;Centro Universitário Christus;CE;251;Privada;;;48;27.24;;;4;7.96;;;1;8;;;137;6.13;;;201-250;67;5.15
2025;nutricao;Faculdade Uninassau Garanhuns;PE;251;Privada;96;20.24;401-500;9.59;;;401-500;1.92;;;401-500;2.13;;;401-500;1.91;;;201-250;185;3.63
2025;nutricao;Centro Universitário Academia;MG;251;Privada;96;20.24;501-600;6.79;;;401-500;2.39;;;501-600;0.51;;;251-300;3.89;;;201-250;;
2025;nutricao;Faculdade Multivix Cariacica;ES;251;Privada;;;77;22.99;;;81;6.91;;;1;8;;;251-300;4.08;;;201-250;156;4
2025;nutricao;Faculdade Estácio de Feira de Santana;BA;251;Privada;96;20.24;401-500;10.04;;;351-400;3.03;;;401-500;2.39;;;401-500;1.5;;;201-250;201-250;3.12
2025;nutricao;Centro Universitário Univinte;SC;251;Privada;96;20.24;501-600;5.52;;;501-600;0.42;;;301-350;3.48;;;401-500;1.62;;;201-250;;
2025;nutricao;Faculdade Anhanguera de Poços de Caldas;MG;251;Privada;96;20.24;401-500;10.84;;;301-350;3.43;;;351-400;2.65;;;251-300;4.41;;;201-250;401-500;0.35
2025;nutricao;Faculdade Estácio de Alagoas;AL;251;Privada;96;20.24;401-500;11.13;;;351-400;2.63;;;401-500;1.18;;;301-350;3.81;;;201-250;194;3.51
2025;nutricao;Centro Universitário do Norte;AM;251;Privada;96;20.24;401-500;9.7;;;401-500;1.36;;;401-500;2.41;;;501-600;1.09;;;201-250;91;4.84
2025;nutricao;Centro Universitário Estácio da Bahia;BA;251;Privada;96;20.24;401-500;8.95;;;351-400;2.59;;;401-500;1.32;;;401-500;1.68;;;201-250;201-250;3.36
2025;nutricao;Centro Universitário de Sete Lagoas;MG;251;Privada;96;20.24;401-500;10.92;;;144;6.05;;;401-500;1.21;;;301-350;3.66;;;201-250;;
2025;nutricao;Centro Universitário Facex;RN;251;Privada;96;20.24;401-500;9.28;;;401-500;2.04;;;501-600;0.81;;;401-500;2.03;;;201-250;125;4.4
2025;nutricao;Universidade Federal do Oeste da Bahia;BA;251;Federal;;;73;23.5;;;48;7.36;;;1;8;;;192;5.38;;;55;251-300;2.76
2025;nutricao;Centro Universitário Claretiano;SP;251;Privada;;;81;22.71;;;78;6.95;;;1;8;;;147;5.99;;;201-250;301-350;1.77
2025;nutricao;Faculdade Anhanguera de Tangará da Serra;MT;251;Privada;96;20.24;401-500;11.01;;;501-600;0.19;;;251-300;4.19;;;152;5.92;;;201-250;401-500;0.71
2025;nutricao;Centro Universitário da Região da Campanha;RS;251;Privada;96;20.24;401-500;9.75;;;401-500;1.8;;;401-500;1.21;;;501-600;0.74;;;201-250;1;6
2025;nutricao;Instituto Macapaense de Ensino Superior;AP;251;Privada;96;20.24;501-600;7.58;;;501-600;0.91;;;501-600;0.28;;;501-600;0.39;;;201-250;1;6
2025;nutricao;Universidade Santa Cecília;SP;251;Privada;96;20.24;501-600;7.69;;;401-500;1.68;;;501-600;0.74;;;200;5.27;;;201-250;;
2025;nutricao;Universidade Salgado de Oliveira;RJ;251;Privada;96;20.24;401-500;10.47;;;401-500;2.51;;;401-500;1.29;;;351-400;2.68;;;201-250;157;3.99
2025;nutricao;Universidade Castelo Branco;RJ;251;Privada;96;20.24;501-600;7.01;;;401-500;2.55;;;401-500;1.79;;;351-400;2.67;;;201-250;;
2025;nutricao;Centro Universitário do Triângulo;MG;251;Privada;96;20.24;401-500;10.91;;;401-500;2.44;;;251-300;4.48;;;401-500;1.73;;;201-250;251-300;2.26
2025;nutricao;Faculdade de Saúde e Humanidades Ibituruna;MG;251;Privada;;;71;23.8;;;175;5.63;;;1;8;;;201-250;5.16;;;201-250;78;5.01
2025;nutricao;Faculdades Integradas de Fernandópolis;SP;251;Privada;96;20.24;401-500;8.45;;;351-400;2.63;;;301-350;3.4;;;401-500;2.42;;;201-250;;
2025;nutricao;Instituto Federal de Educação, Ciência e Tecnologia do Sudeste de Minas Gerais;MG;251;Federal;;;81;22.71;;;76;6.98;;;1;8;;;301-350;3.86;;;56;166;3.87
2025;nutricao;Centro Universitário do Instituto de Educação Superior de Brasília;DF;251;Privada;96;20.24;401-500;8.47;;;301-350;3.45;;;501-600;1.02;;;401-500;1.69;;;201-250;251-300;2.31
2025;nutricao;Centro Regional Universitário de Espírito Santo do Pinhal;SP;251;Privada;96;20.24;501-600;3.37;;;401-500;1.68;;;501-600;0.18;;;401-500;1.51;;;201-250;;
2025;nutricao;Pontifícia Universidade Católica do Rio de Janeiro;RJ;251;Privada;96;20.24;501-600;6.02;;;501-600;0.1;;;501-600;0.19;;;166;5.73;;;201-250;;
2025;nutricao;Centro Universitário Fadergs;RS;251;Privada;96;20.24;401-500;11.29;;;301-350;3.84;;;401-500;1.51;;;301-350;3.49;;;200;251-300;2.45
2025;nutricao;Faculdade de Filosofia, Ciências e Letras do Alto São Francisco;MG;251;Privada;96;20.24;401-500;11.39;;;401-500;2.39;;;1;8;;;501-600;1;;;198;;
2025;nutricao;Faculdade da Região Sisaleira;BA;251;Privada;96;20.24;501-600;8.19;;;301-350;3.63;;;501-600;0.26;;;501-600;0.33;;;201-250;158;3.97
2025;nutricao;Centro Universitário Piaget;SP;251;Privada;96;20.24;401-500;10.13;;;401-500;1.68;;;1;8;;;501-600;0.45;;;201-250;;
2025;nutricao;Centro Universitário para o Desenvolvimento do Alto Vale do Itajaí;SC;251;Privada;96;20.24;501-600;3.27;;;501-600;0.42;;;401-500;1.94;;;501-600;0.91;;;201-250;;
2025;nutricao;Faculdades Integradas de Bauru;SP;251;Privada;;;70;23.86;;;68;7.09;;;1;8;;;201-250;4.65;;;201-250;147;4.12
2025;nutricao;Unama Faculdade da Amazônia de Boa Vista;RR;251;Privada;96;20.24;501-600;7.21;;;401-500;1.84;;;351-400;3;;;501-600;0.67;;;201-250;301-350;1.7
2025;nutricao;Centro Universitário Fundação de Ensino Octávio Bastos;SP;251;Privada;96;20.24;401-500;10.8;;;301-350;3.78;;;501-600;1.1;;;501-600;1.02;;;201-250;86;4.9
2025;nutricao;Fundação Universidade Federal de Ciências da Saúde de Porto Alegre;RS;251;Federal;;;45;28.11;;;43;7.43;;;1;8;;;20;7.74;;;54;83;4.94
2025;nutricao;Centro Universitário de Patos;PB;251;Privada;96;20.24;401-500;8.97;;;401-500;1.39;;;501-600;0.89;;;401-500;2.3;;;201-250;126;4.39
2025;nutricao;Universidade Iguaçu;RJ;251;Privada;96;20.24;401-500;11.25;;;301-350;3.35;;;351-400;2.96;;;351-400;2.64;;;201-250;251-300;2.3
2025;nutricao;Faculdade Mogiana do Estado de São Paulo;SP;251;Privada;;;74;23.31;;;167;5.74;;;1;8;;;301-350;3.57;;;201-250;1;6
2025;nutricao;Centro Universitário FG;BA;251;Privada;96;20.24;501-600;5.86;;;501-600;0.8;;;351-400;2.53;;;401-500;1.66;;;201-250;351-400;0.87
2025;nutricao;Centro Universitário Unirb - Alagoinhas;BA;251;Privada;;;80;22.84;;;165;5.77;;;1;8;;;251-300;4.32;;;201-250;98;4.75
2025;nutricao;Faculdade Anhanguera de Teixeira de Freitas;BA;251;Privada;96;20.24;401-500;9.6;;;501-600;1.1;;;201-250;5.05;;;351-400;3.15;;;201-250;401-500;0.3
2025;nutricao;Escola Superior Madre Celeste;PA;251;Privada;96;20.24;501-600;8.09;;;401-500;1.69;;;501-600;1.05;;;501-600;0.73;;;201-250;108;4.62
2025;nutricao;Centro de Ensino Superior de Ilhéus;BA;251;Privada;96;20.24;401-500;11.04;;;351-400;2.78;;;301-350;3.75;;;501-600;0.96;;;201-250;191;3.55
2025;nutricao;Faculdade de Apucarana;PR;251;Privada;96;20.24;501-600;7.49;;;401-500;1.25;;;501-600;0.65;;;501-600;0.34;;;201-250;59;5.25
2025;nutricao;Centro Universitário Paraíso;CE;301;Privada;;;185;18.03;;;45;7.4;;;251-300;4.55;;;251-300;4.34;;;251-300;301-350;1.74
2025;nutricao;Faculdades Integradas do Extremo Sul da Bahia;BA;301;Privada;;;87;22.48;;;2;7.99;;;1;8;;;111;6.49;;;201-250;;
2025;nutricao;Centro Universitário Maria Milza;BA;301;Privada;;;115;20.45;;;201-250;4.87;;;1;8;;;351-400;3.01;;;251-300;112;4.57
2025;nutricao;Centro Universitário de Desenvolvimento do Centro-Oeste;GO;301;Privada;;;154;18.97;;;201-250;4.78;;;201-250;4.99;;;301-350;3.2;;;251-300;1;6
2025;nutricao;Centro Universitário Cesuca;RS;301;Privada;;;112;20.51;;;88;6.81;;;401-500;2.09;;;30;7.6;;;251-300;155;4.01
2025;nutricao;Centro Universitário Metrocamp Wyden;SP;301;Privada;;;110;20.52;;;87;6.83;;;401-500;2.19;;;127;6.27;;;251-300;61;5.23
2025;nutricao;Faculdade Kennedy de Belo Horizonte;MG;301;Privada;;;131;19.9;;;251-300;4.4;;;201-250;5.13;;;251-300;4.37;;;251-300;1;6
2025;nutricao;Faculdade Unirb - Barreiras;BA;301;Privada;;;90;22.34;;;201-250;5.27;;;1;8;;;251-300;3.92;;;201-250;67;5.15
2025;nutricao;Faculdade de Tecnologia e Ciências;BA;301;Privada;;;176;18.36;;;351-400;2.81;;;1;8;;;124;6.31;;;251-300;351-400;1.24
2025;nutricao;Centro Universitário Uniftc;BA;301;Privada;;;149;19.15;;;201-250;4.72;;;1;8;;;160;5.81;;;251-300;401-500;0.62
2025;nutricao;Faculdade Multivix Serra;ES;301;Privada;;;124;20.03;;;11;7.86;;;301-350;3.67;;;401-500;2.5;;;251-300;1;6
2025;nutricao;Centro Universitário LS;DF;301;Privada;;;109;20.53;;;49;7.35;;;1;8;;;301-350;3.59;;;251-300;301-350;1.59
2025;nutricao;Faculdade Integrada Carajás;PA;301;Privada;;;105;20.87;;;401-500;2.4;;;1;8;;;251-300;4.47;;;251-300;1;6
2025;nutricao;Faculdade Regional de Riachão do Jacuípe;BA;301;Privada;;;188;17.96;;;301-350;3.33;;;1;8;;;501-600;0.63;;;251-300;1;6
2025;nutricao;Centro Universitário Funvic;SP;301;Privada;;;180;18.2;;;169;5.71;;;195;5.33;;;301-350;3.31;;;251-300;168;3.85
2025;nutricao;Centro Universitário do Planalto Central Apparecido dos Santos;DF;301;Privada;;;168;18.63;;;82;6.9;;;301-350;3.86;;;301-350;3.53;;;251-300;130;4.34
2025;nutricao;Faculdade de São Lourenço;MG;301;Privada;;;156;18.89;;;401-500;2.39;;;1;8;;;401-500;2.5;;;251-300;1;6
2025;nutricao;Centro Universitário Sudoeste Paulista;SP;301;Privada;;;89;22.37;;;172;5.67;;;251-300;4.12;;;104;6.58;;;201-250;1;6
2025;nutricao;Instituto Florence de Ensino Superior;MA;301;Privada;;;181;18.16;;;401-500;2.41;;;1;8;;;401-500;1.75;;;251-300;1;6
2025;nutricao;Faculdade Unirb - Arapiraca;AL;301;Privada;;;119;20.3;;;351-400;2.63;;;1;8;;;201-250;4.88;;;251-300;95;4.79
2025;nutricao;Faculdade de Ensino Superior da Cidade de Feira de Santana;BA;301;Privada;;;92;22.06;;;251-300;4.16;;;1;8;;;116;6.42;;;201-250;196;3.48
2025;nutricao;Centro Universitário FBV Wyden;PE;301;Privada;;;117;20.38;;;201-250;5.22;;;401-500;1.16;;;1;8;;;251-300;1;6
2025;nutricao;Universidade Santa Úrsula;RJ;301;Privada;;;171;18.57;;;251-300;4.21;;;401-500;1.25;;;66;7.11;;;251-300;1;6
2025;nutricao;Universidade Federal da Fronteira Sul;SC;301;Federal;;;116;20.43;;;104;6.6;;;201-250;4.72;;;76;6.97;;;57;251-300;2.14
2025;nutricao;Faculdade Ages de Jacobina;BA;301;Privada;;;127;19.93;;;251-300;4.08;;;251-300;4.41;;;187;5.44;;;251-300;1;6
2025;nutricao;Centro Universitário Presidente Tancredo de Almeida Neves;MG;301;Privada;;;196;17.43;;;251-300;4.58;;;301-350;3.49;;;251-300;4.48;;;251-300;88;4.88
2025;nutricao;Faculdade Anhanguera Unidade Guarapari;ES;301;Privada;;;104;20.99;;;194;5.37;;;1;8;;;41;7.45;;;251-300;401-500;0.17
2025;nutricao;Centro Universitário Estácio de Ribeirão Preto;SP;301;Privada;;;117;20.38;;;96;6.71;;;401-500;2.5;;;54;7.27;;;251-300;164;3.9
2025;nutricao;Christus Faculdade do Piauí;PI;301;Privada;;;159;18.83;;;401-500;2.54;;;1;8;;;301-350;3.33;;;251-300;82;4.96
2025;nutricao;Centro Universitário Projeção;DF;301;Privada;;;122;20.1;;;301-350;3.76;;;1;8;;;45;7.4;;;251-300;351-400;0.94
2025;nutricao;Centro Universitário Santa Terezinha;MA;301;Privada;;;193;17.65;;;351-400;3.09;;;1;8;;;251-300;4.17;;;251-300;251-300;2.39
2025;nutricao;Centro Universitário de Ciências e Tecnologia do Maranhão;MA;301;Privada;;;191;17.75;;;501-600;0.6;;;1;8;;;95;6.71;;;251-300;251-300;2.44
2025;nutricao;Centro Universitário São Miguel;PE;301;Privada;;;169;18.6;;;251-300;4.31;;;201-250;4.88;;;112;6.47;;;251-300;201-250;2.94
2025;nutricao;Faculdade Ages de Senhor do Bonfim;BA;301;Privada;;;178;18.32;;;401-500;1.96;;;201-250;4.72;;;173;5.64;;;251-300;1;6
2025;nutricao;Claretiano - Centro Universitário de Rio Claro;SP;301;Privada;;;187;17.99;;;168;5.72;;;251-300;4.23;;;68;7.08;;;251-300;351-400;0.96
2025;nutricao;Faculdade de Excelência Unex de Itabuna;BA;301;Privada;;;171;18.57;;;401-500;1.87;;;1;8;;;53;7.29;;;251-300;351-400;1.41
2025;nutricao;Universidade Federal do Acre;AC;301;Federal;;;120;20.29;;;201-250;5.19;;;1;8;;;351-400;2.63;;;58;120;4.47
2025;nutricao;Faculdade Multivix São Mateus;ES;301;Privada;;;143;19.39;;;27;7.65;;;251-300;4.18;;;351-400;3.02;;;251-300;114;4.54
2025;nutricao;Universidade Metropolitana de Santos;SP;301;Privada;;;165;18.71;;;151;5.96;;;201-250;5.24;;;301-350;3.44;;;251-300;151;4.07
2025;nutricao;Centro Universitário Nobre de Feira de Santana;BA;301;Privada;;;88;22.41;;;201-250;4.83;;;1;8;;;251-300;4.29;;;201-250;56;5.29
2025;nutricao;Centro Universitário Ruy Barbosa Wyden;BA;301;Privada;;;152;19.06;;;201-250;4.61;;;501-600;0.94;;;37;7.51;;;251-300;1;6
2025;nutricao;Centro Universitário Gama e Souza;RJ;301;Privada;;;110;20.52;;;501-600;0.44;;;1;8;;;141;6.08;;;251-300;1;6
2025;nutricao;Faculdade Unirb - Aracaju;SE;301;Privada;;;190;17.84;;;301-350;3.26;;;1;8;;;197;5.31;;;251-300;351-400;1.27
2025;nutricao;Centro Universitário Facisa;PB;301;Privada;;;135;19.69;;;186;5.48;;;1;8;;;351-400;3.13;;;251-300;201-250;3.08
2025;nutricao;Centro Universitário da Amazônia - UNIESAMAZ;PA;301;Privada;;;101;21.11;;;401-500;2.06;;;1;8;;;201-250;5.05;;;251-300;1;6
2025;nutricao;Instituto Federal de Educação, Ciência e Tecnologia Goiano;GO;301;Federal;;;158;18.85;;;301-350;3.8;;;1;8;;;70;7.05;;;59;;
2025;nutricao;Faculdade de Educação Superior de Divinópolis;MG;301;Privada;;;102;21.08;;;29;7.62;;;1;8;;;186;5.46;;;251-300;;
2025;nutricao;Centro Universitário Atenas;MG;301;Privada;;;94;21.8;;;113;6.47;;;1;8;;;401-500;1.33;;;201-250;1;6
2025;nutricao;Centro Universitário Mario Pontes Jucá;AL;301;Privada;;;148;19.16;;;351-400;2.75;;;1;8;;;301-350;3.24;;;251-300;65;5.17
2025;nutricao;Faculdade Unirb - Mossoró;RN;301;Privada;;;155;18.97;;;401-500;2.04;;;1;8;;;351-400;2.93;;;251-300;1;6
2025;nutricao;Faculdade Anhanguera de Linhares;ES;351;Privada;;;251-300;14.98;;;194;5.37;;;201-250;4.77;;;251-300;4.14;;;301-350;401-500;0.7
2025;nutricao;Faculdade Anísio Teixeira de Feira de Santana;BA;351;Privada;;;251-300;14.98;;;351-400;3.22;;;1;8;;;401-500;1.39;;;301-350;251-300;2.37
2025;nutricao;Faculdade Anhanguera de Sumaré;SP;351;Privada;;;251-300;15.23;;;201-250;4.7;;;251-300;3.96;;;148;5.98;;;301-350;401-500;0.59
2025;nutricao;Centro Universitário Araguaia;GO;351;Privada;;;201-250;16.18;;;351-400;3.19;;;1;8;;;201-250;4.99;;;301-350;;
2025;nutricao;Centro Universitário Goyazes;GO;351;Privada;;;201-250;15.97;;;501-600;0.82;;;1;8;;;201-250;5.1;;;301-350;301-350;2.05
2025;nutricao;Centro Universitário do Paraná;PR;351;Privada;;;201-250;16.02;;;146;6.02;;;501-600;1.13;;;351-400;2.87;;;301-350;1;6
2025;nutricao;Faculdade Cesumar de Ponta Grossa;PR;351;Privada;;;201-250;17.07;;;201-250;5.06;;;401-500;1.73;;;251-300;4.28;;;251-300;1;6
2025;nutricao;Faculdade da Região dos Lagos;RJ;351;Privada;;;201-250;15.76;;;501-600;0.1;;;1;8;;;401-500;2.41;;;301-350;59;5.25
2025;nutricao;Faculdade Multivix Nova Venécia;ES;351;Privada;;;201-250;16.38;;;64;7.14;;;201-250;4.88;;;401-500;2.45;;;251-300;301-350;1.91
2025;nutricao;Faculdade Unirb - Juazeiro;BA;351;Privada;;;301-350;14.5;;;501-600;0.8;;;1;8;;;168;5.7;;;301-350;;
2025;nutricao;Faculdade Multivix de Cachoeiro;ES;351;Privada;;;201-250;15.97;;;194;5.37;;;182;5.51;;;201-250;5.09;;;301-350;;
2025;nutricao;Faculdade Pitágoras Bacabal Mearim;MA;351;Privada;;;251-300;15.25;;;501-600;1.05;;;1;8;;;251-300;4.03;;;301-350;251-300;2.17
2025;nutricao;Centro Universitário Estácio de São Paulo;SP;351;Privada;;;301-350;14.45;;;351-400;2.99;;;401-500;1.46;;;72;7.02;;;301-350;201-250;2.98
2025;nutricao;Universidade de Vassouras;RJ;351;Privada;;;201-250;16.68;;;351-400;3.2;;;301-350;3.24;;;201-250;5.22;;;251-300;77;5.02
2025;nutricao;Centro Universitário Unicuritiba;PR;351;Privada;;;251-300;15.17;;;201-250;4.65;;;351-400;3.09;;;164;5.76;;;301-350;301-350;1.67
2025;nutricao;Faculdade de Excelência Unex de Jequié;BA;351;Privada;;;201-250;16.52;;;351-400;2.84;;;1;8;;;301-350;3.6;;;251-300;301-350;2.08
2025;nutricao;Centro Universitário Católica de Quixadá;CE;351;Privada;;;201-250;17.15;;;181;5.55;;;201-250;4.8;;;88;6.8;;;251-300;;
2025;nutricao;Faculdade Anhanguera Unime de Salvador;BA;351;Privada;;;251-300;14.64;;;251-300;4.01;;;185;5.47;;;251-300;4.5;;;301-350;401-500;0.66
2025;nutricao;Faculdade Metropolitana de Anápolis;GO;351;Privada;;;251-300;15.62;;;401-500;1.95;;;183;5.5;;;401-500;2.17;;;301-350;1;6
2025;nutricao;Faculdade Anhanguera de Ciências Sociais Aplicadas de Sinop;MT;351;Privada;;;251-300;15.23;;;501-600;0.19;;;1;8;;;86;6.83;;;301-350;401-500;0.21
2025;nutricao;Centro Universitário Unibras Rio Verde;GO;351;Privada;;;251-300;15.52;;;401-500;1.94;;;1;8;;;501-600;0.61;;;301-350;81;4.97
2025;nutricao;Faculdade Anhanguera de São José-SC;SC;351;Privada;;;251-300;14.67;;;251-300;4.06;;;251-300;4.01;;;126;6.28;;;301-350;401-500;0.32
2025;nutricao;Faculdade Santa Teresa;AM;351;Privada;;;199;17.36;;;401-500;1.36;;;1;8;;;1;8;;;251-300;;
2025;nutricao;Faculdade de Educação Superior de Sete Lagoas;MG;351;Privada;;;201-250;17.02;;;301-350;3.69;;;1;8;;;195;5.33;;;251-300;;
2025;nutricao;Centro Universitário de Itapira;SP;351;Privada;;;251-300;15.29;;;201-250;5.14;;;1;8;;;401-500;1.5;;;301-350;401-500;0.65
2025;nutricao;Faculdade de Ciências Sociais e Agrárias de Itapeva;SP;351;Privada;;;251-300;15.4;;;401-500;1.68;;;1;8;;;401-500;1.58;;;301-350;145;4.14
2025;nutricao;Faculdade Anhanguera de Campinas;SP;351;Privada;251-300;0.31;251-300;15.4;;;401-500;1.68;;;1;8;;;199;5.28;;;301-350;401-500;0.44
2025;nutricao;Centro Universitário Governador Ozanam Coelho;MG;351;Privada;;;301-350;14.37;;;103;6.61;;;301-350;3.22;;;251-300;4.54;;;301-350;;
2025;nutricao;Faculdade Unisul de Florianópolis;SC;351;Privada;;;201-250;16.99;;;301-350;3.61;;;201-250;5.02;;;117;6.41;;;251-300;301-350;1.95
2025;nutricao;Faculdade Unirb - Piauí;PI;351;Privada;;;251-300;14.78;;;401-500;2.13;;;1;8;;;201-250;4.65;;;301-350;;
2025;nutricao;Instituto Universitário São Judas de São Bernardo do Campo;SP;351;Privada;;;301-350;14.48;;;401-500;1.68;;;401-500;1.62;;;201-250;5.18;;;301-350;1;6
2025;nutricao;Faculdade Mais de Ituiutaba;MG;351;Privada;;;251-300;15.15;;;401-500;2.39;;;1;8;;;201-250;4.76;;;301-350;;
2025;nutricao;Faculdade Ideal Wyden;PA;351;Privada;;;251-300;14.7;;;501-600;0.59;;;501-600;0.11;;;1;8;;;301-350;1;6
2025;nutricao;Faculdade Uninassau Petrolina;PE;351;Privada;;;301-350;14.5;;;301-350;3.65;;;301-350;3.52;;;351-400;3.07;;;301-350;136;4.26
2025;nutricao;Faculdade Unirb - Parnaíba;PI;351;Privada;;;251-300;15.19;;;401-500;2.13;;;1;8;;;201-250;5.06;;;301-350;;
2025;nutricao;Centro Universitário Ateneu;CE;351;Privada;;;201-250;16.27;;;251-300;4.12;;;401-500;1.97;;;120;6.36;;;301-350;170;3.82
2025;nutricao;Faculdade de Rolim de Moura;RO;351;Privada;;;201-250;16.18;;;401-500;1.31;;;1;8;;;501-600;0.87;;;301-350;1;6
2025;nutricao;Centro Universitário Sociesc;SC;351;Privada;;;201-250;15.75;;;301-350;3.37;;;201-250;4.72;;;110;6.5;;;301-350;351-400;1.16
2025;nutricao;Centro Universitário Una de Bom Despacho;MG;351;Privada;;;201-250;15.95;;;301-350;3.83;;;201-250;4.85;;;119;6.38;;;301-350;351-400;0.89
2025;nutricao;Faculdade de Educação São Luís;SP;351;Privada;;;301-350;14.5;;;251-300;4.47;;;251-300;4.29;;;351-400;2.89;;;301-350;201-250;2.85
2025;nutricao;Faculdades Integradas Einstein de Limeira;SP;351;Privada;;;251-300;15.67;;;251-300;4.35;;;351-400;3.01;;;401-500;2.31;;;301-350;1;6
2025;nutricao;Centro Universitário de Adamantina;SP;351;Municipal;251-300;0.31;201-250;16.04;;;251-300;4.32;;;251-300;3.9;;;201-250;5.07;;;60;251-300;2.75
2025;nutricao;Faculdade Cesumar de Londrina;PR;351;Privada;;;201-250;17.13;;;140;6.11;;;501-600;0.63;;;251-300;4.39;;;251-300;1;6
2025;nutricao;Centro Universitário Estácio Juiz de Fora;MG;351;Privada;;;251-300;15.2;;;171;5.68;;;401-500;1.54;;;13;7.84;;;301-350;401-500;0.14
2025;nutricao;Centro Universitário Fasipe;MT;351;Privada;;;251-300;15.08;;;201-250;5.11;;;351-400;3.08;;;501-600;0.89;;;301-350;1;6
2025;nutricao;Faculdade Anhanguera de Ipatinga;MG;351;Privada;;;201-250;15.96;;;301-350;3.52;;;200;5.27;;;96;6.69;;;301-350;401-500;0.48
2025;nutricao;Centro Universitário do Norte de Minas;MG;351;Privada;;;201-250;16.26;;;401-500;2.39;;;1;8;;;156;5.87;;;301-350;;
2025;nutricao;Faculdade Mato Grosso do Sul;MS;351;Privada;;;251-300;14.66;;;401-500;1.91;;;1;8;;;201-250;4.65;;;301-350;401-500;0.1
2025;nutricao;Faculdade Anhanguera de São José;SP;351;Privada;;;251-300;14.77;;;201-250;4.99;;;251-300;4.1;;;201-250;4.91;;;301-350;401-500;0.77
2025;nutricao;Faculdade Anhanguera de Anápolis;GO;351;Privada;;;251-300;15.53;;;501-600;0.29;;;1;8;;;63;7.15;;;301-350;401-500;0.09
2025;nutricao;Faculdade Católica do Rio Grande do Norte;RN;401;Privada;;;301-350;14.2;;;112;6.49;;;251-300;4.03;;;301-350;3.68;;;301-350;;
2025;nutricao;Centro Universitário Maurício de Nassau de Caruaru;PE;401;Privada;;;401-500;10.26;;;251-300;4.21;;;401-500;2.34;;;401-500;1.77;;;401-500;301-350;1.94
2025;nutricao;Faculdade Galileu;SP;401;Privada;;;351-400;12.63;;;401-500;1.68;;;189;5.42;;;181;5.53;;;351-400;;
2025;nutricao;Faculdade Presidente Antônio Carlos de Teófilo Otoni;MG;401;Privada;;;351-400;13.14;;;109;6.53;;;401-500;1.62;;;401-500;1.22;;;351-400;174;3.77
2025;nutricao;Centro Universitário Max Planck;SP;401;Privada;;;401-500;10.58;;;86;6.84;;;501-600;0.5;;;501-600;0.66;;;401-500;251-300;2.58
2025;nutricao;Universidade da Região de Joinville;SC;401;Privada;;;401-500;10.59;;;501-600;0.42;;;351-400;2.75;;;43;7.42;;;401-500;;
2025;nutricao;Centro Universitário Amparense;SP;401;Privada;;;401-500;10.76;;;301-350;3.3;;;501-600;1.03;;;501-600;0.43;;;401-500;1;6
2025;nutricao;Centro Universitário Maurício de Nassau de Parnaíba;PI;401;Privada;;;401-500;9.21;;;301-350;3.64;;;401-500;2.43;;;401-500;1.27;;;401-500;301-350;1.87
2025;nutricao;Faculdade Unirb - Natal;RN;401;Privada;;;401-500;9.54;;;401-500;2.04;;;301-350;3.77;;;301-350;3.73;;;401-500;;
2025;nutricao;Faculdade Paranaense-Curitiba;PR;401;Privada;;;351-400;12.96;;;251-300;4.27;;;201-250;4.61;;;351-400;2.78;;;351-400;351-400;1.3
2025;nutricao;Centro Universitário de Paulínia;SP;401;Privada;;;401-500;10.01;;;401-500;1.68;;;501-600;0.33;;;1;8;;;401-500;;
2025;nutricao;Centro Universitário Estácio de Ji-paraná;RO;401;Privada;;;401-500;9.65;;;301-350;3.34;;;501-600;0.92;;;351-400;2.86;;;401-500;251-300;2.53
2025;nutricao;Faculdade São Francisco de Assis;RS;401;Privada;;;401-500;9.9;;;401-500;1.8;;;401-500;2.45;;;172;5.65;;;401-500;;
2025;nutricao;Faculdade Anhanguera de Feira de Santana;BA;401;Privada;;;401-500;9.54;;;501-600;0.8;;;201-250;5.14;;;301-350;3.48;;;401-500;401-500;0.12
2025;nutricao;Faculdade Anhanguera de Taubaté;SP;401;Privada;;;351-400;12.68;;;201-250;4.93;;;351-400;3.18;;;251-300;4.44;;;351-400;401-500;0.13
2025;nutricao;Centro Universitário de Jaguariúna;SP;401;Privada;;;351-400;12.07;;;55;7.26;;;501-600;0.54;;;401-500;1.46;;;351-400;201-250;2.81
2025;nutricao;Centro Universitário de Barra Mansa;RJ;401;Privada;;;351-400;11.81;;;301-350;3.54;;;351-400;3.11;;;401-500;2.05;;;351-400;201-250;3.11
2025;nutricao;Centro Universitário Castelo Branco;ES;401;Privada;;;351-400;12.6;;;194;5.37;;;201-250;5.02;;;401-500;2.21;;;351-400;;
2025;nutricao;Centro Universitário Sociesc de Blumenau;SC;401;Privada;;;401-500;10.26;;;501-600;0.42;;;1;8;;;401-500;1.84;;;401-500;;
2025;nutricao;Faculdade de Educação Superior de Pouso Alegre;MG;401;Privada;;;401-500;11.36;;;301-350;3.39;;;351-400;2.83;;;201-250;5.14;;;351-400;;
2025;nutricao;Centro Universitário de Araras;SP;401;Privada;;;401-500;10.13;;;141;6.09;;;401-500;1.9;;;401-500;1.8;;;401-500;401-500;0.34
2025;nutricao;Centro Universitário Mauá de Brasília;DF;401;Privada;;;301-350;14.32;;;351-400;3.05;;;1;8;;;351-400;2.9;;;301-350;401-500;0.37
2025;nutricao;Faculdade Christus;CE;401;Privada;;;301-350;13.69;;;501-600;1.04;;;1;8;;;201-250;4.65;;;351-400;;
2025;nutricao;Universidade Comunitária da Região de Chapecó;SC;401;Privada;;;351-400;12.24;;;501-600;0.42;;;178;5.57;;;351-400;2.69;;;351-400;190;3.56
2025;nutricao;Centro Universitário Unirb;BA;401;Privada;;;301-350;14.04;;;501-600;0.8;;;1;8;;;251-300;4.52;;;301-350;401-500;0.72
2025;nutricao;Faculdade Barretos;SP;401;Privada;;;401-500;10.24;;;147;6.01;;;351-400;2.85;;;501-600;0.58;;;401-500;401-500;0.8
2025;nutricao;Faculdade Sogipa de Educação Física;RS;401;Privada;;;351-400;11.55;;;251-300;4.14;;;501-600;0.96;;;401-500;1.64;;;351-400;93;4.81
2025;nutricao;Universidade Municipal de São Caetano do Sul;SP;401;Municipal;;;301-350;14.04;;;401-500;2.21;;;501-600;1;;;201-250;4.83;;;61;1;6
2025;nutricao;Faculdade Anhanguera de Taboão da Serra;SP;401;Privada;;;401-500;11.29;;;401-500;2.49;;;201-250;4.95;;;301-350;3.78;;;351-400;401-500;0.07
2025;nutricao;Faculdade Dinâmica do Vale do Piranga;MG;401;Privada;;;351-400;13.32;;;186;5.48;;;401-500;1.81;;;301-350;3.82;;;351-400;251-300;2.21
2025;nutricao;Centro Universitário do Rio São Francisco;BA;401;Privada;;;401-500;9.31;;;501-600;0.8;;;1;8;;;501-600;0.51;;;401-500;;
2025;nutricao;Centro Universitário Fis;PE;401;Privada;;;401-500;10.31;;;401-500;1.72;;;351-400;3.16;;;401-500;1.38;;;401-500;152;4.05
2025;nutricao;Centro Universitário Una de Uberlândia;MG;401;Privada;;;351-400;12.51;;;163;5.79;;;401-500;2.47;;;251-300;4.25;;;351-400;;
2025;nutricao;Faculdade Presidente Antônio Carlos de Uberlândia;MG;401;Privada;;;351-400;11.41;;;351-400;3.01;;;401-500;1.92;;;401-500;1.42;;;351-400;74;5.06
2025;nutricao;Centro Universitário Farias Brito;CE;401;Privada;;;351-400;12.44;;;501-600;1.04;;;1;8;;;301-350;3.4;;;351-400;;
2025;nutricao;Centro Universitário do Vale do Ribeira;SP;401;Privada;;;351-400;11.49;;;135;6.17;;;401-500;1.88;;;401-500;2.08;;;351-400;351-400;1.36
2025;nutricao;Faculdade São Francisco da Paraíba;PB;401;Privada;;;401-500;10.72;;;351-400;2.7;;;401-500;1.72;;;501-600;1.11;;;401-500;64;5.19
2025;nutricao;Faculdade Única de Ipatinga;MG;401;Privada;;;401-500;9.32;;;201-250;5.02;;;251-300;4.04;;;501-600;0.26;;;401-500;;
2025;nutricao;Centro Universitário Cathedral;MT;401;Privada;;;401-500;10.77;;;501-600;0.19;;;1;8;;;351-400;2.58;;;401-500;;
2025;nutricao;Centro Universitário Cenecista de Osório;RS;401;Privada;;;401-500;10.78;;;351-400;3.18;;;501-600;0.21;;;135;6.16;;;351-400;351-400;1.23
2025;nutricao;Centro Universitário Cidade Verde;PR;401;Privada;;;351-400;11.79;;;401-500;1.25;;;1;8;;;351-400;2.54;;;351-400;;
2025;nutricao;Faculdade Anhanguera de Itabuna;BA;401;Privada;;;401-500;10.99;;;401-500;1.85;;;301-350;3.82;;;198;5.29;;;351-400;401-500;0.03
2025;nutricao;Faculdade Anhanguera de Valparaíso;GO;401;Privada;251-300;0.31;301-350;13.84;;;401-500;2.21;;;201-250;4.84;;;103;6.6;;;301-350;401-500;0.19
2025;nutricao;Centro Universitário Santa Maria da Glória;PR;401;Privada;;;401-500;9.66;;;401-500;1.25;;;201-250;4.81;;;351-400;2.57;;;401-500;351-400;1.03
2025;nutricao;Centro Universitário do Sul de Minas;MG;401;Privada;;;401-500;10.02;;;201-250;4.77;;;401-500;2.3;;;501-600;0.92;;;401-500;301-350;2.03
2025;nutricao;Faculdade Anhanguera de Maceió;AL;401;Privada;;;301-350;13.99;;;251-300;3.98;;;301-350;3.84;;;134;6.17;;;301-350;;
2025;nutricao;Faculdade de Botucatu;SP;401;Privada;;;301-350;13.75;;;401-500;1.68;;;1;8;;;251-300;4.07;;;351-400;;
2025;nutricao;Centro Universitário da Amazônia Belém;PA;401;Privada;;;401-500;9.18;;;351-400;2.82;;;351-400;3.05;;;401-500;2.39;;;401-500;351-400;0.92
2025;nutricao;Faculdade Anhanguera de Piracicaba;SP;401;Privada;;;351-400;12.24;;;401-500;1.68;;;301-350;3.23;;;50;7.33;;;351-400;;
2025;nutricao;Faculdade Anhanguera de Primavera do Leste;MT;401;Privada;;;401-500;9.23;;;251-300;4.03;;;351-400;2.57;;;401-500;2.13;;;401-500;401-500;0.5
2025;nutricao;Faculdade Gran Tietê;SP;401;Privada;;;401-500;10.96;;;251-300;4.33;;;251-300;4.37;;;501-600;0.94;;;351-400;351-400;1.32
2025;nutricao;Centro Universitário do Vale do Araguaia;MT;401;Privada;;;401-500;9.87;;;351-400;3.16;;;301-350;3.29;;;501-600;0.62;;;401-500;201-250;2.8
2025;nutricao;Faculdade Estácio do Amazonas;AM;401;Privada;;;351-400;12.14;;;301-350;3.73;;;501-600;1.07;;;301-350;3.74;;;351-400;187;3.6
2025;nutricao;Centro Universitário Maurício de Nassau de Maceió;AL;401;Privada;;;351-400;12.43;;;201-250;5.07;;;301-350;3.51;;;351-400;3.09;;;351-400;401-500;0.76
2025;nutricao;Centro Universitário Uninovo;PE;401;Privada;;;401-500;9.63;;;351-400;2.74;;;501-600;0.17;;;401-500;1.87;;;401-500;90;4.85
2025;nutricao;Faculdade São Luís de França;SE;401;Privada;;;301-350;13.7;;;301-350;3.26;;;301-350;3.7;;;178;5.57;;;351-400;351-400;1.17
2025;nutricao;Faculdade Anhanguera do Maranhão;MA;401;Privada;;;401-500;10.82;;;301-350;3.58;;;401-500;2.05;;;201-250;5.11;;;351-400;401-500;0.08
2025;nutricao;Faculdade do Nordeste da Bahia;BA;401;Privada;;;401-500;9.65;;;501-600;0.8;;;1;8;;;501-600;0.85;;;401-500;;
2025;nutricao;Centro Universitário de Caratinga;MG;401;Privada;;;401-500;11.03;;;351-400;2.94;;;251-300;4.3;;;401-500;2.24;;;351-400;301-350;1.55
2025;nutricao;Faculdade Dom Adelio Tomasin;CE;401;Privada;;;401-500;9.51;;;501-600;1.04;;;1;8;;;501-600;0.47;;;401-500;;
2025;nutricao;Centro Universitário Unifatecie;PR;401;Privada;;;301-350;14.23;;;401-500;1.25;;;1;8;;;201-250;4.98;;;301-350;;
2025;nutricao;Faculdade Estácio do Rio Grande do Norte;RN;401;Privada;;;401-500;10.84;;;401-500;2.04;;;351-400;2.6;;;301-350;3.77;;;351-400;251-300;2.43
2025;nutricao;Faculdade Estácio de Sá de Campo Grande;MS;401;Privada;;;351-400;13.05;;;401-500;1.91;;;401-500;1.77;;;82;6.89;;;351-400;251-300;2.48
2025;nutricao;Faculdade de Enfermagem Nova Esperança de Mossoró;RN;401;Privada;;;351-400;13.13;;;251-300;4.57;;;1;8;;;501-600;0.56;;;351-400;;
2025;nutricao;Faculdade Dom Luis de Orleans e Bragança;BA;401;Privada;;;351-400;11.69;;;501-600;0.8;;;1;8;;;501-600;1.1;;;351-400;301-350;1.79
2025;nutricao;Escola de Ensino Superior do Agreste Paraibano;PB;401;Privada;;;401-500;10.64;;;251-300;4.18;;;251-300;4.37;;;401-500;2.09;;;401-500;;
2025;nutricao;Faculdade Frassinetti do Recife;PE;401;Privada;;;401-500;11.12;;;183;5.52;;;401-500;1.99;;;401-500;2.36;;;351-400;351-400;1.25
2025;nutricao;Centro Universitário Maurício de Nassau Teresina Sul;PI;401;Privada;;;401-500;10.81;;;401-500;2.13;;;301-350;3.85;;;301-350;3.85;;;351-400;351-400;0.98
2025;nutricao;Centro Universitário Facunicamps;GO;401;Privada;;;301-350;14.09;;;201-250;4.68;;;178;5.57;;;301-350;3.84;;;301-350;;
2025;nutricao;Centro Universitario Universo Belo Horizonte;MG;401;Privada;;;401-500;10.91;;;251-300;3.99;;;351-400;2.91;;;351-400;2.53;;;351-400;351-400;1.48
2025;nutricao;Centro Universitário Vértice;MG;401;Privada;;;351-400;12.37;;;401-500;2.39;;;1;8;;;401-500;1.98;;;351-400;;
2025;nutricao;Faculdade de Educação Superior de Catalão;GO;401;Privada;;;401-500;10.79;;;351-400;2.81;;;301-350;3.55;;;251-300;4.43;;;351-400;;
2025;nutricao;Faculdade Bezerra de Araújo;RJ;401;Privada;;;401-500;9.75;;;351-400;2.58;;;501-600;0.04;;;501-600;1.13;;;401-500;1;6
2025;nutricao;Centro Universitário Una de Betim;MG;401;Privada;;;401-500;9.75;;;401-500;2.39;;;351-400;2.71;;;201-250;4.65;;;401-500;;
2025;nutricao;Faculdade Estácio de Curitiba;PR;401;Privada;;;401-500;9.25;;;401-500;1.25;;;1;8;;;;;;;401-500;;
2025;nutricao;Faculdade Santa Rita de Cássia;GO;401;Privada;;;351-400;11.4;;;401-500;2.54;;;501-600;0.72;;;401-500;2.14;;;351-400;1;6
2025;nutricao;Faculdade São Francisco do Ceará;CE;401;Privada;;;301-350;13.95;;;118;6.41;;;501-600;0.58;;;501-600;0.96;;;301-350;1;6
2025;nutricao;Faculdade Estácio de Santo André;SP;401;Privada;;;401-500;10.85;;;401-500;1.68;;;401-500;1.17;;;1;8;;;351-400;;
2025;nutricao;Faculdade de Medicina Estácio de Juazeiro do Norte;CE;401;Privada;;;351-400;11.92;;;401-500;1.4;;;351-400;2.52;;;201-250;4.98;;;351-400;201-250;3.02
2025;nutricao;Centro Universitário Imepac;MG;401;Privada;;;351-400;12.23;;;401-500;2.39;;;1;8;;;401-500;1.84;;;351-400;;
2025;nutricao;Centro Universitário Estácio de Brasília;DF;401;Privada;;;301-350;13.81;;;351-400;3.05;;;501-600;0.83;;;89;6.79;;;351-400;201-250;3.14
2025;nutricao;Faculdade Estácio de Sá de Vitória;ES;401;Privada;;;301-350;14.22;;;194;5.37;;;1;8;;;501-600;0.85;;;301-350;;
2025;nutricao;Universidade Vale do Rio Doce;MG;401;Privada;;;401-500;9.2;;;251-300;4.48;;;401-500;1.39;;;401-500;1.36;;;401-500;301-350;1.97
2025;nutricao;Universidade Alto Vale do Rio do Peixe;SC;401;Privada;;;351-400;12.72;;;37;7.51;;;351-400;2.78;;;401-500;2.43;;;351-400;;
2025;nutricao;Faculdade Fasipe Mato Grosso;MT;401;Privada;;;301-350;13.54;;;501-600;1.12;;;201-250;5.11;;;401-500;1.31;;;351-400;1;6
2025;nutricao;Centro Universitário Campo Limpo Paulista;SP;401;Privada;;;401-500;9.18;;;401-500;2.14;;;401-500;2.02;;;501-600;0.32;;;401-500;102;4.7
2025;nutricao;Centro Universitário Una de Contagem;MG;401;Privada;;;301-350;13.97;;;251-300;4.12;;;251-300;4.52;;;195;5.33;;;301-350;;
2025;nutricao;Faculdade Internacional da Paraíba;PB;401;Privada;;;401-500;9.26;;;401-500;2.45;;;401-500;2.25;;;251-300;4.04;;;401-500;401-500;0.52
2025;nutricao;Faculdade Castro Alves;BA;401;Privada;;;401-500;10.04;;;501-600;0.8;;;251-300;4.51;;;201-250;4.73;;;401-500;;
2025;nutricao;Centro Universitário Estácio de Goiás;GO;401;Privada;;;351-400;12.56;;;351-400;2.92;;;401-500;1.44;;;301-350;3.27;;;351-400;84;4.93
2025;nutricao;Centro Universitário Estácio do Pantanal;MT;401;Privada;;;401-500;10.14;;;351-400;2.66;;;301-350;3.26;;;351-400;2.71;;;401-500;301-350;1.51
2025;nutricao;Faculdade Estácio do Rio Grande do Sul;RS;401;Privada;;;401-500;11.1;;;401-500;1.8;;;401-500;1.49;;;15;7.81;;;351-400;;
2025;nutricao;Faculdade Estácio de Teresina;PI;401;Privada;;;401-500;11.24;;;351-400;2.96;;;401-500;1.66;;;401-500;2.35;;;351-400;135;4.27
2025;nutricao;Faculdade Ciências da Vida;MG;401;Privada;;;351-400;11.43;;;164;5.78;;;501-600;0.36;;;501-600;0.85;;;351-400;122;4.44
2025;nutricao;Instituto de Ensino Superior de Rondônia;RO;401;Privada;;;401-500;10.62;;;401-500;2.22;;;1;8;;;501-600;0.4;;;401-500;;
2025;nutricao;Faculdade Uninta Tianguá;CE;401;Privada;;;301-350;13.69;;;501-600;1.04;;;1;8;;;201-250;4.65;;;351-400;;
2025;nutricao;Centro Universitário Itop;TO;401;Privada;;;401-500;10.13;;;501-600;0.59;;;1;8;;;401-500;1.54;;;401-500;;
2025;nutricao;Faculdade Morgana Potrich;GO;401;Privada;;;351-400;12.58;;;251-300;3.93;;;1;8;;;501-600;0.65;;;351-400;;
2025;nutricao;Faculdade Inova Mais de São Paulo;SP;401;Privada;;;401-500;10.53;;;401-500;1.68;;;1;8;;;501-600;0.85;;;401-500;;
2025;nutricao;Centro Universitário Universo Juiz de Fora;MG;401;Privada;;;401-500;10.19;;;301-350;3.53;;;401-500;1.55;;;301-350;3.29;;;401-500;301-350;1.82
2025;nutricao;Faculdade Municipal Professor Franco Montoro de Mogi Guaçu;SP;501;Municipal;;;501-600;8.29;;;401-500;2.21;;;;;;;141;6.08;;;63;;
2025;nutricao;Faculdade Sociesc de Educação de São Bento do Sul;SC;501;Privada;;;501-600;0.42;;;501-600;0.42;;;;;;;;;;;501-600;;
2025;nutricao;Faculdade Uninassau Maracanaú;CE;501;Privada;;;501-600;7.6;;;501-600;1.04;;;301-350;3.34;;;301-350;3.22;;;401-500;;
2025;nutricao;Centro Universitário Cnec de Bento Gonçalves;RS;501;Privada;;;501-600;8.37;;;201-250;4.96;;;501-600;0.61;;;351-400;2.8;;;401-500;;
2025;nutricao;Faculdade Santa Casa;BA;501;Privada;;;501-600;3.85;;;501-600;0.8;;;501-600;1.11;;;401-500;1.94;;;501-600;;
2025;nutricao;Faculdade Uninassau Olinda;PE;501;Privada;;;501-600;4.12;;;501-600;0.89;;;401-500;1.47;;;401-500;1.76;;;501-600;;
2025;nutricao;Instituto de Pesquisas, Ensino e Gestão em Saúde;RS;501;Privada;;;501-600;5.87;;;401-500;1.8;;;;;;;251-300;4.07;;;401-500;;
2025;nutricao;Faculdade da Amazônia;PA;501;Privada;;;501-600;4.52;;;401-500;1.73;;;351-400;2.56;;;501-600;0.23;;;401-500;;
2025;nutricao;Faculdade Internacional de São Luís;MA;501;Privada;;;401-500;8.64;;;501-600;0.49;;;1;8;;;501-600;0.15;;;401-500;;
2025;nutricao;Centro Universitário Opet;PR;501;Privada;;;401-500;8.85;;;201-250;4.68;;;351-400;2.93;;;401-500;1.24;;;401-500;;
2025;nutricao;Centro Universitário Estácio da Amazônia;RR;501;Privada;;;401-500;8.93;;;401-500;1.84;;;401-500;1.36;;;351-400;2.96;;;401-500;251-300;2.77
2025;nutricao;Faculdade de Ciências Humanas e Exatas do Sertão do São Francisco;PE;501;Privada;;;501-600;1.55;;;501-600;1.09;;;501-600;0.39;;;501-600;0.07;;;501-600;;
2025;nutricao;Faculdade Via Sapiens;CE;501;Privada;;;401-500;9.15;;;501-600;1.04;;;1;8;;;501-600;0.11;;;401-500;;
2025;nutricao;Centro Universitário de Goiânia;GO;501;Privada;;;501-600;8.41;;;251-300;4.29;;;501-600;0.37;;;401-500;2.12;;;401-500;301-350;1.63
2025;nutricao;Faculdade Fasipe de Sorriso;MT;501;Privada;;;501-600;4.42;;;501-600;0.19;;;301-350;3.71;;;501-600;0.52;;;401-500;;
2025;nutricao;Faculdade Estácio São Paulo de Rondônia;RO;501;Privada;;;501-600;7.34;;;401-500;1.31;;;401-500;1.95;;;501-600;1.05;;;401-500;201-250;3.03
2025;nutricao;Centro Universitário Universo Goiânia;GO;501;Privada;;;501-600;6.91;;;301-350;3.5;;;401-500;1.33;;;401-500;1.2;;;401-500;351-400;0.88
2025;nutricao;Centro Universitário Uniftec;RS;501;Privada;;;501-600;7.91;;;401-500;1.8;;;301-350;3.59;;;351-400;2.52;;;401-500;;
2025;nutricao;Faculdades Aggeu Magalhães;PE;501;Privada;;;401-500;8.61;;;501-600;0.89;;;401-500;1.35;;;501-600;0.37;;;401-500;1;6
2025;nutricao;Faculdade São Salvador;BA;501;Privada;;;401-500;8.92;;;501-600;0.8;;;401-500;1.62;;;351-400;2.78;;;401-500;178;3.72
2025;nutricao;Instituto Taubaté de Ensino Superior;SP;501;Privada;;;501-600;5.54;;;351-400;2.85;;;501-600;0.56;;;401-500;1.97;;;401-500;401-500;0.16
2025;nutricao;Faculdade Anhanguera de Joinville;SC;501;Privada;;;501-600;6.78;;;501-600;0.42;;;351-400;2.67;;;301-350;3.68;;;401-500;401-500;0.01
2025;nutricao;Faculdade Master de Parauapebas;PA;501;Privada;;;501-600;6.87;;;501-600;0.59;;;501-600;0.25;;;501-600;0.03;;;401-500;1;6
2025;nutricao;Centro Universitário de Rondônia;RO;501;Privada;;;501-600;6.47;;;351-400;2.93;;;401-500;1.98;;;501-600;0.28;;;401-500;351-400;1.28
2025;nutricao;Centro Universitário Maurício de Nassau de Teresina;PI;501;Privada;;;501-600;8.3;;;401-500;2.13;;;301-350;3.63;;;401-500;1.55;;;401-500;351-400;0.99
2025;nutricao;Faculdades Integradas do Ceará;CE;501;Privada;;;501-600;1.51;;;501-600;1.04;;;501-600;0.43;;;501-600;0.04;;;501-600;;
2025;nutricao;Instituto Universitário São Judas de Guarulhos;SP;501;Privada;;;501-600;6.21;;;401-500;1.68;;;501-600;0.8;;;301-350;3.73;;;401-500;;
2025;nutricao;Faculdade Uninassau Arapiraca;AL;501;Privada;;;501-600;7.51;;;351-400;2.89;;;351-400;2.97;;;401-500;1.65;;;401-500;;
2025;nutricao;Faculdade Vale dos Carajás;PA;501;Privada;;;401-500;8.6;;;501-600;0.59;;;1;8;;;501-600;0.01;;;401-500;;
2025;nutricao;Centro Universitário Unifecaf;SP;501;Privada;;;501-600;2.9;;;401-500;1.68;;;401-500;1.22;;;;;;;501-600;;
2025;nutricao;Instituto de Ensino Superior da Grande Florianópolis;SC;501;Privada;;;501-600;4.66;;;501-600;0.42;;;501-600;0.84;;;351-400;2.83;;;401-500;401-500;0.57
2025;nutricao;Faculdade Una de Jataí;GO;501;Privada;;;501-600;1.22;;;501-600;0.29;;;501-600;0.08;;;501-600;0.85;;;501-600;;
2025;nutricao;Faculdade de Guarantã do Norte;MT;501;Privada;;;501-600;5.97;;;501-600;0.19;;;201-250;4.61;;;401-500;1.17;;;401-500;;
2025;nutricao;Centro Universitário Maurício de Nassau de Barreiras;BA;501;Privada;;;501-600;5.57;;;501-600;0.8;;;301-350;3.78;;;501-600;0.99;;;401-500;;
2025;nutricao;Centro Universitário La Salle do Rio de Janeiro;RJ;501;Privada;;;501-600;4.52;;;501-600;0.1;;;501-600;0.23;;;251-300;4.19;;;401-500;;
2025;nutricao;Centro Universitário Multiversa do Vale do Jaguaribe;CE;501;Privada;;;501-600;6.96;;;501-600;1.04;;;251-300;4.18;;;501-600;0.37;;;401-500;351-400;1.37
2025;nutricao;Centro Universitário Cambury;GO;501;Privada;;;501-600;0.51;;;501-600;0.29;;;501-600;0.01;;;501-600;0.21;;;501-600;;
2025;nutricao;Faculdade Educaremt;MT;501;Privada;;;501-600;1.19;;;501-600;0.19;;;501-600;0.15;;;501-600;0.85;;;501-600;;
2025;nutricao;Conservatório Brasileiro de Música;RJ;501;Privada;;;501-600;7.91;;;501-600;0.1;;;401-500;1.83;;;301-350;3.26;;;401-500;251-300;2.72
2025;nutricao;Faculdade Estácio de Carapicuíba;SP;501;Privada;;;501-600;1.68;;;401-500;1.68;;;;;;;;;;;501-600;;
2025;nutricao;Faculdade da Saúde e Ecologia Humana;MG;501;Privada;;;501-600;3.71;;;401-500;2.39;;;501-600;0.34;;;501-600;0.98;;;501-600;;
2025;nutricao;Instituto de Serra Dourada;SP;501;Privada;;;501-600;4.23;;;401-500;1.68;;;401-500;1.86;;;501-600;0.69;;;501-600;;
2025;nutricao;Centro Universitário Universo Recife;PE;501;Privada;;;501-600;4.71;;;501-600;0.89;;;501-600;0.44;;;401-500;1.81;;;401-500;301-350;1.57
2025;nutricao;Faculdade Foz do Iguaçu;PR;501;Privada;;;501-600;5.15;;;401-500;1.25;;;301-350;3.48;;;501-600;0.11;;;401-500;401-500;0.31
2025;nutricao;Faculdade de Boa Vista;RR;501;Privada;;;501-600;4.36;;;401-500;1.84;;;401-500;2.23;;;501-600;0.29;;;501-600;;
2025;nutricao;Faculdade Estácio de Pimenta Bueno;RO;501;Privada;;;501-600;4.7;;;401-500;1.32;;;501-600;0.45;;;401-500;1.17;;;401-500;301-350;1.76
2025;nutricao;Instituto Municipal de Ensino Superior de Catanduva;SP;501;Municipal;;;401-500;8.59;;;251-300;3.94;;;501-600;0.14;;;251-300;4.51;;;62;;
2025;nutricao;Faculdades Reunidas da Asce;RJ;501;Privada;;;501-600;5.26;;;501-600;0.1;;;201-250;4.61;;;501-600;0.55;;;401-500;;
2025;nutricao;Faculdade de Educação São Francisco;MA;501;Privada;;;401-500;8.9;;;501-600;0.49;;;1;8;;;501-600;0.41;;;401-500;;
2025;nutricao;Centro Universitário Tabosa de Almeida;PE;501;Privada;;;401-500;8.55;;;351-400;2.77;;;351-400;2.61;;;401-500;1.47;;;401-500;301-350;1.7
2025;nutricao;Faculdade Nossa Senhora de Fátima;RS;501;Privada;;;401-500;9.09;;;201-250;5.21;;;501-600;0.12;;;401-500;1.29;;;401-500;251-300;2.47
2025;nutricao;Centro Universitário de Tecnologia de Curitiba;PR;501;Privada;;;501-600;4.12;;;401-500;1.25;;;501-600;0.59;;;401-500;2.28;;;501-600;;
2025;nutricao;Faculdade de Ensino e Cultura do Ceará;CE;501;Privada;;;501-600;5.68;;;501-600;1.04;;;351-400;2.58;;;501-600;0.59;;;401-500;351-400;1.47
2025;nutricao;Faculdade Uninassau Mossoró;RN;501;Privada;;;401-500;9.02;;;401-500;2.04;;;251-300;4.18;;;351-400;2.8;;;401-500;;
2025;nutricao;Instituto de Ensino Superior do Sul do Maranhão;MA;501;Privada;;;501-600;4.23;;;501-600;1.08;;;401-500;2.17;;;501-600;0.3;;;501-600;401-500;0.68
2025;nutricao;Centro Universitário do Sudeste Mineiro;MG;501;Privada;;;501-600;6.73;;;251-300;4.51;;;501-600;0.41;;;501-600;0.25;;;401-500;301-350;1.56
2025;nutricao;Centro Universitário Sul-americana;GO;501;Privada;;;501-600;4.62;;;501-600;0.29;;;301-350;3.48;;;501-600;0.85;;;401-500;;
2025;nutricao;Faculdade de Tecnologia de Sinop;MT;501;Privada;;;501-600;8.31;;;501-600;0.19;;;1;8;;;501-600;0.12;;;401-500;;
2025;nutricao;Faculdade Uninassau Vilhena;RO;501;Privada;;;501-600;8.15;;;401-500;1.31;;;301-350;3.53;;;501-600;0.72;;;401-500;251-300;2.59
2025;nutricao;Faculdade de Tecnologia em Hotelaria, Gastronomia e Turismo de São Paulo;SP;501;Privada;;;501-600;4.24;;;401-500;1.68;;;401-500;2.06;;;501-600;0.5;;;501-600;;
2025;nutricao;Centro Universitário do Recife;PE;501;Privada;;;501-600;5.42;;;501-600;0.89;;;301-350;3.27;;;401-500;1.21;;;401-500;401-500;0.05
2025;nutricao;Centro Universitário Brasília do Estado de Goiás;GO;501;Privada;;;501-600;6.19;;;501-600;0.29;;;401-500;1.88;;;401-500;1.28;;;401-500;251-300;2.74
2025;nutricao;Faculdade Uninassau Lauro de Freitas;BA;501;Privada;;;501-600;6.76;;;501-600;0.8;;;501-600;0.91;;;301-350;3.66;;;401-500;351-400;1.39
2025;nutricao;Faculdade Anhanguera de Rondonópolis;MT;501;Privada;;;401-500;8.93;;;301-350;3.75;;;301-350;3.31;;;401-500;1.44;;;401-500;401-500;0.43
2025;nutricao;Instituto do Sul de Santa Catarina;SC;501;Privada;;;501-600;2.37;;;501-600;0.42;;;501-600;0.33;;;401-500;1.62;;;501-600;;
2025;nutricao;Faculdade de Ciências da Saúde Archimedes Theodoro;MG;501;Privada;;;501-600;5.28;;;351-400;2.88;;;501-600;0.1;;;501-600;0.08;;;401-500;251-300;2.22
2025;nutricao;Centro Universitário Alves Faria;GO;501;Privada;;;501-600;0.8;;;501-600;0.29;;;501-600;0.33;;;501-600;0.18;;;501-600;;
2025;nutricao;Faculdade de Ciências e Letras de Bragança Paulista;SP;501;Municipal;;;501-600;7.38;;;401-500;2.21;;;501-600;0.03;;;501-600;0.44;;;64;102;4.7
2025;nutricao;Centro Universitário Estácio Meta de Rio Branco Estácio;AC;501;Privada;;;401-500;8.42;;;153;5.93;;;401-500;1.24;;;501-600;0.76;;;401-500;401-500;0.49
2025;nutricao;Faculdade Mauá de Goiás;GO;501;Privada;;;501-600;8.35;;;501-600;0.29;;;1;8;;;501-600;0.06;;;401-500;;
2025;nutricao;Centro Universitário Estácio de São Luís;MA;501;Privada;;;501-600;7.71;;;401-500;2.07;;;501-600;0.85;;;401-500;1.25;;;401-500;192;3.54
2025;nutricao;Faculdade Una de Itabira;MG;501;Privada;;;501-600;3.78;;;401-500;2.39;;;501-600;0.07;;;401-500;1.32;;;501-600;;
2025;nutricao;Faculdades Integradas dos Campos Gerais;PR;501;Privada;;;501-600;4.27;;;401-500;1.25;;;401-500;1.84;;;401-500;1.18;;;501-600;;
2025;nutricao;Faculdade Gil Gal;PB;501;Privada;;;501-600;5.54;;;401-500;1.39;;;251-300;4;;;501-600;0.15;;;401-500;;
2025;nutricao;Instituto Salvador de Ensino e Cultura;BA;501;Privada;;;501-600;6.42;;;501-600;1.06;;;501-600;0.99;;;251-300;3.92;;;401-500;401-500;0.45
2025;nutricao;Faculdade para o Desenvolvimento Sustentável da Amazônia;PA;501;Privada;;;501-600;3.34;;;501-600;0.59;;;501-600;0.06;;;501-600;0.17;;;501-600;251-300;2.52
2025;nutricao;Faculdade Anhanguera de Sorriso;MT;501;Privada;;;501-600;6.66;;;401-500;1.42;;;351-400;2.98;;;401-500;1.86;;;401-500;401-500;0.4
2025;nutricao;Centro Universitário Maurício de Nassau do Rio de Janeiro;RJ;501;Privada;;;501-600;6.93;;;501-600;0.1;;;401-500;2.14;;;301-350;3.88;;;401-500;401-500;0.81
2025;nutricao;Centro Universitário de Excelência Eniac;SP;501;Privada;;;501-600;7.26;;;401-500;1.68;;;301-350;3.68;;;401-500;1.9;;;401-500;;
2025;nutricao;Centro Universitário Maurício de Nassau Paulista;PE;501;Privada;;;501-600;7.92;;;351-400;3.12;;;401-500;1.5;;;401-500;1.4;;;401-500;301-350;1.9
2025;nutricao;Instituto Universitário Una de Conselheiro Lafaiete;MG;501;Privada;;;501-600;4.83;;;401-500;2.39;;;501-600;1.09;;;401-500;1.35;;;401-500;;
2025;nutricao;Faculdade Unisul de Balneário Camboriú;SC;501;Privada;;;501-600;4.89;;;501-600;0.42;;;501-600;0.52;;;351-400;2.85;;;401-500;351-400;1.1
2025;nutricao;Faculdade Santo Antonio de Itabuna;BA;501;Privada;;;501-600;0.8;;;501-600;0.8;;;;;;;;;;;501-600;;
2025;nutricao;Centro Universitário Maurício de Nassau de São Luís;MA;501;Privada;;;401-500;8.97;;;501-600;0.49;;;301-350;3.88;;;301-350;3.45;;;401-500;351-400;1.15
2025;nutricao;Faculdade Irecê;BA;501;Privada;;;501-600;2.3;;;501-600;0.8;;;401-500;1.31;;;501-600;0.19;;;501-600;;
2025;nutricao;Centro Universitário Tiradentes de Pernambuco;PE;501;Privada;;;501-600;7.77;;;501-600;0.89;;;401-500;1.62;;;301-350;3.3;;;401-500;301-350;1.96
2025;nutricao;Faculdade Maria Thereza;RJ;501;Privada;;;501-600;6;;;501-600;0.1;;;501-600;0.29;;;175;5.61;;;401-500;;
