ano;curso;Universidade;Estado;Posição;Pública ou Privada;Posição em avaliação do Mercado;Nota em avaliação do Mercado;Posição em qualidade de ensino;Nota em qualidade de ensino;Posição em Instrução dos Professores;Nota em Instrução dos Professores;Posição Nota dos concluintes;Nota dos concluintes;Posição Desistência;Nota Desistência;Posição em Tempo de Dedicação dos Professores;Nota em Tempo de Dedicação dos Professores;Posição no MEC;Nota no MEC;Posição em Professores com doutorado e mestrado;Nota em Professores com doutorado e mestrado;Posição em avaliação dos docentes;Nota em avaliação dos docentes;Posição PP;Posição em Permanência dos alunos;Nota em Permanência dos alunos
2019;odontologia;Universidade de São Paulo;SP;1;Estadual;1;36;1;62.86;1;8;27;6.86;;;1;8;1;40;;;;;;;
2019;odontologia;Universidade Estadual de Campinas;SP;2;Estadual;2;35.48;2;60.86;1;8;27;6.86;;;1;8;2;38;;;;;;;
2019;odontologia;Universidade Estadual Paulista Júlio de Mesquita Filho;SP;3;Estadual;2;35.48;3;58.09;4;7.92;26;6.91;;;103;5.26;2;38;;;;;;;
2019;odontologia;Universidade Federal de Minas Gerais;MG;4;Federal;2;35.48;5;56.02;18;7.55;36;6.47;;;1;8;4;34;;;;;;;
2019;odontologia;Universidade Federal do Rio Grande do Sul;RS;5;Federal;8;32.35;4;57.54;5;7.89;9;7.65;;;1;8;4;34;;;;;;;
2019;odontologia;Universidade Federal do Rio de Janeiro;RJ;6;Federal;2;35.48;7;51.01;7;7.84;20;7.17;;;1;8;7;28;;;;;;;
2019;odontologia;Faculdade São Leopoldo Mandic;SP;7;Privada;8;32.35;6;53.54;23;7.41;1;8;;;145;4.13;4;34;;;;;;;
2019;odontologia;Universidade de Brasília;DF;8;Federal;8;32.35;8;50.25;37;7.04;19;7.21;;;1;8;7;28;;;;;;;
2019;odontologia;Universidade Federal do Paraná;PR;9;Federal;8;32.35;9;49.82;9;7.79;46;6.03;;;1;8;7;28;;;;;;;
2019;odontologia;Universidade Federal de Santa Catarina;SC;10;Federal;8;32.35;10;45.59;8;7.81;6;7.78;;;1;8;10;22;;;;;;;
2019;odontologia;Universidade do Estado do Rio de Janeiro;RJ;11;Estadual;2;35.48;14;41.65;10;7.76;44;6.12;;;84;5.77;10;22;;;;;;;
2019;odontologia;Universidade Paulista;SP;12;Privada;2;35.48;17;36.14;138;4.33;45;6.08;;;160;3.73;10;22;;;;;;;
2019;odontologia;Universidade Estadual de Londrina;PR;13;Estadual;26;22.96;11;44.38;16;7.6;29;6.78;;;1;8;10;22;;;;;;;
2019;odontologia;Universidade Federal de Pelotas;RS;14;Federal;26;22.96;12;43.73;6;7.87;50;5.86;;;1;8;10;22;;;;;;;
2019;odontologia;Universidade Federal de Pernambuco;PE;15;Federal;26;22.96;13;43.31;38;7.01;40;6.3;;;1;8;10;22;;;;;;;
2019;odontologia;Universidade Estadual de Feira de Santana;BA;16;Estadual;26;22.96;15;41.29;110;5.08;42;6.21;;;1;8;10;22;;;;;;;
2019;odontologia;Universidade de Ribeirão Preto;SP;17;Privada;26;22.96;16;39.55;43;6.88;123;2.67;;;1;8;10;22;;;;;;;
2019;odontologia;Universidade Luterana do Brasil;RS;18;Privada;26;22.96;18;35.41;162;3.69;87;4.24;;;95;5.48;10;22;;;;;;;
2019;odontologia;Centro Universitário Newton Paiva;MG;19;Privada;26;22.96;19;34.32;74;6.05;142;1.84;;;134;4.43;10;22;;;;;;;
2019;odontologia;Universidade Estadual de Ponta Grossa;PR;20;Estadual;8;32.35;21;23.43;21;7.47;2;7.96;;;1;8;;;;;;;;;
2019;odontologia;Universidade Federal da Bahia;BA;21;Federal;8;32.35;34;21.55;60;6.42;21;7.13;;;1;8;;;;;;;;;
2019;odontologia;Universidade Federal de Juiz de Fora;MG;22;Federal;8;32.35;38;21.12;48;6.74;38;6.38;;;1;8;;;;;;;;;
2019;odontologia;Universidade Federal Fluminense;RJ;23;Federal;8;32.35;43;20.08;40;6.96;67;5.12;;;1;8;;;;;;;;;
2019;odontologia;Universidade Positivo;PR;24;Privada;8;32.35;45;19.64;36;7.06;24;7;;;91;5.58;;;;;;;;;
2019;odontologia;Pontifícia Universidade Católica do Rio Grande do Sul;RS;25;Privada;8;32.35;50;17.7;61;6.4;17;7.3;;;150;4;;;;;;;;;
2019;odontologia;Universidade Nove de Julho;SP;26;Privada;8;32.35;71;14.72;111;5.06;65;5.2;;;133;4.46;;;;;;;;;
2019;odontologia;Universidade Federal do Espírito Santo;ES;27;Federal;26;22.96;22;23.42;13;7.68;7;7.74;;;1;8;;;;;;;;;
2019;odontologia;Universidade Federal do Amazonas;AM;28;Federal;26;22.96;24;23.3;24;7.39;3;7.91;;;1;8;;;;;;;;;
2019;odontologia;Universidade Federal do Ceará;CE;29;Federal;26;22.96;25;23.21;14;7.65;11;7.56;;;1;8;;;;;;;;;
2019;odontologia;Universidade Federal de Alfenas;MG;30;Federal;26;22.96;26;22.97;12;7.71;18;7.26;;;1;8;;;;;;;;;
2019;odontologia;Universidade Federal de Goiás;GO;30;Federal;26;22.96;26;22.97;28;7.28;8;7.69;;;1;8;;;;;;;;;
2019;odontologia;Universidade Federal da Paraíba;PB;32;Federal;26;22.96;28;22.85;26;7.33;12;7.52;;;1;8;;;;;;;;;
2019;odontologia;Universidade Federal de Santa Maria;RS;33;Federal;26;22.96;29;22.56;30;7.22;16;7.34;;;1;8;;;;;;;;;
2019;odontologia;Universidade de Pernambuco;PE;34;Estadual;26;22.96;30;22.12;52;6.64;13;7.48;;;1;8;;;;;;;;;
2019;odontologia;Universidade Cidade de São Paulo;SP;35;Privada;8;32.35;100;12.71;35;7.09;144;1.75;;;155;3.87;;;;;;;;;
2019;odontologia;Universidade Veiga de Almeida;RJ;36;Privada;8;32.35;102;12.65;101;5.32;47;5.99;;;201-250;1.34;;;;;;;;;
2019;odontologia;Universidade Federal do Rio Grande do Norte;RN;37;Federal;26;22.96;32;21.93;44;6.85;22;7.08;;;1;8;;;;;;;;;
2019;odontologia;Universidade Estadual do Oeste do Paraná;PR;38;Estadual;26;22.96;37;21.33;45;6.82;35;6.51;;;1;8;;;;;;;;;
2019;odontologia;Pontifícia Universidade Católica de Minas Gerais;MG;39;Privada;8;32.35;115;11.83;102;5.3;101;3.63;;;191;2.9;;;;;;;;;
2019;odontologia;Pontifícia Universidade Católica do Paraná;PR;39;Privada;8;32.35;115;11.83;50;6.69;89;4.15;;;251-300;0.99;;;;;;;;;
2019;odontologia;Universidade Católica de Brasília;DF;41;Privada;8;32.35;121;11.67;182;3.16;98;3.76;;;122;4.75;;;;;;;;;
2019;odontologia;Universidade Estácio de Sá;RJ;42;Privada;8;32.35;129;11.27;88;5.67;99;3.72;;;201-250;1.88;;;;;;;;;
2019;odontologia;Universidade Federal do Pará;PA;43;Federal;26;22.96;41;20.5;29;7.25;64;5.25;;;1;8;;;;;;;;;
2019;odontologia;Universidade Estadual da Paraíba;PB;44;Estadual;26;22.96;46;19.54;91;5.59;48;5.95;;;1;8;;;;;;;;;
2019;odontologia;Universidade do Estado do Amazonas;AM;45;Estadual;26;22.96;47;19.32;140;4.28;23;7.04;;;1;8;;;;;;;;;
2019;odontologia;Universidade Estadual de Montes Claros;MG;46;Estadual;26;22.96;48;18.4;127;4.63;52;5.77;;;1;8;;;;;;;;;
2019;odontologia;Escola Bahiana de Medicina e Saúde Pública;BA;47;Privada;26;22.96;51;17.53;122;4.76;75;4.77;;;1;8;;;;;;;;;
2019;odontologia;Universidade Cruzeiro do Sul;SP;48;Privada;26;22.96;52;17.34;15;7.63;84;4.37;;;100;5.34;;;;;;;;;
2019;odontologia;Universidade Cesumar;PR;49;Privada;26;22.96;64;15.31;100;5.35;68;5.07;;;117;4.89;;;;;;;;;
2019;odontologia;Universidade do Grande Rio Professor José de Souza Herdy;RJ;50;Privada;26;22.96;76;14.35;108;5.14;106;3.41;;;83;5.8;;;;;;;;;
2019;odontologia;Universidade de Fortaleza;CE;51;Privada;26;22.96;79;13.97;89;5.65;76;4.72;;;165;3.6;;;;;;;;;
2019;odontologia;Universidade Santa Cecília;SP;52;Privada;26;22.96;81;13.52;90;5.62;129;2.4;;;94;5.5;;;;;;;;;
2019;odontologia;Universidade de Passo Fundo;RS;53;Privada;26;22.96;87;13.35;94;5.51;82;4.46;;;173;3.38;;;;;;;;;
2019;odontologia;Universidade de Mogi das Cruzes;SP;54;Privada;26;22.96;91;13.13;135;4.42;58;5.51;;;180;3.2;;;;;;;;;
2019;odontologia;Universidade de Taubaté;SP;55;Municipal;26;22.96;110;12.18;63;6.34;174;0.44;;;98;5.4;;;;;;;;;
2019;odontologia;Centro Universitário das Faculdades Metropolitanas Unidas;SP;56;Privada;26;22.96;119;11.79;93;5.54;127;2.49;;;159;3.76;;;;;;;;;
2019;odontologia;Universidade Potiguar;RN;57;Privada;26;22.96;120;11.71;105;5.22;119;2.84;;;163;3.65;;;;;;;;;
2019;odontologia;Pontifícia Universidade Católica de Campinas;SP;58;Privada;26;22.96;134;11.02;67;6.23;104;3.5;;;251-300;1.29;;;;;;;;;
2019;odontologia;Centro Universitário Maria Milza;BA;59;Privada;26;22.96;136;10.99;201-250;2.6;108;3.32;;;110;5.07;;;;;;;;;
2019;odontologia;Universidade de Cuiabá;MT;60;Privada;26;22.96;139;10.72;201-250;2.62;62;5.33;;;196;2.77;;;;;;;;;
2019;odontologia;Universidade José do Rosário Velano;MG;61;Privada;;;20;33.3;178;3.26;80;4.55;;;169;3.49;10;22;;;;;;;
2019;odontologia;Universidade Metodista de São Paulo;SP;62;Privada;26;22.96;147;10.29;112;5.03;95;3.89;;;201-250;1.37;;;;;;;;;
2019;odontologia;Universidade de Uberaba;MG;63;Privada;26;22.96;173;8.73;200;2.68;85;4.33;;;201-250;1.72;;;;;;;;;
2019;odontologia;Universidade Tiradentes;SE;64;Privada;26;22.96;177;8.64;121;4.79;105;3.45;;;251-300;0.4;;;;;;;;;
2019;odontologia;Universidade Paranaense;PR;65;Privada;26;22.96;190;8.12;201-250;1.66;49;5.9;;;251-300;0.56;;;;;;;;;
2019;odontologia;Centro Universitário do Planalto Central Apparecido dos Santos;DF;66;Privada;26;22.96;191;8.08;196;2.78;169;0.66;;;126;4.64;;;;;;;;;
2019;odontologia;Universidade do Sul de Santa Catarina;SC;67;Privada;26;22.96;201-250;6.88;201-250;2.57;150;1.49;;;194;2.82;;;;;;;;;
2019;odontologia;Universidade Metropolitana de Santos;SP;68;Privada;26;22.96;201-250;5.83;193;2.86;151;1.44;;;201-250;1.53;;;;;;;;;
2019;odontologia;Universidade Universus Veritas Guarulhos;SP;69;Privada;26;22.96;201-250;5.38;201-250;1.77;148;1.57;;;201-250;2.04;;;;;;;;;
2019;odontologia;Universidade Vale do Rio Doce;MG;70;Privada;26;22.96;251-300;4.31;251-300;0.75;135;2.14;;;201-250;1.42;;;;;;;;;
2019;odontologia;Universidade Estadual de Maringá;PR;71;Estadual;;;23;23.31;22;7.44;4;7.87;;;1;8;;;;;;;;;
2019;odontologia;Universidade Federal do Maranhão;MA;72;Federal;;;31;22.11;49;6.72;15;7.39;;;1;8;;;;;;;;;
2019;odontologia;Universidade Federal do Piauí;PI;73;Federal;;;33;21.64;83;5.81;5;7.83;;;1;8;;;;;;;;;
2019;odontologia;Universidade Federal dos Vales do Jequitinhonha e Mucuri;MG;74;Federal;;;35;21.53;46;6.8;30;6.73;;;1;8;;;;;;;;;
2019;odontologia;Universidade Federal de Campina Grande;PB;75;Federal;;;36;21.4;59;6.45;25;6.95;;;1;8;;;;;;;;;
2019;odontologia;Universidade Federal de Sergipe;SE;76;Federal;;;39;20.66;39;6.98;54;5.68;;;1;8;;;;;;;;;
2019;odontologia;Universidade Federal de Alagoas;AL;77;Federal;;;40;20.51;81;5.86;32;6.65;;;1;8;;;;;;;;;
2019;odontologia;Universidade Federal de Uberlândia;MG;78;Federal;;;42;20.42;19;7.52;72;4.9;;;1;8;;;;;;;;;
2019;odontologia;Universidade do Estado do Rio Grande do Norte;RN;79;Estadual;;;44;19.95;131;4.52;14;7.43;;;1;8;;;;;;;;;
2019;odontologia;Universidade Federal de Mato Grosso do Sul;MS;80;Federal;;;49;17.76;42;6.9;34;6.56;;;139;4.3;;;;;;;;;
2019;odontologia;Universidade Estadual do Piauí;PI;81;Estadual;;;53;17.22;163;3.67;57;5.55;;;1;8;;;;;;;;;
2019;odontologia;Universidade Estadual do Sudoeste da Bahia;BA;82;Estadual;;;54;17.18;107;5.16;92;4.02;;;1;8;;;;;;;;;
2019;odontologia;Universidade Ceuma;MA;83;Privada;;;55;16.88;86;5.73;112;3.15;;;1;8;;;;;;;;;
2019;odontologia;Instituto Nacional de Ensino Superior e Pós-graduação Padre Gervásio;MG;84;Privada;;;56;16.55;57;6.5;37;6.43;;;164;3.62;;;;;;;;;
2019;odontologia;Universidade do Oeste Paulista;SP;85;Privada;;;57;16.36;87;5.7;39;6.34;;;138;4.32;;;;;;;;;
2019;odontologia;Centro Universitário Uninovafapi;PI;86;Privada;;;58;16.08;109;5.11;116;2.97;;;1;8;;;;;;;;;
2019;odontologia;Centro Universitário de Valença;RJ;87;Privada;;;59;16.05;157;3.83;31;6.69;;;93;5.53;;;;;;;;;
2019;odontologia;Faculdade Meridional;RS;88;Privada;;;60;16.01;25;7.36;117;2.93;;;86;5.72;;;;;;;;;
2019;odontologia;Faculdade de Ensino Superior da Cidade de Feira de Santana;BA;89;Privada;;;61;16;1;8;;;;;1;8;;;;;;;;;
2019;odontologia;Centro Universitário de Várzea Grande;MT;90;Privada;;;62;15.99;79;5.91;78;4.63;;;96;5.45;;;;;;;;;
2019;odontologia;Faculdade de Ciências Odontológicas;MG;91;Privada;;;63;15.73;11;7.73;;;;;1;8;;;;;;;;;
2019;odontologia;Universidade São Judas Tadeu;SP;92;Privada;;;65;15.2;31;7.2;;;;;1;8;;;;;;;;;
2019;odontologia;Centro Universitário da Grande Dourados;MS;93;Privada;;;66;15.18;152;3.96;33;6.6;;;127;4.62;;;;;;;;;
2019;odontologia;Centro Universitário de Excelência;BA;94;Privada;;;67;15.14;33;7.14;;;;;1;8;;;;;;;;;
2019;odontologia;Centro Universitário Faesa;ES;95;Privada;;;68;14.99;185;3.08;43;6.16;;;85;5.75;;;;;;;;;
2019;odontologia;Centro Universitário Facvest;SC;96;Privada;;;69;14.93;41;6.93;;;;;1;8;;;;;;;;;
2019;odontologia;Faculdade de Enfermagem Nova Esperança;PB;97;Privada;;;70;14.77;47;6.77;;;;;1;8;;;;;;;;;
2019;odontologia;Centro Universitário de União da Vitória;PR;98;Municipal;;;72;14.64;251-300;0.83;51;5.81;;;1;8;;;;;;;;;
2019;odontologia;Faculdade de Odontologia da Apcd;SP;99;Privada;;;73;14.61;53;6.61;;;;;1;8;;;;;;;;;
2019;odontologia;Centro Universitário Metropolitano da Amazônia;PA;100;Privada;;;74;14.56;55;6.56;;;;;1;8;;;;;;;;;
2019;odontologia;Universidade Franciscana;RS;101;Privada;;;75;14.41;154;3.91;74;4.81;;;87;5.69;;;;;;;;;
2019;odontologia;Centro Universitário Facid Wyden;PI;102;Privada;;;77;14.25;145;4.15;66;5.16;;;115;4.94;;;;;;;;;
2019;odontologia;Centro Universitário Ages;BA;103;Privada;;;78;13.99;76;5.99;;;;;1;8;;;;;;;;;
2019;odontologia;Centro Universitário São José;RJ;104;Privada;;;80;13.65;34;7.12;77;4.68;;;201-250;1.85;;;;;;;;;
2019;odontologia;Soberana Faculdade de Saúde de Petrolina;PE;105;Privada;;;82;13.49;95;5.49;;;;;1;8;;;;;;;;;
2019;odontologia;Universidade do Vale do Itajaí;SC;106;Privada;;;83;13.48;161;3.72;56;5.6;;;144;4.16;;;;;;;;;
2019;odontologia;Centro Universitário da Fundação Herminio Ometto;SP;107;Privada;;;84;13.46;64;6.31;59;5.46;;;201-250;1.69;;;;;;;;;
2019;odontologia;Centro Universitário Zarns;BA;108;Privada;;;85;13.42;126;4.66;93;3.98;;;121;4.78;;;;;;;;;
2019;odontologia;Instituto Florence de Ensino Superior;MA;109;Privada;;;86;13.36;201-250;1.82;103;3.54;;;1;8;;;;;;;;;
2019;odontologia;Faculdade Cathedral;RR;110;Privada;;;88;13.21;71;6.13;146;1.66;;;97;5.42;;;;;;;;;
2019;odontologia;Centro Universitário de Volta Redonda;RJ;111;Privada;;;89;13.18;70;6.15;137;2.06;;;114;4.97;;;;;;;;;
2019;odontologia;Universidade Evangélica de Goiás;GO;112;Privada;;;90;13.15;201-250;2.36;55;5.64;;;107;5.15;;;;;;;;;
2019;odontologia;Centro Universitário Sagrado Coração;SP;113;Privada;;;92;13.08;20;7.49;90;4.11;;;201-250;1.48;;;;;;;;;
2019;odontologia;Centro Universitário de Lavras;MG;114;Privada;;;93;13.07;113;5;118;2.89;;;106;5.18;;;;;;;;;
2019;odontologia;Centro Universitário de Santa Fé do Sul;SP;115;Municipal;;;94;12.95;133;4.47;79;4.59;;;154;3.89;;;;;;;;;
2019;odontologia;Centro Universitário Unirb - Alagoinhas;BA;116;Privada;;;95;12.92;116;4.92;;;;;1;8;;;;;;;;;
2019;odontologia;Centro Universitário de Excelência de Vitória da Conquista;BA;116;Privada;;;95;12.92;116;4.92;;;;;1;8;;;;;;;;;
2019;odontologia;Centro Universitário Inta;CE;118;Privada;;;97;12.84;119;4.84;;;;;1;8;;;;;;;;;
2019;odontologia;Faculdade de Enfermagem Nova Esperança de Mossoró;RN;119;Privada;;;98;12.82;120;4.82;;;;;1;8;;;;;;;;;
2019;odontologia;Universidade de Marília;SP;120;Privada;;;99;12.75;106;5.19;140;1.92;;;89;5.64;;;;;;;;;
2019;odontologia;Universidade Estadual do Norte do Paraná;PR;121;Estadual;;;101;12.68;125;4.68;;;;;1;8;;;;;;;;;
2019;odontologia;Universidade Tuiuti do Paraná;PR;122;Privada;;;103;12.61;72;6.1;131;2.32;;;143;4.19;;;;;;;;;
2019;odontologia;Centro Universitário do Estado do Pará;PA;123;Privada;;;104;12.54;167;3.56;81;4.5;;;132;4.48;;;;;;;;;
2019;odontologia;Centro Universitário Christus;CE;124;Privada;;;105;12.5;132;4.5;;;;;1;8;;;;;;;;;
2019;odontologia;Centro Universitário Euro-americano;DF;125;Privada;;;106;12.47;58;6.48;128;2.45;;;167;3.54;;;;;;;;;
2019;odontologia;Centro Universitário Tabosa de Almeida;PE;126;Privada;;;107;12.39;104;5.24;61;5.38;;;201-250;1.77;;;;;;;;;
2019;odontologia;Universidade do Oeste de Santa Catarina;SC;127;Privada;;;108;12.25;201-250;1.63;10;7.61;;;187;3.01;;;;;;;;;
2019;odontologia;Faculdade Herrero;PR;128;Privada;;;109;12.2;188;3;91;4.07;;;108;5.13;;;;;;;;;
2019;odontologia;Centro Universitário Ingá;PR;129;Privada;;;111;12.09;129;4.58;132;2.27;;;104;5.24;;;;;;;;;
2019;odontologia;Centro Universitário Uninorte;AC;130;Privada;;;112;11.99;176;3.32;114;3.06;;;90;5.61;;;;;;;;;
2019;odontologia;Centro Universitário Doutor Leão Sampaio;CE;131;Privada;;;113;11.95;189;2.97;53;5.73;;;178;3.25;;;;;;;;;
2019;odontologia;Centro Universitário de Rio Preto;SP;132;Privada;;;114;11.9;149;4.04;83;4.42;;;171;3.44;;;;;;;;;
2019;odontologia;Centro Universitário Tocantinense Presidente Antônio Carlos;TO;133;Privada;;;117;11.81;114;4.98;121;2.75;;;147;4.08;;;;;;;;;
2019;odontologia;Centro Universitário Maurício de Nassau de Cacoal;RO;134;Privada;;;118;11.8;251-300;0.21;102;3.59;;;1;8;;;;;;;;;
2019;odontologia;Faculdade de Integração do Sertão;PE;135;Privada;;;122;11.64;164;3.64;;;;;1;8;;;;;;;;;
2019;odontologia;Centro Universitário Unime;BA;136;Privada;;;123;11.61;118;4.87;71;4.94;;;201-250;1.8;;;;;;;;;
2019;odontologia;Centro Universitário Funvic;SP;137;Privada;;;124;11.58;124;4.71;130;2.36;;;131;4.51;;;;;;;;;
2019;odontologia;Faculdade de Ciências Médicas e da Saúde de Juiz de Fora;MG;138;Privada;;;125;11.4;54;6.58;145;1.71;;;183;3.11;;;;;;;;;
2019;odontologia;Centro Universitário Aparício Carvalho;RO;139;Privada;;;126;11.38;251-300;1.15;133;2.23;;;1;8;;;;;;;;;
2019;odontologia;Universidade Ibirapuera;SP;140;Privada;;;127;11.37;69;6.18;139;1.97;;;179;3.22;;;;;;;;;
2019;odontologia;Faculdade Unirb - Aracaju;SE;141;Privada;;;128;11.29;177;3.29;;;;;1;8;;;;;;;;;
2019;odontologia;Centro Universitário de João Pessoa;PB;142;Privada;;;130;11.18;201-250;1.39;143;1.79;;;1;8;;;;;;;;;
2019;odontologia;Universidade de Santa Cruz do Sul;RS;143;Privada;;;131;11.09;173;3.4;69;5.03;;;200;2.66;;;;;;;;;
2019;odontologia;Centro Universitário Dinâmica das Cataratas;PR;144;Privada;;;132;11.06;51;6.66;;;;;135;4.4;;;;;;;;;
2019;odontologia;Centro Universitário de Goiatuba;GO;145;Municipal;;;133;11.05;186;3.05;;;;;1;8;;;;;;;;;
2019;odontologia;Faculdade de Tecnologia e Ciências de Jequié;BA;146;Privada;;;134;11.02;187;3.02;;;;;1;8;;;;;;;;;
2019;odontologia;Universidade da Região de Joinville;SC;147;Privada;;;137;10.94;195;2.81;73;4.85;;;177;3.28;;;;;;;;;
2019;odontologia;Centro Universitário da Amazônia - UNIESAMAZ;PA;148;Privada;;;138;10.74;201-250;2.65;182;0.09;;;1;8;;;;;;;;;
2019;odontologia;Universidade de Vassouras;RJ;149;Privada;;;140;10.72;201-250;1.58;158;1.14;;;1;8;;;;;;;;;
2019;odontologia;Universidade do Vale do Taquari;RS;150;Privada;;;141;10.64;65;6.29;;;;;137;4.35;;;;;;;;;
2019;odontologia;Universidade Comunitária da Região de Chapecó;SC;151;Privada;;;142;10.59;201-250;1.37;96;3.85;;;99;5.37;;;;;;;;;
2019;odontologia;Centro Universitário Arthur Sá Earp Neto;RJ;152;Privada;;;143;10.56;92;5.57;;;;;113;4.99;;;;;;;;;
2019;odontologia;Centro Universitário Goyazes;GO;153;Privada;;;144;10.54;201-250;2.54;;;;;1;8;;;;;;;;;
2019;odontologia;Universidade Vila Velha;ES;154;Privada;;;145;10.52;128;4.6;97;3.8;;;201-250;2.12;;;;;;;;;
2019;odontologia;Centro Universitário de Belo Horizonte;MG;155;Privada;;;146;10.5;66;6.26;;;;;141;4.24;;;;;;;;;
2019;odontologia;Universidade de Araraquara;SP;156;Privada;;;148;10.28;27;7.3;165;0.83;;;201-250;2.15;;;;;;;;;
2019;odontologia;Faculdade Brasileira de Tecnologia-BA;BA;157;Privada;;;149;10.17;201-250;2.17;;;;;1;8;;;;;;;;;
2019;odontologia;Universidade Católica de Pelotas;RS;158;Privada;;;150;10.08;98;5.41;;;;;125;4.67;;;;;;;;;
2019;odontologia;Centro Universitário das Faculdades Integradas de Ourinhos;SP;159;Privada;;;151;10.05;84;5.78;;;;;140;4.27;;;;;;;;;
2019;odontologia;Faculdade Presidente Antônio Carlos;TO;160;Privada;;;152;9.92;80;5.89;160;1.05;;;188;2.98;;;;;;;;;
2019;odontologia;Universidade do Vale do Paraíba;SP;161;Privada;;;153;9.91;68;6.21;110;3.24;;;251-300;0.46;;;;;;;;;
2019;odontologia;Centro Universitário da Fundação Educacional de Barretos;SP;162;Privada;;;154;9.85;99;5.38;88;4.2;;;251-300;0.27;;;;;;;;;
2019;odontologia;Centro Universitário Unirb;BA;163;Privada;;;155;9.81;146;4.12;162;0.96;;;123;4.73;;;;;;;;;
2019;odontologia;Centro Universitário São Lucas;RO;164;Privada;;;156;9.77;174;3.37;167;0.74;;;88;5.66;;;;;;;;;
2019;odontologia;Instituto Tocantinense Presidente Antonio Carlos;TO;165;Privada;;;157;9.73;55;6.56;;;;;181;3.17;;;;;;;;;
2019;odontologia;Faculdade Anhanguera Unime de Salvador;BA;166;Privada;;;158;9.67;139;4.31;124;2.62;;;197;2.74;;;;;;;;;
2019;odontologia;Universidade Regional de Blumenau;SC;167;Municipal;;;159;9.6;147;4.09;63;5.29;;;251-300;0.22;;;;;;;;;
2019;odontologia;Centro Universitário do Norte de Minas;MG;168;Privada;;;160;9.51;201-250;2.06;126;2.54;;;116;4.91;;;;;;;;;
2019;odontologia;Faculdade de Odontologia do Recife;PE;169;Privada;;;161;9.5;169;3.51;125;2.58;;;172;3.41;;;;;;;;;
2019;odontologia;Centro Universitário Mario Pontes Jucá;AL;170;Privada;;;162;9.41;136;4.39;;;;;112;5.02;;;;;;;;;
2019;odontologia;Faculdade de Direito de Ipatinga;MG;171;Privada;;;163;9.4;82;5.83;;;;;166;3.57;;;;;;;;;
2019;odontologia;Faculdade de Ensino Superior de Floriano;PI;172;Privada;;;164;9.33;150;4.01;;;;;101;5.32;;;;;;;;;
2019;odontologia;Universidade Brasil;SP;173;Privada;;;165;9.3;159;3.77;173;0.48;;;111;5.05;;;;;;;;;
2019;odontologia;Centro Universitário Facol;PE;174;Privada;;;166;9.23;251-300;1.23;;;;;1;8;;;;;;;;;
2019;odontologia;Universidade de Franca;SP;175;Privada;;;167;8.96;85;5.75;156;1.22;;;201-250;1.99;;;;;;;;;
2019;odontologia;Centro Universitário Unifacig;MG;176;Privada;;;168;8.85;95;5.49;;;;;174;3.36;;;;;;;;;
2019;odontologia;Centro Universitário Luterano de Palmas;TO;177;Privada;;;169;8.82;165;3.61;;;;;105;5.21;;;;;;;;;
2019;odontologia;Centro Universitário Fibra;PA;178;Privada;;;170;8.81;17;7.57;;;;;251-300;1.24;;;;;;;;;
2019;odontologia;Faculdade de Tecnologia e Ciências;BA;179;Privada;;;171;8.8;251-300;0.8;;;;;1;8;;;;;;;;;
2019;odontologia;Faculdade de Tecnologia e Ciências de Itabuna;BA;179;Privada;;;171;8.8;251-300;0.8;;;;;1;8;;;;;;;;;
2019;odontologia;Universidade de Gurupi;TO;181;Municipal;;;174;8.72;251-300;0.59;181;0.13;;;1;8;;;;;;;;;
2019;odontologia;Faculdade Paulo Picanço;CE;182;Privada;;;175;8.71;156;3.85;;;;;118;4.86;;;;;;;;;
2019;odontologia;Centro Universitário Sul-americana;GO;183;Privada;;;176;8.66;95;5.49;;;;;181;3.17;;;;;;;;;
2019;odontologia;Centro Universitário Brasileiro;PE;184;Privada;;;178;8.63;153;3.93;;;;;124;4.7;;;;;;;;;
2019;odontologia;Instituto Esperança de Ensino Superior;PA;185;Privada;;;179;8.62;251-300;0.62;;;;;1;8;;;;;;;;;
2019;odontologia;Faculdade de Ciências Sociais Aplicadas;MT;186;Privada;;;180;8.53;251-300;0.19;41;6.25;;;201-250;2.09;;;;;;;;;
2019;odontologia;Universidade Pitágoras Unopar Anhanguera;PR;187;Privada;;;181;8.52;137;4.36;154;1.31;;;193;2.85;;;;;;;;;
2019;odontologia;Centro Universitário Unidade de Ensino Superior Dom Bosco;MA;188;Privada;;;182;8.45;123;4.74;;;;;161;3.71;;;;;;;;;
2019;odontologia;Universidade de Caxias do Sul;RS;189;Privada;;;183;8.36;77;5.97;;;;;201-250;2.39;;;;;;;;;
2019;odontologia;Faculdade Verde Norte;MG;190;Privada;;;184;8.29;251-300;0.29;;;;;1;8;;;;;;;;;
2019;odontologia;Faculdade Anhanguera de Belo Horizonte;MG;191;Privada;;;185;8.28;62;6.37;;;;;201-250;1.91;;;;;;;;;
2019;odontologia;Faculdade Integrada Carajás;PA;192;Privada;;;186;8.24;251-300;0.24;;;;;1;8;;;;;;;;;
2019;odontologia;Centro Universitário do Norte de São Paulo;SP;193;Privada;;;187;8.22;183;3.13;164;0.87;;;142;4.22;;;;;;;;;
2019;odontologia;Centro Universitário Faminas;MG;194;Privada;;;188;8.17;143;4.2;;;;;151;3.97;;;;;;;;;
2019;odontologia;Faculdade de Tecnologia e Administração Edufor;MA;195;Privada;;;189;8.13;251-300;0.13;;;;;1;8;;;;;;;;;
2019;odontologia;Universidade Regional Integrada do Alto Uruguai e das Missões;RS;196;Privada;;;191;8.08;201-250;2.46;70;4.98;;;251-300;0.64;;;;;;;;;
2019;odontologia;Centro Universitário Presidente Tancredo de Almeida Neves;MG;197;Privada;;;193;8.07;170;3.48;;;;;128;4.59;;;;;;;;;
2019;odontologia;Centro Universitário Ideau;RS;198;Privada;;;194;7.94;201-250;2.38;;;;;92;5.56;;;;;;;;;
2019;odontologia;Faculdade Especializada na Área de Saúde do Rio Grande do Sul;RS;199;Privada;;;195;7.89;201-250;1.93;138;2.01;;;152;3.95;;;;;;;;;
2019;odontologia;Universidade Santo Amaro;SP;200;Privada;;;196;7.77;151;3.99;122;2.71;;;251-300;1.07;;;;;;;;;
2019;odontologia;Centro Universitário de Adamantina;SP;200;Municipal;;;196;7.77;78;5.94;171;0.57;;;251-300;1.26;;;;;;;;;
2019;odontologia;Universidade do Extremo Sul Catarinense;SC;201;Privada;;;198;7.58;201-250;1.61;107;3.37;;;201-250;2.6;;;;;;;;;
2019;odontologia;Faculdade Morgana Potrich;GO;201;Privada;;;201-250;7.14;201-250;1.34;168;0.7;;;109;5.1;;;;;;;;;
2019;odontologia;Faculdade Anhanguera de Macapá;AP;201;Privada;;;201-250;5.69;251-300;0.16;111;3.19;;;201-250;2.34;;;;;;;;;
2019;odontologia;Faculdade Uninassau Vitória da Conquista;BA;201;Privada;;;201-250;5.88;201-250;2.52;;;;;174;3.36;;;;;;;;;
2019;odontologia;Faculdade de Imperatriz Wyden;MA;201;Privada;;;201-250;5.55;251-300;0.54;86;4.28;;;251-300;0.73;;;;;;;;;
2019;odontologia;Faculdade Anhanguera de Joinville;SC;201;Privada;;;201-250;5.31;251-300;1.26;;;;;148;4.05;;;;;;;;;
2019;odontologia;Universidade São Francisco;SP;201;Privada;;;201-250;6.74;197;2.76;120;2.8;;;251-300;1.18;;;;;;;;;
2019;odontologia;Faculdade do Amazonas;AM;201;Privada;;;201-250;5.93;251-300;1.2;155;1.27;;;170;3.46;;;;;;;;;
2019;odontologia;Centro Universitário - Uniesp;PB;201;Privada;;;201-250;7.03;201-250;2.22;;;;;120;4.81;;;;;;;;;
2019;odontologia;Centro Universitário Estácio Juiz de Fora;MG;201;Privada;;;201-250;7.29;171;3.45;149;1.53;;;201-250;2.31;;;;;;;;;
2019;odontologia;Centro Universitário da Amazônia;PA;201;Privada;;;201-250;6.11;154;3.91;;;;;201-250;2.2;;;;;;;;;
2019;odontologia;Faculdade Independente do Nordeste;BA;201;Privada;;;200;7.38;251-300;0.4;60;5.42;;;201-250;1.56;;;;;;;;;
2019;odontologia;Centro Universitário Multivix Vitória;ES;201;Privada;;;201-250;5.46;181;3.18;;;;;201-250;2.28;;;;;;;;;
2019;odontologia;Faculdade Sete Lagoas;MG;201;Privada;;;201-250;7.04;73;6.07;;;;;251-300;0.97;;;;;;;;;
2019;odontologia;Universidade de Itaúna;MG;201;Privada;;;201-250;5.37;175;3.34;172;0.53;;;201-250;1.5;;;;;;;;;
2019;odontologia;Centro Universitário da Serra Gaúcha;RS;201;Privada;;;201-250;6.12;201-250;2.03;94;3.93;;;251-300;0.16;;;;;;;;;
2019;odontologia;Universidade de Rio Verde;GO;201;Municipal;;;201-250;5.82;251-300;1.28;;;;;130;4.54;;;;;;;;;
2019;odontologia;Faculdade Unirb - Barreiras;BA;201;Privada;;;201-250;6.39;201-250;1.53;;;;;118;4.86;;;;;;;;;
2019;odontologia;Universidade do Planalto Catarinense;SC;201;Privada;;;201-250;6.11;251-300;0.86;115;3.02;;;201-250;2.23;;;;;;;;;
2019;odontologia;Universidade Anhanguera;MS;201;Privada;;;201-250;5.14;251-300;1.02;113;3.1;;;251-300;1.02;;;;;;;;;
2019;odontologia;Centro Universitário Guairacá;PR;201;Privada;;;201-250;5.8;201-250;1.69;;;;;146;4.11;;;;;;;;;
2019;odontologia;Faculdade São Francisco de Cajazeiras;PB;201;Privada;;;201-250;5.9;201-250;1.85;;;;;148;4.05;;;;;;;;;
2019;odontologia;Centro Universitário Santa Maria;PB;201;Privada;;;201-250;5.47;201-250;2.11;;;;;174;3.36;;;;;;;;;
2019;odontologia;Faculdade Cidade de Patos de Minas;MG;201;Privada;;;201-250;5.09;251-300;1.1;180;0.18;;;157;3.81;;;;;;;;;
2019;odontologia;Centro Universitário Avantis;SC;201;Privada;;;201-250;5.33;142;4.23;;;;;251-300;1.1;;;;;;;;;
2019;odontologia;Centro Universitário Maurício de Nassau de Maceió;AL;201;Privada;;;201-250;5.33;201-250;2.3;;;;;186;3.03;;;;;;;;;
2019;odontologia;Faculdade de Guarulhos;SP;201;Privada;;;201-250;5.95;201-250;2.14;141;1.88;;;201-250;1.93;;;;;;;;;
2019;odontologia;Centro Universitário Ruy Barbosa Wyden;BA;201;Privada;;;201-250;5.79;172;3.43;;;;;201-250;2.36;;;;;;;;;
2019;odontologia;Centro Universitário de Patos de Minas;MG;201;Privada;;;201-250;6.61;134;4.44;;;;;201-250;2.17;;;;;;;;;
2019;odontologia;Centro Universitário Braz Cubas;SP;201;Privada;;;201-250;7.27;180;3.21;109;3.28;;;251-300;0.78;;;;;;;;;
2019;odontologia;Centro Universitário Maurício de Nassau;PE;201;Privada;;;201-250;6.45;198;2.73;161;1.01;;;198;2.71;;;;;;;;;
2019;odontologia;Centro Universitário Fametro;CE;201;Privada;;;201-250;6.75;158;3.8;;;;;189;2.95;;;;;;;;;
2019;odontologia;Universidade de Sorocaba;SP;201;Privada;;;201-250;7.25;31;7.2;;;;;251-300;0.05;;;;;;;;;
2019;odontologia;Centro Universitário Maurício de Nassau de João Pessoa;PB;201;Privada;;;201-250;5.18;201-250;2.09;;;;;184;3.09;;;;;;;;;
2019;odontologia;Centro Universitário Fasipe;MT;201;Privada;;;201-250;5.96;251-300;0.67;;;;;102;5.29;;;;;;;;;
2019;odontologia;Universidade Salgado de Oliveira;RJ;201;Privada;;;201-250;6.41;160;3.75;179;0.22;;;201-250;2.44;;;;;;;;;
2019;odontologia;Faculdade Anhanguera de Itabuna;BA;201;Privada;;;201-250;5.5;251-300;0.91;;;;;128;4.59;;;;;;;;;
2019;odontologia;Centro Universitário Metropolitano de Maringá;PR;201;Privada;;;201-250;6.32;75;6.02;;;;;251-300;0.3;;;;;;;;;
2019;odontologia;Centro Universitário Maurício de Nassau Teresina Sul;PI;201;Privada;;;201-250;5.31;194;2.84;;;;;201-250;2.47;;;;;;;;;
2019;odontologia;Centro Universitário Sudoeste Paulista;SP;201;Privada;;;199;7.43;166;3.59;;;;;156;3.84;;;;;;;;;
2019;odontologia;Centro Universitário Tiradentes de Pernambuco;PE;201;Privada;;;201-250;6.51;103;5.27;163;0.92;;;251-300;0.32;;;;;;;;;
2019;odontologia;Faculdade de Estudos Administrativos de Minas Gerais;MG;201;Privada;;;201-250;5.75;192;2.89;134;2.19;;;251-300;0.67;;;;;;;;;
2019;odontologia;Centro Universitário Maurício de Nassau de Salvador;BA;201;Privada;;;201-250;5.2;201-250;2.41;;;;;195;2.79;;;;;;;;;
2019;odontologia;Centro Universitário Cesmac;AL;201;Privada;;;201-250;6.7;201-250;2.33;100;3.67;;;251-300;0.7;;;;;;;;;
2019;odontologia;Centro Universitário Católica de Quixadá;CE;201;Privada;;;201-250;6.87;199;2.7;136;2.1;;;201-250;2.07;;;;;;;;;
2019;odontologia;Centro Universitário Católica do Leste de Minas Gerais;MG;201;Privada;;;201-250;7.31;141;4.25;;;;;185;3.06;;;;;;;;;
2019;odontologia;Universidade Metodista de Piracicaba;SP;201;Privada;;;201-250;5.77;115;4.95;166;0.79;;;251-300;0.03;;;;;;;;;
2019;odontologia;Faculdade Cnec Santo Ângelo;RS;201;Privada;;;201-250;5.73;148;4.07;;;;;201-250;1.66;;;;;;;;;
2019;odontologia;Centro Universitário de Patos;PB;201;Privada;;;201-250;5.86;201-250;1.95;175;0.39;;;168;3.52;;;;;;;;;
2019;odontologia;Faculdade Estácio do Pantanal;MT;251;Privada;;;251-300;1.51;251-300;0.38;;;;;251-300;1.13;;;;;;;;;
2019;odontologia;Centro Universitário do Norte;AM;251;Privada;;;251-300;3.85;201-250;2.25;159;1.09;;;251-300;0.51;;;;;;;;;
2019;odontologia;Centro Universitário da Amazônia Belém;PA;251;Privada;;;201-250;5.07;201-250;2.49;;;;;201-250;2.58;;;;;;;;;
2019;odontologia;Escola Superior São Francisco de Assis;ES;251;Privada;;;251-300;2.93;251-300;0.99;152;1.4;;;251-300;0.54;;;;;;;;;
2019;odontologia;Faculdade Anhanguera de Poços de Caldas;MG;251;Privada;;;251-300;4.98;168;3.53;;;;;201-250;1.45;;;;;;;;;
2019;odontologia;Centro Universitário Ceuni;AM;251;Privada;;;251-300;2.31;201-250;1.42;;;;;251-300;0.89;;;;;;;;;
2019;odontologia;Universidade Iguaçu;RJ;251;Privada;;;251-300;3.84;251-300;1.07;176;0.35;;;201-250;2.42;;;;;;;;;
2019;odontologia;Faculdade Anhanguera de Uberlândia;MG;251;Privada;;;251-300;3.59;201-250;2.44;;;;;251-300;1.15;;;;;;;;;
2019;odontologia;Faculdade Icesp;DF;251;Privada;;;251-300;2.14;251-300;1.31;;;;;251-300;0.83;;;;;;;;;
2019;odontologia;Faculdade Estácio São Paulo de Rondônia;RO;251;Privada;;;251-300;1.07;251-300;0.32;;;;;251-300;0.75;;;;;;;;;
2019;odontologia;Centro Universitário Maurício de Nassau de Natal;RN;251;Privada;;;251-300;4.29;201-250;1.79;;;;;201-250;2.5;;;;;;;;;
2019;odontologia;Faculdade de Odontologia de Manaus;AM;251;Privada;;;251-300;0.29;251-300;0.05;;;;;251-300;0.24;;;;;;;;;
2019;odontologia;Faculdade Anhanguera de Betim;MG;251;Privada;;;251-300;4.93;130;4.55;;;;;251-300;0.38;;;;;;;;;
2019;odontologia;Faculdade de Ciências Sociais e Humanas Sobral Pinto;MT;251;Privada;;;251-300;2.58;201-250;1.53;;;;;251-300;1.05;;;;;;;;;
2019;odontologia;Faculdade Anhanguera Unidade Guarapari;ES;251;Privada;;;251-300;4.24;191;2.92;;;;;201-250;1.32;;;;;;;;;
2019;odontologia;Faculdade Anhanguera de Imperatriz;MA;251;Privada;;;251-300;1.16;251-300;0.27;;;;;251-300;0.89;;;;;;;;;
2019;odontologia;Centro Universitário Maurício de Nassau de Caruaru;PE;251;Privada;;;251-300;4.83;201-250;1.9;;;;;190;2.93;;;;;;;;;
2019;odontologia;Faculdade Anhanguera de Linhares;ES;251;Privada;;;251-300;2.22;251-300;0.64;;;;;201-250;1.58;;;;;;;;;
2019;odontologia;Centro Universitário do Vale do Araguaia;MT;251;Privada;;;251-300;0.94;251-300;0.35;;;;;251-300;0.59;;;;;;;;;
2019;odontologia;Faculdade Anhanguera de São Luiz;MA;251;Privada;;;251-300;3.32;201-250;1.71;;;;;201-250;1.61;;;;;;;;;
2019;odontologia;Centro Universitário de Maceió;AL;251;Privada;;;251-300;4.99;179;3.24;;;;;201-250;1.75;;;;;;;;;
2019;odontologia;Centro Universitário Serra dos Órgãos;RJ;251;Privada;;;251-300;4.96;251-300;1.04;;;;;153;3.92;;;;;;;;;
2019;odontologia;Faculdade Uninorte;AM;251;Privada;;;251-300;4.53;201-250;1.98;;;;;201-250;2.55;;;;;;;;;
2019;odontologia;Faculdade Empresarial de Chapecó;SC;251;Privada;;;251-300;2.03;251-300;1.12;;;;;251-300;0.91;;;;;;;;;
2019;odontologia;Faculdade Uninassau Lauro de Freitas;BA;251;Privada;;;251-300;3.84;201-250;2.01;;;;;201-250;1.83;;;;;;;;;
2019;odontologia;Faculdade Educacional de Francisco Beltrão;PR;251;Privada;;;251-300;4.51;251-300;0.46;157;1.18;;;192;2.87;;;;;;;;;
2019;odontologia;Centro Universitário Vale do Rio Verde;MG;251;Privada;;;251-300;4.94;190;2.94;183;0.04;;;201-250;1.96;;;;;;;;;
2019;odontologia;Centro Universitário Vértice;MG;251;Privada;;;251-300;4.49;251-300;0.7;;;;;158;3.79;;;;;;;;;
2019;odontologia;Centro Universitário Estácio de Ji-paraná;RO;251;Privada;;;251-300;1.96;251-300;0.56;;;;;201-250;1.4;;;;;;;;;
2019;odontologia;Universidade Anhanguera de São Paulo;SP;251;Privada;;;251-300;3.91;184;3.1;;;;;251-300;0.81;;;;;;;;;
2019;odontologia;Centro Universitário Estácio Meta de Rio Branco Estácio;AC;251;Privada;;;251-300;0.19;251-300;0.08;;;;;251-300;0.11;;;;;;;;;
2019;odontologia;Faculdade Multivix Nova Venécia;ES;251;Privada;;;251-300;2.69;251-300;0.43;;;;;201-250;2.26;;;;;;;;;
2019;odontologia;Instituto Macapaense de Ensino Superior;AP;251;Privada;;;251-300;0.83;251-300;0.03;170;0.61;;;251-300;0.19;;;;;;;;;
2019;odontologia;Centro Universitário Anhanguera de São Paulo;SP;251;Privada;;;251-300;4.22;201-250;1.53;;;;;199;2.69;;;;;;;;;
2019;odontologia;Faculdades Integradas dos Campos Gerais;PR;251;Privada;;;251-300;2.67;251-300;1.18;153;1.36;;;251-300;0.13;;;;;;;;;
2019;odontologia;Centro Universitário Anhanguera Pitágoras Unopar de Niterói;RJ;251;Privada;;;251-300;2.63;251-300;0.11;;;;;201-250;2.52;;;;;;;;;
2019;odontologia;Faculdade Anhanguera de Ipatinga;MG;251;Privada;;;251-300;2.49;201-250;1.55;;;;;251-300;0.94;;;;;;;;;
2019;odontologia;Faculdade Adventista da Bahia;BA;251;Privada;;;251-300;3.4;201-250;2.19;;;;;251-300;1.21;;;;;;;;;
2019;odontologia;Faculdade de Campina Grande;PB;251;Privada;;;251-300;2.35;201-250;2.27;;;;;251-300;0.08;;;;;;;;;
2019;odontologia;Centro de Ensino Superior de Ilhéus;BA;251;Privada;;;251-300;2.15;251-300;0.51;;;;;201-250;1.64;;;;;;;;;
2019;odontologia;Centro Universitário Una de Bom Despacho;MG;251;Privada;;;251-300;1.5;251-300;0.88;;;;;251-300;0.62;;;;;;;;;
2019;odontologia;Centro Universitário do Triângulo;MG;251;Privada;;;251-300;4.81;201-250;1.87;177;0.31;;;201-250;2.63;;;;;;;;;
2019;odontologia;Faculdade de Tecnologia e Ciências da Bahia;BA;251;Privada;;;251-300;4.88;251-300;0.48;;;;;135;4.4;;;;;;;;;
2019;odontologia;Instituto Municipal de Ensino Superior de Catanduva;SP;251;Municipal;;;251-300;2.17;201-250;1.74;;;;;251-300;0.43;;;;;;;;;
2019;odontologia;Universidade Nilton Lins;AM;251;Privada;;;251-300;1.46;251-300;0.72;178;0.26;;;251-300;0.48;;;;;;;;;
2019;odontologia;Centro Universitário Fluminense;RJ;251;Privada;;;251-300;4.59;251-300;0.96;147;1.62;;;201-250;2.01;;;;;;;;;
2019;odontologia;Faculdade de Ciências do Tocantins;TO;251;Privada;;;251-300;4.62;251-300;0.94;;;;;162;3.68;;;;;;;;;
2019;odontologia;Universidade da Amazônia;PA;251;Privada;;;251-300;1.53;201-250;1.53;;;;;;;;;;;;;;;
2019;odontologia;Centro Universitário do Distrito Federal;DF;251;Privada;;;251-300;4.52;144;4.17;;;;;251-300;0.35;;;;;;;;;
2023;odontologia;Universidade de São Paulo;SP;1;Estadual;1;36;1;63.57;1;8;27;7.57;;;1;8;1;40;;;;;;;
2023;odontologia;Universidade Federal de Minas Gerais;MG;2;Federal;2;35.77;3;61.36;19;7.7;4;7.95;;;1;8;3;37.71;;;;;;;
2023;odontologia;Universidade Estadual Paulista Júlio de Mesquita Filho;SP;3;Estadual;2;35.77;4;61.33;1;8;24;7.62;;;1;8;3;37.71;;;;;;;
2023;odontologia;Universidade Estadual de Campinas;SP;4;Estadual;7;34.59;2;62.3;9;7.87;27;7.57;;;1;8;2;38.86;;;;;;;
2023;odontologia;Universidade Federal do Rio Grande do Sul;RS;5;Federal;2;35.77;5;59.26;10;7.85;2;7.98;;;1;8;5;35.43;;;;;;;
2023;odontologia;Universidade Federal do Rio de Janeiro;RJ;6;Federal;2;35.77;6;58.54;21;7.67;35;7.44;;;1;8;5;35.43;;;;;;;
2023;odontologia;Universidade Federal do Paraná;PR;7;Federal;7;34.59;9;55.51;18;7.72;14;7.79;;;1;8;8;32;;;;;;;
2023;odontologia;Universidade Federal de Santa Catarina;SC;8;Federal;7;34.59;10;55.44;13;7.8;23;7.64;;;1;8;8;32;;;;;;;
2023;odontologia;Universidade Federal Fluminense;RJ;8;Federal;7;34.59;10;55.44;23;7.64;13;7.8;;;1;8;8;32;;;;;;;
2023;odontologia;Universidade de Brasília;DF;10;Federal;7;34.59;13;55.24;38;7.39;10;7.85;;;1;8;8;32;;;;;;;
2023;odontologia;Universidade Federal da Bahia;BA;11;Federal;7;34.59;16;55.08;49;7.21;9;7.87;;;1;8;8;32;;;;;;;
2023;odontologia;Faculdade São Leopoldo Mandic;SP;12;Privada;7;34.59;18;54.7;37;7.41;60;7.03;;;190;4.83;5;35.43;;;;;;;
2023;odontologia;Universidade Federal de Santa Maria;RS;13;Federal;22;31.06;7;55.72;14;7.79;5;7.93;;;1;8;8;32;;;;;;;
2023;odontologia;Universidade Federal do Rio Grande do Norte;RN;14;Federal;22;31.06;12;55.39;27;7.57;12;7.82;;;1;8;8;32;;;;;;;
2023;odontologia;Universidade Federal de Goiás;GO;15;Federal;22;31.06;13;55.24;30;7.52;18;7.72;;;1;8;8;32;;;;;;;
2023;odontologia;Universidade Federal de Pernambuco;PE;16;Federal;22;31.06;15;55.12;33;7.47;22;7.65;;;1;8;8;32;;;;;;;
2023;odontologia;Universidade Estadual de Londrina;PR;17;Estadual;22;31.06;17;55.06;26;7.59;33;7.47;;;1;8;8;32;;;;;;;
2023;odontologia;Universidade de Ribeirão Preto;SP;18;Privada;22;31.06;20;53.64;25;7.6;120;6.04;;;1;8;8;32;;;;;;;
2023;odontologia;Universidade José do Rosário Velano;MG;19;Privada;22;31.06;21;52.37;137;5.76;85;6.61;;;1;8;8;32;;;;;;;
2023;odontologia;Universidade Paulista;SP;20;Privada;2;35.77;25;47.39;189;4.9;45;7.27;;;251-300;3.22;8;32;;;;;;;
2023;odontologia;Centro Universitário Newton Paiva;MG;21;Privada;7;34.59;29;44.87;150;5.54;142;5.67;;;351-400;1.66;8;32;;;;;;;
2023;odontologia;Universidade Luterana do Brasil;RS;22;Privada;22;31.06;24;47.5;201-250;4.65;108;6.24;;;201-250;4.61;8;32;;;;;;;
2023;odontologia;Universidade Católica de Brasília;DF;23;Privada;7;34.59;33;41.9;251-300;3.09;117;6.09;;;401-500;0.72;8;32;;;;;;;
2023;odontologia;Universidade Federal da Paraíba;PB;24;Federal;66;20.71;8;55.54;15;7.77;15;7.77;;;1;8;8;32;;;;;;;
2023;odontologia;Universidade Estadual de Feira de Santana;BA;25;Estadual;66;20.71;19;54.38;81;6.68;19;7.7;;;1;8;8;32;;;;;;;
2023;odontologia;Centro Universitário Ingá;PR;26;Privada;66;20.71;22;51.91;69;6.88;181;5.03;;;1;8;8;32;;;;;;;
2023;odontologia;Universidade de Uberaba;MG;27;Privada;22;31.06;34;41.52;301-350;2.33;107;6.25;;;401-500;0.94;8;32;;;;;;;
2023;odontologia;Universidade Federal de Pelotas;RS;28;Federal;66;20.71;23;48.02;401-500;0.48;29;7.54;;;1;8;8;32;;;;;;;
2023;odontologia;Centro Universitário Maria Milza;BA;29;Privada;66;20.71;27;47.01;401-500;0.63;99;6.38;;;1;8;8;32;;;;;;;
2023;odontologia;Centro Universitário Doutor Leão Sampaio;CE;30;Privada;66;20.71;30;44.67;301-350;2.28;44;7.29;;;251-300;3.1;8;32;;;;;;;
2023;odontologia;Universidade Tiradentes;SE;31;Privada;66;20.71;31;44.43;146;5.61;100;6.37;;;401-500;0.45;8;32;;;;;;;
2023;odontologia;Universidade Potiguar;RN;32;Privada;66;20.71;32;42.7;301-350;2.82;121;6.02;;;351-400;1.86;8;32;;;;;;;
2023;odontologia;Universidade Estadual de Ponta Grossa;PR;33;Estadual;7;34.59;40;23.05;17;7.74;43;7.31;;;1;8;;;;;;;;;
2023;odontologia;Universidade Federal do Espírito Santo;ES;34;Federal;22;31.06;36;23.58;11;7.84;17;7.74;;;1;8;;;;;;;;;
2023;odontologia;Universidade Estadual de Maringá;PR;35;Estadual;22;31.06;37;23.51;12;7.82;20;7.69;;;1;8;;;;;;;;;
2023;odontologia;Universidade Federal do Ceará;CE;36;Federal;22;31.06;38;23.46;29;7.54;6;7.92;;;1;8;;;;;;;;;
2023;odontologia;Universidade do Estado do Rio de Janeiro;RJ;37;Estadual;7;34.59;62;19.88;35;7.44;11;7.84;;;201-250;4.6;;;;;;;;;
2023;odontologia;Universidade Federal de Uberlândia;MG;38;Federal;22;31.06;39;23.11;22;7.65;34;7.46;;;1;8;;;;;;;;;
2023;odontologia;Universidade Federal do Pará;PA;39;Federal;22;31.06;41;22.98;24;7.62;40;7.36;;;1;8;;;;;;;;;
2023;odontologia;Universidade Federal de Juiz de Fora;MG;40;Federal;22;31.06;47;22.6;61;7.01;26;7.59;;;1;8;;;;;;;;;
2023;odontologia;Universidade de Pernambuco;PE;41;Estadual;22;31.06;48;22.53;53;7.14;38;7.39;;;1;8;;;;;;;;;
2023;odontologia;Universidade Estadual de Montes Claros;MG;42;Estadual;22;31.06;58;21.6;65;6.94;82;6.66;;;1;8;;;;;;;;;
2023;odontologia;Universidade Nove de Julho;SP;43;Privada;7;34.59;101;17.39;130;5.87;91;6.52;;;180;5;;;;;;;;;
2023;odontologia;Pontifícia Universidade Católica do Paraná;PR;44;Privada;7;34.59;122;16.4;71;6.85;90;6.53;;;251-300;3.02;;;;;;;;;
2023;odontologia;Universidade Positivo;PR;45;Privada;22;31.06;63;19.7;1;8;81;6.68;;;179;5.02;;;;;;;;;
2023;odontologia;Pontifícia Universidade Católica do Rio Grande do Sul;RS;46;Privada;7;34.59;127;16.15;76;6.76;37;7.41;;;351-400;1.98;;;;;;;;;
2023;odontologia;Escola Bahiana de Medicina e Saúde Pública;BA;47;Privada;22;31.06;65;19.63;201-250;4.64;62;6.99;;;1;8;;;;;;;;;
2023;odontologia;Universidade Cesumar;PR;48;Privada;22;31.06;83;18.26;68;6.9;105;6.29;;;176;5.07;;;;;;;;;
2023;odontologia;Pontifícia Universidade Católica de Minas Gerais;MG;49;Privada;7;34.59;199;13.84;172;5.18;68;6.9;;;351-400;1.76;;;;;;;;;
2023;odontologia;Universidade Estadual da Paraíba;PB;50;Estadual;22;31.06;104;17.32;301-350;2.47;71;6.85;;;1;8;;;;;;;;;
2023;odontologia;Universidade de Passo Fundo;RS;51;Privada;22;31.06;105;17.29;127;5.92;56;7.09;;;201-250;4.28;;;;;;;;;
2023;odontologia;Universidade do Grande Rio Professor José de Souza Herdy;RJ;52;Privada;22;31.06;125;16.34;301-350;2.76;148;5.58;;;1;8;;;;;;;;;
2023;odontologia;Universidade de Fortaleza;CE;53;Privada;22;31.06;126;16.17;147;5.59;49;7.21;;;251-300;3.37;;;;;;;;;
2023;odontologia;Universidade Franciscana;RS;54;Privada;;;26;47.09;145;5.63;201-250;4.6;;;188;4.86;8;32;;;;;;;
2023;odontologia;Universidade Evangélica de Goiás;GO;55;Privada;22;31.06;146;15.43;251-300;3.25;58;7.06;;;173;5.12;;;;;;;;;
2023;odontologia;Universidade de Franca;SP;56;Privada;;;28;46.38;176;5.11;89;6.55;;;301-350;2.72;8;32;;;;;;;
2023;odontologia;Universidade Santo Amaro;SP;57;Privada;22;31.06;157;15.17;139;5.72;201-250;4.32;;;172;5.13;;;;;;;;;
2023;odontologia;Universidade Cruzeiro do Sul;SP;58;Privada;22;31.06;166;14.96;77;6.75;201-250;4.42;;;251-300;3.79;;;;;;;;;
2023;odontologia;Universidade Santa Cecília;SP;59;Privada;22;31.06;169;14.84;171;5.2;104;6.3;;;251-300;3.34;;;;;;;;;
2023;odontologia;Universidade de Caxias do Sul;RS;60;Privada;22;31.06;171;14.8;115;6.12;83;6.65;;;351-400;2.03;;;;;;;;;
2023;odontologia;Universidade Pitágoras Unopar Anhanguera;PR;61;Privada;22;31.06;189;14.14;116;6.1;153;5.49;;;301-350;2.55;;;;;;;;;
2023;odontologia;Universidade de Marília;SP;62;Privada;22;31.06;192;14.08;251-300;3.48;66;6.93;;;251-300;3.67;;;;;;;;;
2023;odontologia;Pontifícia Universidade Católica de Campinas;SP;63;Privada;22;31.06;201-250;13.55;89;6.55;98;6.4;;;401-500;0.6;;;;;;;;;
2023;odontologia;Universidade Veiga de Almeida;RJ;64;Privada;22;31.06;201-250;13.41;167;5.26;63;6.98;;;401-500;1.17;;;;;;;;;
2023;odontologia;Universidade Metodista de São Paulo;SP;65;Privada;22;31.06;201-250;13.3;96;6.43;143;5.66;;;401-500;1.21;;;;;;;;;
2023;odontologia;Universidade Comunitária da Região de Chapecó;SC;66;Privada;22;31.06;201-250;13.22;351-400;1.57;251-300;3.65;;;1;8;;;;;;;;;
2023;odontologia;Universidade de Santa Cruz do Sul;RS;67;Privada;22;31.06;201-250;13.2;201-250;4.67;86;6.6;;;351-400;1.93;;;;;;;;;
2023;odontologia;Universidade Estadual do Oeste do Paraná;PR;68;Estadual;66;20.71;42;22.93;46;7.26;21;7.67;;;1;8;;;;;;;;;
2023;odontologia;Universidade Federal de Alfenas;MG;69;Federal;66;20.71;43;22.91;27;7.57;41;7.34;;;1;8;;;;;;;;;
2023;odontologia;Universidade Federal de Alagoas;AL;70;Federal;66;20.71;44;22.68;75;6.78;7;7.9;;;1;8;;;;;;;;;
2023;odontologia;Universidade Federal do Amazonas;AM;71;Federal;66;20.71;45;22.66;82;6.66;1;8;;;1;8;;;;;;;;;
2023;odontologia;Universidade Federal dos Vales do Jequitinhonha e Mucuri;MG;71;Federal;66;20.71;45;22.66;36;7.42;47;7.24;;;1;8;;;;;;;;;
2023;odontologia;Universidade Estácio de Sá;RJ;73;Privada;22;31.06;251-300;12.24;151;5.53;198;4.75;;;351-400;1.96;;;;;;;;;
2023;odontologia;Universidade Cidade de São Paulo;SP;74;Privada;22;31.06;251-300;12.14;176;5.11;114;6.14;;;401-500;0.89;;;;;;;;;
2023;odontologia;Universidade Federal do Maranhão;MA;75;Federal;66;20.71;49;22.48;52;7.16;42;7.32;;;1;8;;;;;;;;;
2023;odontologia;Universidade Estadual do Norte do Paraná;PR;76;Estadual;66;20.71;50;22.46;48;7.23;48;7.23;;;1;8;;;;;;;;;
2023;odontologia;Universidade Federal de Campina Grande;PB;77;Federal;66;20.71;51;22.28;67;6.91;39;7.37;;;1;8;;;;;;;;;
2023;odontologia;Universidade Federal de Sergipe;SE;78;Federal;66;20.71;52;22.26;51;7.18;57;7.08;;;1;8;;;;;;;;;
2023;odontologia;Universidade Estadual do Sudoeste da Bahia;BA;79;Estadual;66;20.71;53;22.1;87;6.58;30;7.52;;;1;8;;;;;;;;;
2023;odontologia;Universidade do Estado do Rio Grande do Norte;RN;80;Estadual;66;20.71;54;22.01;77;6.75;46;7.26;;;1;8;;;;;;;;;
2023;odontologia;Universidade Federal do Piauí;PI;81;Federal;66;20.71;55;21.93;120;6.04;8;7.89;;;1;8;;;;;;;;;
2023;odontologia;Universidade Metropolitana de Santos;SP;82;Privada;22;31.06;251-300;11.34;201-250;4.52;251-300;3.68;;;251-300;3.14;;;;;;;;;
2023;odontologia;Centro Universitário das Faculdades Metropolitanas Unidas;SP;83;Privada;22;31.06;301-350;9.7;201-250;4.5;180;5.05;;;401-500;0.15;;;;;;;;;
2023;odontologia;Universidade São Francisco;SP;84;Privada;66;20.71;67;19.42;200;4.72;80;6.7;;;1;8;;;;;;;;;
2023;odontologia;Universidade do Estado do Amazonas;AM;85;Estadual;66;20.71;72;19.04;201-250;4.16;69;6.88;;;1;8;;;;;;;;;
2023;odontologia;Centro Universitário do Triângulo;MG;86;Privada;22;31.06;351-400;8.68;351-400;1.81;185;4.97;;;351-400;1.9;;;;;;;;;
2023;odontologia;Faculdade Arnaldo Janssen;MG;87;Privada;;;35;39.21;201-250;4.5;301-350;2.69;;;401-500;0.02;8;32;;;;;;;
2023;odontologia;Centro Universitário de Várzea Grande;MT;88;Privada;66;20.71;82;18.37;159;5.39;184;4.98;;;1;8;;;;;;;;;
2023;odontologia;Centro Universitário de Excelência;BA;89;Privada;66;20.71;88;17.82;54;7.13;301-350;2.69;;;1;8;;;;;;;;;
2023;odontologia;Centro Universitário Multivix Vitória;ES;90;Privada;66;20.71;93;17.74;251-300;3.83;128;5.91;;;1;8;;;;;;;;;
2023;odontologia;Universidade do Oeste Paulista;SP;91;Privada;66;20.71;94;17.73;124;5.97;25;7.6;;;201-250;4.16;;;;;;;;;
2023;odontologia;Faculdades Integradas dos Campos Gerais;PR;92;Privada;22;31.06;401-500;7.31;351-400;1.91;199;4.73;;;401-500;0.67;;;;;;;;;
2023;odontologia;Universidade Iguaçu;RJ;93;Privada;22;31.06;401-500;7.28;351-400;1.52;251-300;3.28;;;301-350;2.48;;;;;;;;;
2023;odontologia;Centro Universitário Facol;PE;94;Privada;66;20.71;99;17.42;111;6.19;251-300;3.23;;;1;8;;;;;;;;;
2023;odontologia;Universidade de Cuiabá;MT;95;Privada;66;20.71;109;17.22;201-250;4.14;178;5.08;;;1;8;;;;;;;;;
2023;odontologia;Centro Universitário do Estado do Pará;PA;96;Privada;66;20.71;110;17.02;110;6.2;73;6.81;;;201-250;4.01;;;;;;;;;
2023;odontologia;Centro Universitário São José;RJ;97;Privada;66;20.71;111;17.01;59;7.04;141;5.69;;;201-250;4.28;;;;;;;;;
2023;odontologia;Centro Universitário de João Pessoa;PB;98;Privada;66;20.71;123;16.37;301-350;2.89;154;5.48;;;1;8;;;;;;;;;
2023;odontologia;Universidade Anhanguera de São Paulo;SP;99;Privada;66;20.71;127;16.15;129;5.89;113;6.15;;;201-250;4.11;;;;;;;;;
2023;odontologia;Faculdade de Ciências Médicas e da Saúde de Juiz de Fora;MG;100;Privada;66;20.71;140;15.77;84;6.63;79;6.71;;;301-350;2.43;;;;;;;;;
2023;odontologia;Centro Universitário Sagrado Coração;SP;101;Privada;66;20.71;144;15.62;34;7.46;151;5.53;;;301-350;2.63;;;;;;;;;
2023;odontologia;Universidade Vale do Rio Doce;MG;102;Privada;22;31.06;401-500;5.21;401-500;0.92;251-300;3.7;;;401-500;0.59;;;;;;;;;
2023;odontologia;Faculdade de Enfermagem Nova Esperança de Mossoró;RN;103;Privada;66;20.71;147;15.42;401-500;1.4;121;6.02;;;1;8;;;;;;;;;
2023;odontologia;Universidade de Mogi das Cruzes;SP;104;Privada;66;20.71;149;15.36;201-250;3.99;51;7.18;;;201-250;4.19;;;;;;;;;
2023;odontologia;Universidade do Oeste de Santa Catarina;SC;105;Privada;66;20.71;152;15.34;251-300;3.58;75;6.78;;;181;4.98;;;;;;;;;
2023;odontologia;Universidade Ceuma;MA;106;Privada;66;20.71;163;15.04;201-250;3.96;119;6.05;;;178;5.03;;;;;;;;;
2023;odontologia;Centro Universitário Euro-americano;DF;107;Privada;66;20.71;172;14.76;175;5.13;93;6.48;;;251-300;3.15;;;;;;;;;
2023;odontologia;Centro Universitário Braz Cubas;SP;108;Privada;66;20.71;190;14.13;155;5.46;65;6.94;;;351-400;1.73;;;;;;;;;
2023;odontologia;Centro Universitário Católica do Leste de Minas Gerais;MG;109;Privada;66;20.71;194;14.02;201-250;4.29;112;6.17;;;251-300;3.56;;;;;;;;;
2023;odontologia;Centro Universitário Faesa;ES;110;Privada;66;20.71;198;13.85;301-350;2.31;64;6.96;;;201-250;4.58;;;;;;;;;
2023;odontologia;Universidade de Araraquara;SP;111;Privada;66;20.71;201-250;13.74;15;7.77;201-250;4.64;;;351-400;1.33;;;;;;;;;
2023;odontologia;Universidade do Vale do Paraíba;SP;112;Privada;66;20.71;201-250;13.44;90;6.53;97;6.42;;;401-500;0.49;;;;;;;;;
2023;odontologia;Faculdade de Odontologia do Recife;PE;113;Privada;66;20.71;201-250;13.21;201-250;4.09;106;6.27;;;301-350;2.85;;;;;;;;;
2023;odontologia;Centro Universitário de Lavras;MG;114;Privada;66;20.71;201-250;13.2;201-250;4.06;54;7.13;;;351-400;2.01;;;;;;;;;
2023;odontologia;Centro Universitário Maurício de Nassau;PE;115;Privada;66;20.71;201-250;13.06;199;4.73;146;5.61;;;301-350;2.72;;;;;;;;;
2023;odontologia;Centro Universitário Funvic;SP;116;Privada;66;20.71;201-250;12.65;251-300;3.1;95;6.45;;;251-300;3.1;;;;;;;;;
2023;odontologia;Centro Universitário de Adamantina;SP;117;Municipal;66;20.71;201-250;12.61;134;5.81;201-250;4.62;;;301-350;2.18;;;;;;;;;
2023;odontologia;Centro Universitário Anhanguera de São Paulo;SP;118;Privada;66;20.71;201-250;12.36;70;6.86;401-500;0.84;;;200;4.66;;;;;;;;;
2023;odontologia;Faculdade Anhanguera de Belo Horizonte;MG;119;Privada;66;20.71;201-250;12.34;144;5.64;301-350;2.69;;;201-250;4.01;;;;;;;;;
2023;odontologia;Centro Universitário da Amazônia - UNIESAMAZ;PA;120;Privada;66;20.71;201-250;12.33;201-250;3.98;401-500;0.35;;;1;8;;;;;;;;;
2023;odontologia;Centro Universitário Tabosa de Almeida;PE;121;Privada;66;20.71;251-300;12.32;201-250;4.62;61;7.01;;;401-500;0.69;;;;;;;;;
2023;odontologia;Faculdade Morgana Potrich;GO;122;Privada;66;20.71;251-300;12.09;401-500;0.43;251-300;3.66;;;1;8;;;;;;;;;
2023;odontologia;Centro Universitário Maurício de Nassau de Natal;RN;123;Privada;66;20.71;251-300;11.89;301-350;3.02;121;6.02;;;301-350;2.85;;;;;;;;;
2023;odontologia;Centro Universitário Cesuca;RS;124;Privada;66;20.71;251-300;11.77;102;6.33;201-250;4.6;;;401-500;0.84;;;;;;;;;
2023;odontologia;Centro Universitário Maurício de Nassau de Cacoal;RO;125;Privada;66;20.71;251-300;11.71;301-350;2.62;201-250;4.44;;;201-250;4.65;;;;;;;;;
2023;odontologia;Faculdade Anhanguera de Uberlândia;MG;126;Privada;66;20.71;251-300;11.54;201-250;4.39;301-350;2.69;;;201-250;4.46;;;;;;;;;
2023;odontologia;Centro Universitário do Planalto Central Apparecido dos Santos;DF;127;Privada;66;20.71;251-300;11.45;301-350;2.49;189;4.9;;;201-250;4.06;;;;;;;;;
2023;odontologia;Centro Universitário São Lucas;RO;128;Privada;66;20.71;251-300;11.33;401-500;1.06;96;6.43;;;201-250;3.84;;;;;;;;;
2023;odontologia;Universidade Universus Veritas Guarulhos;SP;129;Privada;66;20.71;251-300;11.12;201-250;4.55;301-350;3;;;251-300;3.57;;;;;;;;;
2023;odontologia;Centro Universitário do Distrito Federal;DF;130;Privada;66;20.71;301-350;10.97;251-300;3.18;110;6.2;;;351-400;1.59;;;;;;;;;
2023;odontologia;Universidade de Taubaté;SP;131;Municipal;66;20.71;301-350;10.72;92;6.5;401-500;0.4;;;201-250;3.82;;;;;;;;;
2023;odontologia;Centro Universitário Maurício de Nassau de João Pessoa;PB;132;Privada;66;20.71;301-350;10.33;251-300;3.09;197;4.77;;;301-350;2.47;;;;;;;;;
2023;odontologia;Pontifícia Universidade Católica de Goiás;GO;133;Privada;66;20.71;301-350;10.18;125;5.96;301-350;2.69;;;351-400;1.53;;;;;;;;;
2023;odontologia;Universidade do Sul de Santa Catarina;SC;134;Privada;66;20.71;301-350;9.98;251-300;3.51;187;4.93;;;351-400;1.54;;;;;;;;;
2023;odontologia;Centro Universitário da Serra Gaúcha;RS;135;Privada;66;20.71;301-350;9.56;301-350;2.74;87;6.58;;;401-500;0.24;;;;;;;;;
2023;odontologia;Universidade de Itaúna;MG;136;Privada;66;20.71;351-400;9.36;301-350;2.72;166;5.28;;;351-400;1.36;;;;;;;;;
2023;odontologia;Universidade do Extremo Sul Catarinense;SC;137;Privada;66;20.71;351-400;9.2;351-400;1.73;149;5.56;;;351-400;1.91;;;;;;;;;
2023;odontologia;Universidade Ibirapuera;SP;138;Privada;66;20.71;351-400;9.09;176;5.11;401-500;0.84;;;251-300;3.14;;;;;;;;;
2023;odontologia;Centro Universitário Facex;RN;139;Privada;66;20.71;351-400;9.06;301-350;2.84;121;6.02;;;401-500;0.2;;;;;;;;;
2023;odontologia;Centro Universitário Fametro;CE;140;Privada;66;20.71;351-400;9.02;351-400;1.68;167;5.26;;;351-400;2.08;;;;;;;;;
2023;odontologia;Faculdade Anhanguera de Ipatinga;MG;141;Privada;66;20.71;351-400;8.98;351-400;1.86;301-350;2.69;;;201-250;4.43;;;;;;;;;
2023;odontologia;Centro Universitário Maurício de Nassau de Salvador;BA;142;Privada;66;20.71;351-400;8.94;251-300;3.4;301-350;2.69;;;301-350;2.85;;;;;;;;;
2023;odontologia;Centro Universitário do Norte de São Paulo;SP;143;Privada;66;20.71;351-400;8.91;251-300;3.83;401-500;1.07;;;201-250;4.01;;;;;;;;;
2023;odontologia;Centro Universitário das Faculdades Integradas de Ourinhos;SP;144;Privada;66;20.71;351-400;8.73;95;6.45;401-500;0.84;;;351-400;1.44;;;;;;;;;
2023;odontologia;Centro Universitário Avantis;SC;145;Privada;66;20.71;351-400;8.23;401-500;1.4;201-250;3.96;;;301-350;2.87;;;;;;;;;
2023;odontologia;Centro Universitário Estácio Juiz de Fora;MG;146;Privada;66;20.71;351-400;8.16;351-400;1.93;188;4.92;;;351-400;1.31;;;;;;;;;
2023;odontologia;Universidade Brasil;SP;147;Privada;66;20.71;351-400;8.14;195;4.8;301-350;2.79;;;401-500;0.55;;;;;;;;;
2023;odontologia;Faculdade Pernambucana de Saúde;PE;148;Privada;66;20.71;351-400;7.89;301-350;2.8;251-300;3.23;;;351-400;1.86;;;;;;;;;
2023;odontologia;Universidade Paranaense;PR;149;Privada;66;20.71;351-400;7.84;401-500;0.89;78;6.73;;;401-500;0.22;;;;;;;;;
2023;odontologia;Faculdade Anhanguera de Imperatriz;MA;150;Privada;66;20.71;401-500;6.79;401-500;0.83;401-500;1.06;;;186;4.9;;;;;;;;;
2023;odontologia;Centro Universitário - Uniesp;PB;151;Privada;66;20.71;401-500;5.87;401-500;0.08;301-350;2.94;;;301-350;2.85;;;;;;;;;
2023;odontologia;Instituto Municipal de Ensino Superior de Catanduva;SP;152;Municipal;66;20.71;401-500;5.46;301-350;2.69;301-350;2.72;;;401-500;0.05;;;;;;;;;
2023;odontologia;Faculdade de Direito de Ipatinga;MG;153;Privada;66;20.71;401-500;5.45;351-400;1.62;301-350;2.69;;;401-500;1.14;;;;;;;;;
2023;odontologia;Universidade Salgado de Oliveira;RJ;154;Privada;66;20.71;401-500;5.33;351-400;1.83;301-350;2.71;;;401-500;0.79;;;;;;;;;
2023;odontologia;Centro Universitário de Patos;PB;155;Privada;66;20.71;401-500;5.31;351-400;2.05;301-350;2.99;;;401-500;0.27;;;;;;;;;
2023;odontologia;Universidade Nilton Lins;AM;156;Privada;66;20.71;401-500;3.9;401-500;0.38;301-350;2.95;;;401-500;0.57;;;;;;;;;
2023;odontologia;Centro Universitário Christus;CE;157;Privada;;;56;21.71;105;6.29;36;7.42;;;1;8;;;;;;;;;
2023;odontologia;Centro Universitário Ages;BA;158;Privada;;;57;21.69;39;7.37;103;6.32;;;1;8;;;;;;;;;
2023;odontologia;Centro Universitário Facvest;SC;159;Privada;;;59;21.32;77;6.75;88;6.57;;;1;8;;;;;;;;;
2023;odontologia;Centro Universitário Integrado de Campo Mourão;PR;160;Privada;;;60;20.26;1;8;201-250;4.26;;;1;8;;;;;;;;;
2023;odontologia;Universidade Estadual do Piauí;PI;160;Estadual;;;60;20.26;197;4.77;32;7.49;;;1;8;;;;;;;;;
2023;odontologia;Faculdade de Tecnologia Nova Palhoça;SC;162;Privada;;;64;19.65;1;8;251-300;3.65;;;1;8;;;;;;;;;
2023;odontologia;Centro Universitário Uninovafapi;PI;163;Privada;;;66;19.58;176;5.11;94;6.47;;;1;8;;;;;;;;;
2023;odontologia;Faculdade Unirb - Piauí;PI;164;Privada;;;68;19.3;131;5.86;156;5.44;;;1;8;;;;;;;;;
2023;odontologia;Universidade do Vale do Taquari;RS;165;Privada;;;69;19.27;201-250;4.47;74;6.8;;;1;8;;;;;;;;;
2023;odontologia;Faculdade Meridional de Porto Alegre;RS;166;Privada;;;70;19.2;86;6.6;201-250;4.6;;;1;8;;;;;;;;;
2023;odontologia;Faculdade Unirb - Mossoró;RN;167;Privada;;;71;19.13;176;5.11;121;6.02;;;1;8;;;;;;;;;
2023;odontologia;Universidade Federal de Mato Grosso do Sul;MS;168;Federal;;;73;19.03;47;7.24;58;7.06;;;196;4.73;;;;;;;;;
2023;odontologia;Centro Universitário Sociesc;SC;169;Privada;;;74;19.02;39;7.37;251-300;3.65;;;1;8;;;;;;;;;
2023;odontologia;Centro Universitário Sociesc de Blumenau;SC;169;Privada;;;74;19.02;39;7.37;251-300;3.65;;;1;8;;;;;;;;;
2023;odontologia;Faculdade Unisul de Florianópolis;SC;169;Privada;;;74;19.02;39;7.37;251-300;3.65;;;1;8;;;;;;;;;
2023;odontologia;Centro Universitário Ateneu;CE;172;Privada;;;77;18.77;152;5.51;167;5.26;;;1;8;;;;;;;;;
2023;odontologia;Escola Superior Una de Itumbiara;GO;173;Privada;;;78;18.69;1;8;301-350;2.69;;;1;8;;;;;;;;;
2023;odontologia;Faculdade Una de Pouso Alegre;MG;173;Privada;;;78;18.69;1;8;301-350;2.69;;;1;8;;;;;;;;;
2023;odontologia;Centro Universitário Zarns;BA;175;Privada;;;80;18.64;102;6.33;201-250;4.31;;;1;8;;;;;;;;;
2023;odontologia;Centro Universitário Unidade de Ensino Superior Dom Bosco;MA;176;Privada;;;81;18.47;142;5.67;16;7.75;;;177;5.05;;;;;;;;;
2023;odontologia;Centro Universitário do Norte de Minas;MG;177;Privada;;;84;18.18;135;5.79;201-250;4.39;;;1;8;;;;;;;;;
2023;odontologia;Centro Universitário de Valença;RJ;178;Privada;;;85;18.09;251-300;3.18;67;6.91;;;1;8;;;;;;;;;
2023;odontologia;Faculdade de Tecnologia e Ciências de Itabuna;BA;179;Privada;;;86;18.06;39;7.37;301-350;2.69;;;1;8;;;;;;;;;
2023;odontologia;Faculdade Una de Itabira;MG;179;Privada;;;86;18.06;39;7.37;301-350;2.69;;;1;8;;;;;;;;;
2023;odontologia;Centro Universitário Una de Contagem;MG;181;Privada;;;88;17.82;54;7.13;301-350;2.69;;;1;8;;;;;;;;;
2023;odontologia;Faculdade Una de Sete Lagoas;MG;181;Privada;;;88;17.82;54;7.13;301-350;2.69;;;1;8;;;;;;;;;
2023;odontologia;Faculdade de Tecnologia e Ciências;BA;181;Privada;;;88;17.82;54;7.13;301-350;2.69;;;1;8;;;;;;;;;
2023;odontologia;Centro Universitário Una;MG;181;Privada;;;88;17.82;54;7.13;301-350;2.69;;;1;8;;;;;;;;;
2023;odontologia;Christus Faculdade do Piauí;PI;185;Privada;;;94;17.73;201-250;4.29;156;5.44;;;1;8;;;;;;;;;
2023;odontologia;Faculdade Anhanguera de Macapá;AP;186;Privada;;;96;17.55;193;4.83;200;4.72;;;1;8;;;;;;;;;
2023;odontologia;Centro Universitário Unicuritiba;PR;187;Privada;;;97;17.54;166;5.28;201-250;4.26;;;1;8;;;;;;;;;
2023;odontologia;Faculdade Unisul de Itajaí;SC;188;Privada;;;98;17.51;131;5.86;251-300;3.65;;;1;8;;;;;;;;;
2023;odontologia;Faculdade Unirb - Parnaíba;PI;189;Privada;;;100;17.4;201-250;3.96;156;5.44;;;1;8;;;;;;;;;
2023;odontologia;Faculdades Integradas de Três Lagoas;MS;190;Privada;;;101;17.39;201-250;4.7;201-250;4.69;;;1;8;;;;;;;;;
2023;odontologia;Faculdade Meridional;RS;191;Privada;;;103;17.38;63;6.98;109;6.22;;;201-250;4.18;;;;;;;;;
2023;odontologia;Faculdade Uberlandense de Núcleos Integrados de Ensino, Serviço Social e Aprendizagem;MG;192;Privada;;;106;17.27;87;6.58;301-350;2.69;;;1;8;;;;;;;;;
2023;odontologia;Faculdade Multivix de Cachoeiro;ES;193;Privada;;;107;17.26;251-300;3.35;128;5.91;;;1;8;;;;;;;;;
2023;odontologia;Faculdade Faipe;MT;194;Privada;;;108;17.25;161;5.36;201-250;3.89;;;1;8;;;;;;;;;
2023;odontologia;Faculdade Dom Alberto;RS;195;Privada;;;112;16.89;201-250;4.29;201-250;4.6;;;1;8;;;;;;;;;
2023;odontologia;Centro Universitário Uniftc;BA;196;Privada;;;113;16.88;111;6.19;301-350;2.69;;;1;8;;;;;;;;;
2023;odontologia;Centro Universitário Inta;CE;197;Privada;;;114;16.87;251-300;3.61;167;5.26;;;1;8;;;;;;;;;
2023;odontologia;Faculdade Santo Antônio SP;SP;198;Privada;;;115;16.84;1;8;401-500;0.84;;;1;8;;;;;;;;;
2023;odontologia;Centro Universitário Una de Uberlândia;MG;199;Privada;;;116;16.79;116;6.1;301-350;2.69;;;1;8;;;;;;;;;
2023;odontologia;Centro Universitário Estácio do Ceará;CE;200;Privada;;;117;16.78;31;7.51;167;5.26;;;201-250;4.01;;;;;;;;;
2023;odontologia;Faculdade Funorte de Janaúba;MG;201;Privada;;;131;16.05;161;5.36;301-350;2.69;;;1;8;;;;;;;;;
2023;odontologia;Centro Universitário da Grande Dourados;MS;201;Privada;;;118;16.56;351-400;1.45;55;7.11;;;1;8;;;;;;;;;
2023;odontologia;Centro Universitário Facisa;PB;201;Privada;;;130;16.09;174;5.15;301-350;2.94;;;1;8;;;;;;;;;
2023;odontologia;Centro Universitário Unime;BA;201;Privada;;;174;14.73;201-250;4.11;77;6.75;;;201-250;3.87;;;;;;;;;
2023;odontologia;Faculdade de Ensino Superior da Cidade de Feira de Santana;BA;201;Privada;;;137;15.8;176;5.11;301-350;2.69;;;1;8;;;;;;;;;
2023;odontologia;Faculdade de Gestão e Negócios de Salvador;BA;201;Privada;;;164;14.98;201-250;4.29;301-350;2.69;;;1;8;;;;;;;;;
2023;odontologia;Faculdade de Ensino Superior de Floriano;PI;201;Privada;;;135;15.85;301-350;2.41;156;5.44;;;1;8;;;;;;;;;
2023;odontologia;Faculdade de Ciências Sociais Aplicadas BA;BA;201;Privada;;;179;14.53;251-300;3.84;301-350;2.69;;;1;8;;;;;;;;;
2023;odontologia;Universidade do Vale do Itajaí;SC;201;Privada;;;145;15.44;168;5.25;50;7.19;;;251-300;3;;;;;;;;;
2023;odontologia;Faculdade Doctum de Serra;ES;201;Privada;;;168;14.85;401-500;0.94;128;5.91;;;1;8;;;;;;;;;
2023;odontologia;Centro Universitário Unirb;BA;201;Privada;;;134;15.87;251-300;3.58;201-250;4.29;;;1;8;;;;;;;;;
2023;odontologia;Faculdade de Ciências Odontológicas;MG;201;Privada;;;174;14.73;201-250;4.04;301-350;2.69;;;1;8;;;;;;;;;
2023;odontologia;Centro Universitário Una de Bom Despacho;MG;201;Privada;;;184;14.34;50;7.19;301-350;2.69;;;201-250;4.46;;;;;;;;;
2023;odontologia;Faculdade Castro Alves;BA;201;Privada;;;183;14.39;251-300;3.7;301-350;2.69;;;1;8;;;;;;;;;
2023;odontologia;Faculdade Unirb - Barreiras;BA;201;Privada;;;158;15.16;201-250;4.47;301-350;2.69;;;1;8;;;;;;;;;
2023;odontologia;Universidade de Vassouras;RJ;201;Privada;;;160;15.12;251-300;3.43;76;6.76;;;184;4.93;;;;;;;;;
2023;odontologia;União das Faculdades dos Grandes Lagos;SP;201;Privada;;;155;15.26;97;6.42;401-500;0.84;;;1;8;;;;;;;;;
2023;odontologia;Faculdade de Saúde e Humanidades Ibituruna;MG;201;Privada;;;133;15.9;170;5.21;301-350;2.69;;;1;8;;;;;;;;;
2023;odontologia;Faculdade Especializada na Área de Saúde do Rio Grande do Sul;RS;201;Privada;;;182;14.49;176;5.11;201-250;4.6;;;193;4.78;;;;;;;;;
2023;odontologia;Faculdade Integrada Cesumar de Curitiba;PR;201;Privada;;;150;15.35;251-300;3.09;201-250;4.26;;;1;8;;;;;;;;;
2023;odontologia;Universidade Tuiuti do Paraná;PR;201;Privada;;;180;14.52;108;6.24;115;6.12;;;301-350;2.16;;;;;;;;;
2023;odontologia;Centro Universitário Dom Pedro II;BA;201;Privada;;;137;15.8;176;5.11;301-350;2.69;;;1;8;;;;;;;;;
2023;odontologia;Centro Universitário de Volta Redonda;RJ;201;Privada;;;119;16.53;121;6.02;145;5.63;;;187;4.88;;;;;;;;;
2023;odontologia;Centro Universitário Vale do Cricaré;ES;201;Privada;;;173;14.75;401-500;0.84;128;5.91;;;1;8;;;;;;;;;
2023;odontologia;Faculdade Unirb - Aracaju;SE;201;Privada;;;124;16.36;131;5.86;100;6.37;;;201-250;4.13;;;;;;;;;
2023;odontologia;Centro Universitário Luterano de Palmas;TO;201;Privada;;;181;14.51;201-250;4.32;152;5.51;;;199;4.68;;;;;;;;;
2023;odontologia;Centro Universitário Gama e Souza;RJ;201;Privada;;;177;14.65;201-250;3.96;301-350;2.69;;;1;8;;;;;;;;;
2023;odontologia;Faculdade de Tecnologia e Ciências de Jequié;BA;201;Privada;;;131;16.05;161;5.36;301-350;2.69;;;1;8;;;;;;;;;
2023;odontologia;Centro Universitário Unirb - Alagoinhas;BA;201;Privada;;;158;15.16;201-250;4.47;301-350;2.69;;;1;8;;;;;;;;;
2023;odontologia;Universidade São Judas Tadeu;SP;201;Privada;;;169;14.84;122;6;401-500;0.84;;;1;8;;;;;;;;;
2023;odontologia;Centro Universitário Arthur Sá Earp Neto;RJ;201;Privada;;;121;16.48;201-250;4.01;31;7.51;;;182;4.96;;;;;;;;;
2023;odontologia;Faculdade Una de Divinópolis;MG;201;Privada;;;153;15.29;201-250;4.6;301-350;2.69;;;1;8;;;;;;;;;
2023;odontologia;Faculdade Promove de Belo Horizonte;MG;201;Privada;;;153;15.29;201-250;4.6;301-350;2.69;;;1;8;;;;;;;;;
2023;odontologia;Faculdade Unirb - Feira de Santana;BA;201;Privada;;;177;14.65;201-250;3.96;301-350;2.69;;;1;8;;;;;;;;;
2023;odontologia;Universidade da Região de Joinville;SC;201;Privada;;;161;15.06;190;4.88;53;7.14;;;251-300;3.04;;;;;;;;;
2023;odontologia;Centro Universitário Santa Maria;PB;201;Privada;;;142;15.64;201-250;4.7;301-350;2.94;;;1;8;;;;;;;;;
2023;odontologia;Faculdade Anhanguera Unidade Guarapari;ES;201;Privada;;;142;15.64;172;5.18;128;5.91;;;201-250;4.55;;;;;;;;;
2023;odontologia;Centro Universitário do Paraná;PR;201;Privada;;;150;15.35;251-300;3.09;201-250;4.26;;;1;8;;;;;;;;;
2023;odontologia;Centro Universitário de União da Vitória;PR;201;Municipal;;;162;15.05;351-400;1.49;149;5.56;;;1;8;;;;;;;;;
2023;odontologia;Faculdade Uninta;CE;201;Privada;;;148;15.37;351-400;2.11;167;5.26;;;1;8;;;;;;;;;
2023;odontologia;Faculdade de Enfermagem Nova Esperança;PB;201;Privada;;;136;15.81;191;4.87;301-350;2.94;;;1;8;;;;;;;;;
2023;odontologia;Faculdade do Centro Oeste Paulista;SP;201;Privada;;;141;15.65;73;6.81;401-500;0.84;;;1;8;;;;;;;;;
2023;odontologia;Facudade Ieducare;CE;201;Privada;;;167;14.93;351-400;1.67;167;5.26;;;1;8;;;;;;;;;
2023;odontologia;Faculdade Multivix Nova Venécia;ES;201;Privada;;;185;14.21;401-500;0.3;128;5.91;;;1;8;;;;;;;;;
2023;odontologia;Centro Universitário Facunicamps;GO;201;Privada;;;137;15.8;176;5.11;301-350;2.69;;;1;8;;;;;;;;;
2023;odontologia;Faculdade Ágora;MT;201;Privada;;;156;15.24;251-300;3.35;201-250;3.89;;;1;8;;;;;;;;;
2023;odontologia;Instituto Nacional de Ensino Superior e Pós-graduação Padre Gervásio;MG;201;Privada;;;120;16.5;20;7.69;3;7.97;;;401-500;0.84;;;;;;;;;
2023;odontologia;Centro Universitário Ideau;RS;201;Privada;;;129;16.13;251-300;3.12;182;5.01;;;1;8;;;;;;;;;
2023;odontologia;Faculdade Brasileira de Tecnologia-BA;BA;201;Privada;;;164;14.98;201-250;4.29;301-350;2.69;;;1;8;;;;;;;;;
2023;odontologia;Centro Universitário Facid Wyden;PI;201;Privada;;;174;14.73;157;5.43;156;5.44;;;201-250;3.86;;;;;;;;;
2023;odontologia;Centro Universitário Unifatecie;PR;251;Privada;;;188;14.17;351-400;1.91;201-250;4.26;;;1;8;;;;;;;;;
2023;odontologia;Centro Universitário da Fundação Herminio Ometto;SP;251;Privada;;;196;13.89;106;6.27;70;6.86;;;401-500;0.76;;;;;;;;;
2023;odontologia;Centro Universitário Católica de Quixadá;CE;251;Privada;;;201-250;13.52;301-350;2.77;116;6.1;;;201-250;4.65;;;;;;;;;
2023;odontologia;Centro Universitário Estácio de Brasília;DF;251;Privada;;;201-250;12.43;176;5.11;189;4.9;;;301-350;2.42;;;;;;;;;
2023;odontologia;Faculdade Uninassau Brasília;DF;251;Privada;;;201-250;12.39;251-300;3.7;189;4.9;;;251-300;3.79;;;;;;;;;
2023;odontologia;Instituto de Ensino Superior Capixaba;ES;251;Privada;;;201-250;13.38;102;6.33;128;5.91;;;401-500;1.14;;;;;;;;;
2023;odontologia;Faculdade Sociesc de Jaraguá do Sul;SC;251;Privada;;;201-250;13.54;116;6.1;251-300;3.65;;;251-300;3.79;;;;;;;;;
2023;odontologia;Centro Universitário Sudoeste Paulista;SP;251;Privada;;;201-250;12.67;141;5.69;144;5.64;;;351-400;1.34;;;;;;;;;
2023;odontologia;Faculdade de Palmeiras de Goiás;GO;251;Privada;;;251-300;12.09;401-500;1.4;301-350;2.69;;;1;8;;;;;;;;;
2023;odontologia;Centro Universitário do Rio São Francisco;BA;251;Privada;;;201-250;13.15;301-350;2.46;301-350;2.69;;;1;8;;;;;;;;;
2023;odontologia;Centro Universitário Anhanguera Pitágoras Unopar de Niterói;RJ;251;Privada;;;251-300;12.2;196;4.78;301-350;2.69;;;196;4.73;;;;;;;;;
2023;odontologia;Faculdade Anhanguera de Linhares;ES;251;Privada;;;201-250;12.58;301-350;2.36;128;5.91;;;201-250;4.31;;;;;;;;;
2023;odontologia;Centro Universitário Santo Agostinho;PI;251;Privada;;;201-250;12.83;176;5.11;156;5.44;;;301-350;2.28;;;;;;;;;
2023;odontologia;Faculdade Fasipe de Primavera;MT;251;Privada;;;201-250;13.29;401-500;1.4;201-250;3.89;;;1;8;;;;;;;;;
2023;odontologia;Faculdade Anhanguera Unime de Salvador;BA;251;Privada;;;195;13.91;169;5.23;154;5.48;;;251-300;3.2;;;;;;;;;
2023;odontologia;Faculdade Herrero;PR;251;Privada;;;201-250;12.95;251-300;3.76;201-250;4.26;;;184;4.93;;;;;;;;;
2023;odontologia;Universidade Vila Velha;ES;251;Privada;;;201-250;13.71;158;5.41;52;7.16;;;401-500;1.14;;;;;;;;;
2023;odontologia;Faculdade Una de Jataí;GO;251;Privada;;;186;14.21;31;7.51;301-350;2.69;;;201-250;4.01;;;;;;;;;
2023;odontologia;Centro Universitário Maurício de Nassau de Paranáiba;PI;251;Privada;;;251-300;12.16;351-400;2.19;156;5.44;;;201-250;4.53;;;;;;;;;
2023;odontologia;Faculdade Cathedral;RR;251;Privada;;;201-250;12.42;201-250;3.96;401-500;0.46;;;1;8;;;;;;;;;
2023;odontologia;Faculdade de Imperatriz Wyden;MA;251;Privada;;;251-300;12.14;100;6.37;147;5.59;;;401-500;0.18;;;;;;;;;
2023;odontologia;Faculdade Anhanguera de Poços de Caldas;MG;251;Privada;;;201-250;12.55;176;5.11;301-350;2.69;;;195;4.75;;;;;;;;;
2023;odontologia;Centro Universitário de Excelência de Vitória da Conquista;BA;251;Privada;;;201-250;13.68;301-350;2.99;301-350;2.69;;;1;8;;;;;;;;;
2023;odontologia;Centro Universitário Alfredo Nasser;GO;251;Privada;;;201-250;13.54;301-350;2.85;301-350;2.69;;;1;8;;;;;;;;;
2023;odontologia;Faculdade Uninassau Mossoró;RN;251;Privada;;;201-250;12.42;251-300;3.4;121;6.02;;;251-300;3;;;;;;;;;
2023;odontologia;Faculdade de Tecnologia e Ciências da Bahia;BA;251;Privada;;;251-300;12.09;401-500;1.4;301-350;2.69;;;1;8;;;;;;;;;
2023;odontologia;Faculdade Fasipe Mato Grosso;MT;251;Privada;;;201-250;12.88;401-500;0.99;201-250;3.89;;;1;8;;;;;;;;;
2023;odontologia;Faculdade Anhanguera de Joinville;SC;251;Privada;;;201-250;12.58;191;4.87;251-300;3.65;;;201-250;4.06;;;;;;;;;
2023;odontologia;Centro Universitário Maurício de Nassau Teresina Sul;PI;251;Privada;;;201-250;13.68;251-300;3.46;156;5.44;;;193;4.78;;;;;;;;;
2023;odontologia;Faculdade Integrada Carajás;PA;251;Privada;;;201-250;12.71;201-250;4.36;401-500;0.35;;;1;8;;;;;;;;;
2023;odontologia;Centro Universitário de Santa Fé do Sul;SP;251;Municipal;;;201-250;12.65;251-300;3.4;84;6.63;;;301-350;2.62;;;;;;;;;
2023;odontologia;Faculdade de Ciências Sociais e Agrárias de Itapeva;SP;251;Privada;;;201-250;12.8;201-250;3.96;401-500;0.84;;;1;8;;;;;;;;;
2023;odontologia;Faculdade Anhanguera de Betim;MG;251;Privada;;;201-250;13.13;126;5.94;301-350;2.69;;;201-250;4.5;;;;;;;;;
2023;odontologia;Faculdade Unirb - Natal;RN;251;Privada;;;197;13.87;201-250;4.29;121;6.02;;;251-300;3.56;;;;;;;;;
2023;odontologia;Universidade Católica de Pelotas;RS;251;Privada;;;193;14.05;159;5.39;201-250;4.6;;;201-250;4.06;;;;;;;;;
2023;odontologia;Universidade Anhanguera;MS;251;Privada;;;251-300;12.24;251-300;3.22;201-250;4.69;;;201-250;4.33;;;;;;;;;
2023;odontologia;Centro Universitário Autônomo do Brasil;PR;251;Privada;;;201-250;13.44;98;6.4;201-250;4.26;;;301-350;2.78;;;;;;;;;
2023;odontologia;Centro Universitário de Goiatuba;GO;251;Municipal;;;201-250;13.13;301-350;2.36;301-350;2.77;;;1;8;;;;;;;;;
2023;odontologia;Centro Universitário Uninorte;AC;251;Privada;;;200;13.83;116;6.1;201-250;3.94;;;251-300;3.79;;;;;;;;;
2023;odontologia;Universidade Feevale;RS;251;Privada;;;251-300;12.09;92;6.5;201-250;4.6;;;401-500;0.99;;;;;;;;;
2023;odontologia;Centro Universitário Unidom - Bosco;PR;251;Privada;;;201-250;13.49;142;5.67;201-250;4.26;;;251-300;3.56;;;;;;;;;
2023;odontologia;Centro Universitário Vértice;MG;251;Privada;;;201-250;12.65;351-400;1.96;301-350;2.69;;;1;8;;;;;;;;;
2023;odontologia;Instituto Florence de Ensino Superior;MA;251;Privada;;;201-250;12.41;251-300;3.35;401-500;1.06;;;1;8;;;;;;;;;
2023;odontologia;Centro Universitário Aparício Carvalho;RO;251;Privada;;;201-250;13.24;351-400;1.81;251-300;3.43;;;1;8;;;;;;;;;
2023;odontologia;Centro Universitário de Belo Horizonte;MG;251;Privada;;;191;14.09;62;6.99;301-350;2.69;;;201-250;4.41;;;;;;;;;
2023;odontologia;Instituto Superior de Educação Ibituruna;MG;251;Privada;;;201-250;12.8;351-400;2.11;301-350;2.69;;;1;8;;;;;;;;;
2023;odontologia;Centro Universitário Uniasselvi de Blumenau ;SC;251;Privada;;;201-250;12.49;201-250;4.6;251-300;3.65;;;201-250;4.24;;;;;;;;;
2023;odontologia;Centro Universitário Atenas;MG;251;Privada;;;251-300;12.09;401-500;1.4;301-350;2.69;;;1;8;;;;;;;;;
2023;odontologia;Centro Universitário de Ciências e Empreendedorismo;BA;251;Privada;;;201-250;12.69;351-400;2;301-350;2.69;;;1;8;;;;;;;;;
2023;odontologia;Centro Universitário Fasipe;MT;251;Privada;;;187;14.18;401-500;1.4;196;4.78;;;1;8;;;;;;;;;
2023;odontologia;Centro Universitário Maurício de Nassau de Teresina;PI;251;Privada;;;201-250;12.4;201-250;3.96;156;5.44;;;251-300;3;;;;;;;;;
2023;odontologia;Faculdades Planalto Central;DF;251;Privada;;;201-250;13.77;401-500;0.87;189;4.9;;;1;8;;;;;;;;;
2023;odontologia;Centro Universitário Estácio do Recife;PE;301;Privada;;;251-300;11.57;85;6.61;251-300;3.23;;;351-400;1.73;;;;;;;;;
2023;odontologia;Faculdade Anhanguera de Guarulhos;SP;301;Privada;;;301-350;11.1;83;6.65;401-500;0.84;;;251-300;3.61;;;;;;;;;
2023;odontologia;Faculdade Anhanguera de Governador Valadares;MG;301;Privada;;;251-300;12.06;149;5.56;301-350;2.69;;;251-300;3.81;;;;;;;;;
2023;odontologia;Faculdade Integrada da Amazônia;PA;301;Privada;;;251-300;11.32;301-350;2.97;401-500;0.35;;;1;8;;;;;;;;;
2023;odontologia;Universidade Regional de Blumenau;SC;301;Municipal;;;301-350;10.73;201-250;4.03;140;5.71;;;401-500;0.99;;;;;;;;;
2023;odontologia;Centro Universitário Fip-moc;MG;301;Privada;;;301-350;10.69;201-250;4.34;301-350;2.69;;;251-300;3.66;;;;;;;;;
2023;odontologia;Faculdade Icesp;DF;301;Privada;;;251-300;11.79;301-350;2.41;189;4.9;;;201-250;4.48;;;;;;;;;
2023;odontologia;Centro Universitário Tocantinense Presidente Antônio Carlos;TO;301;Privada;;;301-350;10.93;251-300;3.63;183;5;;;301-350;2.3;;;;;;;;;
2023;odontologia;Universidade Regional Integrada do Alto Uruguai e das Missões;RS;301;Privada;;;251-300;11.31;201-250;4.31;92;6.5;;;401-500;0.5;;;;;;;;;
2023;odontologia;Faculdade Anhanguera de Divinópolis;MG;301;Privada;;;301-350;11.02;128;5.91;301-350;2.69;;;301-350;2.42;;;;;;;;;
2023;odontologia;Faculdade Cidade de Patos de Minas;MG;301;Privada;;;251-300;11.43;401-500;1.4;186;4.95;;;175;5.08;;;;;;;;;
2023;odontologia;Faculdade Sete Lagoas;MG;301;Privada;;;251-300;11.77;251-300;3.73;117;6.09;;;351-400;1.95;;;;;;;;;
2023;odontologia;Faculdade Uninassau Petrolina;PE;301;Privada;;;301-350;11.08;201-250;4.29;251-300;3.23;;;251-300;3.56;;;;;;;;;
2023;odontologia;Centro Universitário Estácio de Santa Catarina;SC;301;Privada;;;251-300;11.54;77;6.75;251-300;3.65;;;401-500;1.14;;;;;;;;;
2023;odontologia;Faculdade Positivo Londrina;PR;301;Privada;;;251-300;11.61;60;7.03;201-250;4.26;;;401-500;0.32;;;;;;;;;
2023;odontologia;Centro Universitário Goyazes;GO;301;Privada;;;251-300;11.55;401-500;0.86;301-350;2.69;;;1;8;;;;;;;;;
2023;odontologia;Universidade Metodista de Piracicaba;SP;301;Privada;;;251-300;11.12;108;6.24;201-250;4.34;;;401-500;0.54;;;;;;;;;
2023;odontologia;Faculdades Integradas Aparício Carvalho Vilhena;RO;301;Privada;;;251-300;11.66;401-500;0.23;251-300;3.43;;;1;8;;;;;;;;;
2023;odontologia;Instituição de Ensino Superior de Cacoal;RO;301;Privada;;;251-300;11.68;401-500;0.25;251-300;3.43;;;1;8;;;;;;;;;
2023;odontologia;Centro Universitário Univel;PR;301;Privada;;;251-300;11.76;301-350;2.97;201-250;4.26;;;201-250;4.53;;;;;;;;;
2023;odontologia;Centro Universitário Maurício de Nassau de São Luís;MA;301;Privada;;;251-300;11.49;111;6.19;401-500;1.06;;;201-250;4.24;;;;;;;;;
2023;odontologia;Centro Universitário Faminas;MG;301;Privada;;;251-300;11.49;161;5.36;301-350;2.69;;;251-300;3.44;;;;;;;;;
2023;odontologia;Centro Universitário Ruy Barbosa Wyden;BA;301;Privada;;;301-350;10.98;251-300;3.79;179;5.06;;;351-400;2.13;;;;;;;;;
2023;odontologia;Centro Universitário Sul-americana;GO;301;Privada;;;301-350;10.9;74;6.8;301-350;2.69;;;351-400;1.41;;;;;;;;;
2023;odontologia;Centro Universitário de Patos de Minas;MG;301;Privada;;;301-350;10.8;99;6.38;301-350;2.69;;;351-400;1.73;;;;;;;;;
2023;odontologia;Faculdade de Educação de Jaru;RO;301;Privada;;;251-300;11.63;401-500;0.2;251-300;3.43;;;1;8;;;;;;;;;
2023;odontologia;Faculdade Anhanguera de Campinas;SP;301;Privada;;;251-300;11.29;114;6.14;401-500;0.84;;;201-250;4.31;;;;;;;;;
2023;odontologia;Centro Universitário Dinâmica das Cataratas;PR;301;Privada;;;301-350;10.61;251-300;3.35;201-250;4.26;;;251-300;3;;;;;;;;;
2023;odontologia;Centro Universitário da Fundação Educacional de Barretos;SP;301;Privada;;;251-300;11.85;153;5.49;111;6.19;;;401-500;0.17;;;;;;;;;
2023;odontologia;Faculdade Rio Parnaíba;MA;301;Privada;;;251-300;12.03;301-350;2.97;401-500;1.06;;;1;8;;;;;;;;;
2023;odontologia;Centro Universitário do Espírito Santo;ES;301;Privada;;;301-350;10.53;251-300;3.13;128;5.91;;;351-400;1.49;;;;;;;;;
2023;odontologia;Faculdade Paulo Picanço;CE;301;Privada;;;301-350;10.77;301-350;2.62;167;5.26;;;301-350;2.89;;;;;;;;;
2023;odontologia;Faculdade Metropolitana;RO;301;Privada;;;251-300;11.79;401-500;0.36;251-300;3.43;;;1;8;;;;;;;;;
2023;odontologia;Centro Universitário Serra dos Órgãos;RJ;301;Privada;;;251-300;11.87;301-350;2.8;139;5.72;;;251-300;3.35;;;;;;;;;
2023;odontologia;Centro Universitário Maurício de Nassau de Aracaju;SE;301;Privada;;;251-300;11.31;351-400;2.16;100;6.37;;;301-350;2.78;;;;;;;;;
2023;odontologia;Faculdade Anhanguera de São Luiz;MA;301;Privada;;;251-300;11.1;154;5.48;401-500;1.06;;;201-250;4.56;;;;;;;;;
2023;odontologia;Faculdade de Guarantã do Norte;MT;301;Privada;;;301-350;10.92;301-350;2.64;201-250;3.89;;;201-250;4.39;;;;;;;;;
2023;odontologia;Faculdade Anhanguera de Tangará da Serra;MT;301;Privada;;;251-300;11.56;301-350;2.97;201-250;3.89;;;198;4.7;;;;;;;;;
2023;odontologia;Faculdade de Educação de Porto Velho;RO;301;Privada;;;251-300;11.28;201-250;4.29;251-300;3.43;;;251-300;3.56;;;;;;;;;
2023;odontologia;Faculdade Anhanguera de Ciências Sociais Aplicadas de Sinop;MT;301;Privada;;;301-350;10.83;251-300;3.6;201-250;3.89;;;251-300;3.34;;;;;;;;;
2023;odontologia;Centro Universitário Doctum de Teófilo Otoni;MG;301;Privada;;;301-350;10.71;401-500;0.02;301-350;2.69;;;1;8;;;;;;;;;
2023;odontologia;Faculdade de Minas BH;MG;301;Privada;;;301-350;10.97;71;6.85;301-350;2.69;;;351-400;1.43;;;;;;;;;
2023;odontologia;Centro Universitário Mario Pontes Jucá;AL;301;Privada;;;301-350;10.79;301-350;2.67;401-500;0.12;;;1;8;;;;;;;;;
2023;odontologia;Faculdade Anhanguera de São José;SP;301;Privada;;;251-300;11.94;64;6.96;401-500;0.84;;;201-250;4.14;;;;;;;;;
2023;odontologia;Faculdade Verde Norte;MG;301;Privada;;;251-300;11.28;401-500;0.59;301-350;2.69;;;1;8;;;;;;;;;
2023;odontologia;Faculdade Atenas Passos;MG;301;Privada;;;251-300;11.8;401-500;1.11;301-350;2.69;;;1;8;;;;;;;;;
2023;odontologia;Centro Universitário Favip Wyden;PE;301;Privada;;;301-350;10.45;92;6.5;251-300;3.23;;;401-500;0.72;;;;;;;;;
2023;odontologia;Faculdade Unirb - Arapiraca;AL;301;Privada;;;251-300;11.82;251-300;3.7;401-500;0.12;;;1;8;;;;;;;;;
2023;odontologia;Centro Universitário Maurício de Nassau de Caruaru;PE;351;Privada;;;351-400;8.77;251-300;3.53;251-300;3.23;;;351-400;2.01;;;;;;;;;
2023;odontologia;Faculdade Multivix Vila Velha;ES;351;Privada;;;301-350;10.36;401-500;1.11;128;5.91;;;251-300;3.34;;;;;;;;;
2023;odontologia;Faculdade Uninassau Garanhuns;PE;351;Privada;;;351-400;8.13;301-350;2.28;251-300;3.23;;;301-350;2.62;;;;;;;;;
2023;odontologia;Centro Universitário Estácio de Ribeirão Preto;SP;351;Privada;;;301-350;10.37;39;7.37;401-500;0.84;;;301-350;2.16;;;;;;;;;
2023;odontologia;Faculdade União Araruama de Ensino S/s Ltda.;RJ;351;Privada;;;351-400;9.22;351-400;2.14;301-350;2.69;;;201-250;4.39;;;;;;;;;
2023;odontologia;Centro Universitário Vale do Rio Verde;MG;351;Privada;;;351-400;8.29;251-300;3.71;301-350;3.02;;;351-400;1.56;;;;;;;;;
2023;odontologia;Faculdade do Norte de Mato Grosso;MT;351;Privada;;;351-400;8.57;251-300;3.76;201-250;3.89;;;401-500;0.92;;;;;;;;;
2023;odontologia;Centro Universitário FG;BA;351;Privada;;;301-350;9.96;301-350;2.46;301-350;2.69;;;191;4.81;;;;;;;;;
2023;odontologia;Centro Universitário Tiradentes de Pernambuco;PE;351;Privada;;;301-350;10.07;140;5.71;201-250;3.94;;;401-500;0.42;;;;;;;;;
2023;odontologia;Centro Universitário Central Paulista;SP;351;Privada;;;301-350;10;66;6.93;401-500;0.84;;;301-350;2.23;;;;;;;;;
2023;odontologia;Centro Universitário Maurício de Nassau de Campina Grande;PB;351;Privada;;;301-350;10.36;201-250;4.37;301-350;2.94;;;251-300;3.05;;;;;;;;;
2023;odontologia;Centro Universitário das Faculdades Associadas de Ensino;SP;351;Municipal;;;351-400;8.66;188;4.92;401-500;0.4;;;251-300;3.34;;;;;;;;;
2023;odontologia;Faculdade Anhanguera de Sorocaba;SP;351;Privada;;;301-350;10.21;148;5.58;401-500;0.84;;;251-300;3.79;;;;;;;;;
2023;odontologia;Centro Universitário Governador Ozanam Coelho;MG;351;Privada;;;301-350;9.37;201-250;4.47;301-350;2.69;;;301-350;2.21;;;;;;;;;
2023;odontologia;Centro Universitário de Rio Preto;SP;351;Privada;;;301-350;10.14;351-400;1.7;72;6.83;;;351-400;1.61;;;;;;;;;
2023;odontologia;Centro Universitário Cesmac;AL;351;Privada;;;301-350;10.07;251-300;3.55;165;5.3;;;401-500;1.22;;;;;;;;;
2023;odontologia;Faculdade Anhanguera de Taubaté;SP;351;Privada;;;351-400;8.46;138;5.74;401-500;0.84;;;351-400;1.88;;;;;;;;;
2023;odontologia;Centro Universitário Fanor Wyden;CE;351;Privada;;;351-400;9.02;301-350;2.62;167;5.26;;;401-500;1.14;;;;;;;;;
2023;odontologia;Centro Universitário Mais;GO;351;Privada;;;351-400;8.97;351-400;1.47;301-350;2.69;;;191;4.81;;;;;;;;;
2023;odontologia;Instituto Superior de Educação de Caxias;MA;351;Privada;;;351-400;9.26;401-500;0.2;401-500;1.06;;;1;8;;;;;;;;;
2023;odontologia;Faculdade de Integração do Sertão;PE;351;Privada;;;351-400;8.39;351-400;1.72;251-300;3.23;;;251-300;3.44;;;;;;;;;
2023;odontologia;Centro Universitário do Norte;AM;351;Privada;;;351-400;8.3;251-300;3.23;301-350;2.97;;;351-400;2.1;;;;;;;;;
2023;odontologia;Centro Universitário Guairacá;PR;351;Privada;;;301-350;10.17;351-400;2.03;201-250;4.7;;;251-300;3.44;;;;;;;;;
2023;odontologia;Faculdade Anhanguera de Itabuna;BA;351;Privada;;;301-350;9.4;351-400;1.75;301-350;2.69;;;182;4.96;;;;;;;;;
2023;odontologia;Centro Universitário Maurício de Nassau de Fortaleza;CE;351;Privada;;;301-350;10.44;301-350;2.66;167;5.26;;;301-350;2.52;;;;;;;;;
2023;odontologia;Centro Universitário Metropolitano da Amazônia;PA;351;Privada;;;351-400;9.18;194;4.82;401-500;0.35;;;201-250;4.01;;;;;;;;;
2023;odontologia;Faculdades Integradas Rui Barbosa;SP;351;Privada;;;301-350;10.24;401-500;1.4;401-500;0.84;;;1;8;;;;;;;;;
2023;odontologia;Faculdade de Tecnologia e Administração Edufor;MA;351;Privada;;;301-350;9.87;401-500;0.81;401-500;1.06;;;1;8;;;;;;;;;
2023;odontologia;Faculdade SOBRESP de Santa Maria;RS;351;Privada;;;351-400;9.31;301-350;2.97;201-250;4.6;;;351-400;1.74;;;;;;;;;
2023;odontologia;Faculdade Uninassau Belo Horizonte;MG;351;Privada;;;301-350;10.18;251-300;3.7;301-350;2.69;;;251-300;3.79;;;;;;;;;
2023;odontologia;Faculdade Mais de Ituiutaba;MG;351;Privada;;;351-400;8.48;401-500;1.4;301-350;2.69;;;201-250;4.39;;;;;;;;;
2023;odontologia;Faculdade Anhanguera de Rondonópolis;MT;351;Privada;;;301-350;9.39;301-350;2.43;201-250;3.89;;;251-300;3.07;;;;;;;;;
2023;odontologia;Faculdade Cesumar de Londrina;PR;351;Privada;;;301-350;9.44;251-300;3.35;201-250;4.26;;;351-400;1.83;;;;;;;;;
2023;odontologia;Faculdade Presidente Antônio Carlos;TO;351;Privada;;;351-400;8.62;251-300;3.43;201-250;4.27;;;401-500;0.92;;;;;;;;;
2023;odontologia;Centro Universitário Metropolitano de Maringá;PR;351;Privada;;;351-400;8.84;201-250;4.09;201-250;4.26;;;401-500;0.49;;;;;;;;;
2023;odontologia;Centro Universitário de Caratinga;MG;351;Privada;;;351-400;9.06;301-350;2.71;301-350;2.69;;;251-300;3.66;;;;;;;;;
2023;odontologia;Faculdade Uninassau Olinda;PE;351;Privada;;;351-400;8.61;351-400;1.77;251-300;3.23;;;251-300;3.61;;;;;;;;;
2023;odontologia;Centro Universitário de Maceió;AL;351;Privada;;;351-400;9.31;251-300;3.78;201-250;4.37;;;401-500;1.16;;;;;;;;;
2023;odontologia;Faculdade Cecape;CE;351;Privada;;;301-350;9.42;401-500;0.99;167;5.26;;;251-300;3.17;;;;;;;;;
2023;odontologia;Centro Universitário FBV Wyden;PE;351;Privada;;;351-400;9.19;198;4.75;251-300;3.23;;;401-500;1.21;;;;;;;;;
2023;odontologia;Faculdade de Odontologia da Apcd;SP;351;Privada;;;301-350;9.47;91;6.52;401-500;0.84;;;351-400;2.11;;;;;;;;;
2023;odontologia;Faculdade de Teologia, Filosofia e Ciências Humanas Gamaliel;PA;351;Privada;;;351-400;8.61;401-500;0.26;401-500;0.35;;;1;8;;;;;;;;;
2023;odontologia;Faculdade Anhanguera de Jundiaí;SP;351;Privada;;;301-350;10.19;101;6.35;401-500;0.84;;;251-300;3;;;;;;;;;
2023;odontologia;Centro Universitário Maurício de Nassau do Rio de Janeiro;RJ;351;Privada;;;301-350;9.59;201-250;4.12;301-350;2.69;;;301-350;2.78;;;;;;;;;
2023;odontologia;Centro Universitário Estácio de Ji-paraná;RO;351;Privada;;;351-400;8.13;301-350;2.62;251-300;3.43;;;351-400;2.08;;;;;;;;;
2023;odontologia;Faculdade Cnec Santo Ângelo;RS;351;Privada;;;301-350;10.39;135;5.79;201-250;4.6;;;;;;;;;;;;;
2023;odontologia;Faculdade Anhanguera de Anápolis;GO;351;Privada;;;351-400;8.98;301-350;2.28;301-350;2.69;;;201-250;4.01;;;;;;;;;
2023;odontologia;Centro Universitário Estácio de Belo Horizonte;MG;351;Privada;;;301-350;9.88;155;5.46;301-350;2.69;;;351-400;1.73;;;;;;;;;
2023;odontologia;Centro Universitário Unifacig;MG;351;Privada;;;351-400;8.21;351-400;1.44;301-350;2.69;;;201-250;4.08;;;;;;;;;
2023;odontologia;Universidade de Rio Verde;GO;351;Municipal;;;301-350;9.85;351-400;1.98;301-350;2.77;;;174;5.1;;;;;;;;;
2023;odontologia;Centro Universitário Univinte;SC;401;Privada;;;401-500;5.67;401-500;0.73;251-300;3.65;;;401-500;1.29;;;;;;;;;
2023;odontologia;Instituto de Serra Dourada;SP;401;Privada;;;401-500;5.88;301-350;2.62;401-500;0.84;;;301-350;2.42;;;;;;;;;
2023;odontologia;Faculdade Santa Rita de Cássia;GO;401;Privada;;;401-500;5;351-400;1.91;301-350;2.69;;;401-500;0.4;;;;;;;;;
2023;odontologia;Faculdade Adventista da Bahia;BA;401;Privada;;;401-500;4.52;401-500;1.06;301-350;2.69;;;401-500;0.77;;;;;;;;;
2023;odontologia;Centro Universitário Estácio de São Luís;MA;401;Privada;;;401-500;3.81;301-350;2.62;401-500;1.06;;;401-500;0.13;;;;;;;;;
2023;odontologia;Faculdade Fasipe de Rondonópolis;MT;401;Privada;;;351-400;7.92;401-500;0.69;201-250;3.89;;;251-300;3.34;;;;;;;;;
2023;odontologia;Faculdade Vale do Aço;MA;401;Privada;;;401-500;2.56;401-500;0.36;401-500;1.06;;;401-500;1.14;;;;;;;;;
2023;odontologia;Faculdade Independente do Nordeste;BA;401;Privada;;;401-500;7.37;351-400;1.53;201-250;4.36;;;351-400;1.48;;;;;;;;;
2023;odontologia;Centro Universitário de Pato Branco;PR;401;Privada;;;401-500;5.39;401-500;0.76;201-250;4.26;;;401-500;0.37;;;;;;;;;
2023;odontologia;Escola Superior São Francisco de Assis;ES;401;Privada;;;351-400;7.92;351-400;1.67;128;5.91;;;401-500;0.34;;;;;;;;;
2023;odontologia;Faculdades Sulamérica Bahia;BA;401;Privada;;;401-500;2.99;401-500;0.3;301-350;2.69;;;;;;;;;;;;;
2023;odontologia;Centro Universitário da Amazônia;PA;401;Privada;;;401-500;5.25;301-350;2.28;401-500;0.35;;;301-350;2.62;;;;;;;;;
2023;odontologia;Centro Universitário de Viçosa;MG;401;Privada;;;401-500;6.23;351-400;2.13;301-350;2.69;;;351-400;1.41;;;;;;;;;
2023;odontologia;Instituto Macapaense de Ensino Superior;AP;401;Privada;;;401-500;3.67;401-500;0.05;251-300;3.27;;;401-500;0.35;;;;;;;;;
2023;odontologia;Faculdade Uninassau Lauro de Freitas;BA;401;Privada;;;351-400;7.6;351-400;2.19;301-350;2.69;;;301-350;2.72;;;;;;;;;
2023;odontologia;Faculdade Evangélica de Goianésia;GO;401;Privada;;;351-400;7.54;401-500;0.76;301-350;2.69;;;201-250;4.09;;;;;;;;;
2023;odontologia;Centro Universitário Estácio da Bahia;BA;401;Privada;;;401-500;6.28;251-300;3.15;301-350;2.69;;;401-500;0.44;;;;;;;;;
2023;odontologia;Soberana Faculdade de Saúde de Petrolina;PE;401;Privada;;;401-500;7.32;351-400;1.67;251-300;3.23;;;301-350;2.42;;;;;;;;;
2023;odontologia;Centro de Ensino Superior de Ilhéus;BA;401;Privada;;;401-500;5.63;401-500;0.69;201-250;4.4;;;401-500;0.54;;;;;;;;;
2023;odontologia;Faculdade Uninassau Arapiraca;AL;401;Privada;;;401-500;3.28;401-500;0.91;401-500;0.12;;;301-350;2.25;;;;;;;;;
2023;odontologia;Faculdade Unibras da Bahia;BA;401;Privada;;;401-500;7.28;401-500;0.2;301-350;2.69;;;201-250;4.39;;;;;;;;;
2023;odontologia;Faculdades Integradas de Patos;PB;401;Privada;;;401-500;6.58;301-350;3;301-350;2.94;;;401-500;0.64;;;;;;;;;
2023;odontologia;Centro Universitário Maurício de Nassau de Juazeiro do Norte;CE;401;Privada;;;401-500;6.66;401-500;1.4;167;5.26;;;;;;;;;;;;;
2023;odontologia;Libertas - Faculdades Integradas;MG;401;Privada;;;351-400;8.06;351-400;1.81;301-350;2.69;;;251-300;3.56;;;;;;;;;
2023;odontologia;Centro Universitário de Ciências e Tecnologia do Maranhão;MA;401;Privada;;;401-500;4.34;401-500;0.5;401-500;1.06;;;301-350;2.78;;;;;;;;;
2023;odontologia;Faculdade São Francisco de Cajazeiras;PB;401;Privada;;;401-500;6.69;351-400;2.11;301-350;2.94;;;351-400;1.64;;;;;;;;;
2023;odontologia;Faculdade de Odontologia de Manaus;AM;401;Privada;;;401-500;0.3;401-500;0.12;401-500;0.05;;;401-500;0.13;;;;;;;;;
2023;odontologia;Centro Universitário Campo Limpo Paulista;SP;401;Privada;;;401-500;2.89;401-500;0.59;401-500;0.84;;;351-400;1.46;;;;;;;;;
2023;odontologia;Faculdade Estácio São Paulo de Rondônia;RO;401;Privada;;;401-500;5.26;401-500;0.69;251-300;3.43;;;401-500;1.14;;;;;;;;;
2023;odontologia;Centro Universitário Ceuni;AM;401;Privada;;;401-500;4.86;351-400;1.42;401-500;0.05;;;251-300;3.39;;;;;;;;;
2023;odontologia;Universidade Municipal de São Caetano do Sul;SP;401;Municipal;;;401-500;7.43;106;6.27;401-500;0.4;;;401-500;0.76;;;;;;;;;
2023;odontologia;Universidade do Planalto Catarinense;SC;401;Privada;;;401-500;7.44;351-400;1.55;201-250;4.65;;;401-500;1.24;;;;;;;;;
2023;odontologia;Faculdade de Campina Grande;PB;401;Privada;;;401-500;4.34;401-500;1.4;301-350;2.94;;;;;;;;;;;;;
2023;odontologia;Centro Universitário Maurício de Nassau Paulista;PE;401;Privada;;;401-500;7.42;351-400;2.11;251-300;3.23;;;351-400;2.08;;;;;;;;;
2023;odontologia;Centro Universitário Maurício de Nassau de Maceió;AL;401;Privada;;;401-500;5.16;301-350;2.62;401-500;0.12;;;301-350;2.42;;;;;;;;;
2023;odontologia;Faculdade Santo Antonio BA;BA;401;Privada;;;401-500;4.09;401-500;1.4;301-350;2.69;;;;;;;;;;;;;
2023;odontologia;Instituto Esperança de Ensino Superior;PA;401;Privada;;;401-500;0.91;401-500;0.31;401-500;0.35;;;401-500;0.25;;;;;;;;;
2023;odontologia;Centro Universitário Brasileiro;PE;401;Privada;;;401-500;6.14;351-400;1.95;251-300;3.23;;;401-500;0.96;;;;;;;;;
2023;odontologia;Universidade de Sorocaba;SP;401;Privada;;;401-500;7.45;123;5.99;401-500;0.84;;;401-500;0.62;;;;;;;;;
2023;odontologia;Centro Universitário do Instituto de Educação Superior de Brasília;DF;401;Privada;;;351-400;7.7;301-350;2.41;189;4.9;;;401-500;0.39;;;;;;;;;
2023;odontologia;Faculdade de Ciências e Tecnologia de Janaúba;MG;401;Privada;;;401-500;4.18;401-500;0.63;301-350;2.69;;;401-500;0.86;;;;;;;;;
2023;odontologia;Centro Universitário Fibra;PA;401;Privada;;;351-400;8.08;201-250;4.54;401-500;0.35;;;251-300;3.19;;;;;;;;;
2023;odontologia;Faculdade Uninassau Vitória da Conquista;BA;401;Privada;;;401-500;6.71;351-400;1.6;301-350;2.69;;;301-350;2.42;;;;;;;;;
2023;odontologia;Faculdades Integradas da América do Sul;GO;401;Privada;;;401-500;4.21;351-400;1.52;301-350;2.69;;;;;;;;;;;;;
2023;odontologia;Centro Universitário Estácio Meta de Rio Branco Estácio;AC;401;Privada;;;401-500;5.29;401-500;0.21;201-250;3.94;;;401-500;1.14;;;;;;;;;
2023;odontologia;Faculdade Unibrasília Sul;DF;401;Privada;;;401-500;6.55;401-500;0.07;189;4.9;;;351-400;1.58;;;;;;;;;
2023;odontologia;Faculdade de Guarulhos;SP;401;Privada;;;401-500;2.91;401-500;1.4;401-500;0.84;;;401-500;0.67;;;;;;;;;
2023;odontologia;Universidade de Gurupi;TO;401;Municipal;;;401-500;0.97;401-500;0.81;401-500;0.13;;;401-500;0.03;;;;;;;;;
2023;odontologia;Centro Universitário Fluminense;RJ;401;Privada;;;401-500;5.45;401-500;0.51;301-350;2.74;;;301-350;2.2;;;;;;;;;
2023;odontologia;UGV Centro Universitário;PR;401;Privada;;;401-500;6.16;401-500;0.64;201-250;4.26;;;401-500;1.26;;;;;;;;;
2023;odontologia;Faculdade Uninorte Marabá;PA;401;Privada;;;401-500;0.94;401-500;0.59;401-500;0.35;;;;;;;;;;;;;
2023;odontologia;Faculdade Unibras do Norte Goiano;GO;401;Privada;;;401-500;6.06;401-500;0.03;301-350;2.69;;;251-300;3.34;;;;;;;;;
2023;odontologia;Faculdade da Amazônia de Porto Velho;RO;401;Privada;;;401-500;5.62;401-500;0.36;251-300;3.43;;;351-400;1.83;;;;;;;;;
2023;odontologia;Centro Universitário da Amazônia Belém;PA;401;Privada;;;401-500;7.27;251-300;3.46;401-500;0.35;;;251-300;3.46;;;;;;;;;
2023;odontologia;Instituto Serra Dourada;PA;401;Privada;;;401-500;3.68;401-500;0.81;401-500;0.35;;;301-350;2.52;;;;;;;;;
2023;odontologia;Faculdade Empresarial de Chapecó;SC;401;Privada;;;401-500;4.18;401-500;0.46;251-300;3.65;;;401-500;0.07;;;;;;;;;
2023;odontologia;Faculdade Metropolitana de Anápolis;GO;401;Privada;;;401-500;7.37;401-500;1.02;301-350;2.69;;;251-300;3.66;;;;;;;;;
2023;odontologia;Centro Universitário Fai;SC;401;Privada;;;401-500;4.37;401-500;0.4;251-300;3.65;;;401-500;0.32;;;;;;;;;
2023;odontologia;Faculdade Minas Gerais;MG;401;Privada;;;401-500;4.09;401-500;1.4;301-350;2.69;;;;;;;;;;;;;
2023;odontologia;Centro Universitário Presidente Antônio Carlos;MG;401;Privada;;;401-500;7.16;401-500;0.46;301-350;2.69;;;201-250;4.01;;;;;;;;;
2023;odontologia;Faculdade Ideal Wyden;PA;401;Privada;;;401-500;6.11;201-250;4.47;401-500;0.35;;;401-500;1.29;;;;;;;;;
2023;odontologia;Universidade Santa Úrsula;RJ;401;Privada;;;401-500;7.18;251-300;3.35;301-350;2.69;;;401-500;1.14;;;;;;;;;
2023;odontologia;Faculdade do Amazonas;AM;401;Privada;;;401-500;5.32;351-400;2.01;401-500;0.86;;;301-350;2.45;;;;;;;;;
2023;odontologia;Faculdade Unibras do Maranhão;MA;401;Privada;;;401-500;3.68;401-500;0.2;401-500;1.06;;;301-350;2.42;;;;;;;;;
2023;odontologia;Faculdade Estácio do Pantanal;MT;401;Privada;;;401-500;6.31;401-500;0.59;201-250;3.89;;;351-400;1.83;;;;;;;;;
2023;odontologia;Faculdade Rebouças de Campina Grande;PB;401;Privada;;;351-400;7.99;401-500;0.2;301-350;2.94;;;189;4.85;;;;;;;;;
2023;odontologia;Faculdade Anhanguera de Teixeira de Freitas;BA;401;Privada;;;351-400;7.59;301-350;2.28;301-350;2.69;;;301-350;2.62;;;;;;;;;
2023;odontologia;Faculdade de Apucarana;PR;401;Privada;;;401-500;6.8;401-500;1.01;201-250;4.26;;;351-400;1.53;;;;;;;;;
2023;odontologia;Faculdade de Iporá;GO;401;Privada;;;401-500;3.63;401-500;0.1;301-350;2.69;;;401-500;0.84;;;;;;;;;
2023;odontologia;Unama Faculdade da Amazônia de Boa Vista;RR;401;Privada;;;401-500;6.87;301-350;2.62;401-500;0.46;;;251-300;3.79;;;;;;;;;
2023;odontologia;Centro Universitário Brasília do Estado de Goiás;GO;401;Privada;;;401-500;6.76;401-500;0.73;301-350;2.69;;;251-300;3.34;;;;;;;;;
2023;odontologia;Faculdade Integrada de Ponta Grossa;PR;401;Privada;;;401-500;7.49;351-400;1.85;201-250;4.26;;;351-400;1.38;;;;;;;;;
2023;odontologia;Centro Universitário do Vale do Araguaia;MT;401;Privada;;;401-500;6.92;401-500;1.4;201-250;3.89;;;351-400;1.63;;;;;;;;;
2023;odontologia;Instituto Tocantinense Presidente Antonio Carlos;TO;401;Privada;;;401-500;6.16;251-300;3.2;401-500;0.43;;;301-350;2.53;;;;;;;;;
2023;odontologia;Centro Universitário Unibras do Sudoeste Goiano;GO;401;Privada;;;401-500;7.34;401-500;0.41;301-350;2.69;;;201-250;4.24;;;;;;;;;
2023;odontologia;Centro Universitário Nossa Senhora do Patrocínio;SP;401;Privada;;;401-500;6.49;161;5.36;401-500;0.84;;;401-500;0.29;;;;;;;;;
2023;odontologia;Faculdade de Ciências do Tocantins;TO;401;Privada;;;401-500;2.82;301-350;2.31;401-500;0.43;;;401-500;0.08;;;;;;;;;
2023;odontologia;Centro Universitário Unisep;PR;401;Privada;;;401-500;6.53;401-500;1.4;201-250;4.26;;;401-500;0.87;;;;;;;;;
2023;odontologia;Centro Universitário Presidente Tancredo de Almeida Neves;MG;401;Privada;;;401-500;5.93;401-500;0.96;301-350;2.69;;;301-350;2.28;;;;;;;;;
2023;odontologia;Universidade da Amazônia;PA;401;Privada;;;401-500;5.87;301-350;2.87;401-500;0.35;;;301-350;2.65;;;;;;;;;
2023;odontologia;Unama Faculdade da Amazônia de Macapá;AP;401;Privada;;;401-500;6.86;401-500;0.59;251-300;3.27;;;251-300;3;;;;;;;;;
2023;odontologia;Faculdade Presidente Antônio Carlos de Teófilo Otoni;MG;401;Privada;;;401-500;4.42;351-400;1.6;301-350;2.69;;;401-500;0.13;;;;;;;;;
2023;odontologia;Faculdade Maurício de Nassau de Imperatriz;MA;401;Privada;;;401-500;5.46;401-500;1.4;401-500;1.06;;;251-300;3;;;;;;;;;
2023;odontologia;Faculdade Uninorte;AM;401;Privada;;;401-500;6.27;251-300;3.5;401-500;0.05;;;301-350;2.72;;;;;;;;;
2023;odontologia;Centro Universitário Ritter dos Reis;RS;401;Privada;;;351-400;7.54;401-500;1.11;201-250;4.6;;;351-400;1.83;;;;;;;;;
2024;odontologia;Universidade de São Paulo;SP;1;Estadual;1;36;1;63.57;;;27;7.61;;;1;8;;;4;7.96;1;40;;;
2024;odontologia;Universidade Estadual de Campinas;SP;2;Estadual;2;35.76;2;62.6;;;27;7.61;;;1;8;;;5;7.94;2;39.05;;;
2024;odontologia;Universidade Estadual Paulista Júlio de Mesquita Filho;SP;3;Estadual;2;35.76;3;61.75;;;24;7.65;;;1;8;;;1;8;3;38.1;;;
2024;odontologia;Universidade Federal de Minas Gerais;MG;4;Federal;2;35.76;4;60.96;;;4;7.96;;;1;8;;;10;7.86;4;37.14;;;
2024;odontologia;Universidade Federal do Rio Grande do Sul;RS;5;Federal;6;34.82;5;60.1;;;2;7.99;;;1;8;;;6;7.92;5;36.19;;;
2024;odontologia;Universidade Federal do Rio de Janeiro;RJ;6;Federal;6;34.82;8;57.51;;;35;7.49;;;1;8;;;19;7.73;7;34.29;;;
2024;odontologia;Faculdade São Leopoldo Mandic;SP;7;Privada;2;35.76;9;56.39;;;60;7.11;;;170;5.42;;;23;7.67;5;36.19;;;
2024;odontologia;Universidade Federal de Santa Catarina;SC;8;Federal;15;32.68;6;57.87;;;23;7.67;;;1;8;;;7;7.91;7;34.29;;;
2024;odontologia;Universidade Federal do Rio Grande do Norte;RN;9;Federal;38;27.24;7;57.62;;;12;7.83;;;1;8;;;34;7.5;7;34.29;;;
2024;odontologia;Universidade Estadual de Maringá;PR;10;Estadual;15;32.68;11;52.16;;;20;7.71;;;1;8;;;9;7.88;13;28.57;;;
2024;odontologia;Universidade Federal Fluminense;RJ;11;Federal;15;32.68;12;52.13;;;13;7.82;;;1;8;;;18;7.74;13;28.57;;;
2024;odontologia;Universidade Federal do Ceará;CE;12;Federal;15;32.68;13;52.07;;;6;7.92;;;1;8;;;29;7.58;13;28.57;;;
2024;odontologia;Universidade Federal do Paraná;PR;13;Federal;6;34.82;25;49.9;;;14;7.8;;;153;5.68;;;11;7.85;13;28.57;;;
2024;odontologia;Universidade Federal de Goiás;GO;14;Federal;15;32.68;14;52.02;;;18;7.74;;;1;8;;;20;7.71;13;28.57;;;
2024;odontologia;Universidade de Brasília;DF;15;Federal;15;32.68;15;51.92;;;10;7.86;;;1;8;;;35;7.49;13;28.57;;;
2024;odontologia;Universidade Estadual de Londrina;PR;16;Estadual;15;32.68;16;51.91;;;33;7.52;;;1;8;;;13;7.82;13;28.57;;;
2024;odontologia;Universidade Federal de Uberlândia;MG;17;Federal;15;32.68;18;51.75;;;34;7.5;;;1;8;;;22;7.68;13;28.57;;;
2024;odontologia;Universidade Federal de Alfenas;MG;18;Federal;15;32.68;19;51.73;;;41;7.39;;;1;8;;;16;7.77;13;28.57;;;
2024;odontologia;Universidade do Estado do Rio de Janeiro;RJ;19;Estadual;6;34.82;26;48.89;;;11;7.85;;;193;5.06;;;40;7.41;13;28.57;;;
2024;odontologia;Universidade Federal de Pelotas;RS;20;Federal;38;27.24;10;55.92;;;29;7.58;;;1;8;;;130;6.05;7;34.29;;;
2024;odontologia;Universidade Paulista;SP;21;Privada;6;34.82;30;44.22;;;45;7.33;;;301-350;3.27;;;196;5.05;13;28.57;;;
2024;odontologia;Universidade Federal de Pernambuco;PE;22;Federal;38;27.24;17;51.78;;;22;7.68;;;1;8;;;32;7.53;13;28.57;;;
2024;odontologia;Universidade de Ribeirão Preto;SP;23;Privada;38;27.24;20;51.69;;;121;6.18;;;251-300;3.66;;;30;7.56;7;34.29;;;
2024;odontologia;Universidade de Passo Fundo;RS;24;Privada;15;32.68;27;46.07;;;56;7.17;;;251-300;4.13;;;120;6.2;13;28.57;;;
2024;odontologia;Universidade Estadual do Sudoeste da Bahia;BA;25;Estadual;38;27.24;22;50.87;;;30;7.56;;;1;8;;;84;6.74;13;28.57;;;
2024;odontologia;Pontifícia Universidade Católica de Minas Gerais;MG;25;Privada;6;34.82;34;43.29;;;68;6.99;;;351-400;1.93;;;146;5.8;13;28.57;;;
2024;odontologia;Universidade José do Rosário Velano;MG;27;Privada;38;27.24;23;50.82;;;85;6.73;;;201-250;4.59;;;185;5.21;7;34.29;;;
2024;odontologia;Centro Universitário Christus;CE;28;Privada;38;27.24;24;50.18;;;36;7.47;;;1;8;;;124;6.14;13;28.57;;;
2024;odontologia;Universidade Santo Amaro;SP;29;Privada;15;32.68;28;44.45;;;201-250;4.5;;;195;5.03;;;110;6.35;13;28.57;;;
2024;odontologia;Pontifícia Universidade Católica de Campinas;SP;30;Privada;15;32.68;36;42.59;;;98;6.53;;;401-500;0.46;;;65;7.03;13;28.57;;;
2024;odontologia;Universidade Católica de Brasília;DF;31;Privada;15;32.68;40;39.65;;;118;6.23;;;401-500;0.96;;;251-300;3.89;13;28.57;;;
2024;odontologia;Universidade de Uberaba;MG;32;Privada;15;32.68;41;38.94;;;108;6.38;;;401-500;1.13;;;301-350;2.86;13;28.57;;;
2024;odontologia;Universidade Tuiuti do Paraná;PR;33;Privada;38;27.24;31;43.97;;;116;6.26;;;351-400;2.59;;;97;6.55;13;28.57;;;
2024;odontologia;Faculdade de Enfermagem Nova Esperança de Mossoró;RN;34;Privada;38;27.24;33;43.68;;;122;6.17;;;1;8;;;401-500;0.94;13;28.57;;;
2024;odontologia;Universidade Potiguar;RN;35;Privada;38;27.24;39;41.93;;;122;6.17;;;251-300;3.69;;;251-300;3.5;13;28.57;;;
2024;odontologia;Universidade Federal da Bahia;BA;36;Federal;6;34.82;46;23.4;;;9;7.88;;;1;8;;;33;7.52;;;;;
2024;odontologia;Universidade Estadual de Ponta Grossa;PR;37;Estadual;15;32.68;50;23.06;;;43;7.36;;;1;8;;;21;7.7;;;;;
2024;odontologia;Universidade de Pernambuco;PE;38;Estadual;15;32.68;54;22.91;;;38;7.44;;;1;8;;;36;7.47;;;;;
2024;odontologia;Universidade Positivo;PR;39;Privada;15;32.68;66;20.07;;;81;6.79;;;179;5.28;;;1;8;;;;;
2024;odontologia;Escola Bahiana de Medicina e Saúde Pública;BA;40;Privada;15;32.68;70;19.99;;;62;7.08;;;1;8;;;201-250;4.91;;;;;
2024;odontologia;Pontifícia Universidade Católica do Rio Grande do Sul;RS;41;Privada;6;34.82;114;16.62;;;37;7.46;;;351-400;2.1;;;63;7.06;;;;;
2024;odontologia;Universidade do Estado do Rio Grande do Norte;RN;42;Estadual;;;21;51.1;;;46;7.32;;;1;8;;;53;7.21;13;28.57;;;
2024;odontologia;Universidade Federal de Santa Maria;RS;43;Federal;38;27.24;43;23.77;;;5;7.94;;;1;8;;;12;7.83;;;;;
2024;odontologia;Universidade Federal do Espírito Santo;ES;44;Federal;38;27.24;44;23.65;;;17;7.76;;;1;8;;;8;7.89;;;;;
2024;odontologia;Universidade Federal da Paraíba;PB;45;Federal;38;27.24;45;23.59;;;15;7.79;;;1;8;;;14;7.8;;;;;
2024;odontologia;Universidade Nove de Julho;SP;46;Privada;6;34.82;141;15.84;;;91;6.64;;;301-350;3.24;;;136;5.96;;;;;
2024;odontologia;Universidade Estadual do Oeste do Paraná;PR;47;Estadual;38;27.24;47;23.34;;;21;7.7;;;1;8;;;25;7.64;;;;;
2024;odontologia;Universidade Federal do Pará;PA;48;Federal;38;27.24;48;23.17;;;40;7.41;;;1;8;;;17;7.76;;;;;
2024;odontologia;Universidade Federal do Amazonas;AM;49;Federal;38;27.24;49;23.15;;;1;8;;;1;8;;;57;7.15;;;;;
2024;odontologia;Universidade Federal de Alagoas;AL;50;Federal;38;27.24;51;23;;;7;7.91;;;1;8;;;61;7.09;;;;;
2024;odontologia;Universidade Federal dos Vales do Jequitinhonha e Mucuri;MG;51;Federal;38;27.24;52;22.95;;;47;7.3;;;1;8;;;24;7.65;;;;;
2024;odontologia;Universidade Federal de Juiz de Fora;MG;52;Federal;38;27.24;53;22.92;;;26;7.62;;;1;8;;;47;7.3;;;;;
2024;odontologia;Universidade Federal do Maranhão;MA;53;Federal;38;27.24;55;22.77;;;42;7.38;;;1;8;;;41;7.39;;;;;
2024;odontologia;Universidade Estadual do Norte do Paraná;PR;54;Estadual;38;27.24;56;22.67;;;48;7.29;;;1;8;;;42;7.38;;;;;
2024;odontologia;Universidade Federal de Campina Grande;PB;55;Federal;38;27.24;57;22.56;;;39;7.42;;;1;8;;;58;7.14;;;;;
2024;odontologia;Universidade Federal de Sergipe;SE;56;Federal;38;27.24;58;22.51;;;57;7.15;;;1;8;;;43;7.36;;;;;
2024;odontologia;Universidade Federal do Piauí;PI;57;Federal;38;27.24;59;22.38;;;8;7.89;;;1;8;;;101;6.49;;;;;
2024;odontologia;Pontifícia Universidade Católica do Paraná;PR;58;Privada;15;32.68;120;16.43;;;90;6.65;;;351-400;2.52;;;50;7.26;;;;;
2024;odontologia;Universidade Estadual de Montes Claros;MG;59;Estadual;38;27.24;60;21.74;;;82;6.77;;;1;8;;;69;6.97;;;;;
2024;odontologia;Universidade de Fortaleza;CE;60;Privada;15;32.68;130;16.22;;;49;7.27;;;301-350;3.09;;;142;5.86;;;;;
2024;odontologia;Universidade Luterana do Brasil;RS;61;Privada;15;32.68;151;15.47;;;109;6.36;;;201-250;4.9;;;251-300;4.21;;;;;
2024;odontologia;Universidade do Estado do Amazonas;AM;62;Estadual;38;27.24;67;20.06;;;69;6.97;;;1;8;;;193;5.09;;;;;
2024;odontologia;Centro Universitário Newton Paiva;MG;63;Privada;15;32.68;192;14.27;;;144;5.83;;;301-350;2.83;;;159;5.61;;;;;
2024;odontologia;Universidade Estadual de Feira de Santana;BA;64;Estadual;38;27.24;75;19.31;;;19;7.73;;;1;8;;;251-300;3.58;;;;;
2024;odontologia;Universidade do Oeste Paulista;SP;65;Privada;38;27.24;84;18.27;;;25;7.64;;;201-250;4.34;;;114;6.29;;;;;
2024;odontologia;Centro Universitário São José;RJ;66;Privada;38;27.24;89;17.81;;;143;5.85;;;201-250;4.67;;;48;7.29;;;;;
2024;odontologia;Centro Universitário do Estado do Pará;PA;67;Privada;38;27.24;91;17.76;;;73;6.91;;;201-250;4.47;;;108;6.38;;;;;
2024;odontologia;Universidade Cesumar;PR;68;Privada;38;27.24;93;17.61;;;106;6.41;;;251-300;3.87;;;45;7.33;;;;;
2024;odontologia;Universidade Estadual da Paraíba;PB;69;Estadual;38;27.24;95;17.53;;;71;6.94;;;1;8;;;351-400;2.59;;;;;
2024;odontologia;Faculdade de Ciências Odontológicas;MG;70;Privada;;;29;44.24;;;301-350;3.09;;;1;8;;;201-250;4.58;13;28.57;;;
2024;odontologia;Centro Universitário Arthur Sá Earp Neto;RJ;71;Privada;38;27.24;105;16.89;;;31;7.55;;;175;5.34;;;251-300;4;;;;;
2024;odontologia;Centro Universitário Sagrado Coração;SP;72;Privada;38;27.24;109;16.8;;;153;5.7;;;251-300;3.49;;;27;7.61;;;;;
2024;odontologia;Universidade Cruzeiro do Sul;SP;73;Privada;38;27.24;116;16.62;;;201-250;4.59;;;201-250;4.85;;;55;7.18;;;;;
2024;odontologia;Faculdade de Ciências Médicas e da Saúde de Juiz de Fora;MG;73;Privada;38;27.24;116;16.62;;;79;6.82;;;301-350;2.78;;;66;7.02;;;;;
2024;odontologia;Universidade Franciscana;RS;75;Privada;;;32;43.7;;;201-250;4.8;;;201-250;4.56;;;148;5.77;13;28.57;;;
2024;odontologia;Universidade Anhanguera de São Paulo;SP;76;Privada;38;27.24;122;16.42;;;114;6.29;;;201-250;4.42;;;152;5.71;;;;;
2024;odontologia;Centro Universitário de Várzea Grande;MT;77;Privada;38;27.24;126;16.28;;;189;5.15;;;152;5.69;;;170;5.44;;;;;
2024;odontologia;Centro Universitário Facol;PE;78;Privada;38;27.24;128;16.23;;;301-350;3.41;;;1;8;;;201-250;4.82;;;;;
2024;odontologia;Universidade de Vassouras;RJ;79;Privada;38;27.24;133;16.05;;;76;6.86;;;150;5.72;;;251-300;3.47;;;;;
2024;odontologia;Universidade Santa Cecília;SP;80;Privada;38;27.24;135;16.01;;;105;6.42;;;201-250;4.21;;;174;5.38;;;;;
2024;odontologia;Universidade Evangélica de Goiás;GO;81;Privada;38;27.24;145;15.77;;;58;7.14;;;162;5.54;;;301-350;3.09;;;;;
2024;odontologia;Universidade do Grande Rio Professor José de Souza Herdy;RJ;82;Privada;38;27.24;147;15.75;;;150;5.74;;;147;5.77;;;201-250;4.24;;;;;
2024;odontologia;Universidade Pitágoras Unopar Anhanguera;PR;83;Privada;38;27.24;148;15.72;;;155;5.67;;;251-300;3.78;;;115;6.27;;;;;
2024;odontologia;Universidade de Franca;SP;83;Privada;;;35;42.96;;;89;6.67;;;351-400;2.36;;;175;5.36;13;28.57;;;
2024;odontologia;Universidade de Mogi das Cruzes;SP;85;Privada;38;27.24;149;15.7;;;51;7.24;;;251-300;4.02;;;201-250;4.44;;;;;
2024;odontologia;Centro Universitário do Triângulo;MG;86;Privada;15;32.68;301-350;10.12;;;190;5.14;;;301-350;2.92;;;351-400;2.06;;;;;
2024;odontologia;Universidade de Marília;SP;87;Privada;38;27.24;153;15.44;;;66;7.02;;;201-250;4.3;;;251-300;4.12;;;;;
2024;odontologia;Universidade de Caxias do Sul;RS;88;Privada;38;27.24;156;15.34;;;83;6.76;;;351-400;2.16;;;105;6.42;;;;;
2024;odontologia;Universidade de Cuiabá;MT;88;Privada;38;27.24;155;15.34;;;183;5.24;;;160;5.57;;;201-250;4.53;;;;;
2024;odontologia;Centro Universitário Maria Milza;BA;90;Privada;38;27.24;158;15.31;;;99;6.52;;;1;8;;;401-500;0.79;;;;;
2024;odontologia;Centro Universitário Doutor Leão Sampaio;CE;91;Privada;;;37;42.35;;;44;7.35;;;251-300;3.67;;;301-350;2.76;13;28.57;;;
2024;odontologia;Universidade Católica de Pelotas;RS;92;Privada;38;27.24;164;15.04;;;201-250;4.8;;;201-250;4.36;;;141;5.88;;;;;
2024;odontologia;Universidade do Vale do Itajaí;SC;93;Privada;38;27.24;177;14.88;;;50;7.26;;;301-350;2.94;;;201-250;4.68;;;;;
2024;odontologia;Centro Universitário Alfredo Nasser;GO;94;Privada;;;38;42.01;;;301-350;3.09;;;1;8;;;351-400;2.35;13;28.57;;;
2024;odontologia;Centro Universitário Braz Cubas;SP;95;Privada;38;27.24;180;14.75;;;65;7.03;;;351-400;2.25;;;168;5.47;;;;;
2024;odontologia;Universidade Ceuma;MA;96;Privada;38;27.24;181;14.64;;;120;6.2;;;251-300;3.58;;;201-250;4.86;;;;;
2024;odontologia;Centro Universitário Faesa;ES;97;Privada;38;27.24;182;14.62;;;64;7.05;;;190;5.11;;;351-400;2.46;;;;;
2024;odontologia;Centro Universitário Católica do Leste de Minas Gerais;MG;98;Privada;38;27.24;189;14.32;;;113;6.3;;;251-300;3.43;;;201-250;4.59;;;;;
2024;odontologia;Faculdade Herrero;PR;99;Privada;38;27.24;196;14.22;;;201-250;4.44;;;161;5.55;;;201-250;4.23;;;;;
2024;odontologia;Centro Universitário Euro-americano;DF;100;Privada;38;27.24;198;14.16;;;93;6.61;;;351-400;1.96;;;160;5.59;;;;;
2024;odontologia;Centro Universitário de João Pessoa;PB;101;Privada;38;27.24;199;14.14;;;156;5.65;;;154;5.66;;;301-350;2.83;;;;;
2024;odontologia;Universidade de Santa Cruz do Sul;RS;102;Privada;38;27.24;201-250;14.1;;;86;6.71;;;351-400;2.62;;;201-250;4.77;;;;;
2024;odontologia;Centro Universitário da Fundação Herminio Ometto;SP;103;Privada;38;27.24;201-250;13.96;;;70;6.96;;;401-500;0.64;;;109;6.36;;;;;
2024;odontologia;Universidade de Araraquara;SP;104;Privada;38;27.24;201-250;13.91;;;201-250;4.83;;;401-500;1.29;;;15;7.79;;;;;
2024;odontologia;Universidade Metodista de São Paulo;SP;105;Privada;38;27.24;201-250;13.76;;;145;5.82;;;401-500;1.68;;;116;6.26;;;;;
2024;odontologia;Universidade Cidade de São Paulo;SP;106;Privada;38;27.24;201-250;13.6;;;115;6.27;;;351-400;2.45;;;201-250;4.88;;;;;
2024;odontologia;Universidade do Vale do Paraíba;SP;107;Privada;38;27.24;201-250;13.45;;;97;6.55;;;501-600;0.29;;;93;6.61;;;;;
2024;odontologia;Centro Universitário de Lavras;MG;108;Privada;38;27.24;201-250;13.29;;;54;7.2;;;351-400;2.03;;;251-300;4.06;;;;;
2024;odontologia;Universidade Veiga de Almeida;RJ;109;Privada;38;27.24;201-250;13.21;;;63;7.06;;;401-500;0.73;;;171;5.42;;;;;
2024;odontologia;Centro Universitário de Adamantina;SP;110;Municipal;38;27.24;201-250;13.17;;;201-250;4.82;;;351-400;2.23;;;125;6.12;;;;;
2024;odontologia;Centro Universitário Funvic;SP;111;Privada;38;27.24;201-250;12.96;;;95;6.58;;;301-350;3.3;;;301-350;3.08;;;;;
2024;odontologia;Centro Universitário Maurício de Nassau;PE;112;Privada;38;27.24;201-250;12.94;;;148;5.77;;;251-300;3.64;;;251-300;3.53;;;;;
2024;odontologia;Centro Universitário Tabosa de Almeida;PE;113;Privada;38;27.24;201-250;12.79;;;61;7.09;;;401-500;0.67;;;197;5.03;;;;;
2024;odontologia;Faculdade Anhanguera de Belo Horizonte;MG;114;Privada;38;27.24;201-250;12.58;;;301-350;3.09;;;251-300;3.84;;;156;5.65;;;;;
2024;odontologia;Centro Universitário da Amazônia - UNIESAMAZ;PA;115;Privada;38;27.24;251-300;12.41;;;501-600;0.39;;;1;8;;;251-300;4.02;;;;;
2024;odontologia;Faculdade Anhanguera de Poços de Caldas;MG;116;Privada;38;27.24;251-300;12.4;;;301-350;3.09;;;201-250;4.93;;;201-250;4.38;;;;;
2024;odontologia;Centro Universitário Anhanguera de São Paulo;SP;117;Privada;38;27.24;251-300;12.29;;;401-500;0.97;;;201-250;4.53;;;81;6.79;;;;;
2024;odontologia;Centro Universitário Maurício de Nassau de Natal;RN;118;Privada;38;27.24;251-300;12.09;;;122;6.17;;;301-350;2.68;;;301-350;3.24;;;;;
2024;odontologia;Centro Universitário São Lucas;RO;119;Privada;38;27.24;251-300;12.03;;;96;6.56;;;251-300;3.79;;;401-500;1.68;;;;;
2024;odontologia;Universidade Estácio de Sá;RJ;120;Privada;38;27.24;251-300;12.01;;;201-250;4.94;;;401-500;1.1;;;135;5.97;;;;;
2024;odontologia;Universidade de Taubaté;SP;121;Municipal;38;27.24;251-300;11.83;;;501-600;0.42;;;201-250;4.76;;;90;6.65;;;;;
2024;odontologia;Universidade do Sul de Santa Catarina;SC;122;Privada;38;27.24;251-300;11.82;;;192;5.11;;;351-400;2.22;;;201-250;4.49;;;;;
2024;odontologia;Universidade Metropolitana de Santos;SP;123;Privada;38;27.24;251-300;11.71;;;251-300;3.82;;;301-350;3.37;;;201-250;4.52;;;;;
2024;odontologia;Universidade Regional de Blumenau;SC;124;Municipal;38;27.24;251-300;11.68;;;142;5.86;;;401-500;0.9;;;201-250;4.92;;;;;
2024;odontologia;Faculdade Anhanguera de Campinas;SP;125;Privada;38;27.24;251-300;11.64;;;401-500;0.97;;;201-250;4.94;;;151;5.73;;;;;
2024;odontologia;Centro Universitário do Distrito Federal;DF;126;Privada;38;27.24;251-300;11.62;;;111;6.33;;;401-500;1.5;;;251-300;3.79;;;;;
2024;odontologia;Faculdade Sete Lagoas;MG;127;Privada;38;27.24;251-300;11.41;;;118;6.23;;;401-500;1.15;;;251-300;4.03;;;;;
2024;odontologia;Faculdade Anhanguera de Uberlândia;MG;128;Privada;38;27.24;301-350;11.31;;;301-350;3.09;;;201-250;4.48;;;251-300;3.74;;;;;
2024;odontologia;Centro Universitário Cesuca;RS;129;Privada;38;27.24;301-350;11.04;;;201-250;4.8;;;401-500;0.54;;;153;5.7;;;;;
2024;odontologia;Centro Universitário Maurício de Nassau de Cacoal;RO;130;Privada;38;27.24;301-350;10.95;;;201-250;4.61;;;201-250;4.54;;;401-500;1.8;;;;;
2024;odontologia;Centro Universitário Fametro;CE;131;Privada;38;27.24;301-350;10.63;;;169;5.46;;;301-350;2.91;;;351-400;2.26;;;;;
2024;odontologia;Centro Universitário do Norte de São Paulo;SP;132;Privada;38;27.24;301-350;10.58;;;401-500;1.2;;;178;5.29;;;251-300;4.09;;;;;
2024;odontologia;Centro Universitário das Faculdades Metropolitanas Unidas;SP;133;Privada;38;27.24;301-350;10.42;;;185;5.21;;;401-500;0.47;;;201-250;4.74;;;;;
2024;odontologia;Faculdade Anhanguera de Ipatinga;MG;134;Privada;38;27.24;301-350;10.41;;;301-350;3.09;;;191;5.09;;;351-400;2.23;;;;;
2024;odontologia;Centro Universitário Cesmac;AL;135;Privada;38;27.24;301-350;10.18;;;167;5.49;;;401-500;1.07;;;251-300;3.62;;;;;
2024;odontologia;Centro Universitário da Serra Gaúcha;RS;136;Privada;38;27.24;301-350;10.17;;;87;6.7;;;501-600;0.32;;;301-350;3.15;;;;;
2024;odontologia;Faculdade Morgana Potrich;GO;137;Privada;38;27.24;301-350;10.13;;;251-300;3.8;;;156;5.63;;;401-500;0.7;;;;;
2024;odontologia;Pontifícia Universidade Católica de Goiás;GO;138;Privada;38;27.24;351-400;10.08;;;301-350;3.09;;;401-500;0.75;;;117;6.24;;;;;
2024;odontologia;Universidade Universus Veritas Guarulhos;SP;139;Privada;38;27.24;351-400;9.91;;;301-350;3.38;;;351-400;2.39;;;251-300;4.14;;;;;
2024;odontologia;Universidade de Itaúna;MG;139;Privada;38;27.24;351-400;9.91;;;168;5.47;;;401-500;1.32;;;301-350;3.12;;;;;
2024;odontologia;Universidade Comunitária da Região de Chapecó;SC;141;Privada;38;27.24;351-400;9.89;;;251-300;3.79;;;201-250;4.25;;;401-500;1.85;;;;;
2024;odontologia;Centro Universitário Avantis;SC;142;Privada;38;27.24;351-400;9.63;;;251-300;4.09;;;251-300;3.9;;;401-500;1.64;;;;;
2024;odontologia;Faculdade Arnaldo Janssen;MG;143;Privada;;;42;36.83;;;301-350;3.09;;;501-600;0.03;;;190;5.14;13;28.57;;;
2024;odontologia;Centro Universitário Facex;RN;144;Privada;38;27.24;351-400;9.46;;;122;6.17;;;501-600;0.26;;;301-350;3.03;;;;;
2024;odontologia;Centro Universitário Estácio Juiz de Fora;MG;145;Privada;38;27.24;351-400;9.31;;;193;5.09;;;401-500;1.3;;;301-350;2.92;;;;;
2024;odontologia;Centro Universitário das Faculdades Integradas de Ourinhos;SP;146;Privada;38;27.24;351-400;9.21;;;401-500;0.97;;;401-500;1.19;;;64;7.05;;;;;
2024;odontologia;Centro Universitário Maurício de Nassau de Salvador;BA;147;Privada;38;27.24;401-500;8.65;;;301-350;3.09;;;351-400;2;;;251-300;3.56;;;;;
2024;odontologia;Faculdade Pernambucana de Saúde;PE;148;Privada;38;27.24;401-500;8.57;;;301-350;3.09;;;351-400;2.57;;;301-350;2.91;;;;;
2024;odontologia;Universidade Brasil;SP;149;Privada;38;27.24;401-500;7.8;;;301-350;3.17;;;401-500;0.55;;;251-300;4.08;;;;;
2024;odontologia;Faculdades Integradas dos Campos Gerais;PR;150;Privada;38;27.24;401-500;7.68;;;201-250;4.92;;;401-500;0.61;;;351-400;2.15;;;;;
2024;odontologia;Universidade de Sorocaba;SP;151;Privada;38;27.24;401-500;7.66;;;401-500;0.97;;;501-600;0.25;;;104;6.44;;;;;
2024;odontologia;Universidade Iguaçu;RJ;152;Privada;38;27.24;401-500;7.6;;;301-350;3.46;;;301-350;2.72;;;401-500;1.42;;;;;
2024;odontologia;Centro Universitário do Norte;AM;153;Privada;38;27.24;401-500;7.29;;;301-350;3.35;;;401-500;1.55;;;351-400;2.39;;;;;
2024;odontologia;Centro Universitário de Patos;PB;154;Privada;38;27.24;401-500;6.38;;;301-350;3.36;;;401-500;0.81;;;351-400;2.21;;;;;
2024;odontologia;Faculdade de Direito de Ipatinga;MG;155;Privada;38;27.24;401-500;6.12;;;301-350;3.09;;;401-500;1.06;;;351-400;1.97;;;;;
2024;odontologia;Universidade Salgado de Oliveira;RJ;156;Privada;38;27.24;401-500;6.05;;;301-350;3.09;;;401-500;0.84;;;351-400;2.12;;;;;
2024;odontologia;Instituto Municipal de Ensino Superior de Catanduva;SP;157;Municipal;38;27.24;401-500;5.44;;;301-350;3.11;;;501-600;0.09;;;351-400;2.24;;;;;
2024;odontologia;Universidade Vale do Rio Doce;MG;158;Privada;38;27.24;501-600;5.13;;;251-300;4.03;;;401-500;0.37;;;401-500;0.73;;;;;
2024;odontologia;Universidade Nilton Lins;AM;159;Privada;38;27.24;501-600;4.17;;;301-350;3.33;;;401-500;0.43;;;501-600;0.41;;;;;
2024;odontologia;Universidade Estadual do Piauí;PI;160;Estadual;;;61;21.32;;;32;7.53;;;1;8;;;147;5.79;;;;;
2024;odontologia;Centro Universitário Facvest;SC;161;Privada;;;62;21.01;;;88;6.68;;;1;8;;;111;6.33;;;;;
2024;odontologia;Faculdade Unirb - Piauí;PI;162;Privada;;;63;20.44;;;158;5.62;;;1;8;;;79;6.82;;;;;
2024;odontologia;Centro Universitário Ingá;PR;163;Privada;;;64;20.32;;;186;5.2;;;1;8;;;59;7.12;;;;;
2024;odontologia;Faculdade Unirb - Mossoró;RN;164;Privada;;;65;20.11;;;122;6.17;;;1;8;;;137;5.94;;;;;
2024;odontologia;Universidade Federal de Mato Grosso do Sul;MS;165;Federal;;;68;20.05;;;58;7.14;;;176;5.32;;;28;7.59;;;;;
2024;odontologia;Universidade do Vale do Taquari;RS;166;Privada;;;69;20.01;;;74;6.89;;;1;8;;;191;5.12;;;;;
2024;odontologia;Faculdade Luciano Feijão;CE;167;Privada;;;71;19.55;;;169;5.46;;;1;8;;;127;6.09;;;;;
2024;odontologia;Faculdade Meridional de Porto Alegre;RS;168;Privada;;;72;19.53;;;201-250;4.8;;;1;8;;;85;6.73;;;;;
2024;odontologia;Centro Universitário Unidade de Ensino Superior Dom Bosco;MA;169;Privada;;;73;19.41;;;16;7.77;;;148;5.75;;;140;5.89;;;;;
2024;odontologia;Centro Universitário Ages;BA;170;Privada;;;74;19.32;;;104;6.44;;;180;5.26;;;26;7.62;;;;;
2024;odontologia;Faculdade Uninta Itapipoca;CE;171;Privada;;;76;19.28;;;169;5.46;;;1;8;;;145;5.82;;;;;
2024;odontologia;Centro Universitário Zarns;BA;172;Privada;;;77;19.17;;;201-250;4.49;;;1;8;;;88;6.68;;;;;
2024;odontologia;Faculdade Unirb - Parnaíba;PI;173;Privada;;;78;19.12;;;158;5.62;;;1;8;;;166;5.5;;;;;
2024;odontologia;Centro Universitário Integrado de Campo Mourão;PR;174;Privada;;;79;18.97;;;201-250;4.44;;;1;8;;;98;6.53;;;;;
2024;odontologia;Faculdade Meridional;RS;175;Privada;;;80;18.91;;;110;6.35;;;188;5.14;;;39;7.42;;;;;
2024;odontologia;Faculdade Unisul de Itajaí;SC;176;Privada;;;81;18.65;;;251-300;3.79;;;1;8;;;76;6.86;;;;;
2024;odontologia;Instituto Nacional de Ensino Superior e Pós-graduação Padre Gervásio;MG;177;Privada;;;82;18.47;;;3;7.97;;;301-350;3.06;;;38;7.44;;;;;
2024;odontologia;Faculdade de Tecnologia e Ciências de Itabuna;BA;178;Privada;;;83;18.44;;;301-350;3.09;;;1;8;;;44;7.35;;;;;
2024;odontologia;Centro Universitário de Valença;RJ;179;Privada;;;85;18.2;;;67;7;;;1;8;;;301-350;3.2;;;;;
2024;odontologia;Centro Universitário de Excelência;BA;180;Privada;;;86;18.09;;;301-350;3.09;;;1;8;;;67;7;;;;;
2024;odontologia;Centro Universitário Uniftc;BA;181;Privada;;;87;18.01;;;301-350;3.09;;;1;8;;;72;6.92;;;;;
2024;odontologia;Faculdade de Tecnologia e Ciências;BA;182;Privada;;;88;17.92;;;301-350;3.09;;;1;8;;;78;6.83;;;;;
2024;odontologia;Centro Universitário Unirb;BA;183;Privada;;;90;17.79;;;201-250;4.47;;;1;8;;;178;5.32;;;;;
2024;odontologia;Centro Universitário do Norte de Minas;MG;184;Privada;;;92;17.62;;;201-250;4.56;;;1;8;;;195;5.06;;;;;
2024;odontologia;Faculdade de Tecnologia e Ciências de Jequié;BA;185;Privada;;;93;17.61;;;301-350;3.09;;;1;8;;;99;6.52;;;;;
2024;odontologia;Escola Superior Una de Itumbiara;GO;186;Privada;;;96;17.42;;;301-350;3.09;;;1;8;;;111;6.33;;;;;
2024;odontologia;Faculdade Anhanguera de Macapá;AP;187;Privada;;;97;17.33;;;201-250;4.91;;;1;8;;;201-250;4.42;;;;;
2024;odontologia;Centro Universitário Facisa;PB;188;Privada;;;98;17.15;;;301-350;3.32;;;1;8;;;144;5.83;;;;;
2024;odontologia;Universidade do Contestado;SC;189;Privada;;;99;17.09;;;251-300;3.79;;;1;8;;;179;5.3;;;;;
2024;odontologia;Centro Universitário de Volta Redonda;RJ;190;Privada;;;100;17.05;;;147;5.79;;;184;5.2;;;129;6.06;;;;;
2024;odontologia;Christus Faculdade do Piauí;PI;191;Privada;;;101;17;;;158;5.62;;;1;8;;;301-350;3.38;;;;;
2024;odontologia;Faculdade de Enfermagem Nova Esperança;PB;191;Privada;;;101;17;;;301-350;3.32;;;1;8;;;154;5.68;;;;;
2024;odontologia;Centro Universitário Uninovafapi;PI;193;Privada;;;103;16.96;;;94;6.59;;;172;5.38;;;200;4.99;;;;;
2024;odontologia;Universidade São Francisco;SP;194;Privada;;;104;16.94;;;80;6.8;;;163;5.52;;;201-250;4.62;;;;;
2024;odontologia;Centro Universitário Ideau;RS;195;Privada;;;106;16.88;;;187;5.18;;;1;8;;;251-300;3.7;;;;;
2024;odontologia;Faculdade Unirb - Aracaju;SE;196;Privada;;;107;16.86;;;100;6.5;;;201-250;4.74;;;158;5.62;;;;;
2024;odontologia;Faculdades Integradas de Três Lagoas;MS;197;Privada;;;108;16.82;;;201-250;4.88;;;1;8;;;251-300;3.94;;;;;
2024;odontologia;Centro Universitário Unime;BA;198;Privada;;;110;16.76;;;77;6.85;;;201-250;4.73;;;187;5.18;;;;;
2024;odontologia;Centro Universitário de Excelência de Vitória da Conquista;BA;199;Privada;;;111;16.73;;;301-350;3.09;;;1;8;;;157;5.64;;;;;
2024;odontologia;Centro Universitário Inta;CE;200;Privada;;;112;16.72;;;169;5.46;;;1;8;;;301-350;3.26;;;;;
2024;odontologia;Faculdade Sociesc de Jaraguá do Sul;SC;201;Privada;;;170;14.96;;;251-300;3.79;;;201-250;4.7;;;102;6.47;;;;;
2024;odontologia;Faculdade Dom Alberto;RS;201;Privada;;;132;16.19;;;201-250;4.8;;;173;5.37;;;132;6.02;;;;;
2024;odontologia;Faculdade Ágora;MT;201;Privada;;;118;16.59;;;251-300;4.03;;;1;8;;;201-250;4.56;;;;;
2024;odontologia;Faculdade de Ciências Sociais Aplicadas BA;BA;201;Privada;;;183;14.61;;;301-350;3.09;;;1;8;;;251-300;3.52;;;;;
2024;odontologia;Faculdade Faipe;MT;201;Privada;;;167;15;;;251-300;4.03;;;164;5.51;;;169;5.46;;;;;
2024;odontologia;Faculdade de Saúde e Humanidades Ibituruna;MG;201;Privada;;;139;15.89;;;301-350;3.09;;;1;8;;;201-250;4.8;;;;;
2024;odontologia;Faculdade de Ensino Superior de Floriano;PI;201;Privada;;;128;16.23;;;158;5.62;;;1;8;;;351-400;2.61;;;;;
2024;odontologia;União das Faculdades dos Grandes Lagos;SP;201;Privada;;;140;15.85;;;401-500;0.97;;;1;8;;;75;6.88;;;;;
2024;odontologia;Faculdade Brasileira de Tecnologia-BA;BA;201;Privada;;;133;16.05;;;301-350;3.09;;;1;8;;;201-250;4.96;;;;;
2024;odontologia;Centro Universitário Unicuritiba;PR;201;Privada;;;141;15.84;;;201-250;4.44;;;173;5.37;;;131;6.03;;;;;
2024;odontologia;Centro Universitário de União da Vitória;PR;201;Municipal;;;178;14.82;;;151;5.73;;;1;8;;;401-500;1.09;;;;;
2024;odontologia;Centro Universitário da Grande Dourados;MS;201;Privada;;;184;14.54;;;55;7.18;;;149;5.74;;;401-500;1.62;;;;;
2024;odontologia;Centro Universitário Santa Maria;PB;201;Privada;;;168;14.97;;;301-350;3.32;;;1;8;;;251-300;3.65;;;;;
2024;odontologia;Faculdade Una de Sete Lagoas;MG;201;Privada;;;185;14.44;;;301-350;3.09;;;201-250;4.77;;;95;6.58;;;;;
2024;odontologia;Universidade da Região de Joinville;SC;201;Privada;;;158;15.31;;;53;7.21;;;251-300;3.63;;;201-250;4.47;;;;;
2024;odontologia;Centro Universitário Luterano de Palmas;TO;201;Privada;;;161;15.23;;;154;5.68;;;201-250;4.79;;;201-250;4.76;;;;;
2024;odontologia;Centro Universitário Facid Wyden;PI;201;Privada;;;187;14.43;;;158;5.62;;;251-300;3.46;;;176;5.35;;;;;
2024;odontologia;Centro Universitário Dom Pedro II;BA;201;Privada;;;123;16.39;;;301-350;3.09;;;1;8;;;179;5.3;;;;;
2024;odontologia;Centro Universitário Sociesc de Blumenau;SC;201;Privada;;;136;16;;;251-300;3.79;;;181;5.25;;;70;6.96;;;;;
2024;odontologia;Faculdade Anhanguera Unime de Salvador;BA;201;Privada;;;174;14.93;;;156;5.65;;;251-300;4.05;;;184;5.23;;;;;
2024;odontologia;Centro Universitário Sociesc;SC;201;Privada;;;146;15.76;;;251-300;3.79;;;201-250;4.86;;;60;7.11;;;;;
2024;odontologia;Centro Universitário Facunicamps;GO;201;Privada;;;171;14.95;;;301-350;3.09;;;1;8;;;251-300;3.86;;;;;
2024;odontologia;Centro Universitário de Belo Horizonte;MG;201;Privada;;;166;15.01;;;301-350;3.09;;;201-250;4.65;;;49;7.27;;;;;
2024;odontologia;Centro Universitário Católica de Quixadá;CE;201;Privada;;;185;14.44;;;117;6.24;;;201-250;4.71;;;251-300;3.49;;;;;
2024;odontologia;Faculdade Anhanguera Unidade Guarapari;ES;201;Privada;;;125;16.31;;;129;6.06;;;194;5.05;;;186;5.2;;;;;
2024;odontologia;Centro Universitário Augusto Motta;RJ;201;Privada;;;123;16.39;;;301-350;3.09;;;1;8;;;179;5.3;;;;;
2024;odontologia;Centro Universitário Una;MG;201;Privada;;;144;15.78;;;301-350;3.09;;;167;5.46;;;52;7.23;;;;;
2024;odontologia;Faculdade Unirb - Barreiras;BA;201;Privada;;;150;15.48;;;301-350;3.09;;;1;8;;;201-250;4.39;;;;;
2024;odontologia;Centro Universitário Una de Bom Despacho;MG;201;Privada;;;162;15.08;;;301-350;3.09;;;201-250;4.91;;;62;7.08;;;;;
2024;odontologia;Facudade Ieducare;CE;201;Privada;;;156;15.34;;;169;5.46;;;1;8;;;401-500;1.88;;;;;
2024;odontologia;Faculdade Unirb - Natal;RN;201;Privada;;;119;16.53;;;122;6.17;;;185;5.19;;;188;5.17;;;;;
2024;odontologia;Centro Universitário Multivix Vitória;ES;201;Privada;;;160;15.29;;;129;6.06;;;192;5.08;;;251-300;4.15;;;;;
2024;odontologia;Faculdade Castro Alves;BA;201;Privada;;;179;14.8;;;301-350;3.09;;;1;8;;;251-300;3.71;;;;;
2024;odontologia;Faculdade Funorte de Janaúba;MG;201;Privada;;;114;16.62;;;301-350;3.09;;;1;8;;;164;5.53;;;;;
2024;odontologia;Faculdade Unisul de Florianópolis;SC;201;Privada;;;127;16.28;;;251-300;3.79;;;158;5.6;;;74;6.89;;;;;
2024;odontologia;Faculdade de Odontologia do Recife;PE;201;Privada;;;154;15.38;;;107;6.39;;;201-250;4.88;;;251-300;4.11;;;;;
2024;odontologia;Faculdade de Ensino Superior da Cidade de Feira de Santana;BA;201;Privada;;;113;16.67;;;301-350;3.09;;;1;8;;;161;5.58;;;;;
2024;odontologia;Faculdade Unirb - Feira de Santana;BA;201;Privada;;;131;16.2;;;301-350;3.09;;;1;8;;;192;5.11;;;;;
2024;odontologia;Faculdade Doctum de Serra;ES;201;Privada;;;143;15.79;;;129;6.06;;;1;8;;;401-500;1.73;;;;;
2024;odontologia;Faculdade Galileu;SP;201;Privada;;;137;15.96;;;401-500;0.97;;;1;8;;;68;6.99;;;;;
2024;odontologia;Centro Universitário Sudoeste Paulista;SP;201;Privada;;;171;14.95;;;146;5.8;;;301-350;2.85;;;113;6.3;;;;;
2024;odontologia;Centro Universitário do Rio São Francisco;BA;201;Privada;;;175;14.92;;;301-350;3.09;;;1;8;;;251-300;3.83;;;;;
2024;odontologia;Universidade do Oeste de Santa Catarina;SC;201;Privada;;;152;15.45;;;75;6.88;;;171;5.4;;;301-350;3.17;;;;;
2024;odontologia;Faculdades Integradas do Vale do Ivaí;PR;201;Privada;;;165;15.02;;;201-250;4.44;;;1;8;;;351-400;2.58;;;;;
2024;odontologia;Faculdade Una de Pouso Alegre;MG;201;Privada;;;176;14.91;;;301-350;3.09;;;189;5.12;;;87;6.7;;;;;
2024;odontologia;Centro Universitário Unirb - Alagoinhas;BA;201;Privada;;;173;14.94;;;301-350;3.09;;;1;8;;;251-300;3.85;;;;;
2024;odontologia;Centro Universitário de Ensino, Ciência e Tecnologia do Paraná;PR;201;Privada;;;120;16.43;;;201-250;4.44;;;1;8;;;251-300;3.99;;;;;
2024;odontologia;Faculdade de Gestão e Negócios de Salvador;BA;201;Privada;;;138;15.94;;;301-350;3.09;;;1;8;;;201-250;4.85;;;;;
2024;odontologia;Faculdade Anísio Teixeira de Feira de Santana;BA;201;Privada;;;169;14.97;;;301-350;3.09;;;1;8;;;251-300;3.88;;;;;
2024;odontologia;Faculdade Atenas Sete Lagoas;MG;201;Privada;;;162;15.08;;;301-350;3.09;;;1;8;;;251-300;3.99;;;;;
2024;odontologia;Faculdade Uninassau Mossoró;RN;251;Privada;;;201-250;13.13;;;122;6.17;;;301-350;3;;;251-300;3.96;;;;;
2024;odontologia;Centro Universitário de Goiatuba;GO;251;Municipal;;;199;14.14;;;301-350;3.15;;;1;8;;;301-350;2.99;;;;;
2024;odontologia;Faculdade Uninassau Brasília;DF;251;Privada;;;201-250;13.11;;;193;5.09;;;301-350;3.29;;;201-250;4.73;;;;;
2024;odontologia;Centro Universitário Campo Real;PR;251;Privada;;;201-250;12.55;;;201-250;4.44;;;1;8;;;501-600;0.11;;;;;
2024;odontologia;Centro Universitário Aparício Carvalho;RO;251;Privada;;;201-250;14;;;251-300;3.59;;;1;8;;;351-400;2.41;;;;;
2024;odontologia;Centro Universitário Uniftec Bento Gonçalves;RS;251;Privada;;;201-250;13.68;;;201-250;4.8;;;1;8;;;401-500;0.88;;;;;
2024;odontologia;Faculdade Anhanguera de São José;SP;251;Privada;;;201-250;12.82;;;401-500;0.97;;;197;5;;;77;6.85;;;;;
2024;odontologia;Faculdade Anhanguera de Linhares;ES;251;Privada;;;201-250;12.83;;;129;6.06;;;201-250;4.41;;;351-400;2.36;;;;;
2024;odontologia;Faculdade Unirb - Maceió;AL;251;Privada;;;201-250;13.42;;;501-600;0.12;;;1;8;;;179;5.3;;;;;
2024;odontologia;Centro Universitário Vértice;MG;251;Privada;;;201-250;12.55;;;301-350;3.09;;;1;8;;;401-500;1.46;;;;;
2024;odontologia;Faculdade Una de Divinópolis;MG;251;Privada;;;201-250;13.29;;;301-350;3.09;;;251-300;4.12;;;128;6.08;;;;;
2024;odontologia;Faculdade Promove de Belo Horizonte;MG;251;Privada;;;201-250;13.63;;;301-350;3.09;;;158;5.6;;;201-250;4.94;;;;;
2024;odontologia;Faculdade Una de Jataí;GO;251;Privada;;;201-250;14.13;;;301-350;3.09;;;251-300;4.1;;;71;6.94;;;;;
2024;odontologia;Centro Universitário de Santa Fé do Sul;SP;251;Municipal;;;201-250;13.79;;;84;6.74;;;301-350;3.41;;;251-300;3.64;;;;;
2024;odontologia;Faculdade Anhanguera de Betim;MG;251;Privada;;;251-300;12.47;;;301-350;3.09;;;301-350;3.38;;;133;6;;;;;
2024;odontologia;Faculdade Unirb - Arapiraca;AL;251;Privada;;;201-250;13.64;;;501-600;0.12;;;1;8;;;165;5.52;;;;;
2024;odontologia;Faculdades Planalto Central;DF;251;Privada;;;201-250;14;;;193;5.09;;;1;8;;;401-500;0.91;;;;;
2024;odontologia;Centro Universitário Faminas;MG;251;Privada;;;201-250;13.55;;;301-350;3.09;;;199;4.97;;;167;5.49;;;;;
2024;odontologia;Universidade Anhanguera;MS;251;Privada;;;201-250;12.82;;;201-250;4.88;;;201-250;4.8;;;301-350;3.14;;;;;
2024;odontologia;Universidade Tiradentes;SE;251;Privada;;;201-250;12.65;;;100;6.5;;;401-500;0.6;;;163;5.55;;;;;
2024;odontologia;Faculdade Atenas Passos;MG;251;Privada;;;201-250;13;;;301-350;3.09;;;1;8;;;401-500;1.91;;;;;
2024;odontologia;Centro Universitário Una de Contagem;MG;251;Privada;;;197;14.22;;;301-350;3.09;;;201-250;4.51;;;92;6.62;;;;;
2024;odontologia;Universidade São Judas Tadeu;SP;251;Privada;;;201-250;13.17;;;401-500;0.97;;;155;5.64;;;96;6.56;;;;;
2024;odontologia;Faculdade do Centro Oeste Paulista;SP;251;Privada;;;201-250;13.62;;;401-500;0.97;;;168;5.45;;;54;7.2;;;;;
2024;odontologia;Centro Universitário Santo Agostinho;PI;251;Privada;;;201-250;12.79;;;158;5.62;;;351-400;2.02;;;189;5.15;;;;;
2024;odontologia;Centro Universitário Autônomo do Brasil;PR;251;Privada;;;194;14.26;;;201-250;4.44;;;301-350;3.32;;;100;6.5;;;;;
2024;odontologia;Centro Universitário Ruy Barbosa Wyden;BA;251;Privada;;;201-250;13.73;;;184;5.23;;;351-400;2.33;;;122;6.17;;;;;
2024;odontologia;Centro Universitário Estácio de Brasília;DF;251;Privada;;;251-300;12.49;;;193;5.09;;;401-500;1.25;;;123;6.15;;;;;
2024;odontologia;Faculdade Unida de Campinas Goiânia;GO;251;Privada;;;201-250;13.77;;;301-350;3.09;;;1;8;;;351-400;2.68;;;;;
2024;odontologia;Faculdade Edufor de Salvador;BA;251;Privada;;;201-250;13.77;;;301-350;3.09;;;1;8;;;351-400;2.68;;;;;
2024;odontologia;Centro Universitário Unifatecie;PR;251;Privada;;;193;14.27;;;201-250;4.44;;;1;8;;;401-500;1.83;;;;;
2024;odontologia;Faculdade Una de Itabira;MG;251;Privada;;;201-250;12.66;;;301-350;3.09;;;301-350;2.8;;;82;6.77;;;;;
2024;odontologia;Faculdade Paulo Picanço;CE;251;Privada;;;201-250;12.7;;;169;5.46;;;201-250;4.28;;;301-350;2.96;;;;;
2024;odontologia;Faculdade Integrada Carajás;PA;251;Privada;;;201-250;13.28;;;501-600;0.39;;;1;8;;;201-250;4.89;;;;;
2024;odontologia;Faculdade Cristo Rei;PR;251;Privada;;;188;14.35;;;201-250;4.44;;;1;8;;;401-500;1.91;;;;;
2024;odontologia;Centro Universitário Gama e Souza;RJ;251;Privada;;;201-250;13.86;;;301-350;3.09;;;1;8;;;301-350;2.77;;;;;
2024;odontologia;Centro Universitário Unifateb;PR;251;Privada;;;201-250;13.71;;;201-250;4.44;;;1;8;;;401-500;1.27;;;;;
2024;odontologia;Centro Universitário Una de Uberlândia;MG;251;Privada;;;251-300;12.5;;;301-350;3.09;;;201-250;4.44;;;201-250;4.97;;;;;
2024;odontologia;Centro Universitário FBV Wyden;PE;251;Privada;;;251-300;12.51;;;301-350;3.09;;;351-400;2.51;;;73;6.91;;;;;
2024;odontologia;Faculdade Especializada na Área de Saúde do Rio Grande do Sul;RS;251;Privada;;;189;14.32;;;201-250;4.8;;;251-300;3.61;;;139;5.91;;;;;
2024;odontologia;Centro Universitário Dinâmica das Cataratas;PR;251;Privada;;;201-250;13.29;;;201-250;4.44;;;201-250;4.68;;;251-300;4.17;;;;;
2024;odontologia;Escola de Ensino Superior do Agreste Paraibano;PB;251;Privada;;;201-250;14;;;301-350;3.32;;;1;8;;;351-400;2.68;;;;;
2024;odontologia;Instituto de Ensino Superior Capixaba;ES;251;Privada;;;191;14.28;;;129;6.06;;;401-500;1.51;;;86;6.71;;;;;
2024;odontologia;Faculdade Estácio de Belém;PA;251;Privada;;;201-250;13.69;;;501-600;0.39;;;1;8;;;179;5.3;;;;;
2024;odontologia;Centro Universitário Fanor Wyden;CE;251;Privada;;;201-250;13.28;;;169;5.46;;;351-400;1.97;;;143;5.85;;;;;
2024;odontologia;Centro Universitário Estácio do Ceará;CE;251;Privada;;;194;14.26;;;169;5.46;;;401-500;1.48;;;46;7.32;;;;;
2024;odontologia;Centro Universitário Facens;SP;251;Privada;;;201-250;12.79;;;401-500;0.97;;;251-300;3.82;;;1;8;;;;;
2024;odontologia;Universidade Vila Velha;ES;251;Privada;;;201-250;13.28;;;52;7.23;;;401-500;1.03;;;198;5.02;;;;;
2024;odontologia;Centro Universitário de Ciências e Empreendedorismo;BA;251;Privada;;;201-250;13.29;;;301-350;3.09;;;1;8;;;351-400;2.2;;;;;
2024;odontologia;Escola Superior São Judas de São Bernardo do Campo;SP;251;Privada;;;201-250;13.62;;;401-500;0.97;;;1;8;;;201-250;4.65;;;;;
2024;odontologia;Faculdade Icesp;DF;301;Privada;;;251-300;11.81;;;193;5.09;;;251-300;4.01;;;301-350;2.71;;;;;
2024;odontologia;Centro Universitário da Fundação Educacional de Barretos;SP;301;Privada;;;251-300;11.4;;;112;6.32;;;501-600;0.08;;;199;5;;;;;
2024;odontologia;Faculdade Positivo Londrina;PR;301;Privada;;;251-300;11.92;;;201-250;4.44;;;501-600;0.31;;;56;7.17;;;;;
2024;odontologia;Faculdade Uninassau Belo Horizonte;MG;301;Privada;;;301-350;10.85;;;301-350;3.09;;;251-300;3.44;;;201-250;4.32;;;;;
2024;odontologia;Centro Universitário Vale do Cricaré;ES;301;Privada;;;301-350;11.3;;;129;6.06;;;201-250;4.19;;;401-500;1.05;;;;;
2024;odontologia;Faculdade Anhanguera de Governador Valadares;MG;301;Privada;;;301-350;11.36;;;301-350;3.09;;;251-300;3.81;;;201-250;4.46;;;;;
2024;odontologia;Faculdade Metropolitana;RO;301;Privada;;;251-300;12.2;;;251-300;3.59;;;1;8;;;401-500;0.61;;;;;
2024;odontologia;Faculdade Anhanguera de Divinópolis;MG;301;Privada;;;301-350;10.88;;;301-350;3.09;;;351-400;2.4;;;173;5.39;;;;;
2024;odontologia;Faculdade Integrada Cesumar de Curitiba;PR;301;Privada;;;301-350;10.91;;;201-250;4.44;;;351-400;2.2;;;201-250;4.27;;;;;
2024;odontologia;Faculdade Anhanguera de Guarulhos;SP;301;Privada;;;301-350;11.01;;;401-500;0.97;;;251-300;3.86;;;121;6.18;;;;;
2024;odontologia;Universidade Regional Integrada do Alto Uruguai e das Missões;RS;301;Privada;;;251-300;11.46;;;92;6.62;;;401-500;0.51;;;201-250;4.33;;;;;
2024;odontologia;Centro Universitário do Planalto Central Apparecido dos Santos;DF;301;Privada;;;301-350;11.19;;;193;5.09;;;251-300;3.6;;;351-400;2.5;;;;;
2024;odontologia;Faculdade de Tecnologia e Ciências da Bahia;BA;301;Privada;;;251-300;12;;;301-350;3.09;;;1;8;;;401-500;0.91;;;;;
2024;odontologia;Faculdade de Ciências Sociais e Agrárias de Itapeva;SP;301;Privada;;;251-300;11.44;;;401-500;0.97;;;1;8;;;351-400;2.47;;;;;
2024;odontologia;Faculdade Multivix Nova Venécia;ES;301;Privada;;;301-350;11.35;;;129;6.06;;;198;4.99;;;501-600;0.3;;;;;
2024;odontologia;Faculdade Multivix Vila Velha;ES;301;Privada;;;251-300;11.51;;;129;6.06;;;251-300;3.95;;;401-500;1.5;;;;;
2024;odontologia;Centro Universitário Doctum de Teófilo Otoni;MG;301;Privada;;;251-300;11.47;;;301-350;3.09;;;1;8;;;501-600;0.38;;;;;
2024;odontologia;Centro Universitário Sul-americana;GO;301;Privada;;;301-350;11.08;;;301-350;3.09;;;401-500;1.76;;;118;6.23;;;;;
2024;odontologia;Faculdade Vale do Pajeu;PE;301;Privada;;;301-350;11.32;;;301-350;3.09;;;1;8;;;501-600;0.23;;;;;
2024;odontologia;Faculdade Uberlandense de Núcleos Integrados de Ensino, Serviço Social e Aprendizagem;MG;301;Privada;;;251-300;12.45;;;301-350;3.09;;;301-350;2.97;;;107;6.39;;;;;
2024;odontologia;Centro Universitário Maurício de Nassau de João Pessoa;PB;301;Privada;;;301-350;11.26;;;201-250;4.96;;;301-350;2.75;;;251-300;3.55;;;;;
2024;odontologia;Centro Universitário de Caratinga;MG;301;Privada;;;251-300;11.52;;;301-350;3.09;;;183;5.22;;;301-350;3.21;;;;;
2024;odontologia;Centro Universitário Maurício de Nassau de Paranáiba;PI;301;Privada;;;251-300;12.18;;;158;5.62;;;201-250;4.38;;;351-400;2.18;;;;;
2024;odontologia;Centro Universitário do Paraná;PR;301;Privada;;;301-350;10.91;;;201-250;4.44;;;351-400;2.2;;;201-250;4.27;;;;;
2024;odontologia;Centro Universitário Maurício de Nassau Teresina Sul;PI;301;Privada;;;251-300;12.07;;;158;5.62;;;301-350;2.69;;;251-300;3.76;;;;;
2024;odontologia;Faculdade Anhanguera de Ribeirão Preto;SP;301;Privada;;;251-300;11.39;;;401-500;0.97;;;301-350;3.18;;;51;7.24;;;;;
2024;odontologia;Centro Universitário Maurício de Nassau de Fortaleza;CE;301;Privada;;;251-300;12.08;;;169;5.46;;;301-350;2.89;;;251-300;3.73;;;;;
2024;odontologia;Faculdade Integrada Cete;PE;301;Privada;;;251-300;12.36;;;301-350;3.09;;;1;8;;;401-500;1.27;;;;;
2024;odontologia;Escola Superior Una de Conselheiro Lafaiete;MG;301;Privada;;;301-350;10.94;;;301-350;3.09;;;251-300;3.56;;;201-250;4.29;;;;;
2024;odontologia;Faculdade Uninassau Petrolina;PE;301;Privada;;;301-350;11.37;;;301-350;3.09;;;251-300;4.08;;;251-300;4.2;;;;;
2024;odontologia;Universidade Feevale;RS;301;Privada;;;251-300;12.45;;;201-250;4.8;;;401-500;0.98;;;89;6.67;;;;;
2024;odontologia;Faculdade Anhanguera de Joinville;SC;301;Privada;;;251-300;12.24;;;251-300;3.79;;;251-300;4.04;;;201-250;4.41;;;;;
2024;odontologia;Faculdade Cathedral;RR;301;Privada;;;251-300;11.81;;;401-500;0.49;;;1;8;;;301-350;3.32;;;;;
2024;odontologia;Centro Universitário Maurício de Nassau de Campina Grande;PB;301;Privada;;;251-300;12.41;;;301-350;3.32;;;251-300;3.53;;;162;5.56;;;;;
2024;odontologia;Centro Universitário de Patos de Minas;MG;301;Privada;;;301-350;10.83;;;301-350;3.09;;;401-500;1.33;;;106;6.41;;;;;
2024;odontologia;Faculdade Cleber Leite;SP;301;Privada;;;251-300;11.65;;;401-500;0.97;;;1;8;;;351-400;2.68;;;;;
2024;odontologia;Centro Universitário Serra dos Órgãos;RJ;301;Privada;;;301-350;11.15;;;141;5.88;;;301-350;2.95;;;351-400;2.32;;;;;
2024;odontologia;Centro Universitário Univel;PR;301;Privada;;;251-300;11.55;;;201-250;4.44;;;251-300;3.76;;;301-350;3.35;;;;;
2024;odontologia;Centro Universitário Unidom - Bosco;PR;301;Privada;;;251-300;12.02;;;201-250;4.44;;;351-400;1.91;;;155;5.67;;;;;
2024;odontologia;Instituto Florence de Ensino Superior;MA;301;Privada;;;251-300;12.36;;;401-500;1.18;;;1;8;;;301-350;3.18;;;;;
2024;odontologia;Faculdades Integradas Aparício Carvalho Vilhena;RO;301;Privada;;;251-300;11.91;;;251-300;3.59;;;1;8;;;501-600;0.32;;;;;
2024;odontologia;Centro Universitário Maurício de Nassau de Aracaju;SE;301;Privada;;;251-300;12.12;;;100;6.5;;;301-350;2.74;;;301-350;2.88;;;;;
2024;odontologia;Faculdade Anhanguera de Tangará da Serra;MT;301;Privada;;;251-300;11.68;;;251-300;4.03;;;201-250;4.6;;;301-350;3.05;;;;;
2024;odontologia;Faculdade Cidade de Patos de Minas;MG;301;Privada;;;301-350;11.02;;;191;5.12;;;201-250;4.57;;;401-500;1.33;;;;;
2024;odontologia;Centro Universitário Goyazes;GO;301;Privada;;;251-300;11.94;;;301-350;3.09;;;1;8;;;401-500;0.85;;;;;
2024;odontologia;Faculdade de Educação de Jaru;RO;301;Privada;;;251-300;11.95;;;251-300;3.59;;;1;8;;;501-600;0.36;;;;;
2024;odontologia;Centro Universitário Anhanguera Pitágoras Unopar de Niterói;RJ;301;Privada;;;251-300;11.41;;;301-350;3.09;;;201-250;4.5;;;251-300;3.82;;;;;
2024;odontologia;Faculdade Verde Norte;MG;301;Privada;;;251-300;11.56;;;301-350;3.09;;;1;8;;;401-500;0.47;;;;;
2024;odontologia;Centro Universitário Fip-moc;MG;301;Privada;;;251-300;12.1;;;301-350;3.09;;;201-250;4.31;;;201-250;4.7;;;;;
2024;odontologia;Centro Universitário Mario Pontes Jucá;AL;301;Privada;;;301-350;11.12;;;501-600;0.12;;;1;8;;;301-350;3;;;;;
2024;odontologia;Centro Universitário Uniasselvi de Blumenau ;SC;351;Privada;;;301-350;10.79;;;251-300;3.79;;;301-350;3.23;;;251-300;3.77;;;;;
2024;odontologia;Faculdade Anhanguera de Sorocaba;SP;351;Privada;;;351-400;9.56;;;401-500;0.97;;;251-300;3.92;;;201-250;4.67;;;;;
2024;odontologia;Universidade Ibirapuera;SP;351;Privada;;;351-400;9.85;;;401-500;0.97;;;251-300;3.47;;;172;5.41;;;;;
2024;odontologia;Centro Universitário de Rio Preto;SP;351;Privada;;;351-400;10.01;;;72;6.92;;;401-500;1.04;;;351-400;2.05;;;;;
2024;odontologia;Universidade do Extremo Sul Catarinense;SC;351;Privada;;;351-400;10;;;151;5.73;;;351-400;2.31;;;351-400;1.96;;;;;
2024;odontologia;Faculdade de Odontologia da Apcd;SP;351;Privada;;;351-400;9.61;;;401-500;0.97;;;401-500;1.84;;;80;6.8;;;;;
2024;odontologia;Faculdade Cesumar de Ponta Grossa;PR;351;Privada;;;351-400;9.97;;;201-250;4.44;;;401-500;1.18;;;201-250;4.35;;;;;
2024;odontologia;Centro Universitário Maurício de Nassau de Teresina;PI;351;Privada;;;301-350;10.43;;;158;5.62;;;351-400;2.51;;;351-400;2.3;;;;;
2024;odontologia;Centro Universitário Governador Ozanam Coelho;MG;351;Privada;;;351-400;9.87;;;301-350;3.09;;;351-400;2.6;;;251-300;4.18;;;;;
2024;odontologia;Faculdade Mais de Ituiutaba;MG;351;Privada;;;301-350;10.52;;;301-350;3.09;;;164;5.51;;;401-500;1.92;;;;;
2024;odontologia;Centro Universitário Ateneu;CE;351;Privada;;;301-350;10.5;;;169;5.46;;;351-400;2.07;;;301-350;2.97;;;;;
2024;odontologia;Faculdade Anhanguera de Passo Fundo;RS;351;Privada;;;301-350;10.12;;;201-250;4.8;;;351-400;1.9;;;301-350;3.42;;;;;
2024;odontologia;Centro Universitário Estácio de Santa Catarina;SC;351;Privada;;;301-350;10.74;;;251-300;3.79;;;401-500;0.49;;;103;6.46;;;;;
2024;odontologia;Centro Universitário Maurício de Nassau de São Luís;MA;351;Privada;;;351-400;9.47;;;401-500;1.18;;;251-300;3.99;;;201-250;4.3;;;;;
2024;odontologia;Faculdade Fasipe Mato Grosso;MT;351;Privada;;;351-400;9.67;;;251-300;4.03;;;251-300;4.15;;;401-500;1.49;;;;;
2024;odontologia;Faculdade Vale dos Carajás;PA;351;Privada;;;351-400;9.66;;;501-600;0.39;;;1;8;;;401-500;1.27;;;;;
2024;odontologia;Universidade de Rio Verde;GO;351;Municipal;;;301-350;10.32;;;301-350;3.15;;;177;5.31;;;401-500;1.86;;;;;
2024;odontologia;Faculdade Presidente Antônio Carlos;TO;351;Privada;;;351-400;9.49;;;201-250;4.46;;;401-500;1.74;;;301-350;3.29;;;;;
2024;odontologia;Centro Universitário do Espírito Santo;ES;351;Privada;;;351-400;9.47;;;129;6.06;;;401-500;1.12;;;351-400;2.29;;;;;
2024;odontologia;Centro Universitário Jorge Amado;BA;351;Privada;;;351-400;9.55;;;301-350;3.09;;;351-400;1.9;;;201-250;4.56;;;;;
2024;odontologia;Centro Universitário Mais;GO;351;Privada;;;301-350;10.19;;;301-350;3.09;;;187;5.16;;;401-500;1.94;;;;;
2024;odontologia;Faculdade de Educação e Tecnologia da Amazônia;PA;351;Privada;;;351-400;9.66;;;501-600;0.39;;;1;8;;;401-500;1.27;;;;;
2024;odontologia;Faculdade do Norte de Mato Grosso;MT;351;Privada;;;351-400;10.05;;;251-300;4.03;;;401-500;1.38;;;201-250;4.64;;;;;
2024;odontologia;Faculdade União Araruama de Ensino S/s Ltda.;RJ;351;Privada;;;301-350;10.43;;;301-350;3.09;;;251-300;3.93;;;301-350;3.41;;;;;
2024;odontologia;Faculdade SOBRESP de Santa Maria;RS;351;Privada;;;301-350;10.71;;;201-250;4.8;;;351-400;2.55;;;301-350;3.36;;;;;
2024;odontologia;Faculdade de Minas BH;MG;351;Privada;;;301-350;10.74;;;301-350;3.09;;;401-500;1.44;;;119;6.21;;;;;
2024;odontologia;Faculdade Anhanguera de Jundiaí;SP;351;Privada;;;301-350;10.25;;;401-500;0.97;;;301-350;3.34;;;137;5.94;;;;;
2024;odontologia;Centro Universitário Favip Wyden;PE;351;Privada;;;301-350;10.5;;;301-350;3.09;;;401-500;0.77;;;91;6.64;;;;;
2024;odontologia;Centro Universitário Guairacá;PR;351;Privada;;;301-350;10.7;;;201-250;4.89;;;301-350;3.08;;;301-350;2.73;;;;;
2024;odontologia;Faculdade de Integração do Sertão;PE;351;Privada;;;351-400;9.5;;;301-350;3.09;;;201-250;4.62;;;401-500;1.79;;;;;
2024;odontologia;Centro Universitário Unifacig;MG;351;Privada;;;351-400;9.66;;;301-350;3.09;;;196;5.02;;;401-500;1.55;;;;;
2024;odontologia;Centro Universitário de Maceió;AL;351;Privada;;;351-400;9.67;;;201-250;4.55;;;401-500;1.21;;;251-300;3.91;;;;;
2024;odontologia;Faculdade Metropolitana do Ceará;CE;351;Privada;;;351-400;9.74;;;169;5.46;;;351-400;2.29;;;351-400;1.99;;;;;
2024;odontologia;Faculdades Integradas Rui Barbosa;SP;351;Privada;;;351-400;10.02;;;401-500;0.97;;;1;8;;;401-500;1.05;;;;;
2024;odontologia;Centro Universitário Tiradentes de Pernambuco;PE;351;Privada;;;301-350;10.26;;;251-300;4.08;;;401-500;0.44;;;150;5.74;;;;;
2024;odontologia;Faculdade Santo Antônio SP;SP;351;Privada;;;301-350;10.65;;;401-500;0.97;;;351-400;2.13;;;31;7.55;;;;;
2024;odontologia;Faculdade Anhanguera de Ciências Sociais Aplicadas de Sinop;MT;351;Privada;;;351-400;9.56;;;251-300;4.03;;;301-350;3.26;;;351-400;2.27;;;;;
2024;odontologia;Centro Universitário Metropolitano da Amazônia;PA;351;Privada;;;301-350;10.27;;;501-600;0.39;;;186;5.17;;;201-250;4.71;;;;;
2024;odontologia;Centro Universitário Central Paulista;SP;351;Privada;;;351-400;9.78;;;401-500;0.97;;;401-500;1.35;;;37;7.46;;;;;
2024;odontologia;Centro Universitário Brasileiro;PE;351;Privada;;;351-400;9.82;;;301-350;3.09;;;351-400;1.94;;;201-250;4.79;;;;;
2024;odontologia;Faculdade Anhanguera de São Luiz;MA;351;Privada;;;301-350;10.53;;;401-500;1.18;;;201-250;4.27;;;194;5.08;;;;;
2024;odontologia;Faculdade de Tecnologia e Administração Edufor;MA;351;Privada;;;351-400;9.94;;;401-500;1.18;;;1;8;;;401-500;0.76;;;;;
2024;odontologia;Universidade Metodista de Piracicaba;SP;351;Privada;;;301-350;10.42;;;201-250;4.52;;;501-600;0.14;;;149;5.76;;;;;
2024;odontologia;Faculdade Multivix de Cachoeiro;ES;351;Privada;;;351-400;9.86;;;129;6.06;;;401-500;1.77;;;351-400;2.03;;;;;
2024;odontologia;Faculdade Anhanguera de Piracicaba;SP;351;Privada;;;351-400;10.02;;;401-500;0.97;;;351-400;2.29;;;83;6.76;;;;;
2024;odontologia;Faculdade de Guarantã do Norte;MT;351;Privada;;;301-350;10.78;;;251-300;4.03;;;201-250;4.33;;;351-400;2.42;;;;;
2024;odontologia;Instituto Superior de Educação de Caxias;MA;351;Privada;;;351-400;9.53;;;401-500;1.18;;;1;8;;;501-600;0.35;;;;;
2024;odontologia;Faculdade Anhanguera de Anápolis;GO;351;Privada;;;301-350;10.6;;;301-350;3.09;;;201-250;4.45;;;301-350;3.06;;;;;
2024;odontologia;Centro Universitário São Camilo - Espírito Santo;ES;351;Privada;;;351-400;9.79;;;129;6.06;;;301-350;3.18;;;401-500;0.55;;;;;
2024;odontologia;Faculdade de Educação de Porto Velho;RO;351;Privada;;;351-400;9.92;;;251-300;3.59;;;301-350;2.66;;;251-300;3.67;;;;;
2024;odontologia;Faculdade Cnec Santo Ângelo;RS;351;Privada;;;301-350;10.19;;;201-250;4.8;;;501-600;0.06;;;177;5.33;;;;;
2024;odontologia;Faculdade Invest de Ciências e Tecnologia;MT;401;Privada;;;401-500;6.88;;;251-300;4.03;;;501-600;0.17;;;351-400;2.68;;;;;
2024;odontologia;Centro Universitário Fibra;PA;401;Privada;;;401-500;8.71;;;501-600;0.39;;;251-300;3.96;;;201-250;4.36;;;;;
2024;odontologia;Centro Universitário Tocantinense Presidente Antônio Carlos;TO;401;Privada;;;351-400;9.44;;;188;5.17;;;401-500;1.71;;;351-400;2.56;;;;;
2024;odontologia;Faculdade Unibrasília Sul;DF;401;Privada;;;401-500;7.09;;;193;5.09;;;401-500;1.73;;;501-600;0.27;;;;;
2024;odontologia;Faculdade do Amazonas;AM;401;Privada;;;401-500;5.84;;;401-500;0.99;;;301-350;2.77;;;351-400;2.08;;;;;
2024;odontologia;Universidade Santa Úrsula;RJ;401;Privada;;;351-400;9.04;;;301-350;3.09;;;351-400;1.9;;;251-300;4.05;;;;;
2024;odontologia;Faculdade Anhanguera de Imperatriz;MA;401;Privada;;;401-500;7.56;;;401-500;1.18;;;157;5.61;;;401-500;0.77;;;;;
2024;odontologia;Faculdade Dom Adelio Tomasin;CE;401;Privada;;;401-500;8.55;;;169;5.46;;;351-400;2.65;;;401-500;0.44;;;;;
2024;odontologia;Faculdades Integradas da América do Sul;GO;401;Privada;;;401-500;6.59;;;301-350;3.09;;;401-500;1.41;;;351-400;2.09;;;;;
2024;odontologia;Faculdade de Campina Grande;PB;401;Privada;;;401-500;5.52;;;301-350;3.32;;;401-500;0.93;;;401-500;1.27;;;;;
2024;odontologia;Centro Universitário de Balsas;MA;401;Privada;;;401-500;7.2;;;401-500;1.18;;;201-250;4.19;;;401-500;1.83;;;;;
2024;odontologia;Faculdade Integrada da Amazônia;PA;401;Privada;;;351-400;9.23;;;501-600;0.39;;;164;5.51;;;301-350;3.33;;;;;
2024;odontologia;Faculdade Uninassau Arapiraca;AL;401;Privada;;;401-500;5.48;;;501-600;0.12;;;301-350;3.03;;;351-400;2.33;;;;;
2024;odontologia;Centro Universitário das Faculdades Associadas de Ensino;SP;401;Municipal;;;351-400;9.17;;;401-500;0.97;;;301-350;3.35;;;201-250;4.85;;;;;
2024;odontologia;Centro Universitário Estácio Meta de Rio Branco Estácio;AC;401;Privada;;;401-500;7.1;;;251-300;4.08;;;301-350;2.88;;;501-600;0.14;;;;;
2024;odontologia;Centro Universitário Univinte;SC;401;Privada;;;401-500;5.28;;;251-300;3.79;;;401-500;0.66;;;401-500;0.83;;;;;
2024;odontologia;Centro Universitário Maurício de Nassau de Caruaru;PE;401;Privada;;;401-500;8;;;301-350;3.09;;;351-400;2.42;;;351-400;2.49;;;;;
2024;odontologia;Universidade do Planalto Catarinense;SC;401;Privada;;;401-500;7.1;;;201-250;4.85;;;401-500;0.87;;;401-500;1.38;;;;;
2024;odontologia;Centro Universitário FG;BA;401;Privada;;;351-400;9.24;;;301-350;3.09;;;201-250;4.39;;;401-500;1.76;;;;;
2024;odontologia;Soberana Faculdade de Saúde de Petrolina;PE;401;Privada;;;401-500;6.09;;;301-350;3.09;;;401-500;1.61;;;401-500;1.39;;;;;
2024;odontologia;Faculdade Fasipe de Primavera;MT;401;Privada;;;401-500;8.23;;;251-300;4.03;;;251-300;3.56;;;401-500;0.64;;;;;
2024;odontologia;Centro Universitário São Judas Tadeu;SP;401;Privada;;;401-500;8.16;;;401-500;0.97;;;251-300;3.73;;;301-350;3.46;;;;;
2024;odontologia;Universidade Municipal de São Caetano do Sul;SP;401;Municipal;;;401-500;7.39;;;501-600;0.42;;;401-500;0.86;;;126;6.11;;;;;
2024;odontologia;Centro Universitário Estácio de Belo Horizonte;MG;401;Privada;;;401-500;6.63;;;301-350;3.09;;;401-500;0.8;;;301-350;2.74;;;;;
2024;odontologia;Centro Universitário Maurício de Nassau de Juazeiro do Norte;CE;401;Privada;;;401-500;7.3;;;169;5.46;;;401-500;0.78;;;401-500;1.06;;;;;
2024;odontologia;Faculdade Metropolitana de Anápolis;GO;401;Privada;;;401-500;8.84;;;301-350;3.09;;;201-250;4.22;;;401-500;1.53;;;;;
2024;odontologia;Centro Universitário Presidente Antônio Carlos;MG;401;Privada;;;401-500;7.47;;;301-350;3.09;;;251-300;3.7;;;401-500;0.68;;;;;
2024;odontologia;Escola Superior São Francisco de Assis;ES;401;Privada;;;401-500;7.62;;;129;6.06;;;401-500;0.41;;;401-500;1.15;;;;;
2024;odontologia;Centro de Ensino Superior de Ilhéus;BA;401;Privada;;;401-500;6.08;;;201-250;4.58;;;401-500;0.7;;;401-500;0.8;;;;;
2024;odontologia;Faculdade Uniftb;SE;401;Privada;;;401-500;7.77;;;100;6.5;;;;;;;401-500;1.27;;;;;
2024;odontologia;Centro Universitário Fluminense;RJ;401;Privada;;;401-500;6.14;;;301-350;3.12;;;351-400;2.43;;;401-500;0.59;;;;;
2024;odontologia;Unama Faculdade da Amazônia de Macapá;AP;401;Privada;;;401-500;5.41;;;301-350;3.44;;;401-500;1.79;;;501-600;0.18;;;;;
2024;odontologia;Centro Universitário Ceuni;AM;401;Privada;;;401-500;5.97;;;501-600;0.03;;;201-250;4.24;;;401-500;1.7;;;;;
2024;odontologia;Faculdade Unibras do Norte Goiano;GO;401;Privada;;;401-500;7.13;;;301-350;3.09;;;251-300;3.89;;;501-600;0.15;;;;;
2024;odontologia;Centro Universitário de Viçosa;MG;401;Privada;;;351-400;9.26;;;301-350;3.09;;;351-400;2.37;;;251-300;3.8;;;;;
2024;odontologia;Faculdade Minas Gerais;MG;401;Privada;;;401-500;5.79;;;301-350;3.09;;;401-500;0.93;;;401-500;1.77;;;;;
2024;odontologia;Faculdade Ages de Senhor do Bonfim;BA;401;Privada;;;401-500;7.15;;;301-350;3.09;;;301-350;3.18;;;401-500;0.88;;;;;
2024;odontologia;Instituto Superior de Educação Ibituruna;MG;401;Privada;;;401-500;8.36;;;301-350;3.09;;;201-250;4.19;;;401-500;1.08;;;;;
2024;odontologia;Faculdade de Santo Ângelo;RS;401;Privada;;;401-500;5.44;;;201-250;4.8;;;;;;;401-500;0.64;;;;;
2024;odontologia;Centro Universitário Metropolitano de Maringá;PR;401;Privada;;;401-500;7.98;;;201-250;4.44;;;401-500;0.69;;;301-350;2.85;;;;;
2024;odontologia;Centro Universitário Atenas;MG;401;Privada;;;351-400;9.44;;;301-350;3.09;;;201-250;4.64;;;401-500;1.71;;;;;
2024;odontologia;Centro Universitário Estácio do Recife;PE;401;Privada;;;401-500;8.97;;;301-350;3.09;;;401-500;1.27;;;201-250;4.61;;;;;
2024;odontologia;Faculdade Uninassau Lauro de Freitas;BA;401;Privada;;;401-500;8.03;;;301-350;3.09;;;401-500;1.67;;;301-350;3.27;;;;;
2024;odontologia;Centro Universitário Fasipe;MT;401;Privada;;;351-400;9.36;;;201-250;4.97;;;301-350;3.4;;;401-500;0.99;;;;;
2024;odontologia;Centro Universitário Nossa Senhora do Patrocínio;SP;401;Privada;;;401-500;7.79;;;401-500;0.97;;;401-500;0.83;;;134;5.99;;;;;
2024;odontologia;Centro Universitário Maurício de Nassau do Rio de Janeiro;RJ;401;Privada;;;401-500;8.07;;;301-350;3.09;;;401-500;1.39;;;251-300;3.59;;;;;
2024;odontologia;Faculdade Rio Parnaíba;MA;401;Privada;;;401-500;9.03;;;401-500;1.18;;;201-250;4.83;;;301-350;3.02;;;;;
2024;odontologia;Centro Universitário Presidente Tancredo de Almeida Neves;MG;401;Privada;;;401-500;7.67;;;301-350;3.09;;;301-350;3.11;;;401-500;1.47;;;;;
2024;odontologia;Faculdade Santa Rita de Cássia;GO;401;Privada;;;401-500;5.76;;;301-350;3.09;;;501-600;0.23;;;351-400;2.44;;;;;
2024;odontologia;Centro Universitário Estácio de Ribeirão Preto;SP;401;Privada;;;351-400;9.21;;;401-500;0.97;;;401-500;1.65;;;94;6.59;;;;;
2024;odontologia;Centro Universitário Vale do Rio Verde;MG;401;Privada;;;401-500;8.69;;;301-350;3.39;;;401-500;1.62;;;251-300;3.68;;;;;
2024;odontologia;Centro Universitário Ritter dos Reis;RS;401;Privada;;;401-500;7.78;;;201-250;4.8;;;401-500;1.81;;;401-500;1.17;;;;;
2024;odontologia;Faculdade Anhanguera de Rondonópolis;MT;401;Privada;;;401-500;9.02;;;251-300;4.03;;;301-350;2.82;;;351-400;2.17;;;;;
2024;odontologia;Faculdade de Imperatriz Wyden;MA;401;Privada;;;401-500;8.86;;;149;5.76;;;501-600;0.21;;;301-350;2.89;;;;;
2024;odontologia;Faculdade da Amazônia de Porto Velho;RO;401;Privada;;;401-500;5.88;;;251-300;3.59;;;351-400;1.9;;;501-600;0.39;;;;;
2024;odontologia;Instituto Tocantinense Presidente Antonio Carlos;TO;401;Privada;;;401-500;8.13;;;401-500;0.46;;;251-300;3.75;;;251-300;3.92;;;;;
2024;odontologia;Centro Universitário Maurício de Nassau de Maceió;AL;401;Privada;;;401-500;6.54;;;501-600;0.12;;;301-350;3.12;;;301-350;3.3;;;;;
2024;odontologia;Centro Universitário do Vale do Araguaia;MT;401;Privada;;;401-500;7.19;;;251-300;4.03;;;401-500;1.64;;;401-500;1.52;;;;;
2024;odontologia;Centro Universitário - Uniesp;PB;401;Privada;;;401-500;6.98;;;301-350;3.32;;;351-400;2.34;;;401-500;1.32;;;;;
2024;odontologia;Faculdade Anhanguera de Taubaté;SP;401;Privada;;;401-500;6.89;;;401-500;0.97;;;401-500;1.42;;;201-250;4.5;;;;;
2024;odontologia;Faculdade Estácio do Pantanal;MT;401;Privada;;;401-500;6.99;;;251-300;4.03;;;351-400;2.29;;;401-500;0.67;;;;;
2024;odontologia;Centro Universitário Uninorte;AC;401;Privada;;;401-500;8.89;;;251-300;4.08;;;351-400;2.11;;;351-400;2.7;;;;;
2024;odontologia;Faculdade de Apucarana;PR;401;Privada;;;401-500;7.63;;;201-250;4.44;;;351-400;2.05;;;401-500;1.14;;;;;
2024;odontologia;Centro Universitário Brasília do Estado de Goiás;GO;401;Privada;;;401-500;5.63;;;301-350;3.09;;;351-400;2.08;;;401-500;0.46;;;;;
2024;odontologia;Faculdade Uninassau Olinda;PE;401;Privada;;;401-500;5.94;;;301-350;3.09;;;401-500;1.24;;;401-500;1.61;;;;;
2024;odontologia;Faculdade Unibras da Bahia;BA;401;Privada;;;401-500;8.42;;;301-350;3.09;;;181;5.25;;;501-600;0.08;;;;;
2024;odontologia;Faculdade Fasipe de Rondonópolis;MT;401;Privada;;;401-500;7.62;;;251-300;4.03;;;301-350;3.01;;;401-500;0.58;;;;;
2024;odontologia;Faculdade Evangélica de Goianésia;GO;401;Privada;;;401-500;8.28;;;301-350;3.09;;;251-300;4.07;;;401-500;1.12;;;;;
2024;odontologia;Faculdade São Francisco de Cajazeiras;PB;401;Privada;;;401-500;8.44;;;301-350;3.32;;;301-350;2.98;;;351-400;2.14;;;;;
2024;odontologia;Centro Universitário do Instituto de Educação Superior de Brasília;DF;401;Privada;;;401-500;8.78;;;193;5.09;;;401-500;0.89;;;301-350;2.8;;;;;
2024;odontologia;Faculdade Anhanguera de Valparaíso;GO;401;Privada;;;401-500;7.27;;;301-350;3.09;;;351-400;2.51;;;401-500;1.67;;;;;
2024;odontologia;Faculdade Anhanguera de Santa Bárbara;SP;401;Privada;;;401-500;5.67;;;401-500;0.97;;;401-500;1.47;;;301-350;3.23;;;;;
2024;odontologia;Faculdade Anhanguera de Itabuna;BA;401;Privada;;;351-400;9.4;;;301-350;3.09;;;200;4.96;;;401-500;1.35;;;;;
2024;odontologia;Faculdade de Palmeiras de Goiás;GO;401;Privada;;;401-500;7.99;;;301-350;3.09;;;251-300;3.98;;;401-500;0.92;;;;;
2024;odontologia;Universidade da Amazônia;PA;401;Privada;;;401-500;5.5;;;501-600;0.39;;;351-400;2.17;;;301-350;2.94;;;;;
2024;odontologia;Centro Universitário Unisep;PR;401;Privada;;;401-500;6.12;;;201-250;4.44;;;401-500;0.72;;;401-500;0.96;;;;;
2024;odontologia;Universidade Paranaense;PR;401;Privada;;;401-500;7.92;;;78;6.83;;;501-600;0.12;;;401-500;0.97;;;;;
2024;odontologia;Faculdade Uninassau Vitória da Conquista;BA;401;Privada;;;401-500;5.95;;;301-350;3.09;;;401-500;1.45;;;401-500;1.41;;;;;
2024;odontologia;Centro Universitário Unibras do Sudoeste Goiano;GO;401;Privada;;;401-500;8.87;;;301-350;3.09;;;168;5.45;;;501-600;0.33;;;;;
2024;odontologia;Faculdade Uninassau Garanhuns;PE;401;Privada;;;401-500;8.45;;;301-350;3.09;;;351-400;2.54;;;301-350;2.82;;;;;
2024;odontologia;Libertas - Faculdades Integradas;MG;401;Privada;;;351-400;9.36;;;301-350;3.09;;;201-250;4.83;;;401-500;1.44;;;;;
2024;odontologia;Centro Universitário Estácio da Bahia;BA;401;Privada;;;401-500;7.22;;;301-350;3.09;;;401-500;0.52;;;251-300;3.61;;;;;
2024;odontologia;Faculdade Cecape;CE;401;Privada;;;401-500;8.76;;;169;5.46;;;401-500;1.56;;;401-500;1.74;;;;;
2024;odontologia;Centro Universitário de Pato Branco;PR;401;Privada;;;401-500;6.97;;;201-250;4.44;;;401-500;0.95;;;401-500;1.58;;;;;
2024;odontologia;Faculdade Estácio São Paulo de Rondônia;RO;401;Privada;;;401-500;5.38;;;251-300;3.59;;;401-500;1.53;;;501-600;0.26;;;;;
2024;odontologia;Centro Universitário da Amazônia Belém;PA;401;Privada;;;401-500;7.3;;;501-600;0.39;;;251-300;3.52;;;301-350;3.39;;;;;
2024;odontologia;UGV Centro Universitário;PR;401;Privada;;;401-500;7.11;;;201-250;4.44;;;351-400;2.14;;;401-500;0.53;;;;;
2024;odontologia;Centro Universitário Aeso - Barros Melo;PE;401;Privada;;;401-500;6.9;;;301-350;3.09;;;501-600;0.35;;;301-350;3.46;;;;;
2024;odontologia;Instituto de Serra Dourada;SP;401;Privada;;;401-500;6.49;;;401-500;0.97;;;301-350;3.14;;;351-400;2.38;;;;;
2024;odontologia;Instituto Universitário Una de Catalão;GO;401;Privada;;;401-500;6.71;;;301-350;3.09;;;301-350;2.88;;;401-500;0.74;;;;;
2024;odontologia;Faculdade Rebouças de Campina Grande;PB;401;Privada;;;351-400;9.05;;;301-350;3.32;;;151;5.71;;;501-600;0.02;;;;;
2024;odontologia;Faculdade Anhanguera de Teixeira de Freitas;BA;401;Privada;;;401-500;7.8;;;301-350;3.09;;;301-350;2.71;;;351-400;2;;;;;
2024;odontologia;Faculdade Independente do Nordeste;BA;401;Privada;;;401-500;7.53;;;201-250;4.53;;;401-500;1.7;;;401-500;1.3;;;;;
2024;odontologia;Faculdade de Teologia, Filosofia e Ciências Humanas Gamaliel;PA;401;Privada;;;401-500;8.63;;;501-600;0.39;;;1;8;;;501-600;0.24;;;;;
2024;odontologia;Instituição de Ensino Superior de Cacoal;RO;401;Privada;;;401-500;7.55;;;251-300;3.59;;;251-300;3.73;;;501-600;0.23;;;;;
2024;odontologia;Centro Universitário Maurício de Nassau Paulista;PE;401;Privada;;;401-500;7.61;;;301-350;3.09;;;351-400;1.99;;;351-400;2.53;;;;;
2024;odontologia;Faculdades Integradas de Patos;PB;401;Privada;;;401-500;7.06;;;301-350;3.32;;;401-500;0.63;;;301-350;3.11;;;;;
2024;odontologia;Centro Universitário Estácio de Ji-paraná;RO;401;Privada;;;401-500;6.51;;;251-300;3.59;;;401-500;1.36;;;401-500;1.56;;;;;
2024;odontologia;Faculdade Cesumar de Londrina;PR;401;Privada;;;401-500;8.24;;;201-250;4.44;;;401-500;1.01;;;301-350;2.79;;;;;
2024;odontologia;Universidade de Gurupi;TO;501;Municipal;;;501-600;2.61;;;501-600;0.14;;;401-500;1.82;;;401-500;0.65;;;;;
2024;odontologia;Faculdades Sulamérica Bahia;BA;501;Privada;;;501-600;3.31;;;301-350;3.09;;;501-600;0.02;;;501-600;0.2;;;;;
2024;odontologia;Faculdade de Iporá;GO;501;Privada;;;501-600;3.33;;;301-350;3.09;;;501-600;0.18;;;501-600;0.06;;;;;
2024;odontologia;Instituto Serra Dourada;PA;501;Privada;;;501-600;4.64;;;501-600;0.39;;;301-350;3.23;;;401-500;1.02;;;;;
2024;odontologia;Faculdade Santo Antonio BA;BA;501;Privada;;;501-600;3.91;;;301-350;3.09;;;;;;;401-500;0.82;;;;;
2024;odontologia;Faculdade de Odontologia de Manaus;AM;501;Privada;;;501-600;0.52;;;501-600;0.03;;;401-500;0.4;;;501-600;0.09;;;;;
2024;odontologia;Faculdade Ideal Wyden;PA;501;Privada;;;501-600;2.8;;;501-600;0.39;;;401-500;0.38;;;351-400;2.03;;;;;
2024;odontologia;Faculdade Unibras do Maranhão;MA;501;Privada;;;501-600;3.88;;;401-500;1.18;;;351-400;2.65;;;501-600;0.05;;;;;
2024;odontologia;Faculdade Quirinópolis;GO;501;Privada;;;501-600;4.97;;;301-350;3.09;;;401-500;1.59;;;501-600;0.29;;;;;
2024;odontologia;Centro Universitário Campo Limpo Paulista;SP;501;Privada;;;501-600;4.22;;;401-500;0.97;;;401-500;1.58;;;401-500;1.67;;;;;
2024;odontologia;Instituto Esperança de Ensino Superior;PA;501;Privada;;;501-600;0.66;;;501-600;0.39;;;501-600;0.15;;;501-600;0.12;;;;;
2024;odontologia;Faculdade Vale do Aço;MA;501;Privada;;;501-600;2.82;;;401-500;1.18;;;401-500;1.22;;;501-600;0.42;;;;;
2024;odontologia;Faculdade de Ciências do Tocantins;TO;501;Privada;;;501-600;3.73;;;401-500;0.46;;;401-500;1.16;;;351-400;2.11;;;;;
2024;odontologia;Faculdade Soberana de Arapiraca;AL;501;Privada;;;501-600;1.52;;;501-600;0.12;;;501-600;0.11;;;401-500;1.29;;;;;
2024;odontologia;Faculdade Adventista da Bahia;BA;501;Privada;;;401-500;5.19;;;301-350;3.09;;;401-500;0.99;;;401-500;1.11;;;;;
2024;odontologia;Instituto Macapaense de Ensino Superior;AP;501;Privada;;;501-600;3.75;;;301-350;3.44;;;501-600;0.28;;;501-600;0.03;;;;;
2024;odontologia;Faculdade Uninorte Marabá;PA;501;Privada;;;501-600;0.88;;;501-600;0.39;;;;;;;401-500;0.49;;;;;
2024;odontologia;Faculdade Empresarial de Chapecó;SC;501;Privada;;;501-600;4.51;;;251-300;3.79;;;501-600;0.2;;;401-500;0.52;;;;;
2024;odontologia;Centro Universitário de Ciências e Tecnologia do Maranhão;MA;501;Privada;;;501-600;5.18;;;401-500;1.18;;;251-300;3.5;;;401-500;0.5;;;;;
2024;odontologia;Centro Universitário Fai;SC;501;Privada;;;501-600;4.92;;;251-300;3.79;;;401-500;0.57;;;401-500;0.56;;;;;
2024;odontologia;Faculdade Presidente Antônio Carlos de Teófilo Otoni;MG;501;Privada;;;401-500;5.26;;;301-350;3.09;;;401-500;0.58;;;401-500;1.59;;;;;
2024;odontologia;Centro Universitário Estácio de São Luís;MA;501;Privada;;;501-600;4.08;;;401-500;1.18;;;501-600;0.35;;;351-400;2.55;;;;;
2024;odontologia;Centro Universitário da Amazônia;PA;501;Privada;;;501-600;4.79;;;501-600;0.39;;;301-350;3.04;;;401-500;1.36;;;;;
2024;odontologia;Faculdade para o Desenvolvimento Sustentável da Amazônia;PA;501;Privada;;;501-600;0.56;;;501-600;0.39;;;;;;;501-600;0.17;;;;;
2024;odontologia;Faculdade CTA;SP;501;Privada;;;501-600;3.54;;;401-500;0.97;;;501-600;0.05;;;351-400;2.52;;;;;
2024;odontologia;Unama Faculdade da Amazônia de Boa Vista;RR;501;Privada;;;501-600;4.69;;;401-500;0.49;;;301-350;3.2;;;401-500;1;;;;;
2024;odontologia;Faculdade Maurício de Nassau de Imperatriz;MA;501;Privada;;;501-600;4.96;;;401-500;1.18;;;351-400;2.51;;;401-500;1.27;;;;;
2024;odontologia;Faculdade de Ciências e Tecnologia de Janaúba;MG;501;Privada;;;501-600;4.89;;;301-350;3.09;;;401-500;1.09;;;401-500;0.71;;;;;
2025;odontologia;Universidade de São Paulo;SP;1;Estadual;1;30;1;68.29;;;27;7.63;;;1;8;;;5;7.94;1;40;1;92;4.72
2025;odontologia;Universidade Estadual de Campinas;SP;2;Estadual;2;29.83;2;67.37;;;12;7.84;;;1;8;;;6;7.93;2;39.09;2;107;4.51
2025;odontologia;Universidade Estadual Paulista Júlio de Mesquita Filho;SP;3;Estadual;2;29.83;3;66.59;;;27;7.63;;;1;8;;;1;8;3;38.18;3;88;4.78
2025;odontologia;Universidade Federal de Minas Gerais;MG;4;Federal;2;29.83;4;65.28;;;5;7.94;;;1;8;;;12;7.84;3;38.18;4;191;3.32
2025;odontologia;Universidade Federal do Rio Grande do Sul;RS;5;Federal;5;29.33;5;64.2;;;3;7.97;;;1;8;;;7;7.91;5;36.36;5;146;3.96
2025;odontologia;Universidade Federal do Paraná;PR;6;Federal;5;29.33;7;61.63;;;9;7.89;;;1;8;;;10;7.87;8;33.64;6;127;4.23
2025;odontologia;Faculdade São Leopoldo Mandic;SP;7;Privada;5;29.33;8;61.36;;;68;7.04;;;180;5.42;;;23;7.69;5;36.36;1;83;4.85
2025;odontologia;Universidade Federal de Santa Catarina;SC;8;Federal;11;28.33;6;62.08;;;16;7.79;;;1;8;;;11;7.86;8;33.64;7;87;4.79
2025;odontologia;Universidade Federal de Uberlândia;MG;9;Federal;11;28.33;9;61.1;;;45;7.37;;;1;8;;;19;7.74;8;33.64;8;118;4.35
2025;odontologia;Universidade Federal do Rio de Janeiro;RJ;10;Federal;5;29.33;13;60.03;;;10;7.87;;;1;8;;;15;7.8;8;33.64;9;201-250;2.72
2025;odontologia;Universidade Federal de Alfenas;MG;11;Federal;11;28.33;11;60.56;;;42;7.41;;;1;8;;;18;7.76;8;33.64;10;161;3.75
2025;odontologia;Universidade de Brasília;DF;12;Federal;11;28.33;14;59.97;;;23;7.69;;;1;8;;;27;7.63;8;33.64;11;201-250;3.01
2025;odontologia;Universidade Federal de Goiás;GO;13;Federal;11;28.33;15;59.89;;;15;7.8;;;1;8;;;25;7.66;8;33.64;12;201-250;2.79
2025;odontologia;Universidade Federal de Pelotas;RS;14;Federal;33;24.67;10;60.59;;;32;7.56;;;1;8;;;154;5.81;5;36.36;13;201-250;2.86
2025;odontologia;Universidade Federal do Rio Grande do Norte;RN;15;Federal;33;24.67;12;60.13;;;6;7.93;;;1;8;;;44;7.39;8;33.64;14;201-250;3.17
2025;odontologia;Universidade de Ribeirão Preto;SP;16;Privada;33;24.67;16;54.49;;;122;6.27;;;251-300;3.81;;;26;7.64;8;33.64;2;201-250;3.13
2025;odontologia;Universidade de Uberaba;MG;17;Privada;11;28.33;23;48.33;;;99;6.6;;;401-500;1.52;;;301-350;3.68;8;33.64;3;201-250;2.89
2025;odontologia;Universidade Professor Edson Antônio Velano;MG;18;Privada;33;24.67;17;51.98;;;201-250;4.63;;;201-250;4.78;;;120;6.3;8;33.64;4;201-250;2.63
2025;odontologia;Universidade Federal de Juiz de Fora;MG;19;Federal;11;28.33;25;47.32;;;29;7.6;;;1;8;;;32;7.56;22;20.91;15;196;3.25
2025;odontologia;Universidade Federal do Ceará;CE;20;Federal;11;28.33;27;47.17;;;8;7.9;;;1;8;;;33;7.54;22;20.91;16;201-250;2.82
2025;odontologia;Universidade Federal da Paraíba;PB;21;Federal;33;24.67;20;50.4;;;22;7.7;;;1;8;;;16;7.79;22;20.91;17;1;6
2025;odontologia;Universidade Estadual de Maringá;PR;22;Estadual;33;24.67;21;49.3;;;26;7.64;;;1;8;;;9;7.89;22;20.91;18;82;4.86
2025;odontologia;Universidade Estadual de Londrina;PR;23;Estadual;33;24.67;22;49.04;;;49;7.31;;;1;8;;;13;7.83;22;20.91;19;73;4.99
2025;odontologia;Centro Universitário Christus;CE;24;Privada;33;24.67;26;47.2;;;30;7.59;;;1;8;;;149;5.88;22;20.91;5;85;4.82
2025;odontologia;Universidade Estadual do Sudoeste da Bahia;BA;25;Estadual;33;24.67;28;46.91;;;51;7.29;;;1;8;;;82;6.84;22;20.91;20;152;3.87
2025;odontologia;Pontifícia Universidade Católica do Paraná;PR;26;Privada;11;28.33;31;43.19;;;69;7.03;;;251-300;3.78;;;45;7.37;22;20.91;6;136;4.1
2025;odontologia;Universidade do Estado do Rio de Janeiro;RJ;27;Estadual;11;28.33;32;43.07;;;35;7.51;;;201-250;4.66;;;38;7.47;22;20.91;21;201-250;2.52
2025;odontologia;Pontifícia Universidade Católica do Rio Grande do Sul;RS;28;Privada;11;28.33;33;41.73;;;49;7.31;;;351-400;2.31;;;66;7.07;22;20.91;7;134;4.13
2025;odontologia;Pontifícia Universidade Católica de Minas Gerais;MG;29;Privada;5;29.33;37;39.51;;;82;6.84;;;351-400;2.34;;;124;6.24;22;20.91;8;201-250;3.18
2025;odontologia;Universidade Santo Amaro;SP;30;Privada;11;28.33;36;40.33;;;251-300;4.36;;;181;5.4;;;119;6.31;22;20.91;9;189;3.35
2025;odontologia;Pontifícia Universidade Católica de Campinas;SP;31;Privada;11;28.33;41;38.26;;;201-250;5.14;;;401-500;0.81;;;65;7.08;22;20.91;10;120;4.32
2025;odontologia;Universidade Católica de Brasília;DF;32;Privada;11;28.33;42;37.92;;;116;6.36;;;401-500;1.68;;;164;5.67;22;20.91;11;193;3.3
2025;odontologia;Universidade de Passo Fundo;RS;33;Privada;33;24.67;38;39.49;;;141;6;;;201-250;4.69;;;106;6.5;22;20.91;12;301-350;1.39
2025;odontologia;Universidade Tuiuti do Paraná;PR;34;Privada;33;24.67;39;38.83;;;108;6.47;;;401-500;1.26;;;140;6.01;22;20.91;13;130;4.18
2025;odontologia;Faculdade de Enfermagem Nova Esperança de Mossoró;RN;35;Privada;33;24.67;40;38.5;;;251-300;4.27;;;1;8;;;401-500;1.23;22;20.91;14;137;4.09
2025;odontologia;Universidade Franciscana;RS;36;Privada;118;10.5;19;51.51;;;165;5.66;;;199;5.14;;;165;5.65;8;33.64;15;301-350;1.42
2025;odontologia;Faculdade Arnaldo Janssen;MG;37;Privada;118;10.5;24;47.96;;;126;6.21;;;501-600;0.1;;;201-250;4.74;8;33.64;16;195;3.27
2025;odontologia;Universidade Estadual de Ponta Grossa;PR;38;Estadual;11;28.33;46;28.11;;;43;7.4;;;1;8;;;22;7.7;;;22;71;5.01
2025;odontologia;Universidade Federal da Bahia;BA;39;Federal;11;28.33;51;26.75;;;24;7.67;;;1;8;;;51;7.28;;;23;157;3.8
2025;odontologia;Universidade Federal Fluminense;RJ;40;Federal;11;28.33;67;25;;;40;7.44;;;1;8;;;17;7.77;;;24;251-300;1.79
2025;odontologia;Universidade Estadual do Oeste do Paraná;PR;41;Estadual;33;24.67;45;28.42;;;74;6.96;;;1;8;;;39;7.46;;;25;1;6
2025;odontologia;Universidade Federal do Espírito Santo;ES;42;Federal;33;24.67;47;27.49;;;4;7.96;;;1;8;;;8;7.9;;;26;169;3.63
2025;odontologia;Centro Universitário Doutor Leão Sampaio;CE;43;Privada;;;18;51.98;;;63;7.11;;;251-300;4.06;;;301-350;3.52;8;33.64;17;168;3.65
2025;odontologia;Universidade Federal do Maranhão;MA;44;Federal;33;24.67;49;27.22;;;17;7.77;;;1;8;;;40;7.44;;;27;142;4.01
2025;odontologia;Faculdade de Ciências Odontológicas;MG;45;Privada;118;10.5;34;41.28;;;201-250;5.11;;;1;8;;;251-300;4.22;22;20.91;18;201-250;3.04
2025;odontologia;Universidade Federal do Piauí;PI;46;Federal;33;24.67;50;26.95;;;1;8;;;1;8;;;102;6.56;;;28;115;4.39
2025;odontologia;Universidade Federal do Pará;PA;47;Federal;33;24.67;52;26.75;;;121;6.29;;;1;8;;;20;7.73;;;29;91;4.73
2025;odontologia;Universidade Federal de Santa Maria;RS;48;Federal;33;24.67;53;26.71;;;18;7.76;;;1;8;;;14;7.81;;;30;201-250;3.14
2025;odontologia;Universidade Estadual do Norte do Paraná;PR;49;Estadual;33;24.67;54;26.7;;;74;6.96;;;1;8;;;46;7.36;;;31;116;4.38
2025;odontologia;Universidade Federal de Sergipe;SE;50;Federal;33;24.67;55;26.51;;;48;7.33;;;1;8;;;43;7.4;;;32;159;3.78
2025;odontologia;Universidade Estadual de Montes Claros;MG;51;Estadual;33;24.67;56;26.26;;;33;7.54;;;1;8;;;60;7.16;;;33;174;3.56
2025;odontologia;Universidade Federal de Pernambuco;PE;52;Federal;33;24.67;57;25.96;;;20;7.73;;;1;8;;;24;7.67;;;34;201-250;2.56
2025;odontologia;Universidade Federal dos Vales do Jequitinhonha e Mucuri;MG;53;Federal;33;24.67;58;25.78;;;73;6.97;;;1;8;;;28;7.61;;;35;200;3.2
2025;odontologia;Universidade Federal de Alagoas;AL;54;Federal;33;24.67;61;25.53;;;25;7.66;;;1;8;;;63;7.11;;;36;201-250;2.76
2025;odontologia;Universidade do Oeste Paulista;SP;55;Privada;33;24.67;63;25.24;;;2;7.99;;;201-250;4.74;;;105;6.51;;;19;1;6
2025;odontologia;Universidade Estadual de Feira de Santana;BA;56;Estadual;33;24.67;65;25.02;;;37;7.49;;;1;8;;;83;6.83;;;37;201-250;2.7
2025;odontologia;Centro Universitário São José;RJ;56;Privada;33;24.67;65;25.02;;;143;5.97;;;177;5.46;;;30;7.59;;;20;1;6
2025;odontologia;Universidade Positivo;PR;58;Privada;33;24.67;71;24.53;;;92;6.7;;;156;5.76;;;1;8;;;21;138;4.07
2025;odontologia;Universidade de Pernambuco;PE;59;Estadual;33;24.67;73;23.52;;;14;7.81;;;145;5.92;;;47;7.34;;;38;251-300;2.45
2025;odontologia;Faculdade Israelita de Ciências da Saúde Albert Einstein;SP;60;Privada;118;10.5;43;37.51;;;501-600;0.6;;;1;8;;;1;8;22;20.91;22;;
2025;odontologia;Universidade Cesumar;PR;61;Privada;33;24.67;76;23.23;;;114;6.39;;;251-300;4.23;;;35;7.51;;;23;65;5.1
2025;odontologia;Centro Universitário de Várzea Grande;MT;62;Privada;33;24.67;77;22.96;;;95;6.66;;;1;8;;;100;6.58;;;24;301-350;1.72
2025;odontologia;Universidade Nove de Julho;SP;63;Privada;11;28.33;142;19.29;;;201-250;4.66;;;201-250;4.46;;;153;5.83;;;25;119;4.34
2025;odontologia;Centro Universitário Aparício Carvalho;RO;64;Privada;33;24.67;79;22.68;;;101;6.57;;;1;8;;;251-300;4.39;;;26;163;3.72
2025;odontologia;Universidade Estadual da Paraíba;PB;65;Estadual;33;24.67;93;21.45;;;56;7.21;;;1;8;;;351-400;2.39;;;39;154;3.85
2025;odontologia;Universidade de Marília;SP;66;Privada;33;24.67;96;21.29;;;41;7.43;;;201-250;4.48;;;201-250;4.58;;;27;86;4.8
2025;odontologia;Universidade de Fortaleza;CE;67;Privada;11;28.33;192;17.33;;;107;6.49;;;351-400;2.6;;;145;5.94;;;28;251-300;2.3
2025;odontologia;Escola Bahiana de Medicina e Saúde Pública;BA;68;Privada;33;24.67;101;20.91;;;87;6.77;;;1;8;;;201-250;4.59;;;29;301-350;1.55
2025;odontologia;Faculdade de Odontologia da Apcd;SP;69;Privada;33;24.67;102;20.89;;;159;5.74;;;401-500;2.17;;;72;6.98;;;30;1;6
2025;odontologia;Faculdade Herrero;PR;70;Privada;33;24.67;104;20.77;;;96;6.64;;;171;5.55;;;251-300;3.82;;;31;89;4.76
2025;odontologia;Universidade Federal de Mato Grosso do Sul;MS;71;Federal;;;29;45.4;;;19;7.74;;;165;5.63;;;36;7.5;22;20.91;40;170;3.62
2025;odontologia;Universidade do Estado do Rio Grande do Norte;RN;72;Estadual;;;30;45.17;;;65;7.09;;;1;8;;;69;7.03;22;20.91;41;251-300;2.14
2025;odontologia;Centro Universitário das Faculdades Integradas de Ourinhos;SP;73;Privada;33;24.67;109;20.48;;;80;6.87;;;401-500;2.11;;;74;6.96;;;32;105;4.54
2025;odontologia;Centro Universitário Unidade de Ensino Superior Dom Bosco;MA;74;Privada;33;24.67;112;20.28;;;86;6.79;;;201-250;5.03;;;138;6.04;;;33;251-300;2.42
2025;odontologia;Universidade Paulista;SP;75;Privada;5;29.33;201-250;15.61;;;90;6.73;;;301-350;3.52;;;201-250;5.11;;;34;401-500;0.25
2025;odontologia;Universidade Evangélica de Goiás;GO;76;Privada;33;24.67;117;20.13;;;81;6.86;;;149;5.86;;;251-300;4.02;;;35;186;3.39
2025;odontologia;Universidade de Caxias do Sul;RS;77;Privada;33;24.67;126;19.84;;;140;6.01;;;351-400;2.56;;;101;6.57;;;36;93;4.7
2025;odontologia;Universidade Luterana do Brasil;RS;78;Privada;11;28.33;201-250;16.13;;;127;6.2;;;201-250;4.72;;;201-250;4.65;;;37;351-400;0.56
2025;odontologia;Centro Universitário Sagrado Coração;SP;79;Privada;33;24.67;132;19.66;;;197;5.2;;;251-300;3.97;;;31;7.57;;;38;201-250;2.92
2025;odontologia;Centro Universitário de Volta Redonda;RJ;80;Privada;33;24.67;137;19.49;;;201-250;4.97;;;182;5.39;;;108;6.47;;;39;201-250;2.66
2025;odontologia;Universidade Santa Cecília;SP;81;Privada;33;24.67;139;19.46;;;174;5.53;;;201-250;4.4;;;188;5.32;;;40;128;4.21
2025;odontologia;Centro Universitário Faminas;MG;82;Privada;33;24.67;141;19.34;;;163;5.69;;;201-250;4.91;;;152;5.84;;;41;201-250;2.9
2025;odontologia;Universidade Católica de Pelotas;RS;83;Privada;33;24.67;149;18.93;;;130;6.16;;;201-250;4.49;;;147;5.91;;;42;251-300;2.37
2025;odontologia;Universidade Metodista de São Paulo;SP;84;Privada;33;24.67;162;18.53;;;183;5.4;;;401-500;1.81;;;123;6.25;;;43;67;5.07
2025;odontologia;Universidade Ceuma;MA;85;Privada;33;24.67;167;18.27;;;170;5.59;;;166;5.62;;;201-250;4.75;;;44;251-300;2.31
2025;odontologia;Centro Universitário Arthur Sá Earp Neto;RJ;86;Privada;33;24.67;168;18.17;;;53;7.26;;;172;5.53;;;301-350;3.62;;;45;301-350;1.76
2025;odontologia;Universidade Vila Velha;ES;87;Privada;33;24.67;180;17.8;;;11;7.86;;;401-500;2.05;;;148;5.9;;;46;251-300;1.99
2025;odontologia;Centro Universitário Newton Paiva;MG;88;Privada;11;28.33;301-350;13.8;;;194;5.24;;;401-500;1.98;;;166;5.64;;;47;351-400;0.94
2025;odontologia;Centro Universitário Faesa;ES;89;Privada;33;24.67;190;17.39;;;89;6.74;;;169;5.57;;;301-350;3.49;;;48;301-350;1.59
2025;odontologia;Universidade do Vale do Itajaí;SC;90;Privada;33;24.67;191;17.36;;;59;7.17;;;301-350;3.26;;;201-250;4.82;;;49;251-300;2.11
2025;odontologia;Universidade Metropolitana de Santos;SP;91;Privada;33;24.67;193;17.26;;;189;5.31;;;251-300;3.71;;;251-300;4.24;;;50;143;4
2025;odontologia;Universidade de Taubaté;SP;92;Municipal;33;24.67;197;16.84;;;351-400;2.7;;;175;5.49;;;80;6.87;;;42;301-350;1.78
2025;odontologia;Universidade de Araraquara;SP;93;Privada;33;24.67;201-250;16.32;;;201-250;4.8;;;401-500;1.13;;;21;7.71;;;51;201-250;2.68
2025;odontologia;Centro Universitário Alfredo Nasser;GO;94;Privada;;;35;40.68;;;45;7.37;;;1;8;;;351-400;2.75;22;20.91;52;301-350;1.65
2025;odontologia;Centro Universitário Cesuca;RS;95;Privada;33;24.67;201-250;15.94;;;145;5.94;;;401-500;0.82;;;96;6.64;;;53;201-250;2.54
2025;odontologia;Universidade de Santa Cruz do Sul;RS;96;Privada;33;24.67;201-250;15.74;;;160;5.73;;;401-500;2.14;;;174;5.52;;;54;251-300;2.35
2025;odontologia;Centro Universitário do Triângulo;MG;97;Privada;11;28.33;351-400;12.07;;;301-350;3.2;;;351-400;2.28;;;301-350;3.01;;;55;173;3.58
2025;odontologia;Universidade de Vassouras;RJ;98;Privada;33;24.67;201-250;15.42;;;201-250;4.7;;;151;5.83;;;351-400;2.73;;;56;251-300;2.16
2025;odontologia;Centro Universitário Cesmac;AL;99;Privada;33;24.67;201-250;15.37;;;172;5.56;;;401-500;1.07;;;251-300;4.19;;;57;104;4.55
2025;odontologia;Universidade Cruzeiro do Sul;SP;99;Privada;33;24.67;201-250;15.37;;;301-350;3.66;;;251-300;3.99;;;76;6.93;;;57;351-400;0.79
2025;odontologia;Universidade Comunitária da Região de Chapecó;SC;101;Privada;33;24.67;201-250;15.33;;;351-400;2.41;;;190;5.27;;;301-350;3.09;;;59;103;4.56
2025;odontologia;Universidade de Sorocaba;SP;102;Privada;33;24.67;251-300;15.17;;;67;7.06;;;501-600;0.27;;;93;6.68;;;60;301-350;1.16
2025;odontologia;Centro Universitário - Uniesp;PB;103;Privada;33;24.67;251-300;15.01;;;201-250;4.83;;;201-250;5;;;401-500;1.76;;;61;184;3.42
2025;odontologia;Universidade de Itaúna;MG;104;Privada;33;24.67;251-300;14.39;;;187;5.34;;;401-500;1.29;;;301-350;3.15;;;62;100;4.61
2025;odontologia;Centro Universitário de Maceió;AL;105;Privada;33;24.67;251-300;14.33;;;201-250;4.79;;;401-500;2.21;;;161;5.71;;;63;301-350;1.62
2025;odontologia;Universidade Potiguar;RN;106;Privada;33;24.67;251-300;14.32;;;251-300;4.39;;;301-350;3.11;;;196;5.21;;;64;301-350;1.61
2025;odontologia;Universidade do Sul de Santa Catarina;SC;107;Privada;33;24.67;251-300;14.25;;;251-300;3.77;;;401-500;2.22;;;132;6.13;;;65;251-300;2.13
2025;odontologia;Universidade Regional de Blumenau;SC;108;Municipal;33;24.67;251-300;14.06;;;85;6.8;;;401-500;0.92;;;201-250;4.51;;;43;251-300;1.83
2025;odontologia;Centro Universitário Avantis;SC;109;Privada;33;24.67;251-300;13.84;;;251-300;4.26;;;301-350;3.03;;;401-500;1.93;;;66;99;4.62
2025;odontologia;Faculdade Anhanguera de Poços de Caldas;MG;110;Privada;33;24.67;301-350;13.8;;;201-250;4.5;;;201-250;4.79;;;251-300;4.17;;;67;401-500;0.34
2025;odontologia;Universidade Tiradentes;SE;111;Privada;33;24.67;301-350;13.68;;;251-300;4.16;;;501-600;0.49;;;185;5.37;;;68;167;3.66
2025;odontologia;Centro Universitário do Distrito Federal;DF;112;Privada;33;24.67;301-350;13.51;;;157;5.77;;;351-400;2.43;;;201-250;4.45;;;69;351-400;0.86
2025;odontologia;Faculdade Anhanguera de Uberlândia;MG;113;Privada;33;24.67;301-350;13.45;;;201-250;4.73;;;201-250;4.75;;;301-350;3.58;;;70;351-400;0.39
2025;odontologia;Universidade Federal do Amazonas;AM;114;Federal;118;10.5;48;27.45;;;13;7.83;;;1;8;;;56;7.21;;;44;114;4.41
2025;odontologia;Universidade Pitágoras Unopar Anhanguera;PR;115;Privada;33;24.67;301-350;13.15;;;401-500;2.26;;;251-300;3.83;;;88;6.76;;;71;401-500;0.3
2025;odontologia;Universidade de Cuiabá;MT;116;Privada;33;24.67;301-350;13.14;;;351-400;2.57;;;152;5.82;;;251-300;4.27;;;72;351-400;0.48
2025;odontologia;Centro Universitário São Lucas Porto Velho;RO;117;Privada;33;24.67;301-350;12.92;;;201-250;4.57;;;173;5.52;;;401-500;1.96;;;73;351-400;0.87
2025;odontologia;Faculdades Integradas dos Campos Gerais;PR;118;Privada;33;24.67;301-350;12.81;;;201-250;4.7;;;401-500;1.53;;;401-500;1.95;;;74;98;4.63
2025;odontologia;Universidade Iguaçu;RJ;119;Privada;33;24.67;351-400;12.23;;;201-250;5.1;;;251-300;3.74;;;401-500;1.69;;;75;301-350;1.7
2025;odontologia;Centro Universitário de Ensino, Ciência e Tecnologia do Paraná;PR;120;Privada;;;44;36.65;;;401-500;2.26;;;1;8;;;177;5.48;22;20.91;76;;
2025;odontologia;Universidade Cidade de São Paulo;SP;121;Privada;33;24.67;351-400;11.59;;;251-300;3.73;;;401-500;1.79;;;301-350;3.22;;;77;201-250;2.85
2025;odontologia;Universidade do Vale do Taquari;RS;122;Privada;118;10.5;59;25.74;;;66;7.07;;;1;8;;;156;5.78;;;78;80;4.89
2025;odontologia;Centro Universitário Maurício de Nassau;PE;123;Privada;33;24.67;351-400;11.53;;;301-350;3.57;;;301-350;3.15;;;301-350;3.46;;;79;301-350;1.35
2025;odontologia;Universidade Vale do Rio Doce;MG;124;Privada;33;24.67;351-400;11.06;;;62;7.13;;;501-600;0.56;;;401-500;0.89;;;80;251-300;2.48
2025;odontologia;Centro Universitário Maurício de Nassau de Cacoal;RO;125;Privada;33;24.67;351-400;10.94;;;301-350;3.61;;;251-300;4.25;;;401-500;1.26;;;81;251-300;1.82
2025;odontologia;Centro Universitário Multivix Vitória;ES;126;Privada;118;10.5;68;24.98;;;34;7.53;;;148;5.88;;;171;5.57;;;82;1;6
2025;odontologia;Universidade Salgado de Oliveira;RJ;127;Privada;33;24.67;401-500;8.44;;;401-500;2;;;501-600;0.78;;;401-500;2.25;;;83;185;3.41
2025;odontologia;Faculdade de Ensino Superior da Cidade de Feira de Santana;BA;128;Privada;118;10.5;80;22.58;;;351-400;2.63;;;1;8;;;144;5.95;;;84;1;6
2025;odontologia;Centro Universitário Brasileiro;PE;129;Privada;118;10.5;82;22.5;;;55;7.23;;;301-350;3.45;;;81;6.86;;;85;75;4.96
2025;odontologia;Centro Universitário das Faculdades Metropolitanas Unidas;SP;130;Privada;33;24.67;401-500;7.98;;;401-500;2.04;;;401-500;1.01;;;251-300;4.25;;;86;351-400;0.68
2025;odontologia;Pontifícia Universidade Católica de Goiás;GO;131;Privada;33;24.67;401-500;7.56;;;501-600;0.77;;;501-600;0.68;;;133;6.11;;;87;;
2025;odontologia;Centro Universitário Uninovafapi;PI;132;Privada;118;10.5;95;21.32;;;251-300;4.07;;;1;8;;;114;6.38;;;88;201-250;2.87
2025;odontologia;Centro Universitário Fibra;PA;133;Privada;118;10.5;97;21.24;;;105;6.51;;;201-250;4.53;;;192;5.27;;;89;77;4.93
2025;odontologia;Universidade de Mogi das Cruzes;SP;134;Privada;118;10.5;100;20.94;;;111;6.43;;;251-300;4.3;;;201-250;5.1;;;90;64;5.11
2025;odontologia;Afya Faculdade de Ciências Médicas de Palmas;TO;135;Privada;118;10.5;123;19.87;;;152;5.84;;;251-300;4.22;;;201-250;4.84;;;91;74;4.97
2025;odontologia;Centro Universitário Braz Cubas;SP;136;Privada;118;10.5;135;19.55;;;195;5.23;;;351-400;2.47;;;151;5.85;;;92;1;6
2025;odontologia;Universidade da Região de Joinville;SC;137;Privada;118;10.5;144;19.22;;;39;7.46;;;251-300;4.14;;;187;5.34;;;93;251-300;2.28
2025;odontologia;Universidade do Grande Rio Professor José de Souza Herdy;RJ;138;Privada;118;10.5;155;18.76;;;201-250;5.04;;;1;8;;;301-350;3.71;;;94;251-300;2.01
2025;odontologia;Faculdade Pernambucana de Saúde;PE;139;Privada;118;10.5;157;18.71;;;64;7.1;;;301-350;3.08;;;351-400;2.53;;;95;1;6
2025;odontologia;Centro Universitário Fametro;CE;140;Privada;118;10.5;160;18.66;;;184;5.39;;;251-300;4.01;;;201-250;4.79;;;96;110;4.47
2025;odontologia;Centro Universitário Euro-americano;DF;141;Privada;118;10.5;163;18.49;;;133;6.11;;;251-300;4.09;;;175;5.51;;;97;201-250;2.78
2025;odontologia;Centro Universitário Funvic;SP;142;Privada;118;10.5;171;17.99;;;117;6.34;;;301-350;3.6;;;301-350;3.02;;;98;70;5.03
2025;odontologia;Universidade Veiga de Almeida;RJ;143;Privada;118;10.5;178;17.86;;;84;6.81;;;401-500;1.55;;;157;5.77;;;99;162;3.73
2025;odontologia;Centro Universitário Católica de Quixadá;CE;144;Privada;118;10.5;184;17.72;;;132;6.13;;;201-250;5.11;;;301-350;3.48;;;100;201-250;3
2025;odontologia;Centro Universitário Unime;BA;145;Privada;118;10.5;188;17.5;;;31;7.57;;;201-250;4.85;;;201-250;4.54;;;101;351-400;0.54
2025;odontologia;Centro Universitário Ceuni;AM;146;Privada;118;10.5;196;16.89;;;351-400;2.66;;;201-250;4.92;;;301-350;3.31;;;102;1;6
2025;odontologia;Centro Universitário Una de Contagem;MG;147;Privada;118;10.5;201-250;16.45;;;351-400;2.69;;;301-350;3.02;;;94;6.67;;;103;138;4.07
2025;odontologia;Centro Universitário Católica do Leste de Minas Gerais;MG;148;Privada;118;10.5;201-250;16.44;;;201-250;4.74;;;301-350;3.64;;;201-250;4.61;;;104;182;3.45
2025;odontologia;Centro Universitário da Fundação Herminio Ometto;SP;149;Privada;118;10.5;201-250;16.27;;;137;6.06;;;501-600;0.43;;;135;6.08;;;105;164;3.7
2025;odontologia;Centro Universitário de Belo Horizonte;MG;150;Privada;118;10.5;201-250;15.59;;;251-300;4.4;;;301-350;3.42;;;61;7.14;;;106;351-400;0.63
2025;odontologia;Centro Universitário do Instituto de Educação Superior de Brasília;DF;151;Privada;118;10.5;201-250;15.47;;;150;5.87;;;501-600;0.52;;;301-350;3.08;;;107;1;6
2025;odontologia;Faculdades Integradas de Três Lagoas;MS;152;Privada;;;60;25.67;;;79;6.89;;;1;8;;;201-250;4.78;;;108;1;6
2025;odontologia;Faculdade Anhanguera de Campinas;SP;153;Privada;118;10.5;251-300;15.05;;;251-300;4.36;;;201-250;5.01;;;201-250;4.55;;;109;301-350;1.13
2025;odontologia;Faculdade Sete Lagoas;MG;154;Privada;118;10.5;251-300;14.93;;;118;6.33;;;351-400;2.82;;;251-300;3.84;;;110;251-300;1.94
2025;odontologia;Universidade Federal de Campina Grande;PB;155;Federal;;;62;25.35;;;61;7.14;;;1;8;;;54;7.24;;;45;201-250;2.97
2025;odontologia;Centro Universitário Facex;RN;156;Privada;118;10.5;251-300;14.67;;;201-250;4.44;;;501-600;0.51;;;251-300;3.72;;;111;1;6
2025;odontologia;Centro Universitário Ideau;RS;157;Privada;118;10.5;251-300;14.66;;;301-350;3.4;;;1;8;;;351-400;2.95;;;112;401-500;0.31
2025;odontologia;Centro Universitário do Norte de Minas;MG;158;Privada;;;64;25.14;;;128;6.19;;;1;8;;;115;6.37;;;113;102;4.58
2025;odontologia;Centro Universitário Anhanguera de São Paulo;SP;159;Privada;118;10.5;251-300;14.23;;;301-350;3.24;;;201-250;4.65;;;122;6.27;;;114;401-500;0.07
2025;odontologia;Faculdade Funorte de Janaúba;MG;160;Privada;;;69;24.7;;;129;6.17;;;1;8;;;99;6.6;;;115;148;3.93
2025;odontologia;Universidade do Extremo Sul Catarinense;SC;161;Privada;118;10.5;251-300;14.13;;;131;6.14;;;401-500;2.2;;;401-500;1.82;;;116;145;3.97
2025;odontologia;Centro Universitário de Santa Fé do Sul;SP;162;Municipal;118;10.5;251-300;14.07;;;401-500;2.07;;;301-350;3.31;;;301-350;3.65;;;46;69;5.04
2025;odontologia;Faculdade Promove de Belo Horizonte;MG;163;Privada;;;70;24.54;;;201-250;4.86;;;1;8;;;163;5.68;;;117;1;6
2025;odontologia;Centro Universitário de Lavras;MG;164;Privada;118;10.5;251-300;13.95;;;47;7.34;;;401-500;1.73;;;251-300;4.15;;;118;351-400;0.73
2025;odontologia;Centro Universitário UninCor;MG;165;Privada;118;10.5;301-350;13.79;;;251-300;4.1;;;401-500;1.36;;;251-300;4.06;;;119;124;4.27
2025;odontologia;Universidade Estácio de Sá;RJ;166;Privada;118;10.5;301-350;13.47;;;301-350;3.21;;;351-400;2.35;;;162;5.7;;;120;251-300;2.21
2025;odontologia;Faculdade Anhanguera de Sorocaba;SP;167;Privada;118;10.5;301-350;13.45;;;201-250;4.73;;;251-300;4.12;;;251-300;3.99;;;121;351-400;0.61
2025;odontologia;Universidade Estadual do Piauí;PI;168;Estadual;;;72;23.82;;;36;7.5;;;1;8;;;136;6.07;;;47;251-300;2.25
2025;odontologia;Faculdade Atitus Educação Porto Alegre;RS;169;Privada;;;74;23.51;;;174;5.53;;;1;8;;;68;7.04;;;122;201-250;2.94
2025;odontologia;Universidade do Estado do Amazonas;AM;170;Estadual;;;75;23.47;;;44;7.39;;;1;8;;;159;5.74;;;48;251-300;2.34
2025;odontologia;Instituição de Ensino Superior de Cacoal;RO;171;Privada;118;10.5;301-350;12.94;;;401-500;1.54;;;191;5.26;;;501-600;0.14;;;123;1;6
2025;odontologia;Faculdade de Direito de Ipatinga;MG;172;Privada;118;10.5;301-350;12.85;;;113;6.4;;;401-500;1.04;;;401-500;1.16;;;124;125;4.25
2025;odontologia;Centro Universitário Fasipe;MT;173;Privada;118;10.5;301-350;12.77;;;251-300;3.79;;;301-350;3.16;;;501-600;0.76;;;125;68;5.06
2025;odontologia;Centro Universitário Tocantinense Presidente Antônio Carlos;TO;174;Privada;118;10.5;301-350;12.7;;;251-300;4.17;;;351-400;2.27;;;251-300;4.08;;;126;251-300;2.18
2025;odontologia;Centro Universitário Maurício de Nassau de Aracaju;SE;175;Privada;118;10.5;301-350;12.49;;;301-350;3.51;;;351-400;2.87;;;351-400;2.88;;;127;198;3.23
2025;odontologia;Faculdade Anhanguera de Ipatinga;MG;176;Privada;118;10.5;351-400;12.41;;;251-300;4.43;;;192;5.24;;;401-500;2.22;;;128;351-400;0.52
2025;odontologia;Faculdade de Ciências Médicas de Minas Gerais;MG;177;Privada;118;10.5;351-400;12.39;;;401-500;1.47;;;251-300;4.19;;;90;6.73;;;129;;
2025;odontologia;Universidade de Rio Verde;GO;178;Municipal;118;10.5;351-400;12.29;;;351-400;2.71;;;147;5.89;;;401-500;2;;;49;301-350;1.69
2025;odontologia;Centro Universitário Ingá;PR;178;Privada;;;78;22.79;;;251-300;3.99;;;1;8;;;41;7.43;;;130;188;3.37
2025;odontologia;Christus Faculdade do Piauí;PI;180;Privada;;;81;22.54;;;177;5.49;;;1;8;;;301-350;3.05;;;131;1;6
2025;odontologia;Faculdade Independente do Nordeste;BA;181;Privada;118;10.5;351-400;12.03;;;154;5.81;;;351-400;2.73;;;401-500;1.32;;;132;251-300;2.17
2025;odontologia;Centro Universitário Santa Maria;PB;182;Privada;;;83;22.49;;;88;6.76;;;1;8;;;251-300;4.42;;;133;192;3.31
2025;odontologia;Centro Universitário Facisa;PB;183;Privada;;;84;22.47;;;193;5.26;;;1;8;;;184;5.38;;;134;155;3.83
2025;odontologia;Centro Universitário Presidente Antônio Carlos;MG;184;Privada;118;10.5;351-400;11.72;;;251-300;4.41;;;201-250;4.95;;;501-600;0.84;;;135;301-350;1.52
2025;odontologia;Instituto Nacional de Ensino Superior e Pós-graduação Padre Gervásio;MG;185;Privada;;;85;22.15;;;57;7.2;;;301-350;3.34;;;48;7.33;;;136;123;4.28
2025;odontologia;Centro Universitário Facvest;SC;186;Privada;;;86;22.1;;;251-300;4.09;;;1;8;;;113;6.4;;;137;171;3.61
2025;odontologia;Centro Universitário de Rio Preto;SP;187;Privada;118;10.5;351-400;11.53;;;21;7.71;;;401-500;1.03;;;401-500;1.99;;;138;351-400;0.8
2025;odontologia;Soberana Faculdade de Saúde de Petrolina;PE;188;Privada;118;10.5;351-400;11.47;;;199;5.17;;;401-500;2.01;;;401-500;1.33;;;139;201-250;2.96
2025;odontologia;Centro Universitário Sudoeste Paulista;SP;189;Privada;;;87;21.9;;;176;5.5;;;301-350;3.5;;;78;6.9;;;140;1;6
2025;odontologia;Facudade Ieducare;CE;190;Privada;;;88;21.89;;;99;6.6;;;1;8;;;301-350;3.36;;;141;148;3.93
2025;odontologia;Faculdade Faipe;MT;191;Privada;;;89;21.82;;;301-350;3.47;;;161;5.69;;;95;6.66;;;142;1;6
2025;odontologia;Centro Universitário Maurício de Nassau de Salvador;BA;192;Privada;118;10.5;351-400;11.27;;;251-300;3.81;;;351-400;2.3;;;301-350;3.29;;;143;251-300;1.87
2025;odontologia;Centro Universitário de Excelência;BA;193;Privada;;;90;21.56;;;201-250;5.07;;;1;8;;;71;7;;;144;301-350;1.49
2025;odontologia;Centro Universitário Estácio do Recife;PE;194;Privada;118;10.5;351-400;11.04;;;301-350;3.04;;;351-400;2.53;;;178;5.47;;;145;;
2025;odontologia;Centro Universitário Facol;PE;194;Privada;;;91;21.54;;;301-350;3.41;;;1;8;;;125;6.23;;;145;150;3.9
2025;odontologia;Faculdade de Tecnologia e Ciências;BA;196;Privada;;;92;21.46;;;180;5.44;;;1;8;;;87;6.77;;;147;301-350;1.25
2025;odontologia;Centro Universitário Maurício de Nassau de Fortaleza;CE;197;Privada;118;10.5;351-400;10.86;;;201-250;4.77;;;351-400;2.59;;;301-350;3.18;;;148;401-500;0.32
2025;odontologia;Centro Universitário Inta;CE;197;Privada;;;94;21.36;;;164;5.67;;;1;8;;;251-300;4.18;;;148;178;3.51
2025;odontologia;Faculdade União Araruama de Ensino S/s Ltda.;RJ;199;Privada;;;98;21.23;;;134;6.1;;;201-250;4.82;;;251-300;4.31;;;150;1;6
2025;odontologia;Centro Universitário Estácio de Ribeirão Preto;SP;200;Privada;;;99;21.16;;;201-250;5.03;;;351-400;2.64;;;37;7.49;;;151;1;6
2025;odontologia;Centro Universitário da Amazônia - UNIESAMAZ;PA;201;Privada;;;147;18.98;;;401-500;1.07;;;1;8;;;251-300;3.91;;;189;1;6
2025;odontologia;Faculdade de Tecnologia de Teresina;PI;201;Privada;;;119;20.07;;;251-300;4.07;;;1;8;;;1;8;;;167;;
2025;odontologia;Centro Universitário Sociesc;SC;201;Privada;;;151;18.92;;;162;5.7;;;251-300;4.36;;;103;6.54;;;192;251-300;2.32
2025;odontologia;Faculdade de Minas BH;MG;201;Privada;;;156;18.75;;;70;7.01;;;301-350;3.55;;;86;6.78;;;196;301-350;1.41
2025;odontologia;Centro Universitário Maurício de Nassau de Maceió;AL;201;Privada;118;10.5;401-500;9.39;;;401-500;2.06;;;301-350;3.37;;;351-400;2.92;;;172;351-400;1.04
2025;odontologia;Centro Universitário do Estado do Pará;PA;201;Privada;;;161;18.6;;;106;6.5;;;251-300;4.07;;;109;6.45;;;198;301-350;1.58
2025;odontologia;Faculdade Multivix de Cachoeiro;ES;201;Privada;;;154;18.82;;;38;7.47;;;251-300;4.13;;;251-300;3.88;;;195;190;3.34
2025;odontologia;Faculdade de Excelência Unex de Jequié;BA;201;Privada;;;126;19.84;;;251-300;3.99;;;1;8;;;112;6.41;;;175;301-350;1.44
2025;odontologia;Centro Universitário Autônomo do Brasil;PR;201;Privada;;;123;19.87;;;143;5.97;;;301-350;3.13;;;77;6.91;;;173;153;3.86
2025;odontologia;Centro Universitário do Norte;AM;201;Privada;118;10.5;401-500;8.63;;;351-400;2.44;;;401-500;1.44;;;401-500;1.92;;;188;201-250;2.83
2025;odontologia;Centro Universitário do Norte de São Paulo;SP;201;Privada;;;143;19.23;;;251-300;3.93;;;170;5.56;;;251-300;3.74;;;185;1;6
2025;odontologia;Faculdade de Ensino Superior de Floriano;PI;201;Privada;;;108;20.51;;;153;5.83;;;1;8;;;301-350;3.61;;;158;201-250;3.07
2025;odontologia;Centro Universitário do Rio São Francisco;BA;201;Privada;;;145;19.19;;;251-300;4.3;;;1;8;;;301-350;3.34;;;186;175;3.55
2025;odontologia;Centro Universitário Doctum de Teófilo Otoni;MG;201;Privada;;;164;18.42;;;77;6.91;;;1;8;;;501-600;0.27;;;199;197;3.24
2025;odontologia;Faculdade Positivo Londrina;PR;201;Privada;;;130;19.77;;;177;5.49;;;401-500;1.18;;;64;7.1;;;178;1;6
2025;odontologia;Centro Universitário Metropolitano da Amazônia;PA;201;Privada;;;134;19.6;;;97;6.63;;;187;5.31;;;130;6.15;;;181;301-350;1.51
2025;odontologia;Faculdade Una de Divinópolis;MG;201;Privada;;;138;19.48;;;179;5.46;;;201-250;4.9;;;201-250;4.95;;;183;131;4.17
2025;odontologia;Faculdade Especializada na Área de Saúde do Rio Grande do Sul;RS;201;Privada;;;122;19.9;;;301-350;3.4;;;164;5.65;;;91;6.71;;;171;133;4.14
2025;odontologia;Universidade Feevale;RS;201;Privada;;;148;18.96;;;112;6.41;;;401-500;1.75;;;126;6.21;;;190;101;4.59
2025;odontologia;Faculdade Atitus Educação Passo Fundo;RS;201;Privada;;;146;19.16;;;182;5.41;;;168;5.59;;;49;7.31;;;187;351-400;0.85
2025;odontologia;Faculdade Cathedral;RR;201;Privada;;;165;18.3;;;401-500;1.19;;;1;8;;;301-350;3.11;;;200;1;6
2025;odontologia;Centro Universitário de Viçosa;MG;201;Privada;;;150;18.93;;;173;5.54;;;251-300;3.77;;;198;5.18;;;191;112;4.44
2025;odontologia;Faculdade de Ciências Sociais e Agrárias de Itapeva;SP;201;Privada;;;113;20.27;;;134;6.1;;;1;8;;;401-500;2.13;;;162;140;4.04
2025;odontologia;Faculdade Anhanguera de Divinópolis;MG;201;Privada;118;10.5;401-500;10.43;;;301-350;3.44;;;351-400;2.44;;;201-250;4.52;;;152;401-500;0.03
2025;odontologia;Universidade do Oeste de Santa Catarina;SC;201;Privada;;;152;18.91;;;72;6.99;;;157;5.75;;;251-300;4.32;;;193;251-300;1.85
2025;odontologia;Centro Universitário Maria Milza;BA;201;Privada;;;111;20.3;;;78;6.9;;;1;8;;;501-600;0.74;;;161;96;4.66
2025;odontologia;União das Faculdades dos Grandes Lagos;SP;201;Privada;;;129;19.79;;;201-250;4.6;;;1;8;;;127;6.2;;;177;351-400;0.99
2025;odontologia;Faculdade Integrada Carajás;PA;201;Privada;;;136;19.52;;;401-500;1.03;;;1;8;;;201-250;4.49;;;182;1;6
2025;odontologia;Faculdade de Ciências Sociais Aplicadas BA;BA;201;Privada;;;116;20.14;;;201-250;4.99;;;1;8;;;251-300;4.04;;;165;201-250;3.11
2025;odontologia;Centro Universitário Ruy Barbosa Wyden;BA;201;Privada;;;118;20.12;;;138;6.04;;;351-400;2.66;;;181;5.42;;;166;1;6
2025;odontologia;Centro Universitário FBV Wyden;PE;201;Privada;;;133;19.61;;;201-250;5.06;;;401-500;1.85;;;92;6.7;;;180;1;6
2025;odontologia;Faculdade do Centro Oeste Paulista;SP;201;Privada;;;125;19.86;;;190;5.3;;;201-250;4.55;;;53;7.26;;;174;201-250;2.75
2025;odontologia;Faculdade de Ciências Médicas e da Saúde de Juiz de Fora;MG;201;Privada;;;106;20.65;;;91;6.71;;;351-400;2.83;;;59;7.17;;;156;147;3.94
2025;odontologia;Centro Universitário Uniftc;BA;201;Privada;;;120;20.02;;;201-250;5;;;1;8;;;98;6.61;;;168;351-400;0.41
2025;odontologia;Faculdade de Excelência Unex de Itabuna;BA;201;Privada;;;110;20.43;;;251-300;4.37;;;1;8;;;42;7.41;;;159;351-400;0.65
2025;odontologia;Centro Universitário da Grande Dourados;MS;201;Privada;;;140;19.43;;;53;7.26;;;158;5.73;;;301-350;3.28;;;184;201-250;3.16
2025;odontologia;Faculdade Metropolitana;RO;201;Privada;;;107;20.6;;;201-250;4.93;;;1;8;;;401-500;1.67;;;157;1;6
2025;odontologia;Faculdade Cesumar de Ponta Grossa;PR;201;Privada;;;128;19.81;;;83;6.83;;;401-500;1.05;;;146;5.93;;;176;1;6
2025;odontologia;Universidade São Francisco;SP;201;Privada;;;115;20.21;;;110;6.44;;;159;5.72;;;201-250;4.57;;;164;180;3.48
2025;odontologia;Instituto Florence de Ensino Superior;MA;201;Privada;;;153;18.83;;;351-400;2.54;;;1;8;;;301-350;3.54;;;194;90;4.75
2025;odontologia;Centro Universitário de Valença;RJ;201;Privada;;;105;20.73;;;70;7.01;;;1;8;;;251-300;3.75;;;155;251-300;1.97
2025;odontologia;Centro Universitário Mario Pontes Jucá;AL;201;Privada;;;131;19.72;;;301-350;3.29;;;1;8;;;351-400;2.43;;;179;1;6
2025;odontologia;Centro Universitário Uniasselvi de Blumenau ;SC;201;Privada;;;159;18.67;;;168;5.61;;;301-350;3.29;;;201-250;5.12;;;197;97;4.65
2025;odontologia;Centro Universitário Vértice;MG;201;Privada;;;121;19.96;;;166;5.64;;;1;8;;;401-500;1.83;;;170;108;4.49
2025;odontologia;Faculdade de Enfermagem Nova Esperança;PB;201;Privada;;;114;20.24;;;201-250;4.56;;;1;8;;;141;6;;;163;301-350;1.68
2025;odontologia;Faculdade Unirb - Piauí;PI;201;Privada;;;103;20.79;;;251-300;4.07;;;178;5.44;;;191;5.28;;;154;1;6
2025;odontologia;Centro Universitário Maurício de Nassau de Natal;RN;201;Privada;118;10.5;401-500;10.42;;;251-300;3.87;;;351-400;2.69;;;301-350;3.16;;;153;351-400;0.7
2025;odontologia;Centro Universitário de Goiatuba;GO;201;Municipal;;;158;18.7;;;251-300;3.84;;;1;8;;;351-400;2.62;;;50;126;4.24
2025;odontologia;Centro Universitário da Fundação Educacional de Barretos;SP;201;Privada;118;10.5;401-500;9.51;;;301-350;3.16;;;501-600;0.4;;;201-250;4.77;;;169;301-350;1.18
2025;odontologia;Centro Universitário Univinte;SC;201;Privada;118;10.5;401-500;9.88;;;76;6.93;;;401-500;1.42;;;401-500;1.53;;;160;;
2025;odontologia;Faculdade Diplomata;BA;251;Privada;;;186;17.62;;;501-600;0.23;;;1;8;;;301-350;3.39;;;201-250;1;6
2025;odontologia;Centro Universitário Favip Wyden;PE;251;Privada;;;169;18.02;;;201-250;4.94;;;401-500;0.9;;;128;6.18;;;201-250;1;6
2025;odontologia;Faculdade Icesp;DF;251;Privada;;;189;17.46;;;251-300;4.2;;;201-250;4.58;;;301-350;3.59;;;201-250;66;5.09
2025;odontologia;Centro Universitário de União da Vitória;PR;251;Municipal;;;201-250;15.84;;;201-250;4.64;;;1;8;;;501-600;0.82;;;54;251-300;2.38
2025;odontologia;Centro Universitário Unifatecie;PR;251;Privada;;;182;17.77;;;167;5.63;;;1;8;;;401-500;1.55;;;201-250;201-250;2.59
2025;odontologia;Centro Universitário Facid Wyden;PI;251;Privada;;;177;17.87;;;201-250;4.84;;;301-350;3.05;;;251-300;3.98;;;201-250;1;6
2025;odontologia;Faculdade 05 de Julho;CE;251;Privada;;;201-250;16.05;;;351-400;2.97;;;1;8;;;201-250;5.08;;;201-250;;
2025;odontologia;Faculdade Verde Norte;MG;251;Privada;;;201-250;15.73;;;401-500;1.47;;;1;8;;;501-600;0.26;;;201-250;1;6
2025;odontologia;Instituto Aria;DF;251;Privada;;;201-250;16.5;;;401-500;1.7;;;1;8;;;85;6.8;;;201-250;;
2025;odontologia;Centro Universitário de Excelência de Vitória da Conquista;BA;251;Privada;;;183;17.74;;;301-350;3.23;;;1;8;;;190;5.3;;;201-250;301-350;1.21
2025;odontologia;Centro Universitário Goyazes;GO;251;Privada;;;201-250;16.56;;;201-250;5.14;;;1;8;;;501-600;0.77;;;201-250;201-250;2.65
2025;odontologia;Centro Universitário Tiradentes de Pernambuco;PE;251;Privada;;;201-250;15.67;;;196;5.21;;;401-500;1.43;;;134;6.1;;;201-250;201-250;2.93
2025;odontologia;Faculdade Luciano Feijão;CE;251;Privada;;;201-250;16.12;;;351-400;2.97;;;1;8;;;200;5.15;;;201-250;;
2025;odontologia;Faculdade Unirb - Barreiras;BA;251;Privada;;;174;17.88;;;401-500;1.61;;;1;8;;;251-300;4.28;;;201-250;144;3.99
2025;odontologia;Centro Universitário Dinâmica das Cataratas;PR;251;Privada;;;201-250;16.66;;;201-250;4.53;;;251-300;4.03;;;301-350;3.21;;;201-250;80;4.89
2025;odontologia;Universidade do Vale do Paraíba;SP;251;Privada;;;173;17.91;;;118;6.33;;;501-600;0.53;;;104;6.53;;;201-250;106;4.52
2025;odontologia;Centro Universitário Ages;BA;251;Privada;;;201-250;16.13;;;401-500;1.6;;;201-250;4.71;;;57;7.2;;;201-250;201-250;2.62
2025;odontologia;Centro Universitário do Paraná;PR;251;Privada;;;194;17.11;;;201-250;4.87;;;401-500;1.39;;;201-250;4.85;;;201-250;1;6
2025;odontologia;Centro Universitário Una;MG;251;Privada;;;201-250;16.29;;;251-300;4.19;;;251-300;3.94;;;62;7.13;;;201-250;351-400;1.03
2025;odontologia;Centro Universitário Santo Agostinho;PI;251;Privada;;;201-250;16.33;;;151;5.86;;;401-500;1.91;;;201-250;4.67;;;201-250;151;3.89
2025;odontologia;Universidade de Gurupi;TO;251;Municipal;118;10.5;401-500;7.24;;;301-350;3.01;;;401-500;1.31;;;501-600;0.34;;;51;201-250;2.58
2025;odontologia;Centro Universitário Opet;PR;251;Privada;;;201-250;16.43;;;401-500;2.26;;;1;8;;;129;6.17;;;201-250;;
2025;odontologia;Centro Universitário Unirb - Alagoinhas;BA;251;Privada;;;201-250;15.98;;;501-600;0.2;;;1;8;;;189;5.31;;;201-250;251-300;2.47
2025;odontologia;Faculdade de Tecnologia e Administração Edufor;MA;251;Privada;;;198;16.83;;;351-400;2.99;;;1;8;;;401-500;0.9;;;201-250;76;4.94
2025;odontologia;Faculdade Unisul de Florianópolis;SC;251;Privada;;;201-250;16.3;;;351-400;2.39;;;154;5.79;;;79;6.88;;;201-250;301-350;1.24
2025;odontologia;Faculdade Metropolitana de Anápolis;GO;251;Privada;;;201-250;16.06;;;301-350;3.53;;;201-250;5.1;;;401-500;1.43;;;201-250;1;6
2025;odontologia;Faculdade Sociesc de Jaraguá do Sul;SC;251;Privada;;;199;16.79;;;201-250;5.03;;;201-250;4.88;;;168;5.61;;;201-250;301-350;1.27
2025;odontologia;Faculdade Multivix Nova Venécia;ES;251;Privada;;;181;17.79;;;7;7.91;;;1;8;;;401-500;1.3;;;201-250;351-400;0.58
2025;odontologia;Faculdade Uninassau Mossoró;RN;251;Privada;;;201-250;15.7;;;146;5.93;;;301-350;3.12;;;301-350;3.06;;;201-250;172;3.59
2025;odontologia;Centro Universitário das Faculdades Associadas de Ensino;SP;251;Municipal;;;201-250;15.93;;;136;6.07;;;251-300;4.26;;;169;5.6;;;53;;
2025;odontologia;Centro Universitário de Caratinga;MG;251;Privada;;;201-250;15.85;;;301-350;3.63;;;179;5.43;;;351-400;2.63;;;201-250;132;4.16
2025;odontologia;Universidade Municipal de São Caetano do Sul;SP;251;Municipal;;;201-250;16.66;;;301-350;3.54;;;401-500;0.79;;;118;6.33;;;52;1;6
2025;odontologia;Faculdade Anhanguera de São José;SP;251;Privada;;;201-250;16.52;;;251-300;4.11;;;196;5.18;;;67;7.06;;;201-250;401-500;0.17
2025;odontologia;Faculdade de Educação de Jaru;RO;251;Privada;;;200;16.75;;;186;5.36;;;1;8;;;501-600;0.64;;;201-250;201-250;2.75
2025;odontologia;Centro Universitário Serra dos Órgãos;RJ;251;Privada;;;195;17.02;;;120;6.3;;;201-250;4.45;;;201-250;4.64;;;201-250;301-350;1.63
2025;odontologia;Faculdade Anhanguera de Macapá;AP;251;Privada;;;201-250;15.56;;;351-400;2.51;;;1;8;;;201-250;4.91;;;201-250;401-500;0.14
2025;odontologia;Centro Universitário Sociesc de Blumenau;SC;251;Privada;;;201-250;16.14;;;148;5.9;;;351-400;2.33;;;75;6.94;;;201-250;351-400;0.97
2025;odontologia;Faculdade Unirb - Parnaíba;PI;251;Privada;;;187;17.52;;;251-300;4.07;;;1;8;;;179;5.45;;;201-250;;
2025;odontologia;Faculdade de Teologia, Filosofia e Ciências Humanas Gamaliel;PA;251;Privada;;;185;17.66;;;301-350;3.56;;;1;8;;;501-600;0.1;;;201-250;1;6
2025;odontologia;Centro Universitário Jorge Amado;BA;251;Privada;118;10.5;501-600;6.58;;;501-600;0.2;;;401-500;1.14;;;194;5.24;;;201-250;;
2025;odontologia;Faculdade Cespu Europa Brasil;PE;251;Privada;;;201-250;16.6;;;401-500;1.97;;;1;8;;;97;6.63;;;201-250;;
2025;odontologia;Centro Universitário Governador Ozanam Coelho;MG;251;Privada;;;172;17.99;;;103;6.54;;;251-300;4.1;;;186;5.35;;;201-250;251-300;2
2025;odontologia;Faculdade Una de Jataí;GO;251;Privada;;;201-250;16.18;;;401-500;1.1;;;251-300;4.27;;;111;6.43;;;201-250;116;4.38
2025;odontologia;Centro Universitário de Patos de Minas;MG;251;Privada;;;175;17.88;;;51;7.29;;;351-400;2.25;;;73;6.97;;;201-250;301-350;1.37
2025;odontologia;Centro Universitário de Ciências e Empreendedorismo;BA;251;Privada;;;178;17.86;;;301-350;3.14;;;146;5.91;;;351-400;2.81;;;201-250;1;6
2025;odontologia;Centro Universitário Unifacig;MG;251;Privada;;;201-250;15.95;;;125;6.23;;;186;5.33;;;401-500;1.7;;;201-250;201-250;2.69
2025;odontologia;Centro Universitário Estácio de Santa Catarina;SC;251;Privada;;;201-250;16.26;;;201-250;4.76;;;401-500;1.24;;;55;7.23;;;201-250;201-250;3.03
2025;odontologia;Faculdade Doctum de Serra;ES;251;Privada;;;175;17.88;;;301-350;3.27;;;1;8;;;401-500;2.19;;;201-250;113;4.42
2025;odontologia;Faculdade Uninta Fortaleza;CE;251;Privada;;;170;18;;;351-400;2.97;;;1;8;;;69;7.03;;;201-250;;
2025;odontologia;Faculdades Integradas Aparício Carvalho Vilhena;RO;251;Privada;;;166;18.29;;;251-300;3.76;;;1;8;;;501-600;0.53;;;201-250;1;6
2025;odontologia;Universidade São Judas Tadeu;SP;301;Privada;;;201-250;15.34;;;201-250;4.51;;;251-300;3.73;;;121;6.28;;;201-250;351-400;0.82
2025;odontologia;Universidade Anhanguera;MS;301;Privada;;;251-300;14.07;;;201-250;4.49;;;197;5.17;;;301-350;3.45;;;251-300;351-400;0.96
2025;odontologia;Faculdade Anhanguera de Tangará da Serra;MT;301;Privada;;;251-300;15.16;;;154;5.81;;;189;5.29;;;301-350;3.69;;;251-300;401-500;0.37
2025;odontologia;Centro Universitário FG;BA;301;Privada;;;251-300;14.1;;;351-400;2.64;;;201-250;5.05;;;301-350;3.35;;;251-300;201-250;3.06
2025;odontologia;Centro Universitário Maurício de Nassau de Campina Grande;PB;301;Privada;;;251-300;14.47;;;251-300;3.9;;;301-350;3.47;;;139;6.03;;;251-300;351-400;1.07
2025;odontologia;Centro Universitário Guairacá;PR;301;Privada;;;251-300;14.53;;;158;5.76;;;251-300;4;;;301-350;3.66;;;251-300;301-350;1.11
2025;odontologia;Faculdade de Odontologia do Recife;PE;301;Privada;;;251-300;15;;;185;5.37;;;251-300;4.35;;;301-350;3.38;;;251-300;251-300;1.9
2025;odontologia;Universidade Ibirapuera;SP;301;Privada;;;201-250;15.26;;;401-500;1.04;;;251-300;3.8;;;176;5.5;;;251-300;78;4.92
2025;odontologia;Faculdade SOBRESP de Santa Maria;RS;301;Privada;;;301-350;13.73;;;251-300;4.31;;;251-300;4.29;;;201-250;4.44;;;251-300;351-400;0.69
2025;odontologia;Centro Universitario Universo Belo Horizonte;MG;301;Privada;;;301-350;13.75;;;181;5.43;;;401-500;1.5;;;201-250;4.72;;;251-300;251-300;2.1
2025;odontologia;Universidade Regional Integrada do Alto Uruguai e das Missões;RS;301;Privada;;;251-300;13.81;;;141;6;;;501-600;0.29;;;251-300;3.76;;;251-300;160;3.76
2025;odontologia;Centro Universitário Unirb;BA;301;Privada;;;301-350;13.51;;;501-600;0.2;;;1;8;;;251-300;4.38;;;251-300;351-400;0.93
2025;odontologia;Faculdade Unirb - Arapiraca;AL;301;Privada;;;251-300;14.24;;;401-500;1.16;;;1;8;;;201-250;5.08;;;251-300;;
2025;odontologia;Faculdade Unirb - Maceió;AL;301;Privada;;;251-300;14.24;;;401-500;1.16;;;1;8;;;201-250;5.08;;;251-300;;
2025;odontologia;Centro Universitário Fip-moc;MG;301;Privada;;;201-250;15.43;;;201-250;4.46;;;198;5.16;;;201-250;4.81;;;201-250;351-400;1
2025;odontologia;Faculdade Anhanguera de Belo Horizonte;MG;301;Privada;;;251-300;14.34;;;251-300;4.33;;;251-300;4.17;;;183;5.4;;;251-300;351-400;0.44
2025;odontologia;Faculdade Integrada da Amazônia;PA;301;Privada;;;251-300;13.98;;;351-400;2.79;;;161;5.69;;;351-400;2.99;;;251-300;201-250;2.51
2025;odontologia;Universidade de Franca;SP;301;Privada;;;251-300;14.7;;;251-300;3.91;;;301-350;3.51;;;193;5.25;;;251-300;251-300;2.03
2025;odontologia;Faculdade de Tecnologia e Ciências da Bahia;BA;301;Privada;;;251-300;14.17;;;401-500;2.29;;;1;8;;;501-600;0.44;;;251-300;183;3.44
2025;odontologia;Faculdade Anhanguera de Guarulhos;SP;301;Privada;;;251-300;14.35;;;301-350;3.7;;;251-300;4.16;;;107;6.48;;;251-300;401-500;0.01
2025;odontologia;Faculdade Anhanguera de Joinville;SC;301;Privada;;;201-250;15.21;;;58;7.19;;;251-300;3.86;;;251-300;4.12;;;251-300;401-500;0.04
2025;odontologia;Faculdade de Guarantã do Norte;MT;301;Privada;;;251-300;14.89;;;501-600;0.81;;;193;5.23;;;351-400;2.85;;;251-300;1;6
2025;odontologia;Faculdade Santo Antônio SP;SP;301;Privada;;;301-350;13.58;;;201-250;4.54;;;401-500;1.96;;;84;6.81;;;251-300;401-500;0.27
2025;odontologia;Centro Universitário Fluminense;RJ;301;Privada;;;251-300;13.97;;;201-250;4.96;;;351-400;2.54;;;501-600;0.47;;;251-300;1;6
2025;odontologia;Faculdades Integradas de Patos;PB;301;Privada;;;201-250;15.17;;;139;6.03;;;501-600;0.32;;;351-400;2.82;;;251-300;1;6
2025;odontologia;Centro Universitário Univel;PR;301;Privada;;;201-250;15.36;;;60;7.16;;;201-250;5.04;;;401-500;1.85;;;201-250;301-350;1.31
2025;odontologia;Centro Universitário Unidom - Bosco;PR;301;Privada;;;251-300;15.12;;;401-500;2.26;;;351-400;2.57;;;251-300;4.29;;;251-300;1;6
2025;odontologia;UGV Centro Universitário;PR;301;Privada;;;251-300;14.01;;;251-300;4.14;;;301-350;3.28;;;501-600;0.59;;;251-300;1;6
2025;odontologia;Centro Universitário Mais;GO;301;Privada;;;301-350;13.74;;;123;6.26;;;174;5.5;;;401-500;1.36;;;251-300;351-400;0.62
2025;odontologia;Centro Universitário Maurício de Nassau de Parnaíba;PI;301;Privada;;;251-300;14.44;;;201-250;4.67;;;201-250;4.64;;;401-500;1.66;;;251-300;181;3.47
2025;odontologia;Faculdade Fasipe Mato Grosso;MT;301;Privada;;;251-300;13.96;;;351-400;2.74;;;201-250;4.42;;;501-600;0.8;;;251-300;1;6
2025;odontologia;Centro Universitário Gama e Souza;RJ;301;Privada;;;251-300;14.55;;;351-400;2.44;;;1;8;;;251-300;4.11;;;251-300;;
2025;odontologia;Faculdade de Saúde e Humanidades Ibituruna;MG;301;Privada;;;251-300;15.01;;;401-500;1.47;;;1;8;;;173;5.54;;;251-300;;
2025;odontologia;Centro Universitário Central Paulista;SP;301;Privada;;;251-300;14.19;;;301-350;3.7;;;401-500;1.72;;;29;7.6;;;251-300;301-350;1.17
2025;odontologia;Centro Universitário do Planalto Central Apparecido dos Santos;DF;301;Privada;;;251-300;14.66;;;251-300;4.23;;;251-300;3.93;;;251-300;4.09;;;251-300;251-300;2.41
2025;odontologia;Centro Universitário Maurício de Nassau Teresina Sul;PI;301;Privada;;;201-250;15.53;;;201-250;4.91;;;301-350;3.24;;;251-300;3.89;;;201-250;179;3.49
2025;odontologia;Faculdade Dom Alberto;RS;301;Privada;;;201-250;15.3;;;301-350;3.4;;;201-250;5.07;;;199;5.17;;;251-300;301-350;1.66
2025;odontologia;Faculdade Brasileira de Tecnologia-BA;BA;301;Privada;;;301-350;13.63;;;501-600;0.2;;;1;8;;;201-250;4.71;;;251-300;351-400;0.72
2025;odontologia;Faculdade Adventista da Bahia;BA;301;Privada;;;251-300;15.02;;;104;6.53;;;401-500;1.4;;;351-400;2.61;;;251-300;109;4.48
2025;odontologia;Faculdade Unirb - Mossoró;RN;301;Privada;;;251-300;13.96;;;501-600;0.36;;;351-400;2.92;;;201-250;4.68;;;251-300;1;6
2025;odontologia;Faculdade Evangélica de Goianésia;GO;301;Privada;;;251-300;15.11;;;198;5.19;;;251-300;4.2;;;401-500;1.52;;;251-300;129;4.2
2025;odontologia;Centro Universitário Luterano de Palmas;TO;301;Privada;;;201-250;15.23;;;251-300;3.8;;;201-250;4.98;;;195;5.22;;;251-300;301-350;1.23
2025;odontologia;Centro Universitário Una de Bom Despacho;MG;301;Privada;;;251-300;15.12;;;351-400;3;;;301-350;3.65;;;89;6.74;;;251-300;301-350;1.73
2025;odontologia;Centro Universitário Unibras Rio Verde;GO;301;Privada;;;251-300;13.84;;;501-600;0.77;;;167;5.6;;;401-500;1.47;;;251-300;1;6
2025;odontologia;Faculdade Mais de Ituiutaba;MG;301;Privada;;;201-250;15.18;;;251-300;4.29;;;161;5.69;;;401-500;1.65;;;251-300;175;3.55
2025;odontologia;Centro Universitário Ateneu;CE;301;Privada;;;251-300;15.06;;;149;5.89;;;401-500;2.04;;;197;5.2;;;251-300;251-300;1.93
2025;odontologia;Universidade Universus Veritas Guarulhos;SP;301;Privada;;;251-300;14.65;;;201-250;4.9;;;351-400;2.72;;;201-250;4.48;;;251-300;201-250;2.55
2025;odontologia;Centro Universitário Nossa Senhora do Patrocínio;SP;301;Privada;;;251-300;15.11;;;124;6.24;;;501-600;0.36;;;110;6.44;;;251-300;251-300;2.07
2025;odontologia;Faculdade Castro Alves;BA;301;Privada;;;251-300;14.17;;;501-600;0.2;;;1;8;;;143;5.97;;;251-300;;
2025;odontologia;Faculdade Unirb - Feira de Santana;BA;301;Privada;;;251-300;14;;;501-600;0.2;;;1;8;;;155;5.8;;;251-300;;
2025;odontologia;Universidade Santa Úrsula;RJ;351;Privada;;;351-400;11.59;;;401-500;2.03;;;301-350;3.22;;;117;6.34;;;301-350;;
2025;odontologia;Centro Universitário Facunicamps;GO;351;Privada;;;301-350;12.78;;;501-600;0.77;;;1;8;;;251-300;4.01;;;301-350;;
2025;odontologia;Centro Universitário Presidente Tancredo de Almeida Neves;MG;351;Privada;;;301-350;12.99;;;199;5.17;;;251-300;3.84;;;401-500;2.23;;;301-350;301-350;1.75
2025;odontologia;Centro Universitário da Amazônia Belém;PA;351;Privada;;;301-350;13.5;;;190;5.3;;;251-300;3.87;;;301-350;3.55;;;251-300;351-400;0.78
2025;odontologia;Centro Universitário de João Pessoa;PB;351;Privada;;;351-400;11.84;;;301-350;3.59;;;251-300;4.39;;;351-400;2.58;;;301-350;301-350;1.28
2025;odontologia;Faculdade Galileu;SP;351;Privada;;;301-350;12.73;;;501-600;0.6;;;155;5.78;;;116;6.35;;;301-350;;
2025;odontologia;Faculdades Integradas do Vale do Ivaí;PR;351;Privada;;;351-400;11.76;;;401-500;2.26;;;1;8;;;401-500;1.5;;;301-350;;
2025;odontologia;Escola Superior São Francisco de Assis;ES;351;Privada;;;351-400;12.35;;;146;5.93;;;501-600;0.71;;;501-600;0.7;;;301-350;71;5.01
2025;odontologia;Faculdade Três Marias;PB;351;Privada;;;351-400;11.6;;;351-400;2.51;;;1;8;;;401-500;1.09;;;301-350;;
2025;odontologia;Faculdade Atenas Sete Lagoas;MG;351;Privada;;;301-350;13.43;;;401-500;1.47;;;1;8;;;251-300;3.96;;;251-300;;
2025;odontologia;Centro Universitário Ritter dos Reis;RS;351;Privada;;;301-350;13.24;;;201-250;4.61;;;301-350;3.25;;;301-350;3.42;;;301-350;251-300;1.96
2025;odontologia;Centro Universitário Estácio do Ceará;CE;351;Privada;;;301-350;12.92;;;351-400;2.97;;;351-400;2.77;;;58;7.18;;;301-350;;
2025;odontologia;Faculdade Unirb - Natal;RN;351;Privada;;;351-400;11.64;;;501-600;0.36;;;183;5.37;;;158;5.75;;;301-350;401-500;0.16
2025;odontologia;Centro Universitário Facens;SP;351;Privada;;;351-400;11.45;;;501-600;0.6;;;301-350;3.58;;;52;7.27;;;301-350;;
2025;odontologia;Faculdade de Educação Superior de Chapecó;SC;351;Privada;;;301-350;13.35;;;351-400;2.39;;;1;8;;;351-400;2.96;;;301-350;;
2025;odontologia;Instituto Superior de Educação de Caxias;MA;351;Privada;;;301-350;13.39;;;401-500;0.91;;;1;8;;;501-600;0.03;;;251-300;111;4.45
2025;odontologia;Faculdade Santíssima Trindade;PE;351;Privada;;;351-400;12.03;;;401-500;1.97;;;1;8;;;401-500;2.06;;;301-350;;
2025;odontologia;Faculdade Cidade de Patos de Minas;MG;351;Privada;;;351-400;11.79;;;192;5.27;;;201-250;4.77;;;401-500;0.99;;;301-350;351-400;0.76
2025;odontologia;Centro Universitário Integrado de Campo Mourão;PR;351;Privada;;;301-350;13.33;;;401-500;2.26;;;175;5.49;;;170;5.58;;;301-350;;
2025;odontologia;Universidade Nilton Lins;AM;351;Privada;;;351-400;12.09;;;171;5.57;;;501-600;0.3;;;501-600;0.22;;;301-350;1;6
2025;odontologia;Centro Universitário Fanor Wyden;CE;351;Privada;;;301-350;12.57;;;351-400;2.97;;;401-500;0.88;;;351-400;2.72;;;301-350;1;6
2025;odontologia;Faculdade de Educação Unisapiens;RO;351;Privada;;;351-400;11.86;;;188;5.33;;;401-500;2.12;;;501-600;0.73;;;301-350;166;3.68
2025;odontologia;Faculdade São Francisco de Cajazeiras;PB;351;Privada;;;301-350;13.44;;;251-300;4.21;;;301-350;3.09;;;351-400;2.45;;;251-300;165;3.69
2025;odontologia;Centro Universitário São Miguel;PE;351;Privada;;;351-400;12.03;;;401-500;1.97;;;1;8;;;401-500;2.06;;;301-350;;
2025;odontologia;Faculdade Anhanguera Unime de Salvador;BA;351;Privada;;;351-400;11.85;;;351-400;2.76;;;251-300;3.91;;;201-250;4.94;;;301-350;401-500;0.24
2025;odontologia;Faculdade do Norte de Mato Grosso;MT;351;Privada;;;351-400;11.71;;;301-350;3.3;;;401-500;1.49;;;401-500;2.09;;;301-350;84;4.83
2025;odontologia;Faculdade Presidente Antônio Carlos;TO;351;Privada;;;301-350;12.75;;;201-250;5.09;;;351-400;2.86;;;351-400;2.76;;;301-350;251-300;2.04
2025;odontologia;Faculdade Anhanguera de Ribeirão Preto;SP;351;Privada;;;351-400;11.57;;;501-600;0.6;;;301-350;3.44;;;34;7.53;;;301-350;;
2025;odontologia;Centro Universitário Sul-americana;GO;351;Privada;;;351-400;12;;;301-350;3.19;;;351-400;2.4;;;201-250;4.87;;;301-350;301-350;1.54
2025;odontologia;Faculdade Unibras Juazeiro;BA;351;Privada;;;351-400;12.35;;;301-350;3.67;;;401-500;1.59;;;401-500;1.09;;;301-350;1;6
2025;odontologia;Centro Universitário de Adamantina;SP;351;Municipal;;;351-400;11.96;;;351-400;2.6;;;401-500;2.02;;;150;5.87;;;55;301-350;1.47
2025;odontologia;Faculdade Anhanguera Unidade Guarapari;ES;351;Privada;;;301-350;13.18;;;301-350;3.13;;;201-250;5.08;;;201-250;4.88;;;301-350;401-500;0.09
2025;odontologia;Faculdade Cnec Santo Ângelo;RS;351;Privada;;;301-350;13.19;;;109;6.46;;;501-600;0.07;;;251-300;4.05;;;301-350;201-250;2.61
2025;odontologia;Centro Universitário da Serra Gaúcha;RS;351;Privada;;;301-350;12.7;;;102;6.56;;;501-600;0.61;;;301-350;3.26;;;301-350;251-300;2.27
2025;odontologia;Universidade Paranaense;PR;351;Privada;;;301-350;13.22;;;93;6.69;;;501-600;0.64;;;351-400;2.68;;;301-350;199;3.21
2025;odontologia;Faculdade Paulo Picanço;CE;351;Privada;;;301-350;13;;;301-350;3.26;;;251-300;4.38;;;301-350;3.13;;;301-350;251-300;2.23
2025;odontologia;Faculdade Anhanguera de São Luiz;MA;351;Privada;;;351-400;11.47;;;401-500;2.27;;;201-250;4.62;;;201-250;4.47;;;301-350;401-500;0.11
2025;odontologia;Centro Universitário Unicuritiba;PR;351;Privada;;;301-350;12.67;;;351-400;2.67;;;301-350;3.22;;;201-250;4.92;;;301-350;251-300;1.86
2025;odontologia;Escola de Ensino Superior do Agreste Paraibano;PB;351;Privada;;;351-400;11.91;;;351-400;2.51;;;1;8;;;401-500;1.4;;;301-350;;
2025;odontologia;Faculdades Integradas da América do Sul;GO;351;Privada;;;301-350;13.02;;;169;5.6;;;401-500;1.23;;;401-500;2.08;;;301-350;135;4.11
2025;odontologia;Centro Universitário Dom Pedro II;BA;351;Privada;;;301-350;13.28;;;501-600;0.2;;;1;8;;;201-250;5.08;;;301-350;;
2025;odontologia;Centro Universitário Tabosa de Almeida;PE;351;Privada;;;301-350;12.96;;;98;6.61;;;501-600;0.62;;;251-300;4.41;;;301-350;301-350;1.32
2025;odontologia;Faculdade Anhanguera de Linhares;ES;351;Privada;;;351-400;11.57;;;251-300;3.76;;;201-250;4.51;;;351-400;2.79;;;301-350;351-400;0.51
2025;odontologia;Faculdade Cristo Rei;PR;351;Privada;;;301-350;12.55;;;401-500;2.26;;;1;8;;;351-400;2.29;;;301-350;;
2025;odontologia;Faculdade Anhanguera de Betim;MG;351;Privada;;;301-350;13.22;;;251-300;3.89;;;301-350;3.48;;;167;5.62;;;301-350;401-500;0.23
2025;odontologia;Faculdade Unirb - Aracaju;SE;351;Privada;;;301-350;13.31;;;301-350;3.51;;;251-300;4.33;;;182;5.41;;;301-350;401-500;0.06
2025;odontologia;Centro Universitário Una de Uberlândia;MG;351;Privada;;;351-400;12.17;;;301-350;3.19;;;301-350;2.96;;;172;5.55;;;301-350;351-400;0.47
2025;odontologia;Centro Universitário do Espírito Santo;ES;351;Privada;;;301-350;13.16;;;94;6.67;;;401-500;2.15;;;401-500;2.28;;;301-350;251-300;2.06
2025;odontologia;Faculdade Morgana Potrich;GO;351;Privada;;;351-400;11.69;;;401-500;0.93;;;1;8;;;501-600;0.56;;;301-350;251-300;2.2
2025;odontologia;Faculdade do Amazonas;AM;351;Privada;;;301-350;13.25;;;301-350;3.06;;;351-400;2.63;;;401-500;1.56;;;301-350;1;6
2025;odontologia;Faculdade Ágora;MT;401;Privada;;;401-500;10.64;;;501-600;0.33;;;193;5.23;;;201-250;5.08;;;351-400;;
2025;odontologia;Faculdade Dom Adelio Tomasin;CE;401;Privada;;;401-500;7.08;;;351-400;2.97;;;251-300;3.68;;;501-600;0.43;;;401-500;;
2025;odontologia;Faculdade Estácio de Belém;PA;401;Privada;;;401-500;7.05;;;401-500;1.03;;;351-400;2.38;;;301-350;3.64;;;401-500;;
2025;odontologia;Faculdade Uninassau Petrolina;PE;401;Privada;;;401-500;9.08;;;401-500;1.97;;;251-300;3.7;;;301-350;3.41;;;351-400;;
2025;odontologia;Centro Universitário Maurício de Nassau de Teresina;PI;401;Privada;;;401-500;9.09;;;251-300;4.07;;;351-400;2.76;;;401-500;2.26;;;351-400;;
2025;odontologia;Universidade do Planalto Catarinense;SC;401;Privada;;;401-500;7.73;;;351-400;2.8;;;501-600;0.65;;;401-500;1.17;;;401-500;201-250;3.11
2025;odontologia;Instituto Macapaense de Ensino Superior;AP;401;Privada;;;401-500;8.13;;;401-500;1.79;;;501-600;0.33;;;501-600;0.01;;;401-500;1;6
2025;odontologia;Faculdade de Ciências e Tecnologia de Janaúba;MG;401;Privada;;;401-500;8.75;;;401-500;1.71;;;501-600;0.58;;;501-600;0.46;;;351-400;1;6
2025;odontologia;Centro Universitário São Camilo - Espírito Santo;ES;401;Privada;;;401-500;7.47;;;301-350;3.13;;;301-350;3.38;;;401-500;0.96;;;401-500;;
2025;odontologia;Libertas - Faculdades Integradas;MG;401;Privada;;;401-500;8.11;;;401-500;1.47;;;183;5.37;;;401-500;1.27;;;401-500;;
2025;odontologia;Centro Universitário de Balsas;MA;401;Privada;;;401-500;7.87;;;401-500;0.91;;;193;5.23;;;401-500;1.73;;;401-500;;
2025;odontologia;Faculdade Anhanguera de Imperatriz;MA;401;Privada;;;401-500;8.6;;;401-500;1.49;;;153;5.81;;;401-500;0.92;;;401-500;351-400;0.38
2025;odontologia;Faculdade Anhanguera de Santa Bárbara;SP;401;Privada;;;401-500;8.23;;;501-600;0.6;;;351-400;2.74;;;201-250;4.89;;;401-500;;
2025;odontologia;Faculdade Edufor de Salvador;BA;401;Privada;;;401-500;10.38;;;501-600;0.2;;;1;8;;;401-500;2.18;;;351-400;;
2025;odontologia;Faculdade Uninassau Vitória da Conquista;BA;401;Privada;;;401-500;8.37;;;201-250;4.89;;;401-500;1.56;;;501-600;0.83;;;401-500;301-350;1.09
2025;odontologia;Faculdade Vale do Aço;MA;401;Privada;;;401-500;10.75;;;301-350;3.43;;;401-500;1.08;;;501-600;0.24;;;351-400;1;6
2025;odontologia;Centro Universitário Estácio Juiz de Fora;MG;401;Privada;;;401-500;9.46;;;351-400;2.61;;;401-500;1.95;;;351-400;2.46;;;351-400;251-300;2.44
2025;odontologia;Centro Universitário Maurício de Nassau do Rio de Janeiro;RJ;401;Privada;;;351-400;11.41;;;251-300;3.83;;;401-500;1.46;;;301-350;3.32;;;301-350;201-250;2.8
2025;odontologia;Faculdade Anhanguera de Piracicaba;SP;401;Privada;;;401-500;10.85;;;501-600;0.6;;;351-400;2.95;;;50;7.3;;;351-400;;
2025;odontologia;Faculdade Una de Itabira;MG;401;Privada;;;401-500;7.81;;;401-500;1.47;;;401-500;1.37;;;201-250;4.97;;;401-500;;
2025;odontologia;Centro Universitário Vale do Cricaré;ES;401;Privada;;;401-500;7.42;;;301-350;3.13;;;301-350;3.67;;;501-600;0.62;;;401-500;;
2025;odontologia;Instituto Esperança de Ensino Superior;PA;401;Privada;;;401-500;8.32;;;251-300;3.86;;;501-600;0.04;;;501-600;0.11;;;401-500;121;4.31
2025;odontologia;Centro Universitário Mário Palmério;MG;401;Privada;;;401-500;8.65;;;401-500;1.47;;;301-350;3.22;;;251-300;3.96;;;401-500;;
2025;odontologia;Faculdade Santa Rita de Cássia;GO;401;Privada;;;401-500;10.65;;;501-600;0.77;;;401-500;1.1;;;351-400;2.78;;;351-400;1;6
2025;odontologia;Faculdade Uninassau Arapiraca;AL;401;Privada;;;401-500;9.75;;;401-500;1.16;;;351-400;2.79;;;401-500;1.49;;;351-400;121;4.31
2025;odontologia;Centro Universitário Estácio da Bahia;BA;401;Privada;;;401-500;9.46;;;301-350;3.71;;;501-600;0.69;;;351-400;2.55;;;351-400;201-250;2.51
2025;odontologia;Centro Universitário de Ciências e Tecnologia do Maranhão;MA;401;Privada;;;401-500;10.28;;;401-500;1.5;;;301-350;3.39;;;501-600;0.49;;;351-400;79;4.9
2025;odontologia;Centro Universitário Fis;PE;401;Privada;;;351-400;11.34;;;351-400;2.73;;;251-300;3.88;;;401-500;1.45;;;301-350;194;3.28
2025;odontologia;Centro Universitário Unifateb;PR;401;Privada;;;401-500;8.36;;;401-500;2.26;;;201-250;4.81;;;401-500;1.29;;;401-500;;
2025;odontologia;Faculdades Sulamérica Bahia;BA;401;Privada;;;401-500;7.25;;;501-600;0.83;;;501-600;0.23;;;501-600;0.19;;;401-500;1;6
2025;odontologia;Faculdade Unibras do Norte Goiano;GO;401;Privada;;;401-500;10.15;;;401-500;1.56;;;201-250;4.61;;;401-500;1.59;;;351-400;251-300;2.39
2025;odontologia;Centro Universitário Maurício de Nassau de João Pessoa;PB;401;Privada;;;401-500;9.73;;;301-350;3.46;;;351-400;2.8;;;301-350;3.19;;;351-400;401-500;0.28
2025;odontologia;Centro Universitário Metropolitano de Maringá;PR;401;Privada;;;401-500;10.28;;;351-400;2.53;;;401-500;1.3;;;351-400;2.42;;;351-400;141;4.03
2025;odontologia;Centro Universitário Ari de Sá;CE;401;Privada;;;401-500;9.12;;;351-400;2.97;;;401-500;1.78;;;251-300;4.37;;;351-400;;
2025;odontologia;Faculdade Ideal Wyden;PA;401;Privada;;;401-500;10.22;;;401-500;1.03;;;501-600;0.77;;;351-400;2.42;;;351-400;1;6
2025;odontologia;Faculdade Uberlandense de Núcleos Integrados de Ensino, Serviço Social e Aprendizagem;MG;401;Privada;;;401-500;10.44;;;401-500;1.47;;;351-400;2.92;;;137;6.05;;;351-400;;
2025;odontologia;Centro de Ensino Superior de Ilhéus;BA;401;Privada;;;401-500;8.68;;;301-350;3.03;;;401-500;0.97;;;401-500;0.86;;;401-500;156;3.82
2025;odontologia;Faculdade de Ensino Superior Refferencial;MS;401;Privada;;;401-500;8.43;;;201-250;4.49;;;501-600;0.13;;;251-300;3.81;;;401-500;;
2025;odontologia;Faculdade Anhanguera de Taubaté;SP;401;Privada;;;401-500;7.12;;;501-600;0.6;;;401-500;1.83;;;201-250;4.69;;;401-500;;
2025;odontologia;Faculdade Integrada Cete;PE;401;Privada;;;351-400;11.06;;;401-500;1.97;;;1;8;;;401-500;1.09;;;351-400;;
2025;odontologia;Faculdade Fasipe de Sorriso;MT;401;Privada;;;401-500;7.21;;;501-600;0.33;;;251-300;4.32;;;351-400;2.56;;;401-500;;
2025;odontologia;Centro Universitário de Patos;PB;401;Privada;;;401-500;7.77;;;251-300;3.94;;;501-600;0.25;;;401-500;2.1;;;401-500;301-350;1.48
2025;odontologia;Faculdade Una de Sete Lagoas;MG;401;Privada;;;401-500;7.72;;;401-500;1.47;;;401-500;1.88;;;251-300;4.37;;;401-500;;
2025;odontologia;Faculdade de Imperatriz Wyden;MA;401;Privada;;;351-400;10.9;;;301-350;3.4;;;501-600;0.45;;;351-400;2.36;;;351-400;94;4.69
2025;odontologia;Faculdade Vale dos Carajás;PA;401;Privada;;;401-500;9.72;;;401-500;1.03;;;1;8;;;501-600;0.69;;;351-400;;
2025;odontologia;Centro Universitário Anhanguera Pitágoras Unopar de Niterói;RJ;401;Privada;;;351-400;10.94;;;351-400;2.4;;;201-250;4.52;;;251-300;3.92;;;351-400;401-500;0.1
2025;odontologia;Centro Universitário Unifecaf;SP;401;Privada;;;401-500;8.6;;;501-600;0.6;;;1;8;;;;;;;401-500;;
2025;odontologia;Faculdade de Guarulhos;SP;401;Privada;;;401-500;10.43;;;501-600;0.6;;;401-500;1.11;;;351-400;2.72;;;351-400;1;6
2025;odontologia;Faculdade Cleber Leite;SP;401;Privada;;;401-500;8.64;;;501-600;0.6;;;200;5.13;;;351-400;2.91;;;401-500;;
2025;odontologia;Faculdade Anhanguera de Rondonópolis;MT;401;Privada;;;401-500;9.57;;;251-300;3.99;;;301-350;3;;;401-500;2.16;;;351-400;351-400;0.42
2025;odontologia;Instituto Serra Dourada;PA;401;Privada;;;351-400;11.04;;;401-500;2.1;;;201-250;4.43;;;351-400;2.59;;;351-400;251-300;1.92
2025;odontologia;Faculdade Anhanguera de Jundiaí;SP;401;Privada;;;401-500;10.06;;;501-600;0.6;;;351-400;2.93;;;142;5.98;;;351-400;351-400;0.55
2025;odontologia;Centro Universitário Augusto Motta;RJ;401;Privada;;;351-400;10.96;;;401-500;2.03;;;160;5.7;;;301-350;3.23;;;351-400;;
2025;odontologia;Faculdade Anhanguera de Valparaíso;GO;401;Privada;;;401-500;7.59;;;501-600;0.77;;;301-350;3.57;;;301-350;3.25;;;401-500;;
2025;odontologia;Centro Universitário Maurício de Nassau Paulista;PE;401;Privada;;;401-500;7.05;;;401-500;1.97;;;401-500;1.82;;;401-500;1.88;;;401-500;301-350;1.38
2025;odontologia;Faculdade Metropolitana do Ceará;CE;401;Privada;;;401-500;8.65;;;351-400;2.97;;;251-300;3.9;;;401-500;1.78;;;401-500;;
2025;odontologia;Faculdade Unisul de Itajaí;SC;401;Privada;;;401-500;7.61;;;351-400;2.39;;;401-500;1.78;;;301-350;3.44;;;401-500;;
2025;odontologia;Centro Universitário Estácio de Belo Horizonte;MG;401;Privada;;;351-400;11.22;;;401-500;1.99;;;401-500;1.2;;;131;6.14;;;301-350;251-300;1.89
2025;odontologia;Faculdade Una de Pouso Alegre;MG;401;Privada;;;401-500;7.79;;;401-500;1.47;;;401-500;1.7;;;201-250;4.62;;;401-500;;
2025;odontologia;Faculdade Anhanguera de Governador Valadares;MG;401;Privada;;;401-500;9.37;;;401-500;1.47;;;251-300;4.04;;;301-350;3.51;;;351-400;401-500;0.35
2025;odontologia;Centro Universitário Estácio de Brasília;DF;401;Privada;;;401-500;7.05;;;401-500;1.7;;;401-500;0.98;;;251-300;4.37;;;401-500;;
2025;odontologia;Faculdade Multivix Vila Velha;ES;401;Privada;;;401-500;10.29;;;301-350;3.13;;;201-250;4.68;;;351-400;2.48;;;351-400;;
2025;odontologia;Faculdade Anhanguera de Itabuna;BA;401;Privada;;;401-500;10.54;;;301-350;3.64;;;201-250;4.87;;;401-500;1.9;;;351-400;401-500;0.13
2025;odontologia;Faculdade Anhanguera de Teixeira de Freitas;BA;401;Privada;;;401-500;8.15;;;351-400;2.56;;;301-350;3.41;;;401-500;1.98;;;401-500;401-500;0.2
2025;odontologia;Centro Universitário Aeso - Barros Melo;PE;401;Privada;;;401-500;7.31;;;401-500;1.97;;;501-600;0.26;;;201-250;5.08;;;401-500;;
2025;odontologia;Universidade Metodista de Piracicaba;SP;401;Privada;;;401-500;8.28;;;401-500;1.59;;;501-600;0.35;;;201-250;5.14;;;401-500;301-350;1.2
2025;odontologia;Centro Universitário Universo Juiz de Fora;MG;401;Privada;;;401-500;10.76;;;401-500;1.47;;;351-400;2.61;;;351-400;2.89;;;351-400;158;3.79
2025;odontologia;Centro Universitário Brasília do Estado de Goiás;GO;401;Privada;;;401-500;7.33;;;501-600;0.79;;;401-500;2.09;;;401-500;1.46;;;401-500;201-250;2.99
2025;odontologia;Faculdade Uniavan Rio do Sul;SC;401;Privada;;;401-500;8.61;;;351-400;2.39;;;201-250;4.59;;;401-500;1.63;;;401-500;;
2025;odontologia;Faculdade de Ciências do Tocantins;TO;401;Privada;;;401-500;8.87;;;501-600;0.8;;;401-500;1.86;;;301-350;3.12;;;351-400;201-250;3.09
2025;odontologia;Centro Universitário Uninorte;AC;401;Privada;;;401-500;8.77;;;351-400;2.81;;;401-500;1.92;;;501-600;0.66;;;351-400;187;3.38
2025;odontologia;Centro Universitário Fai;SC;401;Privada;;;401-500;8.19;;;160;5.73;;;401-500;1;;;501-600;0.32;;;401-500;301-350;1.14
2025;odontologia;Faculdade Uninassau Olinda;PE;401;Privada;;;401-500;7.38;;;401-500;1.97;;;301-350;3.06;;;351-400;2.35;;;401-500;;
2025;odontologia;Faculdade Minas Gerais;MG;401;Privada;;;401-500;10.58;;;401-500;1.47;;;501-600;0.46;;;351-400;2.65;;;351-400;1;6
2025;odontologia;Instituto de Ensino Superior Capixaba;ES;401;Privada;;;401-500;10.55;;;301-350;3.13;;;401-500;1.69;;;160;5.73;;;351-400;;
2025;odontologia;Centro Universitário de Pato Branco;PR;401;Privada;;;401-500;10.38;;;115;6.37;;;401-500;2.08;;;401-500;1.72;;;351-400;401-500;0.21
2025;odontologia;Faculdade Uninassau Brasília;DF;401;Privada;;;401-500;7.61;;;401-500;1.7;;;301-350;2.98;;;351-400;2.93;;;401-500;;
2025;odontologia;Centro Universitário Maurício de Nassau de São Luís;MA;401;Privada;;;401-500;10.45;;;401-500;0.91;;;201-250;4.84;;;251-300;4.21;;;351-400;351-400;0.49
2025;odontologia;Instituto Municipal de Ensino Superior de Catanduva;SP;401;Municipal;;;351-400;10.87;;;251-300;4;;;501-600;0.06;;;401-500;2.12;;;56;94;4.69
2025;odontologia;Faculdade Atenas Passos;MG;401;Privada;;;401-500;10.26;;;401-500;1.47;;;1;8;;;501-600;0.79;;;351-400;;
2025;odontologia;Faculdade Uninassau Belo Horizonte;MG;401;Privada;;;401-500;9.21;;;401-500;1.47;;;251-300;3.96;;;251-300;3.78;;;351-400;;
2025;odontologia;Faculdade Anhanguera de Anápolis;GO;401;Privada;;;401-500;9.38;;;401-500;1.57;;;201-250;4.56;;;351-400;2.66;;;351-400;351-400;0.59
2025;odontologia;Faculdade Anísio Teixeira de Feira de Santana;BA;401;Privada;;;401-500;10.58;;;501-600;0.2;;;1;8;;;351-400;2.38;;;351-400;;
2025;odontologia;Faculdade Anhanguera de Passo Fundo;RS;401;Privada;;;351-400;11.34;;;301-350;3.4;;;351-400;2.5;;;180;5.44;;;301-350;;
2025;odontologia;Faculdade Uninassau Carpina;PE;401;Privada;;;401-500;7.64;;;401-500;1.97;;;301-350;3.61;;;401-500;2.06;;;401-500;;
2025;odontologia;Centro Universitário Atenas;MG;401;Privada;;;401-500;10.56;;;401-500;1.47;;;1;8;;;401-500;1.09;;;351-400;;
2025;odontologia;Centro Universitário Maurício de Nassau de Caruaru;PE;401;Privada;;;401-500;10.07;;;201-250;4.81;;;351-400;2.41;;;401-500;1.75;;;351-400;301-350;1.1
2025;odontologia;Escola Superior Una de Itumbiara;GO;401;Privada;;;401-500;7.07;;;501-600;0.77;;;351-400;2.51;;;251-300;3.79;;;401-500;;
2025;odontologia;Universidade da Amazônia;PA;401;Privada;;;401-500;9.39;;;251-300;4.13;;;401-500;1.99;;;351-400;2.52;;;351-400;351-400;0.75
2025;odontologia;Faculdade Unida de Campinas Goiânia;GO;401;Privada;;;401-500;10.48;;;501-600;0.77;;;150;5.85;;;251-300;3.86;;;351-400;;
2025;odontologia;Faculdade Rio Parnaíba;MA;401;Privada;;;401-500;9.14;;;401-500;0.91;;;183;5.37;;;351-400;2.86;;;351-400;;
2025;odontologia;Faculdades Planalto Central;DF;401;Privada;;;401-500;7.54;;;401-500;1.7;;;201-250;4.97;;;401-500;0.87;;;401-500;;
2025;odontologia;Faculdade Cesumar de Londrina;PR;401;Privada;;;401-500;9.51;;;156;5.79;;;501-600;0.74;;;351-400;2.98;;;351-400;;
2025;odontologia;Faculdades Integradas Rui Barbosa;SP;401;Privada;;;401-500;9.8;;;501-600;0.6;;;1;8;;;401-500;1.2;;;351-400;;
2025;odontologia;Universidade Brasil;SP;401;Privada;;;401-500;9.72;;;401-500;2.09;;;501-600;0.55;;;301-350;3.56;;;351-400;177;3.52
2025;odontologia;Faculdade de Educação e Tecnologia da Amazônia;PA;401;Privada;;;401-500;7.7;;;401-500;1.03;;;188;5.3;;;401-500;1.37;;;401-500;;
2025;odontologia;Centro Universitário da Amazônia;PA;401;Privada;;;401-500;10.38;;;301-350;3.6;;;251-300;3.76;;;401-500;0.93;;;351-400;251-300;2.09
2025;odontologia;Centro Universitário de Iporá;GO;401;Privada;;;401-500;8.21;;;501-600;0.77;;;401-500;1.21;;;501-600;0.23;;;401-500;1;6
2025;odontologia;Centro Universitário Campo Real;PR;401;Privada;;;351-400;11.21;;;401-500;2.26;;;1;8;;;401-500;0.95;;;301-350;;
2025;odontologia;Faculdade Life Unic Education;SC;401;Privada;;;401-500;8.35;;;351-400;2.39;;;401-500;0.88;;;201-250;5.08;;;401-500;;
2025;odontologia;Faculdade Fasipe de Primavera;MT;501;Privada;;;501-600;4.48;;;501-600;0.33;;;301-350;3.63;;;501-600;0.52;;;401-500;;
2025;odontologia;Faculdade de Santo Ângelo;RS;501;Privada;;;501-600;4.79;;;301-350;3.4;;;;;;;401-500;1.39;;;401-500;;
2025;odontologia;Centro Universitário Campo Limpo Paulista;SP;501;Privada;;;501-600;3.85;;;501-600;0.6;;;401-500;1.62;;;401-500;1.63;;;401-500;;
2025;odontologia;Faculdade Cecape;CE;501;Privada;;;501-600;6.82;;;351-400;2.97;;;351-400;2.5;;;401-500;1.35;;;401-500;;
2025;odontologia;Faculdade Ages de Jacobina;BA;501;Privada;;;501-600;2.28;;;501-600;0.2;;;501-600;0.22;;;401-500;1.86;;;401-500;;
2025;odontologia;Faculdade Uninassau Serra Talhada;PE;501;Privada;;;501-600;6.08;;;401-500;1.97;;;301-350;2.99;;;401-500;1.12;;;401-500;;
2025;odontologia;Faculdade Uninassau Lauro de Freitas;BA;501;Privada;;;501-600;6.21;;;501-600;0.2;;;401-500;1.33;;;251-300;3.85;;;401-500;351-400;0.83
2025;odontologia;Faculdade Uninassau Garanhuns;PE;501;Privada;;;501-600;6.87;;;401-500;1.97;;;351-400;2.7;;;401-500;2.2;;;401-500;;
2025;odontologia;Faculdade Ages de Medicina de Irecê;BA;501;Privada;;;501-600;1.41;;;501-600;0.2;;;501-600;0.12;;;401-500;1.09;;;501-600;;
2025;odontologia;Centro Universitário Maurício de Nassau de Juazeiro do Norte;CE;501;Privada;;;501-600;4.51;;;351-400;2.97;;;501-600;0.39;;;401-500;1.15;;;401-500;;
2025;odontologia;Faculdade Unibras do Maranhão;MA;501;Privada;;;501-600;2.85;;;401-500;0.91;;;401-500;1.27;;;501-600;0.67;;;401-500;;
2025;odontologia;Faculdade Uninassau Imperatriz;MA;501;Privada;;;501-600;3.7;;;401-500;0.91;;;351-400;2.46;;;501-600;0.33;;;401-500;;
2025;odontologia;Faculdade Invest de Ciências e Tecnologia;MT;501;Privada;;;501-600;4.29;;;501-600;0.33;;;401-500;1.47;;;351-400;2.49;;;401-500;;
2025;odontologia;Faculdade Ibituruna;MG;501;Privada;;;501-600;3.81;;;401-500;1.47;;;401-500;2.18;;;501-600;0.16;;;401-500;;
2025;odontologia;Ensino Superior Albert Sabin;DF;501;Privada;;;501-600;6.82;;;401-500;1.7;;;401-500;1.16;;;251-300;3.96;;;401-500;;
2025;odontologia;Faculdade de Lucas do Rio Verde;MT;501;Privada;;;501-600;3.3;;;501-600;0.33;;;401-500;1.34;;;401-500;1.63;;;401-500;;
2025;odontologia;Faculdade Estácio São Paulo de Rondônia;RO;501;Privada;;;501-600;6.15;;;251-300;4.24;;;501-600;0.72;;;501-600;0.29;;;401-500;351-400;0.9
2025;odontologia;Faculdade Soberana de Arapiraca;AL;501;Privada;;;501-600;1.91;;;401-500;1.16;;;501-600;0.03;;;501-600;0.72;;;401-500;;
2025;odontologia;Centro Universitário Uniftec Bento Gonçalves;RS;501;Privada;;;501-600;6.71;;;301-350;3.4;;;401-500;1.89;;;401-500;1.42;;;401-500;;
2025;odontologia;Centro Universitário Estácio de São Luís;MA;501;Privada;;;501-600;4.6;;;401-500;1.09;;;501-600;0.48;;;301-350;3.03;;;401-500;;
2025;odontologia;Faculdade de Campina Grande;PB;501;Privada;;;501-600;4.48;;;351-400;2.51;;;501-600;0.19;;;401-500;1.12;;;401-500;351-400;0.66
2025;odontologia;Escola Superior São Judas de São Bernardo do Campo;SP;501;Privada;;;501-600;5.62;;;501-600;0.6;;;401-500;0.88;;;251-300;4.14;;;401-500;;
2025;odontologia;Faculdade Fasipe de Rondonópolis;MT;501;Privada;;;501-600;4.5;;;501-600;0.33;;;301-350;3.54;;;501-600;0.63;;;401-500;;
2025;odontologia;Centro Universitário Unisep;PR;501;Privada;;;501-600;5.06;;;401-500;2.26;;;501-600;0.2;;;501-600;0.36;;;401-500;251-300;2.24
2025;odontologia;Faculdade de Palmeiras de Goiás;GO;501;Privada;;;501-600;6.9;;;501-600;0.77;;;201-250;4.94;;;401-500;1.19;;;401-500;;
2025;odontologia;Faculdade Rebouças de Campina Grande;PB;501;Privada;;;501-600;4.78;;;351-400;2.51;;;401-500;1.65;;;501-600;0.17;;;401-500;351-400;0.45
2025;odontologia;Faculdade São Francisco do Ceará;CE;501;Privada;;;501-600;3.39;;;351-400;2.97;;;;;;;501-600;0.42;;;401-500;;
2025;odontologia;Centro Universitário Estácio de Ji-paraná;RO;501;Privada;;;501-600;6.32;;;401-500;1.53;;;401-500;1.66;;;401-500;1.57;;;401-500;301-350;1.56
2025;odontologia;Centro Universitário Universo Salvador;BA;501;Privada;;;501-600;6.03;;;351-400;2.77;;;401-500;0.95;;;401-500;1.25;;;401-500;351-400;1.06
2025;odontologia;Centro Universitário Estácio Meta de Rio Branco Estácio;AC;501;Privada;;;501-600;6.06;;;401-500;1.06;;;301-350;3.35;;;501-600;0.2;;;401-500;301-350;1.45
2025;odontologia;Faculdade de Apucarana;PR;501;Privada;;;501-600;4.4;;;401-500;2.26;;;401-500;1.57;;;501-600;0.57;;;401-500;;
2025;odontologia;Faculdade Presidente Antônio Carlos de Teófilo Otoni;MG;501;Privada;;;501-600;6.14;;;401-500;1.73;;;501-600;0.77;;;351-400;2.3;;;401-500;301-350;1.34
2025;odontologia;Centro Universitário Cambury;GO;501;Privada;;;501-600;1.27;;;501-600;0.77;;;;;;;501-600;0.5;;;501-600;;
2025;odontologia;Faculdade Ages de Senhor do Bonfim;BA;501;Privada;;;501-600;1.5;;;501-600;0.2;;;401-500;0.88;;;501-600;0.42;;;401-500;;
2025;odontologia;Escola Superior do Sul de Santa Catarina;SC;501;Privada;;;501-600;3.49;;;351-400;2.39;;;501-600;0.01;;;401-500;1.09;;;401-500;;
2025;odontologia;Centro Universitário Universo Goiânia;GO;501;Privada;;;401-500;7.03;;;401-500;1.74;;;401-500;1.6;;;401-500;1.89;;;401-500;251-300;1.8
2025;odontologia;Faculdade Uninorte Marabá;PA;501;Privada;;;501-600;1.4;;;401-500;1.03;;;;;;;501-600;0.37;;;501-600;;
2025;odontologia;Faculdade de Odontologia de Manaus;AM;501;Privada;;;501-600;6.68;;;501-600;0.21;;;501-600;0.38;;;501-600;0.09;;;401-500;1;6
2025;odontologia;Faculdade Uniftb;SE;501;Privada;;;501-600;3.57;;;301-350;3.51;;;;;;;501-600;0.06;;;401-500;;
2025;odontologia;Faculdade Unibras Gama;DF;501;Privada;;;501-600;6.96;;;401-500;1.7;;;401-500;1.63;;;351-400;2.33;;;401-500;301-350;1.3
2025;odontologia;Escola Superior Una de Conselheiro Lafaiete;MG;501;Privada;;;501-600;4.71;;;401-500;1.47;;;401-500;0.91;;;351-400;2.33;;;401-500;;
2025;odontologia;Faculdade Quirinópolis;GO;501;Privada;;;501-600;3.69;;;501-600;0.77;;;351-400;2.85;;;501-600;0.07;;;401-500;;
2025;odontologia;Centro Universitário São Judas Tadeu;SP;501;Privada;;;501-600;3.6;;;501-600;0.6;;;401-500;0.94;;;401-500;2.06;;;401-500;;
2025;odontologia;Faculdade Cta de Nova Lima;MG;501;Privada;;;501-600;6.74;;;401-500;1.47;;;501-600;0.19;;;201-250;5.08;;;401-500;;
2025;odontologia;Centro Universitário do Vale do Araguaia;MT;501;Privada;;;501-600;6.77;;;351-400;2.59;;;401-500;2.07;;;401-500;1.22;;;401-500;351-400;0.89
2025;odontologia;Faculdade da Amazônia de Porto Velho;RO;501;Privada;;;501-600;2.23;;;401-500;1.53;;;501-600;0.66;;;501-600;0.04;;;401-500;;
2025;odontologia;Faculdade CTA;SP;501;Privada;;;501-600;4.02;;;501-600;0.6;;;501-600;0.59;;;351-400;2.83;;;401-500;;
2025;odontologia;Instituto de Serra Dourada;SP;501;Privada;;;501-600;5.32;;;501-600;0.6;;;351-400;2.92;;;401-500;1.8;;;401-500;;
2025;odontologia;Instituto Universitário Una de Catalão;GO;501;Privada;;;501-600;2.48;;;501-600;0.77;;;401-500;1.17;;;501-600;0.54;;;401-500;;
2025;odontologia;Faculdade Anhanguera de Ciências Sociais Aplicadas de Sinop;MT;501;Privada;;;501-600;5.33;;;501-600;0.33;;;351-400;2.67;;;401-500;2.15;;;401-500;401-500;0.18
2025;odontologia;Unama Faculdade da Amazônia de Boa Vista;RR;501;Privada;;;501-600;5.64;;;401-500;1.19;;;301-350;3.32;;;401-500;1.13;;;401-500;;
2025;odontologia;Faculdade Empresarial de Chapecó;SC;501;Privada;;;501-600;6.04;;;201-250;4.59;;;501-600;0.14;;;501-600;0.39;;;401-500;351-400;0.92
2025;odontologia;Centro Universitário Universo Recife;PE;501;Privada;;;501-600;4.89;;;401-500;1.97;;;501-600;0.42;;;351-400;2.5;;;401-500;;
2025;odontologia;Faculdade Santo Antonio BA;BA;501;Privada;;;501-600;1.29;;;501-600;0.2;;;;;;;401-500;1.09;;;501-600;;
2025;odontologia;Faculdade da Saúde e Ecologia Humana;MG;501;Privada;;;501-600;4.38;;;401-500;1.47;;;501-600;0.19;;;351-400;2.72;;;401-500;;
2025;odontologia;Centro Universitário Estácio do Pantanal;MT;501;Privada;;;501-600;5.68;;;401-500;1.76;;;401-500;1.94;;;401-500;0.97;;;401-500;351-400;1.01
2025;odontologia;Unama Faculdade da Amazônia de Macapá;AP;501;Privada;;;501-600;4.33;;;401-500;1.79;;;351-400;2.24;;;501-600;0.3;;;401-500;;
2025;odontologia;Faculdade para o Desenvolvimento Sustentável da Amazônia;PA;501;Privada;;;501-600;1.72;;;401-500;1.03;;;501-600;0.09;;;501-600;0.6;;;401-500;;
2025;odontologia;Faculdade Vale do Pajeu;PE;501;Privada;;;501-600;5.32;;;401-500;1.97;;;301-350;3.22;;;501-600;0.13;;;401-500;;
2025;odontologia;Universidade do Contestado;SC;501;Privada;;;501-600;6.57;;;351-400;2.39;;;351-400;2.38;;;401-500;1.8;;;401-500;;
