ano;curso;Universidade;Estado;Posição;Pública ou Privada;Posição em avaliação do Mercado;Nota em avaliação do Mercado;Posição em qualidade de ensino;Nota em qualidade de ensino;Posição em Instrução dos Professores;Nota em Instrução dos Professores;Posição Nota dos concluintes;Nota dos concluintes;Posição Desistência;Nota Desistência;Posição em Tempo de Dedicação dos Professores;Nota em Tempo de Dedicação dos Professores;Posição no MEC;Nota no MEC;Posição em Professores com doutorado e mestrado;Nota em Professores com doutorado e mestrado;Posição em avaliação dos docentes;Nota em avaliação dos docentes;Posição PP;Posição em Permanência dos alunos;Nota em Permanência dos alunos
2019;servico-social;Universidade Federal do Rio de Janeiro;RJ;1;Federal;1;36;1;62.28;4;7.93;55;6.35;;;1;8;1;40;;;;;;;
2019;servico-social;Pontifícia Universidade Católica de São Paulo;SP;2;Privada;5;34.5;3;59.16;17;7.63;56;6.32;;;121;5.21;1;40;;;;;;;
2019;servico-social;Universidade Estadual Paulista Júlio de Mesquita Filho;SP;3;Estadual;1;36;4;57.05;3;7.95;59;6.23;;;103;5.63;3;37.24;;;;;;;
2019;servico-social;Universidade Federal de Pernambuco;PE;4;Federal;1;36;5;56.51;20;7.56;6;7.85;;;1;8;6;33.1;;;;;;;
2019;servico-social;Universidade do Estado do Rio de Janeiro;RJ;5;Estadual;5;34.5;6;55.4;15;7.67;46;6.63;;;1;8;6;33.1;;;;;;;
2019;servico-social;Universidade Federal do Rio Grande do Sul;RS;6;Federal;11;32.25;8;53.13;7;7.86;251-300;0.03;;;1;8;3;37.24;;;;;;;
2019;servico-social;Pontifícia Universidade Católica do Rio Grande do Sul;RS;7;Privada;11;32.25;9;52.59;2;7.98;33;7.02;;;152;4.49;6;33.1;;;;;;;
2019;servico-social;Universidade de Brasília;DF;8;Federal;33;24;2;60.64;12;7.74;12;7.66;;;1;8;3;37.24;;;;;;;
2019;servico-social;Universidade Federal do Paraná;PR;9;Federal;11;32.25;10;51.75;60;6.62;131;4.03;;;1;8;6;33.1;;;;;;;
2019;servico-social;Universidade Federal da Bahia;BA;10;Federal;5;34.5;16;48.35;57;6.69;19;7.45;;;1;8;11;26.21;;;;;;;
2019;servico-social;Universidade Federal Fluminense;RJ;11;Federal;5;34.5;17;47.52;22;7.51;73;5.8;;;1;8;11;26.21;;;;;;;
2019;servico-social;Universidade Federal do Rio Grande do Norte;RN;12;Federal;11;32.25;11;49.27;36;7.18;5;7.88;;;1;8;11;26.21;;;;;;;
2019;servico-social;Universidade Estadual de Londrina;PR;13;Estadual;11;32.25;13;48.58;11;7.77;47;6.6;;;1;8;11;26.21;;;;;;;
2019;servico-social;Universidade Federal do Pará;PA;14;Federal;11;32.25;14;48.42;33;7.25;35;6.96;;;1;8;11;26.21;;;;;;;
2019;servico-social;Universidade Federal de Santa Catarina;SC;15;Federal;33;24;7;55.06;24;7.46;50;6.5;;;1;8;6;33.1;;;;;;;
2019;servico-social;Universidade do Vale do Rio dos Sinos;RS;16;Privada;11;32.25;21;45.64;6;7.88;53;6.41;;;124;5.14;11;26.21;;;;;;;
2019;servico-social;Pontifícia Universidade Católica do Rio de Janeiro;RJ;17;Privada;11;32.25;25;41.72;23;7.49;18;7.48;;;301-350;0.54;11;26.21;;;;;;;
2019;servico-social;Universidade Federal de Juiz de Fora;MG;18;Federal;33;24;15;48.37;25;7.44;43;6.72;;;1;8;11;26.21;;;;;;;
2019;servico-social;Pontifícia Universidade Católica de Campinas;SP;19;Privada;11;32.25;28;39.54;19;7.58;81;5.56;;;301-350;0.19;11;26.21;;;;;;;
2019;servico-social;Universidade Federal de Mato Grosso;MT;20;Federal;33;24;19;46.59;63;6.55;72;5.83;;;1;8;11;26.21;;;;;;;
2019;servico-social;Universidade Federal de Uberlândia;MG;21;Federal;33;24;20;46.24;13;7.72;122;4.31;;;1;8;11;26.21;;;;;;;
2019;servico-social;Universidade Paulista;SP;22;Privada;1;36;29;33.33;201-250;2.71;201-250;0.46;;;175;3.95;11;26.21;;;;;;;
2019;servico-social;Pontifícia Universidade Católica do Paraná;PR;23;Privada;33;24;23;43.14;50;6.86;30;7.12;;;201-250;2.95;11;26.21;;;;;;;
2019;servico-social;Universidade de Caxias do Sul;RS;24;Privada;33;24;24;42.21;42;7.04;16;7.54;;;251-300;1.42;11;26.21;;;;;;;
2019;servico-social;Centro Universitário das Faculdades Metropolitanas Unidas;SP;25;Privada;33;24;26;41.35;90;5.92;77;5.68;;;193;3.54;11;26.21;;;;;;;
2019;servico-social;Universidade Nove de Julho;SP;26;Privada;33;24;27;40.67;59;6.65;187;2.32;;;109;5.49;11;26.21;;;;;;;
2019;servico-social;Universidade Federal de São Paulo;SP;27;Federal;65;12;12;49.02;1;8;40;6.81;;;1;8;11;26.21;;;;;;;
2019;servico-social;Universidade Estadual de Ponta Grossa;PR;28;Estadual;65;12;18;46.75;16;7.65;103;4.89;;;1;8;11;26.21;;;;;;;
2019;servico-social;Universidade Estadual do Ceará;CE;29;Estadual;5;34.5;40;21.62;82;6.11;17;7.51;;;1;8;;;;;;;;;
2019;servico-social;Universidade Católica de Pelotas;RS;30;Privada;65;12;22;44;61;6.6;54;6.38;;;138;4.81;11;26.21;;;;;;;
2019;servico-social;Universidade Federal do Piauí;PI;31;Federal;11;32.25;34;22.71;55;6.74;2;7.97;;;1;8;;;;;;;;;
2019;servico-social;Universidade Federal do Espírito Santo;ES;32;Federal;11;32.25;35;22.65;29;7.35;24;7.3;;;1;8;;;;;;;;;
2019;servico-social;Universidade Federal da Paraíba;PB;33;Federal;11;32.25;38;22.1;21;7.53;48;6.57;;;1;8;;;;;;;;;
2019;servico-social;Universidade Federal de Alagoas;AL;34;Federal;11;32.25;42;21.4;39;7.11;57;6.29;;;1;8;;;;;;;;;
2019;servico-social;Universidade Estadual de Maringá;PR;35;Estadual;11;32.25;48;20.39;131;4.97;20;7.42;;;1;8;;;;;;;;;
2019;servico-social;Pontifícia Universidade Católica de Minas Gerais;MG;36;Privada;5;34.5;93;15.12;108;5.5;83;5.5;;;168;4.12;;;;;;;;;
2019;servico-social;Universidade Federal do Maranhão;MA;37;Federal;33;24;31;23.54;18;7.6;3;7.94;;;1;8;;;;;;;;;
2019;servico-social;Universidade Federal de Santa Maria;RS;38;Federal;33;24;33;22.75;14;7.7;32;7.05;;;1;8;;;;;;;;;
2019;servico-social;Universidade Federal de Goiás;GO;39;Federal;11;32.25;112;13.75;112;5.41;251-300;0.34;;;1;8;;;;;;;;;
2019;servico-social;Universidade Federal de Sergipe;SE;40;Federal;33;24;46;21.15;37;7.16;67;5.99;;;1;8;;;;;;;;;
2019;servico-social;Universidade Estadual da Paraíba;PB;41;Estadual;33;24;47;20.56;65;6.51;65;6.05;;;1;8;;;;;;;;;
2019;servico-social;Universidade Potiguar;RN;42;Privada;11;32.25;132;12.29;132;4.95;169;2.87;;;153;4.47;;;;;;;;;
2019;servico-social;Universidade Estácio de Sá;RJ;43;Privada;11;32.25;137;12.12;103;5.62;165;2.99;;;194;3.51;;;;;;;;;
2019;servico-social;Universidade da Amazônia;PA;44;Privada;11;32.25;141;11.99;115;5.34;104;4.86;;;251-300;1.79;;;;;;;;;
2019;servico-social;Universidade Católica de Pernambuco;PE;45;Privada;11;32.25;143;11.93;105;5.57;111;4.64;;;251-300;1.72;;;;;;;;;
2019;servico-social;Universidade do Grande Rio Professor José de Souza Herdy;RJ;46;Privada;33;24;54;19.56;71;6.37;93;5.19;;;1;8;;;;;;;;;
2019;servico-social;Universidade Estadual do Oeste do Paraná;PR;47;Estadual;33;24;55;19.45;78;6.2;91;5.25;;;1;8;;;;;;;;;
2019;servico-social;Universidade Federal do Amazonas;AM;48;Federal;33;24;58;19.1;164;4.2;37;6.9;;;1;8;;;;;;;;;
2019;servico-social;Universidade Cruzeiro do Sul;SP;49;Privada;33;24;60;18.51;32;7.28;52;6.44;;;139;4.79;;;;;;;;;
2019;servico-social;Universidade Católica do Salvador;BA;50;Privada;11;32.25;192;9.58;198;3.41;153;3.36;;;201-250;2.81;;;;;;;;;
2019;servico-social;Pontifícia Universidade Católica de Goiás;GO;51;Privada;11;32.25;199;9.39;137;4.83;142;3.7;;;301-350;0.86;;;;;;;;;
2019;servico-social;Universidade Ceuma;MA;52;Privada;33;24;76;16.41;139;4.78;144;3.63;;;1;8;;;;;;;;;
2019;servico-social;Centro Universitário Antônio Eufrásio de Toledo de Presidente Prudente;SP;53;Privada;33;24;96;14.98;152;4.48;60;6.2;;;160;4.3;;;;;;;;;
2019;servico-social;Universidade Veiga de Almeida;RJ;54;Privada;33;24;100;14.62;47;6.93;86;5.41;;;201-250;2.28;;;;;;;;;
2019;servico-social;Centro Universitário Doutor Leão Sampaio;CE;55;Privada;33;24;110;13.81;126;5.09;123;4.28;;;154;4.44;;;;;;;;;
2019;servico-social;Universidade Salvador;BA;56;Privada;11;32.25;251-300;5.49;251-300;1.82;201-250;1.13;;;201-250;2.54;;;;;;;;;
2019;servico-social;Universidade de Ribeirão Preto;SP;57;Privada;33;24;113;13.47;74;6.3;181;2.5;;;144;4.67;;;;;;;;;
2019;servico-social;Centro Universitário Santo Agostinho;PI;58;Privada;33;24;119;13.05;201-250;2.43;102;4.92;;;100;5.7;;;;;;;;;
2019;servico-social;Centro Universitário Facex;RN;59;Privada;33;24;121;12.95;148;4.57;10;7.73;;;301-350;0.65;;;;;;;;;
2019;servico-social;Centro Universitário Maurício de Nassau;PE;60;Privada;33;24;136;12.21;100;5.69;138;3.82;;;201-250;2.7;;;;;;;;;
2019;servico-social;Universidade Cesumar;PR;61;Privada;33;24;138;12.11;70;6.39;;;;;99;5.72;;;;;;;;;
2019;servico-social;Universidade Luterana do Brasil;RS;62;Privada;33;24;157;11.38;130;4.99;201-250;1.04;;;115;5.35;;;;;;;;;
2019;servico-social;Universidade Tiradentes;SE;63;Privada;33;24;167;10.91;106;5.55;201-250;0.52;;;137;4.84;;;;;;;;;
2019;servico-social;Universidade Federal do Triângulo Mineiro;MG;64;Federal;65;12;36;22.57;10;7.79;41;6.78;;;1;8;;;;;;;;;
2019;servico-social;Centro Universitário Jorge Amado;BA;65;Privada;33;24;189;9.71;176;3.92;128;4.12;;;251-300;1.67;;;;;;;;;
2019;servico-social;Centro Universitário Nobre de Feira de Santana;BA;66;Privada;65;12;39;21.7;9;7.81;70;5.89;;;1;8;;;;;;;;;
2019;servico-social;Universidade Estadual do Centro Oeste;PR;67;Estadual;65;12;41;21.61;72;6.34;25;7.27;;;1;8;;;;;;;;;
2019;servico-social;Universidade de Pernambuco;PE;68;Estadual;65;12;45;21.21;46;6.95;58;6.26;;;1;8;;;;;;;;;
2019;servico-social;Universidade Estadual de Montes Claros;MG;69;Estadual;65;12;52;20.02;159;4.32;11;7.7;;;1;8;;;;;;;;;
2019;servico-social;Centro Universitário do Norte;AM;70;Privada;33;24;201-250;7.41;195;3.48;183;2.44;;;251-300;1.49;;;;;;;;;
2019;servico-social;Universidade de Franca;SP;71;Privada;33;24;251-300;5.43;146;4.62;;;;;301-350;0.81;;;;;;;;;
2019;servico-social;Universidade Comunitária da Região de Chapecó;SC;72;Privada;65;12;71;16.91;68;6.44;109;4.7;;;97;5.77;;;;;;;;;
2019;servico-social;Centro Universitário Cesmac;AL;73;Privada;33;24;301-350;4.16;251-300;2.15;201-250;1.59;;;301-350;0.42;;;;;;;;;
2019;servico-social;Centro Universitário de Várzea Grande;MT;74;Privada;65;12;103;14.4;91;5.9;107;4.76;;;184;3.74;;;;;;;;;
2019;servico-social;Universidade de Passo Fundo;RS;75;Privada;65;12;116;13.33;75;6.27;127;4.15;;;201-250;2.91;;;;;;;;;
2019;servico-social;Universidade de Santa Cruz do Sul;RS;76;Privada;65;12;117;13.3;45;6.97;106;4.79;;;251-300;1.54;;;;;;;;;
2019;servico-social;Universidade Estadual do Paraná;PR;77;Estadual;65;12;120;13.02;142;4.71;251-300;0.31;;;1;8;;;;;;;;;
2019;servico-social;Universidade Regional de Blumenau;SC;78;Municipal;65;12;122;12.73;69;6.41;78;5.65;;;301-350;0.67;;;;;;;;;
2019;servico-social;Universidade Federal do Estado do Rio de Janeiro;RJ;79;Federal;;;30;23.84;8;7.84;1;8;;;1;8;;;;;;;;;
2019;servico-social;Universidade Católica Dom Bosco;MS;80;Privada;65;12;148;11.76;109;5.48;189;2.26;;;172;4.02;;;;;;;;;
2019;servico-social;Universidade do Estado do Rio Grande do Norte;RN;81;Estadual;;;32;23.11;30;7.32;8;7.79;;;1;8;;;;;;;;;
2019;servico-social;Universidade do Sul de Santa Catarina;SC;82;Privada;65;12;162;11.02;85;6.04;;;;;131;4.98;;;;;;;;;
2019;servico-social;Centro Universitário Funorte;MG;83;Privada;65;12;171;10.64;201-250;2.64;120;4.37;;;189;3.63;;;;;;;;;
2019;servico-social;Fundação Universidade Federal do Pampa;RS;84;Federal;;;36;22.57;27;7.39;28;7.18;;;1;8;;;;;;;;;
2019;servico-social;Centro Universitário Ceuni;AM;85;Privada;65;12;172;10.51;129;5.02;201-250;0.79;;;143;4.7;;;;;;;;;
2019;servico-social;Centro Universitário Augusto Motta;RJ;86;Privada;65;12;173;10.46;163;4.22;124;4.24;;;251-300;2;;;;;;;;;
2019;servico-social;Centro Universitário de Maceió;AL;87;Privada;65;12;180;10.26;197;3.43;137;3.85;;;201-250;2.98;;;;;;;;;
2019;servico-social;Universidade Salgado de Oliveira;RJ;88;Privada;65;12;182;10.12;97;5.76;201-250;1.31;;;201-250;3.05;;;;;;;;;
2019;servico-social;Universidade Católica de Brasília;DF;89;Privada;65;12;185;9.87;102;5.64;;;;;163;4.23;;;;;;;;;
2019;servico-social;Universidade Federal de Ouro Preto;MG;90;Federal;;;43;21.39;79;6.18;27;7.21;;;1;8;;;;;;;;;
2019;servico-social;Universidade Federal dos Vales do Jequitinhonha e Mucuri;MG;91;Federal;;;44;21.24;101;5.67;15;7.57;;;1;8;;;;;;;;;
2019;servico-social;Universidade Castelo Branco;RJ;92;Privada;65;12;201-250;8.77;166;4.15;146;3.57;;;251-300;1.05;;;;;;;;;
2019;servico-social;Centro Universitário Anhanguera de São Paulo;SP;93;Privada;65;12;201-250;8.41;201-250;2.78;148;3.51;;;251-300;2.12;;;;;;;;;
2019;servico-social;Universidade Federal do Recôncavo da Bahia;BA;94;Federal;;;49;20.3;38;7.14;94;5.16;;;1;8;;;;;;;;;
2019;servico-social;Centro Universitário Metropolitano da Amazônia;PA;95;Privada;;;50;20.29;104;5.6;44;6.69;;;1;8;;;;;;;;;
2019;servico-social;Faculdade Redentor de Campos;RJ;96;Privada;;;51;20.09;120;5.22;38;6.87;;;1;8;;;;;;;;;
2019;servico-social;Universidade Cidade de São Paulo;SP;97;Privada;65;12;201-250;7.99;200;3.36;;;;;146;4.63;;;;;;;;;
2019;servico-social;Centro Universitário Católico Salesiano Auxilium;SP;98;Privada;;;53;19.8;34;7.23;26;7.24;;;116;5.33;;;;;;;;;
2019;servico-social;Universidade Santo Amaro;SP;99;Privada;65;12;201-250;7.77;134;4.9;201-250;0.43;;;201-250;2.44;;;;;;;;;
2019;servico-social;Centro Universitário Internacional;PR;100;Privada;65;12;201-250;7.71;154;4.43;;;;;201-250;3.28;;;;;;;;;
2019;servico-social;Centro Universitário Unirb;BA;101;Privada;;;56;19.42;99;5.71;76;5.71;;;1;8;;;;;;;;;
2019;servico-social;Centro Universitário Redentor;RJ;102;Privada;;;57;19.29;93;5.85;85;5.44;;;1;8;;;;;;;;;
2019;servico-social;Universidade do Estado de Minas Gerais;MG;103;Estadual;65;12;251-300;7.24;201-250;2.19;201-250;0.89;;;166;4.16;;;;;;;;;
2019;servico-social;Centro Universitário de Volta Redonda;RJ;104;Privada;;;59;18.99;31;7.3;66;6.02;;;101;5.67;;;;;;;;;
2019;servico-social;Centro Universitário Braz Cubas;SP;105;Privada;65;12;251-300;6.47;251-300;2.1;199;1.95;;;201-250;2.42;;;;;;;;;
2019;servico-social;Universidade Anhanguera;MS;106;Privada;65;12;251-300;6.38;201-250;2.99;201-250;0.76;;;201-250;2.63;;;;;;;;;
2019;servico-social;Centro Universitário Ingá;PR;107;Privada;;;61;18.32;48;6.9;151;3.42;;;1;8;;;;;;;;;
2019;servico-social;Centro Universitário Ateneu;CE;108;Privada;;;62;18.24;40;7.09;160;3.15;;;1;8;;;;;;;;;
2019;servico-social;Universidade de Taubaté;SP;109;Municipal;;;63;18.23;138;4.81;13;7.63;;;96;5.79;;;;;;;;;
2019;servico-social;Faculdade Multivix São Mateus;ES;110;Privada;;;64;18.21;201-250;3.06;29;7.15;;;1;8;;;;;;;;;
2019;servico-social;Universidade Federal de Campina Grande;PB;111;Federal;;;65;17.72;251-300;2.12;14;7.6;;;1;8;;;;;;;;;
2019;servico-social;Universidade Cândido Mendes;RJ;112;Privada;65;12;251-300;5.49;201-250;3.17;201-250;1.53;;;301-350;0.79;;;;;;;;;
2019;servico-social;Centro Universitário Fametro;CE;113;Privada;;;66;17.41;35;7.21;92;5.22;;;131;4.98;;;;;;;;;
2019;servico-social;Centro Universitário Unirb - Alagoinhas;BA;114;Privada;;;67;17.4;84;6.06;64;6.08;;;119;5.26;;;;;;;;;
2019;servico-social;Escola Superior de Ciências da Santa Casa de Misericórdia de Vitória;ES;115;Privada;;;68;17.35;53;6.79;87;5.37;;;122;5.19;;;;;;;;;
2019;servico-social;Universidade Franciscana;RS;116;Privada;;;69;16.98;168;4.11;23;7.33;;;107;5.54;;;;;;;;;
2019;servico-social;Centro Universitário Doctum de Teófilo Otoni;MG;117;Privada;;;70;16.96;114;5.36;145;3.6;;;1;8;;;;;;;;;
2019;servico-social;Instituto Federal de Educação, Ciência e Tecnologia do Ceará;CE;118;Federal;;;72;16.89;251-300;1.07;7;7.82;;;1;8;;;;;;;;;
2019;servico-social;Fundação Universidade Federal do Tocantins;TO;119;Federal;;;73;16.67;98;5.74;167;2.93;;;1;8;;;;;;;;;
2019;servico-social;Centro Universitário Geraldo Di Biase;RJ;120;Privada;;;74;16.65;113;5.39;61;6.17;;;126;5.09;;;;;;;;;
2019;servico-social;Universidade de Cuiabá;MT;121;Privada;65;12;301-350;4.56;201-250;2.82;201-250;0.86;;;301-350;0.88;;;;;;;;;
2019;servico-social;Centro Universitário Metodista;RS;122;Privada;;;75;16.42;117;5.29;9;7.76;;;200;3.37;;;;;;;;;
2019;servico-social;Centro Universitário Inta;CE;123;Privada;;;77;16.4;56;6.72;201-250;1.68;;;1;8;;;;;;;;;
2019;servico-social;Faculdade Projeção do Guará;DF;124;Privada;;;78;16.31;86;6.02;188;2.29;;;1;8;;;;;;;;;
2019;servico-social;Faculdade de Petrolina;PE;125;Municipal;;;79;16.27;251-300;1.61;45;6.66;;;1;8;;;;;;;;;
2019;servico-social;Centro Universitário da Amazônia - UNIESAMAZ;PA;126;Privada;;;80;16.24;73;6.32;200;1.92;;;1;8;;;;;;;;;
2019;servico-social;Universidade Federal Rural do Rio de Janeiro;RJ;127;Federal;;;81;15.91;5;7.91;;;;;1;8;;;;;;;;;
2019;servico-social;Faculdade de Educação do Piauí;PI;128;Privada;;;82;15.74;62;6.58;201-250;1.16;;;1;8;;;;;;;;;
2019;servico-social;Faculdade de Ciências Sociais Aplicadas BA;BA;129;Privada;;;83;15.53;251-300;1.91;79;5.62;;;1;8;;;;;;;;;
2019;servico-social;Faculdades Doctum de Caratinga;MG;130;Privada;;;84;15.49;201-250;3.31;126;4.18;;;1;8;;;;;;;;;
2019;servico-social;Centro Universitário Dom Pedro II;BA;131;Privada;;;85;15.47;88;5.97;201-250;1.5;;;1;8;;;;;;;;;
2019;servico-social;Universidade Federal de Viçosa;MG;132;Federal;;;86;15.42;26;7.42;;;;;1;8;;;;;;;;;
2019;servico-social;Universidade Federal da Integração Latino-americana;PR;133;Federal;;;87;15.37;28;7.37;;;;;1;8;;;;;;;;;
2019;servico-social;Centro Universitário de Belo Horizonte;MG;134;Privada;;;88;15.32;64;6.53;97;5.07;;;185;3.72;;;;;;;;;
2019;servico-social;Faculdade Adelmar Rosado;PI;135;Privada;;;89;15.31;201-250;3.22;129;4.09;;;1;8;;;;;;;;;
2019;servico-social;Centro Universitário Salesiano;ES;136;Privada;;;90;15.24;165;4.18;21;7.39;;;187;3.67;;;;;;;;;
2019;servico-social;Christus Faculdade do Piauí;PI;137;Privada;;;91;15.21;201-250;2.26;101;4.95;;;1;8;;;;;;;;;
2019;servico-social;Centro Universitário do Instituto de Educação Superior de Brasília;DF;138;Privada;;;92;15.17;133;4.92;69;5.92;;;159;4.33;;;;;;;;;
2019;servico-social;Centro Universitário do Rio Grande do Norte;RN;139;Privada;;;94;15.07;41;7.07;;;;;1;8;;;;;;;;;
2019;servico-social;Centro Universitário Ages;BA;140;Privada;;;95;15;44;7;;;;;1;8;;;;;;;;;
2019;servico-social;Centro Universitário Estácio de São Paulo;SP;141;Privada;;;97;14.83;51;6.83;;;;;1;8;;;;;;;;;
2019;servico-social;Faculdade Projeção de Ceilândia;DF;142;Privada;;;98;14.7;96;5.78;201-250;0.92;;;1;8;;;;;;;;;
2019;servico-social;Centro Universitário Barão de Mauá;SP;143;Privada;;;99;14.68;49;6.88;112;4.61;;;201-250;3.19;;;;;;;;;
2019;servico-social;Centro Universitário Autônomo do Brasil;PR;144;Privada;;;101;14.53;136;4.85;74;5.77;;;177;3.91;;;;;;;;;
2019;servico-social;União das Faculdades dos Grandes Lagos;SP;145;Privada;;;102;14.44;153;4.46;113;4.58;;;113;5.4;;;;;;;;;
2019;servico-social;Faculdades Integradas de Três Lagoas;MS;146;Privada;;;104;14.15;43;7.02;195;2.08;;;128;5.05;;;;;;;;;
2019;servico-social;Faculdade 05 de Julho;CE;147;Privada;;;105;14.13;81;6.13;;;;;1;8;;;;;;;;;
2019;servico-social;Centro Universitário Sudoeste Paulista;SP;148;Privada;;;106;14.07;125;5.11;96;5.1;;;179;3.86;;;;;;;;;
2019;servico-social;Faculdade Multivix Serra;ES;149;Privada;;;107;14.04;147;4.6;63;6.11;;;201-250;3.33;;;;;;;;;
2019;servico-social;Universidade Estadual do Tocantins;TO;150;Estadual;;;108;13.94;301-350;0.63;89;5.31;;;1;8;;;;;;;;;
2019;servico-social;Faculdade Unirb - Feira de Santana;BA;151;Privada;;;109;13.83;94;5.83;;;;;1;8;;;;;;;;;
2019;servico-social;Centro Universitário Una;MG;152;Privada;;;111;13.81;116;5.32;36;6.93;;;251-300;1.56;;;;;;;;;
2019;servico-social;Centro Universitário Tabosa de Almeida;PE;153;Privada;;;114;13.41;184;3.73;51;6.47;;;201-250;3.21;;;;;;;;;
2019;servico-social;Faculdade Paulista de Serviço Social de São Caetano do Sul;SP;153;Privada;;;114;13.41;95;5.81;34;6.99;;;301-350;0.61;;;;;;;;;
2019;servico-social;Faculdade Dom Luis de Orleans e Bragança;BA;155;Privada;;;118;13.06;135;4.88;251-300;0.18;;;1;8;;;;;;;;;
2019;servico-social;Faculdade de São Lourenço;MG;156;Privada;;;123;12.68;148;4.57;149;3.48;;;146;4.63;;;;;;;;;
2019;servico-social;Centro Universitário Assunção;SP;157;Privada;;;124;12.65;67;6.46;84;5.47;;;301-350;0.72;;;;;;;;;
2019;servico-social;Centro Universitário Maurício de Nassau de Fortaleza;CE;158;Privada;;;125;12.63;118;5.27;99;5.01;;;201-250;2.35;;;;;;;;;
2019;servico-social;Centro Universitário Aparício Carvalho;RO;159;Privada;;;126;12.59;251-300;1.54;163;3.05;;;1;8;;;;;;;;;
2019;servico-social;Universidade Alto Vale do Rio do Peixe;SC;160;Privada;;;127;12.47;201-250;2.4;39;6.84;;;201-250;3.23;;;;;;;;;
2019;servico-social;Centro Universitário Luterano de Palmas;TO;161;Privada;;;128;12.45;122;5.18;201-250;1.83;;;111;5.44;;;;;;;;;
2019;servico-social;Centro Universitário Itop;TO;162;Privada;;;129;12.39;156;4.39;;;;;1;8;;;;;;;;;
2019;servico-social;Centro Universitário Facunicamps;GO;163;Privada;;;130;12.37;54;6.76;;;;;104;5.61;;;;;;;;;
2019;servico-social;Faculdade do Maciço do Baturité;CE;164;Privada;;;131;12.34;158;4.34;;;;;1;8;;;;;;;;;
2019;servico-social;Centro Universitário Nossa Senhora do Patrocínio;SP;165;Privada;;;132;12.29;175;3.94;4;7.91;;;301-350;0.44;;;;;;;;;
2019;servico-social;Centro Universitário Unihorizontes;MG;166;Privada;;;134;12.28;182;3.78;22;7.36;;;251-300;1.14;;;;;;;;;
2019;servico-social;Faculdade Anhanguera do Maranhão;MA;167;Privada;;;135;12.25;201-250;3.24;95;5.13;;;178;3.88;;;;;;;;;
2019;servico-social;Faculdade Projeção de Sobradinho;DF;168;Privada;;;139;12.08;169;4.08;;;;;1;8;;;;;;;;;
2019;servico-social;Centro Universitário Vale do Salgado;CE;169;Privada;;;140;12.02;80;6.16;201-250;0.95;;;134;4.91;;;;;;;;;
2019;servico-social;Faculdade São Salvador;BA;170;Privada;;;142;11.94;111;5.43;201-250;0.7;;;95;5.81;;;;;;;;;
2019;servico-social;Centro Universitário de Formiga;MG;171;Privada;;;144;11.93;251-300;1.42;49;6.53;;;174;3.98;;;;;;;;;
2019;servico-social;Faculdade Unirb - Aracaju;SE;172;Privada;;;145;11.85;179;3.85;;;;;1;8;;;;;;;;;
2019;servico-social;Faculdade Evangélica;DF;172;Privada;;;145;11.85;160;4.29;190;2.23;;;116;5.33;;;;;;;;;
2019;servico-social;Faculdade Redentor de Paraíba do Sul;RJ;174;Privada;;;147;11.83;180;3.83;;;;;1;8;;;;;;;;;
2019;servico-social;Gran Centro Universitário;PR;175;Privada;;;149;11.74;167;4.13;108;4.73;;;201-250;2.88;;;;;;;;;
2019;servico-social;Faculdade de Educação de Jaru;RO;176;Privada;;;150;11.69;201-250;2.87;201-250;0.82;;;1;8;;;;;;;;;
2019;servico-social;Faculdades Ipede PI;PI;177;Privada;;;151;11.67;51;6.83;201-250;0.49;;;158;4.35;;;;;;;;;
2019;servico-social;Faculdade de Ensino Superior da Amazônia Reunida;PA;178;Privada;;;152;11.65;77;6.23;;;;;112;5.42;;;;;;;;;
2019;servico-social;Faculdade Noroeste;GO;179;Privada;;;153;11.64;188;3.64;;;;;1;8;;;;;;;;;
2019;servico-social;Faculdade Santa Lúcia;SP;180;Privada;;;154;11.59;66;6.48;155;3.3;;;251-300;1.81;;;;;;;;;
2019;servico-social;Centro Universitário de Patos;PB;181;Privada;;;155;11.47;201-250;2.75;117;4.46;;;162;4.26;;;;;;;;;
2019;servico-social;Centro Universitário Mario Pontes Jucá;AL;182;Privada;;;156;11.42;89;5.95;;;;;110;5.47;;;;;;;;;
2019;servico-social;Universidade Brasil;SP;183;Privada;;;158;11.22;143;4.69;201-250;1.37;;;123;5.16;;;;;;;;;
2019;servico-social;Centro Universitário Salesiano de São Paulo;SP;184;Privada;;;159;11.16;83;6.09;161;3.12;;;251-300;1.95;;;;;;;;;
2019;servico-social;Faculdade Sucesso-PI;PI;185;Privada;;;160;11.15;201-250;3.15;;;;;1;8;;;;;;;;;
2019;servico-social;Faculdade Terra Nordeste;CE;186;Privada;;;161;11.12;201-250;2.5;133;3.97;;;145;4.65;;;;;;;;;
2019;servico-social;Faculdade Zacarias de Góes;BA;187;Privada;;;163;10.99;201-250;2.99;;;;;1;8;;;;;;;;;
2019;servico-social;Faculdades Famep Unidade Euclides da Cunha;BA;187;Privada;;;163;10.99;201-250;2.99;;;;;1;8;;;;;;;;;
2019;servico-social;Faculdade Unirb - Piauí;PI;187;Privada;;;163;10.99;201-250;2.99;;;;;1;8;;;;;;;;;
2019;servico-social;Centro Universitário Estácio do Recife;PE;190;Privada;;;166;10.99;162;4.25;180;2.53;;;164;4.21;;;;;;;;;
2019;servico-social;Faculdade Paulista de Serviço Social;SP;191;Privada;;;168;10.76;151;4.5;62;6.14;;;301-350;0.12;;;;;;;;;
2019;servico-social;Centro Universitário Vale do Rio Verde;MG;192;Privada;;;169;10.71;161;4.27;186;2.35;;;169;4.09;;;;;;;;;
2019;servico-social;Centro Universitário São Lucas Ji-paraná;RO;193;Privada;;;170;10.68;193;3.52;193;2.14;;;129;5.02;;;;;;;;;
2019;servico-social;Universidade do Planalto Catarinense;SC;194;Privada;;;174;10.42;201-250;2.36;31;7.08;;;301-350;0.98;;;;;;;;;
2019;servico-social;Faculdades Integradas Simonsen;RJ;195;Privada;;;175;10.39;76;6.25;;;;;167;4.14;;;;;;;;;
2019;servico-social;Faculdade Internacional da Paraíba;PB;196;Privada;;;176;10.37;140;4.76;201-250;1.8;;;181;3.81;;;;;;;;;
2019;servico-social;Centro Universitário Fibra;PA;197;Privada;;;177;10.32;58;6.67;;;;;188;3.65;;;;;;;;;
2019;servico-social;Faculdade do Acre;AC;198;Privada;;;178;10.3;150;4.53;201-250;0.4;;;114;5.37;;;;;;;;;
2019;servico-social;Faculdade de Duque de Caxias;RJ;199;Privada;;;179;10.29;186;3.69;121;4.34;;;201-250;2.26;;;;;;;;;
2019;servico-social;Centro Universitário de Ciências e Tecnologia do Maranhão;MA;200;Privada;;;181;10.2;251-300;1.4;130;4.06;;;141;4.74;;;;;;;;;
2019;servico-social;Faculdade Unime de Ciências Sociais;BA;201;Privada;;;194;9.54;201-250;2.68;139;3.79;;;201-250;3.07;;;;;;;;;
2019;servico-social;Faculdade de Ensino Superior de Floriano;PI;201;Privada;;;201-250;8.05;201-250;2.38;;;;;101;5.67;;;;;;;;;
2019;servico-social;Centro Universitário Metropolitano de Maringá;PR;201;Privada;;;187;9.85;201-250;2.66;71;5.86;;;251-300;1.33;;;;;;;;;
2019;servico-social;Escola Superior Batista do Amazonas;AM;201;Privada;;;201-250;8.14;251-300;1.98;201-250;1.65;;;151;4.51;;;;;;;;;
2019;servico-social;Faculdades Integradas de Fernandópolis;SP;201;Privada;;;186;9.87;201-250;2.61;135;3.91;;;201-250;3.35;;;;;;;;;
2019;servico-social;Instituto de Ensino Superior do Sul do Maranhão;MA;201;Privada;;;191;9.68;251-300;1.94;159;3.18;;;149;4.56;;;;;;;;;
2019;servico-social;Centro Universitário de Ciências e Empreendedorismo;BA;201;Privada;;;201-250;8.47;190;3.59;;;;;135;4.88;;;;;;;;;
2019;servico-social;Instituto de Ensino Superior Franciscano;MA;201;Privada;;;201-250;8.8;172;4.01;;;;;139;4.79;;;;;;;;;
2019;servico-social;Centro Universitário Maurício de Nassau de Paranáiba;PI;201;Privada;;;201-250;8.11;110;5.46;;;;;201-250;2.65;;;;;;;;;
2019;servico-social;Centro Universitário U:verse;AC;201;Privada;;;201-250;8.03;301-350;0.91;174;2.72;;;156;4.4;;;;;;;;;
2019;servico-social;Universidade Universus Veritas Guarulhos;SP;201;Privada;;;201-250;9.34;201-250;2.73;132;4;;;201-250;2.61;;;;;;;;;
2019;servico-social;Centro Universitário de Votuporanga;SP;201;Privada;;;201-250;9.21;201-250;3.29;176;2.66;;;201-250;3.26;;;;;;;;;
2019;servico-social;Centro Universitário Maurício de Nassau de Aracaju;SE;201;Privada;;;201-250;8.67;119;5.25;;;;;198;3.42;;;;;;;;;
2019;servico-social;Faculdade Católica da Paraíba;PB;201;Privada;;;188;9.84;301-350;0.37;116;4.49;;;131;4.98;;;;;;;;;
2019;servico-social;Centro Universitário de Bauru;SP;201;Privada;;;201-250;9.33;201-250;2.8;140;3.76;;;201-250;2.77;;;;;;;;;
2019;servico-social;Centro Universitário São Miguel;PE;201;Privada;;;201-250;9.32;124;5.13;;;;;165;4.19;;;;;;;;;
2019;servico-social;Universidade Estadual de Roraima;RR;201;Estadual;;;198;9.43;251-300;1.05;42;6.75;;;251-300;1.63;;;;;;;;;
2019;servico-social;Faculdade de Ciências Humanas e Sociais de Serra Talhada;PE;201;Municipal;;;200;9.37;177;3.9;166;2.96;;;201-250;2.51;;;;;;;;;
2019;servico-social;Centro Universitário Ítalo-brasileiro;SP;201;Privada;;;201-250;8.74;141;4.74;201-250;1.07;;;201-250;2.93;;;;;;;;;
2019;servico-social;Faculdade Princesa do Oeste;CE;201;Privada;;;201-250;8.98;301-350;0.98;;;;;1;8;;;;;;;;;
2019;servico-social;Instituto Municipal de Ensino Superior de Bebedouro Victório Cardassi;SP;201;Municipal;;;201-250;8.11;201-250;3.08;119;4.4;;;301-350;0.63;;;;;;;;;
2019;servico-social;Faculdade Anísio Teixeira de Feira de Santana;BA;201;Privada;;;201-250;9.12;251-300;1.12;;;;;1;8;;;;;;;;;
2019;servico-social;Faculdade Batista Brasileira;BA;201;Privada;;;201-250;9.15;201-250;3.13;251-300;0.28;;;98;5.74;;;;;;;;;
2019;servico-social;Centro Universitário da Amazônia;PA;201;Privada;;;195;9.52;201-250;3.03;100;4.98;;;251-300;1.51;;;;;;;;;
2019;servico-social;Centro Universitário da Vitória de Santo Antão;PE;201;Privada;;;196;9.51;174;3.97;;;;;107;5.54;;;;;;;;;
2019;servico-social;Centro Universitário da Grande Dourados;MS;201;Privada;;;201-250;9.16;201-250;2.59;114;4.55;;;251-300;2.02;;;;;;;;;
2019;servico-social;Centro Universitário do Vale do Ribeira;SP;201;Privada;;;201-250;8.61;201-250;3.2;98;5.04;;;301-350;0.37;;;;;;;;;
2019;servico-social;Claretiano - Centro Universitário de Rio Claro;SP;201;Privada;;;184;9.93;251-300;1.28;82;5.53;;;201-250;3.12;;;;;;;;;
2019;servico-social;Universidade do Vale do Paraíba;SP;201;Privada;;;201-250;8.78;121;5.2;;;;;191;3.58;;;;;;;;;
2019;servico-social;Centro Universitário Una de Betim;MG;201;Privada;;;201-250;9.07;201-250;2.99;88;5.34;;;301-350;0.74;;;;;;;;;
2019;servico-social;Centro Universitário Joaquim Nabuco de Recife;PE;201;Privada;;;201-250;9.33;173;3.99;156;3.27;;;251-300;2.07;;;;;;;;;
2019;servico-social;Faculdade de Mauá;SP;201;Privada;;;201-250;8.03;201-250;2.24;110;4.67;;;251-300;1.12;;;;;;;;;
2019;servico-social;Centro Universitário da Fundação Educacional Guaxupé;MG;201;Privada;;;183;10.01;107;5.53;251-300;0.06;;;155;4.42;;;;;;;;;
2019;servico-social;Faculdade do Baixo Parnaíba;MA;201;Privada;;;193;9.56;251-300;1.56;;;;;1;8;;;;;;;;;
2019;servico-social;Centro Universitário da Fundação Educacional de Barretos;SP;201;Privada;;;201-250;9.06;123;5.16;168;2.9;;;301-350;1;;;;;;;;;
2019;servico-social;Centro Universitário Unifacig;MG;201;Privada;;;201-250;8.38;199;3.38;;;;;130;5;;;;;;;;;
2019;servico-social;Faculdade Única de Ipatinga;MG;201;Privada;;;201-250;9.17;251-300;1.17;68;5.95;;;251-300;2.05;;;;;;;;;
2019;servico-social;Faculdade Pan Amazônica;PA;201;Privada;;;201-250;8.04;251-300;2.17;201-250;0.64;;;120;5.23;;;;;;;;;
2019;servico-social;Centro Universitário de Salvador;BA;201;Privada;;;197;9.49;251-300;1.49;;;;;1;8;;;;;;;;;
2019;servico-social;Centro Universitário Cearense;CE;201;Privada;;;201-250;9.02;201-250;3.1;80;5.59;;;301-350;0.33;;;;;;;;;
2019;servico-social;Faculdade de Fortaleza;CE;201;Privada;;;201-250;8.83;251-300;1.89;191;2.2;;;141;4.74;;;;;;;;;
2019;servico-social;Centro Universitário Brasileiro;PE;201;Privada;;;201-250;8.83;201-250;3.27;;;;;106;5.56;;;;;;;;;
2019;servico-social;Centro Universitário de Adamantina;SP;201;Municipal;;;201-250;8.37;181;3.8;201-250;1.41;;;201-250;3.16;;;;;;;;;
2019;servico-social;Faculdade Uninassau Parnamirim;RN;201;Privada;;;201-250;8.39;87;5.99;;;;;201-250;2.4;;;;;;;;;
2019;servico-social;Faculdade de Integração do Ensino Superior do Cone Sul;RS;201;Privada;;;201-250;9.08;191;3.57;90;5.28;;;301-350;0.23;;;;;;;;;
2019;servico-social;Faculdade Anhanguera Unime de Salvador;BA;201;Privada;;;201-250;9.06;201-250;2.52;182;2.47;;;170;4.07;;;;;;;;;
2019;servico-social;Centro Universitário de Lins;SP;201;Privada;;;201-250;8.29;251-300;2.05;150;3.45;;;201-250;2.79;;;;;;;;;
2019;servico-social;Faculdade Teológica e Filosófica;CE;201;Privada;;;190;9.69;251-300;1.33;173;2.75;;;104;5.61;;;;;;;;;
2019;servico-social;Conservatório Brasileiro de Música;RJ;201;Privada;;;201-250;8.09;92;5.88;;;;;201-250;2.21;;;;;;;;;
2019;servico-social;Faculdades de Dracena;SP;201;Privada;;;201-250;8.84;251-300;1.26;75;5.74;;;251-300;1.84;;;;;;;;;
2019;servico-social;Faculdade Estácio do Rio Grande do Norte;RN;251;Privada;;;251-300;5.91;201-250;3.01;201-250;1.71;;;251-300;1.19;;;;;;;;;
2019;servico-social;Faculdade de São Caetano do Sul;SP;251;Privada;;;201-250;7.61;183;3.76;194;2.11;;;251-300;1.74;;;;;;;;;
2019;servico-social;Instituto Superior de Ciências Aplicadas;SP;251;Privada;;;251-300;6.92;251-300;1.7;115;4.52;;;301-350;0.7;;;;;;;;;
2019;servico-social;Faculdades Integradas do Brasil Unifuturo;PB;251;Privada;;;201-250;7.53;144;4.67;;;;;201-250;2.86;;;;;;;;;
2019;servico-social;Faculdade do Recife;PE;251;Privada;;;251-300;6;251-300;2.08;198;1.99;;;251-300;1.93;;;;;;;;;
2019;servico-social;Centro Superior de Ensino e Pesquisa de Machado;MG;251;Privada;;;251-300;5.95;301-350;0.23;158;3.21;;;201-250;2.51;;;;;;;;;
2019;servico-social;Centro Universitário do Piauí;PI;251;Privada;;;251-300;6.41;301-350;0.09;201-250;1.25;;;127;5.07;;;;;;;;;
2019;servico-social;Centro Universitário de Presidente Prudente;SP;251;Privada;;;251-300;6.07;251-300;1.77;201-250;1.74;;;201-250;2.56;;;;;;;;;
2019;servico-social;Faculdade de Mirandópolis;SP;251;Privada;;;251-300;6.74;301-350;0.44;175;2.69;;;190;3.61;;;;;;;;;
2019;servico-social;Centro Universitário Maurício de Nassau de João Pessoa;PB;251;Privada;;;251-300;6.78;171;4.04;;;;;201-250;2.74;;;;;;;;;
2019;servico-social;Centro Universitário Maurício de Nassau de São Luís;MA;251;Privada;;;251-300;6.55;192;3.55;;;;;201-250;3;;;;;;;;;
2019;servico-social;Faculdade de Ciências da Saúde de Unaí;MG;251;Privada;;;251-300;6.62;301-350;0.16;136;3.88;;;201-250;2.58;;;;;;;;;
2019;servico-social;Faculdade de Presidente Venceslau;SP;251;Privada;;;251-300;6.3;301-350;0.51;197;2.02;;;183;3.77;;;;;;;;;
2019;servico-social;Centro Universitário da Amazônia Belém;PA;251;Privada;;;201-250;7.5;155;4.41;;;;;201-250;3.09;;;;;;;;;
2019;servico-social;Faculdade de Tecnologia do Nordeste;CE;251;Privada;;;251-300;6.03;178;3.87;;;;;251-300;2.16;;;;;;;;;
2019;servico-social;Faculdade Anhanguera de Caxias do Sul;RS;251;Privada;;;251-300;5.8;251-300;1.49;147;3.54;;;301-350;0.77;;;;;;;;;
2019;servico-social;Faculdades Integradas de Botucatu;SP;251;Privada;;;251-300;5.94;251-300;2.01;164;3.02;;;301-350;0.91;;;;;;;;;
2019;servico-social;Faculdade de Nova Esperança;PR;251;Privada;;;251-300;7.07;251-300;1.52;184;2.41;;;201-250;3.14;;;;;;;;;
2019;servico-social;Faculdade Estácio do Amazonas;AM;251;Privada;;;251-300;7.29;201-250;2.57;201-250;1.86;;;201-250;2.86;;;;;;;;;
2019;servico-social;Centro Universitário Luterano de Santarém;PA;251;Privada;;;201-250;7.61;251-300;1.21;201-250;1.28;;;125;5.12;;;;;;;;;
2019;servico-social;Faculdade do Centro Maranhense;MA;251;Privada;;;201-250;8;;;;;;;1;8;;;;;;;;;
2019;servico-social;Centro Universitário União das Américas Descomplica;PR;251;Privada;;;251-300;7.14;251-300;1.59;201-250;1.62;;;176;3.93;;;;;;;;;
2019;servico-social;Faculdade Martha Falcão Wyden;AM;251;Privada;;;251-300;5.99;201-250;2.54;196;2.05;;;251-300;1.4;;;;;;;;;
2019;servico-social;Faculdade de Educação Memorial Adelaide Franco;MA;251;Privada;;;251-300;6.97;194;3.5;;;;;196;3.47;;;;;;;;;
2019;servico-social;Centro Universitário Maurício de Nassau de Maceió;AL;251;Privada;;;251-300;6.96;187;3.66;;;;;201-250;3.3;;;;;;;;;
2019;servico-social;Faculdade do Maranhão;MA;251;Privada;;;251-300;6.61;251-300;1.75;;;;;136;4.86;;;;;;;;;
2019;servico-social;Faculdade Centro Oeste do Paraná;PR;251;Privada;;;251-300;7.07;301-350;0.47;178;2.6;;;173;4;;;;;;;;;
2019;servico-social;Centro Universitário do Vale do Jaguaribe;CE;251;Privada;;;251-300;5.89;251-300;1.8;171;2.81;;;251-300;1.28;;;;;;;;;
2019;servico-social;Faculdade Santa Fé;MA;251;Privada;;;201-250;8;;;;;;;1;8;;;;;;;;;
2019;servico-social;Faculdade Uninassau Lauro de Freitas;BA;251;Privada;;;251-300;5.59;196;3.45;;;;;251-300;2.14;;;;;;;;;
2019;servico-social;Faculdade Pitágoras Instituto Camillo Filho;PI;251;Privada;;;251-300;6.41;201-250;2.33;141;3.73;;;301-350;0.35;;;;;;;;;
2019;servico-social;Faculdade da Amazônia;RO;251;Privada;;;251-300;5.89;301-350;0.56;;;;;116;5.33;;;;;;;;;
2019;servico-social;Faculdade Anhanguera de São Bernardo;SP;251;Privada;;;251-300;5.82;251-300;1.87;152;3.39;;;301-350;0.56;;;;;;;;;
2019;servico-social;Centro Universitário Estácio da Bahia;BA;251;Privada;;;251-300;6.41;251-300;1.1;170;2.84;;;201-250;2.47;;;;;;;;;
2019;servico-social;Faculdade Campo Grande;MS;251;Privada;;;251-300;6.51;201-250;2.29;179;2.57;;;251-300;1.65;;;;;;;;;
2019;servico-social;Faculdade Novo Milênio;ES;251;Privada;;;251-300;6.82;251-300;1.31;125;4.21;;;251-300;1.3;;;;;;;;;
2019;servico-social;Abeu - Centro Universitário;RJ;251;Privada;;;201-250;7.44;201-250;3.34;134;3.94;;;301-350;0.16;;;;;;;;;
2019;servico-social;Centro Universitário Maurício de Nassau Teresina Sul;PI;251;Privada;;;251-300;6.9;128;5.04;;;;;251-300;1.86;;;;;;;;;
2019;servico-social;Centro Universitário dos Guararapes;PE;251;Privada;;;251-300;5.9;185;3.71;;;;;251-300;2.19;;;;;;;;;
2019;servico-social;Faculdade União de Campo Mourão;PR;251;Privada;;;251-300;5.67;301-350;0.75;201-250;1.22;;;186;3.7;;;;;;;;;
2019;servico-social;Instituto de Educação Superior Raimundo Sá;PI;251;Privada;;;251-300;7.15;301-350;0.84;201-250;1.77;;;150;4.54;;;;;;;;;
2019;servico-social;Centro Universitário Fadergs;RS;251;Privada;;;251-300;6.53;127;5.06;;;;;251-300;1.47;;;;;;;;;
2019;servico-social;Centro Universitário Guairacá;PR;251;Privada;;;201-250;7.61;301-350;0.7;154;3.33;;;191;3.58;;;;;;;;;
2019;servico-social;Faculdade Hélio Rocha;BA;251;Privada;;;251-300;5.92;301-350;0.89;201-250;1.19;;;180;3.84;;;;;;;;;
2019;servico-social;Centro de Ensino Superior de Conselheiro Lafaiete;MG;251;Privada;;;251-300;5.8;301-350;0.86;118;4.43;;;301-350;0.51;;;;;;;;;
2019;servico-social;Centro Universitário Anhanguera Pitágoras Unopar de Niterói;RJ;251;Privada;;;251-300;7.36;201-250;2.47;192;2.17;;;201-250;2.72;;;;;;;;;
2019;servico-social;Centro Universitário Maurício de Nassau de Caruaru;PE;251;Privada;;;251-300;7.32;201-250;2.85;185;2.38;;;251-300;2.09;;;;;;;;;
2019;servico-social;Faculdade Anhanguera de São José-SC;SC;251;Privada;;;251-300;5.8;301-350;0.4;105;4.82;;;301-350;0.58;;;;;;;;;
2019;servico-social;Centro Universitário do Vale do Araguaia;MT;251;Privada;;;251-300;5.47;301-350;0.72;143;3.66;;;251-300;1.09;;;;;;;;;
2019;servico-social;Centro Universitário Maurício de Nassau de Natal;RN;251;Privada;;;251-300;6.66;157;4.36;;;;;201-250;2.3;;;;;;;;;
2019;servico-social;Centro Universitário de Jales;SP;301;Privada;;;301-350;5.25;301-350;0.58;251-300;0.09;;;148;4.58;;;;;;;;;
2019;servico-social;Faculdade Brasileira de Ensino, Pesquisa e Extensão;PB;301;Privada;;;301-350;3.67;189;3.62;;;;;301-350;0.05;;;;;;;;;
2019;servico-social;Faculdade Madre Thais;BA;301;Privada;;;301-350;1.8;301-350;0.96;;;;;301-350;0.84;;;;;;;;;
2019;servico-social;Faculdade de Ciências e Letras de Bragança Paulista;SP;301;Municipal;;;301-350;1.63;251-300;1.35;;;;;301-350;0.28;;;;;;;;;
2019;servico-social;Faculdade Ibra de Minas Gerais;MG;301;Privada;;;301-350;0.07;301-350;0.07;;;;;;;;;;;;;;;
2019;servico-social;Faculdade Anhanguera de Imperatriz;MA;301;Privada;;;301-350;1.3;301-350;0.28;;;;;301-350;1.02;;;;;;;;;
2019;servico-social;Faculdade Salesiana Dom Bosco;AM;301;Privada;;;301-350;4.82;201-250;2.22;201-250;1.34;;;251-300;1.26;;;;;;;;;
2019;servico-social;Faculdade Anhanguera de Itabuna;BA;301;Privada;;;301-350;2.23;301-350;0.3;201-250;1.44;;;301-350;0.49;;;;;;;;;
2019;servico-social;Instituto de Ensino Superior do Rio Grande do Norte;RN;301;Privada;;;301-350;2.77;301-350;0.65;251-300;0.21;;;251-300;1.91;;;;;;;;;
2019;servico-social;Faculdade Anhanguera de Cascavel;PR;301;Privada;;;301-350;5.36;251-300;1.63;172;2.78;;;301-350;0.95;;;;;;;;;
2019;servico-social;Faculdade do Complexo Educacional Santo André;RN;301;Privada;;;301-350;3.13;301-350;0.82;201-250;0.61;;;251-300;1.7;;;;;;;;;
2019;servico-social;Centro Universitário Estácio de Belo Horizonte;MG;301;Privada;;;301-350;2.21;251-300;1.14;;;;;251-300;1.07;;;;;;;;;
2019;servico-social;Instituto de Ensino Superior Santa Cecília;AL;301;Privada;;;301-350;0.35;301-350;0.02;251-300;0.12;;;301-350;0.21;;;;;;;;;
2019;servico-social;Faculdade Anhanguera de Ipatinga;MG;301;Privada;;;301-350;2.17;301-350;0.19;;;;;251-300;1.98;;;;;;;;;
2019;servico-social;Centro Universitário Santa Maria;PB;301;Privada;;;301-350;3.82;251-300;1.38;201-250;0.67;;;251-300;1.77;;;;;;;;;
2019;servico-social;Faculdade de Salvador;BA;301;Privada;;;301-350;3.87;251-300;1.68;201-250;0.98;;;251-300;1.21;;;;;;;;;
2019;servico-social;Faculdade Birigui;SP;301;Privada;;;251-300;5.46;251-300;1.73;251-300;0.24;;;195;3.49;;;;;;;;;
2019;servico-social;Faculdade Raimundo Marinho;AL;301;Privada;;;301-350;3.99;301-350;0.61;201-250;1.01;;;201-250;2.37;;;;;;;;;
2019;servico-social;Faculdade de Frutal;MG;301;Privada;;;301-350;5.27;251-300;1.03;177;2.63;;;251-300;1.61;;;;;;;;;
2019;servico-social;Faculdades Itecne de Cascavel;PR;301;Privada;;;301-350;2.17;301-350;0.26;201-250;1.89;;;301-350;0.02;;;;;;;;;
2019;servico-social;Faculdade Dom Pedro II de Sergipe;SE;301;Privada;;;301-350;4.5;251-300;1.96;201-250;1.1;;;251-300;1.44;;;;;;;;;
2019;servico-social;Instituto Macapaense de Ensino Superior;AP;301;Privada;;;301-350;3.64;301-350;0.14;157;3.24;;;301-350;0.26;;;;;;;;;
2019;servico-social;Faculdade Anhanguera de Maceió;AL;301;Privada;;;301-350;4.38;169;4.08;;;;;301-350;0.3;;;;;;;;;
2019;servico-social;Faculdade da Amazônia;PA;301;Privada;;;301-350;2.14;301-350;0.79;;;;;251-300;1.35;;;;;;;;;
2019;servico-social;Faculdades Integradas Stella Maris de Andradina;SP;301;Privada;;;301-350;0.56;301-350;0.42;;;;;301-350;0.14;;;;;;;;;
2019;servico-social;Faculdade Anhanguera de Governador Valadares;MG;301;Privada;;;301-350;5.14;144;4.67;;;;;301-350;0.47;;;;;;;;;
2019;servico-social;Faculdade Metropolitana de Petrolina;PE;301;Privada;;;301-350;0.79;301-350;0.7;;;;;301-350;0.09;;;;;;;;;
2019;servico-social;Faculdade Maranhense São José Dos Cocais;MA;301;Privada;;;301-350;4.85;251-300;1.45;;;;;199;3.4;;;;;;;;;
2019;servico-social;Faculdade de Ciências Educacionais de Capim Grosso;BA;301;Privada;;;301-350;4.68;201-250;2.45;;;;;201-250;2.23;;;;;;;;;
2019;servico-social;Faculdade de Tecnologia, Educação Superior e Profissional;PI;301;Privada;;;301-350;1;301-350;0.05;;;;;301-350;0.95;;;;;;;;;
2019;servico-social;Faculdade de Monte Alto;SP;301;Privada;;;301-350;5.01;301-350;0.96;;;;;171;4.05;;;;;;;;;
2019;servico-social;Faculdade Presidente Antônio Carlos de Uberlândia;MG;301;Privada;;;301-350;3.21;301-350;0.49;201-250;1.56;;;251-300;1.16;;;;;;;;;
2019;servico-social;Centro Universitário de Itapira;SP;301;Privada;;;301-350;4.21;251-300;1.19;;;;;201-250;3.02;;;;;;;;;
2019;servico-social;Cisne - Faculdade de Quixadá;CE;301;Privada;;;301-350;4.91;301-350;0.54;;;;;157;4.37;;;;;;;;;
2019;servico-social;Centro Universitário Estácio da Amazônia;RR;301;Privada;;;301-350;2.79;251-300;1.66;201-250;0.73;;;301-350;0.4;;;;;;;;;
2019;servico-social;Faculdade Visconde de Cairú;BA;301;Privada;;;301-350;5.03;251-300;1.24;;;;;182;3.79;;;;;;;;;
2019;servico-social;Faculdade Católica Santa Teresinha;RN;301;Privada;;;301-350;4.66;301-350;0.35;162;3.08;;;251-300;1.23;;;;;;;;;
2019;servico-social;Faculdade de Ampére;PR;301;Privada;;;301-350;4.2;301-350;0.21;201-250;0.55;;;197;3.44;;;;;;;;;
2019;servico-social;Universidade Nilton Lins;AM;301;Privada;;;301-350;3.84;301-350;1;201-250;1.47;;;251-300;1.37;;;;;;;;;
2019;servico-social;UGV Centro Universitário;PR;301;Privada;;;301-350;4.7;251-300;2.03;;;;;201-250;2.67;;;;;;;;;
2019;servico-social;Faculdade de Santa Cruz da Bahia;BA;301;Privada;;;301-350;2.21;301-350;0.33;;;;;251-300;1.88;;;;;;;;;
2019;servico-social;Centro Universitário de Tecnologia de Curitiba;PR;301;Privada;;;301-350;3.89;201-250;2.31;;;;;251-300;1.58;;;;;;;;;
2019;servico-social;Faculdade de São Paulo;SP;301;Privada;;;301-350;4.75;251-300;1.84;201-250;0.58;;;201-250;2.33;;;;;;;;;
2019;servico-social;Instituto de Ensino Superior de Mato Grosso;MT;301;Privada;;;301-350;0.34;301-350;0.12;251-300;0.15;;;301-350;0.07;;;;;;;;;
2019;servico-social;Faculdade Kurios;CE;301;Privada;;;251-300;5.42;301-350;0.77;251-300;0.37;;;161;4.28;;;;;;;;;
2023;servico-social;Universidade Federal do Rio de Janeiro;RJ;1;Federal;1;36;1;62.28;41;6.98;29;7.3;;;1;8;1;40;;;;;;;
2023;servico-social;Universidade Estadual Paulista Júlio de Mesquita Filho;SP;2;Estadual;1;36;3;61.37;1;8;28;7.32;;;1;8;3;38.05;;;;;;;
2023;servico-social;Universidade Federal de Pernambuco;PE;3;Federal;1;36;4;61.13;35;7.13;3;7.95;;;1;8;3;38.05;;;;;;;
2023;servico-social;Universidade Federal do Rio Grande do Sul;RS;4;Federal;13;33.38;2;61.59;19;7.54;1;8;;;1;8;3;38.05;;;;;;;
2023;servico-social;Pontifícia Universidade Católica de São Paulo;SP;5;Privada;7;34.69;6;58.99;86;5.83;114;5.16;;;1;8;1;40;;;;;;;
2023;servico-social;Universidade do Estado do Rio de Janeiro;RJ;6;Estadual;1;36;10;55.29;63;6.42;32;7.22;;;173;3.6;3;38.05;;;;;;;
2023;servico-social;Universidade Federal da Bahia;BA;7;Federal;1;36;14;54.5;54;6.65;15;7.65;;;1;8;9;32.2;;;;;;;
2023;servico-social;Universidade de Brasília;DF;8;Federal;32;29.24;5;61.08;32;7.21;8;7.82;;;1;8;3;38.05;;;;;;;
2023;servico-social;Universidade do Vale do Rio dos Sinos;RS;9;Privada;7;34.69;12;54.68;45;6.88;17;7.6;;;1;8;9;32.2;;;;;;;
2023;servico-social;Universidade Federal Fluminense;RJ;10;Federal;7;34.69;17;54.2;42;6.96;39;7.04;;;1;8;9;32.2;;;;;;;
2023;servico-social;Universidade Federal do Maranhão;MA;11;Federal;13;33.38;8;55.41;27;7.34;6;7.87;;;1;8;9;32.2;;;;;;;
2023;servico-social;Pontifícia Universidade Católica do Rio Grande do Sul;RS;12;Privada;13;33.38;11;55.07;21;7.49;59;6.54;;;197;2.99;3;38.05;;;;;;;
2023;servico-social;Universidade Estadual de Londrina;PR;13;Estadual;13;33.38;18;53.89;44;6.9;49;6.79;;;1;8;9;32.2;;;;;;;
2023;servico-social;Universidade Federal do Piauí;PI;14;Federal;13;33.38;20;52.74;133;4.64;5;7.9;;;1;8;9;32.2;;;;;;;
2023;servico-social;Universidade Federal de Santa Catarina;SC;15;Federal;32;29.24;13;54.56;14;7.67;53;6.69;;;1;8;9;32.2;;;;;;;
2023;servico-social;Universidade Federal de Juiz de Fora;MG;16;Federal;32;29.24;15;54.45;49;6.78;22;7.47;;;1;8;9;32.2;;;;;;;
2023;servico-social;Universidade Federal de Santa Maria;RS;17;Federal;32;29.24;16;54.29;16;7.62;62;6.47;;;1;8;9;32.2;;;;;;;
2023;servico-social;Universidade Estadual de Ponta Grossa;PR;18;Estadual;32;29.24;21;52.69;28;7.31;113;5.18;;;1;8;9;32.2;;;;;;;
2023;servico-social;Pontifícia Universidade Católica do Paraná;PR;19;Privada;13;33.38;27;48.11;87;5.81;20;7.52;;;201-250;2.58;9;32.2;;;;;;;
2023;servico-social;Universidade Federal do Paraná;PR;20;Federal;32;29.24;22;52.2;22;7.47;139;4.53;;;1;8;9;32.2;;;;;;;
2023;servico-social;Universidade Estadual de Maringá;PR;21;Estadual;32;29.24;23;52.14;64;6.4;99;5.54;;;1;8;9;32.2;;;;;;;
2023;servico-social;Universidade Federal de Uberlândia;MG;22;Federal;32;29.24;24;52.09;24;7.41;141;4.48;;;1;8;9;32.2;;;;;;;
2023;servico-social;Pontifícia Universidade Católica do Rio de Janeiro;RJ;23;Privada;13;33.38;29;47.06;16;7.62;69;6.29;;;251-300;0.95;9;32.2;;;;;;;
2023;servico-social;Universidade Paulista;SP;24;Privada;1;36;37;42.01;201-250;2.47;122;4.96;;;201-250;2.38;9;32.2;;;;;;;
2023;servico-social;Universidade Federal de São Paulo;SP;25;Federal;67;21.6;7;55.65;1;8;23;7.45;;;1;8;9;32.2;;;;;;;
2023;servico-social;Pontifícia Universidade Católica de Goiás;GO;26;Privada;13;33.38;34;43.82;104;5.38;148;4.3;;;201-250;1.94;9;32.2;;;;;;;
2023;servico-social;Universidade Federal de Mato Grosso;MT;27;Federal;67;21.6;19;53.51;67;6.32;41;6.99;;;1;8;9;32.2;;;;;;;
2023;servico-social;Pontifícia Universidade Católica de Campinas;SP;28;Privada;32;29.24;30;45.57;62;6.45;57;6.59;;;301-350;0.33;9;32.2;;;;;;;
2023;servico-social;Universidade Católica de Pernambuco;PE;29;Privada;13;33.38;39;41.2;90;5.73;201-250;1.79;;;251-300;1.48;9;32.2;;;;;;;
2023;servico-social;Universidade Cruzeiro do Sul;SP;30;Privada;32;29.24;33;45.08;110;5.22;105;5.38;;;201-250;2.28;9;32.2;;;;;;;
2023;servico-social;Universidade Nove de Julho;SP;31;Privada;32;29.24;35;42.86;176;3.54;147;4.33;;;201-250;2.79;9;32.2;;;;;;;
2023;servico-social;Universidade Católica de Pelotas;RS;32;Privada;67;21.6;28;47.07;106;5.33;66;6.37;;;190;3.17;9;32.2;;;;;;;
2023;servico-social;Universidade Regional de Blumenau;SC;33;Municipal;67;21.6;31;45.53;137;4.54;33;7.2;;;251-300;1.59;9;32.2;;;;;;;
2023;servico-social;Centro Universitário da Amazônia - UNIESAMAZ;PA;34;Privada;67;21.6;32;45.17;131;4.69;301-350;0.28;;;1;8;9;32.2;;;;;;;
2023;servico-social;Universidade de Vassouras;RJ;35;Privada;67;21.6;36;42.57;101;5.45;201-250;2.16;;;201-250;2.76;9;32.2;;;;;;;
2023;servico-social;Universidade Cidade de São Paulo;SP;36;Privada;67;21.6;37;42.01;132;4.66;160;4;;;251-300;1.15;9;32.2;;;;;;;
2023;servico-social;Centro Universitário Assunção;SP;37;Privada;67;21.6;40;39.28;134;4.61;251-300;0.53;;;201-250;1.94;9;32.2;;;;;;;
2023;servico-social;Universidade Salgado de Oliveira;RJ;38;Privada;67;21.6;41;39.03;201-250;2.45;145;4.38;;;;;9;32.2;;;;;;;
2023;servico-social;Universidade Federal da Paraíba;PB;39;Federal;13;33.38;44;22.82;22;7.47;27;7.35;;;1;8;;;;;;;;;
2023;servico-social;Universidade Estadual do Ceará;CE;40;Estadual;7;34.69;54;21.38;91;5.71;14;7.67;;;1;8;;;;;;;;;
2023;servico-social;Universidade Federal do Pará;PA;41;Federal;13;33.38;47;22.3;39;7.03;30;7.27;;;1;8;;;;;;;;;
2023;servico-social;Universidade Federal do Triângulo Mineiro;MG;42;Federal;;;9;55.39;15;7.64;19;7.55;;;1;8;9;32.2;;;;;;;
2023;servico-social;Universidade Federal do Rio Grande do Norte;RN;43;Federal;13;33.38;48;21.97;75;6.12;7;7.85;;;1;8;;;;;;;;;
2023;servico-social;Universidade Federal de Alagoas;AL;44;Federal;13;33.38;49;21.95;48;6.8;35;7.15;;;1;8;;;;;;;;;
2023;servico-social;Universidade Federal do Espírito Santo;ES;45;Federal;13;33.38;53;21.51;55;6.62;45;6.89;;;1;8;;;;;;;;;
2023;servico-social;Universidade Federal do Amazonas;AM;46;Federal;13;33.38;80;18.59;145;4.33;70;6.26;;;1;8;;;;;;;;;
2023;servico-social;Universidade Federal de Viçosa;MG;47;Federal;;;25;51.02;66;6.34;141;4.48;;;1;8;9;32.2;;;;;;;
2023;servico-social;Universidade Federal de Sergipe;SE;48;Federal;32;29.24;52;21.7;45;6.88;48;6.82;;;1;8;;;;;;;;;
2023;servico-social;Universidade de Ribeirão Preto;SP;49;Privada;32;29.24;57;21.19;71;6.22;42;6.97;;;1;8;;;;;;;;;
2023;servico-social;Centro Universitário Antônio Eufrásio de Toledo de Presidente Prudente;SP;50;Privada;32;29.24;58;21.13;1;8;115;5.13;;;1;8;;;;;;;;;
2023;servico-social;Universidade Estadual do Oeste do Paraná;PR;51;Estadual;32;29.24;61;20.78;91;5.71;38;7.07;;;1;8;;;;;;;;;
2023;servico-social;Universidade Federal de Goiás;GO;52;Federal;13;33.38;104;16.43;91;5.71;201-250;2.72;;;1;8;;;;;;;;;
2023;servico-social;Pontifícia Universidade Católica de Minas Gerais;MG;53;Privada;7;34.69;130;14.56;74;6.14;77;6.09;;;201-250;2.33;;;;;;;;;
2023;servico-social;Universidade Estadual da Paraíba;PB;54;Estadual;32;29.24;78;19.07;141;4.43;55;6.64;;;1;8;;;;;;;;;
2023;servico-social;Centro Universitário Metodista;RS;55;Privada;;;26;48.26;1;8;21;7.5;;;251-300;0.56;9;32.2;;;;;;;
2023;servico-social;Universidade Santo Amaro;SP;56;Privada;32;29.24;85;18.25;140;4.46;89;5.79;;;1;8;;;;;;;;;
2023;servico-social;Universidade Estácio de Sá;RJ;57;Privada;7;34.69;198;11.54;20;7.52;201-250;2.74;;;251-300;1.28;;;;;;;;;
2023;servico-social;Universidade do Grande Rio Professor José de Souza Herdy;RJ;58;Privada;32;29.24;97;16.97;201-250;2.45;60;6.52;;;1;8;;;;;;;;;
2023;servico-social;Centro Universitário do Norte;AM;59;Privada;32;29.24;102;16.5;91;5.71;201-250;2.79;;;1;8;;;;;;;;;
2023;servico-social;Universidade Luterana do Brasil;RS;60;Privada;32;29.24;116;15.7;96;5.58;68;6.31;;;165;3.81;;;;;;;;;
2023;servico-social;Universidade Federal do Estado do Rio de Janeiro;RJ;61;Federal;67;21.6;42;23.01;37;7.08;4;7.93;;;1;8;;;;;;;;;
2023;servico-social;Universidade Federal de Ouro Preto;MG;62;Federal;67;21.6;43;22.88;28;7.31;18;7.57;;;1;8;;;;;;;;;
2023;servico-social;Centro Universitário Anhanguera de São Paulo;SP;63;Privada;32;29.24;121;15.23;73;6.17;101;5.48;;;174;3.58;;;;;;;;;
2023;servico-social;Universidade de Caxias do Sul;RS;64;Privada;32;29.24;123;15.05;78;6.04;25;7.4;;;251-300;1.61;;;;;;;;;
2023;servico-social;Centro Universitário Una;MG;65;Privada;67;21.6;49;21.95;43;6.93;40;7.02;;;1;8;;;;;;;;;
2023;servico-social;Centro Universitário Doutor Leão Sampaio;CE;66;Privada;32;29.24;141;14.21;186;3.29;37;7.09;;;164;3.83;;;;;;;;;
2023;servico-social;Universidade do Estado do Rio Grande do Norte;RN;67;Estadual;67;21.6;51;21.79;76;6.09;13;7.7;;;1;8;;;;;;;;;
2023;servico-social;Universidade da Amazônia;PA;68;Privada;13;33.38;201-250;9.59;183;3.36;171;3.72;;;201-250;2.51;;;;;;;;;
2023;servico-social;Universidade de Pernambuco;PE;68;Estadual;67;21.6;55;21.37;50;6.75;56;6.62;;;1;8;;;;;;;;;
2023;servico-social;Centro Universitário de Volta Redonda;RJ;70;Privada;67;21.6;59;20.91;57;6.57;67;6.34;;;1;8;;;;;;;;;
2023;servico-social;Universidade Federal de Campina Grande;PB;71;Federal;67;21.6;60;20.9;98;5.53;26;7.37;;;1;8;;;;;;;;;
2023;servico-social;Centro Universitário de Belo Horizonte;MG;72;Privada;67;21.6;62;20.76;1;8;130;4.76;;;1;8;;;;;;;;;
2023;servico-social;Universidade Potiguar;RN;73;Privada;13;33.38;251-300;8.71;201-250;2.55;191;3.22;;;199;2.94;;;;;;;;;
2023;servico-social;Centro Universitário Maurício de Nassau;PE;74;Privada;32;29.24;172;12.65;110;5.22;104;5.41;;;201-250;2.02;;;;;;;;;
2023;servico-social;Universidade Estadual do Centro Oeste;PR;75;Estadual;67;21.6;64;20.22;101;5.45;50;6.77;;;1;8;;;;;;;;;
2023;servico-social;Universidade Veiga de Almeida;RJ;76;Privada;32;29.24;178;12.48;91;5.71;106;5.36;;;251-300;1.41;;;;;;;;;
2023;servico-social;Universidade Anhanguera;MS;77;Privada;67;21.6;66;20.1;1;8;156;4.1;;;1;8;;;;;;;;;
2023;servico-social;Faculdade Multivix Serra;ES;78;Privada;67;21.6;67;20.09;110;5.22;46;6.87;;;1;8;;;;;;;;;
2023;servico-social;Universidade do Sul de Santa Catarina;SC;79;Privada;32;29.24;181;12.23;170;3.69;61;6.49;;;201-250;2.05;;;;;;;;;
2023;servico-social;Centro Universitário das Faculdades Metropolitanas Unidas;SP;80;Privada;32;29.24;182;12.17;110;5.22;65;6.39;;;251-300;0.56;;;;;;;;;
2023;servico-social;Centro Universitário Santo Agostinho;PI;81;Privada;32;29.24;183;12.13;;;155;4.13;;;1;8;;;;;;;;;
2023;servico-social;Universidade Federal da Integração Latino-americana;PR;82;Federal;67;21.6;69;19.69;34;7.16;139;4.53;;;1;8;;;;;;;;;
2023;servico-social;Universidade de Santa Cruz do Sul;RS;83;Privada;67;21.6;72;19.55;1;8;178;3.55;;;1;8;;;;;;;;;
2023;servico-social;Centro Universitário Funorte;MG;84;Privada;67;21.6;73;19.41;110;5.22;73;6.19;;;1;8;;;;;;;;;
2023;servico-social;Universidade Católica do Salvador;BA;85;Privada;32;29.24;193;11.73;130;4.71;166;3.85;;;190;3.17;;;;;;;;;
2023;servico-social;Universidade Estadual de Montes Claros;MG;86;Estadual;67;21.6;74;19.18;129;4.74;63;6.44;;;1;8;;;;;;;;;
2023;servico-social;Fundação Universidade Federal do Tocantins;TO;87;Federal;67;21.6;76;19.11;28;7.31;168;3.8;;;1;8;;;;;;;;;
2023;servico-social;Universidade Federal do Recôncavo da Bahia;BA;87;Federal;67;21.6;76;19.11;97;5.55;98;5.56;;;1;8;;;;;;;;;
2023;servico-social;Universidade de Franca;SP;89;Privada;32;29.24;201-250;11;158;4;118;5.06;;;201-250;1.94;;;;;;;;;
2023;servico-social;Faculdade Anhanguera de Imperatriz;MA;90;Privada;67;21.6;81;18.53;108;5.27;110;5.26;;;1;8;;;;;;;;;
2023;servico-social;Universidade de Cuiabá;MT;91;Privada;67;21.6;83;18.36;25;7.39;201-250;2.97;;;1;8;;;;;;;;;
2023;servico-social;Universidade Tiradentes;SE;92;Privada;32;29.24;201-250;10.71;251-300;1.15;251-300;1.56;;;1;8;;;;;;;;;
2023;servico-social;Centro Universitário do Rio Grande do Norte;RN;93;Privada;67;21.6;84;18.34;80;5.99;146;4.35;;;1;8;;;;;;;;;
2023;servico-social;Faculdade Santa Lúcia;SP;94;Privada;67;21.6;87;18.16;68;6.29;165;3.87;;;1;8;;;;;;;;;
2023;servico-social;Universidade Salvador;BA;95;Privada;13;33.38;251-300;6.29;251-300;1.02;188;3.3;;;201-250;1.97;;;;;;;;;
2023;servico-social;Centro Universitário Jorge Amado;BA;95;Privada;32;29.24;201-250;10.43;158;4;173;3.67;;;201-250;2.76;;;;;;;;;
2023;servico-social;Centro Universitário Geraldo Di Biase;RJ;97;Privada;67;21.6;90;17.75;137;4.54;112;5.21;;;1;8;;;;;;;;;
2023;servico-social;Centro Universitário do Vale do Jaguaribe;CE;98;Privada;67;21.6;94;17.28;158;4;109;5.28;;;1;8;;;;;;;;;
2023;servico-social;Universidade Estadual do Tocantins;TO;99;Estadual;67;21.6;100;16.69;187;3.26;103;5.43;;;1;8;;;;;;;;;
2023;servico-social;Universidade Ceuma;MA;100;Privada;32;29.24;201-250;8.81;251-300;1.27;129;4.78;;;201-250;2.76;;;;;;;;;
2023;servico-social;Centro Universitário de Maceió;AL;101;Privada;67;21.6;107;16.34;110;5.22;195;3.12;;;1;8;;;;;;;;;
2023;servico-social;Universidade de Passo Fundo;RS;102;Privada;67;21.6;111;16.19;71;6.22;52;6.72;;;187;3.25;;;;;;;;;
2023;servico-social;Centro Universitário da Vitória de Santo Antão;PE;103;Privada;67;21.6;113;15.9;147;4.28;175;3.62;;;1;8;;;;;;;;;
2023;servico-social;Universidade do Estado de Minas Gerais;MG;104;Estadual;67;21.6;117;15.44;197;3.01;143;4.43;;;1;8;;;;;;;;;
2023;servico-social;Universidade de Taubaté;SP;105;Municipal;67;21.6;118;15.4;89;5.76;58;6.57;;;194;3.07;;;;;;;;;
2023;servico-social;Centro Universitário Facex;RN;106;Privada;32;29.24;251-300;7.64;251-300;1.27;88;5.81;;;251-300;0.56;;;;;;;;;
2023;servico-social;Centro Universitário Dom Pedro II;BA;107;Privada;67;21.6;120;15.26;201-250;2.45;128;4.81;;;1;8;;;;;;;;;
2023;servico-social;Centro Universitário Aparício Carvalho;RO;108;Privada;67;21.6;125;14.96;251-300;0.92;79;6.04;;;1;8;;;;;;;;;
2023;servico-social;Faculdade Unirb - Feira de Santana;BA;109;Privada;67;21.6;132;14.53;110;5.22;251-300;1.31;;;1;8;;;;;;;;;
2023;servico-social;Centro Universitário São Lucas Ji-paraná;RO;110;Privada;67;21.6;133;14.52;251-300;0.51;80;6.01;;;1;8;;;;;;;;;
2023;servico-social;Centro Universitário Anhanguera Pitágoras Unopar de Niterói;RJ;111;Privada;67;21.6;136;14.41;56;6.6;158;4.05;;;167;3.76;;;;;;;;;
2023;servico-social;Universidade Estadual do Paraná;PR;112;Estadual;67;21.6;140;14.23;128;4.76;92;5.71;;;167;3.76;;;;;;;;;
2023;servico-social;Escola Superior de Ciências da Santa Casa de Misericórdia de Vitória;ES;113;Privada;67;21.6;143;14.17;187;3.26;31;7.25;;;171;3.66;;;;;;;;;
2023;servico-social;Faculdade Anhanguera do Maranhão;MA;113;Privada;67;21.6;143;14.17;70;6.24;154;4.15;;;166;3.78;;;;;;;;;
2023;servico-social;Centro Universitário Estácio do Recife;PE;115;Privada;67;21.6;146;14.06;1;8;78;6.06;;;;;;;;;;;;;
2023;servico-social;Centro Universitário de João Pessoa;PB;116;Privada;67;21.6;151;13.85;201-250;2.45;184;3.4;;;1;8;;;;;;;;;
2023;servico-social;Faculdade de Petrolina;PE;116;Municipal;67;21.6;151;13.85;251-300;0.94;124;4.91;;;1;8;;;;;;;;;
2023;servico-social;Centro Universitário Fametro;CE;118;Privada;67;21.6;155;13.67;98;5.53;111;5.23;;;200;2.91;;;;;;;;;
2023;servico-social;Centro Universitário Nossa Senhora do Patrocínio;SP;119;Privada;67;21.6;156;13.56;158;4;16;7.62;;;201-250;1.94;;;;;;;;;
2023;servico-social;Centro Universitário Metropolitano da Amazônia;PA;120;Privada;67;21.6;158;13.26;147;4.28;24;7.42;;;251-300;1.56;;;;;;;;;
2023;servico-social;Centro Universitário Cesmac;AL;121;Privada;32;29.24;251-300;5.48;201-250;2.7;201-250;1.91;;;251-300;0.87;;;;;;;;;
2023;servico-social;Faculdade Adelmar Rosado;PI;122;Privada;67;21.6;161;13.11;201-250;2.57;201-250;2.54;;;1;8;;;;;;;;;
2023;servico-social;Faculdade de Tecnologia do Nordeste;CE;123;Privada;67;21.6;162;13.04;201-250;2.45;201-250;2.59;;;1;8;;;;;;;;;
2023;servico-social;Faculdade Paulista de Serviço Social;SP;124;Privada;67;21.6;163;13;80;5.99;75;6.14;;;251-300;0.87;;;;;;;;;
2023;servico-social;Centro Universitário de Várzea Grande;MT;125;Privada;67;21.6;168;12.75;110;5.22;161;3.98;;;175;3.55;;;;;;;;;
2023;servico-social;Faculdades Doctum de Caratinga;MG;126;Privada;67;21.6;175;12.54;251-300;1.07;181;3.47;;;1;8;;;;;;;;;
2023;servico-social;Centro Universitário Fibra;PA;127;Privada;67;21.6;179;12.3;170;3.69;117;5.08;;;176;3.53;;;;;;;;;
2023;servico-social;Centro Universitário Maurício de Nassau de Aracaju;SE;128;Privada;67;21.6;184;12.11;201-250;2.45;251-300;1.66;;;1;8;;;;;;;;;
2023;servico-social;Centro Universitário Estácio de Belo Horizonte;MG;129;Privada;67;21.6;187;11.83;40;7.01;201-250;2.06;;;201-250;2.76;;;;;;;;;
2023;servico-social;União das Faculdades dos Grandes Lagos;SP;130;Privada;67;21.6;188;11.82;170;3.69;136;4.6;;;176;3.53;;;;;;;;;
2023;servico-social;Faculdade Anhanguera de Itabuna;BA;131;Privada;67;21.6;194;11.69;52;6.7;251-300;1.31;;;170;3.68;;;;;;;;;
2023;servico-social;Universidade Universus Veritas Guarulhos;SP;132;Privada;67;21.6;201-250;11.23;154;4.1;119;5.03;;;201-250;2.1;;;;;;;;;
2023;servico-social;Centro Universitário Estácio da Bahia;BA;133;Privada;67;21.6;201-250;11.08;1;8;201-250;2.82;;;301-350;0.26;;;;;;;;;
2023;servico-social;Centro Universitário Sudoeste Paulista;SP;134;Privada;67;21.6;201-250;11.02;154;4.1;163;3.93;;;197;2.99;;;;;;;;;
2023;servico-social;Centro Universitário Internacional;PR;135;Privada;67;21.6;201-250;10.8;201-250;2.88;116;5.11;;;201-250;2.81;;;;;;;;;
2023;servico-social;Centro Universitário Maurício de Nassau de João Pessoa;PB;136;Privada;67;21.6;201-250;10.59;181;3.41;127;4.83;;;201-250;2.35;;;;;;;;;
2023;servico-social;Centro Universitário de Lins;SP;136;Privada;67;21.6;201-250;10.59;195;3.06;153;4.18;;;183;3.35;;;;;;;;;
2023;servico-social;Faculdade Paulista de Serviço Social de São Caetano do Sul;SP;138;Privada;67;21.6;201-250;10.43;201-250;2.65;87;5.84;;;201-250;1.94;;;;;;;;;
2023;servico-social;Centro Universitário Maurício de Nassau de Natal;RN;139;Privada;67;21.6;201-250;10.36;195;3.06;162;3.95;;;183;3.35;;;;;;;;;
2023;servico-social;Centro Universitário do Vale do Ribeira;SP;140;Privada;67;21.6;201-250;9.93;141;4.43;144;4.4;;;251-300;1.1;;;;;;;;;
2023;servico-social;Faculdade Anísio Teixeira de Feira de Santana;BA;141;Privada;67;21.6;201-250;9.82;251-300;0.51;251-300;1.31;;;1;8;;;;;;;;;
2023;servico-social;Centro Universitário Augusto Motta;RJ;142;Privada;67;21.6;201-250;9.73;201-250;2.45;159;4.03;;;187;3.25;;;;;;;;;
2023;servico-social;Centro Universitário de Bauru;SP;143;Privada;67;21.6;201-250;9.46;201-250;2.8;90;5.76;;;251-300;0.9;;;;;;;;;
2023;servico-social;Centro Universitário Salesiano;ES;144;Privada;67;21.6;201-250;9.07;251-300;1.22;84;5.91;;;201-250;1.94;;;;;;;;;
2023;servico-social;Centro Universitário Maurício de Nassau de Caruaru;PE;145;Privada;67;21.6;201-250;9.05;177;3.52;190;3.25;;;201-250;2.28;;;;;;;;;
2023;servico-social;Universidade Católica de Brasília;DF;146;Privada;67;21.6;251-300;7.7;251-300;0.71;47;6.84;;;301-350;0.15;;;;;;;;;
2023;servico-social;Centro Universitário Ceuni;AM;147;Privada;67;21.6;251-300;7.62;251-300;1.61;201-250;2.84;;;190;3.17;;;;;;;;;
2023;servico-social;Universidade Castelo Branco;RJ;148;Privada;67;21.6;251-300;7.56;251-300;1.38;164;3.9;;;201-250;2.28;;;;;;;;;
2023;servico-social;Universidade do Vale do Paraíba;SP;149;Privada;67;21.6;251-300;7.52;87;5.81;251-300;0.53;;;251-300;1.18;;;;;;;;;
2023;servico-social;Centro Universitário de Patos;PB;150;Privada;67;21.6;251-300;7.39;201-250;2.7;167;3.82;;;251-300;0.87;;;;;;;;;
2023;servico-social;Centro Universitário Braz Cubas;SP;151;Privada;67;21.6;251-300;7.27;251-300;1.02;96;5.61;;;251-300;0.64;;;;;;;;;
2023;servico-social;Instituto Superior de Ciências Aplicadas;SP;152;Privada;67;21.6;251-300;7.14;251-300;1.5;107;5.33;;;301-350;0.31;;;;;;;;;
2023;servico-social;Faculdade Madre Thais;BA;153;Privada;67;21.6;251-300;5.94;251-300;1.2;251-300;1.31;;;180;3.43;;;;;;;;;
2023;servico-social;Faculdade Raimundo Marinho;AL;154;Privada;67;21.6;251-300;5.92;201-250;2.45;201-250;1.91;;;251-300;1.56;;;;;;;;;
2023;servico-social;Centro Universitário Salesiano de São Paulo;SP;155;Privada;67;21.6;251-300;5.65;201-250;2.45;192;3.2;;;;;;;;;;;;;
2023;servico-social;Universidade Nilton Lins;AM;156;Privada;67;21.6;301-350;2.3;301-350;0.23;201-250;1.76;;;301-350;0.31;;;;;;;;;
2023;servico-social;Universidade Federal Rural do Rio de Janeiro;RJ;157;Federal;;;45;22.63;47;6.83;9;7.8;;;1;8;;;;;;;;;
2023;servico-social;Universidade da Integração Internacional da Lusofonia Afro-brasileira;CE;158;Federal;;;46;22.34;57;6.57;10;7.77;;;1;8;;;;;;;;;
2023;servico-social;Centro Universitário Ateneu;CE;159;Privada;;;56;21.3;107;5.3;1;8;;;1;8;;;;;;;;;
2023;servico-social;Fundação Universidade Federal do Pampa;RS;160;Federal;;;63;20.56;57;6.57;81;5.99;;;1;8;;;;;;;;;
2023;servico-social;Universidade Federal dos Vales do Jequitinhonha e Mucuri;MG;161;Federal;;;65;20.19;109;5.25;43;6.94;;;1;8;;;;;;;;;
2023;servico-social;Centro Universitário Facunicamps;GO;162;Privada;;;68;19.72;158;4;12;7.72;;;1;8;;;;;;;;;
2023;servico-social;Instituto de Ensino Superior Franciscano;MA;163;Privada;;;69;19.69;36;7.11;137;4.58;;;1;8;;;;;;;;;
2023;servico-social;Centro Universitário Redentor;RJ;164;Privada;;;71;19.56;105;5.35;72;6.21;;;1;8;;;;;;;;;
2023;servico-social;Instituto Federal de Educação, Ciência e Tecnologia do Ceará;CE;165;Federal;;;74;19.18;181;3.41;10;7.77;;;1;8;;;;;;;;;
2023;servico-social;Centro Universitário Ages;BA;166;Privada;154;2.62;106;16.41;201-250;2.45;82;5.96;;;1;8;;;;;;;;;
2023;servico-social;Faculdade Projeção de Ceilândia;DF;167;Privada;;;79;18.91;28;7.31;176;3.6;;;1;8;;;;;;;;;
2023;servico-social;Faculdade Projeção do Guará;DF;168;Privada;;;82;18.38;26;7.36;199;3.02;;;1;8;;;;;;;;;
2023;servico-social;Centro Universitário Unirb;BA;169;Privada;;;86;18.23;110;5.22;120;5.01;;;1;8;;;;;;;;;
2023;servico-social;Faculdade de Ciências Sociais Aplicadas BA;BA;170;Privada;;;88;18.1;198;2.98;36;7.12;;;1;8;;;;;;;;;
2023;servico-social;Centro Universitário Unirb - Alagoinhas;BA;171;Privada;;;89;17.85;110;5.22;135;4.63;;;1;8;;;;;;;;;
2023;servico-social;Faculdade União de Campo Mourão;PR;172;Privada;;;91;17.62;201-250;2.45;34;7.17;;;1;8;;;;;;;;;
2023;servico-social;Centro Universitário Inta;CE;173;Privada;154;2.62;126;14.95;151;4.18;201-250;2.77;;;1;8;;;;;;;;;
2023;servico-social;Faculdade de Duque de Caxias;RJ;174;Privada;;;92;17.56;80;5.99;177;3.57;;;1;8;;;;;;;;;
2023;servico-social;Faculdade Projeção de Sobradinho;DF;175;Privada;;;93;17.31;68;6.29;199;3.02;;;1;8;;;;;;;;;
2023;servico-social;Centro Universitário de Ciências e Empreendedorismo;BA;176;Privada;154;2.62;134;14.47;154;4.1;51;6.74;;;172;3.63;;;;;;;;;
2023;servico-social;Faculdade Anhanguera do Ceará;CE;177;Privada;;;95;17.05;18;7.57;251-300;1.48;;;1;8;;;;;;;;;
2023;servico-social;Centro Universitário Brasileiro;PE;178;Privada;;;96;16.98;1;8;251-300;0.98;;;1;8;;;;;;;;;
2023;servico-social;Faculdade Anhanguera de São Bernardo;SP;179;Privada;154;2.62;137;14.27;65;6.37;138;4.55;;;183;3.35;;;;;;;;;
2023;servico-social;Faculdade Unida de Campinas Goiânia;GO;180;Privada;;;98;16.73;141;4.43;148;4.3;;;1;8;;;;;;;;;
2023;servico-social;Centro Universitário de Ciências e Tecnologia do Maranhão;MA;181;Privada;;;99;16.72;110;5.22;180;3.5;;;1;8;;;;;;;;;
2023;servico-social;Centro Universitário Unisan;SP;182;Privada;;;101;16.53;1;8;251-300;0.53;;;1;8;;;;;;;;;
2023;servico-social;Faculdade Noroeste;GO;183;Privada;;;103;16.45;152;4.15;148;4.3;;;1;8;;;;;;;;;
2023;servico-social;Faculdade de Ciências Humanas e Sociais de Serra Talhada;PE;184;Municipal;;;105;16.42;170;3.69;131;4.73;;;1;8;;;;;;;;;
2023;servico-social;Centro Universitário Autônomo do Brasil;PR;185;Privada;;;107;16.34;201-250;2.45;85;5.89;;;1;8;;;;;;;;;
2023;servico-social;Centro Universitário Joaquim Nabuco de Recife;PE;186;Privada;;;109;16.24;137;4.54;172;3.7;;;1;8;;;;;;;;;
2023;servico-social;Faculdade Unirb - Aracaju;SE;187;Privada;;;110;16.21;57;6.57;251-300;1.64;;;1;8;;;;;;;;;
2023;servico-social;Faculdade Unime de Ciências Sociais;BA;188;Privada;;;112;15.99;53;6.68;83;5.94;;;182;3.37;;;;;;;;;
2023;servico-social;Faculdade Unirb - Arapiraca;AL;189;Privada;;;113;15.9;80;5.99;201-250;1.91;;;1;8;;;;;;;;;
2023;servico-social;Centro Universitário Itop;TO;190;Privada;;;115;15.72;177;3.52;152;4.2;;;1;8;;;;;;;;;
2023;servico-social;Centro Universitário dos Guararapes;PE;191;Privada;154;2.62;169;12.74;136;4.56;71;6.24;;;201-250;1.94;;;;;;;;;
2023;servico-social;Centro Universitário Estácio da Amazônia;RR;192;Privada;;;119;15.31;110;5.22;201-250;2.09;;;1;8;;;;;;;;;
2023;servico-social;Faculdade Cidade de Aparecida de Goiânia;GO;193;Privada;;;122;15.15;201-250;2.85;148;4.3;;;1;8;;;;;;;;;
2023;servico-social;Centro Universitário Fadergs;RS;194;Privada;154;2.62;176;12.51;141;4.43;54;6.67;;;251-300;1.41;;;;;;;;;
2023;servico-social;Faculdade de Ciências Humanas Esuda;PE;195;Privada;;;124;14.97;80;5.99;251-300;0.98;;;1;8;;;;;;;;;
2023;servico-social;Faculdade Jardins;SE;196;Privada;;;127;14.86;110;5.22;251-300;1.64;;;1;8;;;;;;;;;
2023;servico-social;Faculdade Unirb - Mossoró;RN;197;Privada;;;128;14.85;50;6.75;301-350;0.1;;;1;8;;;;;;;;;
2023;servico-social;Centro Universitário Ítalo-brasileiro;SP;198;Privada;;;129;14.67;158;4;201-250;2.67;;;1;8;;;;;;;;;
2023;servico-social;Faculdade Terra Nordeste;CE;199;Privada;;;131;14.55;201-250;2.78;169;3.77;;;1;8;;;;;;;;;
2023;servico-social;Christus Faculdade do Piauí;PI;200;Privada;;;135;14.46;190;3.19;189;3.27;;;1;8;;;;;;;;;
2023;servico-social;Faculdade Metodista Conexional;MT;201;Privada;;;201-250;11.23;301-350;0.26;201-250;2.97;;;1;8;;;;;;;;;
2023;servico-social;Faculdade do Maciço do Baturité;CE;201;Privada;;;201-250;10.65;251-300;1.17;251-300;1.48;;;1;8;;;;;;;;;
2023;servico-social;Centro Universitário Gama e Souza;RJ;201;Privada;;;173;12.61;201-250;2.45;201-250;2.16;;;1;8;;;;;;;;;
2023;servico-social;Faculdade Anhanguera Unime de Salvador;BA;201;Privada;;;150;13.86;38;7.06;198;3.04;;;167;3.76;;;;;;;;;
2023;servico-social;Universidade Alto Vale do Rio do Peixe;SC;201;Privada;;;142;14.17;33;7.19;133;4.68;;;201-250;2.3;;;;;;;;;
2023;servico-social;Centro Universitário Vale do Salgado;CE;201;Privada;;;171;12.68;168;3.75;64;6.42;;;201-250;2.51;;;;;;;;;
2023;servico-social;Faculdade de Olinda;PE;201;Privada;;;200;11.43;201-250;2.45;251-300;0.98;;;1;8;;;;;;;;;
2023;servico-social;Faculdade Unirb - Barreiras;BA;201;Privada;;;189;11.76;201-250;2.45;251-300;1.31;;;1;8;;;;;;;;;
2023;servico-social;Faculdade Visconde de Cairú;BA;201;Privada;;;170;12.73;201-250;2.52;201-250;2.21;;;1;8;;;;;;;;;
2023;servico-social;Centro Universitário São Miguel;PE;201;Privada;;;201-250;10.55;201-250;2.78;132;4.7;;;194;3.07;;;;;;;;;
2023;servico-social;Faculdade de Ciências da Saúde de Unaí;MG;201;Privada;;;149;13.9;201-250;2.45;182;3.45;;;1;8;;;;;;;;;
2023;servico-social;Faculdade Unirb - Natal;RN;201;Privada;;;201-250;10.55;201-250;2.45;301-350;0.1;;;1;8;;;;;;;;;
2023;servico-social;Faculdade São Luís de França;SE;201;Privada;;;139;14.25;134;4.61;251-300;1.64;;;1;8;;;;;;;;;
2023;servico-social;Centro Universitário Maurício de Nassau de Fortaleza;CE;201;Privada;;;199;11.48;170;3.69;125;4.88;;;200;2.91;;;;;;;;;
2023;servico-social;Centro Universitário Mario Pontes Jucá;AL;201;Privada;;;160;13.12;189;3.21;201-250;1.91;;;1;8;;;;;;;;;
2023;servico-social;Faculdade Unirb - Piauí;PI;201;Privada;;;148;13.95;110;5.22;251-300;0.73;;;1;8;;;;;;;;;
2023;servico-social;Faculdade Maranhense São José Dos Cocais;MA;201;Privada;;;180;12.25;251-300;1.63;201-250;2.62;;;1;8;;;;;;;;;
2023;servico-social;Faculdade Zacarias de Góes;BA;201;Privada;;;189;11.76;201-250;2.45;251-300;1.31;;;1;8;;;;;;;;;
2023;servico-social;Faculdade Brasileira do Recôncavo;BA;201;Privada;;;177;12.5;190;3.19;251-300;1.31;;;1;8;;;;;;;;;
2023;servico-social;Escola Superior Batista do Amazonas;AM;201;Privada;;;195;11.59;251-300;1.02;201-250;2.57;;;1;8;;;;;;;;;
2023;servico-social;Faculdades Famep-PI;PI;201;Privada;;;196;11.58;201-250;2.85;251-300;0.73;;;1;8;;;;;;;;;
2023;servico-social;Faculdade de Presidente Venceslau;SP;201;Privada;;;201-250;10.98;201-250;2.45;251-300;0.53;;;1;8;;;;;;;;;
2023;servico-social;Universidade Brasil;SP;201;Privada;;;201-250;10.19;1;8;201-250;2.19;;;;;;;;;;;;;
2023;servico-social;Faculdade Regional do Jacuípe;BA;201;Privada;;;201-250;10.18;251-300;0.87;251-300;1.31;;;1;8;;;;;;;;;
2023;servico-social;Faculdade Santa Helena;PE;201;Privada;;;201-250;10.36;251-300;1.38;251-300;0.98;;;1;8;;;;;;;;;
2023;servico-social;Faculdade de Educação Memorial Adelaide Franco;MA;201;Privada;;;201-250;11.25;251-300;0.76;201-250;2.49;;;1;8;;;;;;;;;
2023;servico-social;Centro Universitário Estácio de São Luís;MA;201;Privada;154;2.62;201-250;10.04;150;4.2;201-250;2.49;;;183;3.35;;;;;;;;;
2023;servico-social;Centro Universitário Maurício de Nassau de Salvador;BA;201;Privada;;;189;11.76;201-250;2.45;251-300;1.31;;;1;8;;;;;;;;;
2023;servico-social;Faculdade de Educação do Piauí;PI;201;Privada;;;165;12.85;184;3.34;251-300;1.51;;;1;8;;;;;;;;;
2023;servico-social;Faculdade Princesa do Oeste;CE;201;Privada;;;174;12.57;251-300;1.4;193;3.17;;;1;8;;;;;;;;;
2023;servico-social;Faculdade de Ensino Superior de Floriano;PI;201;Privada;;;167;12.82;251-300;1.5;187;3.32;;;1;8;;;;;;;;;
2023;servico-social;Universidade Estadual de Roraima;RR;201;Estadual;;;201-250;10.59;110;5.22;196;3.09;;;201-250;2.28;;;;;;;;;
2023;servico-social;Faculdade Internacional da Paraíba;PB;201;Privada;;;166;12.84;79;6.01;184;3.4;;;180;3.43;;;;;;;;;
2023;servico-social;Faculdade de Ciências Educacionais de Capim Grosso;BA;201;Privada;;;164;12.9;190;3.19;251-300;1.71;;;1;8;;;;;;;;;
2023;servico-social;Faculdade Uninassau Lauro de Freitas;BA;201;Privada;;;156;13.56;168;3.75;201-250;1.81;;;1;8;;;;;;;;;
2023;servico-social;Faculdade de Ciências e Saúde Edufor;MA;201;Privada;;;201-250;11.36;251-300;0.87;201-250;2.49;;;1;8;;;;;;;;;
2023;servico-social;Centro Universitário Maurício de Nassau de Maceió;AL;201;Privada;154;2.62;201-250;9.55;177;3.52;170;3.75;;;201-250;2.28;;;;;;;;;
2023;servico-social;Faculdade 05 de Julho;CE;201;Privada;;;153;13.76;147;4.28;251-300;1.48;;;1;8;;;;;;;;;
2023;servico-social;Instituto de Ensino Superior Múltiplo;MA;201;Privada;;;147;14.01;177;3.52;201-250;2.49;;;1;8;;;;;;;;;
2023;servico-social;Centro Universitário Santa Cecília;SP;201;Privada;;;154;13.75;110;5.22;251-300;0.53;;;1;8;;;;;;;;;
2023;servico-social;Faculdade da Amazônia;PA;201;Privada;;;159;13.14;201-250;2.45;201-250;2.69;;;1;8;;;;;;;;;
2023;servico-social;Centro Universitário do Piauí;PI;201;Privada;;;201-250;11.07;;;197;3.07;;;1;8;;;;;;;;;
2023;servico-social;Faculdade Sucesso-PI;PI;201;Privada;154;2.62;201-250;11.18;201-250;2.45;251-300;0.73;;;1;8;;;;;;;;;
2023;servico-social;Faculdade Anhanguera de Governador Valadares;MG;201;Privada;154;2.62;197;11.57;77;6.06;201-250;2.06;;;179;3.45;;;;;;;;;
2023;servico-social;Faculdade de Fortaleza;CE;201;Privada;;;185;11.93;201-250;2.45;251-300;1.48;;;1;8;;;;;;;;;
2023;servico-social;Universidade do Planalto Catarinense;SC;201;Privada;154;2.62;201-250;10.29;194;3.08;133;4.68;;;201-250;2.53;;;;;;;;;
2023;servico-social;Faculdade do Baixo Parnaíba;MA;201;Privada;;;145;14.08;200;2.93;194;3.15;;;1;8;;;;;;;;;
2023;servico-social;Centro Universitário de Salvador;BA;201;Privada;;;189;11.76;201-250;2.45;251-300;1.31;;;1;8;;;;;;;;;
2023;servico-social;Faculdade Unirb - Parnaíba;PI;201;Privada;;;138;14.26;98;5.53;251-300;0.73;;;1;8;;;;;;;;;
2023;servico-social;Faculdades Integradas de Três Lagoas;MS;201;Privada;;;186;11.91;145;4.33;156;4.1;;;178;3.48;;;;;;;;;
2023;servico-social;Faculdade Católica Santa Teresinha;RN;251;Privada;;;251-300;7.68;301-350;0.2;44;6.92;;;251-300;0.56;;;;;;;;;
2023;servico-social;Centro Universitário Tiradentes de Pernambuco;PE;251;Privada;;;251-300;7.58;103;5.4;251-300;0.98;;;251-300;1.2;;;;;;;;;
2023;servico-social;Faculdade Teológica e Filosófica;CE;251;Privada;;;201-250;9.48;;;251-300;1.48;;;1;8;;;;;;;;;
2023;servico-social;Centro Universitário Maurício de Nassau de Paranáiba;PI;251;Privada;;;251-300;6.06;184;3.34;251-300;0.73;;;201-250;1.99;;;;;;;;;
2023;servico-social;Centro Universitário do Instituto de Educação Superior de Brasília;DF;251;Privada;;;251-300;6.88;251-300;1.38;126;4.86;;;251-300;0.64;;;;;;;;;
2023;servico-social;Centro Universitário Luterano de Santarém;PA;251;Privada;;;251-300;7.5;153;4.13;301-350;0.2;;;190;3.17;;;;;;;;;
2023;servico-social;Faculdade de Santa Cruz da Bahia;BA;251;Privada;;;251-300;4.53;251-300;0.71;251-300;1.31;;;201-250;2.51;;;;;;;;;
2023;servico-social;Instituto de Ensino Superior do Sul do Maranhão;MA;251;Privada;;;251-300;4.82;251-300;0.92;201-250;2.49;;;251-300;1.41;;;;;;;;;
2023;servico-social;Centro Universitário de Araras;SP;251;Privada;;;251-300;6.18;201-250;2.45;251-300;0.53;;;189;3.2;;;;;;;;;
2023;servico-social;Faculdade Lusitana de Pernambuco;PE;251;Privada;;;251-300;5.32;201-250;2.78;251-300;0.98;;;251-300;1.56;;;;;;;;;
2023;servico-social;Gran Centro Universitário;PR;251;Privada;;;251-300;8.65;201-250;2.45;102;5.46;;;251-300;0.74;;;;;;;;;
2023;servico-social;Centro Universitário Estácio de São Paulo;SP;251;Privada;;;201-250;9.38;57;6.57;251-300;0.53;;;201-250;2.28;;;;;;;;;
2023;servico-social;Faculdade do Recife;PE;251;Privada;;;251-300;7.94;201-250;2.45;123;4.93;;;251-300;0.56;;;;;;;;;
2023;servico-social;Centro Universitário Maurício de Nassau de São Luís;MA;251;Privada;;;201-250;9.09;170;3.69;201-250;2.49;;;200;2.91;;;;;;;;;
2023;servico-social;Centro Universitário de Jales;SP;251;Privada;;;201-250;8.73;301-350;0.2;251-300;0.53;;;1;8;;;;;;;;;
2023;servico-social;Centro Universitário Metropolitano de Maringá;PR;251;Privada;;;251-300;7.01;301-350;0.05;86;5.86;;;251-300;1.1;;;;;;;;;
2023;servico-social;Centro Universitário Cearense;CE;251;Privada;;;251-300;6.08;301-350;0.31;97;5.59;;;301-350;0.18;;;;;;;;;
2023;servico-social;Faculdade de Ciências e Tecnologia de Teresina;PI;251;Privada;;;251-300;6.25;201-250;2.45;251-300;0.73;;;194;3.07;;;;;;;;;
2023;servico-social;Faculdades Famep Unidade Euclides da Cunha;BA;251;Privada;;;201-250;9.41;301-350;0.1;251-300;1.31;;;1;8;;;;;;;;;
2023;servico-social;Faculdade Salesiana Dom Bosco;AM;251;Privada;;;251-300;5.19;251-300;1.45;201-250;2.87;;;251-300;0.87;;;;;;;;;
2023;servico-social;Faculdade Estácio do Rio Grande do Norte;RN;251;Privada;;;201-250;9.67;80;5.99;201-250;1.74;;;201-250;1.94;;;;;;;;;
2023;servico-social;Faculdade Católica da Paraíba;PB;251;Privada;;;251-300;5.26;251-300;0.51;174;3.65;;;251-300;1.1;;;;;;;;;
2023;servico-social;Centro Universitário Maurício de Nassau Teresina Sul;PI;251;Privada;;;201-250;9.65;158;4;201-250;2.89;;;201-250;2.76;;;;;;;;;
2023;servico-social;Faculdade São Francisco de Assis;RS;251;Privada;;;201-250;10.16;154;4.1;178;3.55;;;201-250;2.51;;;;;;;;;
2023;servico-social;Centro Universitário da Amazônia Belém;PA;251;Privada;;;251-300;6.14;158;4;301-350;0.2;;;201-250;1.94;;;;;;;;;
2023;servico-social;Instituto Macapaense de Ensino Superior;AP;251;Privada;;;251-300;7.3;251-300;0.51;93;5.69;;;251-300;1.1;;;;;;;;;
2023;servico-social;Faculdade de Mauá;SP;251;Privada;;;251-300;6.91;200;2.93;183;3.42;;;251-300;0.56;;;;;;;;;
2023;servico-social;Faculdade da Amazônia;RO;251;Privada;;;251-300;8.45;301-350;0.2;301-350;0.25;;;1;8;;;;;;;;;
2023;servico-social;Faculdades Integradas Simonsen;RJ;251;Privada;;;201-250;10.14;110;5.22;201-250;2.16;;;201-250;2.76;;;;;;;;;
2023;servico-social;Faculdade de Frutal;MG;251;Privada;;;251-300;8;158;4;201-250;2.06;;;201-250;1.94;;;;;;;;;
2023;servico-social;Faculdades Integradas Stella Maris de Andradina;SP;251;Privada;;;251-300;7.19;251-300;0.71;91;5.74;;;251-300;0.74;;;;;;;;;
2023;servico-social;Centro Universitário Santa Amélia;PR;251;Privada;;;251-300;6.75;158;4;251-300;0.81;;;201-250;1.94;;;;;;;;;
2023;servico-social;Cisne - Faculdade de Quixadá;CE;251;Privada;;;251-300;8.53;251-300;0.71;108;5.31;;;201-250;2.51;;;;;;;;;
2023;servico-social;Faculdade do Maranhão;MA;251;Privada;;;201-250;9.48;251-300;0.74;74;6.16;;;201-250;2.58;;;;;;;;;
2023;servico-social;Faculdade de Educação e Tecnologia da Amazônia;PA;251;Privada;;;201-250;9.75;251-300;1.55;301-350;0.2;;;1;8;;;;;;;;;
2023;servico-social;Faculdade de Tecnologia, Educação Superior e Profissional;PI;251;Privada;;;201-250;9.24;251-300;0.51;251-300;0.73;;;1;8;;;;;;;;;
2023;servico-social;Faculdades Integradas do Brasil Unifuturo;PB;251;Privada;;;251-300;4.88;251-300;1.45;184;3.4;;;301-350;0.03;;;;;;;;;
2023;servico-social;Conservatório Brasileiro de Música;RJ;251;Privada;;;251-300;7.24;190;3.19;201-250;2.64;;;251-300;1.41;;;;;;;;;
2023;servico-social;Centro Universitário da Fundação Educacional de Barretos;SP;251;Privada;;;201-250;8.87;201-250;2.65;94;5.66;;;251-300;0.56;;;;;;;;;
2023;servico-social;Centro Universitário U:verse;AC;251;Privada;;;251-300;8.18;251-300;1.1;121;4.98;;;201-250;2.1;;;;;;;;;
2023;servico-social;Faculdades Integradas de Botucatu;SP;251;Privada;;;201-250;8.82;251-300;1.58;76;6.11;;;251-300;1.13;;;;;;;;;
2023;servico-social;Faculdade Santa Fé;MA;251;Privada;;;251-300;5.3;251-300;0.87;201-250;2.49;;;201-250;1.94;;;;;;;;;
2023;servico-social;Faculdade Estácio do Pará;PA;251;Privada;;;251-300;8.35;1;8;301-350;0.2;;;301-350;0.15;;;;;;;;;
2023;servico-social;Faculdade Coelho Neto;MA;251;Privada;154;2.62;301-350;2.67;301-350;0.1;201-250;2.49;;;301-350;0.08;;;;;;;;;
2023;servico-social;Centro Universitário Unihorizontes;MG;251;Privada;;;251-300;7.62;251-300;1.55;100;5.51;;;251-300;0.56;;;;;;;;;
2023;servico-social;Faculdade Uninassau Parnamirim;RN;251;Privada;;;251-300;8.51;110;5.22;251-300;1.01;;;201-250;2.28;;;;;;;;;
2023;servico-social;Faculdade Estácio do Amazonas;AM;251;Privada;;;251-300;6.38;201-250;2.45;201-250;2.52;;;251-300;1.41;;;;;;;;;
2023;servico-social;Instituto de Educação Superior Raimundo Sá;PI;251;Privada;;;251-300;7.45;251-300;0.56;95;5.64;;;251-300;1.25;;;;;;;;;
2023;servico-social;Faculdade de São Paulo;SP;251;Privada;;;201-250;10.1;251-300;0.56;251-300;1.54;;;1;8;;;;;;;;;
2023;servico-social;Faculdade Rodolfo Teófilo;CE;251;Privada;;;251-300;5.41;201-250;2.45;251-300;1.48;;;251-300;1.48;;;;;;;;;
2023;servico-social;Faculdade Ibiapaba;CE;301;Privada;;;301-350;1.86;301-350;0.33;251-300;1.48;;;301-350;0.05;;;;;;;;;
2023;servico-social;Centro Universitário Tabosa de Almeida;PE;301;Privada;;;301-350;2.43;251-300;0.71;251-300;0.98;;;251-300;0.74;;;;;;;;;
2023;servico-social;Faculdades Integradas de Fernandópolis;SP;301;Privada;;;301-350;3.95;201-250;2.5;251-300;0.53;;;251-300;0.92;;;;;;;;;
2023;servico-social;Centro de Ensino Superior de Conselheiro Lafaiete;MG;301;Privada;;;301-350;3.95;251-300;1.15;201-250;2.06;;;251-300;0.74;;;;;;;;;
2023;servico-social;Faculdade Gran Tietê;SP;301;Privada;;;301-350;4.16;251-300;0.87;251-300;0.53;;;201-250;2.76;;;;;;;;;
2023;servico-social;Faculdade do Oeste Potiguar;RN;301;Privada;;;301-350;3.98;201-250;2.65;301-350;0.1;;;251-300;1.23;;;;;;;;;
2023;servico-social;Centro de Ensino Superior de Bacabeira;MA;301;Privada;;;301-350;3.35;251-300;0.71;201-250;2.49;;;301-350;0.15;;;;;;;;;
2023;servico-social;Faculdade do Complexo Educacional Santo André;RN;301;Privada;;;251-300;4.31;251-300;1.3;301-350;0.1;;;200;2.91;;;;;;;;;
2023;servico-social;Faculdades Ipede PI;PI;301;Privada;;;301-350;1.83;;;251-300;0.73;;;251-300;1.1;;;;;;;;;
2023;servico-social;Faculdade Única de Ipatinga;MG;301;Privada;;;251-300;4.2;301-350;0.2;201-250;2.06;;;201-250;1.94;;;;;;;;;
2023;servico-social;Faculdade de Ciências e Letras de Bragança Paulista;SP;301;Municipal;;;301-350;2.96;251-300;1.07;251-300;1.69;;;301-350;0.2;;;;;;;;;
2023;servico-social;Centro Universitário de Tecnologia de Curitiba;PR;301;Privada;;;301-350;4.02;198;2.98;251-300;0.81;;;301-350;0.23;;;;;;;;;
2023;servico-social;Faculdade do Centro Maranhense;MA;301;Privada;;;301-350;4;301-350;0.03;201-250;2.49;;;251-300;1.48;;;;;;;;;
2023;servico-social;Faculdade Presidente Antônio Carlos de Uberlândia;MG;301;Privada;;;301-350;4.07;301-350;0.28;201-250;2.92;;;251-300;0.87;;;;;;;;;
2023;servico-social;Centro Universitário de Adamantina;SP;301;Municipal;;;301-350;3.78;201-250;2.45;301-350;0.23;;;251-300;1.1;;;;;;;;;
2023;servico-social;Faculdade Regional de Minas Gerais;MG;301;Privada;;;301-350;2.57;251-300;0.51;201-250;2.06;;;;;;;;;;;;;
2023;servico-social;Faculdade de Ampére;PR;301;Privada;;;301-350;3.82;201-250;2.45;251-300;0.81;;;251-300;0.56;;;;;;;;;
2023;servico-social;Faculdade Petrus;MA;301;Privada;;;301-350;3.59;251-300;0.51;201-250;2.49;;;251-300;0.59;;;;;;;;;
2024;servico-social;Universidade Federal do Rio de Janeiro;RJ;1;Federal;1;36;1;62.91;;;16;7.6;;;1;8;;;27;7.31;1;40;;;
2024;servico-social;Universidade Federal de Pernambuco;PE;2;Federal;1;36;6;61.04;;;10;7.76;;;1;8;;;22;7.44;3;37.84;;;
2024;servico-social;Universidade Estadual Paulista Júlio de Mesquita Filho;SP;3;Estadual;1;36;7;60.99;;;33;7.15;;;1;8;;;1;8;3;37.84;;;
2024;servico-social;Universidade Federal do Rio Grande do Sul;RS;4;Federal;13;33.27;2;61.68;;;2;7.97;;;1;8;;;6;7.87;3;37.84;;;
2024;servico-social;Pontifícia Universidade Católica de São Paulo;SP;5;Privada;13;33.27;4;61.42;;;27;7.31;;;1;8;;;72;6.11;1;40;;;
2024;servico-social;Universidade de Brasília;DF;6;Federal;13;33.27;5;61.07;;;6;7.87;;;1;8;;;25;7.36;3;37.84;;;
2024;servico-social;Universidade do Estado do Rio de Janeiro;RJ;7;Estadual;7;34.63;8;55.57;;;26;7.34;;;155;3.88;;;57;6.51;3;37.84;;;
2024;servico-social;Universidade Federal da Bahia;BA;8;Federal;1;36;11;54.07;;;9;7.79;;;1;8;;;41;6.93;9;31.35;;;
2024;servico-social;Universidade Federal Fluminense;RJ;9;Federal;7;34.63;12;53.65;;;28;7.29;;;1;8;;;38;7.01;9;31.35;;;
2024;servico-social;Universidade Federal de Santa Catarina;SC;10;Federal;13;33.27;9;54.82;;;15;7.63;;;1;8;;;7;7.84;9;31.35;;;
2024;servico-social;Universidade Federal de São Paulo;SP;11;Federal;44;26.2;3;61.63;;;7;7.84;;;1;8;;;3;7.95;3;37.84;;;
2024;servico-social;Universidade Federal do Paraná;PR;12;Federal;13;33.27;14;52.7;;;66;6.28;;;1;8;;;36;7.07;9;31.35;;;
2024;servico-social;Universidade Federal de Uberlândia;MG;13;Federal;13;33.27;15;51.21;;;139;4.34;;;1;8;;;19;7.52;9;31.35;;;
2024;servico-social;Universidade do Vale do Rio dos Sinos;RS;14;Privada;13;33.27;16;51.2;;;1;8;;;134;4.44;;;23;7.41;9;31.35;;;
2024;servico-social;Pontifícia Universidade Católica do Rio Grande do Sul;RS;15;Privada;13;33.27;17;50.04;;;43;6.89;;;154;3.91;;;5;7.89;9;31.35;;;
2024;servico-social;Universidade Estadual de Londrina;PR;16;Estadual;13;33.27;18;49.86;;;174;3.42;;;1;8;;;35;7.09;9;31.35;;;
2024;servico-social;Pontifícia Universidade Católica do Paraná;PR;17;Privada;13;33.27;19;47.87;;;19;7.52;;;194;2.84;;;70;6.16;9;31.35;;;
2024;servico-social;Universidade Estadual de Ponta Grossa;PR;18;Estadual;44;26.2;10;54.13;;;24;7.39;;;1;8;;;24;7.39;9;31.35;;;
2024;servico-social;Pontifícia Universidade Católica do Rio de Janeiro;RJ;19;Privada;13;33.27;20;46.03;;;65;6.31;;;251-300;0.8;;;17;7.57;9;31.35;;;
2024;servico-social;Universidade Federal de Mato Grosso;MT;20;Federal;44;26.2;13;52.75;;;49;6.73;;;1;8;;;51;6.67;9;31.35;;;
2024;servico-social;Universidade Nove de Julho;SP;21;Privada;13;33.27;22;39.88;;;201-250;2.41;;;201-250;1.85;;;141;4.27;9;31.35;;;
2024;servico-social;Universidade Federal do Espírito Santo;ES;22;Federal;13;33.27;24;38.84;;;17;7.58;;;1;8;;;37;7.04;23;16.22;;;
2024;servico-social;Universidade Federal do Rio Grande do Norte;RN;23;Federal;13;33.27;25;38.7;;;4;7.92;;;1;8;;;55;6.56;23;16.22;;;
2024;servico-social;Universidade Federal de Alagoas;AL;24;Federal;13;33.27;28;37.78;;;63;6.36;;;1;8;;;31;7.2;23;16.22;;;
2024;servico-social;Pontifícia Universidade Católica de Campinas;SP;25;Privada;13;33.27;31;31.19;;;31;7.21;;;251-300;0.96;;;46;6.8;23;16.22;;;
2024;servico-social;Universidade de Caxias do Sul;RS;26;Privada;13;33.27;32;30.84;;;53;6.62;;;201-250;1.87;;;71;6.13;23;16.22;;;
2024;servico-social;Pontifícia Universidade Católica de Goiás;GO;27;Privada;7;34.63;34;29.4;;;100;5.38;;;201-250;2.44;;;100;5.36;23;16.22;;;
2024;servico-social;Universidade Estadual de Maringá;PR;28;Estadual;44;26.2;29;37.69;;;32;7.18;;;1;8;;;65;6.29;23;16.22;;;
2024;servico-social;Centro Universitário Assunção;SP;29;Privada;86;16.63;21;44.28;;;85;5.78;;;201-250;2.3;;;119;4.85;9;31.35;;;
2024;servico-social;Universidade de Santa Cruz do Sul;RS;30;Privada;44;26.2;30;31.59;;;122;4.8;;;179;3.24;;;26;7.33;23;16.22;;;
2024;servico-social;Universidade Federal do Pará;PA;31;Federal;7;34.63;47;21.93;;;59;6.46;;;1;8;;;21;7.47;;;;;
2024;servico-social;Universidade Federal da Paraíba;PB;32;Federal;13;33.27;38;23.25;;;22;7.44;;;1;8;;;8;7.81;;;;;
2024;servico-social;Universidade Federal de Santa Maria;RS;33;Federal;13;33.27;39;23.21;;;20;7.5;;;1;8;;;12;7.71;;;;;
2024;servico-social;Universidade Federal do Triângulo Mineiro;MG;34;Federal;86;16.63;23;39.21;;;36;7.07;;;1;8;;;4;7.92;23;16.22;;;
2024;servico-social;Universidade Federal de Sergipe;SE;35;Federal;13;33.27;45;22.51;;;18;7.55;;;1;8;;;40;6.96;;;;;
2024;servico-social;Universidade Estadual do Ceará;CE;36;Estadual;7;34.63;51;20.97;;;37;7.05;;;1;8;;;79;5.92;;;;;
2024;servico-social;Universidade Federal de Viçosa;MG;37;Federal;86;16.63;26;38.55;;;11;7.74;;;1;8;;;54;6.59;23;16.22;;;
2024;servico-social;Universidade Cidade de São Paulo;SP;38;Privada;44;26.2;35;28.71;;;127;4.66;;;201-250;2.6;;;105;5.23;23;16.22;;;
2024;servico-social;Universidade Cruzeiro do Sul;SP;39;Privada;44;26.2;36;27.39;;;201-250;2.52;;;174;3.37;;;103;5.28;23;16.22;;;
2024;servico-social;Universidade Federal de Goiás;GO;40;Federal;13;33.27;61;19.56;;;76;6.01;;;1;8;;;93;5.55;;;;;
2024;servico-social;Universidade Federal do Amazonas;AM;41;Federal;13;33.27;65;18.76;;;81;5.88;;;1;8;;;118;4.88;;;;;
2024;servico-social;Pontifícia Universidade Católica de Minas Gerais;MG;42;Privada;1;36;112;14.66;;;67;6.25;;;201-250;2.06;;;63;6.35;;;;;
2024;servico-social;Universidade Federal de Juiz de Fora;MG;43;Federal;44;26.2;40;23.1;;;3;7.95;;;1;8;;;33;7.15;;;;;
2024;servico-social;Universidade Federal do Estado do Rio de Janeiro;RJ;44;Federal;44;26.2;42;22.83;;;12;7.71;;;1;8;;;34;7.12;;;;;
2024;servico-social;Universidade Federal do Maranhão;MA;45;Federal;44;26.2;43;22.56;;;13;7.68;;;1;8;;;43;6.88;;;;;
2024;servico-social;Universidade de Pernambuco;PE;46;Estadual;44;26.2;49;21.75;;;71;6.15;;;1;8;;;16;7.6;;;;;
2024;servico-social;Universidade Católica do Salvador;BA;47;Privada;13;33.27;122;14.19;;;126;4.69;;;150;4.01;;;95;5.49;;;;;
2024;servico-social;Universidade Estadual do Oeste do Paraná;PR;48;Estadual;44;26.2;50;21.15;;;25;7.36;;;1;8;;;84;5.79;;;;;
2024;servico-social;Universidade Federal do Piauí;PI;49;Federal;44;26.2;54;20.54;;;30;7.23;;;1;8;;;102;5.31;;;;;
2024;servico-social;Universidade Estácio de Sá;RJ;50;Privada;7;34.63;169;11.97;;;103;5.3;;;251-300;1.23;;;97;5.44;;;;;
2024;servico-social;Universidade Paulista;SP;51;Privada;1;36;201-250;9.93;;;112;5.06;;;200;2.68;;;201-250;2.19;;;;;
2024;servico-social;Universidade do Estado do Rio Grande do Norte;RN;52;Estadual;44;26.2;62;19.18;;;73;6.09;;;1;8;;;110;5.09;;;;;
2024;servico-social;Universidade Católica de Pernambuco;PE;53;Privada;13;33.27;173;11.89;;;92;5.59;;;251-300;0.62;;;88;5.68;;;;;
2024;servico-social;Centro Universitário Anhanguera de São Paulo;SP;54;Privada;13;33.27;176;11.64;;;251-300;0.93;;;148;4.07;;;52;6.64;;;;;
2024;servico-social;Universidade Estadual da Paraíba;PB;55;Estadual;44;26.2;66;18.7;;;58;6.49;;;1;8;;;143;4.21;;;;;
2024;servico-social;Universidade Federal de Campina Grande;PB;56;Federal;44;26.2;68;18.52;;;87;5.72;;;1;8;;;121;4.8;;;;;
2024;servico-social;Universidade Tiradentes;SE;57;Privada;13;33.27;181;11.41;;;251-300;0.37;;;1;8;;;187;3.04;;;;;
2024;servico-social;Centro Universitário do Rio Grande do Norte;RN;58;Privada;44;26.2;69;18.19;;;165;3.66;;;1;8;;;56;6.53;;;;;
2024;servico-social;Centro Universitário Jorge Amado;BA;59;Privada;13;33.27;189;10.93;;;191;2.97;;;201-250;2.25;;;87;5.71;;;;;
2024;servico-social;Centro Universitário Ceuni;AM;60;Privada;13;33.27;199;10.58;;;159;3.82;;;169;3.51;;;179;3.25;;;;;
2024;servico-social;Universidade de Vassouras;RJ;61;Privada;86;16.63;37;27.19;;;184;3.15;;;181;3.18;;;127;4.64;23;16.22;;;
2024;servico-social;Universidade da Amazônia;PA;62;Privada;13;33.27;201-250;10.28;;;160;3.79;;;201-250;2.62;;;156;3.87;;;;;
2024;servico-social;Universidade Potiguar;RN;63;Privada;13;33.27;201-250;10.06;;;164;3.68;;;177;3.29;;;185;3.09;;;;;
2024;servico-social;Universidade do Estado de Minas Gerais;MG;64;Estadual;44;26.2;78;16.9;;;86;5.75;;;1;8;;;183;3.15;;;;;
2024;servico-social;Universidade de Ribeirão Preto;SP;65;Privada;44;26.2;85;16.23;;;21;7.47;;;198;2.73;;;75;6.03;;;;;
2024;servico-social;Centro Universitário Antônio Eufrásio de Toledo de Presidente Prudente;SP;66;Privada;44;26.2;88;16.1;;;251-300;0.93;;;1;8;;;32;7.17;;;;;
2024;servico-social;Universidade de Passo Fundo;RS;67;Privada;44;26.2;91;15.96;;;4;7.92;;;201-250;2.41;;;90;5.63;;;;;
2024;servico-social;Universidade de Cuiabá;MT;68;Privada;44;26.2;99;15.54;;;175;3.39;;;131;4.52;;;15;7.63;;;;;
2024;servico-social;Centro Universitário de Várzea Grande;MT;69;Privada;44;26.2;108;14.88;;;119;4.87;;;143;4.2;;;83;5.81;;;;;
2024;servico-social;Universidade Luterana do Brasil;RS;70;Privada;44;26.2;110;14.77;;;116;4.95;;;141;4.25;;;92;5.57;;;;;
2024;servico-social;Universidade Católica de Pelotas;RS;71;Privada;44;26.2;111;14.76;;;122;4.8;;;162;3.69;;;66;6.27;;;;;
2024;servico-social;Centro Universitário Doutor Leão Sampaio;CE;72;Privada;44;26.2;114;14.59;;;82;5.85;;;136;4.39;;;138;4.35;;;;;
2024;servico-social;Universidade Salvador;BA;73;Privada;13;33.27;251-300;7;;;190;2.99;;;201-250;2.57;;;201-250;1.44;;;;;
2024;servico-social;Universidade Regional de Blumenau;SC;74;Municipal;44;26.2;128;13.84;;;95;5.51;;;201-250;2.49;;;82;5.84;;;;;
2024;servico-social;Centro Universitário do Norte;AM;75;Privada;44;26.2;130;13.78;;;29;7.26;;;189;2.97;;;168;3.55;;;;;
2024;servico-social;Universidade do Grande Rio Professor José de Souza Herdy;RJ;76;Privada;44;26.2;144;13.17;;;251-300;1.38;;;1;8;;;159;3.79;;;;;
2024;servico-social;Universidade Federal da Integração Latino-americana;PR;77;Federal;86;16.63;46;22.09;;;54;6.6;;;1;8;;;20;7.49;;;;;
2024;servico-social;Universidade Federal de Ouro Preto;MG;78;Federal;86;16.63;48;21.88;;;52;6.65;;;1;8;;;30;7.23;;;;;
2024;servico-social;Fundação Universidade Federal do Pampa;RS;79;Federal;;;27;38.41;;;42;6.91;;;1;8;;;28;7.28;23;16.22;;;
2024;servico-social;Universidade do Sul de Santa Catarina;SC;80;Privada;44;26.2;165;12.05;;;88;5.7;;;201-250;2.54;;;158;3.81;;;;;
2024;servico-social;Universidade do Planalto Catarinense;SC;81;Privada;44;26.2;172;11.94;;;64;6.33;;;201-250;2.33;;;178;3.28;;;;;
2024;servico-social;Centro Universitário das Faculdades Metropolitanas Unidas;SP;82;Privada;44;26.2;179;11.46;;;108;5.17;;;251-300;1.04;;;104;5.25;;;;;
2024;servico-social;Universidade Estadual do Centro Oeste;PR;83;Estadual;86;16.63;53;20.81;;;49;6.73;;;1;8;;;73;6.08;;;;;
2024;servico-social;Centro Universitário de Volta Redonda;RJ;84;Privada;86;16.63;55;20.47;;;75;6.04;;;1;8;;;60;6.43;;;;;
2024;servico-social;Centro Universitário Maurício de Nassau;PE;85;Privada;44;26.2;192;10.89;;;131;4.56;;;201-250;2.25;;;148;4.08;;;;;
2024;servico-social;Universidade Ceuma;MA;86;Privada;44;26.2;193;10.84;;;111;5.09;;;172;3.43;;;201-250;2.32;;;;;
2024;servico-social;Fundação Universidade Federal do Tocantins;TO;87;Federal;86;16.63;59;19.89;;;118;4.9;;;1;8;;;39;6.99;;;;;
2024;servico-social;Universidade Santo Amaro;SP;88;Privada;44;26.2;201-250;10.07;;;251-300;0.93;;;139;4.31;;;120;4.83;;;;;
2024;servico-social;Universidade Veiga de Almeida;RJ;89;Privada;44;26.2;201-250;10.02;;;251-300;1.38;;;201-250;2.27;;;62;6.37;;;;;
2024;servico-social;Centro Universitário de João Pessoa;PB;90;Privada;44;26.2;201-250;9.87;;;93;5.56;;;176;3.32;;;251-300;0.99;;;;;
2024;servico-social;Universidade Federal dos Vales do Jequitinhonha e Mucuri;MG;91;Federal;86;16.63;63;19.09;;;106;5.22;;;1;8;;;81;5.87;;;;;
2024;servico-social;Universidade Estadual de Montes Claros;MG;92;Estadual;86;16.63;64;18.96;;;39;6.99;;;1;8;;;152;3.97;;;;;
2024;servico-social;Centro Universitário Braz Cubas;SP;93;Privada;44;26.2;201-250;8.05;;;109;5.14;;;251-300;1.28;;;201-250;1.63;;;;;
2024;servico-social;Universidade de Taubaté;SP;94;Municipal;86;16.63;74;17.11;;;33;7.15;;;160;3.75;;;68;6.21;;;;;
2024;servico-social;Universidade Estadual do Tocantins;TO;95;Estadual;86;16.63;80;16.65;;;76;6.01;;;1;8;;;201-250;2.64;;;;;
2024;servico-social;Faculdade Unime de Ciências Sociais;BA;96;Privada;86;16.63;83;16.4;;;80;5.91;;;164;3.64;;;44;6.85;;;;;
2024;servico-social;Universidade Estadual do Paraná;PR;97;Estadual;86;16.63;87;16.15;;;44;6.86;;;137;4.36;;;116;4.93;;;;;
2024;servico-social;Centro Universitário Ages;BA;98;Privada;86;16.63;94;15.86;;;132;4.53;;;1;8;;;176;3.33;;;;;
2024;servico-social;Faculdade Unirb - Feira de Santana;BA;99;Privada;86;16.63;98;15.56;;;191;2.97;;;1;8;;;129;4.59;;;;;
2024;servico-social;Faculdades Doctum de Caratinga;MG;100;Privada;86;16.63;100;15.4;;;104;5.27;;;1;8;;;201-250;2.13;;;;;
2024;servico-social;Centro Universitário Redentor;RJ;101;Privada;86;16.63;101;15.36;;;158;3.84;;;1;8;;;169;3.52;;;;;
2024;servico-social;Faculdade de Ciências Humanas Esuda;PE;102;Privada;86;16.63;104;15.08;;;105;5.25;;;157;3.83;;;76;6;;;;;
2024;servico-social;Centro Universitário do Vale do Jaguaribe;CE;103;Privada;86;16.63;109;14.81;;;96;5.48;;;1;8;;;251-300;1.33;;;;;
2024;servico-social;Centro Universitário Facex;RN;104;Privada;44;26.2;251-300;5.07;;;165;3.66;;;251-300;0.13;;;251-300;1.28;;;;;
2024;servico-social;Faculdade de Petrolina;PE;105;Municipal;86;16.63;113;14.63;;;100;5.38;;;1;8;;;251-300;1.25;;;;;
2024;servico-social;Universidade Nilton Lins;AM;106;Privada;44;26.2;251-300;4.87;;;144;4.21;;;251-300;0.29;;;251-300;0.37;;;;;
2024;servico-social;Centro Universitário Cesmac;AL;107;Privada;44;26.2;251-300;4.74;;;201-250;1.99;;;251-300;0.72;;;201-250;2.03;;;;;
2024;servico-social;Centro Universitário Inta;CE;108;Privada;86;16.63;119;14.2;;;201-250;2.15;;;1;8;;;149;4.05;;;;;
2024;servico-social;Faculdade Anhanguera do Ceará;CE;108;Privada;86;16.63;120;14.2;;;201-250;1.91;;;132;4.5;;;9;7.79;;;;;
2024;servico-social;Centro Universitário da Amazônia - UNIESAMAZ;PA;110;Privada;;;33;30.76;;;201-250;2.38;;;1;8;;;145;4.16;23;16.22;;;
2024;servico-social;Centro Universitário Internacional;PR;111;Privada;86;16.63;125;13.99;;;46;6.81;;;175;3.34;;;157;3.84;;;;;
2024;servico-social;Universidade do Vale do Paraíba;SP;112;Privada;86;16.63;127;13.9;;;47;6.78;;;251-300;1.15;;;77;5.97;;;;;
2024;servico-social;Universidade Católica de Brasília;DF;113;Privada;44;26.2;251-300;4.29;;;201-250;1.54;;;251-300;0.64;;;201-250;2.11;;;;;
2024;servico-social;Centro Universitário Aparício Carvalho;RO;114;Privada;86;16.63;131;13.77;;;201-250;2.38;;;1;8;;;174;3.39;;;;;
2024;servico-social;Universidade Anhanguera;MS;114;Privada;86;16.63;131;13.77;;;201-250;1.54;;;133;4.47;;;10;7.76;;;;;
2024;servico-social;Centro Universitário Geraldo Di Biase;RJ;116;Privada;86;16.63;135;13.7;;;251-300;1.38;;;1;8;;;139;4.32;;;;;
2024;servico-social;Centro Universitário Ateneu;CE;117;Privada;86;16.63;139;13.52;;;60;6.44;;;201-250;2.17;;;117;4.91;;;;;
2024;servico-social;Centro Universitário Una;MG;118;Privada;86;16.63;140;13.45;;;121;4.82;;;167;3.56;;;111;5.07;;;;;
2024;servico-social;Faculdade Paulista de Serviço Social;SP;119;Privada;86;16.63;141;13.43;;;51;6.68;;;251-300;0.27;;;58;6.48;;;;;
2024;servico-social;Escola Superior de Ciências da Santa Casa de Misericórdia de Vitória;ES;120;Privada;86;16.63;143;13.28;;;38;7.02;;;166;3.59;;;201-250;2.67;;;;;
2024;servico-social;Centro Universitário de Ciências e Empreendedorismo;BA;121;Privada;86;16.63;145;13.04;;;99;5.4;;;145;4.15;;;170;3.49;;;;;
2024;servico-social;Faculdade Zacarias de Góes;BA;122;Privada;86;16.63;147;12.96;;;187;3.07;;;1;8;;;201-250;1.89;;;;;
2024;servico-social;Faculdade Unirb - Aracaju;SE;123;Privada;86;16.63;153;12.85;;;251-300;0.37;;;1;8;;;133;4.48;;;;;
2024;servico-social;Centro Universitário Dom Pedro II;BA;124;Privada;86;16.63;156;12.44;;;191;2.97;;;1;8;;;201-250;1.47;;;;;
2024;servico-social;Faculdade Anhanguera de Governador Valadares;MG;125;Privada;86;16.63;157;12.38;;;201-250;1.78;;;151;3.99;;;53;6.61;;;;;
2024;servico-social;Centro Universitário Fibra;PA;126;Privada;86;16.63;166;12.04;;;145;4.19;;;156;3.85;;;151;4;;;;;
2024;servico-social;Centro Universitário Anhanguera Pitágoras Unopar de Niterói;RJ;127;Privada;86;16.63;175;11.68;;;201-250;2.01;;;170;3.48;;;69;6.19;;;;;
2024;servico-social;Centro Universitário Fadergs;RS;128;Privada;86;16.63;176;11.64;;;55;6.57;;;251-300;1.12;;;153;3.95;;;;;
2024;servico-social;Faculdade Terra Nordeste;CE;129;Privada;86;16.63;178;11.61;;;115;4.98;;;140;4.28;;;201-250;2.35;;;;;
2024;servico-social;Faculdade Anhanguera do Maranhão;MA;130;Privada;86;16.63;183;11.04;;;251-300;1.22;;;153;3.93;;;80;5.89;;;;;
2024;servico-social;Faculdade Multivix Serra;ES;131;Privada;86;16.63;188;10.94;;;129;4.61;;;201-250;2.41;;;154;3.92;;;;;
2024;servico-social;Universidade Universus Veritas Guarulhos;SP;132;Privada;86;16.63;193;10.84;;;183;3.18;;;186;3.05;;;128;4.61;;;;;
2024;servico-social;Universidade de Franca;SP;133;Privada;86;16.63;197;10.72;;;133;4.5;;;201-250;1.42;;;121;4.8;;;;;
2024;servico-social;Faculdade Paulista de Serviço Social de São Caetano do Sul;SP;134;Privada;86;16.63;198;10.71;;;72;6.12;;;201-250;1.66;;;191;2.93;;;;;
2024;servico-social;União das Faculdades dos Grandes Lagos;SP;135;Privada;86;16.63;201-250;10.47;;;186;3.1;;;144;4.17;;;181;3.2;;;;;
2024;servico-social;Faculdade Anhanguera de Imperatriz;MA;136;Privada;86;16.63;201-250;10.31;;;251-300;0.56;;;130;4.55;;;106;5.2;;;;;
2024;servico-social;Centro Universitário Estácio de São Paulo;SP;137;Privada;86;16.63;201-250;10.08;;;141;4.29;;;251-300;1.2;;;129;4.59;;;;;
2024;servico-social;Centro Universitário Nossa Senhora do Patrocínio;SP;138;Privada;86;16.63;201-250;10.02;;;116;4.95;;;201-250;1.66;;;173;3.41;;;;;
2024;servico-social;Centro Universitário de Bauru;SP;139;Privada;86;16.63;201-250;9.73;;;48;6.76;;;251-300;0.38;;;201-250;2.59;;;;;
2024;servico-social;Centro Universitário Estácio de Belo Horizonte;MG;140;Privada;86;16.63;201-250;9.63;;;201-250;1.78;;;201-250;1.53;;;64;6.32;;;;;
2024;servico-social;Centro Universitário Maurício de Nassau de João Pessoa;PB;141;Privada;86;16.63;201-250;9.62;;;185;3.13;;;197;2.76;;;161;3.73;;;;;
2024;servico-social;Centro Universitário Maurício de Nassau de Maceió;AL;142;Privada;86;16.63;201-250;9.49;;;201-250;1.99;;;180;3.21;;;140;4.29;;;;;
2024;servico-social;Centro Universitário Metropolitano da Amazônia;PA;143;Privada;86;16.63;201-250;9.35;;;201-250;2.38;;;196;2.78;;;144;4.19;;;;;
2024;servico-social;Centro Universitário de Patos;PB;144;Privada;86;16.63;201-250;9.2;;;94;5.54;;;201-250;1.37;;;201-250;2.29;;;;;
2024;servico-social;Centro Universitário Maurício de Nassau de Natal;RN;145;Privada;86;16.63;201-250;8.83;;;140;4.32;;;201-250;2.14;;;201-250;2.37;;;;;
2024;servico-social;Centro Universitário Estácio de São Luís;MA;146;Privada;86;16.63;201-250;8.81;;;155;3.92;;;201-250;1.45;;;172;3.44;;;;;
2024;servico-social;Faculdade Estácio do Pará;PA;147;Privada;86;16.63;201-250;8.14;;;201-250;2.38;;;251-300;0.24;;;94;5.52;;;;;
2024;servico-social;Centro Universitário Maurício de Nassau de Aracaju;SE;148;Privada;86;16.63;201-250;7.91;;;251-300;0.37;;;157;3.83;;;162;3.71;;;;;
2024;servico-social;Faculdade Raimundo Marinho;AL;149;Privada;86;16.63;201-250;7.69;;;163;3.71;;;201-250;2.09;;;201-250;1.89;;;;;
2024;servico-social;Centro Universitário do Instituto de Educação Superior de Brasília;DF;150;Privada;86;16.63;251-300;7.24;;;189;3.02;;;201-250;1.98;;;201-250;2.24;;;;;
2024;servico-social;Faculdade Estácio do Amazonas;AM;151;Privada;86;16.63;251-300;7.18;;;177;3.34;;;251-300;1.28;;;201-250;2.56;;;;;
2024;servico-social;Universidade Federal Rural do Rio de Janeiro;RJ;152;Federal;;;41;22.91;;;14;7.66;;;1;8;;;29;7.25;;;;;
2024;servico-social;Centro Universitário Salesiano;ES;153;Privada;86;16.63;251-300;6.11;;;129;4.61;;;251-300;0.91;;;251-300;0.59;;;;;
2024;servico-social;Universidade da Integração Internacional da Lusofonia Afro-brasileira;CE;154;Federal;;;44;22.52;;;40;6.97;;;1;8;;;18;7.55;;;;;
2024;servico-social;Centro Universitário Augusto Motta;RJ;155;Privada;86;16.63;251-300;5.6;;;251-300;1.38;;;193;2.86;;;201-250;1.36;;;;;
2024;servico-social;Centro Universitário Maurício de Nassau de Caruaru;PE;156;Privada;86;16.63;251-300;4.94;;;251-300;0.37;;;201-250;1.82;;;198;2.75;;;;;
2024;servico-social;Centro Universitário Estácio do Recife;PE;157;Privada;86;16.63;251-300;4.79;;;251-300;0.37;;;251-300;0.05;;;137;4.37;;;;;
2024;servico-social;Centro Universitário dos Guararapes;PE;158;Privada;86;16.63;251-300;4.72;;;251-300;0.37;;;201-250;1.74;;;201-250;2.61;;;;;
2024;servico-social;Centro Universitário Brasileiro;PE;159;Privada;;;52;20.85;;;120;4.85;;;1;8;;;1;8;;;;;
2024;servico-social;Universidade Castelo Branco;RJ;160;Privada;86;16.63;251-300;3.94;;;251-300;1.38;;;201-250;1.47;;;251-300;1.09;;;;;
2024;servico-social;Centro Universitário Unirb - Alagoinhas;BA;161;Privada;;;56;20.27;;;8;7.82;;;1;8;;;134;4.45;;;;;
2024;servico-social;Universidade Federal do Recôncavo da Bahia;BA;162;Federal;;;57;20.25;;;69;6.2;;;1;8;;;74;6.05;;;;;
2024;servico-social;Faculdade Unida de Campinas Goiânia;GO;163;Privada;;;58;20.06;;;61;6.41;;;1;8;;;89;5.65;;;;;
2024;servico-social;Instituto Macapaense de Ensino Superior;AP;164;Privada;86;16.63;251-300;3.4;;;201-250;2.38;;;251-300;0.91;;;251-300;0.11;;;;;
2024;servico-social;Faculdade Projeção de Ceilândia;DF;165;Privada;;;60;19.76;;;148;4.11;;;1;8;;;14;7.65;;;;;
2024;servico-social;Instituto Superior de Ciências Aplicadas;SP;166;Privada;86;16.63;251-300;2.35;;;251-300;0.93;;;251-300;0.59;;;251-300;0.83;;;;;
2024;servico-social;Instituto Federal de Educação, Ciência e Tecnologia do Ceará;CE;167;Federal;;;67;18.62;;;40;6.97;;;1;8;;;164;3.65;;;;;
2024;servico-social;Instituto de Ensino Superior Franciscano;MA;168;Privada;;;70;17.57;;;143;4.24;;;1;8;;;101;5.33;;;;;
2024;servico-social;Faculdade Coelho Neto;MA;169;Privada;86;16.63;251-300;0.88;;;251-300;0.56;;;251-300;0.19;;;251-300;0.13;;;;;
2024;servico-social;Faculdade Anhanguera Unime de Salvador;BA;170;Privada;;;71;17.4;;;74;6.07;;;135;4.42;;;42;6.91;;;;;
2024;servico-social;Faculdade Unirb - Mossoró;RN;171;Privada;;;72;17.29;;;165;3.66;;;1;8;;;90;5.63;;;;;
2024;servico-social;Faculdade Projeção do Guará;DF;172;Privada;;;73;17.22;;;201-250;1.54;;;1;8;;;13;7.68;;;;;
2024;servico-social;Centro Universitário Facunicamps;GO;173;Privada;;;75;17.09;;;147;4.13;;;1;8;;;115;4.96;;;;;
2024;servico-social;Christus Faculdade do Piauí;PI;174;Privada;;;76;17.05;;;56;6.54;;;1;8;;;201-250;2.51;;;;;
2024;servico-social;Centro Universitário Itop;TO;175;Privada;;;77;16.93;;;97;5.46;;;1;8;;;171;3.47;;;;;
2024;servico-social;Centro Universitário Estácio da Amazônia;RR;176;Privada;;;79;16.78;;;201-250;2.38;;;1;8;;;61;6.4;;;;;
2024;servico-social;Centro Universitário de Belo Horizonte;MG;177;Privada;;;81;16.53;;;201-250;1.78;;;1;8;;;48;6.75;;;;;
2024;servico-social;Universidade Alto Vale do Rio do Peixe;SC;178;Privada;;;82;16.51;;;88;5.7;;;185;3.08;;;11;7.73;;;;;
2024;servico-social;Faculdade Projeção de Sobradinho;DF;179;Privada;;;84;16.31;;;201-250;1.54;;;1;8;;;47;6.77;;;;;
2024;servico-social;Faculdade de Ciências da Saúde de Unaí;MG;180;Privada;;;86;16.22;;;45;6.83;;;1;8;;;201-250;1.39;;;;;
2024;servico-social;Faculdade do Baixo Parnaíba;MA;181;Privada;;;89;15.96;;;107;5.19;;;1;8;;;197;2.77;;;;;
2024;servico-social;Centro Universitário Unirb;BA;181;Privada;;;89;15.96;;;191;2.97;;;1;8;;;114;4.99;;;;;
2024;servico-social;Centro Universitário da Vitória de Santo Antão;PE;183;Privada;;;92;15.95;;;181;3.23;;;1;8;;;124;4.72;;;;;
2024;servico-social;Faculdade 05 de Julho;CE;184;Privada;;;93;15.87;;;162;3.74;;;1;8;;;146;4.13;;;;;
2024;servico-social;Faculdade de Ciências Humanas e Sociais de Serra Talhada;PE;185;Municipal;;;95;15.84;;;114;5.01;;;1;8;;;195;2.83;;;;;
2024;servico-social;Faculdade de Educação e Tecnologia da Amazônia;PA;186;Privada;;;96;15.8;;;83;5.83;;;1;8;;;201-250;1.97;;;;;
2024;servico-social;Faculdade Unirb - Arapiraca;AL;187;Privada;;;97;15.75;;;201-250;1.99;;;1;8;;;85;5.76;;;;;
2024;servico-social;Centro Universitário Mario Pontes Jucá;AL;188;Privada;;;102;15.22;;;156;3.89;;;1;8;;;176;3.33;;;;;
2024;servico-social;Faculdade Santa Lúcia;SP;189;Privada;;;103;15.17;;;251-300;0.93;;;1;8;;;67;6.24;;;;;
2024;servico-social;Faculdade de Ciências e Saúde Edufor;MA;190;Privada;;;105;15.03;;;84;5.8;;;1;8;;;251-300;1.23;;;;;
2024;servico-social;Faculdade de Olinda;PE;191;Privada;;;106;14.98;;;98;5.43;;;1;8;;;201-250;1.55;;;;;
2024;servico-social;Centro Universitário Funorte;MG;192;Privada;;;107;14.95;;;201-250;1.78;;;1;8;;;107;5.17;;;;;
2024;servico-social;Centro Universitário Ítalo-brasileiro;SP;193;Privada;;;115;14.4;;;251-300;0.93;;;1;8;;;96;5.47;;;;;
2024;servico-social;Faculdade Noroeste;GO;194;Privada;;;116;14.38;;;201-250;2.49;;;1;8;;;155;3.89;;;;;
2024;servico-social;Centro Universitário Santa Cecília;SP;195;Privada;;;117;14.34;;;251-300;0.93;;;1;8;;;98;5.41;;;;;
2024;servico-social;Centro Universitário Fametro;CE;196;Privada;;;118;14.28;;;146;4.16;;;163;3.67;;;59;6.45;;;;;
2024;servico-social;Faculdade Unirb - Parnaíba;PI;197;Privada;;;120;14.2;;;251-300;1.19;;;1;8;;;113;5.01;;;;;
2024;servico-social;Centro Universitário Gama e Souza;RJ;198;Privada;;;123;14.18;;;251-300;1.38;;;1;8;;;121;4.8;;;;;
2024;servico-social;Faculdade Anhanguera de Itabuna;BA;199;Privada;;;124;14.13;;;191;2.97;;;138;4.33;;;45;6.83;;;;;
2024;servico-social;Faculdade União de Campo Mourão;PR;200;Privada;;;126;13.94;;;150;4.05;;;1;8;;;201-250;1.89;;;;;
2024;servico-social;Centro Universitário Maurício de Nassau de Fortaleza;CE;201;Privada;;;191;10.9;;;157;3.87;;;188;3;;;150;4.03;;;;;
2024;servico-social;Centro Universitário Estácio da Bahia;BA;201;Privada;;;201-250;9.85;;;191;2.97;;;251-300;0.13;;;48;6.75;;;;;
2024;servico-social;Faculdade da Amazônia;PA;201;Privada;;;129;13.78;;;135;4.45;;;1;8;;;251-300;1.33;;;;;
2024;servico-social;Faculdade Rodolfo Teófilo;CE;201;Privada;;;201-250;9.08;;;70;6.17;;;251-300;1.31;;;201-250;1.6;;;;;
2024;servico-social;Faculdade do Complexo Educacional Santo André;RN;201;Privada;;;201-250;8.95;;;165;3.66;;;146;4.12;;;251-300;1.17;;;;;
2024;servico-social;Centro Universitário de Tecnologia de Curitiba;PR;201;Privada;;;170;11.96;;;23;7.42;;;251-300;0.94;;;166;3.6;;;;;
2024;servico-social;Faculdade Hélio Rocha;BA;201;Privada;;;162;12.12;;;191;2.97;;;1;8;;;251-300;1.15;;;;;
2024;servico-social;Faculdade de Ciências Educacionais de Capim Grosso;BA;201;Privada;;;195;10.74;;;180;3.26;;;146;4.12;;;175;3.36;;;;;
2024;servico-social;Centro Universitário Tiradentes de Pernambuco;PE;201;Privada;;;187;10.96;;;149;4.08;;;251-300;1.12;;;85;5.76;;;;;
2024;servico-social;Faculdade Regional do Jacuípe;BA;201;Privada;;;170;11.96;;;191;2.97;;;1;8;;;251-300;0.99;;;;;
2024;servico-social;Faculdade Unirb - Natal;RN;201;Privada;;;137;13.55;;;165;3.66;;;1;8;;;201-250;1.89;;;;;
2024;servico-social;Centro Universitário Vale do Salgado;CE;201;Privada;;;158;12.21;;;154;3.95;;;157;3.83;;;135;4.43;;;;;
2024;servico-social;Centro Universitário Metodista;RS;201;Privada;;;163;12.09;;;122;4.8;;;251-300;0.54;;;48;6.75;;;;;
2024;servico-social;Faculdade Unirb - Barreiras;BA;201;Privada;;;151;12.86;;;191;2.97;;;1;8;;;201-250;1.89;;;;;
2024;servico-social;Faculdade de Educação Memorial Adelaide Franco;MA;201;Privada;;;201-250;9.67;;;251-300;0.95;;;1;8;;;251-300;0.72;;;;;
2024;servico-social;Faculdades Integradas de Três Lagoas;MS;201;Privada;;;201-250;10.27;;;201-250;1.54;;;149;4.04;;;125;4.69;;;;;
2024;servico-social;Faculdade Brasileira de Ensino, Pesquisa e Extensão;PB;201;Privada;;;201-250;10.5;;;251-300;0.61;;;1;8;;;201-250;1.89;;;;;
2024;servico-social;Faculdade do Maciço do Baturité;CE;201;Privada;;;159;12.21;;;173;3.44;;;1;8;;;251-300;0.77;;;;;
2024;servico-social;Faculdade Adelmar Rosado;PI;201;Privada;;;180;11.46;;;251-300;1.19;;;1;8;;;201-250;2.27;;;;;
2024;servico-social;Faculdade Eugênio Gomes;BA;201;Privada;;;151;12.86;;;191;2.97;;;1;8;;;201-250;1.89;;;;;
2024;servico-social;Faculdade Cidade de Aparecida de Goiânia;GO;201;Privada;;;134;13.72;;;201-250;2.49;;;1;8;;;180;3.23;;;;;
2024;servico-social;Faculdade de Ensino Superior de Floriano;PI;201;Privada;;;163;12.09;;;188;3.05;;;1;8;;;251-300;1.04;;;;;
2024;servico-social;Faculdade de Ciências Sociais Aplicadas BA;BA;201;Privada;;;136;13.66;;;191;2.97;;;1;8;;;200;2.69;;;;;
2024;servico-social;Universidade Estadual de Roraima;RR;201;Estadual;;;142;13.38;;;78;5.96;;;201-250;2.03;;;99;5.39;;;;;
2024;servico-social;Faculdade Princesa do Oeste;CE;201;Privada;;;182;11.11;;;201-250;1.91;;;1;8;;;251-300;1.2;;;;;
2024;servico-social;Faculdade de Tecnologia, Educação Superior e Profissional;PI;201;Privada;;;201-250;9.48;;;251-300;1.19;;;1;8;;;251-300;0.29;;;;;
2024;servico-social;Instituto de Ensino Superior Múltiplo;MA;201;Privada;;;161;12.19;;;251-300;0.56;;;1;8;;;165;3.63;;;;;
2024;servico-social;Faculdade Santa Helena;PE;201;Privada;;;201-250;9.22;;;251-300;0.37;;;1;8;;;251-300;0.85;;;;;
2024;servico-social;Centro Universitário do Piauí;PI;201;Privada;;;201-250;9.78;;;251-300;1.19;;;1;8;;;251-300;0.59;;;;;
2024;servico-social;Faculdade Unirb - Piauí;PI;201;Privada;;;149;12.9;;;251-300;1.19;;;1;8;;;162;3.71;;;;;
2024;servico-social;Faculdades Famep-PI;PI;201;Privada;;;168;11.99;;;251-300;1.19;;;1;8;;;196;2.8;;;;;
2024;servico-social;Faculdade Jardins;SE;201;Privada;;;138;13.54;;;251-300;0.37;;;1;8;;;107;5.17;;;;;
2024;servico-social;Faculdade de Educação do Piauí;PI;201;Privada;;;160;12.2;;;251-300;1.19;;;1;8;;;188;3.01;;;;;
2024;servico-social;Faculdade de São Paulo;SP;201;Privada;;;185;10.98;;;251-300;0.93;;;1;8;;;201-250;2.05;;;;;
2024;servico-social;Faculdade Visconde de Cairú;BA;201;Privada;;;148;12.92;;;191;2.97;;;1;8;;;201-250;1.95;;;;;
2024;servico-social;Centro Universitário São Miguel;PE;201;Privada;;;154;12.76;;;91;5.62;;;142;4.23;;;192;2.91;;;;;
2024;servico-social;Faculdade São Francisco de Assis;RS;201;Privada;;;166;12.04;;;122;4.8;;;201-250;2.65;;;129;4.59;;;;;
2024;servico-social;Faculdade Uninassau Parnamirim;RN;201;Privada;;;155;12.71;;;165;3.66;;;184;3.1;;;78;5.95;;;;;
2024;servico-social;Centro Universitário Maurício de Nassau Teresina Sul;PI;201;Privada;;;201-250;9.83;;;79;5.93;;;201-250;1.42;;;201-250;2.48;;;;;
2024;servico-social;Centro Universitário de Ciências e Tecnologia do Maranhão;MA;201;Privada;;;133;13.73;;;251-300;0.56;;;1;8;;;107;5.17;;;;;
2024;servico-social;Faculdades Famep Unidade Euclides da Cunha;BA;201;Privada;;;184;11.02;;;191;2.97;;;1;8;;;251-300;0.05;;;;;
2024;servico-social;Faculdade Uninassau Lauro de Freitas;BA;201;Privada;;;201-250;9.2;;;191;2.97;;;182;3.16;;;186;3.07;;;;;
2024;servico-social;Centro Universitário Joaquim Nabuco de Recife;PE;201;Privada;;;146;13.04;;;251-300;0.37;;;1;8;;;126;4.67;;;;;
2024;servico-social;Centro Universitário Luterano de Santarém;PA;201;Privada;;;196;10.73;;;102;5.33;;;201-250;2.52;;;193;2.88;;;;;
2024;servico-social;Centro Universitário Maurício de Nassau de Paranáiba;PI;201;Privada;;;200;10.56;;;110;5.11;;;201-250;2.46;;;189;2.99;;;;;
2024;servico-social;Centro Universitário Santa Amélia;PR;201;Privada;;;174;11.79;;;150;4.05;;;199;2.7;;;112;5.04;;;;;
2024;servico-social;Faculdade Gran Tietê;SP;201;Privada;;;189;10.93;;;57;6.52;;;165;3.61;;;251-300;0.8;;;;;
2024;servico-social;Centro Universitário Sudoeste Paulista;SP;201;Privada;;;201-250;10.14;;;62;6.38;;;201-250;2.19;;;201-250;1.57;;;;;
2024;servico-social;Faculdade Teológica e Filosófica;CE;201;Privada;;;185;10.98;;;201-250;1.91;;;1;8;;;251-300;1.07;;;;;
2024;servico-social;Faculdade de Fortaleza;CE;201;Privada;;;150;12.87;;;201-250;1.91;;;1;8;;;190;2.96;;;;;
2024;servico-social;Faculdade de Ciências e Tecnologia de Teresina;PI;251;Privada;;;251-300;6.83;;;251-300;1.19;;;172;3.43;;;201-250;2.21;;;;;
2024;servico-social;Faculdade Única de Ipatinga;MG;251;Privada;;;251-300;3.65;;;201-250;1.78;;;201-250;1.79;;;251-300;0.08;;;;;
2024;servico-social;Faculdades Integradas de Fernandópolis;SP;251;Privada;;;251-300;3.68;;;251-300;0.93;;;251-300;0.75;;;201-250;2;;;;;
2024;servico-social;Faculdade do Maranhão;MA;251;Privada;;;201-250;8.16;;;135;4.45;;;187;3.02;;;251-300;0.69;;;;;
2024;servico-social;Faculdade Estácio do Rio Grande do Norte;RN;251;Privada;;;201-250;8.73;;;165;3.66;;;201-250;1.5;;;167;3.57;;;;;
2024;servico-social;Faculdade Presidente Antônio Carlos de Uberlândia;MG;251;Privada;;;201-250;7.54;;;68;6.23;;;251-300;1.07;;;251-300;0.24;;;;;
2024;servico-social;Centro Universitário de Lins;SP;251;Privada;;;201-250;7.33;;;201-250;1.4;;;168;3.53;;;201-250;2.4;;;;;
2024;servico-social;Faculdades Integradas de Botucatu;SP;251;Privada;;;251-300;5.34;;;181;3.23;;;251-300;0.99;;;251-300;1.12;;;;;
2024;servico-social;Faculdade do Oeste Potiguar;RN;251;Privada;;;251-300;7.32;;;165;3.66;;;201-250;1.58;;;201-250;2.08;;;;;
2024;servico-social;Faculdade de Piracanjuba;GO;251;Privada;;;251-300;4.38;;;201-250;2.49;;;;;;;201-250;1.89;;;;;
2024;servico-social;Faculdade Salesiana Dom Bosco;AM;251;Privada;;;251-300;6.17;;;177;3.34;;;251-300;0.67;;;201-250;2.16;;;;;
2024;servico-social;Centro Universitário Metropolitano de Maringá;PR;251;Privada;;;251-300;5.04;;;150;4.05;;;251-300;0.78;;;251-300;0.21;;;;;
2024;servico-social;Centro Universitário da Amazônia Belém;PA;251;Privada;;;201-250;8.87;;;201-250;2.38;;;201-250;1.9;;;129;4.59;;;;;
2024;servico-social;Instituto de Educação Superior Raimundo Sá;PI;251;Privada;;;201-250;7.34;;;137;4.4;;;201-250;1.93;;;251-300;1.01;;;;;
2024;servico-social;Instituto de Ensino Superior do Sul do Maranhão;MA;251;Privada;;;251-300;4.37;;;201-250;2.04;;;201-250;1.69;;;251-300;0.64;;;;;
2024;servico-social;Faculdade de Santa Cruz da Bahia;BA;251;Privada;;;251-300;6.29;;;191;2.97;;;189;2.97;;;251-300;0.35;;;;;
2024;servico-social;Faculdade Petrus;MA;251;Privada;;;251-300;2.02;;;201-250;1.59;;;251-300;0.16;;;251-300;0.27;;;;;
2024;servico-social;Centro Universitário Cearense;CE;251;Privada;;;251-300;5.46;;;128;4.64;;;251-300;0.21;;;251-300;0.61;;;;;
2024;servico-social;Faculdades Integradas Stella Maris de Andradina;SP;251;Privada;;;251-300;5.6;;;138;4.37;;;251-300;0.56;;;251-300;0.67;;;;;
2024;servico-social;Faculdade de Ampére;PR;251;Privada;;;251-300;5.95;;;150;4.05;;;251-300;0.91;;;251-300;0.99;;;;;
2024;servico-social;Centro de Ensino Superior de Conselheiro Lafaiete;MG;251;Privada;;;251-300;3.65;;;201-250;1.78;;;251-300;0.35;;;201-250;1.52;;;;;
2024;servico-social;Faculdade Santa Fé;MA;251;Privada;;;251-300;5.99;;;201-250;2.54;;;189;2.97;;;251-300;0.48;;;;;
2024;servico-social;Faculdade de Mauá;SP;251;Privada;;;251-300;4.64;;;251-300;0.93;;;251-300;0.54;;;182;3.17;;;;;
2024;servico-social;Faculdade Madre Thais;BA;251;Privada;;;201-250;8.87;;;142;4.27;;;161;3.72;;;251-300;0.88;;;;;
2024;servico-social;Centro Universitário Maurício de Nassau de São Luís;MA;251;Privada;;;201-250;8.41;;;251-300;0.56;;;171;3.45;;;136;4.4;;;;;
2024;servico-social;Centro de Ensino Superior de Bacabeira;MA;251;Privada;;;251-300;2.41;;;251-300;0.56;;;201-250;1.34;;;251-300;0.51;;;;;
2024;servico-social;Faculdades Integradas do Brasil Unifuturo;PB;251;Privada;;;251-300;3.75;;;201-250;1.56;;;251-300;0.7;;;201-250;1.49;;;;;
2024;servico-social;Centro Universitário Tabosa de Almeida;PE;251;Privada;;;251-300;1.33;;;251-300;0.37;;;251-300;0.43;;;251-300;0.53;;;;;
2024;servico-social;Faculdade Católica da Paraíba;PB;251;Privada;;;251-300;2.11;;;251-300;0.61;;;251-300;1.18;;;251-300;0.32;;;;;
2024;servico-social;Gran Centro Universitário;PR;251;Privada;;;201-250;7.83;;;113;5.03;;;251-300;0.32;;;201-250;2.48;;;;;
2024;servico-social;Faculdade Internacional da Paraíba;PB;251;Privada;;;251-300;6.74;;;201-250;2.07;;;201-250;1.55;;;184;3.12;;;;;
2024;servico-social;Faculdade Lusitana de Pernambuco;PE;251;Privada;;;251-300;6.06;;;251-300;0.37;;;178;3.26;;;201-250;2.43;;;;;
2024;servico-social;Faculdade do Centro Maranhense;MA;251;Privada;;;251-300;5.5;;;161;3.76;;;201-250;1.71;;;251-300;0.03;;;;;
2024;servico-social;Centro Universitário U:verse;AC;251;Privada;;;251-300;4.44;;;201-250;2.38;;;201-250;1.61;;;251-300;0.45;;;;;
2024;servico-social;Faculdade de Ciências e Letras de Bragança Paulista;SP;251;Municipal;;;201-250;8.14;;;33;7.15;;;251-300;0.08;;;251-300;0.91;;;;;
2024;servico-social;Conservatório Brasileiro de Música;RJ;251;Privada;;;201-250;7.8;;;201-250;2.09;;;201-250;1.95;;;160;3.76;;;;;
2024;servico-social;Centro Universitário do Vale do Ribeira;SP;251;Privada;;;201-250;7.45;;;251-300;0.93;;;201-250;2.41;;;147;4.11;;;;;
2024;servico-social;Faculdades Integradas Simonsen;RJ;251;Privada;;;201-250;8.39;;;201-250;2.12;;;201-250;2.03;;;142;4.24;;;;;
2024;servico-social;Centro Universitário Unihorizontes;MG;251;Privada;;;201-250;7.6;;;134;4.48;;;251-300;0.4;;;199;2.72;;;;;
2024;servico-social;Faculdade Cristã da Amazônia;AP;251;Privada;;;251-300;7.02;;;201-250;2.38;;;201-250;1.79;;;194;2.85;;;;;
2024;servico-social;Faculdades Ipede PI;PI;251;Privada;;;251-300;2.1;;;251-300;1.19;;;251-300;0.91;;;;;;;;;
2024;servico-social;Faculdade Maranhense São José Dos Cocais;MA;251;Privada;;;251-300;5.45;;;251-300;0.56;;;189;2.97;;;201-250;1.92;;;;;
2024;servico-social;Centro Universitário de Salvador;BA;251;Privada;;;251-300;5.83;;;191;2.97;;;201-250;2.11;;;251-300;0.75;;;;;
2024;servico-social;Faculdade Ibiapaba;CE;251;Privada;;;251-300;2.13;;;201-250;1.91;;;251-300;0.03;;;251-300;0.19;;;;;
2024;servico-social;Faculdade do Recife;PE;251;Privada;;;251-300;2.8;;;251-300;0.37;;;251-300;0.54;;;201-250;1.89;;;;;
2024;servico-social;Faculdade Regional de Minas Gerais;MG;251;Privada;;;251-300;3.23;;;201-250;1.78;;;251-300;1.02;;;251-300;0.43;;;;;
2024;servico-social;Faculdade Metodista Conexional;MT;251;Privada;;;251-300;6.92;;;175;3.39;;;183;3.13;;;251-300;0.4;;;;;
2024;servico-social;Centro Universitário da Fundação Educacional de Barretos;SP;251;Privada;;;201-250;8.71;;;90;5.64;;;251-300;0.54;;;201-250;2.53;;;;;
2024;servico-social;Escola Superior Batista do Amazonas;AM;251;Privada;;;201-250;7.56;;;177;3.34;;;195;2.81;;;201-250;1.41;;;;;
2024;servico-social;Centro Universitário de Araras;SP;251;Privada;;;251-300;6.78;;;251-300;0.93;;;152;3.96;;;201-250;1.89;;;;;
2024;servico-social;Faculdade do Sertão do Araripe;PE;301;Privada;;;301-350;0.37;;;251-300;0.37;;;;;;;;;;;;;
2024;servico-social;Faculdade Uniftb;SE;301;Privada;;;301-350;0.53;;;251-300;0.37;;;;;;;251-300;0.16;;;;;
2025;servico-social;Universidade Federal do Rio de Janeiro;RJ;1;Federal;1;30;1;66.35;;;17;7.53;;;1;8;;;28;7.2;1;40;1;88;3.62
2025;servico-social;Universidade de Brasília;DF;2;Federal;11;28.03;2;64.91;;;6;7.85;;;1;8;;;18;7.5;3;37.42;2;69;4.14
2025;servico-social;Universidade Estadual Paulista Júlio de Mesquita Filho;SP;3;Estadual;1;30;4;62.65;;;34;7.04;;;1;8;;;1;8;5;34.84;3;46;4.77
2025;servico-social;Pontifícia Universidade Católica de São Paulo;SP;4;Privada;11;28.03;3;63.31;;;28;7.21;;;1;8;;;69;5.99;1;40;1;143;2.11
2025;servico-social;Universidade Federal de Pernambuco;PE;5;Federal;5;29.21;6;62;;;11;7.71;;;1;8;;;36;6.96;5;34.84;4;56;4.49
2025;servico-social;Universidade Federal do Rio Grande do Sul;RS;6;Federal;11;28.03;5;62.38;;;2;7.97;;;1;8;;;9;7.76;5;34.84;5;81;3.81
2025;servico-social;Universidade Federal Fluminense;RJ;7;Federal;5;29.21;9;59.34;;;29;7.18;;;1;8;;;33;7.05;5;34.84;6;137;2.27
2025;servico-social;Universidade do Estado do Rio de Janeiro;RJ;8;Estadual;5;29.21;10;59.22;;;27;7.24;;;151;3.54;;;34;7.02;3;37.42;7;74;4
2025;servico-social;Universidade Federal do Paraná;PR;9;Federal;11;28.03;8;60.12;;;66;6.1;;;1;8;;;26;7.26;5;34.84;8;77;3.92
2025;servico-social;Universidade Federal de Uberlândia;MG;10;Federal;11;28.03;11;58.77;;;133;4.15;;;1;8;;;15;7.59;5;34.84;9;67;4.19
2025;servico-social;Universidade Estadual de Londrina;PR;11;Estadual;11;28.03;12;58.14;;;165;3.21;;;1;8;;;23;7.35;5;34.84;10;47;4.74
2025;servico-social;Pontifícia Universidade Católica do Rio Grande do Sul;RS;12;Privada;11;28.03;13;57.04;;;43;6.77;;;150;3.57;;;11;7.7;5;34.84;2;68;4.16
2025;servico-social;Universidade Federal da Paraíba;PB;13;Federal;11;28.03;15;49.74;;;23;7.36;;;1;8;;;10;7.73;16;20.65;11;1;6
2025;servico-social;Universidade Federal de Santa Catarina;SC;14;Federal;11;28.03;18;48.69;;;16;7.56;;;1;8;;;6;7.85;16;20.65;12;51;4.63
2025;servico-social;Universidade Federal da Bahia;BA;15;Federal;1;30;23;45.81;;;10;7.74;;;1;8;;;54;6.43;16;20.65;13;111;2.99
2025;servico-social;Pontifícia Universidade Católica do Rio de Janeiro;RJ;16;Privada;38;22.7;14;52.74;;;65;6.13;;;251-300;0.48;;;14;7.62;5;34.84;3;86;3.67
2025;servico-social;Universidade Federal de São Paulo;SP;17;Federal;82;14.01;7;60.85;;;8;7.8;;;1;8;;;4;7.91;5;34.84;14;136;2.3
2025;servico-social;Universidade Federal de Alagoas;AL;18;Federal;11;28.03;21;46.6;;;63;6.19;;;1;8;;;22;7.38;16;20.65;15;60;4.38
2025;servico-social;Universidade do Vale do Rio dos Sinos;RS;19;Privada;11;28.03;25;44.81;;;1;8;;;125;4.31;;;20;7.44;16;20.65;4;59;4.41
2025;servico-social;Universidade Estadual de Maringá;PR;20;Estadual;38;22.7;19;47.59;;;33;7.07;;;1;8;;;73;5.87;16;20.65;16;1;6
2025;servico-social;Universidade Federal do Espírito Santo;ES;21;Federal;38;22.7;20;47.06;;;18;7.5;;;1;8;;;48;6.61;16;20.65;17;63;4.3
2025;servico-social;Pontifícia Universidade Católica do Paraná;PR;22;Privada;11;28.03;27;41.55;;;20;7.45;;;154;3.45;;;60;6.25;16;20.65;5;83;3.75
2025;servico-social;Universidade Federal do Rio Grande do Norte;RN;23;Federal;38;22.7;22;46.48;;;4;7.91;;;1;8;;;59;6.28;16;20.65;18;87;3.64
2025;servico-social;Universidade Federal do Triângulo Mineiro;MG;24;Federal;38;22.7;24;45.4;;;36;6.98;;;1;8;;;7;7.82;16;20.65;19;149;1.95
2025;servico-social;Centro Universitário Assunção;SP;25;Privada;82;14.01;16;49.51;;;84;5.58;;;201-250;1.31;;;103;4.98;5;34.84;6;118;2.8
2025;servico-social;Universidade Estadual de Ponta Grossa;PR;26;Estadual;82;14.01;17;48.85;;;25;7.3;;;1;8;;;38;6.9;16;20.65;20;1;6
2025;servico-social;Universidade de Santa Cruz do Sul;RS;27;Privada;38;22.7;28;38.75;;;119;4.56;;;132;4.1;;;31;7.11;16;20.65;7;135;2.33
2025;servico-social;Universidade de Caxias do Sul;RS;28;Privada;38;22.7;29;37.57;;;53;6.48;;;201-250;1.52;;;80;5.66;16;20.65;8;101;3.26
2025;servico-social;Universidade Nove de Julho;SP;29;Privada;38;22.7;31;35;;;199;2.22;;;164;3.15;;;137;3.97;16;20.65;9;37;5.01
2025;servico-social;Universidade Federal do Maranhão;MA;30;Federal;11;28.03;34;27.16;;;14;7.62;;;1;8;;;25;7.29;;;21;65;4.25
2025;servico-social;Universidade Federal do Pará;PA;31;Federal;11;28.03;36;26.62;;;59;6.31;;;1;8;;;21;7.41;;;22;41;4.9
2025;servico-social;Universidade Federal de Juiz de Fora;MG;32;Federal;11;28.03;37;26.51;;;3;7.94;;;1;8;;;30;7.14;;;23;95;3.43
2025;servico-social;Universidade Estadual do Ceará;CE;33;Estadual;11;28.03;38;26.4;;;37;6.95;;;1;8;;;87;5.45;;;24;1;6
2025;servico-social;Universidade Federal de Sergipe;SE;34;Federal;11;28.03;42;25.24;;;19;7.47;;;1;8;;;44;6.73;;;25;109;3.04
2025;servico-social;Universidade Federal de Santa Maria;RS;35;Federal;38;22.7;32;28.14;;;21;7.42;;;1;8;;;8;7.79;;;26;40;4.93
2025;servico-social;Universidade de Vassouras;RJ;36;Privada;82;14.01;30;36.81;;;174;2.95;;;136;3.99;;;130;4.18;16;20.65;10;36;5.04
2025;servico-social;Universidade Federal do Amazonas;AM;37;Federal;11;28.03;54;22.66;;;80;5.69;;;1;8;;;122;4.42;;;27;54;4.55
2025;servico-social;Universidade Estadual da Paraíba;PB;38;Estadual;11;28.03;59;21.92;;;58;6.34;;;1;8;;;140;3.88;;;28;85;3.7
2025;servico-social;Universidade Estadual do Oeste do Paraná;PR;39;Estadual;38;22.7;35;27.11;;;26;7.27;;;1;8;;;74;5.84;;;29;1;6
2025;servico-social;Universidade Federal de Goiás;GO;40;Federal;11;28.03;61;21.29;;;76;5.81;;;1;8;;;75;5.81;;;30;159;1.67
2025;servico-social;Universidade Federal de Viçosa;MG;41;Federal;38;22.7;39;26.11;;;12;7.68;;;1;8;;;53;6.46;;;31;75;3.97
2025;servico-social;Universidade Federal de Mato Grosso;MT;42;Federal;38;22.7;40;25.89;;;49;6.6;;;1;8;;;41;6.82;;;32;57;4.47
2025;servico-social;Universidade Federal do Estado do Rio de Janeiro;RJ;43;Federal;38;22.7;41;25.53;;;13;7.65;;;1;8;;;19;7.47;;;33;132;2.41
2025;servico-social;Pontifícia Universidade Católica de Minas Gerais;MG;44;Privada;5;29.21;82;18.53;;;67;6.07;;;192;2.32;;;50;6.55;;;11;89;3.59
2025;servico-social;Universidade Federal do Piauí;PI;45;Federal;38;22.7;49;23.53;;;31;7.12;;;1;8;;;100;5.07;;;34;98;3.34
2025;servico-social;Universidade de Pernambuco;PE;46;Estadual;38;22.7;50;23.29;;;71;5.96;;;1;8;;;45;6.7;;;35;124;2.63
2025;servico-social;Universidade do Estado do Rio Grande do Norte;RN;47;Estadual;38;22.7;57;22.29;;;73;5.9;;;1;8;;;94;5.24;;;36;105;3.15
2025;servico-social;Pontifícia Universidade Católica de Goiás;GO;48;Privada;5;29.21;131;15.33;;;97;5.2;;;199;2.11;;;102;5.01;;;12;110;3.01
2025;servico-social;Fundação Universidade Federal do Pampa;RS;49;Federal;;;26;44.26;;;42;6.8;;;1;8;;;40;6.84;16;20.65;37;148;1.97
2025;servico-social;Universidade Estácio de Sá;RJ;50;Privada;5;29.21;136;14.67;;;100;5.11;;;201-250;1.25;;;108;4.83;;;13;93;3.48
2025;servico-social;Centro Universitário Ceuni;AM;51;Privada;11;28.03;124;15.6;;;151;3.62;;;147;3.66;;;163;3.2;;;14;33;5.12
2025;servico-social;Pontifícia Universidade Católica de Campinas;SP;52;Privada;38;22.7;66;20.57;;;32;7.1;;;201-250;0.83;;;47;6.64;;;15;1;6
2025;servico-social;Universidade Federal de Campina Grande;PB;53;Federal;38;22.7;67;20.2;;;85;5.55;;;1;8;;;104;4.95;;;38;158;1.7
2025;servico-social;Universidade de Ribeirão Preto;SP;54;Privada;38;22.7;71;19.9;;;22;7.39;;;173;2.89;;;51;6.52;;;16;107;3.1
2025;servico-social;Universidade do Estado de Minas Gerais;MG;55;Estadual;38;22.7;73;19.69;;;87;5.49;;;1;8;;;159;3.32;;;39;115;2.88
2025;servico-social;Universidade Tiradentes;SE;56;Privada;11;28.03;139;14.31;;;251-300;0.35;;;1;8;;;70;5.96;;;17;;
2025;servico-social;Centro Universitário Jorge Amado;BA;57;Privada;11;28.03;159;13.11;;;181;2.75;;;162;3.21;;;61;6.22;;;18;186;0.93
2025;servico-social;Universidade Católica de Pernambuco;PE;57;Privada;11;28.03;159;13.11;;;89;5.43;;;201-250;1.01;;;82;5.6;;;18;181;1.07
2025;servico-social;Centro Universitário do Norte;AM;59;Privada;38;22.7;88;17.85;;;30;7.15;;;190;2.38;;;164;3.17;;;20;32;5.15
2025;servico-social;Centro Universitário Anhanguera de São Paulo;SP;60;Privada;11;28.03;171;12.47;;;201-250;0.88;;;129;4.19;;;24;7.32;;;21;201-250;0.08
2025;servico-social;Centro Universitário de João Pessoa;PB;61;Privada;11;28.03;174;12.4;;;90;5.4;;;155;3.42;;;201-250;1.22;;;22;134;2.36
2025;servico-social;Faculdade de Petrolina;PE;62;Municipal;38;22.7;90;17.7;;;97;5.2;;;1;8;;;201-250;1.1;;;40;96;3.4
2025;servico-social;Universidade Paulista;SP;63;Privada;1;30;201-250;10.06;;;109;4.85;;;201-250;1.9;;;173;2.9;;;23;201-250;0.41
2025;servico-social;Universidade Luterana do Brasil;RS;64;Privada;38;22.7;105;16.91;;;113;4.73;;;127;4.25;;;55;6.4;;;24;164;1.53
2025;servico-social;Centro Universitário de Várzea Grande;MT;65;Privada;38;22.7;107;16.64;;;116;4.64;;;119;4.49;;;76;5.78;;;25;157;1.73
2025;servico-social;Universidade da Amazônia;PA;66;Privada;11;28.03;195;11.23;;;152;3.59;;;185;2.53;;;154;3.47;;;26;160;1.64
2025;servico-social;Universidade Estadual do Centro Oeste;PR;67;Estadual;82;14.01;46;24.4;;;49;6.6;;;1;8;;;68;6.02;;;41;82;3.78
2025;servico-social;Universidade Federal de Ouro Preto;MG;68;Federal;82;14.01;47;24.32;;;52;6.51;;;1;8;;;27;7.23;;;42;126;2.58
2025;servico-social;Universidade de Cuiabá;MT;69;Privada;38;22.7;123;15.62;;;166;3.18;;;117;4.55;;;12;7.67;;;27;201-250;0.22
2025;servico-social;Faculdade de Ciências Humanas Esuda;PE;70;Privada;82;14.01;48;24.09;;;102;5.05;;;1;8;;;101;5.04;;;28;1;6
2025;servico-social;Centro Universitário Doutor Leão Sampaio;CE;71;Privada;38;22.7;129;15.37;;;81;5.66;;;128;4.22;;;123;4.39;;;29;180;1.1
2025;servico-social;Centro Universitário Internacional;PR;72;Privada;38;22.7;132;15.25;;;46;6.69;;;145;3.72;;;141;3.85;;;30;184;0.99
2025;servico-social;Universidade de Passo Fundo;RS;73;Privada;38;22.7;133;15.24;;;4;7.91;;;201-250;1.7;;;81;5.63;;;31;;
2025;servico-social;Universidade Regional de Blumenau;SC;74;Municipal;38;22.7;135;14.9;;;92;5.34;;;201-250;1.84;;;79;5.69;;;43;146;2.03
2025;servico-social;Universidade Católica do Salvador;BA;75;Privada;38;22.7;137;14.57;;;121;4.5;;;177;2.77;;;116;4.59;;;32;121;2.71
2025;servico-social;Universidade Estadual de Montes Claros;MG;76;Estadual;82;14.01;51;23.2;;;39;6.89;;;1;8;;;120;4.47;;;44;80;3.84
2025;servico-social;Centro Universitário de Volta Redonda;RJ;77;Privada;82;14.01;52;23.15;;;75;5.84;;;1;8;;;65;6.1;;;33;103;3.21
2025;servico-social;Fundação Universidade Federal do Tocantins;TO;78;Federal;82;14.01;53;22.86;;;115;4.67;;;1;8;;;39;6.87;;;45;99;3.32
2025;servico-social;Universidade Federal dos Vales do Jequitinhonha e Mucuri;MG;79;Federal;82;14.01;55;22.6;;;103;5.02;;;1;8;;;78;5.72;;;46;79;3.86
2025;servico-social;Centro Universitário Una;MG;80;Privada;38;22.7;158;13.13;;;118;4.58;;;179;2.71;;;119;4.5;;;34;171;1.34
2025;servico-social;Universidade Católica de Brasília;DF;81;Privada;38;22.7;161;13.04;;;201-250;1.46;;;196;2.2;;;157;3.38;;;35;1;6
2025;servico-social;Centro Universitário Braz Cubas;SP;82;Privada;38;22.7;163;12.89;;;106;4.93;;;201-250;1.37;;;201-250;2.07;;;36;55;4.52
2025;servico-social;União das Faculdades dos Grandes Lagos;SP;83;Privada;38;22.7;165;12.81;;;176;2.89;;;120;4.46;;;167;3.08;;;37;133;2.38
2025;servico-social;Universidade Ceuma;MA;84;Privada;38;22.7;169;12.61;;;108;4.88;;;136;3.99;;;180;2.7;;;38;182;1.04
2025;servico-social;Centro Universitário das Faculdades Metropolitanas Unidas;SP;85;Privada;38;22.7;182;12.05;;;105;4.96;;;201-250;1.28;;;109;4.8;;;39;183;1.01
2025;servico-social;Faculdade de Ciências e Saúde Edufor;MA;86;Privada;82;14.01;65;20.71;;;83;5.61;;;1;8;;;169;3.02;;;40;71;4.08
2025;servico-social;Centro Universitário Maurício de Nassau;PE;87;Privada;38;22.7;190;11.65;;;125;4.38;;;191;2.35;;;155;3.44;;;41;166;1.48
2025;servico-social;Universidade do Planalto Catarinense;SC;87;Privada;38;22.7;190;11.65;;;64;6.16;;;201-250;1.4;;;193;2.31;;;41;155;1.78
2025;servico-social;Universidade do Sul de Santa Catarina;SC;89;Privada;38;22.7;194;11.28;;;86;5.52;;;201-250;1.87;;;161;3.26;;;43;197;0.63
2025;servico-social;Faculdade Zacarias de Góes;BA;90;Privada;82;14.01;74;19.68;;;177;2.86;;;1;8;;;176;2.82;;;44;1;6
2025;servico-social;Universidade de Franca;SP;91;Privada;38;22.7;201-250;10.72;;;127;4.32;;;201-250;0.95;;;112;4.71;;;45;193;0.74
2025;servico-social;Centro Universitário Brasileiro;PE;92;Privada;82;14.01;76;19.38;;;117;4.61;;;160;3.27;;;29;7.17;;;46;62;4.33
2025;servico-social;Universidade Estadual do Paraná;PR;93;Estadual;82;14.01;80;18.72;;;44;6.75;;;122;4.4;;;98;5.13;;;47;131;2.44
2025;servico-social;Centro Universitário do Rio Grande do Norte;RN;94;Privada;82;14.01;82;18.53;;;158;3.42;;;1;8;;;31;7.11;;;47;;
2025;servico-social;Centro Universitário Fametro;CE;95;Privada;82;14.01;84;18.42;;;140;3.94;;;134;4.05;;;63;6.16;;;48;64;4.27
2025;servico-social;Centro Universitário Inta;CE;96;Privada;82;14.01;85;18.35;;;201-250;1.96;;;1;8;;;135;4.03;;;49;61;4.36
2025;servico-social;Universidade Cruzeiro do Sul;SP;97;Privada;38;22.7;201-250;9.64;;;195;2.34;;;201-250;1.78;;;115;4.62;;;50;187;0.9
2025;servico-social;Universidade Potiguar;RN;98;Privada;38;22.7;201-250;9.29;;;157;3.45;;;198;2.14;;;170;2.99;;;51;194;0.71
2025;servico-social;Universidade Salvador;BA;99;Privada;38;22.7;201-250;8.96;;;180;2.77;;;201-250;1.43;;;201-250;2.02;;;52;120;2.74
2025;servico-social;Universidade Estadual do Tocantins;TO;100;Estadual;82;14.01;91;17.61;;;76;5.81;;;1;8;;;166;3.11;;;48;195;0.69
2025;servico-social;Centro Universitário Fibra;PA;101;Privada;82;14.01;93;17.55;;;139;3.97;;;120;4.46;;;138;3.94;;;53;31;5.18
2025;servico-social;Centro Universitário Redentor;RJ;102;Privada;82;14.01;99;17.36;;;150;3.65;;;1;8;;;131;4.15;;;54;163;1.56
2025;servico-social;Faculdades Integradas de Três Lagoas;MS;103;Privada;82;14.01;100;17.34;;;201-250;1.46;;;123;4.37;;;85;5.51;;;55;1;6
2025;servico-social;Centro Universitário Ateneu;CE;104;Privada;82;14.01;109;16.6;;;60;6.28;;;195;2.23;;;93;5.27;;;56;117;2.82
2025;servico-social;Faculdade Unirb - Aracaju;SE;105;Privada;82;14.01;112;16.35;;;251-300;0.35;;;1;8;;;121;4.44;;;57;90;3.56
2025;servico-social;Escola Superior de Ciências da Santa Casa de Misericórdia de Vitória;ES;106;Privada;82;14.01;116;16.12;;;38;6.92;;;144;3.75;;;177;2.79;;;58;123;2.66
2025;servico-social;Centro Universitário Dom Pedro II;BA;107;Privada;82;14.01;117;16.03;;;181;2.75;;;1;8;;;201-250;1.33;;;59;76;3.95
2025;servico-social;Universidade Nilton Lins;AM;108;Privada;38;22.7;201-250;7.27;;;138;4;;;251-300;0.36;;;251-300;0.44;;;60;130;2.47
2025;servico-social;Centro Universitário de Bauru;SP;109;Privada;82;14.01;118;15.92;;;48;6.63;;;251-300;0.33;;;171;2.96;;;61;1;6
2025;servico-social;Centro Universitário Aparício Carvalho;RO;110;Privada;82;14.01;126;15.52;;;200;2.19;;;1;8;;;91;5.33;;;62;;
2025;servico-social;Centro Universitário Sudoeste Paulista;SP;111;Privada;82;14.01;134;14.92;;;62;6.22;;;201-250;2.05;;;201-250;1.96;;;63;49;4.69
2025;servico-social;Faculdade Terra Nordeste;CE;112;Privada;82;14.01;142;14.14;;;112;4.76;;;139;3.9;;;186;2.52;;;64;112;2.96
2025;servico-social;Universidade Cidade de São Paulo;SP;113;Privada;82;14.01;144;14.04;;;122;4.47;;;166;3.09;;;92;5.3;;;65;177;1.18
2025;servico-social;Centro Universitário Santa Cecília;SP;114;Privada;82;14.01;145;13.98;;;201-250;0.88;;;1;8;;;99;5.1;;;66;;
2025;servico-social;Centro Universitário de Ciências e Tecnologia do Maranhão;MA;115;Privada;82;14.01;148;13.66;;;251-300;0.56;;;1;8;;;126;4.3;;;67;191;0.8
2025;servico-social;Universidade Federal Rural do Rio de Janeiro;RJ;116;Federal;;;33;27.51;;;15;7.59;;;1;8;;;37;6.93;;;49;38;4.99
2025;servico-social;Universidade Universus Veritas Guarulhos;SP;117;Privada;82;14.01;152;13.41;;;173;2.98;;;189;2.41;;;139;3.91;;;68;70;4.11
2025;servico-social;Centro Universitário de Ciências e Empreendedorismo;BA;118;Privada;82;14.01;162;12.94;;;96;5.23;;;133;4.07;;;148;3.64;;;69;;
2025;servico-social;Centro Universitário Estácio de São Paulo;SP;119;Privada;82;14.01;166;12.72;;;135;4.09;;;201-250;1.04;;;126;4.3;;;70;100;3.29
2025;servico-social;Centro Universitário Estácio de Belo Horizonte;MG;120;Privada;82;14.01;168;12.63;;;201-250;1.58;;;201-250;1.46;;;17;7.53;;;71;145;2.06
2025;servico-social;Centro Universitário Luterano de Santarém;PA;121;Privada;82;14.01;170;12.59;;;99;5.14;;;165;3.12;;;125;4.33;;;72;;
2025;servico-social;Centro Universitário Fadergs;RS;122;Privada;82;14.01;172;12.46;;;55;6.42;;;201-250;0.71;;;175;2.84;;;73;129;2.49
2025;servico-social;Centro Universitário Estácio da Bahia;BA;123;Privada;82;14.01;173;12.41;;;181;2.75;;;251-300;0.15;;;1;8;;;74;165;1.51
2025;servico-social;Centro Universitário Anhanguera Pitágoras Unopar de Niterói;RJ;124;Privada;82;14.01;175;12.33;;;201-250;1.81;;;149;3.6;;;46;6.67;;;75;201-250;0.25
2025;servico-social;Centro Universitário Maurício de Nassau de Aracaju;SE;125;Privada;82;14.01;179;12.17;;;251-300;0.35;;;1;8;;;142;3.82;;;76;;
2025;servico-social;Centro Universitário Maurício de Nassau de Fortaleza;CE;126;Privada;82;14.01;185;11.89;;;149;3.68;;;175;2.83;;;133;4.09;;;77;173;1.29
2025;servico-social;Centro Universitário Estácio de São Luís;MA;127;Privada;82;14.01;187;11.76;;;147;3.74;;;188;2.44;;;199;2.13;;;78;94;3.45
2025;servico-social;Universidade Federal da Integração Latino-americana;PR;128;Federal;;;43;25.21;;;54;6.45;;;1;8;;;13;7.64;;;50;106;3.12
2025;servico-social;Centro Universitário Augusto Motta;RJ;129;Privada;82;14.01;197;11.16;;;201-250;1.31;;;159;3.3;;;201-250;1.45;;;79;34;5.1
2025;servico-social;Universidade Santo Amaro;SP;130;Privada;82;14.01;198;11.14;;;201-250;0.88;;;126;4.28;;;134;4.06;;;80;150;1.92
2025;servico-social;Faculdade Anhanguera do Maranhão;MA;130;Privada;82;14.01;199;11.14;;;201-250;1.17;;;143;3.78;;;77;5.75;;;80;201-250;0.44
2025;servico-social;Universidade de Taubaté;SP;132;Municipal;82;14.01;200;11.11;;;201-250;0.88;;;130;4.16;;;66;6.07;;;51;;
2025;servico-social;Faculdade Estácio do Pará;PA;133;Privada;82;14.01;201-250;11.02;;;200;2.19;;;201-250;0.86;;;64;6.13;;;82;153;1.84
2025;servico-social;Centro Universitário Maurício de Nassau de João Pessoa;PB;134;Privada;82;14.01;201-250;10.88;;;175;2.92;;;176;2.8;;;144;3.76;;;83;169;1.4
2025;servico-social;Centro Universitário da Fundação Educacional de Barretos;SP;135;Privada;82;14.01;201-250;10.81;;;88;5.46;;;251-300;0.39;;;136;4;;;84;185;0.96
2025;servico-social;Universidade Veiga de Almeida;RJ;136;Privada;82;14.01;201-250;10.78;;;201-250;1.31;;;173;2.89;;;49;6.58;;;85;;
2025;servico-social;Centro Universitário do Instituto de Educação Superior de Brasília;DF;137;Privada;82;14.01;201-250;10.5;;;179;2.8;;;184;2.56;;;201-250;2.07;;;86;108;3.07
2025;servico-social;Centro Universitário Nossa Senhora do Patrocínio;SP;138;Privada;82;14.01;201-250;10.45;;;113;4.73;;;201-250;1.37;;;152;3.53;;;87;190;0.82
2025;servico-social;Instituto de Ensino Superior Franciscano;MA;139;Privada;;;44;24.4;;;137;4.03;;;1;8;;;56;6.37;;;88;1;6
2025;servico-social;Faculdade Unida de Campinas Goiânia;GO;139;Privada;;;44;24.4;;;61;6.25;;;1;8;;;96;5.19;;;88;39;4.96
2025;servico-social;Centro Universitário Ages;BA;141;Privada;82;14.01;201-250;10.19;;;126;4.35;;;180;2.68;;;182;2.64;;;90;201-250;0.52
2025;servico-social;Faculdade de Sobral;CE;142;Privada;82;14.01;201-250;10.17;;;201-250;1.78;;;1;8;;;251-300;0.39;;;91;;
2025;servico-social;Centro Universitário Estácio do Recife;PE;143;Privada;82;14.01;201-250;10.16;;;251-300;0.35;;;;;;;1;8;;;92;154;1.81
2025;servico-social;Centro Universitário Maurício de Nassau de Natal;RN;144;Privada;82;14.01;201-250;10.01;;;134;4.12;;;200;2.08;;;187;2.49;;;93;172;1.32
2025;servico-social;Centro Universitário Salesiano;ES;145;Privada;82;14.01;201-250;9.4;;;124;4.41;;;201-250;1.99;;;201-250;0.86;;;94;142;2.14
2025;servico-social;Universidade da Integração Internacional da Lusofonia Afro-brasileira;CE;146;Federal;;;56;22.42;;;40;6.86;;;1;8;;;16;7.56;;;52;;
2025;servico-social;Universidade do Distrito Federal;DF;147;Estadual;;;58;22.22;;;6;7.85;;;1;8;;;56;6.37;;;53;;
2025;servico-social;Centro Universitário Metropolitano da Amazônia;PA;148;Privada;82;14.01;201-250;8.07;;;200;2.19;;;178;2.74;;;165;3.14;;;95;;
2025;servico-social;Centro Universitário Maurício de Nassau de São Luís;MA;149;Privada;82;14.01;201-250;8.05;;;251-300;0.56;;;134;4.05;;;155;3.44;;;96;;
2025;servico-social;Escola Superior Batista do Amazonas;AM;150;Privada;82;14.01;201-250;8.02;;;168;3.12;;;161;3.24;;;201-250;1.36;;;97;201-250;0.3
2025;servico-social;Universidade Federal do Recôncavo da Bahia;BA;151;Federal;;;60;21.72;;;69;6.02;;;1;8;;;86;5.48;;;54;139;2.22
2025;servico-social;Faculdades FAMEP Unidade Imperatriz - MA;MA;152;Privada;82;14.01;201-250;7.48;;;251-300;0.56;;;201-250;0.8;;;251-300;0.12;;;98;1;6
2025;servico-social;Faculdade Anhanguera do Ceará;CE;153;Privada;82;14.01;201-250;7.15;;;201-250;1.78;;;201-250;1.61;;;146;3.7;;;99;201-250;0.06
2025;servico-social;Faculdade do Baixo Parnaíba;MA;154;Privada;;;62;21.09;;;104;4.99;;;1;8;;;200;2.1;;;100;1;6
2025;servico-social;Centro Universitário Facunicamps;GO;155;Privada;;;63;21;;;141;3.91;;;1;8;;;114;4.65;;;101;58;4.44
2025;servico-social;Centro Universitário da Amazônia - UNIESAMAZ;PA;156;Privada;;;64;20.96;;;200;2.19;;;1;8;;;110;4.77;;;102;1;6
2025;servico-social;Faculdade Estácio do Amazonas;AM;157;Privada;82;14.01;251-300;6.24;;;168;3.12;;;201-250;1.22;;;201-250;1.9;;;103;;
2025;servico-social;Faculdade Unirb - Arapiraca;AL;158;Privada;;;68;19.98;;;155;3.5;;;1;8;;;70;5.96;;;104;128;2.52
2025;servico-social;Centro Universitário Mario Pontes Jucá;AL;159;Privada;;;69;19.96;;;148;3.71;;;1;8;;;158;3.35;;;105;41;4.9
2025;servico-social;Faculdade 05 de Julho;CE;160;Privada;;;70;19.91;;;154;3.53;;;1;8;;;151;3.56;;;106;44;4.82
2025;servico-social;Centro Universitário Unirb - Alagoinhas;BA;161;Privada;;;72;19.89;;;9;7.77;;;1;8;;;132;4.12;;;107;;
2025;servico-social;Centro Universitário dos Guararapes;PE;162;Privada;82;14.01;251-300;5.68;;;251-300;0.35;;;201-250;1.16;;;160;3.29;;;108;188;0.88
2025;servico-social;Centro Universitário Itop;TO;163;Privada;;;75;19.57;;;94;5.29;;;1;8;;;168;3.05;;;109;102;3.23
2025;servico-social;Universidade Estadual de Roraima;RR;164;Estadual;;;77;19.1;;;78;5.75;;;201-250;1.99;;;90;5.36;;;55;1;6
2025;servico-social;Faculdade Cidade de Aparecida de Goiânia;GO;165;Privada;;;78;19.04;;;196;2.31;;;1;8;;;179;2.73;;;110;1;6
2025;servico-social;Faculdade Jardins;SE;166;Privada;;;79;18.88;;;251-300;0.35;;;1;8;;;118;4.53;;;111;1;6
2025;servico-social;Universidade Castelo Branco;RJ;167;Privada;82;14.01;251-300;4.84;;;201-250;1.31;;;168;3.03;;;251-300;0.5;;;112;;
2025;servico-social;Centro Universitário Facex;RN;168;Privada;82;14.01;251-300;4.76;;;158;3.42;;;251-300;0.27;;;201-250;1.07;;;113;;
2025;servico-social;Faculdade Anhanguera de Imperatriz;MA;169;Privada;82;14.01;251-300;4.58;;;251-300;0.56;;;201-250;1.61;;;195;2.25;;;114;201-250;0.16
2025;servico-social;Centro Universitário da Vitória de Santo Antão;PE;170;Privada;;;81;18.55;;;171;3.04;;;1;8;;;111;4.74;;;115;119;2.77
2025;servico-social;Faculdade Unirb - Mossoró;RN;171;Privada;;;86;18.18;;;158;3.42;;;1;8;;;43;6.76;;;116;;
2025;servico-social;Faculdade Regional do Jacuípe;BA;172;Privada;;;87;18.14;;;181;2.75;;;1;8;;;201-250;1.39;;;117;1;6
2025;servico-social;Faculdade União de Campo Mourão;PR;173;Privada;82;14.01;251-300;3.85;;;143;3.85;;;;;;;;;;;118;;
2025;servico-social;Instituto Federal de Educação, Ciência e Tecnologia do Ceará;CE;174;Federal;;;89;17.74;;;40;6.86;;;118;4.52;;;147;3.67;;;56;122;2.69
2025;servico-social;Faculdade Projeção do Guará;DF;175;Privada;;;91;17.61;;;201-250;1.46;;;1;8;;;5;7.88;;;119;201-250;0.27
2025;servico-social;Faculdade de Educação do Piauí;PI;176;Privada;;;94;17.54;;;201-250;1.14;;;1;8;;;190;2.4;;;120;1;6
2025;servico-social;Centro Universitário Estácio da Amazônia;RR;177;Privada;;;95;17.53;;;200;2.19;;;1;8;;;52;6.49;;;121;189;0.85
2025;servico-social;Faculdade de Ciências da Saúde de Unaí;MG;178;Privada;;;96;17.47;;;45;6.72;;;1;8;;;251-300;0.56;;;122;140;2.19
2025;servico-social;Universidade do Vale do Paraíba;SP;179;Privada;;;98;17.42;;;47;6.66;;;201-250;1.13;;;83;5.57;;;123;72;4.06
2025;servico-social;Faculdade Adelmar Rosado;PI;179;Privada;;;97;17.42;;;201-250;1.14;;;1;8;;;194;2.28;;;123;1;6
2025;servico-social;Instituto Macapaense de Ensino Superior;AP;181;Privada;82;14.01;251-300;3.21;;;200;2.19;;;201-250;0.63;;;251-300;0.39;;;125;;
2025;servico-social;Faculdade Anhanguera Unime de Salvador;BA;182;Privada;;;101;17.17;;;74;5.87;;;141;3.84;;;35;6.99;;;126;201-250;0.47
2025;servico-social;Centro Universitário Católico Ítalo Brasileiro;SP;183;Privada;;;102;17.1;;;201-250;0.88;;;1;8;;;61;6.22;;;127;147;2
2025;servico-social;Faculdades Famep Unidade Euclides da Cunha;BA;184;Privada;;;103;17.02;;;181;2.75;;;1;8;;;251-300;0.27;;;128;1;6
2025;servico-social;Instituto de Ensino Superior Múltiplo;MA;185;Privada;;;104;16.98;;;251-300;0.56;;;1;8;;;149;3.62;;;129;45;4.8
2025;servico-social;Faculdade de Ciências Humanas e Sociais de Serra Talhada;PE;186;Municipal;;;106;16.67;;;111;4.79;;;1;8;;;189;2.43;;;57;167;1.45
2025;servico-social;Faculdade Projeção de Sobradinho;DF;187;Privada;;;108;16.63;;;201-250;1.46;;;1;8;;;42;6.79;;;130;201-250;0.38
2025;servico-social;Faculdade de São Paulo;SP;188;Privada;;;110;16.41;;;201-250;0.88;;;1;8;;;172;2.93;;;131;52;4.6
2025;servico-social;Christus Faculdade do Piauí;PI;189;Privada;;;111;16.38;;;56;6.39;;;1;8;;;201-250;1.99;;;132;;
2025;servico-social;Faculdade Paulista de Serviço Social de São Caetano do Sul;SP;190;Privada;;;113;16.24;;;72;5.93;;;201-250;1.76;;;185;2.55;;;133;1;6
2025;servico-social;Centro Universitário de Tecnologia de Curitiba;PR;191;Privada;;;114;16.16;;;24;7.33;;;201-250;0.89;;;129;4.21;;;134;84;3.73
2025;servico-social;Faculdade de Ensino Superior de Floriano;PI;191;Privada;;;114;16.16;;;178;2.83;;;1;8;;;201-250;1.3;;;134;73;4.03
2025;servico-social;Faculdades Doctum de Caratinga;MG;193;Privada;;;119;15.77;;;101;5.08;;;1;8;;;201-250;1.57;;;136;179;1.12
2025;servico-social;Faculdade Uninta Fortaleza - Gestão e Negócios;CE;194;Privada;;;120;15.74;;;201-250;1.78;;;1;8;;;70;5.96;;;137;;
2025;servico-social;Faculdade Unirb - Feira de Santana;BA;195;Privada;;;121;15.7;;;181;2.75;;;1;8;;;104;4.95;;;138;;
2025;servico-social;Centro Universitário Celso Lisboa;RJ;196;Privada;;;122;15.68;;;201-250;1.31;;;1;8;;;56;6.37;;;139;;
2025;servico-social;Faculdade Primum;SP;197;Privada;;;125;15.55;;;51;6.54;;;201-250;1.22;;;67;6.04;;;140;156;1.75
2025;servico-social;Centro Universitário Unirb;BA;198;Privada;;;127;15.46;;;181;2.75;;;1;8;;;112;4.71;;;141;;
2025;servico-social;Faculdade de Educação Memorial Adelaide Franco;MA;199;Privada;;;128;15.44;;;201-250;0.91;;;1;8;;;251-300;0.53;;;142;1;6
2025;servico-social;Faculdade Brasileira de Ensino, Pesquisa e Extensão;PB;200;Privada;;;130;15.35;;;251-300;0.61;;;1;8;;;201-250;0.74;;;143;1;6
2025;servico-social;Centro Universitário Vale do Salgado;CE;201;Privada;;;157;13.16;;;146;3.77;;;140;3.87;;;107;4.86;;;157;196;0.66
2025;servico-social;Faculdade da Amazônia;PA;201;Privada;;;141;14.16;;;129;4.26;;;1;8;;;201-250;1.9;;;146;;
2025;servico-social;Centro Universitário Unime;BA;201;Privada;;;188;11.74;;;181;2.75;;;146;3.69;;;97;5.16;;;168;201-250;0.14
2025;servico-social;Faculdade Visconde de Cairú;BA;201;Privada;;;193;11.31;;;181;2.75;;;180;2.68;;;191;2.37;;;171;92;3.51
2025;servico-social;Faculdade de Tecnologia, Educação Superior e Profissional;PI;201;Privada;;;201-250;10.3;;;201-250;1.14;;;1;8;;;251-300;0.39;;;180;192;0.77
2025;servico-social;Instituto de Educação Superior Raimundo Sá;PI;201;Privada;;;146;13.95;;;131;4.2;;;183;2.59;;;201-250;1.16;;;148;1;6
2025;servico-social;Conservatório Brasileiro de Música;RJ;201;Privada;;;201-250;9.21;;;201-250;1.9;;;201-250;1.64;;;150;3.59;;;188;144;2.08
2025;servico-social;Faculdade Presidente Antônio Carlos de Uberlândia;MG;201;Privada;;;201-250;10.65;;;68;6.04;;;201-250;0.98;;;251-300;0.42;;;177;103;3.21
2025;servico-social;Faculdade da Amazônia;RO;201;Privada;;;181;12.09;;;200;2.19;;;142;3.81;;;251-300;0.09;;;164;1;6
2025;servico-social;Centro Universitário do Vale do Ribeira;SP;201;Privada;;;201-250;9.33;;;201-250;0.88;;;168;3.03;;;88;5.42;;;186;;
2025;servico-social;Faculdade do Centro Maranhense;MA;201;Privada;;;201-250;9.17;;;153;3.56;;;201-250;0.92;;;251-300;0.03;;;189;50;4.66
2025;servico-social;Faculdade Noroeste;GO;201;Privada;;;143;14.04;;;196;2.31;;;1;8;;;145;3.73;;;147;;
2025;servico-social;Faculdade Gran Tietê;SP;201;Privada;;;154;13.22;;;57;6.37;;;136;3.99;;;201-250;1.24;;;154;161;1.62
2025;servico-social;Centro Universitário Maurício de Nassau Teresina Sul;PI;201;Privada;;;201-250;9.61;;;79;5.72;;;201-250;1.99;;;201-250;1.9;;;183;;
2025;servico-social;Centro Universitário Tiradentes de Pernambuco;PE;201;Privada;;;147;13.76;;;142;3.88;;;186;2.5;;;95;5.22;;;149;141;2.16
2025;servico-social;Faculdade do Maranhão;MA;201;Privada;;;164;12.83;;;129;4.26;;;172;2.91;;;251-300;0.59;;;158;35;5.07
2025;servico-social;Faculdade Hélio Rocha;BA;201;Privada;;;189;11.73;;;181;2.75;;;1;8;;;201-250;0.98;;;169;;
2025;servico-social;Faculdade Rodolfo Teófilo;CE;201;Privada;;;155;13.2;;;70;5.99;;;201-250;1.73;;;184;2.58;;;155;114;2.9
2025;servico-social;Faculdade Metodista Conexional;MT;201;Privada;;;177;12.3;;;166;3.18;;;187;2.47;;;201-250;0.65;;;161;1;6
2025;servico-social;Faculdade Santa Helena;PE;201;Privada;;;201-250;9.48;;;251-300;0.35;;;1;8;;;201-250;1.13;;;184;;
2025;servico-social;Gran Centro Universitário;PR;201;Privada;;;149;13.61;;;110;4.82;;;251-300;0.45;;;192;2.34;;;150;1;6
2025;servico-social;Faculdade Unirb - Parnaíba;PI;201;Privada;;;153;13.38;;;201-250;1.14;;;1;8;;;128;4.24;;;153;;
2025;servico-social;Faculdade Madre Thais;BA;201;Privada;;;201-250;10.94;;;136;4.06;;;162;3.21;;;201-250;1.07;;;174;125;2.6
2025;servico-social;Faculdade Raimundo Marinho;AL;201;Privada;;;201-250;8.63;;;155;3.5;;;201-250;2.02;;;201-250;1.9;;;191;176;1.21
2025;servico-social;Faculdades Integradas de Botucatu;SP;201;Privada;;;201-250;9.27;;;171;3.04;;;251-300;0.51;;;201-250;1.01;;;187;48;4.71
2025;servico-social;Centro Universitário de Lins;SP;201;Privada;;;201-250;9.47;;;201-250;1.34;;;167;3.06;;;196;2.22;;;185;116;2.85
2025;servico-social;Faculdade de Fortaleza;CE;201;Privada;;;186;11.79;;;201-250;1.78;;;1;8;;;201-250;1.9;;;167;201-250;0.11
2025;servico-social;Faculdade Unirb - Piauí;PI;201;Privada;;;150;13.5;;;201-250;1.14;;;1;8;;;124;4.36;;;151;;
2025;servico-social;Centro Universitário de Belo Horizonte;MG;201;Privada;;;201-250;8.79;;;201-250;1.58;;;201-250;1.67;;;84;5.54;;;190;;
2025;servico-social;Faculdade São Francisco de Assis;RS;201;Privada;;;201-250;10.93;;;119;4.56;;;201-250;1.81;;;117;4.56;;;175;;
2025;servico-social;Faculdade Maranhense São José Dos Cocais;MA;201;Privada;;;201-250;8.29;;;251-300;0.56;;;201-250;1.61;;;201-250;1.9;;;193;66;4.22
2025;servico-social;Centro Universitário Cearense;CE;201;Privada;;;201-250;8.56;;;123;4.44;;;251-300;0.12;;;251-300;0.47;;;192;91;3.53
2025;servico-social;Centro Universitário de Patos;PB;201;Privada;;;201-250;11.03;;;91;5.37;;;201-250;1.1;;;180;2.7;;;173;152;1.86
2025;servico-social;Faculdade Teológica e Filosófica;CE;201;Privada;;;201-250;9.84;;;201-250;1.78;;;1;8;;;251-300;0.06;;;181;;
2025;servico-social;Centro de Ensino Superior de Bacabeira;MA;201;Privada;;;201-250;9.65;;;251-300;0.56;;;196;2.2;;;201-250;0.89;;;182;1;6
2025;servico-social;Centro Universitário Multiversa do Vale do Jaguaribe;CE;201;Privada;;;201-250;10.4;;;93;5.31;;;168;3.03;;;201-250;1.48;;;179;199;0.58
2025;servico-social;Faculdade de Educação e Tecnologia da Amazônia;PA;201;Privada;;;201-250;10.42;;;82;5.64;;;152;3.51;;;201-250;1.27;;;178;;
2025;servico-social;Faculdades Itecne de Cascavel;PR;201;Privada;;;183;12;;;143;3.85;;;1;8;;;251-300;0.15;;;165;;
2025;servico-social;Centro Universitário Gama e Souza;RJ;201;Privada;;;140;14.26;;;201-250;1.31;;;1;8;;;104;4.95;;;145;;
2025;servico-social;Centro Universitário Santa Amélia;PR;201;Privada;;;138;14.46;;;143;3.85;;;155;3.42;;;142;3.82;;;144;97;3.37
2025;servico-social;Faculdade do Complexo Educacional Santo André;RN;201;Privada;;;175;12.33;;;158;3.42;;;152;3.51;;;201-250;1.51;;;160;78;3.89
2025;servico-social;Faculdade Anísio Teixeira de Feira de Santana;BA;201;Privada;;;196;11.17;;;181;2.75;;;1;8;;;251-300;0.39;;;172;201-250;0.03
2025;servico-social;Faculdade Princesa do Oeste;CE;201;Privada;;;151;13.45;;;201-250;1.78;;;1;8;;;201-250;1.42;;;152;138;2.25
2025;servico-social;Centro Universitário de Salvador;BA;201;Privada;;;155;13.2;;;181;2.75;;;1;8;;;201-250;1.9;;;155;200;0.55
2025;servico-social;Centro Universitário Maurício de Nassau de Parnaíba;PI;201;Privada;;;178;12.27;;;107;4.91;;;182;2.62;;;197;2.19;;;162;127;2.55
2025;servico-social;Faculdades Famep-PI;PI;201;Privada;;;184;11.9;;;201-250;1.14;;;1;8;;;178;2.76;;;166;;
2025;servico-social;Faculdade do Maciço do Baturité;CE;201;Privada;;;180;12.13;;;164;3.24;;;148;3.63;;;201-250;0.68;;;163;53;4.58
2025;servico-social;Faculdade Estácio do Rio Grande do Norte;RN;201;Privada;;;201-250;10.67;;;158;3.42;;;155;3.42;;;162;3.23;;;176;198;0.6
2025;servico-social;Faculdade Anhanguera de Itabuna;BA;201;Privada;;;167;12.67;;;181;2.75;;;124;4.34;;;89;5.39;;;159;201-250;0.19
2025;servico-social;Faculdades Integradas Simonsen;RJ;201;Privada;;;192;11.42;;;201-250;1.93;;;168;3.03;;;152;3.53;;;170;113;2.93
2025;servico-social;Faculdades Ipede PI;PI;251;Privada;;;201-250;6.62;;;201-250;1.14;;;201-250;0.63;;;;;;;198;43;4.85
2025;servico-social;Faculdade Regional de Minas Gerais;MG;251;Privada;;;251-300;2.97;;;201-250;1.58;;;201-250;0.77;;;201-250;0.62;;;201-250;;
2025;servico-social;Faculdades Integradas de Fernandópolis;SP;251;Privada;;;251-300;4.53;;;201-250;0.88;;;201-250;1.49;;;198;2.16;;;201-250;;
2025;servico-social;Faculdades Integradas Stella Maris de Andradina;SP;251;Privada;;;251-300;6.42;;;132;4.18;;;251-300;0.21;;;201-250;0.8;;;200;175;1.23
2025;servico-social;Centro Universitário Maurício de Nassau de Caruaru;PE;251;Privada;;;251-300;4.87;;;251-300;0.35;;;193;2.29;;;201-250;1.9;;;201-250;201-250;0.33
2025;servico-social;Centro Univeritário UniVOLTAIRE;AC;251;Privada;;;251-300;5.33;;;200;2.19;;;251-300;0.42;;;201-250;0.83;;;201-250;151;1.89
2025;servico-social;Centro Universitário Unihorizontes;MG;251;Privada;;;201-250;8.2;;;128;4.29;;;251-300;0.3;;;188;2.46;;;194;178;1.15
2025;servico-social;Faculdade do Oeste Potiguar;RN;251;Privada;;;251-300;5.11;;;158;3.42;;;201-250;0.77;;;201-250;0.92;;;201-250;;
2025;servico-social;Faculdade Lusitana de Pernambuco;PE;251;Privada;;;251-300;5.91;;;251-300;0.35;;;193;2.29;;;201-250;1.9;;;201-250;170;1.37
2025;servico-social;Faculdades de Educação, Gestão e Saúde Unifuturo;PB;251;Privada;;;251-300;2.86;;;201-250;1.49;;;251-300;0.18;;;201-250;1.19;;;201-250;;
2025;servico-social;Faculdade de Ciências e Tecnologia de Teresina;PI;251;Privada;;;201-250;7.23;;;201-250;1.14;;;130;4.16;;;201-250;1.93;;;195;;
2025;servico-social;Faculdade Católica da Paraíba;PB;251;Privada;;;251-300;2.91;;;251-300;0.61;;;201-250;0.63;;;251-300;0.24;;;201-250;168;1.43
2025;servico-social;Faculdade de Ciências e Letras de Bragança Paulista;SP;251;Municipal;;;201-250;7.84;;;34;7.04;;;251-300;0.03;;;201-250;0.77;;;58;;
2025;servico-social;Faculdade do Recife;PE;251;Privada;;;251-300;2.67;;;251-300;0.35;;;251-300;0.06;;;201-250;1.9;;;201-250;201-250;0.36
2025;servico-social;Faculdade Internacional da Paraíba;PB;251;Privada;;;251-300;5.88;;;201-250;1.87;;;201-250;0.65;;;174;2.87;;;201-250;201-250;0.49
2025;servico-social;Faculdade Ibiapaba;CE;251;Privada;;;251-300;2.08;;;201-250;1.78;;;251-300;0.09;;;251-300;0.21;;;201-250;;
2025;servico-social;Faculdade Birigui;SP;251;Privada;;;251-300;0.88;;;201-250;0.88;;;;;;;;;;;201-250;;
2025;servico-social;Faculdade de Piracanjuba;GO;251;Privada;;;251-300;4.84;;;196;2.31;;;201-250;0.63;;;201-250;1.9;;;201-250;;
2025;servico-social;Centro Universitário Maurício de Nassau Derby;PE;251;Privada;;;251-300;1.94;;;251-300;0.35;;;;;;;;;;;201-250;162;1.59
2025;servico-social;Instituto de Ensino Superior do Sul do Maranhão;MA;251;Privada;;;251-300;4.88;;;201-250;1.84;;;201-250;1.07;;;201-250;0.71;;;201-250;174;1.26
2025;servico-social;Faculdade Uniftb;SE;251;Privada;;;251-300;0.53;;;251-300;0.35;;;;;;;251-300;0.18;;;201-250;;
2025;servico-social;Faculdade de Olinda;PE;251;Privada;;;201-250;7.07;;;95;5.26;;;251-300;0.27;;;201-250;1.54;;;196;;
2025;servico-social;Faculdade Salesiana Dom Bosco;AM;251;Privada;;;201-250;6.44;;;168;3.12;;;201-250;0.71;;;183;2.61;;;199;;
2025;servico-social;Faculdade Santa Fé;MA;251;Privada;;;201-250;6.74;;;194;2.37;;;155;3.42;;;201-250;0.95;;;197;;
